version,1.6.0
info,balls_per_over,6
info,team,Hobart Hurricanes
info,team,Melbourne Stars
info,gender,male
info,season,2016/17
info,date,2016/12/26
info,event,Big Bash League
info,match_number,6
info,venue,Bellerive Oval
info,city,Hobart
info,toss_winner,Hobart Hurricanes
info,toss_decision,bat
info,player_of_match,RJ Quiney
info,umpire,GC Joshua
info,umpire,P Wilson
info,reserve_umpire,DR Close
info,tv_umpire,SAJ Craig
info,match_referee,SR Bernard
info,winner,Melbourne Stars
info,winner_wickets,7
info,player,Hobart Hurricanes,TD Paine
info,player,Hobart Hurricanes,DJM Short
info,player,Hobart Hurricanes,DP Michael
info,player,Hobart Hurricanes,KC Sangakkara
info,player,Hobart Hurricanes,GJ Bailey
info,player,Hobart Hurricanes,DT Christian
info,player,Hobart Hurricanes,SCJ Broad
info,player,Hobart Hurricanes,CA Rose
info,player,Hobart Hurricanes,CJ Boyce
info,player,Hobart Hurricanes,HP Kingston
info,player,Hobart Hurricanes,SW Tait
info,player,Melbourne Stars,RJ Quiney
info,player,Melbourne Stars,LJ Wright
info,player,Melbourne Stars,GJ Maxwell
info,player,Melbourne Stars,DJ Hussey
info,player,Melbourne Stars,JP Faulkner
info,player,Melbourne Stars,BW Hilfenhaus
info,player,Melbourne Stars,SM Boland
info,player,Melbourne Stars,SB Harper
info,player,Melbourne Stars,MP Stoinis
info,player,Melbourne Stars,MA Beer
info,player,Melbourne Stars,A Zampa
info,registry,people,A Zampa,14f96089
info,registry,people,BW Hilfenhaus,f3171936
info,registry,people,CA Rose,7517d134
info,registry,people,CJ Boyce,51a60c16
info,registry,people,DJ Hussey,fd835ab3
info,registry,people,DJM Short,1a156c88
info,registry,people,DP Michael,9815de17
info,registry,people,DR Close,4cae2b0c
info,registry,people,DT Christian,2a2e6343
info,registry,people,GC Joshua,4c47ebf2
info,registry,people,GJ Bailey,5056011d
info,registry,people,GJ Maxwell,b681e71e
info,registry,people,HP Kingston,c89e4c9f
info,registry,people,JP Faulkner,808f425a
info,registry,people,KC Sangakkara,6b71e6cf
info,registry,people,LJ Wright,cca50cd6
info,registry,people,MA Beer,f60dc2a5
info,registry,people,MP Stoinis,d9273ee7
info,registry,people,P Wilson,68304a36
info,registry,people,RJ Quiney,23ac69e6
info,registry,people,SAJ Craig,689f2eed
info,registry,people,SB Harper,a756e61a
info,registry,people,SCJ Broad,eba6a852
info,registry,people,SM Boland,d167edd3
info,registry,people,SR Bernard,800187dc
info,registry,people,SW Tait,addfb70e
info,registry,people,TD Paine,5748e866
ball,1,0.1,Hobart Hurricanes,TD Paine,DJM Short,MA Beer,4,0,,,,,,"",""
ball,1,0.2,Hobart Hurricanes,TD Paine,DJM Short,MA Beer,1,0,,,,,,"",""
ball,1,0.3,Hobart Hurricanes,DJM Short,TD Paine,MA Beer,1,0,,,,,,"",""
ball,1,0.4,Hobart Hurricanes,TD Paine,DJM Short,MA Beer,0,0,,,,,,"",""
ball,1,0.5,Hobart Hurricanes,TD Paine,DJM Short,MA Beer,0,0,,,,,,"",""
ball,1,0.6,Hobart Hurricanes,TD Paine,DJM Short,MA Beer,0,0,,,,,,"",""
ball,1,1.1,Hobart Hurricanes,DJM Short,TD Paine,BW Hilfenhaus,0,0,,,,,,bowled,DJM Short
ball,1,1.2,Hobart Hurricanes,DP Michael,TD Paine,BW Hilfenhaus,0,0,,,,,,bowled,DP Michael
ball,1,1.3,Hobart Hurricanes,KC Sangakkara,TD Paine,BW Hilfenhaus,4,1,,1,,,,"",""
ball,1,1.4,Hobart Hurricanes,KC Sangakkara,TD Paine,BW Hilfenhaus,1,0,,,,,,"",""
ball,1,1.5,Hobart Hurricanes,TD Paine,KC Sangakkara,BW Hilfenhaus,0,0,,,,,,"",""
ball,1,1.6,Hobart Hurricanes,TD Paine,KC Sangakkara,BW Hilfenhaus,4,0,,,,,,"",""
ball,1,1.7,Hobart Hurricanes,TD Paine,KC Sangakkara,BW Hilfenhaus,0,0,,,,,,"",""
ball,1,2.1,Hobart Hurricanes,KC Sangakkara,TD Paine,MA Beer,1,0,,,,,,"",""
ball,1,2.2,Hobart Hurricanes,TD Paine,KC Sangakkara,MA Beer,1,0,,,,,,"",""
ball,1,2.3,Hobart Hurricanes,KC Sangakkara,TD Paine,MA Beer,1,0,,,,,,"",""
ball,1,2.4,Hobart Hurricanes,TD Paine,KC Sangakkara,MA Beer,1,0,,,,,,"",""
ball,1,2.5,Hobart Hurricanes,KC Sangakkara,TD Paine,MA Beer,1,0,,,,,,"",""
ball,1,2.6,Hobart Hurricanes,TD Paine,KC Sangakkara,MA Beer,0,0,,,,,,"",""
ball,1,3.1,Hobart Hurricanes,KC Sangakkara,TD Paine,BW Hilfenhaus,2,0,,,,,,"",""
ball,1,3.2,Hobart Hurricanes,KC Sangakkara,TD Paine,BW Hilfenhaus,1,0,,,,,,"",""
ball,1,3.3,Hobart Hurricanes,TD Paine,KC Sangakkara,BW Hilfenhaus,0,0,,,,,,"",""
ball,1,3.4,Hobart Hurricanes,TD Paine,KC Sangakkara,BW Hilfenhaus,0,0,,,,,,"",""
ball,1,3.5,Hobart Hurricanes,TD Paine,KC Sangakkara,BW Hilfenhaus,3,0,,,,,,"",""
ball,1,3.6,Hobart Hurricanes,KC Sangakkara,TD Paine,BW Hilfenhaus,4,0,,,,,,"",""
ball,1,4.1,Hobart Hurricanes,TD Paine,KC Sangakkara,GJ Maxwell,0,0,,,,,,"",""
ball,1,4.2,Hobart Hurricanes,TD Paine,KC Sangakkara,GJ Maxwell,0,1,,,,1,,"",""
ball,1,4.3,Hobart Hurricanes,KC Sangakkara,TD Paine,GJ Maxwell,0,0,,,,,,caught,KC Sangakkara
ball,1,4.4,Hobart Hurricanes,TD Paine,GJ Bailey,GJ Maxwell,1,0,,,,,,"",""
ball,1,4.5,Hobart Hurricanes,GJ Bailey,TD Paine,GJ Maxwell,1,0,,,,,,"",""
ball,1,4.6,Hobart Hurricanes,TD Paine,GJ Bailey,GJ Maxwell,0,0,,,,,,"",""
ball,1,5.1,Hobart Hurricanes,GJ Bailey,TD Paine,SM Boland,1,0,,,,,,"",""
ball,1,5.2,Hobart Hurricanes,TD Paine,GJ Bailey,SM Boland,0,0,,,,,,"",""
ball,1,5.3,Hobart Hurricanes,TD Paine,GJ Bailey,SM Boland,4,0,,,,,,"",""
ball,1,5.4,Hobart Hurricanes,TD Paine,GJ Bailey,SM Boland,1,0,,,,,,"",""
ball,1,5.5,Hobart Hurricanes,GJ Bailey,TD Paine,SM Boland,0,0,,,,,,"",""
ball,1,5.6,Hobart Hurricanes,GJ Bailey,TD Paine,SM Boland,2,0,,,,,,"",""
ball,1,6.1,Hobart Hurricanes,TD Paine,GJ Bailey,A Zampa,1,0,,,,,,"",""
ball,1,6.2,Hobart Hurricanes,GJ Bailey,TD Paine,A Zampa,1,0,,,,,,"",""
ball,1,6.3,Hobart Hurricanes,TD Paine,GJ Bailey,A Zampa,2,0,,,,,,"",""
ball,1,6.4,Hobart Hurricanes,TD Paine,GJ Bailey,A Zampa,0,0,,,,,,"",""
ball,1,6.5,Hobart Hurricanes,TD Paine,GJ Bailey,A Zampa,1,0,,,,,,"",""
ball,1,6.6,Hobart Hurricanes,GJ Bailey,TD Paine,A Zampa,1,0,,,,,,"",""
ball,1,7.1,Hobart Hurricanes,GJ Bailey,TD Paine,JP Faulkner,1,0,,,,,,"",""
ball,1,7.2,Hobart Hurricanes,TD Paine,GJ Bailey,JP Faulkner,2,0,,,,,,"",""
ball,1,7.3,Hobart Hurricanes,TD Paine,GJ Bailey,JP Faulkner,4,0,,,,,,"",""
ball,1,7.4,Hobart Hurricanes,TD Paine,GJ Bailey,JP Faulkner,1,0,,,,,,"",""
ball,1,7.5,Hobart Hurricanes,GJ Bailey,TD Paine,JP Faulkner,6,0,,,,,,"",""
ball,1,7.6,Hobart Hurricanes,GJ Bailey,TD Paine,JP Faulkner,0,0,,,,,,"",""
ball,1,8.1,Hobart Hurricanes,TD Paine,GJ Bailey,A Zampa,0,0,,,,,,"",""
ball,1,8.2,Hobart Hurricanes,TD Paine,GJ Bailey,A Zampa,4,0,,,,,,"",""
ball,1,8.3,Hobart Hurricanes,TD Paine,GJ Bailey,A Zampa,2,0,,,,,,"",""
ball,1,8.4,Hobart Hurricanes,TD Paine,GJ Bailey,A Zampa,0,0,,,,,,"",""
ball,1,8.5,Hobart Hurricanes,TD Paine,GJ Bailey,A Zampa,1,0,,,,,,"",""
ball,1,8.6,Hobart Hurricanes,GJ Bailey,TD Paine,A Zampa,2,0,,,,,,"",""
ball,1,9.1,Hobart Hurricanes,TD Paine,GJ Bailey,GJ Maxwell,2,0,,,,,,"",""
ball,1,9.2,Hobart Hurricanes,TD Paine,GJ Bailey,GJ Maxwell,1,0,,,,,,"",""
ball,1,9.3,Hobart Hurricanes,GJ Bailey,TD Paine,GJ Maxwell,1,0,,,,,,"",""
ball,1,9.4,Hobart Hurricanes,TD Paine,GJ Bailey,GJ Maxwell,1,0,,,,,,"",""
ball,1,9.5,Hobart Hurricanes,GJ Bailey,TD Paine,GJ Maxwell,1,0,,,,,,"",""
ball,1,9.6,Hobart Hurricanes,TD Paine,GJ Bailey,GJ Maxwell,4,0,,,,,,"",""
ball,1,10.1,Hobart Hurricanes,GJ Bailey,TD Paine,A Zampa,1,0,,,,,,"",""
ball,1,10.2,Hobart Hurricanes,TD Paine,GJ Bailey,A Zampa,0,0,,,,,,"",""
ball,1,10.3,Hobart Hurricanes,TD Paine,GJ Bailey,A Zampa,1,0,,,,,,"",""
ball,1,10.4,Hobart Hurricanes,GJ Bailey,TD Paine,A Zampa,0,2,2,,,,,"",""
ball,1,10.5,Hobart Hurricanes,TD Paine,GJ Bailey,A Zampa,4,0,,,,,,"",""
ball,1,10.6,Hobart Hurricanes,TD Paine,GJ Bailey,A Zampa,1,0,,,,,,"",""
ball,1,10.7,Hobart Hurricanes,GJ Bailey,TD Paine,A Zampa,0,0,,,,,,"",""
ball,1,11.1,Hobart Hurricanes,TD Paine,GJ Bailey,JP Faulkner,1,0,,,,,,"",""
ball,1,11.2,Hobart Hurricanes,GJ Bailey,TD Paine,JP Faulkner,1,0,,,,,,"",""
ball,1,11.3,Hobart Hurricanes,TD Paine,GJ Bailey,JP Faulkner,2,0,,,,,,"",""
ball,1,11.4,Hobart Hurricanes,TD Paine,GJ Bailey,JP Faulkner,4,0,,,,,,"",""
ball,1,11.5,Hobart Hurricanes,TD Paine,GJ Bailey,JP Faulkner,1,0,,,,,,"",""
ball,1,11.6,Hobart Hurricanes,GJ Bailey,TD Paine,JP Faulkner,1,0,,,,,,"",""
ball,1,12.1,Hobart Hurricanes,GJ Bailey,TD Paine,MA Beer,0,0,,,,,,"",""
ball,1,12.2,Hobart Hurricanes,GJ Bailey,TD Paine,MA Beer,6,0,,,,,,"",""
ball,1,12.3,Hobart Hurricanes,GJ Bailey,TD Paine,MA Beer,0,0,,,,,,"",""
ball,1,12.4,Hobart Hurricanes,GJ Bailey,TD Paine,MA Beer,1,0,,,,,,"",""
ball,1,12.5,Hobart Hurricanes,TD Paine,GJ Bailey,MA Beer,1,0,,,,,,"",""
ball,1,12.6,Hobart Hurricanes,GJ Bailey,TD Paine,MA Beer,1,0,,,,,,"",""
ball,1,13.1,Hobart Hurricanes,GJ Bailey,TD Paine,SM Boland,2,0,,,,,,"",""
ball,1,13.2,Hobart Hurricanes,GJ Bailey,TD Paine,SM Boland,0,0,,,,,,"",""
ball,1,13.3,Hobart Hurricanes,GJ Bailey,TD Paine,SM Boland,1,0,,,,,,"",""
ball,1,13.4,Hobart Hurricanes,TD Paine,GJ Bailey,SM Boland,1,0,,,,,,"",""
ball,1,13.5,Hobart Hurricanes,GJ Bailey,TD Paine,SM Boland,1,0,,,,,,"",""
ball,1,13.6,Hobart Hurricanes,TD Paine,GJ Bailey,SM Boland,1,0,,,,,,"",""
ball,1,14.1,Hobart Hurricanes,TD Paine,GJ Bailey,A Zampa,3,0,,,,,,"",""
ball,1,14.2,Hobart Hurricanes,GJ Bailey,TD Paine,A Zampa,1,0,,,,,,"",""
ball,1,14.3,Hobart Hurricanes,TD Paine,GJ Bailey,A Zampa,6,0,,,,,,"",""
ball,1,14.4,Hobart Hurricanes,TD Paine,GJ Bailey,A Zampa,1,0,,,,,,"",""
ball,1,14.5,Hobart Hurricanes,GJ Bailey,TD Paine,A Zampa,6,0,,,,,,"",""
ball,1,14.6,Hobart Hurricanes,GJ Bailey,TD Paine,A Zampa,0,0,,,,,,"",""
ball,1,15.1,Hobart Hurricanes,TD Paine,GJ Bailey,MP Stoinis,0,1,,,,1,,"",""
ball,1,15.2,Hobart Hurricanes,GJ Bailey,TD Paine,MP Stoinis,4,0,,,,,,"",""
ball,1,15.3,Hobart Hurricanes,GJ Bailey,TD Paine,MP Stoinis,4,0,,,,,,"",""
ball,1,15.4,Hobart Hurricanes,GJ Bailey,TD Paine,MP Stoinis,1,0,,,,,,"",""
ball,1,15.5,Hobart Hurricanes,TD Paine,GJ Bailey,MP Stoinis,4,0,,,,,,"",""
ball,1,15.6,Hobart Hurricanes,TD Paine,GJ Bailey,MP Stoinis,4,0,,,,,,"",""
ball,1,16.1,Hobart Hurricanes,GJ Bailey,TD Paine,BW Hilfenhaus,1,0,,,,,,"",""
ball,1,16.2,Hobart Hurricanes,TD Paine,GJ Bailey,BW Hilfenhaus,1,0,,,,,,"",""
ball,1,16.3,Hobart Hurricanes,GJ Bailey,TD Paine,BW Hilfenhaus,1,0,,,,,,"",""
ball,1,16.4,Hobart Hurricanes,TD Paine,GJ Bailey,BW Hilfenhaus,1,0,,,,,,"",""
ball,1,16.5,Hobart Hurricanes,GJ Bailey,TD Paine,BW Hilfenhaus,0,0,,,,,,"",""
ball,1,16.6,Hobart Hurricanes,GJ Bailey,TD Paine,BW Hilfenhaus,2,0,,,,,,"",""
ball,1,17.1,Hobart Hurricanes,TD Paine,GJ Bailey,SM Boland,1,0,,,,,,"",""
ball,1,17.2,Hobart Hurricanes,GJ Bailey,TD Paine,SM Boland,1,0,,,,,,"",""
ball,1,17.3,Hobart Hurricanes,TD Paine,GJ Bailey,SM Boland,4,0,,,,,,"",""
ball,1,17.4,Hobart Hurricanes,TD Paine,GJ Bailey,SM Boland,2,0,,,,,,"",""
ball,1,17.5,Hobart Hurricanes,TD Paine,GJ Bailey,SM Boland,1,0,,,,,,"",""
ball,1,17.6,Hobart Hurricanes,GJ Bailey,TD Paine,SM Boland,1,0,,,,,,"",""
ball,1,18.1,Hobart Hurricanes,GJ Bailey,TD Paine,BW Hilfenhaus,4,0,,,,,,"",""
ball,1,18.2,Hobart Hurricanes,GJ Bailey,TD Paine,BW Hilfenhaus,6,0,,,,,,"",""
ball,1,18.3,Hobart Hurricanes,GJ Bailey,TD Paine,BW Hilfenhaus,0,0,,,,,,"",""
ball,1,18.4,Hobart Hurricanes,GJ Bailey,TD Paine,BW Hilfenhaus,1,0,,,,,,"",""
ball,1,18.5,Hobart Hurricanes,TD Paine,GJ Bailey,BW Hilfenhaus,0,0,,,,,,caught,TD Paine
ball,1,18.6,Hobart Hurricanes,GJ Bailey,DT Christian,BW Hilfenhaus,1,0,,,,,,"",""
ball,1,19.1,Hobart Hurricanes,GJ Bailey,DT Christian,SM Boland,4,0,,,,,,"",""
ball,1,19.2,Hobart Hurricanes,GJ Bailey,DT Christian,SM Boland,2,0,,,,,,"",""
ball,1,19.3,Hobart Hurricanes,GJ Bailey,DT Christian,SM Boland,1,0,,,,,,"",""
ball,1,19.4,Hobart Hurricanes,DT Christian,GJ Bailey,SM Boland,0,1,,,,1,,"",""
ball,1,19.5,Hobart Hurricanes,GJ Bailey,DT Christian,SM Boland,1,0,,,,,,"",""
ball,1,19.6,Hobart Hurricanes,DT Christian,GJ Bailey,SM Boland,1,0,,,,,,"",""
ball,2,0.1,Melbourne Stars,RJ Quiney,LJ Wright,CA Rose,0,0,,,,,,"",""
ball,2,0.2,Melbourne Stars,RJ Quiney,LJ Wright,CA Rose,1,0,,,,,,"",""
ball,2,0.3,Melbourne Stars,LJ Wright,RJ Quiney,CA Rose,1,0,,,,,,"",""
ball,2,0.4,Melbourne Stars,RJ Quiney,LJ Wright,CA Rose,0,1,,,,1,,"",""
ball,2,0.5,Melbourne Stars,LJ Wright,RJ Quiney,CA Rose,0,2,,,,2,,"",""
ball,2,0.6,Melbourne Stars,LJ Wright,RJ Quiney,CA Rose,1,0,,,,,,"",""
ball,2,1.1,Melbourne Stars,LJ Wright,RJ Quiney,SW Tait,1,0,,,,,,"",""
ball,2,1.2,Melbourne Stars,RJ Quiney,LJ Wright,SW Tait,0,1,1,,,,,"",""
ball,2,1.3,Melbourne Stars,RJ Quiney,LJ Wright,SW Tait,0,1,,,,1,,"",""
ball,2,1.4,Melbourne Stars,LJ Wright,RJ Quiney,SW Tait,4,0,,,,,,"",""
ball,2,1.5,Melbourne Stars,LJ Wright,RJ Quiney,SW Tait,4,0,,,,,,"",""
ball,2,1.6,Melbourne Stars,LJ Wright,RJ Quiney,SW Tait,2,0,,,,,,"",""
ball,2,1.7,Melbourne Stars,LJ Wright,RJ Quiney,SW Tait,4,0,,,,,,"",""
ball,2,2.1,Melbourne Stars,RJ Quiney,LJ Wright,CA Rose,4,0,,,,,,"",""
ball,2,2.2,Melbourne Stars,RJ Quiney,LJ Wright,CA Rose,0,0,,,,,,"",""
ball,2,2.3,Melbourne Stars,RJ Quiney,LJ Wright,CA Rose,1,0,,,,,,"",""
ball,2,2.4,Melbourne Stars,LJ Wright,RJ Quiney,CA Rose,0,0,,,,,,"",""
ball,2,2.5,Melbourne Stars,LJ Wright,RJ Quiney,CA Rose,1,0,,,,,,"",""
ball,2,2.6,Melbourne Stars,RJ Quiney,LJ Wright,CA Rose,1,0,,,,,,"",""
ball,2,3.1,Melbourne Stars,RJ Quiney,LJ Wright,SCJ Broad,4,0,,,,,,"",""
ball,2,3.2,Melbourne Stars,RJ Quiney,LJ Wright,SCJ Broad,2,0,,,,,,"",""
ball,2,3.3,Melbourne Stars,RJ Quiney,LJ Wright,SCJ Broad,1,0,,,,,,"",""
ball,2,3.4,Melbourne Stars,LJ Wright,RJ Quiney,SCJ Broad,0,0,,,,,,"",""
ball,2,3.5,Melbourne Stars,LJ Wright,RJ Quiney,SCJ Broad,4,0,,,,,,"",""
ball,2,3.6,Melbourne Stars,LJ Wright,RJ Quiney,SCJ Broad,0,0,,,,,,"",""
ball,2,4.1,Melbourne Stars,RJ Quiney,LJ Wright,HP Kingston,3,0,,,,,,"",""
ball,2,4.2,Melbourne Stars,LJ Wright,RJ Quiney,HP Kingston,4,0,,,,,,"",""
ball,2,4.3,Melbourne Stars,LJ Wright,RJ Quiney,HP Kingston,2,0,,,,,,"",""
ball,2,4.4,Melbourne Stars,LJ Wright,RJ Quiney,HP Kingston,0,0,,,,,,"",""
ball,2,4.5,Melbourne Stars,LJ Wright,RJ Quiney,HP Kingston,4,0,,,,,,"",""
ball,2,4.6,Melbourne Stars,LJ Wright,RJ Quiney,HP Kingston,1,0,,,,,,"",""
ball,2,5.1,Melbourne Stars,LJ Wright,RJ Quiney,CA Rose,0,0,,,,,,"",""
ball,2,5.2,Melbourne Stars,LJ Wright,RJ Quiney,CA Rose,0,0,,,,,,"",""
ball,2,5.3,Melbourne Stars,LJ Wright,RJ Quiney,CA Rose,0,0,,,,,,"",""
ball,2,5.4,Melbourne Stars,LJ Wright,RJ Quiney,CA Rose,2,0,,,,,,"",""
ball,2,5.5,Melbourne Stars,LJ Wright,RJ Quiney,CA Rose,4,0,,,,,,"",""
ball,2,5.6,Melbourne Stars,LJ Wright,RJ Quiney,CA Rose,1,0,,,,,,"",""
ball,2,6.1,Melbourne Stars,LJ Wright,RJ Quiney,CJ Boyce,1,0,,,,,,"",""
ball,2,6.2,Melbourne Stars,RJ Quiney,LJ Wright,CJ Boyce,2,0,,,,,,"",""
ball,2,6.3,Melbourne Stars,RJ Quiney,LJ Wright,CJ Boyce,2,0,,,,,,"",""
ball,2,6.4,Melbourne Stars,RJ Quiney,LJ Wright,CJ Boyce,0,1,,,,1,,"",""
ball,2,6.5,Melbourne Stars,LJ Wright,RJ Quiney,CJ Boyce,1,0,,,,,,"",""
ball,2,6.6,Melbourne Stars,RJ Quiney,LJ Wright,CJ Boyce,1,0,,,,,,"",""
ball,2,7.1,Melbourne Stars,RJ Quiney,LJ Wright,SCJ Broad,0,0,,,,,,"",""
ball,2,7.2,Melbourne Stars,RJ Quiney,LJ Wright,SCJ Broad,4,0,,,,,,"",""
ball,2,7.3,Melbourne Stars,RJ Quiney,LJ Wright,SCJ Broad,2,0,,,,,,"",""
ball,2,7.4,Melbourne Stars,RJ Quiney,LJ Wright,SCJ Broad,1,0,,,,,,"",""
ball,2,7.5,Melbourne Stars,LJ Wright,RJ Quiney,SCJ Broad,2,0,,,,,,"",""
ball,2,7.6,Melbourne Stars,LJ Wright,RJ Quiney,SCJ Broad,4,0,,,,,,"",""
ball,2,8.1,Melbourne Stars,RJ Quiney,LJ Wright,CJ Boyce,4,0,,,,,,"",""
ball,2,8.2,Melbourne Stars,RJ Quiney,LJ Wright,CJ Boyce,1,0,,,,,,"",""
ball,2,8.3,Melbourne Stars,LJ Wright,RJ Quiney,CJ Boyce,0,0,,,,,,bowled,LJ Wright
ball,2,8.4,Melbourne Stars,GJ Maxwell,RJ Quiney,CJ Boyce,1,0,,,,,,"",""
ball,2,8.5,Melbourne Stars,RJ Quiney,GJ Maxwell,CJ Boyce,0,0,,,,,,"",""
ball,2,8.6,Melbourne Stars,RJ Quiney,GJ Maxwell,CJ Boyce,0,0,,,,,,"",""
ball,2,9.1,Melbourne Stars,GJ Maxwell,RJ Quiney,SW Tait,1,0,,,,,,"",""
ball,2,9.2,Melbourne Stars,RJ Quiney,GJ Maxwell,SW Tait,1,0,,,,,,"",""
ball,2,9.3,Melbourne Stars,GJ Maxwell,RJ Quiney,SW Tait,1,0,,,,,,"",""
ball,2,9.4,Melbourne Stars,RJ Quiney,GJ Maxwell,SW Tait,0,1,1,,,,,"",""
ball,2,9.5,Melbourne Stars,RJ Quiney,GJ Maxwell,SW Tait,1,0,,,,,,"",""
ball,2,9.6,Melbourne Stars,GJ Maxwell,RJ Quiney,SW Tait,1,0,,,,,,"",""
ball,2,9.7,Melbourne Stars,RJ Quiney,GJ Maxwell,SW Tait,6,0,,,,,,"",""
ball,2,10.1,Melbourne Stars,GJ Maxwell,RJ Quiney,CJ Boyce,1,0,,,,,,"",""
ball,2,10.2,Melbourne Stars,RJ Quiney,GJ Maxwell,CJ Boyce,6,0,,,,,,"",""
ball,2,10.3,Melbourne Stars,RJ Quiney,GJ Maxwell,CJ Boyce,0,0,,,,,,"",""
ball,2,10.4,Melbourne Stars,RJ Quiney,GJ Maxwell,CJ Boyce,1,0,,,,,,"",""
ball,2,10.5,Melbourne Stars,GJ Maxwell,RJ Quiney,CJ Boyce,1,0,,,,,,"",""
ball,2,10.6,Melbourne Stars,RJ Quiney,GJ Maxwell,CJ Boyce,0,0,,,,,,"",""
ball,2,11.1,Melbourne Stars,GJ Maxwell,RJ Quiney,HP Kingston,1,0,,,,,,"",""
ball,2,11.2,Melbourne Stars,RJ Quiney,GJ Maxwell,HP Kingston,1,0,,,,,,"",""
ball,2,11.3,Melbourne Stars,GJ Maxwell,RJ Quiney,HP Kingston,4,0,,,,,,"",""
ball,2,11.4,Melbourne Stars,GJ Maxwell,RJ Quiney,HP Kingston,0,0,,,,,,"",""
ball,2,11.5,Melbourne Stars,GJ Maxwell,RJ Quiney,HP Kingston,2,0,,,,,,"",""
ball,2,11.6,Melbourne Stars,GJ Maxwell,RJ Quiney,HP Kingston,1,0,,,,,,"",""
ball,2,12.1,Melbourne Stars,GJ Maxwell,RJ Quiney,CJ Boyce,4,0,,,,,,"",""
ball,2,12.2,Melbourne Stars,GJ Maxwell,RJ Quiney,CJ Boyce,1,0,,,,,,"",""
ball,2,12.3,Melbourne Stars,RJ Quiney,GJ Maxwell,CJ Boyce,4,0,,,,,,"",""
ball,2,12.4,Melbourne Stars,RJ Quiney,GJ Maxwell,CJ Boyce,6,0,,,,,,"",""
ball,2,12.5,Melbourne Stars,RJ Quiney,GJ Maxwell,CJ Boyce,1,0,,,,,,"",""
ball,2,12.6,Melbourne Stars,GJ Maxwell,RJ Quiney,CJ Boyce,1,0,,,,,,"",""
ball,2,13.1,Melbourne Stars,GJ Maxwell,RJ Quiney,SW Tait,0,0,,,,,,"",""
ball,2,13.2,Melbourne Stars,GJ Maxwell,RJ Quiney,SW Tait,2,0,,,,,,"",""
ball,2,13.3,Melbourne Stars,GJ Maxwell,RJ Quiney,SW Tait,1,0,,,,,,"",""
ball,2,13.4,Melbourne Stars,RJ Quiney,GJ Maxwell,SW Tait,1,0,,,,,,"",""
ball,2,13.5,Melbourne Stars,GJ Maxwell,RJ Quiney,SW Tait,6,0,,,,,,"",""
ball,2,13.6,Melbourne Stars,GJ Maxwell,RJ Quiney,SW Tait,0,0,,,,,,"",""
ball,2,14.1,Melbourne Stars,RJ Quiney,GJ Maxwell,HP Kingston,0,0,,,,,,"",""
ball,2,14.2,Melbourne Stars,RJ Quiney,GJ Maxwell,HP Kingston,6,0,,,,,,"",""
ball,2,14.3,Melbourne Stars,RJ Quiney,GJ Maxwell,HP Kingston,0,0,,,,,,"",""
ball,2,14.4,Melbourne Stars,RJ Quiney,GJ Maxwell,HP Kingston,6,0,,,,,,"",""
ball,2,14.5,Melbourne Stars,RJ Quiney,GJ Maxwell,HP Kingston,1,0,,,,,,"",""
ball,2,14.6,Melbourne Stars,GJ Maxwell,RJ Quiney,HP Kingston,1,0,,,,,,"",""
ball,2,15.1,Melbourne Stars,GJ Maxwell,RJ Quiney,SCJ Broad,1,0,,,,,,"",""
ball,2,15.2,Melbourne Stars,RJ Quiney,GJ Maxwell,SCJ Broad,0,0,,,,,,"",""
ball,2,15.3,Melbourne Stars,RJ Quiney,GJ Maxwell,SCJ Broad,0,0,,,,,,caught,RJ Quiney
ball,2,15.4,Melbourne Stars,GJ Maxwell,DJ Hussey,SCJ Broad,4,0,,,,,,"",""
ball,2,15.5,Melbourne Stars,GJ Maxwell,DJ Hussey,SCJ Broad,1,0,,,,,,"",""
ball,2,15.6,Melbourne Stars,DJ Hussey,GJ Maxwell,SCJ Broad,1,0,,,,,,"",""
ball,2,16.1,Melbourne Stars,DJ Hussey,GJ Maxwell,SW Tait,0,1,,,,1,,"",""
ball,2,16.2,Melbourne Stars,GJ Maxwell,DJ Hussey,SW Tait,4,0,,,,,,"",""
ball,2,16.3,Melbourne Stars,GJ Maxwell,DJ Hussey,SW Tait,4,0,,,,,,"",""
ball,2,16.4,Melbourne Stars,GJ Maxwell,DJ Hussey,SW Tait,2,0,,,,,,"",""
ball,2,16.5,Melbourne Stars,GJ Maxwell,DJ Hussey,SW Tait,4,0,,,,,,"",""
ball,2,16.6,Melbourne Stars,GJ Maxwell,DJ Hussey,SW Tait,4,0,,,,,,"",""
ball,2,17.1,Melbourne Stars,DJ Hussey,GJ Maxwell,SCJ Broad,0,0,,,,,,"",""
ball,2,17.2,Melbourne Stars,DJ Hussey,GJ Maxwell,SCJ Broad,0,0,,,,,,caught,DJ Hussey
ball,2,17.3,Melbourne Stars,JP Faulkner,GJ Maxwell,SCJ Broad,0,1,,,,1,,"",""
ball,2,17.4,Melbourne Stars,GJ Maxwell,JP Faulkner,SCJ Broad,4,0,,,,,,"",""
