version,1.6.0
info,balls_per_over,6
info,team,Brisbane Heat
info,team,Perth Scorchers
info,gender,male
info,season,2016/17
info,date,2017/01/11
info,event,Big Bash League
info,match_number,23
info,venue,"Brisbane Cricket Ground, Woolloongabba"
info,city,Brisbane
info,toss_winner,Brisbane Heat
info,toss_decision,field
info,player_of_match,M Klinger
info,umpire,SD Fry
info,umpire,MW Graham-Smith
info,reserve_umpire,D Taylor
info,tv_umpire,DB Mealey
info,match_referee,D Talalla
info,winner,Perth Scorchers
info,winner_runs,27
info,player,Brisbane Heat,JJ Peirson
info,player,Brisbane Heat,BB McCullum
info,player,Brisbane Heat,SD Heazlett
info,player,Brisbane Heat,AI Ross
info,player,Brisbane Heat,JA Burns
info,player,Brisbane Heat,NJ Reardon
info,player,Brisbane Heat,BCJ Cutting
info,player,Brisbane Heat,JD Wildermuth
info,player,Brisbane Heat,MT Steketee
info,player,Brisbane Heat,MJ Swepson
info,player,Brisbane Heat,TS Mills
info,player,Perth Scorchers,SE Marsh
info,player,Perth Scorchers,M Klinger
info,player,Perth Scorchers,SM Whiteman
info,player,Perth Scorchers,IR Bell
info,player,Perth Scorchers,AJ Turner
info,player,Perth Scorchers,HWR Cartwright
info,player,Perth Scorchers,AC Agar
info,player,Perth Scorchers,TT Bresnan
info,player,Perth Scorchers,JA Richardson
info,player,Perth Scorchers,MG Johnson
info,player,Perth Scorchers,AJ Tye
info,player,Perth Scorchers,CT Bancroft
info,registry,people,AC Agar,a2421394
info,registry,people,AI Ross,fb0d68b4
info,registry,people,AJ Turner,ff1e12a0
info,registry,people,AJ Tye,7c7d63a2
info,registry,people,BB McCullum,b8a55852
info,registry,people,BCJ Cutting,2e11c706
info,registry,people,CT Bancroft,399b0b94
info,registry,people,D Talalla,dcfe6cdd
info,registry,people,D Taylor,b940a2b2
info,registry,people,DB Mealey,2199afd4
info,registry,people,HWR Cartwright,ab965cad
info,registry,people,IR Bell,33155d1b
info,registry,people,JA Burns,7a5f232a
info,registry,people,JA Richardson,1ee08e9a
info,registry,people,JD Wildermuth,f1c61793
info,registry,people,JJ Peirson,2b55c3b4
info,registry,people,M Klinger,b970a03f
info,registry,people,MG Johnson,f5180fe6
info,registry,people,MJ Swepson,86b4bf88
info,registry,people,MT Steketee,903560ed
info,registry,people,MW Graham-Smith,18aca3ce
info,registry,people,NJ Reardon,c7bdb5b5
info,registry,people,SD Fry,6b725ed1
info,registry,people,SD Heazlett,e00a9155
info,registry,people,SE Marsh,508a1ea7
info,registry,people,SM Whiteman,f4427cc6
info,registry,people,TS Mills,245c97cb
info,registry,people,TT Bresnan,58043739
ball,1,0.1,Perth Scorchers,SE Marsh,M Klinger,TS Mills,1,0,,,,,,"",""
ball,1,0.2,Perth Scorchers,M Klinger,SE Marsh,TS Mills,0,1,,,,1,,"",""
ball,1,0.3,Perth Scorchers,SE Marsh,M Klinger,TS Mills,0,0,,,,,,"",""
ball,1,0.4,Perth Scorchers,SE Marsh,M Klinger,TS Mills,4,0,,,,,,"",""
ball,1,0.5,Perth Scorchers,SE Marsh,M Klinger,TS Mills,1,0,,,,,,"",""
ball,1,0.6,Perth Scorchers,M Klinger,SE Marsh,TS Mills,0,1,1,,,,,"",""
ball,1,0.7,Perth Scorchers,M Klinger,SE Marsh,TS Mills,0,0,,,,,,"",""
ball,1,1.1,Perth Scorchers,SE Marsh,M Klinger,MT Steketee,2,0,,,,,,"",""
ball,1,1.2,Perth Scorchers,SE Marsh,M Klinger,MT Steketee,0,0,,,,,,caught,SE Marsh
ball,1,1.3,Perth Scorchers,SM Whiteman,M Klinger,MT Steketee,3,0,,,,,,"",""
ball,1,1.4,Perth Scorchers,M Klinger,SM Whiteman,MT Steketee,1,0,,,,,,"",""
ball,1,1.5,Perth Scorchers,SM Whiteman,M Klinger,MT Steketee,0,0,,,,,,"",""
ball,1,1.6,Perth Scorchers,SM Whiteman,M Klinger,MT Steketee,0,0,,,,,,"",""
ball,1,2.1,Perth Scorchers,M Klinger,SM Whiteman,TS Mills,0,0,,,,,,"",""
ball,1,2.2,Perth Scorchers,M Klinger,SM Whiteman,TS Mills,0,0,,,,,,"",""
ball,1,2.3,Perth Scorchers,M Klinger,SM Whiteman,TS Mills,1,0,,,,,,"",""
ball,1,2.4,Perth Scorchers,SM Whiteman,M Klinger,TS Mills,0,0,,,,,,"",""
ball,1,2.5,Perth Scorchers,SM Whiteman,M Klinger,TS Mills,0,1,,1,,,,"",""
ball,1,2.6,Perth Scorchers,SM Whiteman,M Klinger,TS Mills,1,0,,,,,,"",""
ball,1,2.7,Perth Scorchers,M Klinger,SM Whiteman,TS Mills,4,0,,,,,,"",""
ball,1,3.1,Perth Scorchers,SM Whiteman,M Klinger,MT Steketee,2,0,,,,,,"",""
ball,1,3.2,Perth Scorchers,SM Whiteman,M Klinger,MT Steketee,0,1,1,,,,,"",""
ball,1,3.3,Perth Scorchers,SM Whiteman,M Klinger,MT Steketee,0,0,,,,,,"",""
ball,1,3.4,Perth Scorchers,SM Whiteman,M Klinger,MT Steketee,0,0,,,,,,"",""
ball,1,3.5,Perth Scorchers,SM Whiteman,M Klinger,MT Steketee,2,0,,,,,,"",""
ball,1,3.6,Perth Scorchers,SM Whiteman,M Klinger,MT Steketee,2,0,,,,,,"",""
ball,1,3.7,Perth Scorchers,SM Whiteman,M Klinger,MT Steketee,0,0,,,,,,"",""
ball,1,4.1,Perth Scorchers,M Klinger,SM Whiteman,JD Wildermuth,1,0,,,,,,"",""
ball,1,4.2,Perth Scorchers,SM Whiteman,M Klinger,JD Wildermuth,2,0,,,,,,"",""
ball,1,4.3,Perth Scorchers,SM Whiteman,M Klinger,JD Wildermuth,0,0,,,,,,caught,SM Whiteman
ball,1,4.4,Perth Scorchers,M Klinger,IR Bell,JD Wildermuth,3,0,,,,,,"",""
ball,1,4.5,Perth Scorchers,IR Bell,M Klinger,JD Wildermuth,0,0,,,,,,"",""
ball,1,4.6,Perth Scorchers,IR Bell,M Klinger,JD Wildermuth,0,0,,,,,,"",""
ball,1,5.1,Perth Scorchers,M Klinger,IR Bell,TS Mills,0,0,,,,,,"",""
ball,1,5.2,Perth Scorchers,M Klinger,IR Bell,TS Mills,0,0,,,,,,"",""
ball,1,5.3,Perth Scorchers,M Klinger,IR Bell,TS Mills,0,0,,,,,,"",""
ball,1,5.4,Perth Scorchers,M Klinger,IR Bell,TS Mills,4,0,,,,,,"",""
ball,1,5.5,Perth Scorchers,M Klinger,IR Bell,TS Mills,2,0,,,,,,"",""
ball,1,5.6,Perth Scorchers,M Klinger,IR Bell,TS Mills,1,0,,,,,,"",""
ball,1,6.1,Perth Scorchers,M Klinger,IR Bell,JD Wildermuth,3,0,,,,,,"",""
ball,1,6.2,Perth Scorchers,IR Bell,M Klinger,JD Wildermuth,0,0,,,,,,"",""
ball,1,6.3,Perth Scorchers,IR Bell,M Klinger,JD Wildermuth,1,0,,,,,,"",""
ball,1,6.4,Perth Scorchers,M Klinger,IR Bell,JD Wildermuth,0,0,,,,,,"",""
ball,1,6.5,Perth Scorchers,M Klinger,IR Bell,JD Wildermuth,2,0,,,,,,"",""
ball,1,6.6,Perth Scorchers,M Klinger,IR Bell,JD Wildermuth,1,0,,,,,,"",""
ball,1,7.1,Perth Scorchers,M Klinger,IR Bell,MJ Swepson,1,0,,,,,,"",""
ball,1,7.2,Perth Scorchers,IR Bell,M Klinger,MJ Swepson,1,0,,,,,,"",""
ball,1,7.3,Perth Scorchers,M Klinger,IR Bell,MJ Swepson,1,0,,,,,,"",""
ball,1,7.4,Perth Scorchers,IR Bell,M Klinger,MJ Swepson,2,0,,,,,,"",""
ball,1,7.5,Perth Scorchers,IR Bell,M Klinger,MJ Swepson,1,0,,,,,,"",""
ball,1,7.6,Perth Scorchers,M Klinger,IR Bell,MJ Swepson,0,0,,,,,,"",""
ball,1,8.1,Perth Scorchers,IR Bell,M Klinger,BCJ Cutting,0,0,,,,,,"",""
ball,1,8.2,Perth Scorchers,IR Bell,M Klinger,BCJ Cutting,4,0,,,,,,"",""
ball,1,8.3,Perth Scorchers,IR Bell,M Klinger,BCJ Cutting,0,2,2,,,,,"",""
ball,1,8.4,Perth Scorchers,M Klinger,IR Bell,BCJ Cutting,6,0,,,,,,"",""
ball,1,8.5,Perth Scorchers,M Klinger,IR Bell,BCJ Cutting,2,0,,,,,,"",""
ball,1,8.6,Perth Scorchers,M Klinger,IR Bell,BCJ Cutting,1,0,,,,,,"",""
ball,1,8.7,Perth Scorchers,IR Bell,M Klinger,BCJ Cutting,1,0,,,,,,"",""
ball,1,9.1,Perth Scorchers,IR Bell,M Klinger,MJ Swepson,0,0,,,,,,"",""
ball,1,9.2,Perth Scorchers,IR Bell,M Klinger,MJ Swepson,2,0,,,,,,"",""
ball,1,9.3,Perth Scorchers,IR Bell,M Klinger,MJ Swepson,2,0,,,,,,"",""
ball,1,9.4,Perth Scorchers,IR Bell,M Klinger,MJ Swepson,0,0,,,,,,"",""
ball,1,9.5,Perth Scorchers,IR Bell,M Klinger,MJ Swepson,0,0,,,,,,caught,IR Bell
ball,1,9.6,Perth Scorchers,M Klinger,AJ Turner,MJ Swepson,1,0,,,,,,"",""
ball,1,10.1,Perth Scorchers,M Klinger,AJ Turner,JD Wildermuth,1,0,,,,,,"",""
ball,1,10.2,Perth Scorchers,AJ Turner,M Klinger,JD Wildermuth,1,0,,,,,,"",""
ball,1,10.3,Perth Scorchers,M Klinger,AJ Turner,JD Wildermuth,1,0,,,,,,"",""
ball,1,10.4,Perth Scorchers,AJ Turner,M Klinger,JD Wildermuth,1,0,,,,,,"",""
ball,1,10.5,Perth Scorchers,M Klinger,AJ Turner,JD Wildermuth,2,0,,,,,,"",""
ball,1,10.6,Perth Scorchers,M Klinger,AJ Turner,JD Wildermuth,2,0,,,,,,"",""
ball,1,11.1,Perth Scorchers,AJ Turner,M Klinger,MJ Swepson,1,0,,,,,,"",""
ball,1,11.2,Perth Scorchers,M Klinger,AJ Turner,MJ Swepson,1,0,,,,,,"",""
ball,1,11.3,Perth Scorchers,AJ Turner,M Klinger,MJ Swepson,1,0,,,,,,"",""
ball,1,11.4,Perth Scorchers,M Klinger,AJ Turner,MJ Swepson,1,0,,,,,,"",""
ball,1,11.5,Perth Scorchers,AJ Turner,M Klinger,MJ Swepson,2,0,,,,,,"",""
ball,1,11.6,Perth Scorchers,AJ Turner,M Klinger,MJ Swepson,1,0,,,,,,"",""
ball,1,12.1,Perth Scorchers,AJ Turner,M Klinger,BCJ Cutting,1,0,,,,,,"",""
ball,1,12.2,Perth Scorchers,M Klinger,AJ Turner,BCJ Cutting,6,0,,,,,,"",""
ball,1,12.3,Perth Scorchers,M Klinger,AJ Turner,BCJ Cutting,1,0,,,,,,"",""
ball,1,12.4,Perth Scorchers,AJ Turner,M Klinger,BCJ Cutting,2,0,,,,,,"",""
ball,1,12.5,Perth Scorchers,AJ Turner,M Klinger,BCJ Cutting,0,0,,,,,,"",""
ball,1,12.6,Perth Scorchers,AJ Turner,M Klinger,BCJ Cutting,0,0,,,,,,"",""
ball,1,13.1,Perth Scorchers,M Klinger,AJ Turner,MJ Swepson,2,0,,,,,,"",""
ball,1,13.2,Perth Scorchers,M Klinger,AJ Turner,MJ Swepson,1,0,,,,,,"",""
ball,1,13.3,Perth Scorchers,AJ Turner,M Klinger,MJ Swepson,0,0,,,,,,caught,AJ Turner
ball,1,13.4,Perth Scorchers,M Klinger,HWR Cartwright,MJ Swepson,1,0,,,,,,"",""
ball,1,13.5,Perth Scorchers,HWR Cartwright,M Klinger,MJ Swepson,0,0,,,,,,"",""
ball,1,13.6,Perth Scorchers,HWR Cartwright,M Klinger,MJ Swepson,0,0,,,,,,"",""
ball,1,14.1,Perth Scorchers,M Klinger,HWR Cartwright,JD Wildermuth,0,1,1,,,,,"",""
ball,1,14.2,Perth Scorchers,M Klinger,HWR Cartwright,JD Wildermuth,1,0,,,,,,"",""
ball,1,14.3,Perth Scorchers,HWR Cartwright,M Klinger,JD Wildermuth,0,0,,,,,,"",""
ball,1,14.4,Perth Scorchers,HWR Cartwright,M Klinger,JD Wildermuth,1,0,,,,,,"",""
ball,1,14.5,Perth Scorchers,M Klinger,HWR Cartwright,JD Wildermuth,4,0,,,,,,"",""
ball,1,14.6,Perth Scorchers,M Klinger,HWR Cartwright,JD Wildermuth,1,0,,,,,,"",""
ball,1,14.7,Perth Scorchers,HWR Cartwright,M Klinger,JD Wildermuth,0,0,,,,,,"",""
ball,1,15.1,Perth Scorchers,M Klinger,HWR Cartwright,MT Steketee,0,1,1,,,,,"",""
ball,1,15.2,Perth Scorchers,M Klinger,HWR Cartwright,MT Steketee,1,0,,,,,,"",""
ball,1,15.3,Perth Scorchers,HWR Cartwright,M Klinger,MT Steketee,0,0,,,,,,"",""
ball,1,15.4,Perth Scorchers,HWR Cartwright,M Klinger,MT Steketee,0,1,1,,,,,"",""
ball,1,15.5,Perth Scorchers,HWR Cartwright,M Klinger,MT Steketee,0,0,,,,,,"",""
ball,1,15.6,Perth Scorchers,HWR Cartwright,M Klinger,MT Steketee,1,0,,,,,,"",""
ball,1,15.7,Perth Scorchers,M Klinger,HWR Cartwright,MT Steketee,1,0,,,,,,"",""
ball,1,15.8,Perth Scorchers,HWR Cartwright,M Klinger,MT Steketee,0,0,,,,,,"",""
ball,1,16.1,Perth Scorchers,M Klinger,HWR Cartwright,TS Mills,0,0,,,,,,"",""
ball,1,16.2,Perth Scorchers,M Klinger,HWR Cartwright,TS Mills,2,0,,,,,,"",""
ball,1,16.3,Perth Scorchers,M Klinger,HWR Cartwright,TS Mills,0,0,,,,,,"",""
ball,1,16.4,Perth Scorchers,M Klinger,HWR Cartwright,TS Mills,2,0,,,,,,"",""
ball,1,16.5,Perth Scorchers,M Klinger,HWR Cartwright,TS Mills,4,0,,,,,,"",""
ball,1,16.6,Perth Scorchers,M Klinger,HWR Cartwright,TS Mills,1,0,,,,,,"",""
ball,1,17.1,Perth Scorchers,M Klinger,HWR Cartwright,BCJ Cutting,0,0,,,,,,"",""
ball,1,17.2,Perth Scorchers,M Klinger,HWR Cartwright,BCJ Cutting,1,0,,,,,,"",""
ball,1,17.3,Perth Scorchers,HWR Cartwright,M Klinger,BCJ Cutting,1,0,,,,,,"",""
ball,1,17.4,Perth Scorchers,M Klinger,HWR Cartwright,BCJ Cutting,4,0,,,,,,"",""
ball,1,17.5,Perth Scorchers,M Klinger,HWR Cartwright,BCJ Cutting,1,0,,,,,,"",""
ball,1,17.6,Perth Scorchers,HWR Cartwright,M Klinger,BCJ Cutting,1,0,,,,,,"",""
ball,1,18.1,Perth Scorchers,HWR Cartwright,M Klinger,MT Steketee,2,0,,,,,,"",""
ball,1,18.2,Perth Scorchers,HWR Cartwright,M Klinger,MT Steketee,4,0,,,,,,"",""
ball,1,18.3,Perth Scorchers,HWR Cartwright,M Klinger,MT Steketee,0,0,,,,,,"",""
ball,1,18.4,Perth Scorchers,HWR Cartwright,M Klinger,MT Steketee,0,2,2,,,,,"",""
ball,1,18.5,Perth Scorchers,M Klinger,HWR Cartwright,MT Steketee,4,0,,,,,,"",""
ball,1,18.6,Perth Scorchers,M Klinger,HWR Cartwright,MT Steketee,0,0,,,,,,caught,M Klinger
ball,1,18.7,Perth Scorchers,HWR Cartwright,AC Agar,MT Steketee,2,0,,,,,,"",""
ball,1,19.1,Perth Scorchers,AC Agar,HWR Cartwright,BCJ Cutting,0,1,,,,1,,"",""
ball,1,19.2,Perth Scorchers,HWR Cartwright,AC Agar,BCJ Cutting,1,0,,,,,,"",""
ball,1,19.3,Perth Scorchers,AC Agar,HWR Cartwright,BCJ Cutting,2,0,,,,,,"",""
ball,1,19.4,Perth Scorchers,AC Agar,HWR Cartwright,BCJ Cutting,1,0,,,,,,"",""
ball,1,19.5,Perth Scorchers,HWR Cartwright,AC Agar,BCJ Cutting,0,1,,,,1,,"",""
ball,1,19.6,Perth Scorchers,AC Agar,HWR Cartwright,BCJ Cutting,2,0,,,,,,"",""
ball,2,0.1,Brisbane Heat,JJ Peirson,BB McCullum,MG Johnson,0,0,,,,,,"",""
ball,2,0.2,Brisbane Heat,JJ Peirson,BB McCullum,MG Johnson,2,0,,,,,,"",""
ball,2,0.3,Brisbane Heat,JJ Peirson,BB McCullum,MG Johnson,0,0,,,,,,caught,JJ Peirson
ball,2,0.4,Brisbane Heat,SD Heazlett,BB McCullum,MG Johnson,4,0,,,,,,"",""
ball,2,0.5,Brisbane Heat,SD Heazlett,BB McCullum,MG Johnson,1,0,,,,,,"",""
ball,2,0.6,Brisbane Heat,BB McCullum,SD Heazlett,MG Johnson,0,0,,,,,,"",""
ball,2,1.1,Brisbane Heat,SD Heazlett,BB McCullum,TT Bresnan,3,0,,,,,,"",""
ball,2,1.2,Brisbane Heat,BB McCullum,SD Heazlett,TT Bresnan,0,0,,,,,,"",""
ball,2,1.3,Brisbane Heat,BB McCullum,SD Heazlett,TT Bresnan,6,0,,,,,,"",""
ball,2,1.4,Brisbane Heat,BB McCullum,SD Heazlett,TT Bresnan,2,0,,,,,,"",""
ball,2,1.5,Brisbane Heat,BB McCullum,SD Heazlett,TT Bresnan,0,0,,,,,,"",""
ball,2,1.6,Brisbane Heat,BB McCullum,SD Heazlett,TT Bresnan,0,0,,,,,,"",""
ball,2,2.1,Brisbane Heat,SD Heazlett,BB McCullum,MG Johnson,0,0,,,,,,"",""
ball,2,2.2,Brisbane Heat,SD Heazlett,BB McCullum,MG Johnson,0,0,,,,,,caught,SD Heazlett
ball,2,2.3,Brisbane Heat,AI Ross,BB McCullum,MG Johnson,0,0,,,,,,"",""
ball,2,2.4,Brisbane Heat,AI Ross,BB McCullum,MG Johnson,0,0,,,,,,"",""
ball,2,2.5,Brisbane Heat,AI Ross,BB McCullum,MG Johnson,0,0,,,,,,"",""
ball,2,2.6,Brisbane Heat,AI Ross,BB McCullum,MG Johnson,0,0,,,,,,"",""
ball,2,3.1,Brisbane Heat,BB McCullum,AI Ross,JA Richardson,1,0,,,,,,"",""
ball,2,3.2,Brisbane Heat,AI Ross,BB McCullum,JA Richardson,1,0,,,,,,"",""
ball,2,3.3,Brisbane Heat,BB McCullum,AI Ross,JA Richardson,0,0,,,,,,"",""
ball,2,3.4,Brisbane Heat,BB McCullum,AI Ross,JA Richardson,6,0,,,,,,"",""
ball,2,3.5,Brisbane Heat,BB McCullum,AI Ross,JA Richardson,0,0,,,,,,caught,BB McCullum
ball,2,3.6,Brisbane Heat,JA Burns,AI Ross,JA Richardson,0,0,,,,,,"",""
ball,2,4.1,Brisbane Heat,AI Ross,JA Burns,MG Johnson,0,0,,,,,,"",""
ball,2,4.2,Brisbane Heat,AI Ross,JA Burns,MG Johnson,0,0,,,,,,"",""
ball,2,4.3,Brisbane Heat,AI Ross,JA Burns,MG Johnson,2,0,,,,,,"",""
ball,2,4.4,Brisbane Heat,AI Ross,JA Burns,MG Johnson,4,0,,,,,,"",""
ball,2,4.5,Brisbane Heat,AI Ross,JA Burns,MG Johnson,4,0,,,,,,"",""
ball,2,4.6,Brisbane Heat,AI Ross,JA Burns,MG Johnson,0,0,,,,,,"",""
ball,2,5.1,Brisbane Heat,JA Burns,AI Ross,JA Richardson,0,0,,,,,,"",""
ball,2,5.2,Brisbane Heat,JA Burns,AI Ross,JA Richardson,2,0,,,,,,"",""
ball,2,5.3,Brisbane Heat,JA Burns,AI Ross,JA Richardson,0,0,,,,,,"",""
ball,2,5.4,Brisbane Heat,JA Burns,AI Ross,JA Richardson,1,0,,,,,,"",""
ball,2,5.5,Brisbane Heat,AI Ross,JA Burns,JA Richardson,1,0,,,,,,"",""
ball,2,5.6,Brisbane Heat,JA Burns,AI Ross,JA Richardson,1,0,,,,,,"",""
ball,2,6.1,Brisbane Heat,JA Burns,AI Ross,AJ Tye,2,0,,,,,,"",""
ball,2,6.2,Brisbane Heat,JA Burns,AI Ross,AJ Tye,0,0,,,,,,"",""
ball,2,6.3,Brisbane Heat,JA Burns,AI Ross,AJ Tye,1,0,,,,,,"",""
ball,2,6.4,Brisbane Heat,AI Ross,JA Burns,AJ Tye,2,0,,,,,,"",""
ball,2,6.5,Brisbane Heat,AI Ross,JA Burns,AJ Tye,1,0,,,,,,"",""
ball,2,6.6,Brisbane Heat,JA Burns,AI Ross,AJ Tye,1,0,,,,,,"",""
ball,2,7.1,Brisbane Heat,JA Burns,AI Ross,AC Agar,2,0,,,,,,"",""
ball,2,7.2,Brisbane Heat,JA Burns,AI Ross,AC Agar,0,0,,,,,,"",""
ball,2,7.3,Brisbane Heat,JA Burns,AI Ross,AC Agar,1,0,,,,,,"",""
ball,2,7.4,Brisbane Heat,AI Ross,JA Burns,AC Agar,1,0,,,,,,"",""
ball,2,7.5,Brisbane Heat,JA Burns,AI Ross,AC Agar,0,0,,,,,,"",""
ball,2,7.6,Brisbane Heat,JA Burns,AI Ross,AC Agar,0,0,,,,,,"",""
ball,2,8.1,Brisbane Heat,AI Ross,JA Burns,TT Bresnan,0,0,,,,,,"",""
ball,2,8.2,Brisbane Heat,AI Ross,JA Burns,TT Bresnan,2,0,,,,,,"",""
ball,2,8.3,Brisbane Heat,AI Ross,JA Burns,TT Bresnan,1,0,,,,,,"",""
ball,2,8.4,Brisbane Heat,JA Burns,AI Ross,TT Bresnan,4,0,,,,,,"",""
ball,2,8.5,Brisbane Heat,JA Burns,AI Ross,TT Bresnan,1,0,,,,,,"",""
ball,2,8.6,Brisbane Heat,AI Ross,JA Burns,TT Bresnan,0,0,,,,,,"",""
ball,2,9.1,Brisbane Heat,JA Burns,AI Ross,AC Agar,1,0,,,,,,"",""
ball,2,9.2,Brisbane Heat,AI Ross,JA Burns,AC Agar,1,0,,,,,,"",""
ball,2,9.3,Brisbane Heat,JA Burns,AI Ross,AC Agar,1,0,,,,,,"",""
ball,2,9.4,Brisbane Heat,AI Ross,JA Burns,AC Agar,1,0,,,,,,"",""
ball,2,9.5,Brisbane Heat,JA Burns,AI Ross,AC Agar,0,0,,,,,,"",""
ball,2,9.6,Brisbane Heat,JA Burns,AI Ross,AC Agar,1,0,,,,,,"",""
ball,2,10.1,Brisbane Heat,JA Burns,AI Ross,AJ Tye,4,0,,,,,,"",""
ball,2,10.2,Brisbane Heat,JA Burns,AI Ross,AJ Tye,0,0,,,,,,caught,JA Burns
ball,2,10.3,Brisbane Heat,AI Ross,NJ Reardon,AJ Tye,1,0,,,,,,"",""
ball,2,10.4,Brisbane Heat,NJ Reardon,AI Ross,AJ Tye,4,0,,,,,,"",""
ball,2,10.5,Brisbane Heat,NJ Reardon,AI Ross,AJ Tye,0,1,1,,,,,"",""
ball,2,10.6,Brisbane Heat,NJ Reardon,AI Ross,AJ Tye,2,0,,,,,,"",""
ball,2,10.7,Brisbane Heat,NJ Reardon,AI Ross,AJ Tye,0,1,,,,1,,"",""
ball,2,11.1,Brisbane Heat,NJ Reardon,AI Ross,AC Agar,1,0,,,,,,"",""
ball,2,11.2,Brisbane Heat,AI Ross,NJ Reardon,AC Agar,0,0,,,,,,"",""
ball,2,11.3,Brisbane Heat,AI Ross,NJ Reardon,AC Agar,1,0,,,,,,"",""
ball,2,11.4,Brisbane Heat,NJ Reardon,AI Ross,AC Agar,0,0,,,,,,"",""
ball,2,11.5,Brisbane Heat,NJ Reardon,AI Ross,AC Agar,1,0,,,,,,"",""
ball,2,11.6,Brisbane Heat,AI Ross,NJ Reardon,AC Agar,0,0,,,,,,"",""
ball,2,12.1,Brisbane Heat,NJ Reardon,AI Ross,TT Bresnan,4,0,,,,,,"",""
ball,2,12.2,Brisbane Heat,NJ Reardon,AI Ross,TT Bresnan,0,0,,,,,,"",""
ball,2,12.3,Brisbane Heat,NJ Reardon,AI Ross,TT Bresnan,0,0,,,,,,caught,NJ Reardon
ball,2,12.4,Brisbane Heat,AI Ross,BCJ Cutting,TT Bresnan,1,0,,,,,,"",""
ball,2,12.5,Brisbane Heat,BCJ Cutting,AI Ross,TT Bresnan,1,0,,,,,,"",""
ball,2,12.6,Brisbane Heat,AI Ross,BCJ Cutting,TT Bresnan,0,0,,,,,,"",""
ball,2,13.1,Brisbane Heat,BCJ Cutting,AI Ross,AC Agar,1,0,,,,,,"",""
ball,2,13.2,Brisbane Heat,AI Ross,BCJ Cutting,AC Agar,1,0,,,,,,"",""
ball,2,13.3,Brisbane Heat,BCJ Cutting,AI Ross,AC Agar,1,0,,,,,,"",""
ball,2,13.4,Brisbane Heat,AI Ross,BCJ Cutting,AC Agar,1,0,,,,,,"",""
ball,2,13.5,Brisbane Heat,BCJ Cutting,AI Ross,AC Agar,1,0,,,,,,"",""
ball,2,13.6,Brisbane Heat,AI Ross,BCJ Cutting,AC Agar,1,0,,,,,,"",""
ball,2,14.1,Brisbane Heat,AI Ross,BCJ Cutting,JA Richardson,0,0,,,,,,"",""
ball,2,14.2,Brisbane Heat,AI Ross,BCJ Cutting,JA Richardson,0,0,,,,,,"",""
ball,2,14.3,Brisbane Heat,AI Ross,BCJ Cutting,JA Richardson,1,0,,,,,,"",""
ball,2,14.4,Brisbane Heat,BCJ Cutting,AI Ross,JA Richardson,4,0,,,,,,"",""
ball,2,14.5,Brisbane Heat,BCJ Cutting,AI Ross,JA Richardson,4,0,,,,,,"",""
ball,2,14.6,Brisbane Heat,BCJ Cutting,AI Ross,JA Richardson,1,0,,,,,,"",""
ball,2,15.1,Brisbane Heat,BCJ Cutting,AI Ross,TT Bresnan,2,0,,,,,,"",""
ball,2,15.2,Brisbane Heat,BCJ Cutting,AI Ross,TT Bresnan,0,0,,,,,,"",""
ball,2,15.3,Brisbane Heat,BCJ Cutting,AI Ross,TT Bresnan,1,0,,,,,,"",""
ball,2,15.4,Brisbane Heat,AI Ross,BCJ Cutting,TT Bresnan,1,0,,,,,,"",""
ball,2,15.5,Brisbane Heat,BCJ Cutting,AI Ross,TT Bresnan,0,0,,,,,,caught,BCJ Cutting
ball,2,15.6,Brisbane Heat,JD Wildermuth,AI Ross,TT Bresnan,0,0,,,,,,"",""
ball,2,16.1,Brisbane Heat,AI Ross,JD Wildermuth,MG Johnson,2,0,,,,,,"",""
ball,2,16.2,Brisbane Heat,AI Ross,JD Wildermuth,MG Johnson,1,0,,,,,,"",""
ball,2,16.3,Brisbane Heat,JD Wildermuth,AI Ross,MG Johnson,0,0,,,,,,"",""
ball,2,16.4,Brisbane Heat,JD Wildermuth,AI Ross,MG Johnson,4,0,,,,,,"",""
ball,2,16.5,Brisbane Heat,JD Wildermuth,AI Ross,MG Johnson,1,0,,,,,,"",""
ball,2,16.6,Brisbane Heat,AI Ross,JD Wildermuth,MG Johnson,0,0,,,,,,"",""
ball,2,17.1,Brisbane Heat,JD Wildermuth,AI Ross,AJ Tye,0,1,,1,,,,"",""
ball,2,17.2,Brisbane Heat,JD Wildermuth,AI Ross,AJ Tye,0,0,,,,,,"",""
ball,2,17.3,Brisbane Heat,JD Wildermuth,AI Ross,AJ Tye,1,0,,,,,,"",""
ball,2,17.4,Brisbane Heat,AI Ross,JD Wildermuth,AJ Tye,1,0,,,,,,"",""
ball,2,17.5,Brisbane Heat,JD Wildermuth,AI Ross,AJ Tye,0,0,,,,,,"",""
ball,2,17.6,Brisbane Heat,JD Wildermuth,AI Ross,AJ Tye,0,0,,,,,,"",""
ball,2,17.7,Brisbane Heat,JD Wildermuth,AI Ross,AJ Tye,0,0,,,,,,caught,JD Wildermuth
ball,2,18.1,Brisbane Heat,AI Ross,MT Steketee,JA Richardson,6,0,,,,,,"",""
ball,2,18.2,Brisbane Heat,AI Ross,MT Steketee,JA Richardson,0,0,,,,,,caught,AI Ross
ball,2,18.3,Brisbane Heat,MJ Swepson,MT Steketee,JA Richardson,1,0,,,,,,"",""
ball,2,18.4,Brisbane Heat,MT Steketee,MJ Swepson,JA Richardson,0,0,,,,,,"",""
ball,2,18.5,Brisbane Heat,MT Steketee,MJ Swepson,JA Richardson,3,0,,,,,,"",""
ball,2,18.6,Brisbane Heat,MJ Swepson,MT Steketee,JA Richardson,1,0,,,,,,"",""
ball,2,19.1,Brisbane Heat,MJ Swepson,MT Steketee,AJ Tye,0,0,,,,,,caught,MJ Swepson
ball,2,19.2,Brisbane Heat,MT Steketee,TS Mills,AJ Tye,0,0,,,,,,bowled,MT Steketee
