version,1.6.0
info,balls_per_over,6
info,team,Hobart Hurricanes
info,team,Adelaide Strikers
info,gender,male
info,season,2016/17
info,date,2017/01/02
info,event,Big Bash League
info,match_number,14
info,venue,Bellerive Oval
info,city,Hobart
info,toss_winner,Hobart Hurricanes
info,toss_decision,field
info,player_of_match,DT Christian
info,umpire,PJ Gillespie
info,umpire,JD Ward
info,reserve_umpire,DR Close
info,tv_umpire,CA Polosak
info,match_referee,PL Marshall
info,winner,Hobart Hurricanes
info,winner_wickets,8
info,player,Adelaide Strikers,J Weatherald
info,player,Adelaide Strikers,BR Dunk
info,player,Adelaide Strikers,JR Dean
info,player,Adelaide Strikers,TM Head
info,player,Adelaide Strikers,BJ Hodge
info,player,Adelaide Strikers,KA Pollard
info,player,Adelaide Strikers,CJ Jordan
info,player,Adelaide Strikers,MG Neser
info,player,Adelaide Strikers,B Laughlin
info,player,Adelaide Strikers,B Stanlake
info,player,Adelaide Strikers,LN O'Connor
info,player,Hobart Hurricanes,TD Paine
info,player,Hobart Hurricanes,DJM Short
info,player,Hobart Hurricanes,KC Sangakkara
info,player,Hobart Hurricanes,GJ Bailey
info,player,Hobart Hurricanes,DT Christian
info,player,Hobart Hurricanes,JW Wells
info,player,Hobart Hurricanes,S Milenko
info,player,Hobart Hurricanes,CJ Boyce
info,player,Hobart Hurricanes,CA Rose
info,player,Hobart Hurricanes,SCJ Broad
info,player,Hobart Hurricanes,BJ Webster
info,registry,people,B Laughlin,b2a79f17
info,registry,people,B Stanlake,6834d1f2
info,registry,people,BJ Hodge,b57f8a9a
info,registry,people,BJ Webster,56b93d46
info,registry,people,BR Dunk,272d796e
info,registry,people,CA Polosak,26a360d2
info,registry,people,CA Rose,7517d134
info,registry,people,CJ Boyce,51a60c16
info,registry,people,CJ Jordan,ffe699c0
info,registry,people,DJM Short,1a156c88
info,registry,people,DR Close,4cae2b0c
info,registry,people,DT Christian,2a2e6343
info,registry,people,GJ Bailey,5056011d
info,registry,people,J Weatherald,edc7ddb6
info,registry,people,JD Ward,511299c1
info,registry,people,JR Dean,97188292
info,registry,people,JW Wells,8bdac857
info,registry,people,KA Pollard,a757b0d8
info,registry,people,KC Sangakkara,6b71e6cf
info,registry,people,LN O'Connor,5456bd0c
info,registry,people,MG Neser,0164b064
info,registry,people,PJ Gillespie,3e253a50
info,registry,people,PL Marshall,c1ca6df3
info,registry,people,S Milenko,479f9b04
info,registry,people,SCJ Broad,eba6a852
info,registry,people,TD Paine,5748e866
info,registry,people,TM Head,12b610c2
ball,1,0.1,Adelaide Strikers,J Weatherald,BR Dunk,SCJ Broad,1,0,,,,,,"",""
ball,1,0.2,Adelaide Strikers,BR Dunk,J Weatherald,SCJ Broad,0,0,,,,,,"",""
ball,1,0.3,Adelaide Strikers,BR Dunk,J Weatherald,SCJ Broad,1,0,,,,,,"",""
ball,1,0.4,Adelaide Strikers,J Weatherald,BR Dunk,SCJ Broad,0,1,,,,1,,"",""
ball,1,0.5,Adelaide Strikers,BR Dunk,J Weatherald,SCJ Broad,0,0,,,,,,"",""
ball,1,0.6,Adelaide Strikers,BR Dunk,J Weatherald,SCJ Broad,1,0,,,,,,"",""
ball,1,1.1,Adelaide Strikers,BR Dunk,J Weatherald,BJ Webster,4,0,,,,,,"",""
ball,1,1.2,Adelaide Strikers,BR Dunk,J Weatherald,BJ Webster,0,0,,,,,,"",""
ball,1,1.3,Adelaide Strikers,BR Dunk,J Weatherald,BJ Webster,3,0,,,,,,"",""
ball,1,1.4,Adelaide Strikers,J Weatherald,BR Dunk,BJ Webster,0,0,,,,,,"",""
ball,1,1.5,Adelaide Strikers,J Weatherald,BR Dunk,BJ Webster,0,0,,,,,,"",""
ball,1,1.6,Adelaide Strikers,J Weatherald,BR Dunk,BJ Webster,6,0,,,,,,"",""
ball,1,2.1,Adelaide Strikers,BR Dunk,J Weatherald,DT Christian,0,0,,,,,,"",""
ball,1,2.2,Adelaide Strikers,BR Dunk,J Weatherald,DT Christian,1,0,,,,,,"",""
ball,1,2.3,Adelaide Strikers,J Weatherald,BR Dunk,DT Christian,1,0,,,,,,"",""
ball,1,2.4,Adelaide Strikers,BR Dunk,J Weatherald,DT Christian,0,0,,,,,,"",""
ball,1,2.5,Adelaide Strikers,BR Dunk,J Weatherald,DT Christian,1,0,,,,,,"",""
ball,1,2.6,Adelaide Strikers,J Weatherald,BR Dunk,DT Christian,0,0,,,,,,"",""
ball,1,3.1,Adelaide Strikers,BR Dunk,J Weatherald,S Milenko,6,0,,,,,,"",""
ball,1,3.2,Adelaide Strikers,BR Dunk,J Weatherald,S Milenko,6,0,,,,,,"",""
ball,1,3.3,Adelaide Strikers,BR Dunk,J Weatherald,S Milenko,0,0,,,,,,"",""
ball,1,3.4,Adelaide Strikers,BR Dunk,J Weatherald,S Milenko,4,0,,,,,,"",""
ball,1,3.5,Adelaide Strikers,BR Dunk,J Weatherald,S Milenko,4,0,,,,,,"",""
ball,1,3.6,Adelaide Strikers,BR Dunk,J Weatherald,S Milenko,0,0,,,,,,bowled,BR Dunk
ball,1,4.1,Adelaide Strikers,J Weatherald,JR Dean,DT Christian,0,0,,,,,,"",""
ball,1,4.2,Adelaide Strikers,J Weatherald,JR Dean,DT Christian,1,0,,,,,,"",""
ball,1,4.3,Adelaide Strikers,JR Dean,J Weatherald,DT Christian,0,0,,,,,,caught,JR Dean
ball,1,4.4,Adelaide Strikers,J Weatherald,TM Head,DT Christian,0,0,,,,,,"",""
ball,1,4.5,Adelaide Strikers,J Weatherald,TM Head,DT Christian,1,0,,,,,,"",""
ball,1,4.6,Adelaide Strikers,TM Head,J Weatherald,DT Christian,0,0,,,,,,"",""
ball,1,5.1,Adelaide Strikers,J Weatherald,TM Head,S Milenko,0,0,,,,,,"",""
ball,1,5.2,Adelaide Strikers,J Weatherald,TM Head,S Milenko,4,0,,,,,,"",""
ball,1,5.3,Adelaide Strikers,J Weatherald,TM Head,S Milenko,0,0,,,,,,caught,J Weatherald
ball,1,5.4,Adelaide Strikers,BJ Hodge,TM Head,S Milenko,1,0,,,,,,"",""
ball,1,5.5,Adelaide Strikers,TM Head,BJ Hodge,S Milenko,0,0,,,,,,"",""
ball,1,5.6,Adelaide Strikers,TM Head,BJ Hodge,S Milenko,1,0,,,,,,"",""
ball,1,6.1,Adelaide Strikers,TM Head,BJ Hodge,CA Rose,1,0,,,,,,"",""
ball,1,6.2,Adelaide Strikers,BJ Hodge,TM Head,CA Rose,1,0,,,,,,"",""
ball,1,6.3,Adelaide Strikers,TM Head,BJ Hodge,CA Rose,1,0,,,,,,"",""
ball,1,6.4,Adelaide Strikers,BJ Hodge,TM Head,CA Rose,1,0,,,,,,"",""
ball,1,6.5,Adelaide Strikers,TM Head,BJ Hodge,CA Rose,0,0,,,,,,"",""
ball,1,6.6,Adelaide Strikers,TM Head,BJ Hodge,CA Rose,0,1,1,,,,,"",""
ball,1,6.7,Adelaide Strikers,TM Head,BJ Hodge,CA Rose,1,0,,,,,,"",""
ball,1,7.1,Adelaide Strikers,TM Head,BJ Hodge,BJ Webster,0,0,,,,,,"",""
ball,1,7.2,Adelaide Strikers,TM Head,BJ Hodge,BJ Webster,0,0,,,,,,"",""
ball,1,7.3,Adelaide Strikers,TM Head,BJ Hodge,BJ Webster,1,0,,,,,,"",""
ball,1,7.4,Adelaide Strikers,BJ Hodge,TM Head,BJ Webster,2,0,,,,,,"",""
ball,1,7.5,Adelaide Strikers,BJ Hodge,TM Head,BJ Webster,0,0,,,,,,"",""
ball,1,7.6,Adelaide Strikers,BJ Hodge,TM Head,BJ Webster,1,0,,,,,,"",""
ball,1,8.1,Adelaide Strikers,BJ Hodge,TM Head,CA Rose,1,0,,,,,,"",""
ball,1,8.2,Adelaide Strikers,TM Head,BJ Hodge,CA Rose,1,0,,,,,,"",""
ball,1,8.3,Adelaide Strikers,BJ Hodge,TM Head,CA Rose,1,0,,,,,,"",""
ball,1,8.4,Adelaide Strikers,TM Head,BJ Hodge,CA Rose,1,0,,,,,,"",""
ball,1,8.5,Adelaide Strikers,BJ Hodge,TM Head,CA Rose,0,0,,,,,,"",""
ball,1,8.6,Adelaide Strikers,BJ Hodge,TM Head,CA Rose,0,0,,,,,,"",""
ball,1,9.1,Adelaide Strikers,TM Head,BJ Hodge,BJ Webster,0,0,,,,,,"",""
ball,1,9.2,Adelaide Strikers,TM Head,BJ Hodge,BJ Webster,1,0,,,,,,"",""
ball,1,9.3,Adelaide Strikers,BJ Hodge,TM Head,BJ Webster,1,0,,,,,,"",""
ball,1,9.4,Adelaide Strikers,TM Head,BJ Hodge,BJ Webster,1,0,,,,,,"",""
ball,1,9.5,Adelaide Strikers,BJ Hodge,TM Head,BJ Webster,1,0,,,,,,"",""
ball,1,9.6,Adelaide Strikers,TM Head,BJ Hodge,BJ Webster,1,0,,,,,,"",""
ball,1,10.1,Adelaide Strikers,TM Head,BJ Hodge,SCJ Broad,0,0,,,,,,"",""
ball,1,10.2,Adelaide Strikers,TM Head,BJ Hodge,SCJ Broad,1,0,,,,,,"",""
ball,1,10.3,Adelaide Strikers,BJ Hodge,TM Head,SCJ Broad,0,0,,,,,,"",""
ball,1,10.4,Adelaide Strikers,BJ Hodge,TM Head,SCJ Broad,0,0,,,,,,"",""
ball,1,10.5,Adelaide Strikers,BJ Hodge,TM Head,SCJ Broad,0,0,,,,,,"",""
ball,1,10.6,Adelaide Strikers,BJ Hodge,TM Head,SCJ Broad,0,0,,,,,,"",""
ball,1,11.1,Adelaide Strikers,TM Head,BJ Hodge,BJ Webster,4,0,,,,,,"",""
ball,1,11.2,Adelaide Strikers,TM Head,BJ Hodge,BJ Webster,0,0,,,,,,"",""
ball,1,11.3,Adelaide Strikers,TM Head,BJ Hodge,BJ Webster,1,0,,,,,,"",""
ball,1,11.4,Adelaide Strikers,BJ Hodge,TM Head,BJ Webster,0,0,,,,,,"",""
ball,1,11.5,Adelaide Strikers,BJ Hodge,TM Head,BJ Webster,1,0,,,,,,"",""
ball,1,11.6,Adelaide Strikers,TM Head,BJ Hodge,BJ Webster,0,0,,,,,,"",""
ball,1,12.1,Adelaide Strikers,BJ Hodge,TM Head,S Milenko,1,0,,,,,,"",""
ball,1,12.2,Adelaide Strikers,TM Head,BJ Hodge,S Milenko,1,0,,,,,,"",""
ball,1,12.3,Adelaide Strikers,BJ Hodge,TM Head,S Milenko,4,0,,,,,,"",""
ball,1,12.4,Adelaide Strikers,BJ Hodge,TM Head,S Milenko,6,0,,,,,,"",""
ball,1,12.5,Adelaide Strikers,BJ Hodge,TM Head,S Milenko,1,0,,,,,,"",""
ball,1,12.6,Adelaide Strikers,TM Head,BJ Hodge,S Milenko,1,0,,,,,,"",""
ball,1,13.1,Adelaide Strikers,TM Head,BJ Hodge,DT Christian,6,0,,,,,,"",""
ball,1,13.2,Adelaide Strikers,TM Head,BJ Hodge,DT Christian,0,0,,,,,,caught,TM Head
ball,1,13.3,Adelaide Strikers,BJ Hodge,KA Pollard,DT Christian,0,1,1,,,,,"",""
ball,1,13.4,Adelaide Strikers,BJ Hodge,KA Pollard,DT Christian,1,0,,,,,,"",""
ball,1,13.5,Adelaide Strikers,KA Pollard,BJ Hodge,DT Christian,0,0,,,,,,"",""
ball,1,13.6,Adelaide Strikers,KA Pollard,BJ Hodge,DT Christian,0,0,,,,,,"",""
ball,1,13.7,Adelaide Strikers,KA Pollard,BJ Hodge,DT Christian,0,0,,,,,,"",""
ball,1,14.1,Adelaide Strikers,BJ Hodge,KA Pollard,SCJ Broad,0,0,,,,,,"",""
ball,1,14.2,Adelaide Strikers,BJ Hodge,KA Pollard,SCJ Broad,2,0,,,,,,"",""
ball,1,14.3,Adelaide Strikers,BJ Hodge,KA Pollard,SCJ Broad,0,0,,,,,,"",""
ball,1,14.4,Adelaide Strikers,BJ Hodge,KA Pollard,SCJ Broad,0,0,,,,,,"",""
ball,1,14.5,Adelaide Strikers,BJ Hodge,KA Pollard,SCJ Broad,0,1,,1,,,,"",""
ball,1,14.6,Adelaide Strikers,BJ Hodge,KA Pollard,SCJ Broad,1,0,,,,,,"",""
ball,1,14.7,Adelaide Strikers,KA Pollard,BJ Hodge,SCJ Broad,1,0,,,,,,"",""
ball,1,15.1,Adelaide Strikers,KA Pollard,BJ Hodge,CJ Boyce,1,0,,,,,,"",""
ball,1,15.2,Adelaide Strikers,BJ Hodge,KA Pollard,CJ Boyce,0,0,,,,,,"",""
ball,1,15.3,Adelaide Strikers,BJ Hodge,KA Pollard,CJ Boyce,2,0,,,,,,"",""
ball,1,15.4,Adelaide Strikers,BJ Hodge,KA Pollard,CJ Boyce,1,0,,,,,,"",""
ball,1,15.5,Adelaide Strikers,KA Pollard,BJ Hodge,CJ Boyce,1,0,,,,,,"",""
ball,1,15.6,Adelaide Strikers,BJ Hodge,KA Pollard,CJ Boyce,6,0,,,,,,"",""
ball,1,16.1,Adelaide Strikers,KA Pollard,BJ Hodge,S Milenko,1,0,,,,,,"",""
ball,1,16.2,Adelaide Strikers,BJ Hodge,KA Pollard,S Milenko,1,0,,,,,,"",""
ball,1,16.3,Adelaide Strikers,KA Pollard,BJ Hodge,S Milenko,1,0,,,,,,"",""
ball,1,16.4,Adelaide Strikers,BJ Hodge,KA Pollard,S Milenko,1,0,,,,,,"",""
ball,1,16.5,Adelaide Strikers,KA Pollard,BJ Hodge,S Milenko,2,0,,,,,,"",""
ball,1,16.6,Adelaide Strikers,KA Pollard,BJ Hodge,S Milenko,4,0,,,,,,"",""
ball,1,17.1,Adelaide Strikers,BJ Hodge,KA Pollard,CA Rose,6,0,,,,,,"",""
ball,1,17.2,Adelaide Strikers,BJ Hodge,KA Pollard,CA Rose,0,1,,,,1,,"",""
ball,1,17.3,Adelaide Strikers,KA Pollard,BJ Hodge,CA Rose,0,0,,,,,,bowled,KA Pollard
ball,1,17.4,Adelaide Strikers,CJ Jordan,BJ Hodge,CA Rose,1,0,,,,,,"",""
ball,1,17.5,Adelaide Strikers,BJ Hodge,CJ Jordan,CA Rose,0,0,,,,,,"",""
ball,1,17.6,Adelaide Strikers,BJ Hodge,CJ Jordan,CA Rose,4,0,,,,,,"",""
ball,1,18.1,Adelaide Strikers,CJ Jordan,BJ Hodge,SCJ Broad,0,0,,,,,,caught,CJ Jordan
ball,1,18.2,Adelaide Strikers,BJ Hodge,MG Neser,SCJ Broad,2,0,,,,,,"",""
ball,1,18.3,Adelaide Strikers,BJ Hodge,MG Neser,SCJ Broad,2,0,,,,,,"",""
ball,1,18.4,Adelaide Strikers,BJ Hodge,MG Neser,SCJ Broad,2,0,,,,,,"",""
ball,1,18.5,Adelaide Strikers,BJ Hodge,MG Neser,SCJ Broad,1,0,,,,,,"",""
ball,1,18.6,Adelaide Strikers,MG Neser,BJ Hodge,SCJ Broad,1,0,,,,,,run out,MG Neser
ball,1,19.1,Adelaide Strikers,BJ Hodge,B Laughlin,DT Christian,0,0,,,,,,"",""
ball,1,19.2,Adelaide Strikers,BJ Hodge,B Laughlin,DT Christian,0,0,,,,,,caught,BJ Hodge
ball,1,19.3,Adelaide Strikers,B Laughlin,B Stanlake,DT Christian,0,0,,,,,,caught,B Laughlin
ball,1,19.4,Adelaide Strikers,B Stanlake,LN O'Connor,DT Christian,0,0,,,,,,"",""
ball,1,19.5,Adelaide Strikers,B Stanlake,LN O'Connor,DT Christian,1,0,,,,,,"",""
ball,1,19.6,Adelaide Strikers,LN O'Connor,B Stanlake,DT Christian,0,0,,,,,,bowled,LN O'Connor
ball,2,0.1,Hobart Hurricanes,TD Paine,DJM Short,TM Head,0,0,,,,,,"",""
ball,2,0.2,Hobart Hurricanes,TD Paine,DJM Short,TM Head,0,0,,,,,,"",""
ball,2,0.3,Hobart Hurricanes,TD Paine,DJM Short,TM Head,0,2,2,,,,,"",""
ball,2,0.4,Hobart Hurricanes,DJM Short,TD Paine,TM Head,0,0,,,,,,"",""
ball,2,0.5,Hobart Hurricanes,DJM Short,TD Paine,TM Head,4,0,,,,,,"",""
ball,2,0.6,Hobart Hurricanes,DJM Short,TD Paine,TM Head,0,0,,,,,,"",""
ball,2,0.7,Hobart Hurricanes,DJM Short,TD Paine,TM Head,0,0,,,,,,"",""
ball,2,1.1,Hobart Hurricanes,TD Paine,DJM Short,B Stanlake,0,0,,,,,,"",""
ball,2,1.2,Hobart Hurricanes,TD Paine,DJM Short,B Stanlake,0,0,,,,,,"",""
ball,2,1.3,Hobart Hurricanes,TD Paine,DJM Short,B Stanlake,3,0,,,,,,"",""
ball,2,1.4,Hobart Hurricanes,DJM Short,TD Paine,B Stanlake,0,0,,,,,,"",""
ball,2,1.5,Hobart Hurricanes,DJM Short,TD Paine,B Stanlake,4,0,,,,,,"",""
ball,2,1.6,Hobart Hurricanes,DJM Short,TD Paine,B Stanlake,0,0,,,,,,"",""
ball,2,2.1,Hobart Hurricanes,TD Paine,DJM Short,TM Head,1,0,,,,,,"",""
ball,2,2.2,Hobart Hurricanes,DJM Short,TD Paine,TM Head,0,3,,,3,,,"",""
ball,2,2.3,Hobart Hurricanes,TD Paine,DJM Short,TM Head,4,0,,,,,,"",""
ball,2,2.4,Hobart Hurricanes,TD Paine,DJM Short,TM Head,1,0,,,,,,"",""
ball,2,2.5,Hobart Hurricanes,DJM Short,TD Paine,TM Head,0,4,,,4,,,"",""
ball,2,2.6,Hobart Hurricanes,DJM Short,TD Paine,TM Head,0,0,,,,,,"",""
ball,2,3.1,Hobart Hurricanes,TD Paine,DJM Short,CJ Jordan,0,0,,,,,,"",""
ball,2,3.2,Hobart Hurricanes,TD Paine,DJM Short,CJ Jordan,2,0,,,,,,"",""
ball,2,3.3,Hobart Hurricanes,TD Paine,DJM Short,CJ Jordan,1,0,,,,,,"",""
ball,2,3.4,Hobart Hurricanes,DJM Short,TD Paine,CJ Jordan,1,0,,,,,,"",""
ball,2,3.5,Hobart Hurricanes,TD Paine,DJM Short,CJ Jordan,1,0,,,,,,"",""
ball,2,3.6,Hobart Hurricanes,DJM Short,TD Paine,CJ Jordan,0,0,,,,,,"",""
ball,2,4.1,Hobart Hurricanes,TD Paine,DJM Short,B Laughlin,0,0,,,,,,"",""
ball,2,4.2,Hobart Hurricanes,TD Paine,DJM Short,B Laughlin,1,0,,,,,,"",""
ball,2,4.3,Hobart Hurricanes,DJM Short,TD Paine,B Laughlin,0,0,,,,,,"",""
ball,2,4.4,Hobart Hurricanes,DJM Short,TD Paine,B Laughlin,3,0,,,,,,"",""
ball,2,4.5,Hobart Hurricanes,TD Paine,DJM Short,B Laughlin,0,0,,,,,,"",""
ball,2,4.6,Hobart Hurricanes,TD Paine,DJM Short,B Laughlin,0,0,,,,,,"",""
ball,2,5.1,Hobart Hurricanes,DJM Short,TD Paine,CJ Jordan,4,0,,,,,,"",""
ball,2,5.2,Hobart Hurricanes,DJM Short,TD Paine,CJ Jordan,0,0,,,,,,"",""
ball,2,5.3,Hobart Hurricanes,DJM Short,TD Paine,CJ Jordan,4,0,,,,,,"",""
ball,2,5.4,Hobart Hurricanes,DJM Short,TD Paine,CJ Jordan,3,0,,,,,,"",""
ball,2,5.5,Hobart Hurricanes,TD Paine,DJM Short,CJ Jordan,1,0,,,,,,"",""
ball,2,5.6,Hobart Hurricanes,DJM Short,TD Paine,CJ Jordan,4,0,,,,,,"",""
ball,2,6.1,Hobart Hurricanes,TD Paine,DJM Short,LN O'Connor,1,0,,,,,,"",""
ball,2,6.2,Hobart Hurricanes,DJM Short,TD Paine,LN O'Connor,0,0,,,,,,"",""
ball,2,6.3,Hobart Hurricanes,DJM Short,TD Paine,LN O'Connor,4,0,,,,,,"",""
ball,2,6.4,Hobart Hurricanes,DJM Short,TD Paine,LN O'Connor,1,0,,,,,,"",""
ball,2,6.5,Hobart Hurricanes,TD Paine,DJM Short,LN O'Connor,1,0,,,,,,"",""
ball,2,6.6,Hobart Hurricanes,DJM Short,TD Paine,LN O'Connor,1,0,,,,,,"",""
ball,2,7.1,Hobart Hurricanes,DJM Short,TD Paine,B Stanlake,1,0,,,,,,"",""
ball,2,7.2,Hobart Hurricanes,TD Paine,DJM Short,B Stanlake,0,0,,,,,,"",""
ball,2,7.3,Hobart Hurricanes,TD Paine,DJM Short,B Stanlake,0,1,1,,,,,"",""
ball,2,7.4,Hobart Hurricanes,TD Paine,DJM Short,B Stanlake,0,0,,,,,,"",""
ball,2,7.5,Hobart Hurricanes,TD Paine,DJM Short,B Stanlake,1,0,,,,,,"",""
ball,2,7.6,Hobart Hurricanes,DJM Short,TD Paine,B Stanlake,0,0,,,,,,"",""
ball,2,7.7,Hobart Hurricanes,DJM Short,TD Paine,B Stanlake,0,0,,,,,,"",""
ball,2,8.1,Hobart Hurricanes,TD Paine,DJM Short,B Laughlin,1,0,,,,,,"",""
ball,2,8.2,Hobart Hurricanes,DJM Short,TD Paine,B Laughlin,0,0,,,,,,"",""
ball,2,8.3,Hobart Hurricanes,DJM Short,TD Paine,B Laughlin,1,0,,,,,,"",""
ball,2,8.4,Hobart Hurricanes,TD Paine,DJM Short,B Laughlin,1,0,,,,,,"",""
ball,2,8.5,Hobart Hurricanes,DJM Short,TD Paine,B Laughlin,1,0,,,,,,"",""
ball,2,8.6,Hobart Hurricanes,TD Paine,DJM Short,B Laughlin,1,0,,,,,,"",""
ball,2,9.1,Hobart Hurricanes,TD Paine,DJM Short,LN O'Connor,1,0,,,,,,"",""
ball,2,9.2,Hobart Hurricanes,DJM Short,TD Paine,LN O'Connor,1,0,,,,,,"",""
ball,2,9.3,Hobart Hurricanes,TD Paine,DJM Short,LN O'Connor,6,0,,,,,,"",""
ball,2,9.4,Hobart Hurricanes,TD Paine,DJM Short,LN O'Connor,0,0,,,,,,"",""
ball,2,9.5,Hobart Hurricanes,TD Paine,DJM Short,LN O'Connor,4,0,,,,,,"",""
ball,2,9.6,Hobart Hurricanes,TD Paine,DJM Short,LN O'Connor,0,0,,,,,,"",""
ball,2,10.1,Hobart Hurricanes,DJM Short,TD Paine,MG Neser,6,0,,,,,,"",""
ball,2,10.2,Hobart Hurricanes,DJM Short,TD Paine,MG Neser,6,1,,1,,,,"",""
ball,2,10.3,Hobart Hurricanes,DJM Short,TD Paine,MG Neser,1,0,,,,,,"",""
ball,2,10.4,Hobart Hurricanes,TD Paine,DJM Short,MG Neser,1,0,,,,,,"",""
ball,2,10.5,Hobart Hurricanes,DJM Short,TD Paine,MG Neser,6,0,,,,,,"",""
ball,2,10.6,Hobart Hurricanes,DJM Short,TD Paine,MG Neser,0,0,,,,,,"",""
ball,2,10.7,Hobart Hurricanes,DJM Short,TD Paine,MG Neser,0,0,,,,,,"",""
ball,2,11.1,Hobart Hurricanes,TD Paine,DJM Short,B Stanlake,0,0,,,,,,"",""
ball,2,11.2,Hobart Hurricanes,TD Paine,DJM Short,B Stanlake,0,0,,,,,,"",""
ball,2,11.3,Hobart Hurricanes,TD Paine,DJM Short,B Stanlake,1,0,,,,,,"",""
ball,2,11.4,Hobart Hurricanes,DJM Short,TD Paine,B Stanlake,0,0,,,,,,"",""
ball,2,11.5,Hobart Hurricanes,DJM Short,TD Paine,B Stanlake,4,0,,,,,,"",""
ball,2,11.6,Hobart Hurricanes,DJM Short,TD Paine,B Stanlake,0,0,,,,,,caught,DJM Short
ball,2,12.1,Hobart Hurricanes,TD Paine,KC Sangakkara,KA Pollard,4,0,,,,,,"",""
ball,2,12.2,Hobart Hurricanes,TD Paine,KC Sangakkara,KA Pollard,1,0,,,,,,"",""
ball,2,12.3,Hobart Hurricanes,KC Sangakkara,TD Paine,KA Pollard,0,0,,,,,,"",""
ball,2,12.4,Hobart Hurricanes,KC Sangakkara,TD Paine,KA Pollard,0,0,,,,,,"",""
ball,2,12.5,Hobart Hurricanes,KC Sangakkara,TD Paine,KA Pollard,1,0,,,,,,"",""
ball,2,12.6,Hobart Hurricanes,TD Paine,KC Sangakkara,KA Pollard,1,0,,,,,,"",""
ball,2,13.1,Hobart Hurricanes,TD Paine,KC Sangakkara,B Stanlake,0,0,,,,,,"",""
ball,2,13.2,Hobart Hurricanes,TD Paine,KC Sangakkara,B Stanlake,0,0,,,,,,"",""
ball,2,13.3,Hobart Hurricanes,TD Paine,KC Sangakkara,B Stanlake,0,0,,,,,,"",""
ball,2,13.4,Hobart Hurricanes,TD Paine,KC Sangakkara,B Stanlake,1,0,,,,,,"",""
ball,2,13.5,Hobart Hurricanes,KC Sangakkara,TD Paine,B Stanlake,0,0,,,,,,"",""
ball,2,13.6,Hobart Hurricanes,KC Sangakkara,TD Paine,B Stanlake,1,0,,,,,,"",""
ball,2,14.1,Hobart Hurricanes,KC Sangakkara,TD Paine,TM Head,0,0,,,,,,"",""
ball,2,14.2,Hobart Hurricanes,KC Sangakkara,TD Paine,TM Head,0,0,,,,,,"",""
ball,2,14.3,Hobart Hurricanes,KC Sangakkara,TD Paine,TM Head,0,0,,,,,,"",""
ball,2,14.4,Hobart Hurricanes,KC Sangakkara,TD Paine,TM Head,1,0,,,,,,"",""
ball,2,14.5,Hobart Hurricanes,TD Paine,KC Sangakkara,TM Head,0,0,,,,,,bowled,TD Paine
ball,2,14.6,Hobart Hurricanes,GJ Bailey,KC Sangakkara,TM Head,2,0,,,,,,"",""
ball,2,15.1,Hobart Hurricanes,KC Sangakkara,GJ Bailey,CJ Jordan,1,0,,,,,,"",""
ball,2,15.2,Hobart Hurricanes,GJ Bailey,KC Sangakkara,CJ Jordan,0,4,,,4,,,"",""
ball,2,15.3,Hobart Hurricanes,GJ Bailey,KC Sangakkara,CJ Jordan,1,0,,,,,,"",""
ball,2,15.4,Hobart Hurricanes,KC Sangakkara,GJ Bailey,CJ Jordan,0,0,,,,,,"",""
ball,2,15.5,Hobart Hurricanes,KC Sangakkara,GJ Bailey,CJ Jordan,6,0,,,,,,"",""
ball,2,15.6,Hobart Hurricanes,KC Sangakkara,GJ Bailey,CJ Jordan,1,0,,,,,,"",""
ball,2,16.1,Hobart Hurricanes,KC Sangakkara,GJ Bailey,TM Head,2,0,,,,,,"",""
ball,2,16.2,Hobart Hurricanes,KC Sangakkara,GJ Bailey,TM Head,1,0,,,,,,"",""
ball,2,16.3,Hobart Hurricanes,GJ Bailey,KC Sangakkara,TM Head,2,0,,,,,,"",""
ball,2,16.4,Hobart Hurricanes,GJ Bailey,KC Sangakkara,TM Head,0,0,,,,,,"",""
ball,2,16.5,Hobart Hurricanes,GJ Bailey,KC Sangakkara,TM Head,1,0,,,,,,"",""
ball,2,16.6,Hobart Hurricanes,KC Sangakkara,GJ Bailey,TM Head,1,0,,,,,,"",""
ball,2,17.1,Hobart Hurricanes,KC Sangakkara,GJ Bailey,MG Neser,0,0,,,,,,"",""
ball,2,17.2,Hobart Hurricanes,KC Sangakkara,GJ Bailey,MG Neser,2,0,,,,,,"",""
ball,2,17.3,Hobart Hurricanes,KC Sangakkara,GJ Bailey,MG Neser,4,0,,,,,,"",""
ball,2,17.4,Hobart Hurricanes,KC Sangakkara,GJ Bailey,MG Neser,1,0,,,,,,"",""
