version,1.6.0
info,balls_per_over,6
info,team,Perth Scorchers
info,team,Adelaide Strikers
info,gender,male
info,season,2016/17
info,date,2016/12/23
info,event,Big Bash League
info,match_number,5
info,venue,Western Australia Cricket Association Ground
info,city,Perth
info,toss_winner,Adelaide Strikers
info,toss_decision,field
info,player_of_match,AJ Turner
info,umpire,GJ Davidson
info,umpire,MD Martell
info,reserve_umpire,NR Johnstone
info,tv_umpire,AJ Barrow
info,match_referee,D Talalla
info,winner,Perth Scorchers
info,winner_runs,48
info,player,Adelaide Strikers,BR Dunk
info,player,Adelaide Strikers,J Weatherald
info,player,Adelaide Strikers,TM Head
info,player,Adelaide Strikers,BJ Hodge
info,player,Adelaide Strikers,KA Pollard
info,player,Adelaide Strikers,JS Lehmann
info,player,Adelaide Strikers,CJ Jordan
info,player,Adelaide Strikers,MG Neser
info,player,Adelaide Strikers,KW Richardson
info,player,Adelaide Strikers,LN O'Connor
info,player,Adelaide Strikers,B Stanlake
info,player,Perth Scorchers,M Klinger
info,player,Perth Scorchers,SM Whiteman
info,player,Perth Scorchers,IR Bell
info,player,Perth Scorchers,MR Marsh
info,player,Perth Scorchers,DJ Willey
info,player,Perth Scorchers,AJ Turner
info,player,Perth Scorchers,AC Voges
info,player,Perth Scorchers,AC Agar
info,player,Perth Scorchers,JA Richardson
info,player,Perth Scorchers,MG Johnson
info,player,Perth Scorchers,AJ Tye
info,registry,people,AC Agar,a2421394
info,registry,people,AC Voges,864c199e
info,registry,people,AJ Barrow,a67aa9df
info,registry,people,AJ Turner,ff1e12a0
info,registry,people,AJ Tye,7c7d63a2
info,registry,people,B Stanlake,6834d1f2
info,registry,people,BJ Hodge,b57f8a9a
info,registry,people,BR Dunk,272d796e
info,registry,people,CJ Jordan,ffe699c0
info,registry,people,D Talalla,dcfe6cdd
info,registry,people,DJ Willey,7f048519
info,registry,people,GJ Davidson,31ad5973
info,registry,people,IR Bell,33155d1b
info,registry,people,J Weatherald,edc7ddb6
info,registry,people,JA Richardson,1ee08e9a
info,registry,people,JS Lehmann,c96a215f
info,registry,people,KA Pollard,a757b0d8
info,registry,people,KW Richardson,dfc4d8b5
info,registry,people,LN O'Connor,5456bd0c
info,registry,people,M Klinger,b970a03f
info,registry,people,MD Martell,487c072e
info,registry,people,MG Johnson,f5180fe6
info,registry,people,MG Neser,0164b064
info,registry,people,MR Marsh,3d8feaf8
info,registry,people,NR Johnstone,ce274b6a
info,registry,people,SM Whiteman,f4427cc6
info,registry,people,TM Head,12b610c2
ball,1,0.1,Perth Scorchers,M Klinger,SM Whiteman,MG Neser,0,4,,,,4,,"",""
ball,1,0.2,Perth Scorchers,M Klinger,SM Whiteman,MG Neser,0,0,,,,,,"",""
ball,1,0.3,Perth Scorchers,M Klinger,SM Whiteman,MG Neser,0,0,,,,,,"",""
ball,1,0.4,Perth Scorchers,M Klinger,SM Whiteman,MG Neser,0,1,1,,,,,"",""
ball,1,0.5,Perth Scorchers,M Klinger,SM Whiteman,MG Neser,1,0,,,,,,"",""
ball,1,0.6,Perth Scorchers,SM Whiteman,M Klinger,MG Neser,1,0,,,,,,"",""
ball,1,0.7,Perth Scorchers,M Klinger,SM Whiteman,MG Neser,0,0,,,,,,caught,M Klinger
ball,1,1.1,Perth Scorchers,IR Bell,SM Whiteman,B Stanlake,1,0,,,,,,"",""
ball,1,1.2,Perth Scorchers,SM Whiteman,IR Bell,B Stanlake,0,0,,,,,,"",""
ball,1,1.3,Perth Scorchers,SM Whiteman,IR Bell,B Stanlake,0,0,,,,,,"",""
ball,1,1.4,Perth Scorchers,SM Whiteman,IR Bell,B Stanlake,0,1,,,,1,,"",""
ball,1,1.5,Perth Scorchers,IR Bell,SM Whiteman,B Stanlake,0,1,,,,1,,"",""
ball,1,1.6,Perth Scorchers,SM Whiteman,IR Bell,B Stanlake,0,0,,,,,,"",""
ball,1,2.1,Perth Scorchers,IR Bell,SM Whiteman,MG Neser,0,0,,,,,,"",""
ball,1,2.2,Perth Scorchers,IR Bell,SM Whiteman,MG Neser,0,1,1,,,,,"",""
ball,1,2.3,Perth Scorchers,IR Bell,SM Whiteman,MG Neser,1,0,,,,,,"",""
ball,1,2.4,Perth Scorchers,SM Whiteman,IR Bell,MG Neser,4,0,,,,,,"",""
ball,1,2.5,Perth Scorchers,SM Whiteman,IR Bell,MG Neser,0,0,,,,,,"",""
ball,1,2.6,Perth Scorchers,SM Whiteman,IR Bell,MG Neser,0,0,,,,,,"",""
ball,1,2.7,Perth Scorchers,SM Whiteman,IR Bell,MG Neser,0,0,,,,,,"",""
ball,1,3.1,Perth Scorchers,IR Bell,SM Whiteman,B Stanlake,0,0,,,,,,"",""
ball,1,3.2,Perth Scorchers,IR Bell,SM Whiteman,B Stanlake,0,0,,,,,,"",""
ball,1,3.3,Perth Scorchers,IR Bell,SM Whiteman,B Stanlake,4,0,,,,,,"",""
ball,1,3.4,Perth Scorchers,IR Bell,SM Whiteman,B Stanlake,4,0,,,,,,"",""
ball,1,3.5,Perth Scorchers,IR Bell,SM Whiteman,B Stanlake,0,1,1,,,,,"",""
ball,1,3.6,Perth Scorchers,IR Bell,SM Whiteman,B Stanlake,0,1,1,,,,,"",""
ball,1,3.7,Perth Scorchers,IR Bell,SM Whiteman,B Stanlake,0,0,,,,,,"",""
ball,1,3.8,Perth Scorchers,IR Bell,SM Whiteman,B Stanlake,0,1,1,,,,,"",""
ball,1,3.9,Perth Scorchers,IR Bell,SM Whiteman,B Stanlake,1,0,,,,,,"",""
ball,1,4.1,Perth Scorchers,IR Bell,SM Whiteman,CJ Jordan,3,0,,,,,,"",""
ball,1,4.2,Perth Scorchers,SM Whiteman,IR Bell,CJ Jordan,3,0,,,,,,"",""
ball,1,4.3,Perth Scorchers,IR Bell,SM Whiteman,CJ Jordan,0,0,,,,,,"",""
ball,1,4.4,Perth Scorchers,IR Bell,SM Whiteman,CJ Jordan,6,0,,,,,,"",""
ball,1,4.5,Perth Scorchers,IR Bell,SM Whiteman,CJ Jordan,1,0,,,,,,"",""
ball,1,4.6,Perth Scorchers,SM Whiteman,IR Bell,CJ Jordan,4,0,,,,,,"",""
ball,1,5.1,Perth Scorchers,IR Bell,SM Whiteman,KW Richardson,4,0,,,,,,"",""
ball,1,5.2,Perth Scorchers,IR Bell,SM Whiteman,KW Richardson,1,0,,,,,,"",""
ball,1,5.3,Perth Scorchers,SM Whiteman,IR Bell,KW Richardson,1,0,,,,,,"",""
ball,1,5.4,Perth Scorchers,IR Bell,SM Whiteman,KW Richardson,0,0,,,,,,"",""
ball,1,5.5,Perth Scorchers,IR Bell,SM Whiteman,KW Richardson,1,0,,,,,,"",""
ball,1,5.6,Perth Scorchers,SM Whiteman,IR Bell,KW Richardson,4,0,,,,,,"",""
ball,1,6.1,Perth Scorchers,IR Bell,SM Whiteman,LN O'Connor,0,0,,,,,,"",""
ball,1,6.2,Perth Scorchers,IR Bell,SM Whiteman,LN O'Connor,0,0,,,,,,"",""
ball,1,6.3,Perth Scorchers,IR Bell,SM Whiteman,LN O'Connor,2,0,,,,,,"",""
ball,1,6.4,Perth Scorchers,IR Bell,SM Whiteman,LN O'Connor,0,0,,,,,,"",""
ball,1,6.5,Perth Scorchers,IR Bell,SM Whiteman,LN O'Connor,1,0,,,,,,"",""
ball,1,6.6,Perth Scorchers,SM Whiteman,IR Bell,LN O'Connor,1,0,,,,,,"",""
ball,1,7.1,Perth Scorchers,SM Whiteman,IR Bell,KW Richardson,0,0,,,,,,"",""
ball,1,7.2,Perth Scorchers,SM Whiteman,IR Bell,KW Richardson,4,0,,,,,,"",""
ball,1,7.3,Perth Scorchers,SM Whiteman,IR Bell,KW Richardson,0,0,,,,,,caught,SM Whiteman
ball,1,7.4,Perth Scorchers,IR Bell,MR Marsh,KW Richardson,4,0,,,,,,"",""
ball,1,7.5,Perth Scorchers,IR Bell,MR Marsh,KW Richardson,1,0,,,,,,"",""
ball,1,7.6,Perth Scorchers,MR Marsh,IR Bell,KW Richardson,0,0,,,,,,"",""
ball,1,8.1,Perth Scorchers,IR Bell,MR Marsh,LN O'Connor,1,0,,,,,,"",""
ball,1,8.2,Perth Scorchers,MR Marsh,IR Bell,LN O'Connor,0,0,,,,,,"",""
ball,1,8.3,Perth Scorchers,MR Marsh,IR Bell,LN O'Connor,0,0,,,,,,"",""
ball,1,8.4,Perth Scorchers,MR Marsh,IR Bell,LN O'Connor,0,0,,,,,,"",""
ball,1,8.5,Perth Scorchers,MR Marsh,IR Bell,LN O'Connor,1,0,,,,,,"",""
ball,1,8.6,Perth Scorchers,IR Bell,MR Marsh,LN O'Connor,0,1,,,,1,,"",""
ball,1,9.1,Perth Scorchers,IR Bell,MR Marsh,B Stanlake,1,0,,,,,,"",""
ball,1,9.2,Perth Scorchers,MR Marsh,IR Bell,B Stanlake,0,0,,,,,,"",""
ball,1,9.3,Perth Scorchers,MR Marsh,IR Bell,B Stanlake,2,0,,,,,,"",""
ball,1,9.4,Perth Scorchers,MR Marsh,IR Bell,B Stanlake,6,0,,,,,,"",""
ball,1,9.5,Perth Scorchers,MR Marsh,IR Bell,B Stanlake,4,0,,,,,,"",""
ball,1,9.6,Perth Scorchers,MR Marsh,IR Bell,B Stanlake,1,0,,,,,,"",""
ball,1,10.1,Perth Scorchers,MR Marsh,IR Bell,LN O'Connor,6,0,,,,,,"",""
ball,1,10.2,Perth Scorchers,MR Marsh,IR Bell,LN O'Connor,1,0,,,,,,"",""
ball,1,10.3,Perth Scorchers,IR Bell,MR Marsh,LN O'Connor,6,0,,,,,,"",""
ball,1,10.4,Perth Scorchers,IR Bell,MR Marsh,LN O'Connor,0,0,,,,,,"",""
ball,1,10.5,Perth Scorchers,IR Bell,MR Marsh,LN O'Connor,2,0,,,,,,"",""
ball,1,10.6,Perth Scorchers,IR Bell,MR Marsh,LN O'Connor,1,0,,,,,,"",""
ball,1,11.1,Perth Scorchers,IR Bell,MR Marsh,MG Neser,1,0,,,,,,"",""
ball,1,11.2,Perth Scorchers,MR Marsh,IR Bell,MG Neser,0,0,,,,,,"",""
ball,1,11.3,Perth Scorchers,MR Marsh,IR Bell,MG Neser,1,0,,,,,,"",""
ball,1,11.4,Perth Scorchers,IR Bell,MR Marsh,MG Neser,1,0,,,,,,"",""
ball,1,11.5,Perth Scorchers,MR Marsh,IR Bell,MG Neser,2,0,,,,,,"",""
ball,1,11.6,Perth Scorchers,MR Marsh,IR Bell,MG Neser,4,1,,1,,,,"",""
ball,1,11.7,Perth Scorchers,MR Marsh,IR Bell,MG Neser,2,0,,,,,,"",""
ball,1,12.1,Perth Scorchers,IR Bell,MR Marsh,CJ Jordan,4,0,,,,,,"",""
ball,1,12.2,Perth Scorchers,IR Bell,MR Marsh,CJ Jordan,1,0,,,,,,"",""
ball,1,12.3,Perth Scorchers,MR Marsh,IR Bell,CJ Jordan,1,0,,,,,,"",""
ball,1,12.4,Perth Scorchers,IR Bell,MR Marsh,CJ Jordan,1,0,,,,,,"",""
ball,1,12.5,Perth Scorchers,MR Marsh,IR Bell,CJ Jordan,0,0,,,,,,caught and bowled,MR Marsh
ball,1,12.6,Perth Scorchers,DJ Willey,IR Bell,CJ Jordan,0,0,,,,,,"",""
ball,1,13.1,Perth Scorchers,IR Bell,DJ Willey,KW Richardson,1,0,,,,,,"",""
ball,1,13.2,Perth Scorchers,DJ Willey,IR Bell,KW Richardson,1,0,,,,,,"",""
ball,1,13.3,Perth Scorchers,IR Bell,DJ Willey,KW Richardson,1,0,,,,,,"",""
ball,1,13.4,Perth Scorchers,DJ Willey,IR Bell,KW Richardson,0,0,,,,,,"",""
ball,1,13.5,Perth Scorchers,DJ Willey,IR Bell,KW Richardson,1,0,,,,,,"",""
ball,1,13.6,Perth Scorchers,IR Bell,DJ Willey,KW Richardson,0,0,,,,,,"",""
ball,1,14.1,Perth Scorchers,DJ Willey,IR Bell,CJ Jordan,0,0,,,,,,caught,DJ Willey
ball,1,14.2,Perth Scorchers,IR Bell,AJ Turner,CJ Jordan,1,0,,,,,,"",""
ball,1,14.3,Perth Scorchers,AJ Turner,IR Bell,CJ Jordan,0,0,,,,,,"",""
ball,1,14.4,Perth Scorchers,AJ Turner,IR Bell,CJ Jordan,2,0,,,,,,"",""
ball,1,14.5,Perth Scorchers,AJ Turner,IR Bell,CJ Jordan,0,1,1,,,,,"",""
ball,1,14.6,Perth Scorchers,AJ Turner,IR Bell,CJ Jordan,1,0,,,,,,"",""
ball,1,14.7,Perth Scorchers,IR Bell,AJ Turner,CJ Jordan,4,0,,,,,,"",""
ball,1,15.1,Perth Scorchers,AJ Turner,IR Bell,KW Richardson,0,0,,,,,,run out,IR Bell
ball,1,15.2,Perth Scorchers,AC Voges,AJ Turner,KW Richardson,0,1,,,,1,,"",""
ball,1,15.3,Perth Scorchers,AJ Turner,AC Voges,KW Richardson,6,0,,,,,,"",""
ball,1,15.4,Perth Scorchers,AJ Turner,AC Voges,KW Richardson,6,0,,,,,,"",""
ball,1,15.5,Perth Scorchers,AJ Turner,AC Voges,KW Richardson,1,0,,,,,,"",""
ball,1,15.6,Perth Scorchers,AC Voges,AJ Turner,KW Richardson,1,0,,,,,,"",""
ball,1,16.1,Perth Scorchers,AC Voges,AJ Turner,KA Pollard,1,0,,,,,,"",""
ball,1,16.2,Perth Scorchers,AJ Turner,AC Voges,KA Pollard,4,0,,,,,,"",""
ball,1,16.3,Perth Scorchers,AJ Turner,AC Voges,KA Pollard,2,0,,,,,,"",""
ball,1,16.4,Perth Scorchers,AJ Turner,AC Voges,KA Pollard,0,1,1,,,,,"",""
ball,1,16.5,Perth Scorchers,AJ Turner,AC Voges,KA Pollard,1,0,,,,,,"",""
ball,1,16.6,Perth Scorchers,AC Voges,AJ Turner,KA Pollard,0,0,,,,,,caught,AC Voges
ball,1,16.7,Perth Scorchers,AC Agar,AJ Turner,KA Pollard,1,0,,,,,,"",""
ball,1,17.1,Perth Scorchers,AC Agar,AJ Turner,B Stanlake,1,0,,,,,,"",""
ball,1,17.2,Perth Scorchers,AJ Turner,AC Agar,B Stanlake,0,0,,,,,,"",""
ball,1,17.3,Perth Scorchers,AJ Turner,AC Agar,B Stanlake,4,0,,,,,,"",""
ball,1,17.4,Perth Scorchers,AJ Turner,AC Agar,B Stanlake,1,0,,,,,,"",""
ball,1,17.5,Perth Scorchers,AC Agar,AJ Turner,B Stanlake,0,0,,,,,,"",""
ball,1,17.6,Perth Scorchers,AC Agar,AJ Turner,B Stanlake,1,0,,,,,,"",""
ball,1,18.1,Perth Scorchers,AC Agar,AJ Turner,CJ Jordan,1,0,,,,,,"",""
ball,1,18.2,Perth Scorchers,AJ Turner,AC Agar,CJ Jordan,0,1,1,,,,,"",""
ball,1,18.3,Perth Scorchers,AJ Turner,AC Agar,CJ Jordan,1,0,,,,,,"",""
ball,1,18.4,Perth Scorchers,AC Agar,AJ Turner,CJ Jordan,3,0,,,,,,"",""
ball,1,18.5,Perth Scorchers,AJ Turner,AC Agar,CJ Jordan,1,0,,,,,,"",""
ball,1,18.6,Perth Scorchers,AC Agar,AJ Turner,CJ Jordan,4,0,,,,,,"",""
ball,1,18.7,Perth Scorchers,AC Agar,AJ Turner,CJ Jordan,4,0,,,,,,"",""
ball,1,19.1,Perth Scorchers,AJ Turner,AC Agar,MG Neser,1,0,,,,,,"",""
ball,1,19.2,Perth Scorchers,AC Agar,AJ Turner,MG Neser,1,0,,,,,,"",""
ball,1,19.3,Perth Scorchers,AJ Turner,AC Agar,MG Neser,0,1,1,,,,,"",""
ball,1,19.4,Perth Scorchers,AJ Turner,AC Agar,MG Neser,6,0,,,,,,"",""
ball,1,19.5,Perth Scorchers,AJ Turner,AC Agar,MG Neser,1,0,,,,,,"",""
ball,1,19.6,Perth Scorchers,AC Agar,AJ Turner,MG Neser,0,0,,,,,,caught,AC Agar
ball,1,19.7,Perth Scorchers,AJ Turner,JA Richardson,MG Neser,6,0,,,,,,"",""
ball,2,0.1,Adelaide Strikers,BR Dunk,J Weatherald,DJ Willey,0,0,,,,,,"",""
ball,2,0.2,Adelaide Strikers,BR Dunk,J Weatherald,DJ Willey,0,0,,,,,,"",""
ball,2,0.3,Adelaide Strikers,BR Dunk,J Weatherald,DJ Willey,0,0,,,,,,caught,BR Dunk
ball,2,0.4,Adelaide Strikers,TM Head,J Weatherald,DJ Willey,4,0,,,,,,"",""
ball,2,0.5,Adelaide Strikers,TM Head,J Weatherald,DJ Willey,0,0,,,,,,"",""
ball,2,0.6,Adelaide Strikers,TM Head,J Weatherald,DJ Willey,0,0,,,,,,"",""
ball,2,1.1,Adelaide Strikers,J Weatherald,TM Head,AJ Turner,1,0,,,,,,"",""
ball,2,1.2,Adelaide Strikers,TM Head,J Weatherald,AJ Turner,0,0,,,,,,"",""
ball,2,1.3,Adelaide Strikers,TM Head,J Weatherald,AJ Turner,1,0,,,,,,"",""
ball,2,1.4,Adelaide Strikers,J Weatherald,TM Head,AJ Turner,0,0,,,,,,"",""
ball,2,1.5,Adelaide Strikers,J Weatherald,TM Head,AJ Turner,0,0,,,,,,"",""
ball,2,1.6,Adelaide Strikers,J Weatherald,TM Head,AJ Turner,0,0,,,,,,"",""
ball,2,2.1,Adelaide Strikers,TM Head,J Weatherald,DJ Willey,0,0,,,,,,"",""
ball,2,2.2,Adelaide Strikers,TM Head,J Weatherald,DJ Willey,0,0,,,,,,"",""
ball,2,2.3,Adelaide Strikers,TM Head,J Weatherald,DJ Willey,1,0,,,,,,"",""
ball,2,2.4,Adelaide Strikers,J Weatherald,TM Head,DJ Willey,0,0,,,,,,"",""
ball,2,2.5,Adelaide Strikers,J Weatherald,TM Head,DJ Willey,0,0,,,,,,"",""
ball,2,2.6,Adelaide Strikers,J Weatherald,TM Head,DJ Willey,0,0,,,,,,lbw,J Weatherald
ball,2,3.1,Adelaide Strikers,TM Head,BJ Hodge,JA Richardson,1,0,,,,,,"",""
ball,2,3.2,Adelaide Strikers,BJ Hodge,TM Head,JA Richardson,1,0,,,,,,"",""
ball,2,3.3,Adelaide Strikers,TM Head,BJ Hodge,JA Richardson,0,0,,,,,,"",""
ball,2,3.4,Adelaide Strikers,TM Head,BJ Hodge,JA Richardson,4,0,,,,,,"",""
ball,2,3.5,Adelaide Strikers,TM Head,BJ Hodge,JA Richardson,2,0,,,,,,"",""
ball,2,3.6,Adelaide Strikers,TM Head,BJ Hodge,JA Richardson,0,0,,,,,,caught,TM Head
ball,2,4.1,Adelaide Strikers,BJ Hodge,KA Pollard,DJ Willey,4,0,,,,,,"",""
ball,2,4.2,Adelaide Strikers,BJ Hodge,KA Pollard,DJ Willey,0,0,,,,,,"",""
ball,2,4.3,Adelaide Strikers,BJ Hodge,KA Pollard,DJ Willey,1,0,,,,,,"",""
ball,2,4.4,Adelaide Strikers,KA Pollard,BJ Hodge,DJ Willey,1,0,,,,,,"",""
ball,2,4.5,Adelaide Strikers,BJ Hodge,KA Pollard,DJ Willey,0,0,,,,,,"",""
ball,2,4.6,Adelaide Strikers,BJ Hodge,KA Pollard,DJ Willey,0,0,,,,,,"",""
ball,2,5.1,Adelaide Strikers,KA Pollard,BJ Hodge,JA Richardson,1,0,,,,,,"",""
ball,2,5.2,Adelaide Strikers,BJ Hodge,KA Pollard,JA Richardson,4,0,,,,,,"",""
ball,2,5.3,Adelaide Strikers,BJ Hodge,KA Pollard,JA Richardson,4,0,,,,,,"",""
ball,2,5.4,Adelaide Strikers,BJ Hodge,KA Pollard,JA Richardson,4,0,,,,,,"",""
ball,2,5.5,Adelaide Strikers,BJ Hodge,KA Pollard,JA Richardson,4,0,,,,,,"",""
ball,2,5.6,Adelaide Strikers,BJ Hodge,KA Pollard,JA Richardson,0,1,1,,,,,"",""
ball,2,5.7,Adelaide Strikers,BJ Hodge,KA Pollard,JA Richardson,2,0,,,,,,"",""
ball,2,6.1,Adelaide Strikers,KA Pollard,BJ Hodge,AJ Tye,0,1,,,,1,,"",""
ball,2,6.2,Adelaide Strikers,BJ Hodge,KA Pollard,AJ Tye,1,0,,,,,,"",""
ball,2,6.3,Adelaide Strikers,KA Pollard,BJ Hodge,AJ Tye,0,0,,,,,,"",""
ball,2,6.4,Adelaide Strikers,KA Pollard,BJ Hodge,AJ Tye,1,0,,,,,,"",""
ball,2,6.5,Adelaide Strikers,BJ Hodge,KA Pollard,AJ Tye,0,0,,,,,,"",""
ball,2,6.6,Adelaide Strikers,BJ Hodge,KA Pollard,AJ Tye,1,0,,,,,,"",""
ball,2,7.1,Adelaide Strikers,BJ Hodge,KA Pollard,MG Johnson,4,0,,,,,,"",""
ball,2,7.2,Adelaide Strikers,BJ Hodge,KA Pollard,MG Johnson,1,0,,,,,,"",""
ball,2,7.3,Adelaide Strikers,KA Pollard,BJ Hodge,MG Johnson,1,0,,,,,,"",""
ball,2,7.4,Adelaide Strikers,BJ Hodge,KA Pollard,MG Johnson,1,0,,,,,,"",""
ball,2,7.5,Adelaide Strikers,KA Pollard,BJ Hodge,MG Johnson,0,0,,,,,,caught,KA Pollard
ball,2,7.6,Adelaide Strikers,BJ Hodge,JS Lehmann,MG Johnson,1,0,,,,,,"",""
ball,2,8.1,Adelaide Strikers,BJ Hodge,JS Lehmann,AJ Tye,6,0,,,,,,"",""
ball,2,8.2,Adelaide Strikers,BJ Hodge,JS Lehmann,AJ Tye,0,0,,,,,,"",""
ball,2,8.3,Adelaide Strikers,BJ Hodge,JS Lehmann,AJ Tye,1,0,,,,,,"",""
ball,2,8.4,Adelaide Strikers,JS Lehmann,BJ Hodge,AJ Tye,1,0,,,,,,"",""
ball,2,8.5,Adelaide Strikers,BJ Hodge,JS Lehmann,AJ Tye,0,0,,,,,,"",""
ball,2,8.6,Adelaide Strikers,BJ Hodge,JS Lehmann,AJ Tye,0,0,,,,,,"",""
ball,2,9.1,Adelaide Strikers,JS Lehmann,BJ Hodge,AJ Turner,0,0,,,,,,"",""
ball,2,9.2,Adelaide Strikers,JS Lehmann,BJ Hodge,AJ Turner,1,0,,,,,,"",""
ball,2,9.3,Adelaide Strikers,BJ Hodge,JS Lehmann,AJ Turner,2,0,,,,,,"",""
ball,2,9.4,Adelaide Strikers,BJ Hodge,JS Lehmann,AJ Turner,1,0,,,,,,"",""
ball,2,9.5,Adelaide Strikers,JS Lehmann,BJ Hodge,AJ Turner,0,0,,,,,,"",""
ball,2,9.6,Adelaide Strikers,JS Lehmann,BJ Hodge,AJ Turner,0,0,,,,,,"",""
ball,2,10.1,Adelaide Strikers,BJ Hodge,JS Lehmann,MR Marsh,0,0,,,,,,"",""
ball,2,10.2,Adelaide Strikers,BJ Hodge,JS Lehmann,MR Marsh,1,0,,,,,,"",""
ball,2,10.3,Adelaide Strikers,JS Lehmann,BJ Hodge,MR Marsh,0,0,,,,,,run out,JS Lehmann
ball,2,10.4,Adelaide Strikers,BJ Hodge,CJ Jordan,MR Marsh,2,0,,,,,,"",""
ball,2,10.5,Adelaide Strikers,BJ Hodge,CJ Jordan,MR Marsh,4,0,,,,,,"",""
ball,2,10.6,Adelaide Strikers,BJ Hodge,CJ Jordan,MR Marsh,4,0,,,,,,"",""
ball,2,11.1,Adelaide Strikers,CJ Jordan,BJ Hodge,AC Agar,1,0,,,,,,"",""
ball,2,11.2,Adelaide Strikers,BJ Hodge,CJ Jordan,AC Agar,1,0,,,,,,"",""
ball,2,11.3,Adelaide Strikers,CJ Jordan,BJ Hodge,AC Agar,0,0,,,,,,lbw,CJ Jordan
ball,2,11.4,Adelaide Strikers,MG Neser,BJ Hodge,AC Agar,1,0,,,,,,"",""
ball,2,11.5,Adelaide Strikers,BJ Hodge,MG Neser,AC Agar,1,0,,,,,,"",""
ball,2,11.6,Adelaide Strikers,MG Neser,BJ Hodge,AC Agar,1,0,,,,,,"",""
ball,2,12.1,Adelaide Strikers,MG Neser,BJ Hodge,MG Johnson,4,0,,,,,,"",""
ball,2,12.2,Adelaide Strikers,MG Neser,BJ Hodge,MG Johnson,1,0,,,,,,"",""
ball,2,12.3,Adelaide Strikers,BJ Hodge,MG Neser,MG Johnson,0,0,,,,,,bowled,BJ Hodge
ball,2,12.4,Adelaide Strikers,KW Richardson,MG Neser,MG Johnson,0,1,1,,,,,"",""
ball,2,12.5,Adelaide Strikers,KW Richardson,MG Neser,MG Johnson,0,0,,,,,,"",""
ball,2,12.6,Adelaide Strikers,KW Richardson,MG Neser,MG Johnson,0,0,,,,,,"",""
ball,2,12.7,Adelaide Strikers,KW Richardson,MG Neser,MG Johnson,1,0,,,,,,"",""
ball,2,13.1,Adelaide Strikers,KW Richardson,MG Neser,AC Agar,6,0,,,,,,"",""
ball,2,13.2,Adelaide Strikers,KW Richardson,MG Neser,AC Agar,0,1,,,,1,,"",""
ball,2,13.3,Adelaide Strikers,MG Neser,KW Richardson,AC Agar,1,0,,,,,,"",""
ball,2,13.4,Adelaide Strikers,KW Richardson,MG Neser,AC Agar,6,0,,,,,,"",""
ball,2,13.5,Adelaide Strikers,KW Richardson,MG Neser,AC Agar,6,0,,,,,,"",""
ball,2,13.6,Adelaide Strikers,KW Richardson,MG Neser,AC Agar,1,0,,,,,,"",""
ball,2,14.1,Adelaide Strikers,KW Richardson,MG Neser,AJ Tye,2,0,,,,,,"",""
ball,2,14.2,Adelaide Strikers,KW Richardson,MG Neser,AJ Tye,2,0,,,,,,"",""
ball,2,14.3,Adelaide Strikers,KW Richardson,MG Neser,AJ Tye,0,0,,,,,,"",""
ball,2,14.4,Adelaide Strikers,KW Richardson,MG Neser,AJ Tye,0,0,,,,,,"",""
ball,2,14.5,Adelaide Strikers,KW Richardson,MG Neser,AJ Tye,1,0,,,,,,"",""
ball,2,14.6,Adelaide Strikers,MG Neser,KW Richardson,AJ Tye,1,0,,,,,,"",""
ball,2,15.1,Adelaide Strikers,MG Neser,KW Richardson,MG Johnson,1,0,,,,,,"",""
ball,2,15.2,Adelaide Strikers,KW Richardson,MG Neser,MG Johnson,6,0,,,,,,"",""
ball,2,15.3,Adelaide Strikers,KW Richardson,MG Neser,MG Johnson,0,0,,,,,,"",""
ball,2,15.4,Adelaide Strikers,KW Richardson,MG Neser,MG Johnson,0,0,,,,,,"",""
ball,2,15.5,Adelaide Strikers,KW Richardson,MG Neser,MG Johnson,0,0,,,,,,"",""
ball,2,15.6,Adelaide Strikers,KW Richardson,MG Neser,MG Johnson,0,0,,,,,,"",""
ball,2,16.1,Adelaide Strikers,MG Neser,KW Richardson,AJ Tye,0,0,,,,,,"",""
ball,2,16.2,Adelaide Strikers,MG Neser,KW Richardson,AJ Tye,1,0,,,,,,"",""
ball,2,16.3,Adelaide Strikers,KW Richardson,MG Neser,AJ Tye,1,0,,,,,,"",""
ball,2,16.4,Adelaide Strikers,MG Neser,KW Richardson,AJ Tye,1,0,,,,,,"",""
ball,2,16.5,Adelaide Strikers,KW Richardson,MG Neser,AJ Tye,4,0,,,,,,"",""
ball,2,16.6,Adelaide Strikers,KW Richardson,MG Neser,AJ Tye,1,0,,,,,,"",""
ball,2,17.1,Adelaide Strikers,KW Richardson,MG Neser,MG Johnson,4,0,,,,,,"",""
ball,2,17.2,Adelaide Strikers,KW Richardson,MG Neser,MG Johnson,1,0,,,,,,"",""
ball,2,17.3,Adelaide Strikers,MG Neser,KW Richardson,MG Johnson,1,0,,,,,,"",""
ball,2,17.4,Adelaide Strikers,KW Richardson,MG Neser,MG Johnson,1,0,,,,,,"",""
ball,2,17.5,Adelaide Strikers,MG Neser,KW Richardson,MG Johnson,4,0,,,,,,"",""
ball,2,17.6,Adelaide Strikers,MG Neser,KW Richardson,MG Johnson,0,0,,,,,,caught,MG Neser
ball,2,18.1,Adelaide Strikers,KW Richardson,LN O'Connor,DJ Willey,0,1,1,,,,,"",""
ball,2,18.2,Adelaide Strikers,KW Richardson,LN O'Connor,DJ Willey,0,0,,,,,,"",""
ball,2,18.3,Adelaide Strikers,KW Richardson,LN O'Connor,DJ Willey,1,0,,,,,,"",""
ball,2,18.4,Adelaide Strikers,LN O'Connor,KW Richardson,DJ Willey,0,0,,,,,,"",""
ball,2,18.5,Adelaide Strikers,LN O'Connor,KW Richardson,DJ Willey,0,0,,,,,,"",""
ball,2,18.6,Adelaide Strikers,LN O'Connor,KW Richardson,DJ Willey,1,0,,,,,,"",""
ball,2,18.7,Adelaide Strikers,KW Richardson,LN O'Connor,DJ Willey,1,0,,,,,,"",""
ball,2,19.1,Adelaide Strikers,KW Richardson,LN O'Connor,JA Richardson,0,0,,,,,,caught,KW Richardson
ball,2,19.2,Adelaide Strikers,B Stanlake,LN O'Connor,JA Richardson,2,0,,,,,,"",""
ball,2,19.3,Adelaide Strikers,B Stanlake,LN O'Connor,JA Richardson,0,0,,,,,,"",""
ball,2,19.4,Adelaide Strikers,B Stanlake,LN O'Connor,JA Richardson,0,1,1,,,,,"",""
ball,2,19.5,Adelaide Strikers,B Stanlake,LN O'Connor,JA Richardson,1,0,,,,,,"",""
ball,2,19.6,Adelaide Strikers,LN O'Connor,B Stanlake,JA Richardson,0,0,,,,,,"",""
ball,2,19.7,Adelaide Strikers,LN O'Connor,B Stanlake,JA Richardson,0,0,,,,,,"",""
