version,1.6.0
info,balls_per_over,6
info,team,Adelaide Strikers
info,team,Melbourne Renegades
info,gender,male
info,season,2016/17
info,date,2017/01/16
info,event,Big Bash League
info,match_number,27
info,venue,Adelaide Oval
info,city,
info,toss_winner,Adelaide Strikers
info,toss_decision,field
info,player_of_match,MS Harris
info,umpire,JD Ward
info,umpire,AK Wilds
info,reserve_umpire,C Kemp
info,tv_umpire,PJ Gillespie
info,match_referee,PL Marshall
info,winner,Melbourne Renegades
info,winner_runs,6
info,player,Adelaide Strikers,TP Ludeman
info,player,Adelaide Strikers,BR Dunk
info,player,Adelaide Strikers,J Weatherald
info,player,Adelaide Strikers,KA Pollard
info,player,Adelaide Strikers,BJ Hodge
info,player,Adelaide Strikers,MG Neser
info,player,Adelaide Strikers,JR Dean
info,player,Adelaide Strikers,IS Sodhi
info,player,Adelaide Strikers,WA Agar
info,player,Adelaide Strikers,B Laughlin
info,player,Adelaide Strikers,LN O'Connor
info,player,Melbourne Renegades,MS Harris
info,player,Melbourne Renegades,AJ Finch
info,player,Melbourne Renegades,CL White
info,player,Melbourne Renegades,TLW Cooper
info,player,Melbourne Renegades,CJ Ferguson
info,player,Melbourne Renegades,NLTC Perera
info,player,Melbourne Renegades,SP Narine
info,player,Melbourne Renegades,PM Nevill
info,player,Melbourne Renegades,JL Pattinson
info,player,Melbourne Renegades,NJ Rimmington
info,player,Melbourne Renegades,GB Hogg
info,registry,people,AJ Finch,b8d490fd
info,registry,people,AK Wilds,de412f40
info,registry,people,B Laughlin,b2a79f17
info,registry,people,BJ Hodge,b57f8a9a
info,registry,people,BR Dunk,272d796e
info,registry,people,C Kemp,4ba47d5a
info,registry,people,CJ Ferguson,9b4935c8
info,registry,people,CL White,d0513f63
info,registry,people,CP Tremain,96824e68
info,registry,people,GB Hogg,f708a0bc
info,registry,people,IS Sodhi,641ac5ff
info,registry,people,J Weatherald,edc7ddb6
info,registry,people,JD Ward,511299c1
info,registry,people,JL Pattinson,f752db61
info,registry,people,JR Dean,97188292
info,registry,people,KA Pollard,a757b0d8
info,registry,people,LN O'Connor,5456bd0c
info,registry,people,MG Neser,0164b064
info,registry,people,MS Harris,9e85455c
info,registry,people,NJ Rimmington,6042bf26
info,registry,people,NLTC Perera,0f12f9df
info,registry,people,PJ Gillespie,3e253a50
info,registry,people,PL Marshall,c1ca6df3
info,registry,people,PM Nevill,a22fb7b5
info,registry,people,SP Narine,9d430b40
info,registry,people,TLW Cooper,2318ba22
info,registry,people,TP Ludeman,c3f7898b
info,registry,people,WA Agar,15de1f5d
ball,1,0.1,Melbourne Renegades,MS Harris,AJ Finch,MG Neser,0,0,,,,,,"",""
ball,1,0.2,Melbourne Renegades,MS Harris,AJ Finch,MG Neser,0,0,,,,,,"",""
ball,1,0.3,Melbourne Renegades,MS Harris,AJ Finch,MG Neser,0,0,,,,,,"",""
ball,1,0.4,Melbourne Renegades,MS Harris,AJ Finch,MG Neser,2,0,,,,,,"",""
ball,1,0.5,Melbourne Renegades,MS Harris,AJ Finch,MG Neser,0,0,,,,,,"",""
ball,1,0.6,Melbourne Renegades,MS Harris,AJ Finch,MG Neser,3,0,,,,,,"",""
ball,1,1.1,Melbourne Renegades,MS Harris,AJ Finch,LN O'Connor,2,0,,,,,,"",""
ball,1,1.2,Melbourne Renegades,MS Harris,AJ Finch,LN O'Connor,2,0,,,,,,"",""
ball,1,1.3,Melbourne Renegades,MS Harris,AJ Finch,LN O'Connor,1,0,,,,,,"",""
ball,1,1.4,Melbourne Renegades,AJ Finch,MS Harris,LN O'Connor,1,0,,,,,,"",""
ball,1,1.5,Melbourne Renegades,MS Harris,AJ Finch,LN O'Connor,4,0,,,,,,"",""
ball,1,1.6,Melbourne Renegades,MS Harris,AJ Finch,LN O'Connor,0,0,,,,,,"",""
ball,1,2.1,Melbourne Renegades,AJ Finch,MS Harris,WA Agar,0,1,1,,,,,"",""
ball,1,2.2,Melbourne Renegades,AJ Finch,MS Harris,WA Agar,4,0,,,,,,"",""
ball,1,2.3,Melbourne Renegades,AJ Finch,MS Harris,WA Agar,1,0,,,,,,"",""
ball,1,2.4,Melbourne Renegades,MS Harris,AJ Finch,WA Agar,4,0,,,,,,"",""
ball,1,2.5,Melbourne Renegades,MS Harris,AJ Finch,WA Agar,4,0,,,,,,"",""
ball,1,2.6,Melbourne Renegades,MS Harris,AJ Finch,WA Agar,4,0,,,,,,"",""
ball,1,2.7,Melbourne Renegades,MS Harris,AJ Finch,WA Agar,2,0,,,,,,"",""
ball,1,3.1,Melbourne Renegades,AJ Finch,MS Harris,LN O'Connor,0,0,,,,,,"",""
ball,1,3.2,Melbourne Renegades,AJ Finch,MS Harris,LN O'Connor,4,0,,,,,,"",""
ball,1,3.3,Melbourne Renegades,AJ Finch,MS Harris,LN O'Connor,0,2,,,2,,,"",""
ball,1,3.4,Melbourne Renegades,AJ Finch,MS Harris,LN O'Connor,4,0,,,,,,"",""
ball,1,3.5,Melbourne Renegades,AJ Finch,MS Harris,LN O'Connor,4,0,,,,,,"",""
ball,1,3.6,Melbourne Renegades,AJ Finch,MS Harris,LN O'Connor,0,0,,,,,,"",""
ball,1,4.1,Melbourne Renegades,MS Harris,AJ Finch,B Laughlin,0,0,,,,,,"",""
ball,1,4.2,Melbourne Renegades,MS Harris,AJ Finch,B Laughlin,1,0,,,,,,"",""
ball,1,4.3,Melbourne Renegades,AJ Finch,MS Harris,B Laughlin,0,0,,,,,,"",""
ball,1,4.4,Melbourne Renegades,AJ Finch,MS Harris,B Laughlin,1,0,,,,,,"",""
ball,1,4.5,Melbourne Renegades,MS Harris,AJ Finch,B Laughlin,0,0,,,,,,"",""
ball,1,4.6,Melbourne Renegades,MS Harris,AJ Finch,B Laughlin,0,0,,,,,,"",""
ball,1,5.1,Melbourne Renegades,AJ Finch,MS Harris,MG Neser,0,1,,,,1,,"",""
ball,1,5.2,Melbourne Renegades,MS Harris,AJ Finch,MG Neser,2,0,,,,,,"",""
ball,1,5.3,Melbourne Renegades,MS Harris,AJ Finch,MG Neser,1,0,,,,,,"",""
ball,1,5.4,Melbourne Renegades,AJ Finch,MS Harris,MG Neser,0,0,,,,,,caught,AJ Finch
ball,1,5.5,Melbourne Renegades,MS Harris,CL White,MG Neser,1,0,,,,,,"",""
ball,1,5.6,Melbourne Renegades,CL White,MS Harris,MG Neser,0,0,,,,,,"",""
ball,1,6.1,Melbourne Renegades,MS Harris,CL White,IS Sodhi,3,0,,,,,,"",""
ball,1,6.2,Melbourne Renegades,CL White,MS Harris,IS Sodhi,1,0,,,,,,"",""
ball,1,6.3,Melbourne Renegades,MS Harris,CL White,IS Sodhi,0,1,1,,,,,"",""
ball,1,6.4,Melbourne Renegades,MS Harris,CL White,IS Sodhi,1,0,,,,,,"",""
ball,1,6.5,Melbourne Renegades,CL White,MS Harris,IS Sodhi,1,0,,,,,,"",""
ball,1,6.6,Melbourne Renegades,MS Harris,CL White,IS Sodhi,1,0,,,,,,"",""
ball,1,6.7,Melbourne Renegades,CL White,MS Harris,IS Sodhi,0,0,,,,,,"",""
ball,1,7.1,Melbourne Renegades,MS Harris,CL White,KA Pollard,0,0,,,,,,"",""
ball,1,7.2,Melbourne Renegades,MS Harris,CL White,KA Pollard,4,0,,,,,,"",""
ball,1,7.3,Melbourne Renegades,MS Harris,CL White,KA Pollard,6,0,,,,,,"",""
ball,1,7.4,Melbourne Renegades,MS Harris,CL White,KA Pollard,2,0,,,,,,"",""
ball,1,7.5,Melbourne Renegades,MS Harris,CL White,KA Pollard,6,0,,,,,,"",""
ball,1,7.6,Melbourne Renegades,MS Harris,CL White,KA Pollard,1,0,,,,,,"",""
ball,1,8.1,Melbourne Renegades,MS Harris,CL White,IS Sodhi,1,0,,,,,,"",""
ball,1,8.2,Melbourne Renegades,CL White,MS Harris,IS Sodhi,1,0,,,,,,"",""
ball,1,8.3,Melbourne Renegades,MS Harris,CL White,IS Sodhi,4,0,,,,,,"",""
ball,1,8.4,Melbourne Renegades,MS Harris,CL White,IS Sodhi,0,0,,,,,,"",""
ball,1,8.5,Melbourne Renegades,MS Harris,CL White,IS Sodhi,1,0,,,,,,"",""
ball,1,8.6,Melbourne Renegades,CL White,MS Harris,IS Sodhi,0,0,,,,,,"",""
ball,1,9.1,Melbourne Renegades,MS Harris,CL White,B Laughlin,0,0,,,,,,"",""
ball,1,9.2,Melbourne Renegades,MS Harris,CL White,B Laughlin,0,0,,,,,,"",""
ball,1,9.3,Melbourne Renegades,MS Harris,CL White,B Laughlin,1,0,,,,,,"",""
ball,1,9.4,Melbourne Renegades,CL White,MS Harris,B Laughlin,1,0,,,,,,"",""
ball,1,9.5,Melbourne Renegades,MS Harris,CL White,B Laughlin,1,0,,,,,,"",""
ball,1,9.6,Melbourne Renegades,CL White,MS Harris,B Laughlin,0,0,,,,,,"",""
ball,1,10.1,Melbourne Renegades,MS Harris,CL White,LN O'Connor,1,0,,,,,,"",""
ball,1,10.2,Melbourne Renegades,CL White,MS Harris,LN O'Connor,6,0,,,,,,"",""
ball,1,10.3,Melbourne Renegades,CL White,MS Harris,LN O'Connor,0,0,,,,,,caught,CL White
ball,1,10.4,Melbourne Renegades,MS Harris,TLW Cooper,LN O'Connor,1,0,,,,,,"",""
ball,1,10.5,Melbourne Renegades,TLW Cooper,MS Harris,LN O'Connor,0,0,,,,,,"",""
ball,1,10.6,Melbourne Renegades,TLW Cooper,MS Harris,LN O'Connor,1,0,,,,,,"",""
ball,1,11.1,Melbourne Renegades,TLW Cooper,MS Harris,IS Sodhi,0,0,,,,,,"",""
ball,1,11.2,Melbourne Renegades,TLW Cooper,MS Harris,IS Sodhi,1,0,,,,,,"",""
ball,1,11.3,Melbourne Renegades,MS Harris,TLW Cooper,IS Sodhi,0,0,,,,,,"",""
ball,1,11.4,Melbourne Renegades,MS Harris,TLW Cooper,IS Sodhi,0,0,,,,,,"",""
ball,1,11.5,Melbourne Renegades,MS Harris,TLW Cooper,IS Sodhi,1,0,,,,,,"",""
ball,1,11.6,Melbourne Renegades,TLW Cooper,MS Harris,IS Sodhi,6,0,,,,,,"",""
ball,1,12.1,Melbourne Renegades,MS Harris,TLW Cooper,LN O'Connor,6,0,,,,,,"",""
ball,1,12.2,Melbourne Renegades,MS Harris,TLW Cooper,LN O'Connor,0,0,,,,,,"",""
ball,1,12.3,Melbourne Renegades,MS Harris,TLW Cooper,LN O'Connor,1,0,,,,,,"",""
ball,1,12.4,Melbourne Renegades,TLW Cooper,MS Harris,LN O'Connor,1,0,,,,,,"",""
ball,1,12.5,Melbourne Renegades,MS Harris,TLW Cooper,LN O'Connor,1,0,,,,,,"",""
ball,1,12.6,Melbourne Renegades,TLW Cooper,MS Harris,LN O'Connor,1,0,,,,,,"",""
ball,1,13.1,Melbourne Renegades,TLW Cooper,MS Harris,MG Neser,2,0,,,,,,"",""
ball,1,13.2,Melbourne Renegades,TLW Cooper,MS Harris,MG Neser,0,0,,,,,,"",""
ball,1,13.3,Melbourne Renegades,TLW Cooper,MS Harris,MG Neser,0,0,,,,,,"",""
ball,1,13.4,Melbourne Renegades,TLW Cooper,MS Harris,MG Neser,2,0,,,,,,"",""
ball,1,13.5,Melbourne Renegades,TLW Cooper,MS Harris,MG Neser,0,0,,,,,,caught,TLW Cooper
ball,1,13.6,Melbourne Renegades,CJ Ferguson,MS Harris,MG Neser,1,0,,,,,,"",""
ball,1,14.1,Melbourne Renegades,CJ Ferguson,MS Harris,WA Agar,6,0,,,,,,"",""
ball,1,14.2,Melbourne Renegades,CJ Ferguson,MS Harris,WA Agar,3,0,,,,,,"",""
ball,1,14.3,Melbourne Renegades,MS Harris,CJ Ferguson,WA Agar,1,0,,,,,,"",""
ball,1,14.4,Melbourne Renegades,CJ Ferguson,MS Harris,WA Agar,1,0,,,,,,"",""
ball,1,14.5,Melbourne Renegades,MS Harris,CJ Ferguson,WA Agar,1,0,,,,,,"",""
ball,1,14.6,Melbourne Renegades,CJ Ferguson,MS Harris,WA Agar,1,0,,,,,,"",""
ball,1,15.1,Melbourne Renegades,CJ Ferguson,MS Harris,IS Sodhi,0,0,,,,,,"",""
ball,1,15.2,Melbourne Renegades,CJ Ferguson,MS Harris,IS Sodhi,3,0,,,,,,"",""
ball,1,15.3,Melbourne Renegades,MS Harris,CJ Ferguson,IS Sodhi,1,0,,,,,,"",""
ball,1,15.4,Melbourne Renegades,CJ Ferguson,MS Harris,IS Sodhi,1,0,,,,,,"",""
ball,1,15.5,Melbourne Renegades,MS Harris,CJ Ferguson,IS Sodhi,6,0,,,,,,"",""
ball,1,15.6,Melbourne Renegades,MS Harris,CJ Ferguson,IS Sodhi,0,0,,,,,,caught,MS Harris
ball,1,16.1,Melbourne Renegades,NLTC Perera,CJ Ferguson,B Laughlin,0,0,,,,,,"",""
ball,1,16.2,Melbourne Renegades,NLTC Perera,CJ Ferguson,B Laughlin,0,0,,,,,,"",""
ball,1,16.3,Melbourne Renegades,NLTC Perera,CJ Ferguson,B Laughlin,0,0,,,,,,caught,NLTC Perera
ball,1,16.4,Melbourne Renegades,CJ Ferguson,SP Narine,B Laughlin,1,0,,,,,,"",""
ball,1,16.5,Melbourne Renegades,SP Narine,CJ Ferguson,B Laughlin,2,0,,,,,,"",""
ball,1,16.6,Melbourne Renegades,SP Narine,CJ Ferguson,B Laughlin,0,0,,,,,,"",""
ball,1,17.1,Melbourne Renegades,CJ Ferguson,SP Narine,KA Pollard,1,0,,,,,,"",""
ball,1,17.2,Melbourne Renegades,SP Narine,CJ Ferguson,KA Pollard,0,0,,,,,,"",""
ball,1,17.3,Melbourne Renegades,SP Narine,CJ Ferguson,KA Pollard,0,1,1,,,,,"",""
ball,1,17.4,Melbourne Renegades,SP Narine,CJ Ferguson,KA Pollard,0,0,,,,,,caught,SP Narine
ball,1,17.5,Melbourne Renegades,CJ Ferguson,PM Nevill,KA Pollard,1,0,,,,,,"",""
ball,1,17.6,Melbourne Renegades,PM Nevill,CJ Ferguson,KA Pollard,1,0,,,,,,"",""
ball,1,17.7,Melbourne Renegades,CJ Ferguson,PM Nevill,KA Pollard,1,0,,,,,,"",""
ball,1,18.1,Melbourne Renegades,CJ Ferguson,PM Nevill,B Laughlin,1,0,,,,,,"",""
ball,1,18.2,Melbourne Renegades,PM Nevill,CJ Ferguson,B Laughlin,1,0,,,,,,"",""
ball,1,18.3,Melbourne Renegades,CJ Ferguson,PM Nevill,B Laughlin,1,0,,,,,,"",""
ball,1,18.4,Melbourne Renegades,PM Nevill,CJ Ferguson,B Laughlin,4,0,,,,,,"",""
ball,1,18.5,Melbourne Renegades,PM Nevill,CJ Ferguson,B Laughlin,0,0,,,,,,"",""
ball,1,18.6,Melbourne Renegades,PM Nevill,CJ Ferguson,B Laughlin,0,0,,,,,,caught,PM Nevill
ball,1,19.1,Melbourne Renegades,JL Pattinson,CJ Ferguson,KA Pollard,1,0,,,,,,"",""
ball,1,19.2,Melbourne Renegades,CJ Ferguson,JL Pattinson,KA Pollard,4,0,,,,,,"",""
ball,1,19.3,Melbourne Renegades,CJ Ferguson,JL Pattinson,KA Pollard,0,0,,,,,,caught,CJ Ferguson
ball,1,19.4,Melbourne Renegades,JL Pattinson,NJ Rimmington,KA Pollard,0,0,,,,,,caught,JL Pattinson
ball,1,19.5,Melbourne Renegades,NJ Rimmington,GB Hogg,KA Pollard,1,0,,,,,,"",""
ball,1,19.6,Melbourne Renegades,GB Hogg,NJ Rimmington,KA Pollard,0,1,,,1,,,"",""
ball,2,0.1,Adelaide Strikers,TP Ludeman,BR Dunk,TLW Cooper,0,0,,,,,,"",""
ball,2,0.2,Adelaide Strikers,TP Ludeman,BR Dunk,TLW Cooper,0,0,,,,,,"",""
ball,2,0.3,Adelaide Strikers,TP Ludeman,BR Dunk,TLW Cooper,1,0,,,,,,"",""
ball,2,0.4,Adelaide Strikers,BR Dunk,TP Ludeman,TLW Cooper,1,0,,,,,,"",""
ball,2,0.5,Adelaide Strikers,TP Ludeman,BR Dunk,TLW Cooper,4,0,,,,,,"",""
ball,2,0.6,Adelaide Strikers,TP Ludeman,BR Dunk,TLW Cooper,0,0,,,,,,"",""
ball,2,1.1,Adelaide Strikers,BR Dunk,TP Ludeman,JL Pattinson,1,0,,,,,,"",""
ball,2,1.2,Adelaide Strikers,TP Ludeman,BR Dunk,JL Pattinson,1,0,,,,,,"",""
ball,2,1.3,Adelaide Strikers,BR Dunk,TP Ludeman,JL Pattinson,6,0,,,,,,"",""
ball,2,1.4,Adelaide Strikers,BR Dunk,TP Ludeman,JL Pattinson,4,0,,,,,,"",""
ball,2,1.5,Adelaide Strikers,BR Dunk,TP Ludeman,JL Pattinson,0,0,,,,,,"",""
ball,2,1.6,Adelaide Strikers,BR Dunk,TP Ludeman,JL Pattinson,2,0,,,,,,"",""
ball,2,2.1,Adelaide Strikers,TP Ludeman,BR Dunk,TLW Cooper,4,0,,,,,,"",""
ball,2,2.2,Adelaide Strikers,TP Ludeman,BR Dunk,TLW Cooper,0,0,,,,,,"",""
ball,2,2.3,Adelaide Strikers,TP Ludeman,BR Dunk,TLW Cooper,2,0,,,,,,"",""
ball,2,2.4,Adelaide Strikers,TP Ludeman,BR Dunk,TLW Cooper,2,0,,,,,,"",""
ball,2,2.5,Adelaide Strikers,TP Ludeman,BR Dunk,TLW Cooper,2,0,,,,,,"",""
ball,2,2.6,Adelaide Strikers,TP Ludeman,BR Dunk,TLW Cooper,1,0,,,,,,"",""
ball,2,3.1,Adelaide Strikers,TP Ludeman,BR Dunk,SP Narine,3,0,,,,,,"",""
ball,2,3.2,Adelaide Strikers,BR Dunk,TP Ludeman,SP Narine,0,0,,,,,,"",""
ball,2,3.3,Adelaide Strikers,BR Dunk,TP Ludeman,SP Narine,1,0,,,,,,"",""
ball,2,3.4,Adelaide Strikers,TP Ludeman,BR Dunk,SP Narine,0,0,,,,,,"",""
ball,2,3.5,Adelaide Strikers,TP Ludeman,BR Dunk,SP Narine,1,0,,,,,,"",""
ball,2,3.6,Adelaide Strikers,BR Dunk,TP Ludeman,SP Narine,2,0,,,,,,"",""
ball,2,4.1,Adelaide Strikers,TP Ludeman,BR Dunk,JL Pattinson,1,0,,,,,,"",""
ball,2,4.2,Adelaide Strikers,BR Dunk,TP Ludeman,JL Pattinson,1,0,,,,,,"",""
ball,2,4.3,Adelaide Strikers,TP Ludeman,BR Dunk,JL Pattinson,2,0,,,,,,"",""
ball,2,4.4,Adelaide Strikers,TP Ludeman,BR Dunk,JL Pattinson,2,0,,,,,,"",""
ball,2,4.5,Adelaide Strikers,TP Ludeman,BR Dunk,JL Pattinson,0,0,,,,,,"",""
ball,2,4.6,Adelaide Strikers,TP Ludeman,BR Dunk,JL Pattinson,2,0,,,,,,"",""
ball,2,5.1,Adelaide Strikers,BR Dunk,TP Ludeman,NJ Rimmington,0,0,,,,,,"",""
ball,2,5.2,Adelaide Strikers,BR Dunk,TP Ludeman,NJ Rimmington,1,0,,,,,,"",""
ball,2,5.3,Adelaide Strikers,TP Ludeman,BR Dunk,NJ Rimmington,1,0,,,,,,"",""
ball,2,5.4,Adelaide Strikers,BR Dunk,TP Ludeman,NJ Rimmington,4,0,,,,,,"",""
ball,2,5.5,Adelaide Strikers,BR Dunk,TP Ludeman,NJ Rimmington,1,0,,,,,,"",""
ball,2,5.6,Adelaide Strikers,TP Ludeman,BR Dunk,NJ Rimmington,0,0,,,,,,caught,TP Ludeman
ball,2,6.1,Adelaide Strikers,J Weatherald,BR Dunk,TLW Cooper,0,0,,,,,,"",""
ball,2,6.2,Adelaide Strikers,J Weatherald,BR Dunk,TLW Cooper,1,0,,,,,,"",""
ball,2,6.3,Adelaide Strikers,BR Dunk,J Weatherald,TLW Cooper,0,0,,,,,,"",""
ball,2,6.4,Adelaide Strikers,BR Dunk,J Weatherald,TLW Cooper,1,0,,,,,,"",""
ball,2,6.5,Adelaide Strikers,J Weatherald,BR Dunk,TLW Cooper,1,0,,,,,,"",""
ball,2,6.6,Adelaide Strikers,BR Dunk,J Weatherald,TLW Cooper,1,0,,,,,,"",""
ball,2,7.1,Adelaide Strikers,BR Dunk,J Weatherald,GB Hogg,0,0,,,,,,"",""
ball,2,7.2,Adelaide Strikers,BR Dunk,J Weatherald,GB Hogg,4,0,,,,,,"",""
ball,2,7.3,Adelaide Strikers,BR Dunk,J Weatherald,GB Hogg,0,0,,,,,,"",""
ball,2,7.4,Adelaide Strikers,BR Dunk,J Weatherald,GB Hogg,0,0,,,,,,"",""
ball,2,7.5,Adelaide Strikers,BR Dunk,J Weatherald,GB Hogg,0,0,,,,,,"",""
ball,2,7.6,Adelaide Strikers,BR Dunk,J Weatherald,GB Hogg,1,0,,,,,,"",""
ball,2,8.1,Adelaide Strikers,BR Dunk,J Weatherald,TLW Cooper,1,0,,,,,,"",""
ball,2,8.2,Adelaide Strikers,J Weatherald,BR Dunk,TLW Cooper,1,0,,,,,,"",""
ball,2,8.3,Adelaide Strikers,BR Dunk,J Weatherald,TLW Cooper,0,0,,,,,,bowled,BR Dunk
ball,2,8.4,Adelaide Strikers,KA Pollard,J Weatherald,TLW Cooper,1,0,,,,,,"",""
ball,2,8.5,Adelaide Strikers,J Weatherald,KA Pollard,TLW Cooper,1,0,,,,,,"",""
ball,2,8.6,Adelaide Strikers,KA Pollard,J Weatherald,TLW Cooper,1,0,,,,,,"",""
ball,2,9.1,Adelaide Strikers,KA Pollard,J Weatherald,JL Pattinson,1,0,,,,,,"",""
ball,2,9.2,Adelaide Strikers,J Weatherald,KA Pollard,JL Pattinson,4,0,,,,,,"",""
ball,2,9.3,Adelaide Strikers,J Weatherald,KA Pollard,JL Pattinson,1,0,,,,,,"",""
ball,2,9.4,Adelaide Strikers,KA Pollard,J Weatherald,JL Pattinson,1,0,,,,,,"",""
ball,2,9.5,Adelaide Strikers,J Weatherald,KA Pollard,JL Pattinson,0,0,,,,,,"",""
ball,2,9.6,Adelaide Strikers,J Weatherald,KA Pollard,JL Pattinson,2,0,,,,,,"",""
ball,2,10.1,Adelaide Strikers,KA Pollard,J Weatherald,GB Hogg,4,0,,,,,,"",""
ball,2,10.2,Adelaide Strikers,KA Pollard,J Weatherald,GB Hogg,0,0,,,,,,"",""
ball,2,10.3,Adelaide Strikers,KA Pollard,J Weatherald,GB Hogg,2,0,,,,,,"",""
ball,2,10.4,Adelaide Strikers,KA Pollard,J Weatherald,GB Hogg,2,0,,,,,,"",""
ball,2,10.5,Adelaide Strikers,KA Pollard,J Weatherald,GB Hogg,1,0,,,,,,"",""
ball,2,10.6,Adelaide Strikers,J Weatherald,KA Pollard,GB Hogg,0,0,,,,,,"",""
ball,2,11.1,Adelaide Strikers,KA Pollard,J Weatherald,SP Narine,6,0,,,,,,"",""
ball,2,11.2,Adelaide Strikers,KA Pollard,J Weatherald,SP Narine,0,0,,,,,,"",""
ball,2,11.3,Adelaide Strikers,KA Pollard,J Weatherald,SP Narine,0,0,,,,,,run out,J Weatherald
ball,2,11.4,Adelaide Strikers,BJ Hodge,KA Pollard,SP Narine,0,0,,,,,,"",""
ball,2,11.5,Adelaide Strikers,BJ Hodge,KA Pollard,SP Narine,1,0,,,,,,"",""
ball,2,11.6,Adelaide Strikers,KA Pollard,BJ Hodge,SP Narine,0,0,,,,,,"",""
ball,2,12.1,Adelaide Strikers,BJ Hodge,KA Pollard,GB Hogg,0,0,,,,,,"",""
ball,2,12.2,Adelaide Strikers,BJ Hodge,KA Pollard,GB Hogg,0,0,,,,,,"",""
ball,2,12.3,Adelaide Strikers,BJ Hodge,KA Pollard,GB Hogg,1,0,,,,,,"",""
ball,2,12.4,Adelaide Strikers,KA Pollard,BJ Hodge,GB Hogg,0,0,,,,,,"",""
ball,2,12.5,Adelaide Strikers,KA Pollard,BJ Hodge,GB Hogg,1,0,,,,,,"",""
ball,2,12.6,Adelaide Strikers,BJ Hodge,KA Pollard,GB Hogg,1,0,,,,,,"",""
ball,2,13.1,Adelaide Strikers,BJ Hodge,KA Pollard,NLTC Perera,1,0,,,,,,"",""
ball,2,13.2,Adelaide Strikers,KA Pollard,BJ Hodge,NLTC Perera,2,0,,,,,,"",""
ball,2,13.3,Adelaide Strikers,KA Pollard,BJ Hodge,NLTC Perera,0,0,,,,,,caught,KA Pollard
ball,2,13.4,Adelaide Strikers,MG Neser,BJ Hodge,NLTC Perera,1,0,,,,,,"",""
ball,2,13.5,Adelaide Strikers,BJ Hodge,MG Neser,NLTC Perera,1,0,,,,,,"",""
ball,2,13.6,Adelaide Strikers,MG Neser,BJ Hodge,NLTC Perera,1,0,,,,,,"",""
ball,2,14.1,Adelaide Strikers,MG Neser,BJ Hodge,NJ Rimmington,0,1,,,,1,,"",""
ball,2,14.2,Adelaide Strikers,BJ Hodge,MG Neser,NJ Rimmington,1,0,,,,,,"",""
ball,2,14.3,Adelaide Strikers,MG Neser,BJ Hodge,NJ Rimmington,1,0,,,,,,"",""
ball,2,14.4,Adelaide Strikers,BJ Hodge,MG Neser,NJ Rimmington,4,0,,,,,,"",""
ball,2,14.5,Adelaide Strikers,BJ Hodge,MG Neser,NJ Rimmington,1,0,,,,,,"",""
ball,2,14.6,Adelaide Strikers,MG Neser,BJ Hodge,NJ Rimmington,0,0,,,,,,"",""
ball,2,15.1,Adelaide Strikers,BJ Hodge,MG Neser,SP Narine,1,0,,,,,,"",""
ball,2,15.2,Adelaide Strikers,MG Neser,BJ Hodge,SP Narine,6,0,,,,,,"",""
ball,2,15.3,Adelaide Strikers,MG Neser,BJ Hodge,SP Narine,1,0,,,,,,"",""
ball,2,15.4,Adelaide Strikers,BJ Hodge,MG Neser,SP Narine,1,0,,,,,,"",""
ball,2,15.5,Adelaide Strikers,MG Neser,BJ Hodge,SP Narine,0,0,,,,,,"",""
ball,2,15.6,Adelaide Strikers,MG Neser,BJ Hodge,SP Narine,0,0,,,,,,bowled,MG Neser
ball,2,16.1,Adelaide Strikers,BJ Hodge,JR Dean,GB Hogg,2,0,,,,,,"",""
ball,2,16.2,Adelaide Strikers,BJ Hodge,JR Dean,GB Hogg,1,0,,,,,,"",""
ball,2,16.3,Adelaide Strikers,JR Dean,BJ Hodge,GB Hogg,1,0,,,,,,"",""
ball,2,16.4,Adelaide Strikers,BJ Hodge,JR Dean,GB Hogg,4,0,,,,,,"",""
ball,2,16.5,Adelaide Strikers,BJ Hodge,JR Dean,GB Hogg,1,0,,,,,,"",""
ball,2,16.6,Adelaide Strikers,JR Dean,BJ Hodge,GB Hogg,2,0,,,,,,"",""
ball,2,17.1,Adelaide Strikers,BJ Hodge,JR Dean,NLTC Perera,1,0,,,,,,"",""
ball,2,17.2,Adelaide Strikers,JR Dean,BJ Hodge,NLTC Perera,1,0,,,,,,"",""
ball,2,17.3,Adelaide Strikers,BJ Hodge,JR Dean,NLTC Perera,4,0,,,,,,"",""
ball,2,17.4,Adelaide Strikers,BJ Hodge,JR Dean,NLTC Perera,0,0,,,,,,bowled,BJ Hodge
ball,2,17.5,Adelaide Strikers,IS Sodhi,JR Dean,NLTC Perera,1,0,,,,,,"",""
ball,2,17.6,Adelaide Strikers,JR Dean,IS Sodhi,NLTC Perera,1,0,,,,,,"",""
ball,2,18.1,Adelaide Strikers,JR Dean,IS Sodhi,SP Narine,6,0,,,,,,"",""
ball,2,18.2,Adelaide Strikers,JR Dean,IS Sodhi,SP Narine,6,0,,,,,,"",""
ball,2,18.3,Adelaide Strikers,JR Dean,IS Sodhi,SP Narine,3,0,,,,,,"",""
ball,2,18.4,Adelaide Strikers,IS Sodhi,JR Dean,SP Narine,0,0,,,,,,"",""
ball,2,18.5,Adelaide Strikers,IS Sodhi,JR Dean,SP Narine,1,0,,,,,,"",""
ball,2,18.6,Adelaide Strikers,JR Dean,IS Sodhi,SP Narine,1,0,,,,,,"",""
ball,2,19.1,Adelaide Strikers,JR Dean,IS Sodhi,NLTC Perera,0,0,,,,,,caught,JR Dean
ball,2,19.2,Adelaide Strikers,WA Agar,IS Sodhi,NLTC Perera,4,0,,,,,,"",""
ball,2,19.3,Adelaide Strikers,WA Agar,IS Sodhi,NLTC Perera,4,0,,,,,,"",""
ball,2,19.4,Adelaide Strikers,WA Agar,IS Sodhi,NLTC Perera,0,0,,,,,,caught,WA Agar
ball,2,19.5,Adelaide Strikers,IS Sodhi,B Laughlin,NLTC Perera,2,0,,,,,,"",""
ball,2,19.6,Adelaide Strikers,IS Sodhi,B Laughlin,NLTC Perera,1,0,,,,,,"",""
