version,1.6.0
info,balls_per_over,6
info,team,Melbourne Renegades
info,team,Brisbane Heat
info,gender,male
info,season,2017/18
info,date,2017/12/23
info,event,Big Bash League
info,match_number,6
info,venue,Docklands Stadium
info,city,Melbourne
info,toss_winner,Melbourne Renegades
info,toss_decision,field
info,player_of_match,JD Wildermuth
info,umpire,P Wilson
info,umpire,JD Ward
info,reserve_umpire,S Brne
info,tv_umpire,SAJ Craig
info,match_referee,RW Stratford
info,winner,Melbourne Renegades
info,winner_wickets,7
info,player,Brisbane Heat,JJ Peirson
info,player,Brisbane Heat,BB McCullum
info,player,Brisbane Heat,SD Heazlett
info,player,Brisbane Heat,M Labuschagne
info,player,Brisbane Heat,AI Ross
info,player,Brisbane Heat,BCJ Cutting
info,player,Brisbane Heat,Shadab Khan
info,player,Brisbane Heat,JK Lalor
info,player,Brisbane Heat,MT Steketee
info,player,Brisbane Heat,B Doggett
info,player,Brisbane Heat,MJ Swepson
info,player,Melbourne Renegades,AJ Finch
info,player,Melbourne Renegades,MS Harris
info,player,Melbourne Renegades,CL White
info,player,Melbourne Renegades,TLW Cooper
info,player,Melbourne Renegades,BJ Hodge
info,player,Melbourne Renegades,DJ Bravo
info,player,Melbourne Renegades,Mohammad Nabi
info,player,Melbourne Renegades,TP Ludeman
info,player,Melbourne Renegades,KW Richardson
info,player,Melbourne Renegades,GB Hogg
info,player,Melbourne Renegades,JD Wildermuth
info,registry,people,AI Ross,fb0d68b4
info,registry,people,AJ Finch,b8d490fd
info,registry,people,B Doggett,898e628d
info,registry,people,BB McCullum,b8a55852
info,registry,people,BCJ Cutting,2e11c706
info,registry,people,BJ Hodge,b57f8a9a
info,registry,people,CL White,d0513f63
info,registry,people,DJ Bravo,87e562a9
info,registry,people,GB Hogg,f708a0bc
info,registry,people,JD Ward,511299c1
info,registry,people,JD Wildermuth,f1c61793
info,registry,people,JJ Peirson,2b55c3b4
info,registry,people,JK Lalor,88209c84
info,registry,people,KW Richardson,dfc4d8b5
info,registry,people,M Labuschagne,fa433be6
info,registry,people,MJ Swepson,86b4bf88
info,registry,people,MS Harris,9e85455c
info,registry,people,MT Steketee,903560ed
info,registry,people,Mohammad Nabi,62af8546
info,registry,people,P Wilson,68304a36
info,registry,people,RW Stratford,85489579
info,registry,people,S Brne,f552dfcb
info,registry,people,SAJ Craig,689f2eed
info,registry,people,SD Heazlett,e00a9155
info,registry,people,Shadab Khan,9de62878
info,registry,people,TLW Cooper,2318ba22
info,registry,people,TP Ludeman,c3f7898b
ball,1,0.1,Brisbane Heat,JJ Peirson,BB McCullum,Mohammad Nabi,0,0,,,,,,"",""
ball,1,0.2,Brisbane Heat,JJ Peirson,BB McCullum,Mohammad Nabi,1,0,,,,,,"",""
ball,1,0.3,Brisbane Heat,BB McCullum,JJ Peirson,Mohammad Nabi,0,0,,,,,,"",""
ball,1,0.4,Brisbane Heat,BB McCullum,JJ Peirson,Mohammad Nabi,0,0,,,,,,"",""
ball,1,0.5,Brisbane Heat,BB McCullum,JJ Peirson,Mohammad Nabi,0,0,,,,,,"",""
ball,1,0.6,Brisbane Heat,BB McCullum,JJ Peirson,Mohammad Nabi,1,0,,,,,,"",""
ball,1,1.1,Brisbane Heat,BB McCullum,JJ Peirson,TLW Cooper,4,0,,,,,,"",""
ball,1,1.2,Brisbane Heat,BB McCullum,JJ Peirson,TLW Cooper,0,0,,,,,,bowled,BB McCullum
ball,1,1.3,Brisbane Heat,SD Heazlett,JJ Peirson,TLW Cooper,0,0,,,,,,"",""
ball,1,1.4,Brisbane Heat,SD Heazlett,JJ Peirson,TLW Cooper,0,0,,,,,,"",""
ball,1,1.5,Brisbane Heat,SD Heazlett,JJ Peirson,TLW Cooper,2,0,,,,,,"",""
ball,1,1.6,Brisbane Heat,SD Heazlett,JJ Peirson,TLW Cooper,0,0,,,,,,"",""
ball,1,2.1,Brisbane Heat,JJ Peirson,SD Heazlett,Mohammad Nabi,0,0,,,,,,"",""
ball,1,2.2,Brisbane Heat,JJ Peirson,SD Heazlett,Mohammad Nabi,2,0,,,,,,"",""
ball,1,2.3,Brisbane Heat,JJ Peirson,SD Heazlett,Mohammad Nabi,4,0,,,,,,"",""
ball,1,2.4,Brisbane Heat,JJ Peirson,SD Heazlett,Mohammad Nabi,1,0,,,,,,"",""
ball,1,2.5,Brisbane Heat,SD Heazlett,JJ Peirson,Mohammad Nabi,4,0,,,,,,"",""
ball,1,2.6,Brisbane Heat,SD Heazlett,JJ Peirson,Mohammad Nabi,1,0,,,,,,"",""
ball,1,3.1,Brisbane Heat,SD Heazlett,JJ Peirson,JD Wildermuth,0,0,,,,,,"",""
ball,1,3.2,Brisbane Heat,SD Heazlett,JJ Peirson,JD Wildermuth,0,0,,,,,,"",""
ball,1,3.3,Brisbane Heat,SD Heazlett,JJ Peirson,JD Wildermuth,4,0,,,,,,"",""
ball,1,3.4,Brisbane Heat,SD Heazlett,JJ Peirson,JD Wildermuth,0,0,,,,,,"",""
ball,1,3.5,Brisbane Heat,SD Heazlett,JJ Peirson,JD Wildermuth,0,0,,,,,,caught,SD Heazlett
ball,1,3.6,Brisbane Heat,JJ Peirson,M Labuschagne,JD Wildermuth,1,0,,,,,,"",""
ball,1,4.1,Brisbane Heat,JJ Peirson,M Labuschagne,KW Richardson,0,0,,,,,,"",""
ball,1,4.2,Brisbane Heat,JJ Peirson,M Labuschagne,KW Richardson,2,0,,,,,,"",""
ball,1,4.3,Brisbane Heat,JJ Peirson,M Labuschagne,KW Richardson,0,0,,,,,,"",""
ball,1,4.4,Brisbane Heat,JJ Peirson,M Labuschagne,KW Richardson,1,0,,,,,,"",""
ball,1,4.5,Brisbane Heat,M Labuschagne,JJ Peirson,KW Richardson,0,0,,,,,,"",""
ball,1,4.6,Brisbane Heat,M Labuschagne,JJ Peirson,KW Richardson,0,0,,,,,,"",""
ball,1,5.1,Brisbane Heat,JJ Peirson,M Labuschagne,JD Wildermuth,0,0,,,,,,"",""
ball,1,5.2,Brisbane Heat,JJ Peirson,M Labuschagne,JD Wildermuth,0,0,,,,,,bowled,JJ Peirson
ball,1,5.3,Brisbane Heat,AI Ross,M Labuschagne,JD Wildermuth,0,0,,,,,,"",""
ball,1,5.4,Brisbane Heat,AI Ross,M Labuschagne,JD Wildermuth,0,0,,,,,,"",""
ball,1,5.5,Brisbane Heat,AI Ross,M Labuschagne,JD Wildermuth,0,0,,,,,,"",""
ball,1,5.6,Brisbane Heat,AI Ross,M Labuschagne,JD Wildermuth,1,0,,,,,,"",""
ball,1,6.1,Brisbane Heat,AI Ross,M Labuschagne,GB Hogg,4,0,,,,,,"",""
ball,1,6.2,Brisbane Heat,AI Ross,M Labuschagne,GB Hogg,1,0,,,,,,"",""
ball,1,6.3,Brisbane Heat,M Labuschagne,AI Ross,GB Hogg,1,0,,,,,,"",""
ball,1,6.4,Brisbane Heat,AI Ross,M Labuschagne,GB Hogg,1,0,,,,,,"",""
ball,1,6.5,Brisbane Heat,M Labuschagne,AI Ross,GB Hogg,1,0,,,,,,"",""
ball,1,6.6,Brisbane Heat,AI Ross,M Labuschagne,GB Hogg,0,0,,,,,,"",""
ball,1,7.1,Brisbane Heat,M Labuschagne,AI Ross,AJ Finch,0,0,,,,,,"",""
ball,1,7.2,Brisbane Heat,M Labuschagne,AI Ross,AJ Finch,2,0,,,,,,"",""
ball,1,7.3,Brisbane Heat,M Labuschagne,AI Ross,AJ Finch,1,0,,,,,,"",""
ball,1,7.4,Brisbane Heat,AI Ross,M Labuschagne,AJ Finch,0,0,,,,,,"",""
ball,1,7.5,Brisbane Heat,AI Ross,M Labuschagne,AJ Finch,1,0,,,,,,"",""
ball,1,7.6,Brisbane Heat,M Labuschagne,AI Ross,AJ Finch,1,0,,,,,,"",""
ball,1,8.1,Brisbane Heat,M Labuschagne,AI Ross,DJ Bravo,1,0,,,,,,"",""
ball,1,8.2,Brisbane Heat,AI Ross,M Labuschagne,DJ Bravo,2,0,,,,,,"",""
ball,1,8.3,Brisbane Heat,AI Ross,M Labuschagne,DJ Bravo,1,0,,,,,,"",""
ball,1,8.4,Brisbane Heat,M Labuschagne,AI Ross,DJ Bravo,1,0,,,,,,"",""
ball,1,8.5,Brisbane Heat,AI Ross,M Labuschagne,DJ Bravo,1,0,,,,,,"",""
ball,1,8.6,Brisbane Heat,M Labuschagne,AI Ross,DJ Bravo,4,0,,,,,,"",""
ball,1,9.1,Brisbane Heat,AI Ross,M Labuschagne,JD Wildermuth,0,0,,,,,,"",""
ball,1,9.2,Brisbane Heat,AI Ross,M Labuschagne,JD Wildermuth,1,0,,,,,,"",""
ball,1,9.3,Brisbane Heat,M Labuschagne,AI Ross,JD Wildermuth,4,0,,,,,,"",""
ball,1,9.4,Brisbane Heat,M Labuschagne,AI Ross,JD Wildermuth,1,0,,,,,,"",""
ball,1,9.5,Brisbane Heat,AI Ross,M Labuschagne,JD Wildermuth,0,0,,,,,,"",""
ball,1,9.6,Brisbane Heat,AI Ross,M Labuschagne,JD Wildermuth,1,0,,,,,,"",""
ball,1,10.1,Brisbane Heat,AI Ross,M Labuschagne,GB Hogg,2,0,,,,,,"",""
ball,1,10.2,Brisbane Heat,AI Ross,M Labuschagne,GB Hogg,1,0,,,,,,"",""
ball,1,10.3,Brisbane Heat,M Labuschagne,AI Ross,GB Hogg,2,0,,,,,,"",""
ball,1,10.4,Brisbane Heat,M Labuschagne,AI Ross,GB Hogg,0,0,,,,,,"",""
ball,1,10.5,Brisbane Heat,M Labuschagne,AI Ross,GB Hogg,0,0,,,,,,"",""
ball,1,10.6,Brisbane Heat,M Labuschagne,AI Ross,GB Hogg,0,0,,,,,,"",""
ball,1,11.1,Brisbane Heat,AI Ross,M Labuschagne,JD Wildermuth,0,0,,,,,,"",""
ball,1,11.2,Brisbane Heat,AI Ross,M Labuschagne,JD Wildermuth,1,0,,,,,,"",""
ball,1,11.3,Brisbane Heat,M Labuschagne,AI Ross,JD Wildermuth,1,0,,,,,,"",""
ball,1,11.4,Brisbane Heat,AI Ross,M Labuschagne,JD Wildermuth,1,0,,,,,,"",""
ball,1,11.5,Brisbane Heat,M Labuschagne,AI Ross,JD Wildermuth,0,0,,,,,,bowled,M Labuschagne
ball,1,11.6,Brisbane Heat,BCJ Cutting,AI Ross,JD Wildermuth,0,0,,,,,,"",""
ball,1,12.1,Brisbane Heat,AI Ross,BCJ Cutting,GB Hogg,1,0,,,,,,"",""
ball,1,12.2,Brisbane Heat,BCJ Cutting,AI Ross,GB Hogg,1,0,,,,,,"",""
ball,1,12.3,Brisbane Heat,AI Ross,BCJ Cutting,GB Hogg,6,0,,,,,,"",""
ball,1,12.4,Brisbane Heat,AI Ross,BCJ Cutting,GB Hogg,1,0,,,,,,"",""
ball,1,12.5,Brisbane Heat,BCJ Cutting,AI Ross,GB Hogg,1,0,,,,,,"",""
ball,1,12.6,Brisbane Heat,AI Ross,BCJ Cutting,GB Hogg,0,0,,,,,,"",""
ball,1,13.1,Brisbane Heat,BCJ Cutting,AI Ross,KW Richardson,1,0,,,,,,"",""
ball,1,13.2,Brisbane Heat,AI Ross,BCJ Cutting,KW Richardson,4,0,,,,,,"",""
ball,1,13.3,Brisbane Heat,AI Ross,BCJ Cutting,KW Richardson,0,0,,,,,,"",""
ball,1,13.4,Brisbane Heat,AI Ross,BCJ Cutting,KW Richardson,2,0,,,,,,"",""
ball,1,13.5,Brisbane Heat,AI Ross,BCJ Cutting,KW Richardson,0,0,,,,,,"",""
ball,1,13.6,Brisbane Heat,AI Ross,BCJ Cutting,KW Richardson,1,0,,,,,,"",""
ball,1,14.1,Brisbane Heat,AI Ross,BCJ Cutting,DJ Bravo,1,0,,,,,,"",""
ball,1,14.2,Brisbane Heat,BCJ Cutting,AI Ross,DJ Bravo,0,0,,,,,,"",""
ball,1,14.3,Brisbane Heat,BCJ Cutting,AI Ross,DJ Bravo,1,0,,,,,,"",""
ball,1,14.4,Brisbane Heat,AI Ross,BCJ Cutting,DJ Bravo,1,0,,,,,,"",""
ball,1,14.5,Brisbane Heat,BCJ Cutting,AI Ross,DJ Bravo,1,0,,,,,,"",""
ball,1,14.6,Brisbane Heat,AI Ross,BCJ Cutting,DJ Bravo,1,0,,,,,,"",""
ball,1,15.1,Brisbane Heat,AI Ross,BCJ Cutting,KW Richardson,1,0,,,,,,"",""
ball,1,15.2,Brisbane Heat,BCJ Cutting,AI Ross,KW Richardson,6,0,,,,,,"",""
ball,1,15.3,Brisbane Heat,BCJ Cutting,AI Ross,KW Richardson,0,0,,,,,,"",""
ball,1,15.4,Brisbane Heat,BCJ Cutting,AI Ross,KW Richardson,6,0,,,,,,"",""
ball,1,15.5,Brisbane Heat,BCJ Cutting,AI Ross,KW Richardson,1,0,,,,,,"",""
ball,1,15.6,Brisbane Heat,AI Ross,BCJ Cutting,KW Richardson,1,0,,,,,,"",""
ball,1,16.1,Brisbane Heat,AI Ross,BCJ Cutting,GB Hogg,1,0,,,,,,"",""
ball,1,16.2,Brisbane Heat,BCJ Cutting,AI Ross,GB Hogg,0,2,,,,2,,"",""
ball,1,16.3,Brisbane Heat,BCJ Cutting,AI Ross,GB Hogg,0,0,,,,,,caught,BCJ Cutting
ball,1,16.4,Brisbane Heat,AI Ross,Shadab Khan,GB Hogg,1,0,,,,,,"",""
ball,1,16.5,Brisbane Heat,Shadab Khan,AI Ross,GB Hogg,0,0,,,,,,caught,Shadab Khan
ball,1,16.6,Brisbane Heat,JK Lalor,AI Ross,GB Hogg,0,0,,,,,,"",""
ball,1,17.1,Brisbane Heat,AI Ross,JK Lalor,DJ Bravo,1,0,,,,,,"",""
ball,1,17.2,Brisbane Heat,JK Lalor,AI Ross,DJ Bravo,2,0,,,,,,"",""
ball,1,17.3,Brisbane Heat,JK Lalor,AI Ross,DJ Bravo,0,0,,,,,,"",""
ball,1,17.4,Brisbane Heat,JK Lalor,AI Ross,DJ Bravo,2,0,,,,,,"",""
ball,1,17.5,Brisbane Heat,JK Lalor,AI Ross,DJ Bravo,1,0,,,,,,"",""
ball,1,17.6,Brisbane Heat,AI Ross,JK Lalor,DJ Bravo,1,0,,,,,,"",""
ball,1,18.1,Brisbane Heat,AI Ross,JK Lalor,KW Richardson,0,0,,,,,,"",""
ball,1,18.2,Brisbane Heat,AI Ross,JK Lalor,KW Richardson,1,0,,,,,,"",""
ball,1,18.3,Brisbane Heat,JK Lalor,AI Ross,KW Richardson,0,0,,,,,,"",""
ball,1,18.4,Brisbane Heat,JK Lalor,AI Ross,KW Richardson,4,0,,,,,,"",""
ball,1,18.5,Brisbane Heat,JK Lalor,AI Ross,KW Richardson,0,1,1,,,,,"",""
ball,1,18.6,Brisbane Heat,JK Lalor,AI Ross,KW Richardson,1,0,,,,,,"",""
ball,1,18.7,Brisbane Heat,AI Ross,JK Lalor,KW Richardson,4,0,,,,,,"",""
ball,1,19.1,Brisbane Heat,JK Lalor,AI Ross,DJ Bravo,0,0,,,,,,caught,JK Lalor
ball,1,19.2,Brisbane Heat,AI Ross,MT Steketee,DJ Bravo,0,0,,,,,,bowled,AI Ross
ball,1,19.3,Brisbane Heat,B Doggett,MT Steketee,DJ Bravo,0,0,,,,,,"",""
ball,1,19.4,Brisbane Heat,B Doggett,MT Steketee,DJ Bravo,0,0,,,,,,"",""
ball,1,19.5,Brisbane Heat,B Doggett,MT Steketee,DJ Bravo,1,0,,,,,,"",""
ball,1,19.6,Brisbane Heat,MT Steketee,B Doggett,DJ Bravo,4,0,,,,,,"",""
ball,2,0.1,Melbourne Renegades,AJ Finch,MS Harris,Shadab Khan,0,2,,,,2,,"",""
ball,2,0.2,Melbourne Renegades,AJ Finch,MS Harris,Shadab Khan,1,0,,,,,,"",""
ball,2,0.3,Melbourne Renegades,MS Harris,AJ Finch,Shadab Khan,0,0,,,,,,"",""
ball,2,0.4,Melbourne Renegades,MS Harris,AJ Finch,Shadab Khan,0,0,,,,,,"",""
ball,2,0.5,Melbourne Renegades,MS Harris,AJ Finch,Shadab Khan,4,0,,,,,,"",""
ball,2,0.6,Melbourne Renegades,MS Harris,AJ Finch,Shadab Khan,0,0,,,,,,"",""
ball,2,1.1,Melbourne Renegades,AJ Finch,MS Harris,MT Steketee,0,1,1,,,,,"",""
ball,2,1.2,Melbourne Renegades,AJ Finch,MS Harris,MT Steketee,1,0,,,,,,"",""
ball,2,1.3,Melbourne Renegades,MS Harris,AJ Finch,MT Steketee,1,0,,,,,,"",""
ball,2,1.4,Melbourne Renegades,AJ Finch,MS Harris,MT Steketee,0,0,,,,,,"",""
ball,2,1.5,Melbourne Renegades,AJ Finch,MS Harris,MT Steketee,2,0,,,,,,"",""
ball,2,1.6,Melbourne Renegades,AJ Finch,MS Harris,MT Steketee,0,0,,,,,,"",""
ball,2,1.7,Melbourne Renegades,AJ Finch,MS Harris,MT Steketee,0,0,,,,,,"",""
ball,2,2.1,Melbourne Renegades,MS Harris,AJ Finch,Shadab Khan,0,0,,,,,,"",""
ball,2,2.2,Melbourne Renegades,MS Harris,AJ Finch,Shadab Khan,0,0,,,,,,"",""
ball,2,2.3,Melbourne Renegades,MS Harris,AJ Finch,Shadab Khan,1,0,,,,,,"",""
ball,2,2.4,Melbourne Renegades,AJ Finch,MS Harris,Shadab Khan,4,0,,,,,,"",""
ball,2,2.5,Melbourne Renegades,AJ Finch,MS Harris,Shadab Khan,0,1,1,,,,,"",""
ball,2,2.6,Melbourne Renegades,AJ Finch,MS Harris,Shadab Khan,0,0,,,,,,caught,AJ Finch
ball,2,2.7,Melbourne Renegades,CL White,MS Harris,Shadab Khan,0,0,,,,,,"",""
ball,2,3.1,Melbourne Renegades,MS Harris,CL White,MT Steketee,1,0,,,,,,"",""
ball,2,3.2,Melbourne Renegades,CL White,MS Harris,MT Steketee,4,0,,,,,,"",""
ball,2,3.3,Melbourne Renegades,CL White,MS Harris,MT Steketee,1,0,,,,,,"",""
ball,2,3.4,Melbourne Renegades,MS Harris,CL White,MT Steketee,0,0,,,,,,"",""
ball,2,3.5,Melbourne Renegades,MS Harris,CL White,MT Steketee,1,0,,,,,,"",""
ball,2,3.6,Melbourne Renegades,CL White,MS Harris,MT Steketee,2,0,,,,,,"",""
ball,2,4.1,Melbourne Renegades,MS Harris,CL White,Shadab Khan,1,0,,,,,,"",""
ball,2,4.2,Melbourne Renegades,CL White,MS Harris,Shadab Khan,1,0,,,,,,"",""
ball,2,4.3,Melbourne Renegades,MS Harris,CL White,Shadab Khan,0,0,,,,,,bowled,MS Harris
ball,2,4.4,Melbourne Renegades,TLW Cooper,CL White,Shadab Khan,0,0,,,,,,"",""
ball,2,4.5,Melbourne Renegades,TLW Cooper,CL White,Shadab Khan,1,0,,,,,,"",""
ball,2,4.6,Melbourne Renegades,CL White,TLW Cooper,Shadab Khan,0,0,,,,,,"",""
ball,2,5.1,Melbourne Renegades,TLW Cooper,CL White,B Doggett,0,1,,,,1,,"",""
ball,2,5.2,Melbourne Renegades,CL White,TLW Cooper,B Doggett,0,1,,1,,,,"",""
ball,2,5.3,Melbourne Renegades,CL White,TLW Cooper,B Doggett,4,0,,,,,,"",""
ball,2,5.4,Melbourne Renegades,CL White,TLW Cooper,B Doggett,0,0,,,,,,"",""
ball,2,5.5,Melbourne Renegades,CL White,TLW Cooper,B Doggett,4,0,,,,,,"",""
ball,2,5.6,Melbourne Renegades,CL White,TLW Cooper,B Doggett,0,0,,,,,,"",""
ball,2,5.7,Melbourne Renegades,CL White,TLW Cooper,B Doggett,0,0,,,,,,"",""
ball,2,6.1,Melbourne Renegades,TLW Cooper,CL White,MJ Swepson,1,0,,,,,,"",""
ball,2,6.2,Melbourne Renegades,CL White,TLW Cooper,MJ Swepson,0,1,,,,1,,"",""
ball,2,6.3,Melbourne Renegades,TLW Cooper,CL White,MJ Swepson,0,0,,,,,,"",""
ball,2,6.4,Melbourne Renegades,TLW Cooper,CL White,MJ Swepson,0,0,,,,,,"",""
ball,2,6.5,Melbourne Renegades,TLW Cooper,CL White,MJ Swepson,0,0,,,,,,"",""
ball,2,6.6,Melbourne Renegades,TLW Cooper,CL White,MJ Swepson,0,0,,,,,,"",""
ball,2,7.1,Melbourne Renegades,CL White,TLW Cooper,JK Lalor,0,0,,,,,,"",""
ball,2,7.2,Melbourne Renegades,CL White,TLW Cooper,JK Lalor,4,0,,,,,,"",""
ball,2,7.3,Melbourne Renegades,CL White,TLW Cooper,JK Lalor,1,0,,,,,,"",""
ball,2,7.4,Melbourne Renegades,TLW Cooper,CL White,JK Lalor,0,0,,,,,,"",""
ball,2,7.5,Melbourne Renegades,TLW Cooper,CL White,JK Lalor,1,0,,,,,,"",""
ball,2,7.6,Melbourne Renegades,CL White,TLW Cooper,JK Lalor,1,0,,,,,,"",""
ball,2,8.1,Melbourne Renegades,CL White,TLW Cooper,MJ Swepson,6,0,,,,,,"",""
ball,2,8.2,Melbourne Renegades,CL White,TLW Cooper,MJ Swepson,1,0,,,,,,"",""
ball,2,8.3,Melbourne Renegades,TLW Cooper,CL White,MJ Swepson,1,0,,,,,,"",""
ball,2,8.4,Melbourne Renegades,CL White,TLW Cooper,MJ Swepson,0,0,,,,,,"",""
ball,2,8.5,Melbourne Renegades,CL White,TLW Cooper,MJ Swepson,1,0,,,,,,"",""
ball,2,8.6,Melbourne Renegades,TLW Cooper,CL White,MJ Swepson,0,0,,,,,,"",""
ball,2,9.1,Melbourne Renegades,CL White,TLW Cooper,JK Lalor,0,0,,,,,,"",""
ball,2,9.2,Melbourne Renegades,CL White,TLW Cooper,JK Lalor,1,0,,,,,,"",""
ball,2,9.3,Melbourne Renegades,TLW Cooper,CL White,JK Lalor,1,0,,,,,,"",""
ball,2,9.4,Melbourne Renegades,CL White,TLW Cooper,JK Lalor,1,0,,,,,,"",""
ball,2,9.5,Melbourne Renegades,TLW Cooper,CL White,JK Lalor,0,0,,,,,,"",""
ball,2,9.6,Melbourne Renegades,TLW Cooper,CL White,JK Lalor,2,0,,,,,,"",""
ball,2,10.1,Melbourne Renegades,CL White,TLW Cooper,Shadab Khan,1,0,,,,,,"",""
ball,2,10.2,Melbourne Renegades,TLW Cooper,CL White,Shadab Khan,0,0,,,,,,"",""
ball,2,10.3,Melbourne Renegades,TLW Cooper,CL White,Shadab Khan,1,0,,,,,,"",""
ball,2,10.4,Melbourne Renegades,CL White,TLW Cooper,Shadab Khan,0,0,,,,,,"",""
ball,2,10.5,Melbourne Renegades,CL White,TLW Cooper,Shadab Khan,1,0,,,,,,"",""
ball,2,10.6,Melbourne Renegades,TLW Cooper,CL White,Shadab Khan,0,0,,,,,,"",""
ball,2,11.1,Melbourne Renegades,CL White,TLW Cooper,MT Steketee,1,0,,,,,,"",""
ball,2,11.2,Melbourne Renegades,TLW Cooper,CL White,MT Steketee,1,0,,,,,,"",""
ball,2,11.3,Melbourne Renegades,CL White,TLW Cooper,MT Steketee,0,0,,,,,,"",""
ball,2,11.4,Melbourne Renegades,CL White,TLW Cooper,MT Steketee,1,0,,,,,,"",""
ball,2,11.5,Melbourne Renegades,TLW Cooper,CL White,MT Steketee,4,0,,,,,,"",""
ball,2,11.6,Melbourne Renegades,TLW Cooper,CL White,MT Steketee,0,0,,,,,,"",""
ball,2,12.1,Melbourne Renegades,CL White,TLW Cooper,MJ Swepson,2,0,,,,,,"",""
ball,2,12.2,Melbourne Renegades,CL White,TLW Cooper,MJ Swepson,2,0,,,,,,"",""
ball,2,12.3,Melbourne Renegades,CL White,TLW Cooper,MJ Swepson,0,0,,,,,,"",""
ball,2,12.4,Melbourne Renegades,CL White,TLW Cooper,MJ Swepson,0,0,,,,,,"",""
ball,2,12.5,Melbourne Renegades,CL White,TLW Cooper,MJ Swepson,1,0,,,,,,"",""
ball,2,12.6,Melbourne Renegades,TLW Cooper,CL White,MJ Swepson,0,0,,,,,,"",""
ball,2,13.1,Melbourne Renegades,CL White,TLW Cooper,B Doggett,1,0,,,,,,"",""
ball,2,13.2,Melbourne Renegades,TLW Cooper,CL White,B Doggett,6,0,,,,,,"",""
ball,2,13.3,Melbourne Renegades,TLW Cooper,CL White,B Doggett,3,0,,,,,,"",""
ball,2,13.4,Melbourne Renegades,CL White,TLW Cooper,B Doggett,0,0,,,,,,"",""
ball,2,13.5,Melbourne Renegades,CL White,TLW Cooper,B Doggett,1,0,,,,,,"",""
ball,2,13.6,Melbourne Renegades,TLW Cooper,CL White,B Doggett,2,0,,,,,,"",""
ball,2,14.1,Melbourne Renegades,CL White,TLW Cooper,M Labuschagne,1,0,,,,,,"",""
ball,2,14.2,Melbourne Renegades,TLW Cooper,CL White,M Labuschagne,0,0,,,,,,"",""
ball,2,14.3,Melbourne Renegades,TLW Cooper,CL White,M Labuschagne,0,0,,,,,,"",""
ball,2,14.4,Melbourne Renegades,TLW Cooper,CL White,M Labuschagne,2,0,,,,,,"",""
ball,2,14.5,Melbourne Renegades,TLW Cooper,CL White,M Labuschagne,0,0,,,,,,"",""
ball,2,14.6,Melbourne Renegades,TLW Cooper,CL White,M Labuschagne,2,0,,,,,,"",""
ball,2,15.1,Melbourne Renegades,CL White,TLW Cooper,MJ Swepson,6,0,,,,,,"",""
ball,2,15.2,Melbourne Renegades,CL White,TLW Cooper,MJ Swepson,0,0,,,,,,"",""
ball,2,15.3,Melbourne Renegades,CL White,TLW Cooper,MJ Swepson,1,0,,,,,,"",""
ball,2,15.4,Melbourne Renegades,TLW Cooper,CL White,MJ Swepson,2,0,,,,,,"",""
ball,2,15.5,Melbourne Renegades,TLW Cooper,CL White,MJ Swepson,0,0,,,,,,"",""
ball,2,15.6,Melbourne Renegades,TLW Cooper,CL White,MJ Swepson,1,0,,,,,,"",""
ball,2,16.1,Melbourne Renegades,TLW Cooper,CL White,BCJ Cutting,2,0,,,,,,"",""
ball,2,16.2,Melbourne Renegades,TLW Cooper,CL White,BCJ Cutting,0,1,1,,,,,"",""
ball,2,16.3,Melbourne Renegades,TLW Cooper,CL White,BCJ Cutting,4,0,,,,,,"",""
ball,2,16.4,Melbourne Renegades,TLW Cooper,CL White,BCJ Cutting,2,0,,,,,,"",""
ball,2,16.5,Melbourne Renegades,TLW Cooper,CL White,BCJ Cutting,2,0,,,,,,"",""
ball,2,16.6,Melbourne Renegades,TLW Cooper,CL White,BCJ Cutting,1,0,,,,,,"",""
ball,2,16.7,Melbourne Renegades,CL White,TLW Cooper,BCJ Cutting,0,0,,,,,,caught,CL White
ball,2,17.1,Melbourne Renegades,TLW Cooper,BJ Hodge,JK Lalor,1,0,,,,,,"",""
ball,2,17.2,Melbourne Renegades,BJ Hodge,TLW Cooper,JK Lalor,1,0,,,,,,"",""
ball,2,17.3,Melbourne Renegades,TLW Cooper,BJ Hodge,JK Lalor,1,0,,,,,,"",""
ball,2,17.4,Melbourne Renegades,BJ Hodge,TLW Cooper,JK Lalor,1,0,,,,,,"",""
ball,2,17.5,Melbourne Renegades,TLW Cooper,BJ Hodge,JK Lalor,0,0,,,,,,"",""
ball,2,17.6,Melbourne Renegades,TLW Cooper,BJ Hodge,JK Lalor,1,0,,,,,,"",""
ball,2,18.1,Melbourne Renegades,TLW Cooper,BJ Hodge,MT Steketee,1,0,,,,,,"",""
ball,2,18.2,Melbourne Renegades,BJ Hodge,TLW Cooper,MT Steketee,6,0,,,,,,"",""
ball,2,18.3,Melbourne Renegades,BJ Hodge,TLW Cooper,MT Steketee,1,0,,,,,,"",""
ball,2,18.4,Melbourne Renegades,TLW Cooper,BJ Hodge,MT Steketee,6,0,,,,,,"",""
