version,1.6.0
info,balls_per_over,6
info,team,Sydney Sixers
info,team,Brisbane Heat
info,gender,male
info,season,2017/18
info,date,2018/01/18
info,event,Big Bash League
info,match_number,32
info,venue,Sydney Cricket Ground
info,city,Sydney
info,toss_winner,Sydney Sixers
info,toss_decision,field
info,player_of_match,SA Abbott
info,umpire,GC Joshua
info,umpire,MW Graham-Smith
info,reserve_umpire,Troy Penman
info,tv_umpire,DJ Shepard
info,match_referee,DJ Harper
info,winner,Sydney Sixers
info,winner_wickets,9
info,player,Brisbane Heat,SD Heazlett
info,player,Brisbane Heat,BB McCullum
info,player,Brisbane Heat,M Labuschagne
info,player,Brisbane Heat,AI Ross
info,player,Brisbane Heat,JJ Peirson
info,player,Brisbane Heat,BCJ Cutting
info,player,Brisbane Heat,JS Floros
info,player,Brisbane Heat,JK Lalor
info,player,Brisbane Heat,MT Steketee
info,player,Brisbane Heat,Yasir Shah
info,player,Brisbane Heat,MJ Swepson
info,player,Sydney Sixers,JL Denly
info,player,Sydney Sixers,DP Hughes
info,player,Sydney Sixers,NJ Maddinson
info,player,Sydney Sixers,MC Henriques
info,player,Sydney Sixers,JC Silk
info,player,Sydney Sixers,CR Brathwaite
info,player,Sydney Sixers,J Botha
info,player,Sydney Sixers,PM Nevill
info,player,Sydney Sixers,SA Abbott
info,player,Sydney Sixers,BJ Dwarshuis
info,player,Sydney Sixers,NM Lyon
info,registry,people,AI Ross,fb0d68b4
info,registry,people,BB McCullum,b8a55852
info,registry,people,BCJ Cutting,2e11c706
info,registry,people,BJ Dwarshuis,e1b9f3a9
info,registry,people,CR Brathwaite,e342e5fb
info,registry,people,DJ Harper,0ec08b27
info,registry,people,DJ Shepard,d3533ba5
info,registry,people,DP Hughes,f3982af9
info,registry,people,GC Joshua,4c47ebf2
info,registry,people,J Botha,7c503806
info,registry,people,JC Silk,7a6dc294
info,registry,people,JJ Peirson,2b55c3b4
info,registry,people,JK Lalor,88209c84
info,registry,people,JL Denly,bdadf7da
info,registry,people,JS Floros,79765f6f
info,registry,people,M Labuschagne,fa433be6
info,registry,people,MC Henriques,32198ae0
info,registry,people,MJ Swepson,86b4bf88
info,registry,people,MT Steketee,903560ed
info,registry,people,MW Graham-Smith,18aca3ce
info,registry,people,NJ Maddinson,44afbf2d
info,registry,people,NM Lyon,96a6a7ad
info,registry,people,PM Nevill,a22fb7b5
info,registry,people,SA Abbott,1a2676c5
info,registry,people,SD Heazlett,e00a9155
info,registry,people,Troy Penman,0aa42c26
info,registry,people,Yasir Shah,f2800ef3
ball,1,0.1,Brisbane Heat,SD Heazlett,BB McCullum,BJ Dwarshuis,0,0,,,,,,"",""
ball,1,0.2,Brisbane Heat,SD Heazlett,BB McCullum,BJ Dwarshuis,4,0,,,,,,"",""
ball,1,0.3,Brisbane Heat,SD Heazlett,BB McCullum,BJ Dwarshuis,0,0,,,,,,"",""
ball,1,0.4,Brisbane Heat,SD Heazlett,BB McCullum,BJ Dwarshuis,0,0,,,,,,"",""
ball,1,0.5,Brisbane Heat,SD Heazlett,BB McCullum,BJ Dwarshuis,4,0,,,,,,"",""
ball,1,0.6,Brisbane Heat,SD Heazlett,BB McCullum,BJ Dwarshuis,0,0,,,,,,"",""
ball,1,1.1,Brisbane Heat,BB McCullum,SD Heazlett,J Botha,0,0,,,,,,"",""
ball,1,1.2,Brisbane Heat,BB McCullum,SD Heazlett,J Botha,1,0,,,,,,"",""
ball,1,1.3,Brisbane Heat,SD Heazlett,BB McCullum,J Botha,0,0,,,,,,"",""
ball,1,1.4,Brisbane Heat,SD Heazlett,BB McCullum,J Botha,1,0,,,,,,"",""
ball,1,1.5,Brisbane Heat,BB McCullum,SD Heazlett,J Botha,0,0,,,,,,"",""
ball,1,1.6,Brisbane Heat,BB McCullum,SD Heazlett,J Botha,0,0,,,,,,caught,BB McCullum
ball,1,2.1,Brisbane Heat,M Labuschagne,SD Heazlett,BJ Dwarshuis,0,0,,,,,,"",""
ball,1,2.2,Brisbane Heat,M Labuschagne,SD Heazlett,BJ Dwarshuis,0,0,,,,,,"",""
ball,1,2.3,Brisbane Heat,M Labuschagne,SD Heazlett,BJ Dwarshuis,0,0,,,,,,"",""
ball,1,2.4,Brisbane Heat,M Labuschagne,SD Heazlett,BJ Dwarshuis,0,0,,,,,,"",""
ball,1,2.5,Brisbane Heat,M Labuschagne,SD Heazlett,BJ Dwarshuis,0,0,,,,,,caught,M Labuschagne
ball,1,2.6,Brisbane Heat,SD Heazlett,AI Ross,BJ Dwarshuis,1,0,,,,,,"",""
ball,1,3.1,Brisbane Heat,SD Heazlett,AI Ross,NM Lyon,0,0,,,,,,"",""
ball,1,3.2,Brisbane Heat,SD Heazlett,AI Ross,NM Lyon,0,0,,,,,,caught,SD Heazlett
ball,1,3.3,Brisbane Heat,JJ Peirson,AI Ross,NM Lyon,0,0,,,,,,"",""
ball,1,3.4,Brisbane Heat,JJ Peirson,AI Ross,NM Lyon,1,0,,,,,,"",""
ball,1,3.5,Brisbane Heat,AI Ross,JJ Peirson,NM Lyon,0,0,,,,,,"",""
ball,1,3.6,Brisbane Heat,AI Ross,JJ Peirson,NM Lyon,0,0,,,,,,"",""
ball,1,4.1,Brisbane Heat,JJ Peirson,AI Ross,SA Abbott,1,0,,,,,,"",""
ball,1,4.2,Brisbane Heat,AI Ross,JJ Peirson,SA Abbott,1,0,,,,,,"",""
ball,1,4.3,Brisbane Heat,JJ Peirson,AI Ross,SA Abbott,1,0,,,,,,"",""
ball,1,4.4,Brisbane Heat,AI Ross,JJ Peirson,SA Abbott,0,2,,,2,,,"",""
ball,1,4.5,Brisbane Heat,AI Ross,JJ Peirson,SA Abbott,0,0,,,,,,"",""
ball,1,4.6,Brisbane Heat,AI Ross,JJ Peirson,SA Abbott,2,0,,,,,,"",""
ball,1,5.1,Brisbane Heat,JJ Peirson,AI Ross,NM Lyon,4,0,,,,,,"",""
ball,1,5.2,Brisbane Heat,JJ Peirson,AI Ross,NM Lyon,1,0,,,,,,"",""
ball,1,5.3,Brisbane Heat,AI Ross,JJ Peirson,NM Lyon,0,0,,,,,,"",""
ball,1,5.4,Brisbane Heat,AI Ross,JJ Peirson,NM Lyon,1,0,,,,,,"",""
ball,1,5.5,Brisbane Heat,JJ Peirson,AI Ross,NM Lyon,2,0,,,,,,"",""
ball,1,5.6,Brisbane Heat,JJ Peirson,AI Ross,NM Lyon,0,0,,,,,,"",""
ball,1,6.1,Brisbane Heat,AI Ross,JJ Peirson,CR Brathwaite,0,0,,,,,,"",""
ball,1,6.2,Brisbane Heat,AI Ross,JJ Peirson,CR Brathwaite,1,0,,,,,,"",""
ball,1,6.3,Brisbane Heat,JJ Peirson,AI Ross,CR Brathwaite,1,0,,,,,,"",""
ball,1,6.4,Brisbane Heat,AI Ross,JJ Peirson,CR Brathwaite,0,0,,,,,,"",""
ball,1,6.5,Brisbane Heat,AI Ross,JJ Peirson,CR Brathwaite,2,0,,,,,,"",""
ball,1,6.6,Brisbane Heat,AI Ross,JJ Peirson,CR Brathwaite,2,0,,,,,,"",""
ball,1,7.1,Brisbane Heat,JJ Peirson,AI Ross,J Botha,2,0,,,,,,"",""
ball,1,7.2,Brisbane Heat,JJ Peirson,AI Ross,J Botha,1,0,,,,,,"",""
ball,1,7.3,Brisbane Heat,AI Ross,JJ Peirson,J Botha,0,0,,,,,,"",""
ball,1,7.4,Brisbane Heat,AI Ross,JJ Peirson,J Botha,4,0,,,,,,"",""
ball,1,7.5,Brisbane Heat,AI Ross,JJ Peirson,J Botha,0,0,,,,,,"",""
ball,1,7.6,Brisbane Heat,AI Ross,JJ Peirson,J Botha,1,0,,,,,,"",""
ball,1,8.1,Brisbane Heat,AI Ross,JJ Peirson,SA Abbott,1,0,,,,,,"",""
ball,1,8.2,Brisbane Heat,JJ Peirson,AI Ross,SA Abbott,0,0,,,,,,caught,JJ Peirson
ball,1,8.3,Brisbane Heat,BCJ Cutting,AI Ross,SA Abbott,1,0,,,,,,"",""
ball,1,8.4,Brisbane Heat,AI Ross,BCJ Cutting,SA Abbott,0,0,,,,,,"",""
ball,1,8.5,Brisbane Heat,AI Ross,BCJ Cutting,SA Abbott,0,0,,,,,,"",""
ball,1,8.6,Brisbane Heat,AI Ross,BCJ Cutting,SA Abbott,0,0,,,,,,caught,AI Ross
ball,1,9.1,Brisbane Heat,BCJ Cutting,JS Floros,NM Lyon,2,0,,,,,,"",""
ball,1,9.2,Brisbane Heat,BCJ Cutting,JS Floros,NM Lyon,0,0,,,,,,"",""
ball,1,9.3,Brisbane Heat,BCJ Cutting,JS Floros,NM Lyon,2,0,,,,,,"",""
ball,1,9.4,Brisbane Heat,BCJ Cutting,JS Floros,NM Lyon,0,0,,,,,,caught,BCJ Cutting
ball,1,9.5,Brisbane Heat,JK Lalor,JS Floros,NM Lyon,0,0,,,,,,"",""
ball,1,9.6,Brisbane Heat,JK Lalor,JS Floros,NM Lyon,0,0,,,,,,"",""
ball,1,10.1,Brisbane Heat,JS Floros,JK Lalor,J Botha,0,0,,,,,,"",""
ball,1,10.2,Brisbane Heat,JS Floros,JK Lalor,J Botha,0,0,,,,,,"",""
ball,1,10.3,Brisbane Heat,JS Floros,JK Lalor,J Botha,1,0,,,,,,"",""
ball,1,10.4,Brisbane Heat,JK Lalor,JS Floros,J Botha,1,0,,,,,,"",""
ball,1,10.5,Brisbane Heat,JS Floros,JK Lalor,J Botha,0,0,,,,,,"",""
ball,1,10.6,Brisbane Heat,JS Floros,JK Lalor,J Botha,0,0,,,,,,"",""
ball,1,11.1,Brisbane Heat,JK Lalor,JS Floros,NM Lyon,1,0,,,,,,"",""
ball,1,11.2,Brisbane Heat,JS Floros,JK Lalor,NM Lyon,1,0,,,,,,"",""
ball,1,11.3,Brisbane Heat,JK Lalor,JS Floros,NM Lyon,0,0,,,,,,"",""
ball,1,11.4,Brisbane Heat,JK Lalor,JS Floros,NM Lyon,1,0,,,,,,"",""
ball,1,11.5,Brisbane Heat,JS Floros,JK Lalor,NM Lyon,1,0,,,,,,"",""
ball,1,11.6,Brisbane Heat,JK Lalor,JS Floros,NM Lyon,0,0,,,,,,"",""
ball,1,12.1,Brisbane Heat,JS Floros,JK Lalor,SA Abbott,0,0,,,,,,"",""
ball,1,12.2,Brisbane Heat,JS Floros,JK Lalor,SA Abbott,0,0,,,,,,"",""
ball,1,12.3,Brisbane Heat,JS Floros,JK Lalor,SA Abbott,0,0,,,,,,caught,JS Floros
ball,1,12.4,Brisbane Heat,MT Steketee,JK Lalor,SA Abbott,0,0,,,,,,"",""
ball,1,12.5,Brisbane Heat,MT Steketee,JK Lalor,SA Abbott,1,0,,,,,,"",""
ball,1,12.6,Brisbane Heat,JK Lalor,MT Steketee,SA Abbott,0,0,,,,,,"",""
ball,1,13.1,Brisbane Heat,MT Steketee,JK Lalor,J Botha,0,0,,,,,,"",""
ball,1,13.2,Brisbane Heat,MT Steketee,JK Lalor,J Botha,0,0,,,,,,"",""
ball,1,13.3,Brisbane Heat,MT Steketee,JK Lalor,J Botha,0,0,,,,,,"",""
ball,1,13.4,Brisbane Heat,MT Steketee,JK Lalor,J Botha,0,0,,,,,,"",""
ball,1,13.5,Brisbane Heat,MT Steketee,JK Lalor,J Botha,1,0,,,,,,"",""
ball,1,13.6,Brisbane Heat,JK Lalor,MT Steketee,J Botha,0,0,,,,,,"",""
ball,1,14.1,Brisbane Heat,MT Steketee,JK Lalor,CR Brathwaite,1,0,,,,,,"",""
ball,1,14.2,Brisbane Heat,JK Lalor,MT Steketee,CR Brathwaite,1,0,,,,,,"",""
ball,1,14.3,Brisbane Heat,MT Steketee,JK Lalor,CR Brathwaite,1,0,,,,,,"",""
ball,1,14.4,Brisbane Heat,JK Lalor,MT Steketee,CR Brathwaite,4,0,,,,,,"",""
ball,1,14.5,Brisbane Heat,JK Lalor,MT Steketee,CR Brathwaite,1,0,,,,,,"",""
ball,1,14.6,Brisbane Heat,MT Steketee,JK Lalor,CR Brathwaite,0,0,,,,,,"",""
ball,1,15.1,Brisbane Heat,JK Lalor,MT Steketee,SA Abbott,0,0,,,,,,"",""
ball,1,15.2,Brisbane Heat,JK Lalor,MT Steketee,SA Abbott,0,1,,,,1,,"",""
ball,1,15.3,Brisbane Heat,MT Steketee,JK Lalor,SA Abbott,0,1,1,,,,,"",""
ball,1,15.4,Brisbane Heat,MT Steketee,JK Lalor,SA Abbott,1,0,,,,,,"",""
ball,1,15.5,Brisbane Heat,JK Lalor,MT Steketee,SA Abbott,0,0,,,,,,"",""
ball,1,15.6,Brisbane Heat,JK Lalor,MT Steketee,SA Abbott,1,0,,,,,,"",""
ball,1,15.7,Brisbane Heat,MT Steketee,JK Lalor,SA Abbott,0,0,,,,,,caught,MT Steketee
ball,1,16.1,Brisbane Heat,Yasir Shah,JK Lalor,CR Brathwaite,0,0,,,,,,bowled,Yasir Shah
ball,1,16.2,Brisbane Heat,MJ Swepson,JK Lalor,CR Brathwaite,1,0,,,,,,"",""
ball,1,16.3,Brisbane Heat,JK Lalor,MJ Swepson,CR Brathwaite,4,0,,,,,,"",""
ball,1,16.4,Brisbane Heat,JK Lalor,MJ Swepson,CR Brathwaite,0,1,1,,,,,"",""
ball,1,16.5,Brisbane Heat,JK Lalor,MJ Swepson,CR Brathwaite,0,0,,,,,,caught,JK Lalor
ball,2,0.1,Sydney Sixers,JL Denly,DP Hughes,JK Lalor,1,0,,,,,,"",""
ball,2,0.2,Sydney Sixers,DP Hughes,JL Denly,JK Lalor,0,0,,,,,,"",""
ball,2,0.3,Sydney Sixers,DP Hughes,JL Denly,JK Lalor,1,0,,,,,,"",""
ball,2,0.4,Sydney Sixers,JL Denly,DP Hughes,JK Lalor,0,0,,,,,,"",""
ball,2,0.5,Sydney Sixers,JL Denly,DP Hughes,JK Lalor,0,0,,,,,,"",""
ball,2,0.6,Sydney Sixers,JL Denly,DP Hughes,JK Lalor,0,0,,,,,,"",""
ball,2,1.1,Sydney Sixers,DP Hughes,JL Denly,Yasir Shah,4,0,,,,,,"",""
ball,2,1.2,Sydney Sixers,DP Hughes,JL Denly,Yasir Shah,0,0,,,,,,"",""
ball,2,1.3,Sydney Sixers,DP Hughes,JL Denly,Yasir Shah,0,0,,,,,,"",""
ball,2,1.4,Sydney Sixers,DP Hughes,JL Denly,Yasir Shah,1,0,,,,,,"",""
ball,2,1.5,Sydney Sixers,JL Denly,DP Hughes,Yasir Shah,4,0,,,,,,"",""
ball,2,1.6,Sydney Sixers,JL Denly,DP Hughes,Yasir Shah,0,0,,,,,,"",""
ball,2,2.1,Sydney Sixers,DP Hughes,JL Denly,JK Lalor,4,0,,,,,,"",""
ball,2,2.2,Sydney Sixers,DP Hughes,JL Denly,JK Lalor,0,0,,,,,,"",""
ball,2,2.3,Sydney Sixers,DP Hughes,JL Denly,JK Lalor,0,0,,,,,,"",""
ball,2,2.4,Sydney Sixers,DP Hughes,JL Denly,JK Lalor,1,0,,,,,,"",""
ball,2,2.5,Sydney Sixers,JL Denly,DP Hughes,JK Lalor,0,0,,,,,,"",""
ball,2,2.6,Sydney Sixers,JL Denly,DP Hughes,JK Lalor,4,0,,,,,,"",""
ball,2,3.1,Sydney Sixers,DP Hughes,JL Denly,Yasir Shah,2,0,,,,,,"",""
ball,2,3.2,Sydney Sixers,DP Hughes,JL Denly,Yasir Shah,0,1,1,,,,,"",""
ball,2,3.3,Sydney Sixers,DP Hughes,JL Denly,Yasir Shah,0,0,,,,,,"",""
ball,2,3.4,Sydney Sixers,DP Hughes,JL Denly,Yasir Shah,2,0,,,,,,"",""
ball,2,3.5,Sydney Sixers,DP Hughes,JL Denly,Yasir Shah,4,0,,,,,,"",""
ball,2,3.6,Sydney Sixers,DP Hughes,JL Denly,Yasir Shah,1,0,,,,,,"",""
ball,2,3.7,Sydney Sixers,JL Denly,DP Hughes,Yasir Shah,0,0,,,,,,"",""
ball,2,4.1,Sydney Sixers,DP Hughes,JL Denly,MT Steketee,4,0,,,,,,"",""
ball,2,4.2,Sydney Sixers,DP Hughes,JL Denly,MT Steketee,1,0,,,,,,"",""
ball,2,4.3,Sydney Sixers,JL Denly,DP Hughes,MT Steketee,0,0,,,,,,"",""
ball,2,4.4,Sydney Sixers,JL Denly,DP Hughes,MT Steketee,1,0,,,,,,"",""
ball,2,4.5,Sydney Sixers,DP Hughes,JL Denly,MT Steketee,0,0,,,,,,"",""
ball,2,4.6,Sydney Sixers,DP Hughes,JL Denly,MT Steketee,1,0,,,,,,"",""
ball,2,5.1,Sydney Sixers,DP Hughes,JL Denly,JK Lalor,0,0,,,,,,"",""
ball,2,5.2,Sydney Sixers,DP Hughes,JL Denly,JK Lalor,0,0,,,,,,"",""
ball,2,5.3,Sydney Sixers,DP Hughes,JL Denly,JK Lalor,2,0,,,,,,"",""
ball,2,5.4,Sydney Sixers,DP Hughes,JL Denly,JK Lalor,0,0,,,,,,"",""
ball,2,5.5,Sydney Sixers,DP Hughes,JL Denly,JK Lalor,6,0,,,,,,"",""
ball,2,5.6,Sydney Sixers,DP Hughes,JL Denly,JK Lalor,1,0,,,,,,"",""
ball,2,6.1,Sydney Sixers,DP Hughes,JL Denly,MJ Swepson,1,0,,,,,,"",""
ball,2,6.2,Sydney Sixers,JL Denly,DP Hughes,MJ Swepson,0,0,,,,,,"",""
ball,2,6.3,Sydney Sixers,JL Denly,DP Hughes,MJ Swepson,1,0,,,,,,"",""
ball,2,6.4,Sydney Sixers,DP Hughes,JL Denly,MJ Swepson,1,0,,,,,,"",""
ball,2,6.5,Sydney Sixers,JL Denly,DP Hughes,MJ Swepson,0,0,,,,,,"",""
ball,2,6.6,Sydney Sixers,JL Denly,DP Hughes,MJ Swepson,0,0,,,,,,"",""
ball,2,7.1,Sydney Sixers,DP Hughes,JL Denly,Yasir Shah,0,0,,,,,,lbw,DP Hughes
ball,2,7.2,Sydney Sixers,NJ Maddinson,JL Denly,Yasir Shah,1,0,,,,,,"",""
ball,2,7.3,Sydney Sixers,JL Denly,NJ Maddinson,Yasir Shah,0,0,,,,,,"",""
ball,2,7.4,Sydney Sixers,JL Denly,NJ Maddinson,Yasir Shah,1,0,,,,,,"",""
ball,2,7.5,Sydney Sixers,NJ Maddinson,JL Denly,Yasir Shah,6,0,,,,,,"",""
ball,2,7.6,Sydney Sixers,NJ Maddinson,JL Denly,Yasir Shah,1,0,,,,,,"",""
ball,2,8.1,Sydney Sixers,NJ Maddinson,JL Denly,JS Floros,0,0,,,,,,"",""
ball,2,8.2,Sydney Sixers,NJ Maddinson,JL Denly,JS Floros,6,0,,,,,,"",""
ball,2,8.3,Sydney Sixers,NJ Maddinson,JL Denly,JS Floros,1,0,,,,,,"",""
ball,2,8.4,Sydney Sixers,JL Denly,NJ Maddinson,JS Floros,0,0,,,,,,"",""
ball,2,8.5,Sydney Sixers,JL Denly,NJ Maddinson,JS Floros,0,0,,,,,,"",""
ball,2,8.6,Sydney Sixers,JL Denly,NJ Maddinson,JS Floros,0,0,,,,,,"",""
ball,2,9.1,Sydney Sixers,NJ Maddinson,JL Denly,Yasir Shah,1,0,,,,,,"",""
ball,2,9.2,Sydney Sixers,JL Denly,NJ Maddinson,Yasir Shah,6,0,,,,,,"",""
ball,2,9.3,Sydney Sixers,JL Denly,NJ Maddinson,Yasir Shah,0,0,,,,,,"",""
ball,2,9.4,Sydney Sixers,JL Denly,NJ Maddinson,Yasir Shah,0,0,,,,,,"",""
ball,2,9.5,Sydney Sixers,JL Denly,NJ Maddinson,Yasir Shah,1,0,,,,,,"",""
ball,2,9.6,Sydney Sixers,NJ Maddinson,JL Denly,Yasir Shah,1,0,,,,,,"",""
