version,1.6.0
info,balls_per_over,6
info,team,Sydney Thunder
info,team,Melbourne Renegades
info,gender,male
info,season,2017/18
info,date,2018/01/24
info,event,Big Bash League
info,match_number,37
info,venue,Manuka Oval
info,city,Canberra
info,toss_winner,Sydney Thunder
info,toss_decision,field
info,player_of_match,KW Richardson
info,umpire,JD Ward
info,umpire,SAJ Craig
info,reserve_umpire,Troy Penman
info,tv_umpire,DM Koch
info,match_referee,RW Stratford
info,winner,Melbourne Renegades
info,winner_runs,9
info,player,Melbourne Renegades,MS Harris
info,player,Melbourne Renegades,MW Short
info,player,Melbourne Renegades,TLW Cooper
info,player,Melbourne Renegades,DJ Bravo
info,player,Melbourne Renegades,KA Pollard
info,player,Melbourne Renegades,JD Wildermuth
info,player,Melbourne Renegades,TP Ludeman
info,player,Melbourne Renegades,BJ Webster
info,player,Melbourne Renegades,KW Richardson
info,player,Melbourne Renegades,CP Tremain
info,player,Melbourne Renegades,JM Holland
info,player,Sydney Thunder,JM Vince
info,player,Sydney Thunder,KR Patterson
info,player,Sydney Thunder,SR Watson
info,player,Sydney Thunder,JS Lenton
info,player,Sydney Thunder,AJ Nair
info,player,Sydney Thunder,BJ Rohrer
info,player,Sydney Thunder,CJ Green
info,player,Sydney Thunder,AC Blizzard
info,player,Sydney Thunder,GS Sandhu
info,player,Sydney Thunder,MJ McClenaghan
info,player,Sydney Thunder,Fawad Ahmed
info,registry,people,AC Blizzard,1efb8a28
info,registry,people,AJ Nair,4ba2c04d
info,registry,people,BJ Rohrer,27af6414
info,registry,people,BJ Webster,56b93d46
info,registry,people,CJ Green,19b9f399
info,registry,people,CP Tremain,96824e68
info,registry,people,DJ Bravo,87e562a9
info,registry,people,DM Koch,6d10c034
info,registry,people,Fawad Ahmed,22ae3041
info,registry,people,GS Sandhu,1558d83b
info,registry,people,JD Ward,511299c1
info,registry,people,JD Wildermuth,f1c61793
info,registry,people,JM Holland,70c4f525
info,registry,people,JM Vince,a15618fe
info,registry,people,JS Lenton,8820c9ef
info,registry,people,KA Pollard,a757b0d8
info,registry,people,KR Patterson,e3bf8356
info,registry,people,KW Richardson,dfc4d8b5
info,registry,people,MJ McClenaghan,51a3c5ef
info,registry,people,MS Harris,9e85455c
info,registry,people,MW Short,a90e53ec
info,registry,people,RW Stratford,85489579
info,registry,people,SAJ Craig,689f2eed
info,registry,people,SR Watson,4329fbb5
info,registry,people,TLW Cooper,2318ba22
info,registry,people,TP Ludeman,c3f7898b
info,registry,people,Troy Penman,0aa42c26
ball,1,0.1,Melbourne Renegades,MS Harris,MW Short,GS Sandhu,0,0,,,,,,"",""
ball,1,0.2,Melbourne Renegades,MS Harris,MW Short,GS Sandhu,4,0,,,,,,"",""
ball,1,0.3,Melbourne Renegades,MS Harris,MW Short,GS Sandhu,1,0,,,,,,"",""
ball,1,0.4,Melbourne Renegades,MW Short,MS Harris,GS Sandhu,3,0,,,,,,"",""
ball,1,0.5,Melbourne Renegades,MS Harris,MW Short,GS Sandhu,0,0,,,,,,"",""
ball,1,0.6,Melbourne Renegades,MS Harris,MW Short,GS Sandhu,4,0,,,,,,"",""
ball,1,1.1,Melbourne Renegades,MW Short,MS Harris,MJ McClenaghan,0,0,,,,,,"",""
ball,1,1.2,Melbourne Renegades,MW Short,MS Harris,MJ McClenaghan,0,0,,,,,,"",""
ball,1,1.3,Melbourne Renegades,MW Short,MS Harris,MJ McClenaghan,0,0,,,,,,"",""
ball,1,1.4,Melbourne Renegades,MW Short,MS Harris,MJ McClenaghan,0,1,,,,1,,"",""
ball,1,1.5,Melbourne Renegades,MS Harris,MW Short,MJ McClenaghan,1,0,,,,,,"",""
ball,1,1.6,Melbourne Renegades,MW Short,MS Harris,MJ McClenaghan,1,0,,,,,,"",""
ball,1,2.1,Melbourne Renegades,MW Short,MS Harris,CJ Green,1,0,,,,,,"",""
ball,1,2.2,Melbourne Renegades,MS Harris,MW Short,CJ Green,0,0,,,,,,"",""
ball,1,2.3,Melbourne Renegades,MS Harris,MW Short,CJ Green,1,0,,,,,,"",""
ball,1,2.4,Melbourne Renegades,MW Short,MS Harris,CJ Green,1,0,,,,,,"",""
ball,1,2.5,Melbourne Renegades,MS Harris,MW Short,CJ Green,4,0,,,,,,"",""
ball,1,2.6,Melbourne Renegades,MS Harris,MW Short,CJ Green,0,0,,,,,,"",""
ball,1,3.1,Melbourne Renegades,MW Short,MS Harris,SR Watson,4,0,,,,,,"",""
ball,1,3.2,Melbourne Renegades,MW Short,MS Harris,SR Watson,0,1,,,,1,,"",""
ball,1,3.3,Melbourne Renegades,MS Harris,MW Short,SR Watson,0,0,,,,,,"",""
ball,1,3.4,Melbourne Renegades,MS Harris,MW Short,SR Watson,4,0,,,,,,"",""
ball,1,3.5,Melbourne Renegades,MS Harris,MW Short,SR Watson,1,0,,,,,,"",""
ball,1,3.6,Melbourne Renegades,MW Short,MS Harris,SR Watson,4,0,,,,,,"",""
ball,1,4.1,Melbourne Renegades,MS Harris,MW Short,MJ McClenaghan,3,0,,,,,,"",""
ball,1,4.2,Melbourne Renegades,MW Short,MS Harris,MJ McClenaghan,0,1,,1,,,,"",""
ball,1,4.3,Melbourne Renegades,MW Short,MS Harris,MJ McClenaghan,4,0,,,,,,"",""
ball,1,4.4,Melbourne Renegades,MW Short,MS Harris,MJ McClenaghan,0,0,,,,,,"",""
ball,1,4.5,Melbourne Renegades,MW Short,MS Harris,MJ McClenaghan,1,0,,,,,,"",""
ball,1,4.6,Melbourne Renegades,MS Harris,MW Short,MJ McClenaghan,0,0,,,,,,"",""
ball,1,4.7,Melbourne Renegades,MS Harris,MW Short,MJ McClenaghan,0,1,1,,,,,"",""
ball,1,4.8,Melbourne Renegades,MS Harris,MW Short,MJ McClenaghan,3,0,,,,,,"",""
ball,1,5.1,Melbourne Renegades,MS Harris,MW Short,CJ Green,0,0,,,,,,"",""
ball,1,5.2,Melbourne Renegades,MS Harris,MW Short,CJ Green,0,0,,,,,,"",""
ball,1,5.3,Melbourne Renegades,MS Harris,MW Short,CJ Green,4,0,,,,,,"",""
ball,1,5.4,Melbourne Renegades,MS Harris,MW Short,CJ Green,0,0,,,,,,"",""
ball,1,5.5,Melbourne Renegades,MS Harris,MW Short,CJ Green,4,0,,,,,,"",""
ball,1,5.6,Melbourne Renegades,MS Harris,MW Short,CJ Green,2,0,,,,,,"",""
ball,1,6.1,Melbourne Renegades,MW Short,MS Harris,Fawad Ahmed,1,0,,,,,,"",""
ball,1,6.2,Melbourne Renegades,MS Harris,MW Short,Fawad Ahmed,1,0,,,,,,"",""
ball,1,6.3,Melbourne Renegades,MW Short,MS Harris,Fawad Ahmed,1,0,,,,,,"",""
ball,1,6.4,Melbourne Renegades,MS Harris,MW Short,Fawad Ahmed,1,0,,,,,,"",""
ball,1,6.5,Melbourne Renegades,MW Short,MS Harris,Fawad Ahmed,1,0,,,,,,"",""
ball,1,6.6,Melbourne Renegades,MS Harris,MW Short,Fawad Ahmed,0,0,,,,,,"",""
ball,1,7.1,Melbourne Renegades,MW Short,MS Harris,GS Sandhu,2,0,,,,,,"",""
ball,1,7.2,Melbourne Renegades,MW Short,MS Harris,GS Sandhu,2,0,,,,,,"",""
ball,1,7.3,Melbourne Renegades,MW Short,MS Harris,GS Sandhu,1,0,,,,,,"",""
ball,1,7.4,Melbourne Renegades,MS Harris,MW Short,GS Sandhu,1,0,,,,,,"",""
ball,1,7.5,Melbourne Renegades,MW Short,MS Harris,GS Sandhu,1,0,,,,,,"",""
ball,1,7.6,Melbourne Renegades,MS Harris,MW Short,GS Sandhu,6,0,,,,,,"",""
ball,1,8.1,Melbourne Renegades,MW Short,MS Harris,Fawad Ahmed,0,0,,,,,,"",""
ball,1,8.2,Melbourne Renegades,MW Short,MS Harris,Fawad Ahmed,0,0,,,,,,stumped,MW Short
ball,1,8.3,Melbourne Renegades,TLW Cooper,MS Harris,Fawad Ahmed,2,0,,,,,,"",""
ball,1,8.4,Melbourne Renegades,TLW Cooper,MS Harris,Fawad Ahmed,1,0,,,,,,"",""
ball,1,8.5,Melbourne Renegades,MS Harris,TLW Cooper,Fawad Ahmed,1,0,,,,,,"",""
ball,1,8.6,Melbourne Renegades,TLW Cooper,MS Harris,Fawad Ahmed,6,0,,,,,,"",""
ball,1,9.1,Melbourne Renegades,MS Harris,TLW Cooper,SR Watson,2,0,,,,,,"",""
ball,1,9.2,Melbourne Renegades,MS Harris,TLW Cooper,SR Watson,1,0,,,,,,"",""
ball,1,9.3,Melbourne Renegades,TLW Cooper,MS Harris,SR Watson,1,0,,,,,,"",""
ball,1,9.4,Melbourne Renegades,MS Harris,TLW Cooper,SR Watson,1,0,,,,,,"",""
ball,1,9.5,Melbourne Renegades,TLW Cooper,MS Harris,SR Watson,1,0,,,,,,"",""
ball,1,9.6,Melbourne Renegades,MS Harris,TLW Cooper,SR Watson,0,1,,,,1,,"",""
ball,1,10.1,Melbourne Renegades,MS Harris,TLW Cooper,Fawad Ahmed,6,0,,,,,,"",""
ball,1,10.2,Melbourne Renegades,MS Harris,TLW Cooper,Fawad Ahmed,0,0,,,,,,run out,TLW Cooper
ball,1,10.3,Melbourne Renegades,MS Harris,DJ Bravo,Fawad Ahmed,0,0,,,,,,"",""
ball,1,10.4,Melbourne Renegades,MS Harris,DJ Bravo,Fawad Ahmed,1,0,,,,,,"",""
ball,1,10.5,Melbourne Renegades,DJ Bravo,MS Harris,Fawad Ahmed,0,0,,,,,,"",""
ball,1,10.6,Melbourne Renegades,DJ Bravo,MS Harris,Fawad Ahmed,0,0,,,,,,"",""
ball,1,11.1,Melbourne Renegades,MS Harris,DJ Bravo,GS Sandhu,4,0,,,,,,"",""
ball,1,11.2,Melbourne Renegades,MS Harris,DJ Bravo,GS Sandhu,0,0,,,,,,"",""
ball,1,11.3,Melbourne Renegades,MS Harris,DJ Bravo,GS Sandhu,1,0,,,,,,"",""
ball,1,11.4,Melbourne Renegades,DJ Bravo,MS Harris,GS Sandhu,0,0,,,,,,"",""
ball,1,11.5,Melbourne Renegades,DJ Bravo,MS Harris,GS Sandhu,0,0,,,,,,"",""
ball,1,11.6,Melbourne Renegades,DJ Bravo,MS Harris,GS Sandhu,1,0,,,,,,"",""
ball,1,12.1,Melbourne Renegades,DJ Bravo,MS Harris,CJ Green,2,0,,,,,,"",""
ball,1,12.2,Melbourne Renegades,DJ Bravo,MS Harris,CJ Green,0,0,,,,,,"",""
ball,1,12.3,Melbourne Renegades,DJ Bravo,MS Harris,CJ Green,0,0,,,,,,"",""
ball,1,12.4,Melbourne Renegades,DJ Bravo,MS Harris,CJ Green,1,0,,,,,,"",""
ball,1,12.5,Melbourne Renegades,MS Harris,DJ Bravo,CJ Green,2,0,,,,,,"",""
ball,1,12.6,Melbourne Renegades,MS Harris,DJ Bravo,CJ Green,0,0,,,,,,bowled,MS Harris
ball,1,13.1,Melbourne Renegades,DJ Bravo,KA Pollard,SR Watson,1,0,,,,,,"",""
ball,1,13.2,Melbourne Renegades,KA Pollard,DJ Bravo,SR Watson,0,0,,,,,,"",""
ball,1,13.3,Melbourne Renegades,KA Pollard,DJ Bravo,SR Watson,4,0,,,,,,"",""
ball,1,13.4,Melbourne Renegades,KA Pollard,DJ Bravo,SR Watson,1,0,,,,,,"",""
ball,1,13.5,Melbourne Renegades,DJ Bravo,KA Pollard,SR Watson,0,1,1,,,,,"",""
ball,1,13.6,Melbourne Renegades,DJ Bravo,KA Pollard,SR Watson,0,0,,,,,,"",""
ball,1,13.7,Melbourne Renegades,DJ Bravo,KA Pollard,SR Watson,1,0,,,,,,"",""
ball,1,14.1,Melbourne Renegades,DJ Bravo,KA Pollard,Fawad Ahmed,0,1,1,,,,,"",""
ball,1,14.2,Melbourne Renegades,DJ Bravo,KA Pollard,Fawad Ahmed,1,0,,,,,,"",""
ball,1,14.3,Melbourne Renegades,KA Pollard,DJ Bravo,Fawad Ahmed,0,0,,,,,,"",""
ball,1,14.4,Melbourne Renegades,KA Pollard,DJ Bravo,Fawad Ahmed,0,0,,,,,,"",""
ball,1,14.5,Melbourne Renegades,KA Pollard,DJ Bravo,Fawad Ahmed,1,0,,,,,,"",""
ball,1,14.6,Melbourne Renegades,DJ Bravo,KA Pollard,Fawad Ahmed,2,0,,,,,,"",""
ball,1,14.7,Melbourne Renegades,DJ Bravo,KA Pollard,Fawad Ahmed,0,0,,,,,,"",""
ball,1,15.1,Melbourne Renegades,KA Pollard,DJ Bravo,MJ McClenaghan,0,1,,,,1,,"",""
ball,1,15.2,Melbourne Renegades,DJ Bravo,KA Pollard,MJ McClenaghan,1,0,,,,,,"",""
ball,1,15.3,Melbourne Renegades,KA Pollard,DJ Bravo,MJ McClenaghan,1,0,,,,,,"",""
ball,1,15.4,Melbourne Renegades,DJ Bravo,KA Pollard,MJ McClenaghan,6,0,,,,,,"",""
ball,1,15.5,Melbourne Renegades,DJ Bravo,KA Pollard,MJ McClenaghan,0,0,,,,,,caught and bowled,DJ Bravo
ball,1,15.6,Melbourne Renegades,JD Wildermuth,KA Pollard,MJ McClenaghan,0,0,,,,,,"",""
ball,1,16.1,Melbourne Renegades,KA Pollard,JD Wildermuth,SR Watson,6,0,,,,,,"",""
ball,1,16.2,Melbourne Renegades,KA Pollard,JD Wildermuth,SR Watson,0,0,,,,,,"",""
ball,1,16.3,Melbourne Renegades,KA Pollard,JD Wildermuth,SR Watson,1,0,,,,,,"",""
ball,1,16.4,Melbourne Renegades,JD Wildermuth,KA Pollard,SR Watson,1,0,,,,,,"",""
ball,1,16.5,Melbourne Renegades,KA Pollard,JD Wildermuth,SR Watson,1,0,,,,,,"",""
ball,1,16.6,Melbourne Renegades,JD Wildermuth,KA Pollard,SR Watson,1,0,,,,,,"",""
ball,1,17.1,Melbourne Renegades,JD Wildermuth,KA Pollard,CJ Green,4,0,,,,,,"",""
ball,1,17.2,Melbourne Renegades,JD Wildermuth,KA Pollard,CJ Green,1,0,,,,,,"",""
ball,1,17.3,Melbourne Renegades,KA Pollard,JD Wildermuth,CJ Green,1,0,,,,,,"",""
ball,1,17.4,Melbourne Renegades,JD Wildermuth,KA Pollard,CJ Green,6,0,,,,,,"",""
ball,1,17.5,Melbourne Renegades,JD Wildermuth,KA Pollard,CJ Green,1,0,,,,,,"",""
ball,1,17.6,Melbourne Renegades,KA Pollard,JD Wildermuth,CJ Green,1,0,,,,,,"",""
ball,1,18.1,Melbourne Renegades,KA Pollard,JD Wildermuth,GS Sandhu,0,0,,,,,,"",""
ball,1,18.2,Melbourne Renegades,KA Pollard,JD Wildermuth,GS Sandhu,4,0,,,,,,"",""
ball,1,18.3,Melbourne Renegades,KA Pollard,JD Wildermuth,GS Sandhu,2,0,,,,,,"",""
ball,1,18.4,Melbourne Renegades,KA Pollard,JD Wildermuth,GS Sandhu,0,0,,,,,,"",""
ball,1,18.5,Melbourne Renegades,KA Pollard,JD Wildermuth,GS Sandhu,0,0,,,,,,caught,KA Pollard
ball,1,18.6,Melbourne Renegades,JD Wildermuth,TP Ludeman,GS Sandhu,0,0,,,,,,caught,JD Wildermuth
ball,1,19.1,Melbourne Renegades,TP Ludeman,BJ Webster,MJ McClenaghan,4,0,,,,,,"",""
ball,1,19.2,Melbourne Renegades,TP Ludeman,BJ Webster,MJ McClenaghan,0,1,1,,,,,"",""
ball,1,19.3,Melbourne Renegades,TP Ludeman,BJ Webster,MJ McClenaghan,1,0,,,,,,"",""
ball,1,19.4,Melbourne Renegades,BJ Webster,TP Ludeman,MJ McClenaghan,2,0,,,,,,"",""
ball,1,19.5,Melbourne Renegades,BJ Webster,TP Ludeman,MJ McClenaghan,0,1,1,,,,,"",""
ball,1,19.6,Melbourne Renegades,BJ Webster,TP Ludeman,MJ McClenaghan,6,0,,,,,,"",""
ball,1,19.7,Melbourne Renegades,BJ Webster,TP Ludeman,MJ McClenaghan,6,0,,,,,,"",""
ball,1,19.8,Melbourne Renegades,BJ Webster,TP Ludeman,MJ McClenaghan,4,0,,,,,,"",""
ball,2,0.1,Sydney Thunder,JM Vince,KR Patterson,TLW Cooper,0,0,,,,,,"",""
ball,2,0.2,Sydney Thunder,JM Vince,KR Patterson,TLW Cooper,0,0,,,,,,"",""
ball,2,0.3,Sydney Thunder,JM Vince,KR Patterson,TLW Cooper,0,0,,,,,,"",""
ball,2,0.4,Sydney Thunder,JM Vince,KR Patterson,TLW Cooper,1,0,,,,,,"",""
ball,2,0.5,Sydney Thunder,KR Patterson,JM Vince,TLW Cooper,0,0,,,,,,"",""
ball,2,0.6,Sydney Thunder,KR Patterson,JM Vince,TLW Cooper,0,0,,,,,,"",""
ball,2,1.1,Sydney Thunder,JM Vince,KR Patterson,CP Tremain,0,0,,,,,,"",""
ball,2,1.2,Sydney Thunder,JM Vince,KR Patterson,CP Tremain,0,0,,,,,,caught,JM Vince
ball,2,1.3,Sydney Thunder,KR Patterson,SR Watson,CP Tremain,2,0,,,,,,"",""
ball,2,1.4,Sydney Thunder,KR Patterson,SR Watson,CP Tremain,1,0,,,,,,"",""
ball,2,1.5,Sydney Thunder,SR Watson,KR Patterson,CP Tremain,0,0,,,,,,"",""
ball,2,1.6,Sydney Thunder,SR Watson,KR Patterson,CP Tremain,3,0,,,,,,"",""
ball,2,2.1,Sydney Thunder,SR Watson,KR Patterson,KW Richardson,0,0,,,,,,"",""
ball,2,2.2,Sydney Thunder,SR Watson,KR Patterson,KW Richardson,0,0,,,,,,"",""
ball,2,2.3,Sydney Thunder,SR Watson,KR Patterson,KW Richardson,0,0,,,,,,"",""
ball,2,2.4,Sydney Thunder,SR Watson,KR Patterson,KW Richardson,0,0,,,,,,"",""
ball,2,2.5,Sydney Thunder,SR Watson,KR Patterson,KW Richardson,0,0,,,,,,"",""
ball,2,2.6,Sydney Thunder,SR Watson,KR Patterson,KW Richardson,6,0,,,,,,"",""
ball,2,3.1,Sydney Thunder,KR Patterson,SR Watson,CP Tremain,0,0,,,,,,"",""
ball,2,3.2,Sydney Thunder,KR Patterson,SR Watson,CP Tremain,0,0,,,,,,caught,KR Patterson
ball,2,3.3,Sydney Thunder,SR Watson,JS Lenton,CP Tremain,0,0,,,,,,"",""
ball,2,3.4,Sydney Thunder,SR Watson,JS Lenton,CP Tremain,6,0,,,,,,"",""
ball,2,3.5,Sydney Thunder,SR Watson,JS Lenton,CP Tremain,6,0,,,,,,"",""
ball,2,3.6,Sydney Thunder,SR Watson,JS Lenton,CP Tremain,0,0,,,,,,"",""
ball,2,4.1,Sydney Thunder,JS Lenton,SR Watson,DJ Bravo,0,0,,,,,,"",""
ball,2,4.2,Sydney Thunder,JS Lenton,SR Watson,DJ Bravo,0,0,,,,,,"",""
ball,2,4.3,Sydney Thunder,JS Lenton,SR Watson,DJ Bravo,2,0,,,,,,"",""
ball,2,4.4,Sydney Thunder,JS Lenton,SR Watson,DJ Bravo,0,0,,,,,,"",""
ball,2,4.5,Sydney Thunder,JS Lenton,SR Watson,DJ Bravo,6,0,,,,,,"",""
ball,2,4.6,Sydney Thunder,JS Lenton,SR Watson,DJ Bravo,6,0,,,,,,"",""
ball,2,5.1,Sydney Thunder,SR Watson,JS Lenton,KW Richardson,1,0,,,,,,"",""
ball,2,5.2,Sydney Thunder,JS Lenton,SR Watson,KW Richardson,0,0,,,,,,"",""
ball,2,5.3,Sydney Thunder,JS Lenton,SR Watson,KW Richardson,0,0,,,,,,"",""
ball,2,5.4,Sydney Thunder,JS Lenton,SR Watson,KW Richardson,4,0,,,,,,"",""
ball,2,5.5,Sydney Thunder,JS Lenton,SR Watson,KW Richardson,1,0,,,,,,"",""
ball,2,5.6,Sydney Thunder,SR Watson,JS Lenton,KW Richardson,0,0,,,,,,"",""
ball,2,6.1,Sydney Thunder,JS Lenton,SR Watson,JD Wildermuth,0,0,,,,,,"",""
ball,2,6.2,Sydney Thunder,JS Lenton,SR Watson,JD Wildermuth,1,0,,,,,,"",""
ball,2,6.3,Sydney Thunder,SR Watson,JS Lenton,JD Wildermuth,0,0,,,,,,"",""
ball,2,6.4,Sydney Thunder,SR Watson,JS Lenton,JD Wildermuth,0,0,,,,,,caught,SR Watson
ball,2,6.5,Sydney Thunder,JS Lenton,AJ Nair,JD Wildermuth,0,0,,,,,,"",""
ball,2,6.6,Sydney Thunder,JS Lenton,AJ Nair,JD Wildermuth,0,0,,,,,,"",""
ball,2,7.1,Sydney Thunder,AJ Nair,JS Lenton,JM Holland,1,0,,,,,,"",""
ball,2,7.2,Sydney Thunder,JS Lenton,AJ Nair,JM Holland,1,0,,,,,,"",""
ball,2,7.3,Sydney Thunder,AJ Nair,JS Lenton,JM Holland,1,0,,,,,,"",""
ball,2,7.4,Sydney Thunder,JS Lenton,AJ Nair,JM Holland,2,0,,,,,,"",""
ball,2,7.5,Sydney Thunder,JS Lenton,AJ Nair,JM Holland,0,0,,,,,,caught,JS Lenton
ball,2,7.6,Sydney Thunder,AJ Nair,BJ Rohrer,JM Holland,1,0,,,,,,"",""
ball,2,8.1,Sydney Thunder,AJ Nair,BJ Rohrer,JD Wildermuth,1,0,,,,,,"",""
ball,2,8.2,Sydney Thunder,BJ Rohrer,AJ Nair,JD Wildermuth,2,0,,,,,,"",""
ball,2,8.3,Sydney Thunder,BJ Rohrer,AJ Nair,JD Wildermuth,1,0,,,,,,"",""
ball,2,8.4,Sydney Thunder,AJ Nair,BJ Rohrer,JD Wildermuth,0,0,,,,,,"",""
ball,2,8.5,Sydney Thunder,AJ Nair,BJ Rohrer,JD Wildermuth,4,0,,,,,,"",""
ball,2,8.6,Sydney Thunder,AJ Nair,BJ Rohrer,JD Wildermuth,6,0,,,,,,"",""
ball,2,9.1,Sydney Thunder,BJ Rohrer,AJ Nair,JM Holland,1,0,,,,,,"",""
ball,2,9.2,Sydney Thunder,AJ Nair,BJ Rohrer,JM Holland,1,0,,,,,,"",""
ball,2,9.3,Sydney Thunder,BJ Rohrer,AJ Nair,JM Holland,1,0,,,,,,"",""
ball,2,9.4,Sydney Thunder,AJ Nair,BJ Rohrer,JM Holland,0,0,,,,,,"",""
ball,2,9.5,Sydney Thunder,AJ Nair,BJ Rohrer,JM Holland,6,0,,,,,,"",""
ball,2,9.6,Sydney Thunder,AJ Nair,BJ Rohrer,JM Holland,1,0,,,,,,"",""
ball,2,10.1,Sydney Thunder,AJ Nair,BJ Rohrer,KA Pollard,2,0,,,,,,"",""
ball,2,10.2,Sydney Thunder,AJ Nair,BJ Rohrer,KA Pollard,2,0,,,,,,"",""
ball,2,10.3,Sydney Thunder,AJ Nair,BJ Rohrer,KA Pollard,0,1,,1,,,,"",""
ball,2,10.4,Sydney Thunder,AJ Nair,BJ Rohrer,KA Pollard,6,0,,,,,,"",""
ball,2,10.5,Sydney Thunder,AJ Nair,BJ Rohrer,KA Pollard,1,0,,,,,,"",""
ball,2,10.6,Sydney Thunder,BJ Rohrer,AJ Nair,KA Pollard,1,0,,,,,,"",""
ball,2,10.7,Sydney Thunder,AJ Nair,BJ Rohrer,KA Pollard,2,0,,,,,,"",""
ball,2,11.1,Sydney Thunder,BJ Rohrer,AJ Nair,DJ Bravo,1,0,,,,,,"",""
ball,2,11.2,Sydney Thunder,AJ Nair,BJ Rohrer,DJ Bravo,2,0,,,,,,"",""
ball,2,11.3,Sydney Thunder,AJ Nair,BJ Rohrer,DJ Bravo,0,0,,,,,,"",""
ball,2,11.4,Sydney Thunder,AJ Nair,BJ Rohrer,DJ Bravo,1,0,,,,,,"",""
ball,2,11.5,Sydney Thunder,BJ Rohrer,AJ Nair,DJ Bravo,2,0,,,,,,"",""
ball,2,11.6,Sydney Thunder,BJ Rohrer,AJ Nair,DJ Bravo,1,0,,,,,,"",""
ball,2,12.1,Sydney Thunder,BJ Rohrer,AJ Nair,CP Tremain,1,0,,,,,,"",""
ball,2,12.2,Sydney Thunder,AJ Nair,BJ Rohrer,CP Tremain,2,0,,,,,,"",""
ball,2,12.3,Sydney Thunder,AJ Nair,BJ Rohrer,CP Tremain,2,0,,,,,,"",""
ball,2,12.4,Sydney Thunder,AJ Nair,BJ Rohrer,CP Tremain,1,0,,,,,,"",""
ball,2,12.5,Sydney Thunder,BJ Rohrer,AJ Nair,CP Tremain,1,0,,,,,,"",""
ball,2,12.6,Sydney Thunder,AJ Nair,BJ Rohrer,CP Tremain,2,0,,,,,,"",""
ball,2,13.1,Sydney Thunder,BJ Rohrer,AJ Nair,JD Wildermuth,6,0,,,,,,"",""
ball,2,13.2,Sydney Thunder,BJ Rohrer,AJ Nair,JD Wildermuth,4,0,,,,,,"",""
ball,2,13.3,Sydney Thunder,BJ Rohrer,AJ Nair,JD Wildermuth,4,0,,,,,,"",""
ball,2,13.4,Sydney Thunder,BJ Rohrer,AJ Nair,JD Wildermuth,6,0,,,,,,"",""
ball,2,13.5,Sydney Thunder,BJ Rohrer,AJ Nair,JD Wildermuth,4,0,,,,,,"",""
ball,2,13.6,Sydney Thunder,BJ Rohrer,AJ Nair,JD Wildermuth,4,0,,,,,,"",""
ball,2,14.1,Sydney Thunder,AJ Nair,BJ Rohrer,KW Richardson,0,0,,,,,,caught,AJ Nair
ball,2,14.2,Sydney Thunder,BJ Rohrer,CJ Green,KW Richardson,4,0,,,,,,"",""
ball,2,14.3,Sydney Thunder,BJ Rohrer,CJ Green,KW Richardson,0,0,,,,,,"",""
ball,2,14.4,Sydney Thunder,BJ Rohrer,CJ Green,KW Richardson,0,0,,,,,,"",""
ball,2,14.5,Sydney Thunder,BJ Rohrer,CJ Green,KW Richardson,4,0,,,,,,"",""
ball,2,14.6,Sydney Thunder,BJ Rohrer,CJ Green,KW Richardson,0,0,,,,,,caught,BJ Rohrer
ball,2,15.1,Sydney Thunder,AC Blizzard,CJ Green,DJ Bravo,0,1,,,,1,,"",""
ball,2,15.2,Sydney Thunder,CJ Green,AC Blizzard,DJ Bravo,1,0,,,,,,"",""
ball,2,15.3,Sydney Thunder,AC Blizzard,CJ Green,DJ Bravo,1,0,,,,,,"",""
ball,2,15.4,Sydney Thunder,CJ Green,AC Blizzard,DJ Bravo,0,0,,,,,,"",""
ball,2,15.5,Sydney Thunder,CJ Green,AC Blizzard,DJ Bravo,1,0,,,,,,"",""
ball,2,15.6,Sydney Thunder,AC Blizzard,CJ Green,DJ Bravo,1,0,,,,,,"",""
ball,2,16.1,Sydney Thunder,AC Blizzard,CJ Green,KW Richardson,0,0,,,,,,caught,AC Blizzard
ball,2,16.2,Sydney Thunder,CJ Green,GS Sandhu,KW Richardson,0,0,,,,,,"",""
ball,2,16.3,Sydney Thunder,CJ Green,GS Sandhu,KW Richardson,1,0,,,,,,"",""
ball,2,16.4,Sydney Thunder,GS Sandhu,CJ Green,KW Richardson,0,0,,,,,,"",""
ball,2,16.5,Sydney Thunder,GS Sandhu,CJ Green,KW Richardson,0,0,,,,,,caught,GS Sandhu
ball,2,16.6,Sydney Thunder,CJ Green,MJ McClenaghan,KW Richardson,1,0,,,,,,"",""
ball,2,17.1,Sydney Thunder,CJ Green,MJ McClenaghan,DJ Bravo,6,0,,,,,,"",""
ball,2,17.2,Sydney Thunder,CJ Green,MJ McClenaghan,DJ Bravo,2,0,,,,,,"",""
ball,2,17.3,Sydney Thunder,CJ Green,MJ McClenaghan,DJ Bravo,6,0,,,,,,"",""
ball,2,17.4,Sydney Thunder,CJ Green,MJ McClenaghan,DJ Bravo,1,0,,,,,,"",""
ball,2,17.5,Sydney Thunder,MJ McClenaghan,CJ Green,DJ Bravo,2,0,,,,,,"",""
ball,2,17.6,Sydney Thunder,MJ McClenaghan,CJ Green,DJ Bravo,1,0,,,,,,"",""
ball,2,18.1,Sydney Thunder,MJ McClenaghan,CJ Green,CP Tremain,0,2,,,,2,,"",""
ball,2,18.2,Sydney Thunder,MJ McClenaghan,CJ Green,CP Tremain,2,0,,,,,,"",""
ball,2,18.3,Sydney Thunder,MJ McClenaghan,CJ Green,CP Tremain,1,0,,,,,,"",""
ball,2,18.4,Sydney Thunder,CJ Green,MJ McClenaghan,CP Tremain,2,0,,,,,,"",""
ball,2,18.5,Sydney Thunder,CJ Green,MJ McClenaghan,CP Tremain,0,0,,,,,,"",""
ball,2,18.6,Sydney Thunder,CJ Green,MJ McClenaghan,CP Tremain,1,0,,,,,,"",""
ball,2,19.1,Sydney Thunder,CJ Green,MJ McClenaghan,KA Pollard,0,0,,,,,,caught,CJ Green
ball,2,19.2,Sydney Thunder,MJ McClenaghan,Fawad Ahmed,KA Pollard,2,0,,,,,,"",""
ball,2,19.3,Sydney Thunder,MJ McClenaghan,Fawad Ahmed,KA Pollard,1,0,,,,,,"",""
ball,2,19.4,Sydney Thunder,Fawad Ahmed,MJ McClenaghan,KA Pollard,0,0,,,,,,"",""
ball,2,19.5,Sydney Thunder,Fawad Ahmed,MJ McClenaghan,KA Pollard,1,0,,,,,,"",""
ball,2,19.6,Sydney Thunder,MJ McClenaghan,Fawad Ahmed,KA Pollard,0,0,,,,,,lbw,MJ McClenaghan
