version,1.6.0
info,balls_per_over,6
info,team,Sydney Thunder
info,team,Adelaide Strikers
info,gender,male
info,season,2017/18
info,date,2018/01/07
info,event,Big Bash League
info,match_number,20
info,venue,Sydney Showground Stadium
info,city,Sydney
info,toss_winner,Adelaide Strikers
info,toss_decision,bat
info,player_of_match,Rashid Khan
info,umpire,SA Lightbody
info,umpire,SD Fry
info,reserve_umpire,BC Treloar
info,tv_umpire,Geoff Davidson
info,match_referee,RW Stratford
info,winner,Adelaide Strikers
info,winner_runs,25
info,player,Adelaide Strikers,AT Carey
info,player,Adelaide Strikers,J Weatherald
info,player,Adelaide Strikers,TM Head
info,player,Adelaide Strikers,CA Ingram
info,player,Adelaide Strikers,JW Wells
info,player,Adelaide Strikers,MG Neser
info,player,Adelaide Strikers,JS Lehmann
info,player,Adelaide Strikers,Rashid Khan
info,player,Adelaide Strikers,PM Siddle
info,player,Adelaide Strikers,B Laughlin
info,player,Adelaide Strikers,B Stanlake
info,player,Sydney Thunder,KR Patterson
info,player,Sydney Thunder,JC Buttler
info,player,Sydney Thunder,SR Watson
info,player,Sydney Thunder,CJ Ferguson
info,player,Sydney Thunder,AJ Nair
info,player,Sydney Thunder,BJ Rohrer
info,player,Sydney Thunder,CJ Green
info,player,Sydney Thunder,RJ Gibson
info,player,Sydney Thunder,GS Sandhu
info,player,Sydney Thunder,MJ McClenaghan
info,player,Sydney Thunder,Fawad Ahmed
info,registry,people,AJ Nair,4ba2c04d
info,registry,people,AT Carey,69d03465
info,registry,people,B Laughlin,b2a79f17
info,registry,people,B Stanlake,6834d1f2
info,registry,people,BC Treloar,f7e8ee52
info,registry,people,BJ Rohrer,27af6414
info,registry,people,CA Ingram,c995d726
info,registry,people,CJ Ferguson,9b4935c8
info,registry,people,CJ Green,19b9f399
info,registry,people,Fawad Ahmed,22ae3041
info,registry,people,GS Sandhu,1558d83b
info,registry,people,Geoff Davidson,b33a1559
info,registry,people,J Weatherald,edc7ddb6
info,registry,people,JC Buttler,99b75528
info,registry,people,JS Lehmann,c96a215f
info,registry,people,JW Wells,8bdac857
info,registry,people,KR Patterson,e3bf8356
info,registry,people,MG Neser,0164b064
info,registry,people,MJ McClenaghan,51a3c5ef
info,registry,people,PM Siddle,bd93fea4
info,registry,people,RJ Gibson,50636767
info,registry,people,RW Stratford,85489579
info,registry,people,Rashid Khan,5f547c8b
info,registry,people,SA Lightbody,680b8cbf
info,registry,people,SD Fry,6b725ed1
info,registry,people,SR Watson,4329fbb5
info,registry,people,TM Head,12b610c2
ball,1,0.1,Adelaide Strikers,AT Carey,J Weatherald,SR Watson,0,1,,,,1,,"",""
ball,1,0.2,Adelaide Strikers,J Weatherald,AT Carey,SR Watson,4,0,,,,,,"",""
ball,1,0.3,Adelaide Strikers,J Weatherald,AT Carey,SR Watson,0,0,,,,,,"",""
ball,1,0.4,Adelaide Strikers,J Weatherald,AT Carey,SR Watson,0,1,1,,,,,"",""
ball,1,0.5,Adelaide Strikers,J Weatherald,AT Carey,SR Watson,1,0,,,,,,"",""
ball,1,0.6,Adelaide Strikers,AT Carey,J Weatherald,SR Watson,1,0,,,,,,"",""
ball,1,0.7,Adelaide Strikers,J Weatherald,AT Carey,SR Watson,1,0,,,,,,"",""
ball,1,1.1,Adelaide Strikers,J Weatherald,AT Carey,MJ McClenaghan,2,0,,,,,,"",""
ball,1,1.2,Adelaide Strikers,J Weatherald,AT Carey,MJ McClenaghan,4,0,,,,,,"",""
ball,1,1.3,Adelaide Strikers,J Weatherald,AT Carey,MJ McClenaghan,1,0,,,,,,"",""
ball,1,1.4,Adelaide Strikers,AT Carey,J Weatherald,MJ McClenaghan,1,0,,,,,,"",""
ball,1,1.5,Adelaide Strikers,J Weatherald,AT Carey,MJ McClenaghan,0,0,,,,,,"",""
ball,1,1.6,Adelaide Strikers,J Weatherald,AT Carey,MJ McClenaghan,1,0,,,,,,"",""
ball,1,2.1,Adelaide Strikers,J Weatherald,AT Carey,CJ Green,0,0,,,,,,"",""
ball,1,2.2,Adelaide Strikers,J Weatherald,AT Carey,CJ Green,1,0,,,,,,"",""
ball,1,2.3,Adelaide Strikers,AT Carey,J Weatherald,CJ Green,0,0,,,,,,"",""
ball,1,2.4,Adelaide Strikers,AT Carey,J Weatherald,CJ Green,0,0,,,,,,"",""
ball,1,2.5,Adelaide Strikers,AT Carey,J Weatherald,CJ Green,1,0,,,,,,"",""
ball,1,2.6,Adelaide Strikers,J Weatherald,AT Carey,CJ Green,0,0,,,,,,"",""
ball,1,3.1,Adelaide Strikers,AT Carey,J Weatherald,GS Sandhu,0,0,,,,,,"",""
ball,1,3.2,Adelaide Strikers,AT Carey,J Weatherald,GS Sandhu,4,0,,,,,,"",""
ball,1,3.3,Adelaide Strikers,AT Carey,J Weatherald,GS Sandhu,4,0,,,,,,"",""
ball,1,3.4,Adelaide Strikers,AT Carey,J Weatherald,GS Sandhu,1,0,,,,,,"",""
ball,1,3.5,Adelaide Strikers,J Weatherald,AT Carey,GS Sandhu,0,0,,,,,,caught,J Weatherald
ball,1,3.6,Adelaide Strikers,TM Head,AT Carey,GS Sandhu,0,0,,,,,,"",""
ball,1,4.1,Adelaide Strikers,AT Carey,TM Head,CJ Green,1,0,,,,,,"",""
ball,1,4.2,Adelaide Strikers,TM Head,AT Carey,CJ Green,0,0,,,,,,"",""
ball,1,4.3,Adelaide Strikers,TM Head,AT Carey,CJ Green,1,0,,,,,,"",""
ball,1,4.4,Adelaide Strikers,AT Carey,TM Head,CJ Green,0,0,,,,,,"",""
ball,1,4.5,Adelaide Strikers,AT Carey,TM Head,CJ Green,0,0,,,,,,"",""
ball,1,4.6,Adelaide Strikers,AT Carey,TM Head,CJ Green,0,0,,,,,,"",""
ball,1,5.1,Adelaide Strikers,TM Head,AT Carey,MJ McClenaghan,0,0,,,,,,"",""
ball,1,5.2,Adelaide Strikers,TM Head,AT Carey,MJ McClenaghan,1,0,,,,,,"",""
ball,1,5.3,Adelaide Strikers,AT Carey,TM Head,MJ McClenaghan,4,0,,,,,,"",""
ball,1,5.4,Adelaide Strikers,AT Carey,TM Head,MJ McClenaghan,0,0,,,,,,"",""
ball,1,5.5,Adelaide Strikers,AT Carey,TM Head,MJ McClenaghan,0,0,,,,,,"",""
ball,1,5.6,Adelaide Strikers,AT Carey,TM Head,MJ McClenaghan,2,0,,,,,,"",""
ball,1,6.1,Adelaide Strikers,TM Head,AT Carey,Fawad Ahmed,1,0,,,,,,"",""
ball,1,6.2,Adelaide Strikers,AT Carey,TM Head,Fawad Ahmed,2,0,,,,,,"",""
ball,1,6.3,Adelaide Strikers,AT Carey,TM Head,Fawad Ahmed,1,0,,,,,,"",""
ball,1,6.4,Adelaide Strikers,TM Head,AT Carey,Fawad Ahmed,4,0,,,,,,"",""
ball,1,6.5,Adelaide Strikers,TM Head,AT Carey,Fawad Ahmed,1,0,,,,,,"",""
ball,1,6.6,Adelaide Strikers,AT Carey,TM Head,Fawad Ahmed,0,0,,,,,,"",""
ball,1,7.1,Adelaide Strikers,TM Head,AT Carey,AJ Nair,1,0,,,,,,"",""
ball,1,7.2,Adelaide Strikers,AT Carey,TM Head,AJ Nair,1,0,,,,,,"",""
ball,1,7.3,Adelaide Strikers,TM Head,AT Carey,AJ Nair,0,1,,,,1,,"",""
ball,1,7.4,Adelaide Strikers,AT Carey,TM Head,AJ Nair,1,0,,,,,,"",""
ball,1,7.5,Adelaide Strikers,TM Head,AT Carey,AJ Nair,2,0,,,,,,"",""
ball,1,7.6,Adelaide Strikers,TM Head,AT Carey,AJ Nair,1,0,,,,,,"",""
ball,1,8.1,Adelaide Strikers,TM Head,AT Carey,Fawad Ahmed,0,0,,,,,,caught,TM Head
ball,1,8.2,Adelaide Strikers,AT Carey,CA Ingram,Fawad Ahmed,0,0,,,,,,"",""
ball,1,8.3,Adelaide Strikers,AT Carey,CA Ingram,Fawad Ahmed,4,0,,,,,,"",""
ball,1,8.4,Adelaide Strikers,AT Carey,CA Ingram,Fawad Ahmed,6,0,,,,,,"",""
ball,1,8.5,Adelaide Strikers,AT Carey,CA Ingram,Fawad Ahmed,0,0,,,,,,"",""
ball,1,8.6,Adelaide Strikers,AT Carey,CA Ingram,Fawad Ahmed,0,0,,,,,,bowled,AT Carey
ball,1,9.1,Adelaide Strikers,CA Ingram,JW Wells,AJ Nair,0,0,,,,,,"",""
ball,1,9.2,Adelaide Strikers,CA Ingram,JW Wells,AJ Nair,2,0,,,,,,"",""
ball,1,9.3,Adelaide Strikers,CA Ingram,JW Wells,AJ Nair,1,0,,,,,,"",""
ball,1,9.4,Adelaide Strikers,JW Wells,CA Ingram,AJ Nair,1,0,,,,,,"",""
ball,1,9.5,Adelaide Strikers,CA Ingram,JW Wells,AJ Nair,0,0,,,,,,"",""
ball,1,9.6,Adelaide Strikers,CA Ingram,JW Wells,AJ Nair,1,0,,,,,,"",""
ball,1,10.1,Adelaide Strikers,CA Ingram,JW Wells,Fawad Ahmed,4,0,,,,,,"",""
ball,1,10.2,Adelaide Strikers,CA Ingram,JW Wells,Fawad Ahmed,0,0,,,,,,"",""
ball,1,10.3,Adelaide Strikers,CA Ingram,JW Wells,Fawad Ahmed,4,0,,,,,,"",""
ball,1,10.4,Adelaide Strikers,CA Ingram,JW Wells,Fawad Ahmed,1,0,,,,,,"",""
ball,1,10.5,Adelaide Strikers,JW Wells,CA Ingram,Fawad Ahmed,1,0,,,,,,"",""
ball,1,10.6,Adelaide Strikers,CA Ingram,JW Wells,Fawad Ahmed,1,0,,,,,,"",""
ball,1,11.1,Adelaide Strikers,CA Ingram,JW Wells,AJ Nair,1,0,,,,,,"",""
ball,1,11.2,Adelaide Strikers,JW Wells,CA Ingram,AJ Nair,0,0,,,,,,"",""
ball,1,11.3,Adelaide Strikers,JW Wells,CA Ingram,AJ Nair,1,0,,,,,,"",""
ball,1,11.4,Adelaide Strikers,CA Ingram,JW Wells,AJ Nair,1,0,,,,,,"",""
ball,1,11.5,Adelaide Strikers,JW Wells,CA Ingram,AJ Nair,2,0,,,,,,"",""
ball,1,11.6,Adelaide Strikers,JW Wells,CA Ingram,AJ Nair,1,0,,,,,,"",""
ball,1,12.1,Adelaide Strikers,JW Wells,CA Ingram,CJ Green,0,0,,,,,,"",""
ball,1,12.2,Adelaide Strikers,JW Wells,CA Ingram,CJ Green,1,0,,,,,,"",""
ball,1,12.3,Adelaide Strikers,CA Ingram,JW Wells,CJ Green,0,0,,,,,,"",""
ball,1,12.4,Adelaide Strikers,CA Ingram,JW Wells,CJ Green,0,0,,,,,,"",""
ball,1,12.5,Adelaide Strikers,CA Ingram,JW Wells,CJ Green,1,0,,,,,,"",""
ball,1,12.6,Adelaide Strikers,JW Wells,CA Ingram,CJ Green,1,0,,,,,,"",""
ball,1,13.1,Adelaide Strikers,JW Wells,CA Ingram,GS Sandhu,0,0,,,,,,"",""
ball,1,13.2,Adelaide Strikers,JW Wells,CA Ingram,GS Sandhu,1,0,,,,,,"",""
ball,1,13.3,Adelaide Strikers,CA Ingram,JW Wells,GS Sandhu,6,0,,,,,,"",""
ball,1,13.4,Adelaide Strikers,CA Ingram,JW Wells,GS Sandhu,0,0,,,,,,"",""
ball,1,13.5,Adelaide Strikers,CA Ingram,JW Wells,GS Sandhu,1,0,,,,,,"",""
ball,1,13.6,Adelaide Strikers,JW Wells,CA Ingram,GS Sandhu,1,0,,,,,,"",""
ball,1,14.1,Adelaide Strikers,JW Wells,CA Ingram,Fawad Ahmed,0,0,,,,,,bowled,JW Wells
ball,1,14.2,Adelaide Strikers,MG Neser,CA Ingram,Fawad Ahmed,0,0,,,,,,"",""
ball,1,14.3,Adelaide Strikers,MG Neser,CA Ingram,Fawad Ahmed,0,0,,,,,,"",""
ball,1,14.4,Adelaide Strikers,MG Neser,CA Ingram,Fawad Ahmed,0,0,,,,,,"",""
ball,1,14.5,Adelaide Strikers,MG Neser,CA Ingram,Fawad Ahmed,1,0,,,,,,"",""
ball,1,14.6,Adelaide Strikers,CA Ingram,MG Neser,Fawad Ahmed,0,0,,,,,,"",""
ball,1,15.1,Adelaide Strikers,MG Neser,CA Ingram,AJ Nair,1,0,,,,,,"",""
ball,1,15.2,Adelaide Strikers,CA Ingram,MG Neser,AJ Nair,0,0,,,,,,"",""
ball,1,15.3,Adelaide Strikers,CA Ingram,MG Neser,AJ Nair,1,0,,,,,,"",""
ball,1,15.4,Adelaide Strikers,MG Neser,CA Ingram,AJ Nair,2,0,,,,,,"",""
ball,1,15.5,Adelaide Strikers,MG Neser,CA Ingram,AJ Nair,1,0,,,,,,"",""
ball,1,15.6,Adelaide Strikers,CA Ingram,MG Neser,AJ Nair,6,0,,,,,,"",""
ball,1,16.1,Adelaide Strikers,MG Neser,CA Ingram,MJ McClenaghan,0,0,,,,,,"",""
ball,1,16.2,Adelaide Strikers,MG Neser,CA Ingram,MJ McClenaghan,0,0,,,,,,"",""
ball,1,16.3,Adelaide Strikers,MG Neser,CA Ingram,MJ McClenaghan,0,0,,,,,,"",""
ball,1,16.4,Adelaide Strikers,MG Neser,CA Ingram,MJ McClenaghan,1,0,,,,,,"",""
ball,1,16.5,Adelaide Strikers,CA Ingram,MG Neser,MJ McClenaghan,2,0,,,,,,"",""
ball,1,16.6,Adelaide Strikers,CA Ingram,MG Neser,MJ McClenaghan,1,0,,,,,,"",""
ball,1,17.1,Adelaide Strikers,CA Ingram,MG Neser,CJ Green,6,0,,,,,,"",""
ball,1,17.2,Adelaide Strikers,CA Ingram,MG Neser,CJ Green,0,1,,,,1,,"",""
ball,1,17.3,Adelaide Strikers,MG Neser,CA Ingram,CJ Green,6,0,,,,,,"",""
ball,1,17.4,Adelaide Strikers,MG Neser,CA Ingram,CJ Green,0,0,,,,,,caught,MG Neser
ball,1,17.5,Adelaide Strikers,CA Ingram,JS Lehmann,CJ Green,1,0,,,,,,"",""
ball,1,17.6,Adelaide Strikers,JS Lehmann,CA Ingram,CJ Green,2,0,,,,,,"",""
ball,1,18.1,Adelaide Strikers,CA Ingram,JS Lehmann,GS Sandhu,6,0,,,,,,"",""
ball,1,18.2,Adelaide Strikers,CA Ingram,JS Lehmann,GS Sandhu,0,1,1,,,,,"",""
ball,1,18.3,Adelaide Strikers,CA Ingram,JS Lehmann,GS Sandhu,1,0,,,,,,"",""
ball,1,18.4,Adelaide Strikers,JS Lehmann,CA Ingram,GS Sandhu,1,0,,,,,,"",""
ball,1,18.5,Adelaide Strikers,CA Ingram,JS Lehmann,GS Sandhu,0,0,,,,,,"",""
ball,1,18.6,Adelaide Strikers,CA Ingram,JS Lehmann,GS Sandhu,0,1,1,,,,,"",""
ball,1,18.7,Adelaide Strikers,CA Ingram,JS Lehmann,GS Sandhu,0,0,,,,,,caught,CA Ingram
ball,1,18.8,Adelaide Strikers,Rashid Khan,JS Lehmann,GS Sandhu,0,0,,,,,,"",""
ball,1,19.1,Adelaide Strikers,JS Lehmann,Rashid Khan,MJ McClenaghan,1,0,,,,,,run out,JS Lehmann
ball,1,19.2,Adelaide Strikers,Rashid Khan,PM Siddle,MJ McClenaghan,2,0,,,,,,"",""
ball,1,19.3,Adelaide Strikers,Rashid Khan,PM Siddle,MJ McClenaghan,2,0,,,,,,"",""
ball,1,19.4,Adelaide Strikers,Rashid Khan,PM Siddle,MJ McClenaghan,0,1,1,,,,,"",""
ball,1,19.5,Adelaide Strikers,Rashid Khan,PM Siddle,MJ McClenaghan,6,0,,,,,,"",""
ball,1,19.6,Adelaide Strikers,Rashid Khan,PM Siddle,MJ McClenaghan,0,0,,,,,,"",""
ball,1,19.7,Adelaide Strikers,Rashid Khan,PM Siddle,MJ McClenaghan,6,0,,,,,,"",""
ball,2,0.1,Sydney Thunder,KR Patterson,JC Buttler,MG Neser,0,0,,,,,,"",""
ball,2,0.2,Sydney Thunder,KR Patterson,JC Buttler,MG Neser,0,1,1,,,,,"",""
ball,2,0.3,Sydney Thunder,KR Patterson,JC Buttler,MG Neser,0,0,,,,,,"",""
ball,2,0.4,Sydney Thunder,KR Patterson,JC Buttler,MG Neser,2,0,,,,,,"",""
ball,2,0.5,Sydney Thunder,KR Patterson,JC Buttler,MG Neser,4,0,,,,,,"",""
ball,2,0.6,Sydney Thunder,KR Patterson,JC Buttler,MG Neser,0,0,,,,,,"",""
ball,2,0.7,Sydney Thunder,KR Patterson,JC Buttler,MG Neser,0,0,,,,,,"",""
ball,2,1.1,Sydney Thunder,JC Buttler,KR Patterson,B Stanlake,0,0,,,,,,"",""
ball,2,1.2,Sydney Thunder,JC Buttler,KR Patterson,B Stanlake,0,0,,,,,,"",""
ball,2,1.3,Sydney Thunder,JC Buttler,KR Patterson,B Stanlake,0,0,,,,,,"",""
ball,2,1.4,Sydney Thunder,JC Buttler,KR Patterson,B Stanlake,0,0,,,,,,"",""
ball,2,1.5,Sydney Thunder,JC Buttler,KR Patterson,B Stanlake,2,0,,,,,,"",""
ball,2,1.6,Sydney Thunder,JC Buttler,KR Patterson,B Stanlake,0,0,,,,,,"",""
ball,2,2.1,Sydney Thunder,KR Patterson,JC Buttler,MG Neser,1,0,,,,,,"",""
ball,2,2.2,Sydney Thunder,JC Buttler,KR Patterson,MG Neser,0,0,,,,,,"",""
ball,2,2.3,Sydney Thunder,JC Buttler,KR Patterson,MG Neser,0,1,,,,1,,"",""
ball,2,2.4,Sydney Thunder,KR Patterson,JC Buttler,MG Neser,1,0,,,,,,"",""
ball,2,2.5,Sydney Thunder,JC Buttler,KR Patterson,MG Neser,6,0,,,,,,"",""
ball,2,2.6,Sydney Thunder,JC Buttler,KR Patterson,MG Neser,0,0,,,,,,"",""
ball,2,3.1,Sydney Thunder,KR Patterson,JC Buttler,B Stanlake,0,0,,,,,,"",""
ball,2,3.2,Sydney Thunder,KR Patterson,JC Buttler,B Stanlake,0,0,,,,,,"",""
ball,2,3.3,Sydney Thunder,KR Patterson,JC Buttler,B Stanlake,1,0,,,,,,"",""
ball,2,3.4,Sydney Thunder,JC Buttler,KR Patterson,B Stanlake,4,0,,,,,,"",""
ball,2,3.5,Sydney Thunder,JC Buttler,KR Patterson,B Stanlake,4,0,,,,,,"",""
ball,2,3.6,Sydney Thunder,JC Buttler,KR Patterson,B Stanlake,0,1,1,,,,,"",""
ball,2,3.7,Sydney Thunder,JC Buttler,KR Patterson,B Stanlake,4,0,,,,,,"",""
ball,2,4.1,Sydney Thunder,KR Patterson,JC Buttler,Rashid Khan,0,0,,,,,,"",""
ball,2,4.2,Sydney Thunder,KR Patterson,JC Buttler,Rashid Khan,0,0,,,,,,"",""
ball,2,4.3,Sydney Thunder,KR Patterson,JC Buttler,Rashid Khan,2,0,,,,,,"",""
ball,2,4.4,Sydney Thunder,KR Patterson,JC Buttler,Rashid Khan,0,0,,,,,,"",""
ball,2,4.5,Sydney Thunder,KR Patterson,JC Buttler,Rashid Khan,4,0,,,,,,"",""
ball,2,4.6,Sydney Thunder,KR Patterson,JC Buttler,Rashid Khan,4,0,,,,,,"",""
ball,2,5.1,Sydney Thunder,JC Buttler,KR Patterson,PM Siddle,0,0,,,,,,"",""
ball,2,5.2,Sydney Thunder,JC Buttler,KR Patterson,PM Siddle,0,0,,,,,,"",""
ball,2,5.3,Sydney Thunder,JC Buttler,KR Patterson,PM Siddle,0,0,,,,,,"",""
ball,2,5.4,Sydney Thunder,JC Buttler,KR Patterson,PM Siddle,0,0,,,,,,"",""
ball,2,5.5,Sydney Thunder,JC Buttler,KR Patterson,PM Siddle,0,0,,,,,,"",""
ball,2,5.6,Sydney Thunder,JC Buttler,KR Patterson,PM Siddle,0,0,,,,,,"",""
ball,2,6.1,Sydney Thunder,KR Patterson,JC Buttler,Rashid Khan,1,0,,,,,,"",""
ball,2,6.2,Sydney Thunder,JC Buttler,KR Patterson,Rashid Khan,1,0,,,,,,"",""
ball,2,6.3,Sydney Thunder,KR Patterson,JC Buttler,Rashid Khan,0,0,,,,,,"",""
ball,2,6.4,Sydney Thunder,KR Patterson,JC Buttler,Rashid Khan,1,0,,,,,,"",""
ball,2,6.5,Sydney Thunder,JC Buttler,KR Patterson,Rashid Khan,0,0,,,,,,bowled,JC Buttler
ball,2,6.6,Sydney Thunder,SR Watson,KR Patterson,Rashid Khan,0,0,,,,,,"",""
ball,2,7.1,Sydney Thunder,KR Patterson,SR Watson,PM Siddle,1,0,,,,,,"",""
ball,2,7.2,Sydney Thunder,SR Watson,KR Patterson,PM Siddle,0,0,,,,,,"",""
ball,2,7.3,Sydney Thunder,SR Watson,KR Patterson,PM Siddle,0,1,,,,1,,"",""
ball,2,7.4,Sydney Thunder,KR Patterson,SR Watson,PM Siddle,0,1,,,,1,,"",""
ball,2,7.5,Sydney Thunder,SR Watson,KR Patterson,PM Siddle,1,0,,,,,,"",""
ball,2,7.6,Sydney Thunder,KR Patterson,SR Watson,PM Siddle,1,0,,,,,,"",""
ball,2,8.1,Sydney Thunder,KR Patterson,SR Watson,Rashid Khan,1,0,,,,,,"",""
ball,2,8.2,Sydney Thunder,SR Watson,KR Patterson,Rashid Khan,1,0,,,,,,"",""
ball,2,8.3,Sydney Thunder,KR Patterson,SR Watson,Rashid Khan,1,0,,,,,,"",""
ball,2,8.4,Sydney Thunder,SR Watson,KR Patterson,Rashid Khan,1,0,,,,,,"",""
ball,2,8.5,Sydney Thunder,KR Patterson,SR Watson,Rashid Khan,1,0,,,,,,"",""
ball,2,8.6,Sydney Thunder,SR Watson,KR Patterson,Rashid Khan,0,0,,,,,,"",""
ball,2,9.1,Sydney Thunder,KR Patterson,SR Watson,B Laughlin,0,1,1,,,,,"",""
ball,2,9.2,Sydney Thunder,KR Patterson,SR Watson,B Laughlin,0,0,,,,,,"",""
ball,2,9.3,Sydney Thunder,KR Patterson,SR Watson,B Laughlin,0,0,,,,,,"",""
ball,2,9.4,Sydney Thunder,KR Patterson,SR Watson,B Laughlin,1,0,,,,,,"",""
ball,2,9.5,Sydney Thunder,SR Watson,KR Patterson,B Laughlin,1,0,,,,,,"",""
ball,2,9.6,Sydney Thunder,KR Patterson,SR Watson,B Laughlin,0,0,,,,,,"",""
ball,2,9.7,Sydney Thunder,KR Patterson,SR Watson,B Laughlin,1,0,,,,,,"",""
ball,2,10.1,Sydney Thunder,KR Patterson,SR Watson,B Stanlake,0,0,,,,,,"",""
ball,2,10.2,Sydney Thunder,KR Patterson,SR Watson,B Stanlake,0,0,,,,,,"",""
ball,2,10.3,Sydney Thunder,KR Patterson,SR Watson,B Stanlake,1,0,,,,,,"",""
ball,2,10.4,Sydney Thunder,SR Watson,KR Patterson,B Stanlake,1,0,,,,,,"",""
ball,2,10.5,Sydney Thunder,KR Patterson,SR Watson,B Stanlake,0,0,,,,,,"",""
ball,2,10.6,Sydney Thunder,KR Patterson,SR Watson,B Stanlake,0,0,,,,,,caught,KR Patterson
ball,2,11.1,Sydney Thunder,SR Watson,CJ Ferguson,B Laughlin,1,0,,,,,,"",""
ball,2,11.2,Sydney Thunder,CJ Ferguson,SR Watson,B Laughlin,2,0,,,,,,"",""
ball,2,11.3,Sydney Thunder,CJ Ferguson,SR Watson,B Laughlin,0,0,,,,,,"",""
ball,2,11.4,Sydney Thunder,CJ Ferguson,SR Watson,B Laughlin,1,0,,,,,,"",""
ball,2,11.5,Sydney Thunder,SR Watson,CJ Ferguson,B Laughlin,1,0,,,,,,"",""
ball,2,11.6,Sydney Thunder,CJ Ferguson,SR Watson,B Laughlin,0,0,,,,,,"",""
ball,2,12.1,Sydney Thunder,SR Watson,CJ Ferguson,PM Siddle,4,0,,,,,,"",""
ball,2,12.2,Sydney Thunder,SR Watson,CJ Ferguson,PM Siddle,1,0,,,,,,"",""
ball,2,12.3,Sydney Thunder,CJ Ferguson,SR Watson,PM Siddle,1,0,,,,,,"",""
ball,2,12.4,Sydney Thunder,SR Watson,CJ Ferguson,PM Siddle,1,0,,,,,,"",""
ball,2,12.5,Sydney Thunder,CJ Ferguson,SR Watson,PM Siddle,1,0,,,,,,"",""
ball,2,12.6,Sydney Thunder,SR Watson,CJ Ferguson,PM Siddle,1,0,,,,,,"",""
ball,2,13.1,Sydney Thunder,SR Watson,CJ Ferguson,MG Neser,0,0,,,,,,caught,SR Watson
ball,2,13.2,Sydney Thunder,CJ Ferguson,AJ Nair,MG Neser,1,0,,,,,,"",""
ball,2,13.3,Sydney Thunder,AJ Nair,CJ Ferguson,MG Neser,1,0,,,,,,"",""
ball,2,13.4,Sydney Thunder,CJ Ferguson,AJ Nair,MG Neser,0,0,,,,,,"",""
ball,2,13.5,Sydney Thunder,CJ Ferguson,AJ Nair,MG Neser,1,0,,,,,,"",""
ball,2,13.6,Sydney Thunder,AJ Nair,CJ Ferguson,MG Neser,2,0,,,,,,"",""
ball,2,14.1,Sydney Thunder,CJ Ferguson,AJ Nair,B Stanlake,0,0,,,,,,"",""
ball,2,14.2,Sydney Thunder,CJ Ferguson,AJ Nair,B Stanlake,1,0,,,,,,"",""
ball,2,14.3,Sydney Thunder,AJ Nair,CJ Ferguson,B Stanlake,0,1,,,,1,,"",""
ball,2,14.4,Sydney Thunder,CJ Ferguson,AJ Nair,B Stanlake,1,0,,,,,,"",""
ball,2,14.5,Sydney Thunder,AJ Nair,CJ Ferguson,B Stanlake,0,0,,,,,,"",""
ball,2,14.6,Sydney Thunder,AJ Nair,CJ Ferguson,B Stanlake,4,0,,,,,,"",""
ball,2,15.1,Sydney Thunder,CJ Ferguson,AJ Nair,B Laughlin,0,0,,,,,,caught,CJ Ferguson
ball,2,15.2,Sydney Thunder,BJ Rohrer,AJ Nair,B Laughlin,1,0,,,,,,"",""
ball,2,15.3,Sydney Thunder,AJ Nair,BJ Rohrer,B Laughlin,2,0,,,,,,"",""
ball,2,15.4,Sydney Thunder,AJ Nair,BJ Rohrer,B Laughlin,1,0,,,,,,"",""
ball,2,15.5,Sydney Thunder,BJ Rohrer,AJ Nair,B Laughlin,2,0,,,,,,"",""
ball,2,15.6,Sydney Thunder,BJ Rohrer,AJ Nair,B Laughlin,0,0,,,,,,"",""
ball,2,16.1,Sydney Thunder,AJ Nair,BJ Rohrer,Rashid Khan,0,4,,,4,,,"",""
ball,2,16.2,Sydney Thunder,AJ Nair,BJ Rohrer,Rashid Khan,0,0,,,,,,caught,AJ Nair
ball,2,16.3,Sydney Thunder,BJ Rohrer,CJ Green,Rashid Khan,1,0,,,,,,"",""
ball,2,16.4,Sydney Thunder,CJ Green,BJ Rohrer,Rashid Khan,1,0,,,,,,"",""
ball,2,16.5,Sydney Thunder,BJ Rohrer,CJ Green,Rashid Khan,1,0,,,,,,"",""
ball,2,16.6,Sydney Thunder,CJ Green,BJ Rohrer,Rashid Khan,0,0,,,,,,"",""
ball,2,17.1,Sydney Thunder,BJ Rohrer,CJ Green,B Laughlin,0,0,,,,,,"",""
ball,2,17.2,Sydney Thunder,BJ Rohrer,CJ Green,B Laughlin,6,0,,,,,,"",""
ball,2,17.3,Sydney Thunder,BJ Rohrer,CJ Green,B Laughlin,6,0,,,,,,"",""
ball,2,17.4,Sydney Thunder,BJ Rohrer,CJ Green,B Laughlin,6,0,,,,,,"",""
ball,2,17.5,Sydney Thunder,BJ Rohrer,CJ Green,B Laughlin,4,0,,,,,,"",""
ball,2,17.6,Sydney Thunder,BJ Rohrer,CJ Green,B Laughlin,1,0,,,,,,"",""
ball,2,18.1,Sydney Thunder,BJ Rohrer,CJ Green,MG Neser,1,0,,,,,,"",""
ball,2,18.2,Sydney Thunder,CJ Green,BJ Rohrer,MG Neser,1,0,,,,,,"",""
ball,2,18.3,Sydney Thunder,BJ Rohrer,CJ Green,MG Neser,0,0,,,,,,caught,BJ Rohrer
ball,2,18.4,Sydney Thunder,CJ Green,RJ Gibson,MG Neser,6,0,,,,,,"",""
ball,2,18.5,Sydney Thunder,CJ Green,RJ Gibson,MG Neser,0,0,,,,,,caught,CJ Green
ball,2,18.6,Sydney Thunder,RJ Gibson,GS Sandhu,MG Neser,1,0,,,,,,"",""
ball,2,19.1,Sydney Thunder,RJ Gibson,GS Sandhu,PM Siddle,1,0,,,,,,"",""
ball,2,19.2,Sydney Thunder,GS Sandhu,RJ Gibson,PM Siddle,0,0,,,,,,caught,GS Sandhu
ball,2,19.3,Sydney Thunder,MJ McClenaghan,RJ Gibson,PM Siddle,0,0,,,,,,"",""
ball,2,19.4,Sydney Thunder,MJ McClenaghan,RJ Gibson,PM Siddle,0,0,,,,,,lbw,MJ McClenaghan
ball,2,19.5,Sydney Thunder,Fawad Ahmed,RJ Gibson,PM Siddle,0,0,,,,,,"",""
ball,2,19.6,Sydney Thunder,Fawad Ahmed,RJ Gibson,PM Siddle,0,0,,,,,,"",""
