version,1.6.0
info,balls_per_over,6
info,team,Hobart Hurricanes
info,team,Brisbane Heat
info,gender,male
info,season,2017/18
info,date,2018/01/15
info,event,Big Bash League
info,match_number,29
info,venue,Bellerive Oval
info,city,Hobart
info,toss_winner,Brisbane Heat
info,toss_decision,bat
info,player_of_match,DT Christian
info,umpire,GA Abood
info,umpire,AK Wilds
info,reserve_umpire,M Qureshi
info,tv_umpire,PJ Gillespie
info,match_referee,D Talalla
info,winner,Hobart Hurricanes
info,winner_wickets,6
info,player,Brisbane Heat,SD Heazlett
info,player,Brisbane Heat,BB McCullum
info,player,Brisbane Heat,JA Burns
info,player,Brisbane Heat,AI Ross
info,player,Brisbane Heat,BCJ Cutting
info,player,Brisbane Heat,JJ Peirson
info,player,Brisbane Heat,CJ Gannon
info,player,Brisbane Heat,MT Steketee
info,player,Brisbane Heat,B Doggett
info,player,Brisbane Heat,Yasir Shah
info,player,Brisbane Heat,MJ Swepson
info,player,Hobart Hurricanes,AJ Doolan
info,player,Hobart Hurricanes,DJM Short
info,player,Hobart Hurricanes,GJ Bailey
info,player,Hobart Hurricanes,DT Christian
info,player,Hobart Hurricanes,BR McDermott
info,player,Hobart Hurricanes,MS Wade
info,player,Hobart Hurricanes,S Milenko
info,player,Hobart Hurricanes,JC Archer
info,player,Hobart Hurricanes,CJ Boyce
info,player,Hobart Hurricanes,CA Rose
info,player,Hobart Hurricanes,TS Mills
info,registry,people,AI Ross,fb0d68b4
info,registry,people,AJ Doolan,36eafb02
info,registry,people,AK Wilds,de412f40
info,registry,people,B Doggett,898e628d
info,registry,people,BB McCullum,b8a55852
info,registry,people,BCJ Cutting,2e11c706
info,registry,people,BR McDermott,c41043e6
info,registry,people,CA Rose,7517d134
info,registry,people,CJ Boyce,51a60c16
info,registry,people,CJ Gannon,519c30cb
info,registry,people,D Talalla,dcfe6cdd
info,registry,people,DJM Short,1a156c88
info,registry,people,DT Christian,2a2e6343
info,registry,people,GA Abood,a4af5528
info,registry,people,GJ Bailey,5056011d
info,registry,people,JA Burns,7a5f232a
info,registry,people,JC Archer,5574750c
info,registry,people,JJ Peirson,2b55c3b4
info,registry,people,M Qureshi,cf34fbef
info,registry,people,MJ Swepson,86b4bf88
info,registry,people,MS Wade,afa7e784
info,registry,people,MT Steketee,903560ed
info,registry,people,PJ Gillespie,3e253a50
info,registry,people,S Milenko,479f9b04
info,registry,people,SD Heazlett,e00a9155
info,registry,people,TS Mills,245c97cb
info,registry,people,Yasir Shah,f2800ef3
ball,1,0.1,Brisbane Heat,SD Heazlett,BB McCullum,CA Rose,1,0,,,,,,"",""
ball,1,0.2,Brisbane Heat,BB McCullum,SD Heazlett,CA Rose,1,0,,,,,,"",""
ball,1,0.3,Brisbane Heat,SD Heazlett,BB McCullum,CA Rose,4,0,,,,,,"",""
ball,1,0.4,Brisbane Heat,SD Heazlett,BB McCullum,CA Rose,0,0,,,,,,caught,SD Heazlett
ball,1,0.5,Brisbane Heat,JA Burns,BB McCullum,CA Rose,0,0,,,,,,"",""
ball,1,0.6,Brisbane Heat,JA Burns,BB McCullum,CA Rose,0,0,,,,,,"",""
ball,1,1.1,Brisbane Heat,BB McCullum,JA Burns,JC Archer,0,0,,,,,,"",""
ball,1,1.2,Brisbane Heat,BB McCullum,JA Burns,JC Archer,0,0,,,,,,"",""
ball,1,1.3,Brisbane Heat,BB McCullum,JA Burns,JC Archer,2,0,,,,,,"",""
ball,1,1.4,Brisbane Heat,BB McCullum,JA Burns,JC Archer,4,0,,,,,,"",""
ball,1,1.5,Brisbane Heat,BB McCullum,JA Burns,JC Archer,2,0,,,,,,"",""
ball,1,1.6,Brisbane Heat,BB McCullum,JA Burns,JC Archer,1,0,,,,,,"",""
ball,1,2.1,Brisbane Heat,BB McCullum,JA Burns,CA Rose,1,0,,,,,,"",""
ball,1,2.2,Brisbane Heat,JA Burns,BB McCullum,CA Rose,1,0,,,,,,"",""
ball,1,2.3,Brisbane Heat,BB McCullum,JA Burns,CA Rose,0,1,1,,,,,"",""
ball,1,2.4,Brisbane Heat,BB McCullum,JA Burns,CA Rose,0,1,,,,1,,"",""
ball,1,2.5,Brisbane Heat,JA Burns,BB McCullum,CA Rose,0,0,,,,,,"",""
ball,1,2.6,Brisbane Heat,JA Burns,BB McCullum,CA Rose,1,0,,,,,,"",""
ball,1,2.7,Brisbane Heat,BB McCullum,JA Burns,CA Rose,2,0,,,,,,"",""
ball,1,3.1,Brisbane Heat,JA Burns,BB McCullum,TS Mills,2,0,,,,,,"",""
ball,1,3.2,Brisbane Heat,JA Burns,BB McCullum,TS Mills,0,0,,,,,,"",""
ball,1,3.3,Brisbane Heat,JA Burns,BB McCullum,TS Mills,0,0,,,,,,"",""
ball,1,3.4,Brisbane Heat,JA Burns,BB McCullum,TS Mills,0,0,,,,,,"",""
ball,1,3.5,Brisbane Heat,JA Burns,BB McCullum,TS Mills,0,1,1,,,,,"",""
ball,1,3.6,Brisbane Heat,JA Burns,BB McCullum,TS Mills,6,0,,,,,,"",""
ball,1,3.7,Brisbane Heat,JA Burns,BB McCullum,TS Mills,1,0,,,,,,"",""
ball,1,4.1,Brisbane Heat,JA Burns,BB McCullum,CA Rose,0,1,1,,,,,"",""
ball,1,4.2,Brisbane Heat,JA Burns,BB McCullum,CA Rose,1,0,,,,,,"",""
ball,1,4.3,Brisbane Heat,BB McCullum,JA Burns,CA Rose,1,0,,,,,,"",""
ball,1,4.4,Brisbane Heat,JA Burns,BB McCullum,CA Rose,6,0,,,,,,"",""
ball,1,4.5,Brisbane Heat,JA Burns,BB McCullum,CA Rose,0,0,,,,,,"",""
ball,1,4.6,Brisbane Heat,JA Burns,BB McCullum,CA Rose,4,0,,,,,,"",""
ball,1,4.7,Brisbane Heat,JA Burns,BB McCullum,CA Rose,1,0,,,,,,"",""
ball,1,5.1,Brisbane Heat,JA Burns,BB McCullum,JC Archer,4,0,,,,,,"",""
ball,1,5.2,Brisbane Heat,JA Burns,BB McCullum,JC Archer,0,1,,,,1,,"",""
ball,1,5.3,Brisbane Heat,BB McCullum,JA Burns,JC Archer,1,0,,,,,,"",""
ball,1,5.4,Brisbane Heat,JA Burns,BB McCullum,JC Archer,0,0,,,,,,"",""
ball,1,5.5,Brisbane Heat,JA Burns,BB McCullum,JC Archer,4,0,,,,,,"",""
ball,1,5.6,Brisbane Heat,JA Burns,BB McCullum,JC Archer,6,0,,,,,,"",""
ball,1,6.1,Brisbane Heat,BB McCullum,JA Burns,DJM Short,0,0,,,,,,"",""
ball,1,6.2,Brisbane Heat,BB McCullum,JA Burns,DJM Short,1,0,,,,,,"",""
ball,1,6.3,Brisbane Heat,JA Burns,BB McCullum,DJM Short,1,0,,,,,,"",""
ball,1,6.4,Brisbane Heat,BB McCullum,JA Burns,DJM Short,1,0,,,,,,"",""
ball,1,6.5,Brisbane Heat,JA Burns,BB McCullum,DJM Short,0,0,,,,,,"",""
ball,1,6.6,Brisbane Heat,JA Burns,BB McCullum,DJM Short,0,0,,,,,,caught,JA Burns
ball,1,7.1,Brisbane Heat,AI Ross,BB McCullum,CJ Boyce,1,0,,,,,,"",""
ball,1,7.2,Brisbane Heat,BB McCullum,AI Ross,CJ Boyce,1,0,,,,,,"",""
ball,1,7.3,Brisbane Heat,AI Ross,BB McCullum,CJ Boyce,0,0,,,,,,"",""
ball,1,7.4,Brisbane Heat,AI Ross,BB McCullum,CJ Boyce,1,0,,,,,,"",""
ball,1,7.5,Brisbane Heat,BB McCullum,AI Ross,CJ Boyce,1,0,,,,,,"",""
ball,1,7.6,Brisbane Heat,AI Ross,BB McCullum,CJ Boyce,1,0,,,,,,"",""
ball,1,8.1,Brisbane Heat,AI Ross,BB McCullum,DJM Short,1,0,,,,,,"",""
ball,1,8.2,Brisbane Heat,BB McCullum,AI Ross,DJM Short,0,0,,,,,,"",""
ball,1,8.3,Brisbane Heat,BB McCullum,AI Ross,DJM Short,6,0,,,,,,"",""
ball,1,8.4,Brisbane Heat,BB McCullum,AI Ross,DJM Short,0,0,,,,,,"",""
ball,1,8.5,Brisbane Heat,BB McCullum,AI Ross,DJM Short,1,0,,,,,,"",""
ball,1,8.6,Brisbane Heat,AI Ross,BB McCullum,DJM Short,0,0,,,,,,"",""
ball,1,9.1,Brisbane Heat,BB McCullum,AI Ross,CJ Boyce,2,0,,,,,,"",""
ball,1,9.2,Brisbane Heat,BB McCullum,AI Ross,CJ Boyce,0,0,,,,,,"",""
ball,1,9.3,Brisbane Heat,BB McCullum,AI Ross,CJ Boyce,0,0,,,,,,"",""
ball,1,9.4,Brisbane Heat,BB McCullum,AI Ross,CJ Boyce,4,0,,,,,,"",""
ball,1,9.5,Brisbane Heat,BB McCullum,AI Ross,CJ Boyce,1,0,,,,,,"",""
ball,1,9.6,Brisbane Heat,AI Ross,BB McCullum,CJ Boyce,0,0,,,,,,bowled,AI Ross
ball,1,10.1,Brisbane Heat,BB McCullum,BCJ Cutting,DJM Short,0,0,,,,,,"",""
ball,1,10.2,Brisbane Heat,BB McCullum,BCJ Cutting,DJM Short,4,0,,,,,,"",""
ball,1,10.3,Brisbane Heat,BB McCullum,BCJ Cutting,DJM Short,4,0,,,,,,"",""
ball,1,10.4,Brisbane Heat,BB McCullum,BCJ Cutting,DJM Short,2,0,,,,,,"",""
ball,1,10.5,Brisbane Heat,BB McCullum,BCJ Cutting,DJM Short,1,0,,,,,,"",""
ball,1,10.6,Brisbane Heat,BCJ Cutting,BB McCullum,DJM Short,2,0,,,,,,"",""
ball,1,11.1,Brisbane Heat,BB McCullum,BCJ Cutting,TS Mills,1,0,,,,,,"",""
ball,1,11.2,Brisbane Heat,BCJ Cutting,BB McCullum,TS Mills,0,1,1,,,,,"",""
ball,1,11.3,Brisbane Heat,BCJ Cutting,BB McCullum,TS Mills,1,0,,,,,,"",""
ball,1,11.4,Brisbane Heat,BB McCullum,BCJ Cutting,TS Mills,1,0,,,,,,"",""
ball,1,11.5,Brisbane Heat,BCJ Cutting,BB McCullum,TS Mills,1,0,,,,,,"",""
ball,1,11.6,Brisbane Heat,BB McCullum,BCJ Cutting,TS Mills,0,0,,,,,,"",""
ball,1,11.7,Brisbane Heat,BB McCullum,BCJ Cutting,TS Mills,4,0,,,,,,"",""
ball,1,12.1,Brisbane Heat,BCJ Cutting,BB McCullum,CJ Boyce,1,0,,,,,,"",""
ball,1,12.2,Brisbane Heat,BB McCullum,BCJ Cutting,CJ Boyce,0,0,,,,,,"",""
ball,1,12.3,Brisbane Heat,BB McCullum,BCJ Cutting,CJ Boyce,1,0,,,,,,"",""
ball,1,12.4,Brisbane Heat,BCJ Cutting,BB McCullum,CJ Boyce,0,0,,,,,,"",""
ball,1,12.5,Brisbane Heat,BCJ Cutting,BB McCullum,CJ Boyce,0,1,1,,,,,"",""
ball,1,12.6,Brisbane Heat,BCJ Cutting,BB McCullum,CJ Boyce,0,0,,,,,,"",""
ball,1,12.7,Brisbane Heat,BCJ Cutting,BB McCullum,CJ Boyce,1,0,,,,,,"",""
ball,1,13.1,Brisbane Heat,BCJ Cutting,BB McCullum,TS Mills,1,0,,,,,,"",""
ball,1,13.2,Brisbane Heat,BB McCullum,BCJ Cutting,TS Mills,0,0,,,,,,caught,BB McCullum
ball,1,13.3,Brisbane Heat,BCJ Cutting,JJ Peirson,TS Mills,4,0,,,,,,"",""
ball,1,13.4,Brisbane Heat,BCJ Cutting,JJ Peirson,TS Mills,0,0,,,,,,"",""
ball,1,13.5,Brisbane Heat,BCJ Cutting,JJ Peirson,TS Mills,2,0,,,,,,"",""
ball,1,13.6,Brisbane Heat,BCJ Cutting,JJ Peirson,TS Mills,0,0,,,,,,"",""
ball,1,14.1,Brisbane Heat,JJ Peirson,BCJ Cutting,CJ Boyce,0,0,,,,,,"",""
ball,1,14.2,Brisbane Heat,JJ Peirson,BCJ Cutting,CJ Boyce,0,0,,,,,,"",""
ball,1,14.3,Brisbane Heat,JJ Peirson,BCJ Cutting,CJ Boyce,1,0,,,,,,"",""
ball,1,14.4,Brisbane Heat,BCJ Cutting,JJ Peirson,CJ Boyce,4,0,,,,,,"",""
ball,1,14.5,Brisbane Heat,BCJ Cutting,JJ Peirson,CJ Boyce,6,0,,,,,,"",""
ball,1,14.6,Brisbane Heat,BCJ Cutting,JJ Peirson,CJ Boyce,1,0,,,,,,"",""
ball,1,15.1,Brisbane Heat,BCJ Cutting,JJ Peirson,JC Archer,0,0,,,,,,"",""
ball,1,15.2,Brisbane Heat,BCJ Cutting,JJ Peirson,JC Archer,0,0,,,,,,"",""
ball,1,15.3,Brisbane Heat,BCJ Cutting,JJ Peirson,JC Archer,1,0,,,,,,"",""
ball,1,15.4,Brisbane Heat,JJ Peirson,BCJ Cutting,JC Archer,0,0,,,,,,"",""
ball,1,15.5,Brisbane Heat,JJ Peirson,BCJ Cutting,JC Archer,1,0,,,,,,"",""
ball,1,15.6,Brisbane Heat,BCJ Cutting,JJ Peirson,JC Archer,1,0,,,,,,"",""
ball,1,16.1,Brisbane Heat,BCJ Cutting,JJ Peirson,DT Christian,0,0,,,,,,"",""
ball,1,16.2,Brisbane Heat,BCJ Cutting,JJ Peirson,DT Christian,2,0,,,,,,"",""
ball,1,16.3,Brisbane Heat,BCJ Cutting,JJ Peirson,DT Christian,0,0,,,,,,"",""
ball,1,16.4,Brisbane Heat,BCJ Cutting,JJ Peirson,DT Christian,0,0,,,,,,"",""
ball,1,16.5,Brisbane Heat,BCJ Cutting,JJ Peirson,DT Christian,0,0,,,,,,"",""
ball,1,16.6,Brisbane Heat,BCJ Cutting,JJ Peirson,DT Christian,1,0,,,,,,"",""
ball,1,17.1,Brisbane Heat,BCJ Cutting,JJ Peirson,TS Mills,1,0,,,,,,"",""
ball,1,17.2,Brisbane Heat,JJ Peirson,BCJ Cutting,TS Mills,0,0,,,,,,run out,BCJ Cutting
ball,1,17.3,Brisbane Heat,JJ Peirson,CJ Gannon,TS Mills,4,0,,,,,,"",""
ball,1,17.4,Brisbane Heat,JJ Peirson,CJ Gannon,TS Mills,0,0,,,,,,"",""
ball,1,17.5,Brisbane Heat,JJ Peirson,CJ Gannon,TS Mills,4,0,,,,,,"",""
ball,1,17.6,Brisbane Heat,JJ Peirson,CJ Gannon,TS Mills,6,0,,,,,,"",""
ball,1,18.1,Brisbane Heat,CJ Gannon,JJ Peirson,DT Christian,1,0,,,,,,"",""
ball,1,18.2,Brisbane Heat,JJ Peirson,CJ Gannon,DT Christian,0,0,,,,,,"",""
ball,1,18.3,Brisbane Heat,JJ Peirson,CJ Gannon,DT Christian,0,0,,,,,,caught,JJ Peirson
ball,1,18.4,Brisbane Heat,CJ Gannon,MT Steketee,DT Christian,2,0,,,,,,"",""
ball,1,18.5,Brisbane Heat,CJ Gannon,MT Steketee,DT Christian,4,0,,,,,,"",""
ball,1,18.6,Brisbane Heat,CJ Gannon,MT Steketee,DT Christian,2,0,,,,,,"",""
ball,1,19.1,Brisbane Heat,MT Steketee,CJ Gannon,JC Archer,1,0,,,,,,"",""
ball,1,19.2,Brisbane Heat,CJ Gannon,MT Steketee,JC Archer,0,0,,,,,,"",""
ball,1,19.3,Brisbane Heat,CJ Gannon,MT Steketee,JC Archer,0,0,,,,,,"",""
ball,1,19.4,Brisbane Heat,CJ Gannon,MT Steketee,JC Archer,0,0,,,,,,caught,CJ Gannon
ball,1,19.5,Brisbane Heat,MT Steketee,B Doggett,JC Archer,4,0,,,,,,"",""
ball,1,19.6,Brisbane Heat,MT Steketee,B Doggett,JC Archer,0,0,,,,,,bowled,MT Steketee
ball,2,0.1,Hobart Hurricanes,AJ Doolan,DJM Short,JA Burns,4,0,,,,,,"",""
ball,2,0.2,Hobart Hurricanes,AJ Doolan,DJM Short,JA Burns,0,0,,,,,,"",""
ball,2,0.3,Hobart Hurricanes,AJ Doolan,DJM Short,JA Burns,2,0,,,,,,"",""
ball,2,0.4,Hobart Hurricanes,AJ Doolan,DJM Short,JA Burns,4,0,,,,,,"",""
ball,2,0.5,Hobart Hurricanes,AJ Doolan,DJM Short,JA Burns,0,0,,,,,,caught,AJ Doolan
ball,2,0.6,Hobart Hurricanes,DJM Short,GJ Bailey,JA Burns,0,0,,,,,,"",""
ball,2,1.1,Hobart Hurricanes,GJ Bailey,DJM Short,Yasir Shah,0,0,,,,,,"",""
ball,2,1.2,Hobart Hurricanes,GJ Bailey,DJM Short,Yasir Shah,1,0,,,,,,"",""
ball,2,1.3,Hobart Hurricanes,DJM Short,GJ Bailey,Yasir Shah,4,0,,,,,,"",""
ball,2,1.4,Hobart Hurricanes,DJM Short,GJ Bailey,Yasir Shah,1,0,,,,,,"",""
ball,2,1.5,Hobart Hurricanes,GJ Bailey,DJM Short,Yasir Shah,1,0,,,,,,"",""
ball,2,1.6,Hobart Hurricanes,DJM Short,GJ Bailey,Yasir Shah,4,0,,,,,,"",""
ball,2,2.1,Hobart Hurricanes,GJ Bailey,DJM Short,MT Steketee,0,0,,,,,,"",""
ball,2,2.2,Hobart Hurricanes,GJ Bailey,DJM Short,MT Steketee,0,0,,,,,,"",""
ball,2,2.3,Hobart Hurricanes,GJ Bailey,DJM Short,MT Steketee,3,0,,,,,,"",""
ball,2,2.4,Hobart Hurricanes,DJM Short,GJ Bailey,MT Steketee,1,0,,,,,,"",""
ball,2,2.5,Hobart Hurricanes,GJ Bailey,DJM Short,MT Steketee,0,0,,,,,,"",""
ball,2,2.6,Hobart Hurricanes,GJ Bailey,DJM Short,MT Steketee,1,0,,,,,,"",""
ball,2,3.1,Hobart Hurricanes,GJ Bailey,DJM Short,B Doggett,1,0,,,,,,"",""
ball,2,3.2,Hobart Hurricanes,DJM Short,GJ Bailey,B Doggett,1,0,,,,,,"",""
ball,2,3.3,Hobart Hurricanes,GJ Bailey,DJM Short,B Doggett,1,0,,,,,,"",""
ball,2,3.4,Hobart Hurricanes,DJM Short,GJ Bailey,B Doggett,0,1,1,,,,,"",""
ball,2,3.5,Hobart Hurricanes,DJM Short,GJ Bailey,B Doggett,4,0,,,,,,"",""
ball,2,3.6,Hobart Hurricanes,DJM Short,GJ Bailey,B Doggett,1,0,,,,,,"",""
ball,2,3.7,Hobart Hurricanes,GJ Bailey,DJM Short,B Doggett,0,0,,,,,,"",""
ball,2,4.1,Hobart Hurricanes,DJM Short,GJ Bailey,MT Steketee,4,0,,,,,,"",""
ball,2,4.2,Hobart Hurricanes,DJM Short,GJ Bailey,MT Steketee,0,0,,,,,,"",""
ball,2,4.3,Hobart Hurricanes,DJM Short,GJ Bailey,MT Steketee,0,0,,,,,,"",""
ball,2,4.4,Hobart Hurricanes,DJM Short,GJ Bailey,MT Steketee,4,0,,,,,,"",""
ball,2,4.5,Hobart Hurricanes,DJM Short,GJ Bailey,MT Steketee,2,0,,,,,,"",""
ball,2,4.6,Hobart Hurricanes,DJM Short,GJ Bailey,MT Steketee,0,0,,,,,,"",""
ball,2,5.1,Hobart Hurricanes,GJ Bailey,DJM Short,B Doggett,4,0,,,,,,"",""
ball,2,5.2,Hobart Hurricanes,GJ Bailey,DJM Short,B Doggett,1,0,,,,,,"",""
ball,2,5.3,Hobart Hurricanes,DJM Short,GJ Bailey,B Doggett,0,1,,1,,,,"",""
ball,2,5.4,Hobart Hurricanes,DJM Short,GJ Bailey,B Doggett,0,1,1,,,,,"",""
ball,2,5.5,Hobart Hurricanes,DJM Short,GJ Bailey,B Doggett,0,0,,,,,,"",""
ball,2,5.6,Hobart Hurricanes,DJM Short,GJ Bailey,B Doggett,0,0,,,,,,"",""
ball,2,5.7,Hobart Hurricanes,DJM Short,GJ Bailey,B Doggett,0,0,,,,,,"",""
ball,2,5.8,Hobart Hurricanes,DJM Short,GJ Bailey,B Doggett,4,0,,,,,,"",""
ball,2,6.1,Hobart Hurricanes,GJ Bailey,DJM Short,Yasir Shah,1,0,,,,,,"",""
ball,2,6.2,Hobart Hurricanes,DJM Short,GJ Bailey,Yasir Shah,1,0,,,,,,"",""
ball,2,6.3,Hobart Hurricanes,GJ Bailey,DJM Short,Yasir Shah,1,0,,,,,,"",""
ball,2,6.4,Hobart Hurricanes,DJM Short,GJ Bailey,Yasir Shah,1,0,,,,,,"",""
ball,2,6.5,Hobart Hurricanes,GJ Bailey,DJM Short,Yasir Shah,1,0,,,,,,"",""
ball,2,6.6,Hobart Hurricanes,DJM Short,GJ Bailey,Yasir Shah,0,1,,,,1,,"",""
ball,2,7.1,Hobart Hurricanes,DJM Short,GJ Bailey,MJ Swepson,1,0,,,,,,"",""
ball,2,7.2,Hobart Hurricanes,GJ Bailey,DJM Short,MJ Swepson,0,1,,,,1,,"",""
ball,2,7.3,Hobart Hurricanes,DJM Short,GJ Bailey,MJ Swepson,0,0,,,,,,"",""
ball,2,7.4,Hobart Hurricanes,DJM Short,GJ Bailey,MJ Swepson,0,0,,,,,,"",""
ball,2,7.5,Hobart Hurricanes,DJM Short,GJ Bailey,MJ Swepson,0,1,1,,,,,"",""
ball,2,7.6,Hobart Hurricanes,DJM Short,GJ Bailey,MJ Swepson,0,0,,,,,,"",""
ball,2,7.7,Hobart Hurricanes,DJM Short,GJ Bailey,MJ Swepson,1,0,,,,,,"",""
ball,2,8.1,Hobart Hurricanes,DJM Short,GJ Bailey,Yasir Shah,2,0,,,,,,"",""
ball,2,8.2,Hobart Hurricanes,DJM Short,GJ Bailey,Yasir Shah,4,0,,,,,,"",""
ball,2,8.3,Hobart Hurricanes,DJM Short,GJ Bailey,Yasir Shah,1,0,,,,,,"",""
ball,2,8.4,Hobart Hurricanes,GJ Bailey,DJM Short,Yasir Shah,1,0,,,,,,"",""
ball,2,8.5,Hobart Hurricanes,DJM Short,GJ Bailey,Yasir Shah,0,0,,,,,,"",""
ball,2,8.6,Hobart Hurricanes,DJM Short,GJ Bailey,Yasir Shah,1,0,,,,,,"",""
ball,2,9.1,Hobart Hurricanes,DJM Short,GJ Bailey,MJ Swepson,2,0,,,,,,"",""
ball,2,9.2,Hobart Hurricanes,DJM Short,GJ Bailey,MJ Swepson,1,0,,,,,,"",""
ball,2,9.3,Hobart Hurricanes,GJ Bailey,DJM Short,MJ Swepson,1,0,,,,,,"",""
ball,2,9.4,Hobart Hurricanes,DJM Short,GJ Bailey,MJ Swepson,1,0,,,,,,"",""
ball,2,9.5,Hobart Hurricanes,GJ Bailey,DJM Short,MJ Swepson,1,0,,,,,,"",""
ball,2,9.6,Hobart Hurricanes,DJM Short,GJ Bailey,MJ Swepson,1,0,,,,,,"",""
ball,2,10.1,Hobart Hurricanes,DJM Short,GJ Bailey,BCJ Cutting,1,0,,,,,,"",""
ball,2,10.2,Hobart Hurricanes,GJ Bailey,DJM Short,BCJ Cutting,0,0,,,,,,caught,GJ Bailey
ball,2,10.3,Hobart Hurricanes,DJM Short,DT Christian,BCJ Cutting,1,0,,,,,,"",""
ball,2,10.4,Hobart Hurricanes,DT Christian,DJM Short,BCJ Cutting,6,0,,,,,,"",""
ball,2,10.5,Hobart Hurricanes,DT Christian,DJM Short,BCJ Cutting,1,0,,,,,,"",""
ball,2,10.6,Hobart Hurricanes,DJM Short,DT Christian,BCJ Cutting,1,0,,,,,,"",""
ball,2,11.1,Hobart Hurricanes,DJM Short,DT Christian,MJ Swepson,1,0,,,,,,"",""
ball,2,11.2,Hobart Hurricanes,DT Christian,DJM Short,MJ Swepson,1,0,,,,,,"",""
ball,2,11.3,Hobart Hurricanes,DJM Short,DT Christian,MJ Swepson,2,0,,,,,,"",""
ball,2,11.4,Hobart Hurricanes,DJM Short,DT Christian,MJ Swepson,1,0,,,,,,"",""
ball,2,11.5,Hobart Hurricanes,DT Christian,DJM Short,MJ Swepson,0,5,5,,,,,"",""
ball,2,11.6,Hobart Hurricanes,DT Christian,DJM Short,MJ Swepson,1,0,,,,,,"",""
ball,2,11.7,Hobart Hurricanes,DJM Short,DT Christian,MJ Swepson,4,0,,,,,,"",""
ball,2,12.1,Hobart Hurricanes,DT Christian,DJM Short,B Doggett,6,0,,,,,,"",""
ball,2,12.2,Hobart Hurricanes,DT Christian,DJM Short,B Doggett,0,0,,,,,,"",""
ball,2,12.3,Hobart Hurricanes,DT Christian,DJM Short,B Doggett,6,0,,,,,,"",""
ball,2,12.4,Hobart Hurricanes,DT Christian,DJM Short,B Doggett,2,0,,,,,,"",""
ball,2,12.5,Hobart Hurricanes,DT Christian,DJM Short,B Doggett,0,0,,,,,,caught,DT Christian
ball,2,12.6,Hobart Hurricanes,DJM Short,BR McDermott,B Doggett,0,0,,,,,,"",""
ball,2,13.1,Hobart Hurricanes,BR McDermott,DJM Short,Yasir Shah,1,0,,,,,,"",""
ball,2,13.2,Hobart Hurricanes,DJM Short,BR McDermott,Yasir Shah,0,0,,,,,,"",""
ball,2,13.3,Hobart Hurricanes,DJM Short,BR McDermott,Yasir Shah,1,0,,,,,,"",""
ball,2,13.4,Hobart Hurricanes,BR McDermott,DJM Short,Yasir Shah,1,0,,,,,,"",""
ball,2,13.5,Hobart Hurricanes,DJM Short,BR McDermott,Yasir Shah,0,0,,,,,,"",""
ball,2,13.6,Hobart Hurricanes,DJM Short,BR McDermott,Yasir Shah,0,0,,,,,,"",""
ball,2,14.1,Hobart Hurricanes,BR McDermott,DJM Short,MT Steketee,1,0,,,,,,"",""
ball,2,14.2,Hobart Hurricanes,DJM Short,BR McDermott,MT Steketee,0,0,,,,,,caught,DJM Short
ball,2,14.3,Hobart Hurricanes,BR McDermott,MS Wade,MT Steketee,1,0,,,,,,"",""
ball,2,14.4,Hobart Hurricanes,MS Wade,BR McDermott,MT Steketee,1,0,,,,,,"",""
ball,2,14.5,Hobart Hurricanes,BR McDermott,MS Wade,MT Steketee,4,0,,,,,,"",""
ball,2,14.6,Hobart Hurricanes,BR McDermott,MS Wade,MT Steketee,1,0,,,,,,"",""
ball,2,15.1,Hobart Hurricanes,BR McDermott,MS Wade,MJ Swepson,2,0,,,,,,"",""
ball,2,15.2,Hobart Hurricanes,BR McDermott,MS Wade,MJ Swepson,1,0,,,,,,"",""
ball,2,15.3,Hobart Hurricanes,MS Wade,BR McDermott,MJ Swepson,1,0,,,,,,"",""
ball,2,15.4,Hobart Hurricanes,BR McDermott,MS Wade,MJ Swepson,1,0,,,,,,"",""
ball,2,15.5,Hobart Hurricanes,MS Wade,BR McDermott,MJ Swepson,0,0,,,,,,"",""
ball,2,15.6,Hobart Hurricanes,MS Wade,BR McDermott,MJ Swepson,1,0,,,,,,"",""
ball,2,16.1,Hobart Hurricanes,MS Wade,BR McDermott,MT Steketee,4,0,,,,,,"",""
ball,2,16.2,Hobart Hurricanes,MS Wade,BR McDermott,MT Steketee,1,0,,,,,,"",""
ball,2,16.3,Hobart Hurricanes,BR McDermott,MS Wade,MT Steketee,4,0,,,,,,"",""
ball,2,16.4,Hobart Hurricanes,BR McDermott,MS Wade,MT Steketee,0,0,,,,,,"",""
ball,2,16.5,Hobart Hurricanes,BR McDermott,MS Wade,MT Steketee,2,0,,,,,,"",""
ball,2,16.6,Hobart Hurricanes,BR McDermott,MS Wade,MT Steketee,4,0,,,,,,"",""
ball,2,17.1,Hobart Hurricanes,MS Wade,BR McDermott,B Doggett,1,0,,,,,,"",""
ball,2,17.2,Hobart Hurricanes,BR McDermott,MS Wade,B Doggett,0,0,,,,,,"",""
ball,2,17.3,Hobart Hurricanes,BR McDermott,MS Wade,B Doggett,1,0,,,,,,"",""
ball,2,17.4,Hobart Hurricanes,MS Wade,BR McDermott,B Doggett,1,0,,,,,,"",""
ball,2,17.5,Hobart Hurricanes,BR McDermott,MS Wade,B Doggett,0,0,,,,,,"",""
ball,2,17.6,Hobart Hurricanes,BR McDermott,MS Wade,B Doggett,6,0,,,,,,"",""
ball,2,18.1,Hobart Hurricanes,MS Wade,BR McDermott,BCJ Cutting,1,0,,,,,,"",""
ball,2,18.2,Hobart Hurricanes,BR McDermott,MS Wade,BCJ Cutting,0,1,,1,,,,"",""
ball,2,18.3,Hobart Hurricanes,BR McDermott,MS Wade,BCJ Cutting,2,0,,,,,,"",""
