version,1.6.0
info,balls_per_over,6
info,team,Melbourne Stars
info,team,Brisbane Heat
info,gender,male
info,season,2017/18
info,date,2018/01/02
info,event,Big Bash League
info,match_number,15
info,venue,Melbourne Cricket Ground
info,city,Melbourne
info,toss_winner,Brisbane Heat
info,toss_decision,field
info,player_of_match,MJ Swepson
info,umpire,GC Joshua
info,umpire,MW Graham-Smith
info,reserve_umpire,S Brne
info,tv_umpire,D Shepherd
info,match_referee,SR Bernard
info,winner,Brisbane Heat
info,winner_wickets,9
info,player,Melbourne Stars,BR Dunk
info,player,Melbourne Stars,LJ Wright
info,player,Melbourne Stars,KP Pietersen
info,player,Melbourne Stars,GJ Maxwell
info,player,Melbourne Stars,MP Stoinis
info,player,Melbourne Stars,RJ Quiney
info,player,Melbourne Stars,JP Faulkner
info,player,Melbourne Stars,JW Hastings
info,player,Melbourne Stars,A Zampa
info,player,Melbourne Stars,L Bowe
info,player,Melbourne Stars,MA Beer
info,player,Brisbane Heat,CA Lynn
info,player,Brisbane Heat,BB McCullum
info,player,Brisbane Heat,JA Burns
info,player,Brisbane Heat,AI Ross
info,player,Brisbane Heat,BCJ Cutting
info,player,Brisbane Heat,JJ Peirson
info,player,Brisbane Heat,CJ Gannon
info,player,Brisbane Heat,B Doggett
info,player,Brisbane Heat,Yasir Shah
info,player,Brisbane Heat,MJ Swepson
info,player,Brisbane Heat,MT Steketee
info,registry,people,A Zampa,14f96089
info,registry,people,AI Ross,fb0d68b4
info,registry,people,B Doggett,898e628d
info,registry,people,BB McCullum,b8a55852
info,registry,people,BCJ Cutting,2e11c706
info,registry,people,BR Dunk,272d796e
info,registry,people,CA Lynn,45eda7c8
info,registry,people,CJ Gannon,519c30cb
info,registry,people,D Shepherd,ab0d21ad
info,registry,people,GC Joshua,4c47ebf2
info,registry,people,GJ Maxwell,b681e71e
info,registry,people,JA Burns,7a5f232a
info,registry,people,JJ Peirson,2b55c3b4
info,registry,people,JP Faulkner,808f425a
info,registry,people,JW Hastings,012829ff
info,registry,people,KP Pietersen,39f01cdb
info,registry,people,L Bowe,a5b71472
info,registry,people,LJ Wright,cca50cd6
info,registry,people,MA Beer,f60dc2a5
info,registry,people,MJ Swepson,86b4bf88
info,registry,people,MP Stoinis,d9273ee7
info,registry,people,MT Steketee,903560ed
info,registry,people,MW Graham-Smith,18aca3ce
info,registry,people,RJ Quiney,23ac69e6
info,registry,people,S Brne,f552dfcb
info,registry,people,SR Bernard,800187dc
info,registry,people,Yasir Shah,f2800ef3
ball,1,0.1,Melbourne Stars,BR Dunk,LJ Wright,Yasir Shah,2,0,,,,,,"",""
ball,1,0.2,Melbourne Stars,BR Dunk,LJ Wright,Yasir Shah,1,0,,,,,,"",""
ball,1,0.3,Melbourne Stars,LJ Wright,BR Dunk,Yasir Shah,0,0,,,,,,"",""
ball,1,0.4,Melbourne Stars,LJ Wright,BR Dunk,Yasir Shah,0,0,,,,,,"",""
ball,1,0.5,Melbourne Stars,LJ Wright,BR Dunk,Yasir Shah,0,0,,,,,,"",""
ball,1,0.6,Melbourne Stars,LJ Wright,BR Dunk,Yasir Shah,0,0,,,,,,"",""
ball,1,1.1,Melbourne Stars,BR Dunk,LJ Wright,MT Steketee,1,0,,,,,,"",""
ball,1,1.2,Melbourne Stars,LJ Wright,BR Dunk,MT Steketee,0,0,,,,,,"",""
ball,1,1.3,Melbourne Stars,LJ Wright,BR Dunk,MT Steketee,1,0,,,,,,"",""
ball,1,1.4,Melbourne Stars,BR Dunk,LJ Wright,MT Steketee,1,0,,,,,,"",""
ball,1,1.5,Melbourne Stars,LJ Wright,BR Dunk,MT Steketee,4,0,,,,,,"",""
ball,1,1.6,Melbourne Stars,LJ Wright,BR Dunk,MT Steketee,2,0,,,,,,"",""
ball,1,2.1,Melbourne Stars,BR Dunk,LJ Wright,Yasir Shah,0,0,,,,,,lbw,BR Dunk
ball,1,2.2,Melbourne Stars,KP Pietersen,LJ Wright,Yasir Shah,1,0,,,,,,"",""
ball,1,2.3,Melbourne Stars,LJ Wright,KP Pietersen,Yasir Shah,0,1,,,,1,,"",""
ball,1,2.4,Melbourne Stars,KP Pietersen,LJ Wright,Yasir Shah,1,0,,,,,,"",""
ball,1,2.5,Melbourne Stars,LJ Wright,KP Pietersen,Yasir Shah,1,0,,,,,,"",""
ball,1,2.6,Melbourne Stars,KP Pietersen,LJ Wright,Yasir Shah,1,0,,,,,,"",""
ball,1,3.1,Melbourne Stars,KP Pietersen,LJ Wright,B Doggett,4,0,,,,,,"",""
ball,1,3.2,Melbourne Stars,KP Pietersen,LJ Wright,B Doggett,0,0,,,,,,"",""
ball,1,3.3,Melbourne Stars,KP Pietersen,LJ Wright,B Doggett,2,0,,,,,,"",""
ball,1,3.4,Melbourne Stars,KP Pietersen,LJ Wright,B Doggett,0,0,,,,,,"",""
ball,1,3.5,Melbourne Stars,KP Pietersen,LJ Wright,B Doggett,0,0,,,,,,"",""
ball,1,3.6,Melbourne Stars,KP Pietersen,LJ Wright,B Doggett,1,0,,,,,,"",""
ball,1,4.1,Melbourne Stars,KP Pietersen,LJ Wright,CJ Gannon,4,0,,,,,,"",""
ball,1,4.2,Melbourne Stars,KP Pietersen,LJ Wright,CJ Gannon,2,0,,,,,,"",""
ball,1,4.3,Melbourne Stars,KP Pietersen,LJ Wright,CJ Gannon,4,0,,,,,,"",""
ball,1,4.4,Melbourne Stars,KP Pietersen,LJ Wright,CJ Gannon,1,0,,,,,,"",""
ball,1,4.5,Melbourne Stars,LJ Wright,KP Pietersen,CJ Gannon,0,1,,1,,,,"",""
ball,1,4.6,Melbourne Stars,LJ Wright,KP Pietersen,CJ Gannon,0,0,,,,,,"",""
ball,1,4.7,Melbourne Stars,LJ Wright,KP Pietersen,CJ Gannon,1,0,,,,,,"",""
ball,1,5.1,Melbourne Stars,LJ Wright,KP Pietersen,MT Steketee,1,0,,,,,,"",""
ball,1,5.2,Melbourne Stars,KP Pietersen,LJ Wright,MT Steketee,0,0,,,,,,"",""
ball,1,5.3,Melbourne Stars,KP Pietersen,LJ Wright,MT Steketee,2,0,,,,,,"",""
ball,1,5.4,Melbourne Stars,KP Pietersen,LJ Wright,MT Steketee,0,0,,,,,,"",""
ball,1,5.5,Melbourne Stars,KP Pietersen,LJ Wright,MT Steketee,1,0,,,,,,"",""
ball,1,5.6,Melbourne Stars,LJ Wright,KP Pietersen,MT Steketee,4,0,,,,,,"",""
ball,1,6.1,Melbourne Stars,KP Pietersen,LJ Wright,B Doggett,1,0,,,,,,"",""
ball,1,6.2,Melbourne Stars,LJ Wright,KP Pietersen,B Doggett,1,0,,,,,,"",""
ball,1,6.3,Melbourne Stars,KP Pietersen,LJ Wright,B Doggett,1,0,,,,,,"",""
ball,1,6.4,Melbourne Stars,LJ Wright,KP Pietersen,B Doggett,2,0,,,,,,"",""
ball,1,6.5,Melbourne Stars,LJ Wright,KP Pietersen,B Doggett,1,0,,,,,,"",""
ball,1,6.6,Melbourne Stars,KP Pietersen,LJ Wright,B Doggett,2,0,,,,,,"",""
ball,1,7.1,Melbourne Stars,LJ Wright,KP Pietersen,MJ Swepson,0,0,,,,,,"",""
ball,1,7.2,Melbourne Stars,LJ Wright,KP Pietersen,MJ Swepson,1,0,,,,,,"",""
ball,1,7.3,Melbourne Stars,KP Pietersen,LJ Wright,MJ Swepson,0,0,,,,,,"",""
ball,1,7.4,Melbourne Stars,KP Pietersen,LJ Wright,MJ Swepson,1,0,,,,,,"",""
ball,1,7.5,Melbourne Stars,LJ Wright,KP Pietersen,MJ Swepson,0,0,,,,,,stumped,LJ Wright
ball,1,7.6,Melbourne Stars,GJ Maxwell,KP Pietersen,MJ Swepson,1,0,,,,,,"",""
ball,1,8.1,Melbourne Stars,GJ Maxwell,KP Pietersen,Yasir Shah,1,0,,,,,,"",""
ball,1,8.2,Melbourne Stars,KP Pietersen,GJ Maxwell,Yasir Shah,0,1,,,,1,,"",""
ball,1,8.3,Melbourne Stars,GJ Maxwell,KP Pietersen,Yasir Shah,0,0,,,,,,"",""
ball,1,8.4,Melbourne Stars,GJ Maxwell,KP Pietersen,Yasir Shah,0,1,1,,,,,"",""
ball,1,8.5,Melbourne Stars,GJ Maxwell,KP Pietersen,Yasir Shah,1,0,,,,,,"",""
ball,1,8.6,Melbourne Stars,KP Pietersen,GJ Maxwell,Yasir Shah,1,0,,,,,,"",""
ball,1,8.7,Melbourne Stars,GJ Maxwell,KP Pietersen,Yasir Shah,1,0,,,,,,"",""
ball,1,9.1,Melbourne Stars,GJ Maxwell,KP Pietersen,MJ Swepson,0,0,,,,,,"",""
ball,1,9.2,Melbourne Stars,GJ Maxwell,KP Pietersen,MJ Swepson,1,0,,,,,,"",""
ball,1,9.3,Melbourne Stars,KP Pietersen,GJ Maxwell,MJ Swepson,0,0,,,,,,caught,KP Pietersen
ball,1,9.4,Melbourne Stars,GJ Maxwell,MP Stoinis,MJ Swepson,1,0,,,,,,"",""
ball,1,9.5,Melbourne Stars,MP Stoinis,GJ Maxwell,MJ Swepson,1,0,,,,,,"",""
ball,1,9.6,Melbourne Stars,GJ Maxwell,MP Stoinis,MJ Swepson,0,1,1,,,,,"",""
ball,1,9.7,Melbourne Stars,GJ Maxwell,MP Stoinis,MJ Swepson,1,0,,,,,,"",""
ball,1,10.1,Melbourne Stars,GJ Maxwell,MP Stoinis,BCJ Cutting,2,0,,,,,,"",""
ball,1,10.2,Melbourne Stars,GJ Maxwell,MP Stoinis,BCJ Cutting,0,0,,,,,,"",""
ball,1,10.3,Melbourne Stars,GJ Maxwell,MP Stoinis,BCJ Cutting,0,0,,,,,,"",""
ball,1,10.4,Melbourne Stars,GJ Maxwell,MP Stoinis,BCJ Cutting,4,0,,,,,,"",""
ball,1,10.5,Melbourne Stars,GJ Maxwell,MP Stoinis,BCJ Cutting,1,0,,,,,,"",""
ball,1,10.6,Melbourne Stars,MP Stoinis,GJ Maxwell,BCJ Cutting,1,0,,,,,,"",""
ball,1,11.1,Melbourne Stars,MP Stoinis,GJ Maxwell,MJ Swepson,0,0,,,,,,"",""
ball,1,11.2,Melbourne Stars,MP Stoinis,GJ Maxwell,MJ Swepson,1,0,,,,,,"",""
ball,1,11.3,Melbourne Stars,GJ Maxwell,MP Stoinis,MJ Swepson,0,0,,,,,,"",""
ball,1,11.4,Melbourne Stars,GJ Maxwell,MP Stoinis,MJ Swepson,0,0,,,,,,"",""
ball,1,11.5,Melbourne Stars,GJ Maxwell,MP Stoinis,MJ Swepson,0,0,,,,,,"",""
ball,1,11.6,Melbourne Stars,GJ Maxwell,MP Stoinis,MJ Swepson,1,0,,,,,,"",""
ball,1,12.1,Melbourne Stars,GJ Maxwell,MP Stoinis,Yasir Shah,0,0,,,,,,"",""
ball,1,12.2,Melbourne Stars,GJ Maxwell,MP Stoinis,Yasir Shah,1,0,,,,,,"",""
ball,1,12.3,Melbourne Stars,MP Stoinis,GJ Maxwell,Yasir Shah,1,0,,,,,,"",""
ball,1,12.4,Melbourne Stars,GJ Maxwell,MP Stoinis,Yasir Shah,1,0,,,,,,run out,MP Stoinis
ball,1,12.5,Melbourne Stars,GJ Maxwell,RJ Quiney,Yasir Shah,1,0,,,,,,"",""
ball,1,12.6,Melbourne Stars,RJ Quiney,GJ Maxwell,Yasir Shah,0,0,,,,,,"",""
ball,1,13.1,Melbourne Stars,GJ Maxwell,RJ Quiney,MJ Swepson,1,0,,,,,,"",""
ball,1,13.2,Melbourne Stars,RJ Quiney,GJ Maxwell,MJ Swepson,0,0,,,,,,caught and bowled,RJ Quiney
ball,1,13.3,Melbourne Stars,JP Faulkner,GJ Maxwell,MJ Swepson,0,0,,,,,,"",""
ball,1,13.4,Melbourne Stars,JP Faulkner,GJ Maxwell,MJ Swepson,1,0,,,,,,"",""
ball,1,13.5,Melbourne Stars,GJ Maxwell,JP Faulkner,MJ Swepson,1,0,,,,,,"",""
ball,1,13.6,Melbourne Stars,JP Faulkner,GJ Maxwell,MJ Swepson,1,0,,,,,,"",""
ball,1,14.1,Melbourne Stars,JP Faulkner,GJ Maxwell,B Doggett,0,0,,,,,,"",""
ball,1,14.2,Melbourne Stars,JP Faulkner,GJ Maxwell,B Doggett,1,0,,,,,,"",""
ball,1,14.3,Melbourne Stars,GJ Maxwell,JP Faulkner,B Doggett,1,0,,,,,,"",""
ball,1,14.4,Melbourne Stars,JP Faulkner,GJ Maxwell,B Doggett,1,0,,,,,,"",""
ball,1,14.5,Melbourne Stars,GJ Maxwell,JP Faulkner,B Doggett,0,0,,,,,,"",""
ball,1,14.6,Melbourne Stars,GJ Maxwell,JP Faulkner,B Doggett,4,0,,,,,,"",""
ball,1,15.1,Melbourne Stars,JP Faulkner,GJ Maxwell,MT Steketee,0,0,,,,,,"",""
ball,1,15.2,Melbourne Stars,JP Faulkner,GJ Maxwell,MT Steketee,1,0,,,,,,"",""
ball,1,15.3,Melbourne Stars,GJ Maxwell,JP Faulkner,MT Steketee,0,0,,,,,,"",""
ball,1,15.4,Melbourne Stars,GJ Maxwell,JP Faulkner,MT Steketee,0,1,1,,,,,"",""
ball,1,15.5,Melbourne Stars,GJ Maxwell,JP Faulkner,MT Steketee,4,0,,,,,,"",""
ball,1,15.6,Melbourne Stars,GJ Maxwell,JP Faulkner,MT Steketee,1,0,,,,,,"",""
ball,1,15.7,Melbourne Stars,JP Faulkner,GJ Maxwell,MT Steketee,1,0,,,,,,"",""
ball,1,16.1,Melbourne Stars,JP Faulkner,GJ Maxwell,B Doggett,0,0,,,,,,"",""
ball,1,16.2,Melbourne Stars,JP Faulkner,GJ Maxwell,B Doggett,1,0,,,,,,"",""
ball,1,16.3,Melbourne Stars,GJ Maxwell,JP Faulkner,B Doggett,6,0,,,,,,"",""
ball,1,16.4,Melbourne Stars,GJ Maxwell,JP Faulkner,B Doggett,0,1,1,,,,,"",""
ball,1,16.5,Melbourne Stars,GJ Maxwell,JP Faulkner,B Doggett,2,0,,,,,,"",""
ball,1,16.6,Melbourne Stars,GJ Maxwell,JP Faulkner,B Doggett,2,0,,,,,,"",""
ball,1,16.7,Melbourne Stars,GJ Maxwell,JP Faulkner,B Doggett,1,0,,,,,,"",""
ball,1,17.1,Melbourne Stars,GJ Maxwell,JP Faulkner,MT Steketee,1,0,,,,,,"",""
ball,1,17.2,Melbourne Stars,JP Faulkner,GJ Maxwell,MT Steketee,1,0,,,,,,"",""
ball,1,17.3,Melbourne Stars,GJ Maxwell,JP Faulkner,MT Steketee,0,1,1,,,,,"",""
ball,1,17.4,Melbourne Stars,GJ Maxwell,JP Faulkner,MT Steketee,4,0,,,,,,"",""
ball,1,17.5,Melbourne Stars,GJ Maxwell,JP Faulkner,MT Steketee,0,0,,,,,,"",""
ball,1,17.6,Melbourne Stars,GJ Maxwell,JP Faulkner,MT Steketee,4,0,,,,,,"",""
ball,1,17.7,Melbourne Stars,GJ Maxwell,JP Faulkner,MT Steketee,0,0,,,,,,caught,GJ Maxwell
ball,1,18.1,Melbourne Stars,JP Faulkner,JW Hastings,BCJ Cutting,1,0,,,,,,"",""
ball,1,18.2,Melbourne Stars,JW Hastings,JP Faulkner,BCJ Cutting,0,0,,,,,,"",""
ball,1,18.3,Melbourne Stars,JW Hastings,JP Faulkner,BCJ Cutting,0,0,,,,,,caught,JW Hastings
ball,1,18.4,Melbourne Stars,A Zampa,JP Faulkner,BCJ Cutting,1,0,,,,,,"",""
ball,1,18.5,Melbourne Stars,JP Faulkner,A Zampa,BCJ Cutting,1,0,,,,,,"",""
ball,1,18.6,Melbourne Stars,A Zampa,JP Faulkner,BCJ Cutting,1,1,,1,,,,"",""
ball,1,18.7,Melbourne Stars,JP Faulkner,A Zampa,BCJ Cutting,1,0,,,,,,"",""
ball,1,19.1,Melbourne Stars,JP Faulkner,A Zampa,CJ Gannon,0,0,,,,,,"",""
ball,1,19.2,Melbourne Stars,JP Faulkner,A Zampa,CJ Gannon,4,0,,,,,,"",""
ball,1,19.3,Melbourne Stars,JP Faulkner,A Zampa,CJ Gannon,2,0,,,,,,"",""
ball,1,19.4,Melbourne Stars,JP Faulkner,A Zampa,CJ Gannon,2,0,,,,,,"",""
ball,1,19.5,Melbourne Stars,JP Faulkner,A Zampa,CJ Gannon,1,0,,,,,,"",""
ball,1,19.6,Melbourne Stars,A Zampa,JP Faulkner,CJ Gannon,2,0,,,,,,"",""
ball,2,0.1,Brisbane Heat,CA Lynn,BB McCullum,JP Faulkner,0,0,,,,,,"",""
ball,2,0.2,Brisbane Heat,CA Lynn,BB McCullum,JP Faulkner,0,0,,,,,,"",""
ball,2,0.3,Brisbane Heat,CA Lynn,BB McCullum,JP Faulkner,0,0,,,,,,"",""
ball,2,0.4,Brisbane Heat,CA Lynn,BB McCullum,JP Faulkner,1,0,,,,,,"",""
ball,2,0.5,Brisbane Heat,BB McCullum,CA Lynn,JP Faulkner,4,0,,,,,,"",""
ball,2,0.6,Brisbane Heat,BB McCullum,CA Lynn,JP Faulkner,1,0,,,,,,"",""
ball,2,1.1,Brisbane Heat,BB McCullum,CA Lynn,MA Beer,1,0,,,,,,"",""
ball,2,1.2,Brisbane Heat,CA Lynn,BB McCullum,MA Beer,1,0,,,,,,"",""
ball,2,1.3,Brisbane Heat,BB McCullum,CA Lynn,MA Beer,4,0,,,,,,"",""
ball,2,1.4,Brisbane Heat,BB McCullum,CA Lynn,MA Beer,1,0,,,,,,"",""
ball,2,1.5,Brisbane Heat,CA Lynn,BB McCullum,MA Beer,4,0,,,,,,"",""
ball,2,1.6,Brisbane Heat,CA Lynn,BB McCullum,MA Beer,0,0,,,,,,"",""
ball,2,2.1,Brisbane Heat,BB McCullum,CA Lynn,A Zampa,0,0,,,,,,"",""
ball,2,2.2,Brisbane Heat,BB McCullum,CA Lynn,A Zampa,1,0,,,,,,"",""
ball,2,2.3,Brisbane Heat,CA Lynn,BB McCullum,A Zampa,0,0,,,,,,"",""
ball,2,2.4,Brisbane Heat,CA Lynn,BB McCullum,A Zampa,0,0,,,,,,"",""
ball,2,2.5,Brisbane Heat,CA Lynn,BB McCullum,A Zampa,0,0,,,,,,"",""
ball,2,2.6,Brisbane Heat,CA Lynn,BB McCullum,A Zampa,0,0,,,,,,"",""
ball,2,3.1,Brisbane Heat,BB McCullum,CA Lynn,MA Beer,6,0,,,,,,"",""
ball,2,3.2,Brisbane Heat,BB McCullum,CA Lynn,MA Beer,0,0,,,,,,"",""
ball,2,3.3,Brisbane Heat,BB McCullum,CA Lynn,MA Beer,1,0,,,,,,"",""
ball,2,3.4,Brisbane Heat,CA Lynn,BB McCullum,MA Beer,4,0,,,,,,"",""
ball,2,3.5,Brisbane Heat,CA Lynn,BB McCullum,MA Beer,0,0,,,,,,"",""
ball,2,3.6,Brisbane Heat,CA Lynn,BB McCullum,MA Beer,0,0,,,,,,"",""
ball,2,4.1,Brisbane Heat,BB McCullum,CA Lynn,A Zampa,6,0,,,,,,"",""
ball,2,4.2,Brisbane Heat,BB McCullum,CA Lynn,A Zampa,2,0,,,,,,"",""
ball,2,4.3,Brisbane Heat,BB McCullum,CA Lynn,A Zampa,1,0,,,,,,"",""
ball,2,4.4,Brisbane Heat,CA Lynn,BB McCullum,A Zampa,0,0,,,,,,"",""
ball,2,4.5,Brisbane Heat,CA Lynn,BB McCullum,A Zampa,0,1,,,1,,,"",""
ball,2,4.6,Brisbane Heat,BB McCullum,CA Lynn,A Zampa,4,0,,,,,,"",""
ball,2,5.1,Brisbane Heat,CA Lynn,BB McCullum,JW Hastings,0,0,,,,,,"",""
ball,2,5.2,Brisbane Heat,CA Lynn,BB McCullum,JW Hastings,1,0,,,,,,"",""
ball,2,5.3,Brisbane Heat,BB McCullum,CA Lynn,JW Hastings,4,0,,,,,,"",""
ball,2,5.4,Brisbane Heat,BB McCullum,CA Lynn,JW Hastings,0,0,,,,,,"",""
ball,2,5.5,Brisbane Heat,BB McCullum,CA Lynn,JW Hastings,1,0,,,,,,"",""
ball,2,5.6,Brisbane Heat,CA Lynn,BB McCullum,JW Hastings,1,0,,,,,,"",""
ball,2,6.1,Brisbane Heat,CA Lynn,BB McCullum,MP Stoinis,0,0,,,,,,"",""
ball,2,6.2,Brisbane Heat,CA Lynn,BB McCullum,MP Stoinis,1,0,,,,,,"",""
ball,2,6.3,Brisbane Heat,BB McCullum,CA Lynn,MP Stoinis,2,0,,,,,,"",""
ball,2,6.4,Brisbane Heat,BB McCullum,CA Lynn,MP Stoinis,1,0,,,,,,"",""
ball,2,6.5,Brisbane Heat,CA Lynn,BB McCullum,MP Stoinis,0,0,,,,,,"",""
ball,2,6.6,Brisbane Heat,CA Lynn,BB McCullum,MP Stoinis,6,0,,,,,,"",""
ball,2,7.1,Brisbane Heat,BB McCullum,CA Lynn,JW Hastings,1,0,,,,,,"",""
ball,2,7.2,Brisbane Heat,CA Lynn,BB McCullum,JW Hastings,6,0,,,,,,"",""
ball,2,7.3,Brisbane Heat,CA Lynn,BB McCullum,JW Hastings,0,0,,,,,,"",""
ball,2,7.4,Brisbane Heat,CA Lynn,BB McCullum,JW Hastings,2,0,,,,,,"",""
ball,2,7.5,Brisbane Heat,CA Lynn,BB McCullum,JW Hastings,2,0,,,,,,"",""
ball,2,7.6,Brisbane Heat,CA Lynn,BB McCullum,JW Hastings,4,0,,,,,,"",""
ball,2,8.1,Brisbane Heat,BB McCullum,CA Lynn,L Bowe,0,0,,,,,,"",""
ball,2,8.2,Brisbane Heat,BB McCullum,CA Lynn,L Bowe,1,0,,,,,,"",""
ball,2,8.3,Brisbane Heat,CA Lynn,BB McCullum,L Bowe,1,0,,,,,,"",""
ball,2,8.4,Brisbane Heat,BB McCullum,CA Lynn,L Bowe,4,0,,,,,,"",""
ball,2,8.5,Brisbane Heat,BB McCullum,CA Lynn,L Bowe,0,0,,,,,,"",""
ball,2,8.6,Brisbane Heat,BB McCullum,CA Lynn,L Bowe,0,0,,,,,,"",""
ball,2,9.1,Brisbane Heat,CA Lynn,BB McCullum,A Zampa,4,0,,,,,,"",""
ball,2,9.2,Brisbane Heat,CA Lynn,BB McCullum,A Zampa,0,0,,,,,,"",""
ball,2,9.3,Brisbane Heat,CA Lynn,BB McCullum,A Zampa,0,0,,,,,,"",""
ball,2,9.4,Brisbane Heat,CA Lynn,BB McCullum,A Zampa,1,0,,,,,,"",""
ball,2,9.5,Brisbane Heat,BB McCullum,CA Lynn,A Zampa,1,0,,,,,,"",""
ball,2,9.6,Brisbane Heat,CA Lynn,BB McCullum,A Zampa,0,0,,,,,,"",""
ball,2,10.1,Brisbane Heat,BB McCullum,CA Lynn,L Bowe,6,0,,,,,,"",""
ball,2,10.2,Brisbane Heat,BB McCullum,CA Lynn,L Bowe,4,0,,,,,,"",""
ball,2,10.3,Brisbane Heat,BB McCullum,CA Lynn,L Bowe,4,0,,,,,,"",""
ball,2,10.4,Brisbane Heat,BB McCullum,CA Lynn,L Bowe,0,0,,,,,,caught,BB McCullum
ball,2,10.5,Brisbane Heat,CA Lynn,JA Burns,L Bowe,1,0,,,,,,"",""
ball,2,10.6,Brisbane Heat,JA Burns,CA Lynn,L Bowe,0,0,,,,,,"",""
ball,2,11.1,Brisbane Heat,CA Lynn,JA Burns,JP Faulkner,1,0,,,,,,"",""
ball,2,11.2,Brisbane Heat,JA Burns,CA Lynn,JP Faulkner,1,0,,,,,,"",""
ball,2,11.3,Brisbane Heat,CA Lynn,JA Burns,JP Faulkner,1,0,,,,,,"",""
ball,2,11.4,Brisbane Heat,JA Burns,CA Lynn,JP Faulkner,0,0,,,,,,"",""
ball,2,11.5,Brisbane Heat,JA Burns,CA Lynn,JP Faulkner,4,0,,,,,,"",""
ball,2,11.6,Brisbane Heat,JA Burns,CA Lynn,JP Faulkner,1,0,,,,,,"",""
ball,2,12.1,Brisbane Heat,JA Burns,CA Lynn,MP Stoinis,4,0,,,,,,"",""
ball,2,12.2,Brisbane Heat,JA Burns,CA Lynn,MP Stoinis,1,0,,,,,,"",""
ball,2,12.3,Brisbane Heat,CA Lynn,JA Burns,MP Stoinis,0,1,1,,,,,"",""
ball,2,12.4,Brisbane Heat,CA Lynn,JA Burns,MP Stoinis,6,0,,,,,,"",""
ball,2,12.5,Brisbane Heat,CA Lynn,JA Burns,MP Stoinis,0,0,,,,,,"",""
ball,2,12.6,Brisbane Heat,CA Lynn,JA Burns,MP Stoinis,4,0,,,,,,"",""
ball,2,12.7,Brisbane Heat,CA Lynn,JA Burns,MP Stoinis,4,0,,,,,,"",""
ball,2,13.1,Brisbane Heat,JA Burns,CA Lynn,A Zampa,1,0,,,,,,"",""
ball,2,13.2,Brisbane Heat,CA Lynn,JA Burns,A Zampa,1,0,,,,,,"",""
ball,2,13.3,Brisbane Heat,JA Burns,CA Lynn,A Zampa,4,0,,,,,,"",""
ball,2,13.4,Brisbane Heat,JA Burns,CA Lynn,A Zampa,0,0,,,,,,"",""
ball,2,13.5,Brisbane Heat,JA Burns,CA Lynn,A Zampa,1,0,,,,,,"",""
ball,2,13.6,Brisbane Heat,CA Lynn,JA Burns,A Zampa,1,0,,,,,,"",""
ball,2,14.1,Brisbane Heat,CA Lynn,JA Burns,MA Beer,0,0,,,,,,"",""
ball,2,14.2,Brisbane Heat,CA Lynn,JA Burns,MA Beer,1,0,,,,,,"",""
ball,2,14.3,Brisbane Heat,JA Burns,CA Lynn,MA Beer,1,0,,,,,,"",""
ball,2,14.4,Brisbane Heat,CA Lynn,JA Burns,MA Beer,4,0,,,,,,"",""
