version,1.6.0
info,balls_per_over,6
info,team,Melbourne Stars
info,team,Melbourne Renegades
info,gender,male
info,season,2017/18
info,date,2018/01/06
info,event,Big Bash League
info,match_number,19
info,venue,Melbourne Cricket Ground
info,city,Melbourne
info,toss_winner,Melbourne Renegades
info,toss_decision,field
info,player_of_match,Mohammad Nabi
info,umpire,JD Ward
info,umpire,SAJ Craig
info,reserve_umpire,S Brne
info,tv_umpire,DM Koch
info,match_referee,RL Parry
info,winner,Melbourne Renegades
info,winner_wickets,6
info,player,Melbourne Stars,LJ Wright
info,player,Melbourne Stars,BR Dunk
info,player,Melbourne Stars,KP Pietersen
info,player,Melbourne Stars,GJ Maxwell
info,player,Melbourne Stars,MP Stoinis
info,player,Melbourne Stars,PSP Handscomb
info,player,Melbourne Stars,JP Faulkner
info,player,Melbourne Stars,JW Hastings
info,player,Melbourne Stars,A Zampa
info,player,Melbourne Stars,MA Beer
info,player,Melbourne Stars,JR Coleman
info,player,Melbourne Renegades,MS Harris
info,player,Melbourne Renegades,AJ Finch
info,player,Melbourne Renegades,CL White
info,player,Melbourne Renegades,Mohammad Nabi
info,player,Melbourne Renegades,BJ Hodge
info,player,Melbourne Renegades,DJ Bravo
info,player,Melbourne Renegades,TLW Cooper
info,player,Melbourne Renegades,TP Ludeman
info,player,Melbourne Renegades,JD Wildermuth
info,player,Melbourne Renegades,KW Richardson
info,player,Melbourne Renegades,GB Hogg
info,registry,people,A Zampa,14f96089
info,registry,people,AJ Finch,b8d490fd
info,registry,people,BJ Hodge,b57f8a9a
info,registry,people,BR Dunk,272d796e
info,registry,people,CL White,d0513f63
info,registry,people,DJ Bravo,87e562a9
info,registry,people,DM Koch,6d10c034
info,registry,people,GB Hogg,f708a0bc
info,registry,people,GJ Maxwell,b681e71e
info,registry,people,JD Ward,511299c1
info,registry,people,JD Wildermuth,f1c61793
info,registry,people,JP Faulkner,808f425a
info,registry,people,JR Coleman,de6efa4a
info,registry,people,JW Hastings,012829ff
info,registry,people,KP Pietersen,39f01cdb
info,registry,people,KW Richardson,dfc4d8b5
info,registry,people,LJ Wright,cca50cd6
info,registry,people,MA Beer,f60dc2a5
info,registry,people,MP Stoinis,d9273ee7
info,registry,people,MS Harris,9e85455c
info,registry,people,Mohammad Nabi,62af8546
info,registry,people,PSP Handscomb,ada15e88
info,registry,people,RL Parry,86d151dc
info,registry,people,S Brne,f552dfcb
info,registry,people,SAJ Craig,689f2eed
info,registry,people,TLW Cooper,2318ba22
info,registry,people,TP Ludeman,c3f7898b
ball,1,0.1,Melbourne Stars,LJ Wright,BR Dunk,Mohammad Nabi,0,0,,,,,,"",""
ball,1,0.2,Melbourne Stars,LJ Wright,BR Dunk,Mohammad Nabi,0,0,,,,,,"",""
ball,1,0.3,Melbourne Stars,LJ Wright,BR Dunk,Mohammad Nabi,0,0,,,,,,"",""
ball,1,0.4,Melbourne Stars,LJ Wright,BR Dunk,Mohammad Nabi,1,0,,,,,,"",""
ball,1,0.5,Melbourne Stars,BR Dunk,LJ Wright,Mohammad Nabi,1,0,,,,,,"",""
ball,1,0.6,Melbourne Stars,LJ Wright,BR Dunk,Mohammad Nabi,2,0,,,,,,"",""
ball,1,1.1,Melbourne Stars,BR Dunk,LJ Wright,KW Richardson,4,0,,,,,,"",""
ball,1,1.2,Melbourne Stars,BR Dunk,LJ Wright,KW Richardson,1,0,,,,,,"",""
ball,1,1.3,Melbourne Stars,LJ Wright,BR Dunk,KW Richardson,4,0,,,,,,"",""
ball,1,1.4,Melbourne Stars,LJ Wright,BR Dunk,KW Richardson,1,0,,,,,,"",""
ball,1,1.5,Melbourne Stars,BR Dunk,LJ Wright,KW Richardson,0,0,,,,,,"",""
ball,1,1.6,Melbourne Stars,BR Dunk,LJ Wright,KW Richardson,0,0,,,,,,"",""
ball,1,2.1,Melbourne Stars,LJ Wright,BR Dunk,DJ Bravo,0,0,,,,,,"",""
ball,1,2.2,Melbourne Stars,LJ Wright,BR Dunk,DJ Bravo,4,0,,,,,,"",""
ball,1,2.3,Melbourne Stars,LJ Wright,BR Dunk,DJ Bravo,0,0,,,,,,"",""
ball,1,2.4,Melbourne Stars,LJ Wright,BR Dunk,DJ Bravo,0,0,,,,,,"",""
ball,1,2.5,Melbourne Stars,LJ Wright,BR Dunk,DJ Bravo,0,0,,,,,,"",""
ball,1,2.6,Melbourne Stars,LJ Wright,BR Dunk,DJ Bravo,0,0,,,,,,caught,LJ Wright
ball,1,3.1,Melbourne Stars,KP Pietersen,BR Dunk,JD Wildermuth,0,0,,,,,,"",""
ball,1,3.2,Melbourne Stars,KP Pietersen,BR Dunk,JD Wildermuth,0,0,,,,,,"",""
ball,1,3.3,Melbourne Stars,KP Pietersen,BR Dunk,JD Wildermuth,4,0,,,,,,"",""
ball,1,3.4,Melbourne Stars,KP Pietersen,BR Dunk,JD Wildermuth,0,0,,,,,,"",""
ball,1,3.5,Melbourne Stars,KP Pietersen,BR Dunk,JD Wildermuth,1,0,,,,,,"",""
ball,1,3.6,Melbourne Stars,BR Dunk,KP Pietersen,JD Wildermuth,4,0,,,,,,"",""
ball,1,4.1,Melbourne Stars,KP Pietersen,BR Dunk,Mohammad Nabi,1,0,,,,,,"",""
ball,1,4.2,Melbourne Stars,BR Dunk,KP Pietersen,Mohammad Nabi,0,0,,,,,,"",""
ball,1,4.3,Melbourne Stars,BR Dunk,KP Pietersen,Mohammad Nabi,0,0,,,,,,"",""
ball,1,4.4,Melbourne Stars,BR Dunk,KP Pietersen,Mohammad Nabi,4,0,,,,,,"",""
ball,1,4.5,Melbourne Stars,BR Dunk,KP Pietersen,Mohammad Nabi,1,0,,,,,,"",""
ball,1,4.6,Melbourne Stars,KP Pietersen,BR Dunk,Mohammad Nabi,4,0,,,,,,"",""
ball,1,5.1,Melbourne Stars,BR Dunk,KP Pietersen,KW Richardson,1,0,,,,,,"",""
ball,1,5.2,Melbourne Stars,KP Pietersen,BR Dunk,KW Richardson,1,0,,,,,,"",""
ball,1,5.3,Melbourne Stars,BR Dunk,KP Pietersen,KW Richardson,1,0,,,,,,"",""
ball,1,5.4,Melbourne Stars,KP Pietersen,BR Dunk,KW Richardson,2,0,,,,,,"",""
ball,1,5.5,Melbourne Stars,KP Pietersen,BR Dunk,KW Richardson,4,0,,,,,,"",""
ball,1,5.6,Melbourne Stars,KP Pietersen,BR Dunk,KW Richardson,4,0,,,,,,"",""
ball,1,6.1,Melbourne Stars,BR Dunk,KP Pietersen,GB Hogg,1,0,,,,,,"",""
ball,1,6.2,Melbourne Stars,KP Pietersen,BR Dunk,GB Hogg,0,0,,,,,,"",""
ball,1,6.3,Melbourne Stars,KP Pietersen,BR Dunk,GB Hogg,1,0,,,,,,"",""
ball,1,6.4,Melbourne Stars,BR Dunk,KP Pietersen,GB Hogg,1,0,,,,,,"",""
ball,1,6.5,Melbourne Stars,KP Pietersen,BR Dunk,GB Hogg,0,0,,,,,,"",""
ball,1,6.6,Melbourne Stars,KP Pietersen,BR Dunk,GB Hogg,1,0,,,,,,"",""
ball,1,7.1,Melbourne Stars,KP Pietersen,BR Dunk,JD Wildermuth,0,0,,,,,,"",""
ball,1,7.2,Melbourne Stars,KP Pietersen,BR Dunk,JD Wildermuth,1,0,,,,,,"",""
ball,1,7.3,Melbourne Stars,BR Dunk,KP Pietersen,JD Wildermuth,4,0,,,,,,"",""
ball,1,7.4,Melbourne Stars,BR Dunk,KP Pietersen,JD Wildermuth,0,0,,,,,,"",""
ball,1,7.5,Melbourne Stars,BR Dunk,KP Pietersen,JD Wildermuth,1,0,,,,,,"",""
ball,1,7.6,Melbourne Stars,KP Pietersen,BR Dunk,JD Wildermuth,1,0,,,,,,"",""
ball,1,8.1,Melbourne Stars,KP Pietersen,BR Dunk,GB Hogg,1,0,,,,,,"",""
ball,1,8.2,Melbourne Stars,BR Dunk,KP Pietersen,GB Hogg,6,0,,,,,,"",""
ball,1,8.3,Melbourne Stars,BR Dunk,KP Pietersen,GB Hogg,2,0,,,,,,"",""
ball,1,8.4,Melbourne Stars,BR Dunk,KP Pietersen,GB Hogg,0,0,,,,,,"",""
ball,1,8.5,Melbourne Stars,BR Dunk,KP Pietersen,GB Hogg,1,0,,,,,,"",""
ball,1,8.6,Melbourne Stars,KP Pietersen,BR Dunk,GB Hogg,1,0,,,,,,"",""
ball,1,9.1,Melbourne Stars,KP Pietersen,BR Dunk,DJ Bravo,0,0,,,,,,"",""
ball,1,9.2,Melbourne Stars,KP Pietersen,BR Dunk,DJ Bravo,2,0,,,,,,"",""
ball,1,9.3,Melbourne Stars,KP Pietersen,BR Dunk,DJ Bravo,1,0,,,,,,"",""
ball,1,9.4,Melbourne Stars,BR Dunk,KP Pietersen,DJ Bravo,1,0,,,,,,"",""
ball,1,9.5,Melbourne Stars,KP Pietersen,BR Dunk,DJ Bravo,4,0,,,,,,"",""
ball,1,9.6,Melbourne Stars,KP Pietersen,BR Dunk,DJ Bravo,2,0,,,,,,"",""
ball,1,10.1,Melbourne Stars,BR Dunk,KP Pietersen,Mohammad Nabi,3,0,,,,,,"",""
ball,1,10.2,Melbourne Stars,KP Pietersen,BR Dunk,Mohammad Nabi,0,0,,,,,,"",""
ball,1,10.3,Melbourne Stars,KP Pietersen,BR Dunk,Mohammad Nabi,0,0,,,,,,"",""
ball,1,10.4,Melbourne Stars,KP Pietersen,BR Dunk,Mohammad Nabi,0,0,,,,,,"",""
ball,1,10.5,Melbourne Stars,KP Pietersen,BR Dunk,Mohammad Nabi,4,0,,,,,,"",""
ball,1,10.6,Melbourne Stars,KP Pietersen,BR Dunk,Mohammad Nabi,0,0,,,,,,caught,KP Pietersen
ball,1,11.1,Melbourne Stars,BR Dunk,GJ Maxwell,JD Wildermuth,1,0,,,,,,"",""
ball,1,11.2,Melbourne Stars,GJ Maxwell,BR Dunk,JD Wildermuth,2,0,,,,,,"",""
ball,1,11.3,Melbourne Stars,GJ Maxwell,BR Dunk,JD Wildermuth,0,0,,,,,,"",""
ball,1,11.4,Melbourne Stars,GJ Maxwell,BR Dunk,JD Wildermuth,0,0,,,,,,"",""
ball,1,11.5,Melbourne Stars,GJ Maxwell,BR Dunk,JD Wildermuth,1,0,,,,,,"",""
ball,1,11.6,Melbourne Stars,BR Dunk,GJ Maxwell,JD Wildermuth,1,0,,,,,,"",""
ball,1,12.1,Melbourne Stars,BR Dunk,GJ Maxwell,GB Hogg,1,0,,,,,,"",""
ball,1,12.2,Melbourne Stars,GJ Maxwell,BR Dunk,GB Hogg,2,0,,,,,,"",""
ball,1,12.3,Melbourne Stars,GJ Maxwell,BR Dunk,GB Hogg,1,0,,,,,,"",""
ball,1,12.4,Melbourne Stars,BR Dunk,GJ Maxwell,GB Hogg,2,0,,,,,,"",""
ball,1,12.5,Melbourne Stars,BR Dunk,GJ Maxwell,GB Hogg,4,0,,,,,,"",""
ball,1,12.6,Melbourne Stars,BR Dunk,GJ Maxwell,GB Hogg,1,0,,,,,,"",""
ball,1,13.1,Melbourne Stars,BR Dunk,GJ Maxwell,JD Wildermuth,0,1,1,,,,,"",""
ball,1,13.2,Melbourne Stars,BR Dunk,GJ Maxwell,JD Wildermuth,0,0,,,,,,caught,BR Dunk
ball,1,13.3,Melbourne Stars,MP Stoinis,GJ Maxwell,JD Wildermuth,4,0,,,,,,"",""
ball,1,13.4,Melbourne Stars,MP Stoinis,GJ Maxwell,JD Wildermuth,1,0,,,,,,"",""
ball,1,13.5,Melbourne Stars,GJ Maxwell,MP Stoinis,JD Wildermuth,1,0,,,,,,"",""
ball,1,13.6,Melbourne Stars,MP Stoinis,GJ Maxwell,JD Wildermuth,0,0,,,,,,"",""
ball,1,13.7,Melbourne Stars,MP Stoinis,GJ Maxwell,JD Wildermuth,0,0,,,,,,"",""
ball,1,14.1,Melbourne Stars,GJ Maxwell,MP Stoinis,Mohammad Nabi,2,0,,,,,,"",""
ball,1,14.2,Melbourne Stars,GJ Maxwell,MP Stoinis,Mohammad Nabi,0,0,,,,,,"",""
ball,1,14.3,Melbourne Stars,GJ Maxwell,MP Stoinis,Mohammad Nabi,1,0,,,,,,"",""
ball,1,14.4,Melbourne Stars,MP Stoinis,GJ Maxwell,Mohammad Nabi,1,0,,,,,,"",""
ball,1,14.5,Melbourne Stars,GJ Maxwell,MP Stoinis,Mohammad Nabi,1,0,,,,,,"",""
ball,1,14.6,Melbourne Stars,MP Stoinis,GJ Maxwell,Mohammad Nabi,1,0,,,,,,"",""
ball,1,15.1,Melbourne Stars,MP Stoinis,GJ Maxwell,DJ Bravo,0,0,,,,,,"",""
ball,1,15.2,Melbourne Stars,MP Stoinis,GJ Maxwell,DJ Bravo,2,0,,,,,,"",""
ball,1,15.3,Melbourne Stars,MP Stoinis,GJ Maxwell,DJ Bravo,1,0,,,,,,"",""
ball,1,15.4,Melbourne Stars,GJ Maxwell,MP Stoinis,DJ Bravo,1,0,,,,,,"",""
ball,1,15.5,Melbourne Stars,MP Stoinis,GJ Maxwell,DJ Bravo,1,0,,,,,,"",""
ball,1,15.6,Melbourne Stars,GJ Maxwell,MP Stoinis,DJ Bravo,4,0,,,,,,"",""
ball,1,16.1,Melbourne Stars,MP Stoinis,GJ Maxwell,GB Hogg,1,0,,,,,,"",""
ball,1,16.2,Melbourne Stars,GJ Maxwell,MP Stoinis,GB Hogg,1,0,,,,,,"",""
ball,1,16.3,Melbourne Stars,MP Stoinis,GJ Maxwell,GB Hogg,0,0,,,,,,"",""
ball,1,16.4,Melbourne Stars,MP Stoinis,GJ Maxwell,GB Hogg,2,0,,,,,,"",""
ball,1,16.5,Melbourne Stars,MP Stoinis,GJ Maxwell,GB Hogg,0,0,,,,,,"",""
ball,1,16.6,Melbourne Stars,MP Stoinis,GJ Maxwell,GB Hogg,2,0,,,,,,"",""
ball,1,17.1,Melbourne Stars,GJ Maxwell,MP Stoinis,KW Richardson,2,0,,,,,,"",""
ball,1,17.2,Melbourne Stars,GJ Maxwell,MP Stoinis,KW Richardson,2,0,,,,,,"",""
ball,1,17.3,Melbourne Stars,GJ Maxwell,MP Stoinis,KW Richardson,1,0,,,,,,"",""
ball,1,17.4,Melbourne Stars,MP Stoinis,GJ Maxwell,KW Richardson,2,0,,,,,,"",""
ball,1,17.5,Melbourne Stars,MP Stoinis,GJ Maxwell,KW Richardson,0,0,,,,,,"",""
ball,1,17.6,Melbourne Stars,MP Stoinis,GJ Maxwell,KW Richardson,1,0,,,,,,"",""
ball,1,18.1,Melbourne Stars,MP Stoinis,GJ Maxwell,DJ Bravo,2,0,,,,,,"",""
ball,1,18.2,Melbourne Stars,MP Stoinis,GJ Maxwell,DJ Bravo,0,0,,,,,,"",""
ball,1,18.3,Melbourne Stars,MP Stoinis,GJ Maxwell,DJ Bravo,1,0,,,,,,"",""
ball,1,18.4,Melbourne Stars,GJ Maxwell,MP Stoinis,DJ Bravo,4,0,,,,,,"",""
ball,1,18.5,Melbourne Stars,GJ Maxwell,MP Stoinis,DJ Bravo,1,0,,,,,,"",""
ball,1,18.6,Melbourne Stars,MP Stoinis,GJ Maxwell,DJ Bravo,0,0,,,,,,"",""
ball,1,19.1,Melbourne Stars,GJ Maxwell,MP Stoinis,KW Richardson,1,0,,,,,,"",""
ball,1,19.2,Melbourne Stars,MP Stoinis,GJ Maxwell,KW Richardson,1,0,,,,,,"",""
ball,1,19.3,Melbourne Stars,GJ Maxwell,MP Stoinis,KW Richardson,1,0,,,,,,"",""
ball,1,19.4,Melbourne Stars,MP Stoinis,GJ Maxwell,KW Richardson,1,0,,,,,,"",""
ball,1,19.5,Melbourne Stars,GJ Maxwell,MP Stoinis,KW Richardson,4,0,,,,,,"",""
ball,1,19.6,Melbourne Stars,GJ Maxwell,MP Stoinis,KW Richardson,0,0,,,,,,bowled,GJ Maxwell
ball,2,0.1,Melbourne Renegades,MS Harris,AJ Finch,JR Coleman,0,0,,,,,,"",""
ball,2,0.2,Melbourne Renegades,MS Harris,AJ Finch,JR Coleman,0,0,,,,,,"",""
ball,2,0.3,Melbourne Renegades,MS Harris,AJ Finch,JR Coleman,0,0,,,,,,"",""
ball,2,0.4,Melbourne Renegades,MS Harris,AJ Finch,JR Coleman,4,0,,,,,,"",""
ball,2,0.5,Melbourne Renegades,MS Harris,AJ Finch,JR Coleman,1,0,,,,,,"",""
ball,2,0.6,Melbourne Renegades,AJ Finch,MS Harris,JR Coleman,4,0,,,,,,"",""
ball,2,1.1,Melbourne Renegades,MS Harris,AJ Finch,MA Beer,1,0,,,,,,"",""
ball,2,1.2,Melbourne Renegades,AJ Finch,MS Harris,MA Beer,4,0,,,,,,"",""
ball,2,1.3,Melbourne Renegades,AJ Finch,MS Harris,MA Beer,4,0,,,,,,"",""
ball,2,1.4,Melbourne Renegades,AJ Finch,MS Harris,MA Beer,6,0,,,,,,"",""
ball,2,1.5,Melbourne Renegades,AJ Finch,MS Harris,MA Beer,4,0,,,,,,"",""
ball,2,1.6,Melbourne Renegades,AJ Finch,MS Harris,MA Beer,4,0,,,,,,"",""
ball,2,2.1,Melbourne Renegades,MS Harris,AJ Finch,JR Coleman,1,0,,,,,,"",""
ball,2,2.2,Melbourne Renegades,AJ Finch,MS Harris,JR Coleman,0,0,,,,,,"",""
ball,2,2.3,Melbourne Renegades,AJ Finch,MS Harris,JR Coleman,0,0,,,,,,"",""
ball,2,2.4,Melbourne Renegades,AJ Finch,MS Harris,JR Coleman,0,0,,,,,,"",""
ball,2,2.5,Melbourne Renegades,AJ Finch,MS Harris,JR Coleman,1,0,,,,,,"",""
ball,2,2.6,Melbourne Renegades,MS Harris,AJ Finch,JR Coleman,0,0,,,,,,"",""
ball,2,3.1,Melbourne Renegades,AJ Finch,MS Harris,MP Stoinis,4,0,,,,,,"",""
ball,2,3.2,Melbourne Renegades,AJ Finch,MS Harris,MP Stoinis,2,0,,,,,,"",""
ball,2,3.3,Melbourne Renegades,AJ Finch,MS Harris,MP Stoinis,1,0,,,,,,"",""
ball,2,3.4,Melbourne Renegades,MS Harris,AJ Finch,MP Stoinis,0,0,,,,,,"",""
ball,2,3.5,Melbourne Renegades,MS Harris,AJ Finch,MP Stoinis,0,1,,1,,,,"",""
ball,2,3.6,Melbourne Renegades,MS Harris,AJ Finch,MP Stoinis,0,0,,,,,,"",""
ball,2,3.7,Melbourne Renegades,MS Harris,AJ Finch,MP Stoinis,1,0,,,,,,"",""
ball,2,4.1,Melbourne Renegades,MS Harris,AJ Finch,JR Coleman,0,0,,,,,,caught,MS Harris
ball,2,4.2,Melbourne Renegades,CL White,AJ Finch,JR Coleman,0,0,,,,,,"",""
ball,2,4.3,Melbourne Renegades,CL White,AJ Finch,JR Coleman,4,0,,,,,,"",""
ball,2,4.4,Melbourne Renegades,CL White,AJ Finch,JR Coleman,0,0,,,,,,"",""
ball,2,4.5,Melbourne Renegades,CL White,AJ Finch,JR Coleman,1,0,,,,,,"",""
ball,2,4.6,Melbourne Renegades,AJ Finch,CL White,JR Coleman,0,0,,,,,,"",""
ball,2,5.1,Melbourne Renegades,CL White,AJ Finch,MP Stoinis,0,0,,,,,,"",""
ball,2,5.2,Melbourne Renegades,CL White,AJ Finch,MP Stoinis,0,0,,,,,,"",""
ball,2,5.3,Melbourne Renegades,CL White,AJ Finch,MP Stoinis,3,0,,,,,,"",""
ball,2,5.4,Melbourne Renegades,AJ Finch,CL White,MP Stoinis,0,1,1,,,,,"",""
ball,2,5.5,Melbourne Renegades,AJ Finch,CL White,MP Stoinis,4,0,,,,,,"",""
ball,2,5.6,Melbourne Renegades,AJ Finch,CL White,MP Stoinis,1,0,,,,,,"",""
ball,2,5.7,Melbourne Renegades,CL White,AJ Finch,MP Stoinis,1,0,,,,,,"",""
ball,2,6.1,Melbourne Renegades,CL White,AJ Finch,JW Hastings,0,0,,,,,,"",""
ball,2,6.2,Melbourne Renegades,CL White,AJ Finch,JW Hastings,2,0,,,,,,"",""
ball,2,6.3,Melbourne Renegades,CL White,AJ Finch,JW Hastings,1,0,,,,,,"",""
ball,2,6.4,Melbourne Renegades,AJ Finch,CL White,JW Hastings,0,4,,,,4,,"",""
ball,2,6.5,Melbourne Renegades,AJ Finch,CL White,JW Hastings,2,0,,,,,,"",""
ball,2,6.6,Melbourne Renegades,AJ Finch,CL White,JW Hastings,0,0,,,,,,"",""
ball,2,7.1,Melbourne Renegades,CL White,AJ Finch,A Zampa,1,0,,,,,,"",""
ball,2,7.2,Melbourne Renegades,AJ Finch,CL White,A Zampa,1,0,,,,,,"",""
ball,2,7.3,Melbourne Renegades,CL White,AJ Finch,A Zampa,1,0,,,,,,"",""
ball,2,7.4,Melbourne Renegades,AJ Finch,CL White,A Zampa,1,0,,,,,,"",""
ball,2,7.5,Melbourne Renegades,CL White,AJ Finch,A Zampa,1,0,,,,,,"",""
ball,2,7.6,Melbourne Renegades,AJ Finch,CL White,A Zampa,0,0,,,,,,bowled,AJ Finch
ball,2,8.1,Melbourne Renegades,CL White,Mohammad Nabi,JW Hastings,0,0,,,,,,"",""
ball,2,8.2,Melbourne Renegades,CL White,Mohammad Nabi,JW Hastings,1,0,,,,,,"",""
ball,2,8.3,Melbourne Renegades,Mohammad Nabi,CL White,JW Hastings,0,1,1,,,,,"",""
ball,2,8.4,Melbourne Renegades,Mohammad Nabi,CL White,JW Hastings,1,0,,,,,,"",""
ball,2,8.5,Melbourne Renegades,CL White,Mohammad Nabi,JW Hastings,1,0,,,,,,"",""
ball,2,8.6,Melbourne Renegades,Mohammad Nabi,CL White,JW Hastings,2,0,,,,,,"",""
ball,2,8.7,Melbourne Renegades,Mohammad Nabi,CL White,JW Hastings,0,1,1,,,,,"",""
ball,2,8.8,Melbourne Renegades,Mohammad Nabi,CL White,JW Hastings,1,0,,,,,,"",""
ball,2,9.1,Melbourne Renegades,Mohammad Nabi,CL White,A Zampa,2,0,,,,,,"",""
ball,2,9.2,Melbourne Renegades,Mohammad Nabi,CL White,A Zampa,1,0,,,,,,"",""
ball,2,9.3,Melbourne Renegades,CL White,Mohammad Nabi,A Zampa,1,0,,,,,,"",""
ball,2,9.4,Melbourne Renegades,Mohammad Nabi,CL White,A Zampa,6,0,,,,,,"",""
ball,2,9.5,Melbourne Renegades,Mohammad Nabi,CL White,A Zampa,6,0,,,,,,"",""
ball,2,9.6,Melbourne Renegades,Mohammad Nabi,CL White,A Zampa,0,0,,,,,,"",""
ball,2,10.1,Melbourne Renegades,CL White,Mohammad Nabi,JR Coleman,1,0,,,,,,"",""
ball,2,10.2,Melbourne Renegades,Mohammad Nabi,CL White,JR Coleman,0,1,1,,,,,"",""
ball,2,10.3,Melbourne Renegades,Mohammad Nabi,CL White,JR Coleman,0,0,,,,,,"",""
ball,2,10.4,Melbourne Renegades,Mohammad Nabi,CL White,JR Coleman,0,0,,,,,,"",""
ball,2,10.5,Melbourne Renegades,Mohammad Nabi,CL White,JR Coleman,2,0,,,,,,"",""
ball,2,10.6,Melbourne Renegades,Mohammad Nabi,CL White,JR Coleman,1,0,,,,,,"",""
ball,2,10.7,Melbourne Renegades,CL White,Mohammad Nabi,JR Coleman,1,0,,,,,,"",""
ball,2,11.1,Melbourne Renegades,CL White,Mohammad Nabi,MP Stoinis,1,0,,,,,,"",""
ball,2,11.2,Melbourne Renegades,Mohammad Nabi,CL White,MP Stoinis,2,0,,,,,,"",""
ball,2,11.3,Melbourne Renegades,Mohammad Nabi,CL White,MP Stoinis,0,0,,,,,,"",""
ball,2,11.4,Melbourne Renegades,Mohammad Nabi,CL White,MP Stoinis,4,0,,,,,,"",""
ball,2,11.5,Melbourne Renegades,Mohammad Nabi,CL White,MP Stoinis,1,0,,,,,,"",""
ball,2,11.6,Melbourne Renegades,CL White,Mohammad Nabi,MP Stoinis,1,0,,,,,,"",""
ball,2,12.1,Melbourne Renegades,CL White,Mohammad Nabi,JP Faulkner,4,0,,,,,,"",""
ball,2,12.2,Melbourne Renegades,CL White,Mohammad Nabi,JP Faulkner,0,0,,,,,,"",""
ball,2,12.3,Melbourne Renegades,CL White,Mohammad Nabi,JP Faulkner,1,0,,,,,,"",""
ball,2,12.4,Melbourne Renegades,Mohammad Nabi,CL White,JP Faulkner,2,0,,,,,,"",""
ball,2,12.5,Melbourne Renegades,Mohammad Nabi,CL White,JP Faulkner,0,0,,,,,,"",""
ball,2,12.6,Melbourne Renegades,Mohammad Nabi,CL White,JP Faulkner,1,0,,,,,,"",""
ball,2,13.1,Melbourne Renegades,Mohammad Nabi,CL White,GJ Maxwell,0,0,,,,,,"",""
ball,2,13.2,Melbourne Renegades,Mohammad Nabi,CL White,GJ Maxwell,1,0,,,,,,"",""
ball,2,13.3,Melbourne Renegades,CL White,Mohammad Nabi,GJ Maxwell,1,0,,,,,,"",""
ball,2,13.4,Melbourne Renegades,Mohammad Nabi,CL White,GJ Maxwell,1,0,,,,,,"",""
ball,2,13.5,Melbourne Renegades,CL White,Mohammad Nabi,GJ Maxwell,1,0,,,,,,"",""
ball,2,13.6,Melbourne Renegades,Mohammad Nabi,CL White,GJ Maxwell,6,0,,,,,,"",""
ball,2,14.1,Melbourne Renegades,CL White,Mohammad Nabi,JP Faulkner,1,0,,,,,,"",""
ball,2,14.2,Melbourne Renegades,Mohammad Nabi,CL White,JP Faulkner,4,1,,1,,,,"",""
ball,2,14.3,Melbourne Renegades,Mohammad Nabi,CL White,JP Faulkner,2,0,,,,,,"",""
ball,2,14.4,Melbourne Renegades,Mohammad Nabi,CL White,JP Faulkner,2,0,,,,,,"",""
ball,2,14.5,Melbourne Renegades,Mohammad Nabi,CL White,JP Faulkner,2,0,,,,,,"",""
ball,2,14.6,Melbourne Renegades,Mohammad Nabi,CL White,JP Faulkner,1,0,,,,,,"",""
ball,2,14.7,Melbourne Renegades,CL White,Mohammad Nabi,JP Faulkner,0,0,,,,,,"",""
ball,2,15.1,Melbourne Renegades,Mohammad Nabi,CL White,JW Hastings,1,0,,,,,,"",""
ball,2,15.2,Melbourne Renegades,CL White,Mohammad Nabi,JW Hastings,0,0,,,,,,"",""
ball,2,15.3,Melbourne Renegades,CL White,Mohammad Nabi,JW Hastings,0,0,,,,,,"",""
ball,2,15.4,Melbourne Renegades,CL White,Mohammad Nabi,JW Hastings,1,0,,,,,,"",""
ball,2,15.5,Melbourne Renegades,Mohammad Nabi,CL White,JW Hastings,0,0,,,,,,caught,Mohammad Nabi
ball,2,15.6,Melbourne Renegades,BJ Hodge,CL White,JW Hastings,1,0,,,,,,"",""
ball,2,16.1,Melbourne Renegades,BJ Hodge,CL White,A Zampa,1,0,,,,,,"",""
ball,2,16.2,Melbourne Renegades,CL White,BJ Hodge,A Zampa,1,0,,,,,,"",""
ball,2,16.3,Melbourne Renegades,BJ Hodge,CL White,A Zampa,1,0,,,,,,"",""
ball,2,16.4,Melbourne Renegades,CL White,BJ Hodge,A Zampa,0,1,,,,1,,"",""
ball,2,16.5,Melbourne Renegades,BJ Hodge,CL White,A Zampa,1,0,,,,,,"",""
ball,2,16.6,Melbourne Renegades,CL White,BJ Hodge,A Zampa,1,0,,,,,,"",""
ball,2,17.1,Melbourne Renegades,CL White,BJ Hodge,JW Hastings,1,0,,,,,,"",""
ball,2,17.2,Melbourne Renegades,BJ Hodge,CL White,JW Hastings,0,0,,,,,,caught,BJ Hodge
ball,2,17.3,Melbourne Renegades,CL White,DJ Bravo,JW Hastings,1,0,,,,,,"",""
ball,2,17.4,Melbourne Renegades,DJ Bravo,CL White,JW Hastings,0,0,,,,,,"",""
ball,2,17.5,Melbourne Renegades,DJ Bravo,CL White,JW Hastings,6,0,,,,,,"",""
