version,1.6.0
info,balls_per_over,6
info,team,Melbourne Stars
info,team,Sydney Sixers
info,gender,male
info,season,2017/18
info,date,2018/01/16
info,event,Big Bash League
info,match_number,30
info,venue,Melbourne Cricket Ground
info,city,Melbourne
info,toss_winner,Sydney Sixers
info,toss_decision,field
info,player_of_match,NM Lyon
info,umpire,JD Ward
info,umpire,SAJ Craig
info,reserve_umpire,S Brne
info,tv_umpire,DM Koch
info,match_referee,SR Bernard
info,winner,Sydney Sixers
info,winner_wickets,8
info,player,Melbourne Stars,LJ Wright
info,player,Melbourne Stars,BR Dunk
info,player,Melbourne Stars,KP Pietersen
info,player,Melbourne Stars,GJ Maxwell
info,player,Melbourne Stars,PSP Handscomb
info,player,Melbourne Stars,JP Faulkner
info,player,Melbourne Stars,EP Gulbis
info,player,Melbourne Stars,JW Hastings
info,player,Melbourne Stars,JR Coleman
info,player,Melbourne Stars,DJ Worrall
info,player,Melbourne Stars,D Fallins
info,player,Sydney Sixers,JL Denly
info,player,Sydney Sixers,DP Hughes
info,player,Sydney Sixers,NJ Maddinson
info,player,Sydney Sixers,MC Henriques
info,player,Sydney Sixers,JC Silk
info,player,Sydney Sixers,CR Brathwaite
info,player,Sydney Sixers,J Botha
info,player,Sydney Sixers,PM Nevill
info,player,Sydney Sixers,SA Abbott
info,player,Sydney Sixers,BJ Dwarshuis
info,player,Sydney Sixers,NM Lyon
info,registry,people,BJ Dwarshuis,e1b9f3a9
info,registry,people,BR Dunk,272d796e
info,registry,people,CR Brathwaite,e342e5fb
info,registry,people,D Fallins,46fca863
info,registry,people,DJ Worrall,208f22ea
info,registry,people,DM Koch,6d10c034
info,registry,people,DP Hughes,f3982af9
info,registry,people,EP Gulbis,bbce4647
info,registry,people,GJ Maxwell,b681e71e
info,registry,people,J Botha,7c503806
info,registry,people,JC Silk,7a6dc294
info,registry,people,JD Ward,511299c1
info,registry,people,JL Denly,bdadf7da
info,registry,people,JP Faulkner,808f425a
info,registry,people,JR Coleman,de6efa4a
info,registry,people,JW Hastings,012829ff
info,registry,people,KP Pietersen,39f01cdb
info,registry,people,LJ Wright,cca50cd6
info,registry,people,MC Henriques,32198ae0
info,registry,people,NJ Maddinson,44afbf2d
info,registry,people,NM Lyon,96a6a7ad
info,registry,people,PM Nevill,a22fb7b5
info,registry,people,PSP Handscomb,ada15e88
info,registry,people,S Brne,f552dfcb
info,registry,people,SA Abbott,1a2676c5
info,registry,people,SAJ Craig,689f2eed
info,registry,people,SR Bernard,800187dc
ball,1,0.1,Melbourne Stars,LJ Wright,BR Dunk,BJ Dwarshuis,0,1,1,,,,,"",""
ball,1,0.2,Melbourne Stars,LJ Wright,BR Dunk,BJ Dwarshuis,0,0,,,,,,"",""
ball,1,0.3,Melbourne Stars,LJ Wright,BR Dunk,BJ Dwarshuis,0,0,,,,,,"",""
ball,1,0.4,Melbourne Stars,LJ Wright,BR Dunk,BJ Dwarshuis,0,0,,,,,,"",""
ball,1,0.5,Melbourne Stars,LJ Wright,BR Dunk,BJ Dwarshuis,0,1,,,,1,,"",""
ball,1,0.6,Melbourne Stars,BR Dunk,LJ Wright,BJ Dwarshuis,0,0,,,,,,"",""
ball,1,0.7,Melbourne Stars,BR Dunk,LJ Wright,BJ Dwarshuis,0,0,,,,,,"",""
ball,1,1.1,Melbourne Stars,LJ Wright,BR Dunk,J Botha,2,0,,,,,,"",""
ball,1,1.2,Melbourne Stars,LJ Wright,BR Dunk,J Botha,1,0,,,,,,"",""
ball,1,1.3,Melbourne Stars,BR Dunk,LJ Wright,J Botha,4,0,,,,,,"",""
ball,1,1.4,Melbourne Stars,BR Dunk,LJ Wright,J Botha,0,0,,,,,,"",""
ball,1,1.5,Melbourne Stars,BR Dunk,LJ Wright,J Botha,2,0,,,,,,"",""
ball,1,1.6,Melbourne Stars,BR Dunk,LJ Wright,J Botha,0,0,,,,,,"",""
ball,1,2.1,Melbourne Stars,LJ Wright,BR Dunk,BJ Dwarshuis,0,0,,,,,,"",""
ball,1,2.2,Melbourne Stars,LJ Wright,BR Dunk,BJ Dwarshuis,0,0,,,,,,"",""
ball,1,2.3,Melbourne Stars,LJ Wright,BR Dunk,BJ Dwarshuis,1,0,,,,,,"",""
ball,1,2.4,Melbourne Stars,BR Dunk,LJ Wright,BJ Dwarshuis,0,0,,,,,,"",""
ball,1,2.5,Melbourne Stars,BR Dunk,LJ Wright,BJ Dwarshuis,0,0,,,,,,"",""
ball,1,2.6,Melbourne Stars,BR Dunk,LJ Wright,BJ Dwarshuis,0,0,,,,,,"",""
ball,1,3.1,Melbourne Stars,LJ Wright,BR Dunk,SA Abbott,2,0,,,,,,"",""
ball,1,3.2,Melbourne Stars,LJ Wright,BR Dunk,SA Abbott,1,0,,,,,,"",""
ball,1,3.3,Melbourne Stars,BR Dunk,LJ Wright,SA Abbott,0,0,,,,,,"",""
ball,1,3.4,Melbourne Stars,BR Dunk,LJ Wright,SA Abbott,1,0,,,,,,"",""
ball,1,3.5,Melbourne Stars,LJ Wright,BR Dunk,SA Abbott,4,0,,,,,,"",""
ball,1,3.6,Melbourne Stars,LJ Wright,BR Dunk,SA Abbott,0,0,,,,,,caught,LJ Wright
ball,1,4.1,Melbourne Stars,KP Pietersen,BR Dunk,CR Brathwaite,0,0,,,,,,"",""
ball,1,4.2,Melbourne Stars,KP Pietersen,BR Dunk,CR Brathwaite,0,0,,,,,,"",""
ball,1,4.3,Melbourne Stars,KP Pietersen,BR Dunk,CR Brathwaite,4,0,,,,,,"",""
ball,1,4.4,Melbourne Stars,KP Pietersen,BR Dunk,CR Brathwaite,0,0,,,,,,"",""
ball,1,4.5,Melbourne Stars,KP Pietersen,BR Dunk,CR Brathwaite,0,2,,,,2,,"",""
ball,1,4.6,Melbourne Stars,KP Pietersen,BR Dunk,CR Brathwaite,1,0,,,,,,"",""
ball,1,5.1,Melbourne Stars,KP Pietersen,BR Dunk,NM Lyon,4,0,,,,,,"",""
ball,1,5.2,Melbourne Stars,KP Pietersen,BR Dunk,NM Lyon,0,0,,,,,,caught,KP Pietersen
ball,1,5.3,Melbourne Stars,BR Dunk,GJ Maxwell,NM Lyon,0,0,,,,,,caught,BR Dunk
ball,1,5.4,Melbourne Stars,PSP Handscomb,GJ Maxwell,NM Lyon,0,0,,,,,,"",""
ball,1,5.5,Melbourne Stars,PSP Handscomb,GJ Maxwell,NM Lyon,0,0,,,,,,"",""
ball,1,5.6,Melbourne Stars,PSP Handscomb,GJ Maxwell,NM Lyon,0,0,,,,,,"",""
ball,1,6.1,Melbourne Stars,GJ Maxwell,PSP Handscomb,CR Brathwaite,0,0,,,,,,"",""
ball,1,6.2,Melbourne Stars,GJ Maxwell,PSP Handscomb,CR Brathwaite,0,0,,,,,,"",""
ball,1,6.3,Melbourne Stars,GJ Maxwell,PSP Handscomb,CR Brathwaite,2,0,,,,,,"",""
ball,1,6.4,Melbourne Stars,GJ Maxwell,PSP Handscomb,CR Brathwaite,0,1,1,,,,,"",""
ball,1,6.5,Melbourne Stars,GJ Maxwell,PSP Handscomb,CR Brathwaite,6,0,,,,,,"",""
ball,1,6.6,Melbourne Stars,GJ Maxwell,PSP Handscomb,CR Brathwaite,4,0,,,,,,"",""
ball,1,6.7,Melbourne Stars,GJ Maxwell,PSP Handscomb,CR Brathwaite,1,0,,,,,,"",""
ball,1,7.1,Melbourne Stars,GJ Maxwell,PSP Handscomb,NM Lyon,0,0,,,,,,"",""
ball,1,7.2,Melbourne Stars,GJ Maxwell,PSP Handscomb,NM Lyon,0,2,,,,2,,"",""
ball,1,7.3,Melbourne Stars,GJ Maxwell,PSP Handscomb,NM Lyon,1,0,,,,,,"",""
ball,1,7.4,Melbourne Stars,PSP Handscomb,GJ Maxwell,NM Lyon,0,0,,,,,,"",""
ball,1,7.5,Melbourne Stars,PSP Handscomb,GJ Maxwell,NM Lyon,3,0,,,,,,"",""
ball,1,7.6,Melbourne Stars,GJ Maxwell,PSP Handscomb,NM Lyon,0,0,,,,,,"",""
ball,1,8.1,Melbourne Stars,PSP Handscomb,GJ Maxwell,SA Abbott,0,0,,,,,,"",""
ball,1,8.2,Melbourne Stars,PSP Handscomb,GJ Maxwell,SA Abbott,0,0,,,,,,"",""
ball,1,8.3,Melbourne Stars,PSP Handscomb,GJ Maxwell,SA Abbott,2,0,,,,,,"",""
ball,1,8.4,Melbourne Stars,PSP Handscomb,GJ Maxwell,SA Abbott,1,0,,,,,,"",""
ball,1,8.5,Melbourne Stars,GJ Maxwell,PSP Handscomb,SA Abbott,1,0,,,,,,"",""
ball,1,8.6,Melbourne Stars,PSP Handscomb,GJ Maxwell,SA Abbott,1,0,,,,,,"",""
ball,1,9.1,Melbourne Stars,PSP Handscomb,GJ Maxwell,J Botha,1,0,,,,,,"",""
ball,1,9.2,Melbourne Stars,GJ Maxwell,PSP Handscomb,J Botha,1,0,,,,,,"",""
ball,1,9.3,Melbourne Stars,PSP Handscomb,GJ Maxwell,J Botha,4,0,,,,,,"",""
ball,1,9.4,Melbourne Stars,PSP Handscomb,GJ Maxwell,J Botha,0,0,,,,,,"",""
ball,1,9.5,Melbourne Stars,PSP Handscomb,GJ Maxwell,J Botha,0,0,,,,,,"",""
ball,1,9.6,Melbourne Stars,PSP Handscomb,GJ Maxwell,J Botha,2,0,,,,,,"",""
ball,1,10.1,Melbourne Stars,GJ Maxwell,PSP Handscomb,SA Abbott,6,0,,,,,,"",""
ball,1,10.2,Melbourne Stars,GJ Maxwell,PSP Handscomb,SA Abbott,0,0,,,,,,"",""
ball,1,10.3,Melbourne Stars,GJ Maxwell,PSP Handscomb,SA Abbott,6,0,,,,,,"",""
ball,1,10.4,Melbourne Stars,GJ Maxwell,PSP Handscomb,SA Abbott,0,0,,,,,,caught,GJ Maxwell
ball,1,10.5,Melbourne Stars,JP Faulkner,PSP Handscomb,SA Abbott,0,0,,,,,,"",""
ball,1,10.6,Melbourne Stars,JP Faulkner,PSP Handscomb,SA Abbott,1,0,,,,,,"",""
ball,1,11.1,Melbourne Stars,JP Faulkner,PSP Handscomb,NM Lyon,1,0,,,,,,"",""
ball,1,11.2,Melbourne Stars,PSP Handscomb,JP Faulkner,NM Lyon,0,0,,,,,,caught,PSP Handscomb
ball,1,11.3,Melbourne Stars,JP Faulkner,EP Gulbis,NM Lyon,1,0,,,,,,"",""
ball,1,11.4,Melbourne Stars,EP Gulbis,JP Faulkner,NM Lyon,0,0,,,,,,"",""
ball,1,11.5,Melbourne Stars,EP Gulbis,JP Faulkner,NM Lyon,0,0,,,,,,"",""
ball,1,11.6,Melbourne Stars,EP Gulbis,JP Faulkner,NM Lyon,0,0,,,,,,"",""
ball,1,12.1,Melbourne Stars,JP Faulkner,EP Gulbis,JL Denly,0,0,,,,,,"",""
ball,1,12.2,Melbourne Stars,JP Faulkner,EP Gulbis,JL Denly,1,0,,,,,,"",""
ball,1,12.3,Melbourne Stars,EP Gulbis,JP Faulkner,JL Denly,1,0,,,,,,"",""
ball,1,12.4,Melbourne Stars,JP Faulkner,EP Gulbis,JL Denly,1,0,,,,,,"",""
ball,1,12.5,Melbourne Stars,EP Gulbis,JP Faulkner,JL Denly,1,0,,,,,,"",""
ball,1,12.6,Melbourne Stars,JP Faulkner,EP Gulbis,JL Denly,0,0,,,,,,"",""
ball,1,13.1,Melbourne Stars,EP Gulbis,JP Faulkner,J Botha,0,0,,,,,,"",""
ball,1,13.2,Melbourne Stars,EP Gulbis,JP Faulkner,J Botha,0,0,,,,,,"",""
ball,1,13.3,Melbourne Stars,EP Gulbis,JP Faulkner,J Botha,0,0,,,,,,"",""
ball,1,13.4,Melbourne Stars,EP Gulbis,JP Faulkner,J Botha,2,0,,,,,,"",""
ball,1,13.5,Melbourne Stars,EP Gulbis,JP Faulkner,J Botha,0,0,,,,,,"",""
ball,1,13.6,Melbourne Stars,EP Gulbis,JP Faulkner,J Botha,1,0,,,,,,"",""
ball,1,14.1,Melbourne Stars,EP Gulbis,JP Faulkner,SA Abbott,1,0,,,,,,"",""
ball,1,14.2,Melbourne Stars,JP Faulkner,EP Gulbis,SA Abbott,0,0,,,,,,"",""
ball,1,14.3,Melbourne Stars,JP Faulkner,EP Gulbis,SA Abbott,1,0,,,,,,"",""
ball,1,14.4,Melbourne Stars,EP Gulbis,JP Faulkner,SA Abbott,2,0,,,,,,"",""
ball,1,14.5,Melbourne Stars,EP Gulbis,JP Faulkner,SA Abbott,4,0,,,,,,"",""
ball,1,14.6,Melbourne Stars,EP Gulbis,JP Faulkner,SA Abbott,1,0,,,,,,"",""
ball,1,15.1,Melbourne Stars,EP Gulbis,JP Faulkner,NM Lyon,1,0,,,,,,"",""
ball,1,15.2,Melbourne Stars,JP Faulkner,EP Gulbis,NM Lyon,1,0,,,,,,"",""
ball,1,15.3,Melbourne Stars,EP Gulbis,JP Faulkner,NM Lyon,1,0,,,,,,"",""
ball,1,15.4,Melbourne Stars,JP Faulkner,EP Gulbis,NM Lyon,4,0,,,,,,"",""
ball,1,15.5,Melbourne Stars,JP Faulkner,EP Gulbis,NM Lyon,0,0,,,,,,"",""
ball,1,15.6,Melbourne Stars,JP Faulkner,EP Gulbis,NM Lyon,1,0,,,,,,"",""
ball,1,16.1,Melbourne Stars,JP Faulkner,EP Gulbis,BJ Dwarshuis,4,0,,,,,,"",""
ball,1,16.2,Melbourne Stars,JP Faulkner,EP Gulbis,BJ Dwarshuis,0,0,,,,,,"",""
ball,1,16.3,Melbourne Stars,JP Faulkner,EP Gulbis,BJ Dwarshuis,4,0,,,,,,"",""
ball,1,16.4,Melbourne Stars,JP Faulkner,EP Gulbis,BJ Dwarshuis,0,0,,,,,,"",""
ball,1,16.5,Melbourne Stars,JP Faulkner,EP Gulbis,BJ Dwarshuis,1,0,,,,,,"",""
ball,1,16.6,Melbourne Stars,EP Gulbis,JP Faulkner,BJ Dwarshuis,0,0,,,,,,"",""
ball,1,17.1,Melbourne Stars,JP Faulkner,EP Gulbis,CR Brathwaite,0,0,,,,,,"",""
ball,1,17.2,Melbourne Stars,JP Faulkner,EP Gulbis,CR Brathwaite,1,0,,,,,,"",""
ball,1,17.3,Melbourne Stars,EP Gulbis,JP Faulkner,CR Brathwaite,1,0,,,,,,"",""
ball,1,17.4,Melbourne Stars,JP Faulkner,EP Gulbis,CR Brathwaite,2,0,,,,,,"",""
ball,1,17.5,Melbourne Stars,JP Faulkner,EP Gulbis,CR Brathwaite,0,0,,,,,,"",""
ball,1,17.6,Melbourne Stars,JP Faulkner,EP Gulbis,CR Brathwaite,1,0,,,,,,"",""
ball,1,18.1,Melbourne Stars,JP Faulkner,EP Gulbis,BJ Dwarshuis,0,0,,,,,,"",""
ball,1,18.2,Melbourne Stars,JP Faulkner,EP Gulbis,BJ Dwarshuis,1,0,,,,,,"",""
ball,1,18.3,Melbourne Stars,EP Gulbis,JP Faulkner,BJ Dwarshuis,6,0,,,,,,"",""
ball,1,18.4,Melbourne Stars,EP Gulbis,JP Faulkner,BJ Dwarshuis,1,0,,,,,,"",""
ball,1,18.5,Melbourne Stars,JP Faulkner,EP Gulbis,BJ Dwarshuis,1,0,,,,,,"",""
ball,1,18.6,Melbourne Stars,EP Gulbis,JP Faulkner,BJ Dwarshuis,0,0,,,,,,"",""
ball,1,19.1,Melbourne Stars,JP Faulkner,EP Gulbis,CR Brathwaite,0,0,,,,,,"",""
ball,1,19.2,Melbourne Stars,JP Faulkner,EP Gulbis,CR Brathwaite,1,0,,,,,,"",""
ball,1,19.3,Melbourne Stars,EP Gulbis,JP Faulkner,CR Brathwaite,0,0,,,,,,"",""
ball,1,19.4,Melbourne Stars,EP Gulbis,JP Faulkner,CR Brathwaite,1,0,,,,,,"",""
ball,1,19.5,Melbourne Stars,JP Faulkner,EP Gulbis,CR Brathwaite,0,0,,,,,,caught,JP Faulkner
ball,1,19.6,Melbourne Stars,EP Gulbis,JW Hastings,CR Brathwaite,0,0,,,,,,run out,EP Gulbis
ball,2,0.1,Sydney Sixers,JL Denly,DP Hughes,DJ Worrall,0,0,,,,,,"",""
ball,2,0.2,Sydney Sixers,JL Denly,DP Hughes,DJ Worrall,3,0,,,,,,"",""
ball,2,0.3,Sydney Sixers,DP Hughes,JL Denly,DJ Worrall,0,0,,,,,,"",""
ball,2,0.4,Sydney Sixers,DP Hughes,JL Denly,DJ Worrall,4,0,,,,,,"",""
ball,2,0.5,Sydney Sixers,DP Hughes,JL Denly,DJ Worrall,0,0,,,,,,"",""
ball,2,0.6,Sydney Sixers,DP Hughes,JL Denly,DJ Worrall,0,0,,,,,,"",""
ball,2,1.1,Sydney Sixers,JL Denly,DP Hughes,JR Coleman,3,0,,,,,,"",""
ball,2,1.2,Sydney Sixers,DP Hughes,JL Denly,JR Coleman,1,0,,,,,,"",""
ball,2,1.3,Sydney Sixers,JL Denly,DP Hughes,JR Coleman,4,0,,,,,,"",""
ball,2,1.4,Sydney Sixers,JL Denly,DP Hughes,JR Coleman,0,0,,,,,,"",""
ball,2,1.5,Sydney Sixers,JL Denly,DP Hughes,JR Coleman,0,0,,,,,,"",""
ball,2,1.6,Sydney Sixers,JL Denly,DP Hughes,JR Coleman,0,0,,,,,,"",""
ball,2,2.1,Sydney Sixers,DP Hughes,JL Denly,DJ Worrall,0,0,,,,,,"",""
ball,2,2.2,Sydney Sixers,DP Hughes,JL Denly,DJ Worrall,4,0,,,,,,"",""
ball,2,2.3,Sydney Sixers,DP Hughes,JL Denly,DJ Worrall,1,0,,,,,,"",""
ball,2,2.4,Sydney Sixers,JL Denly,DP Hughes,DJ Worrall,0,0,,,,,,"",""
ball,2,2.5,Sydney Sixers,JL Denly,DP Hughes,DJ Worrall,0,0,,,,,,"",""
ball,2,2.6,Sydney Sixers,JL Denly,DP Hughes,DJ Worrall,0,0,,,,,,"",""
ball,2,3.1,Sydney Sixers,DP Hughes,JL Denly,JP Faulkner,4,0,,,,,,"",""
ball,2,3.2,Sydney Sixers,DP Hughes,JL Denly,JP Faulkner,2,0,,,,,,"",""
ball,2,3.3,Sydney Sixers,DP Hughes,JL Denly,JP Faulkner,1,0,,,,,,"",""
ball,2,3.4,Sydney Sixers,JL Denly,DP Hughes,JP Faulkner,2,0,,,,,,"",""
ball,2,3.5,Sydney Sixers,JL Denly,DP Hughes,JP Faulkner,0,0,,,,,,"",""
ball,2,3.6,Sydney Sixers,JL Denly,DP Hughes,JP Faulkner,0,0,,,,,,caught,JL Denly
ball,2,4.1,Sydney Sixers,NJ Maddinson,DP Hughes,DJ Worrall,1,0,,,,,,"",""
ball,2,4.2,Sydney Sixers,DP Hughes,NJ Maddinson,DJ Worrall,0,0,,,,,,"",""
ball,2,4.3,Sydney Sixers,DP Hughes,NJ Maddinson,DJ Worrall,4,0,,,,,,"",""
ball,2,4.4,Sydney Sixers,DP Hughes,NJ Maddinson,DJ Worrall,4,0,,,,,,"",""
ball,2,4.5,Sydney Sixers,DP Hughes,NJ Maddinson,DJ Worrall,0,0,,,,,,"",""
ball,2,4.6,Sydney Sixers,DP Hughes,NJ Maddinson,DJ Worrall,0,0,,,,,,"",""
ball,2,5.1,Sydney Sixers,NJ Maddinson,DP Hughes,JW Hastings,6,0,,,,,,"",""
ball,2,5.2,Sydney Sixers,NJ Maddinson,DP Hughes,JW Hastings,0,0,,,,,,"",""
ball,2,5.3,Sydney Sixers,NJ Maddinson,DP Hughes,JW Hastings,4,0,,,,,,"",""
ball,2,5.4,Sydney Sixers,NJ Maddinson,DP Hughes,JW Hastings,0,0,,,,,,"",""
ball,2,5.5,Sydney Sixers,NJ Maddinson,DP Hughes,JW Hastings,0,1,1,,,,,"",""
ball,2,5.6,Sydney Sixers,NJ Maddinson,DP Hughes,JW Hastings,0,0,,,,,,"",""
ball,2,5.7,Sydney Sixers,NJ Maddinson,DP Hughes,JW Hastings,0,0,,,,,,"",""
ball,2,6.1,Sydney Sixers,DP Hughes,NJ Maddinson,JP Faulkner,0,0,,,,,,"",""
ball,2,6.2,Sydney Sixers,DP Hughes,NJ Maddinson,JP Faulkner,0,0,,,,,,"",""
ball,2,6.3,Sydney Sixers,DP Hughes,NJ Maddinson,JP Faulkner,1,0,,,,,,"",""
ball,2,6.4,Sydney Sixers,NJ Maddinson,DP Hughes,JP Faulkner,6,0,,,,,,"",""
ball,2,6.5,Sydney Sixers,NJ Maddinson,DP Hughes,JP Faulkner,0,0,,,,,,"",""
ball,2,6.6,Sydney Sixers,NJ Maddinson,DP Hughes,JP Faulkner,4,0,,,,,,"",""
ball,2,7.1,Sydney Sixers,DP Hughes,NJ Maddinson,GJ Maxwell,1,0,,,,,,"",""
ball,2,7.2,Sydney Sixers,NJ Maddinson,DP Hughes,GJ Maxwell,6,0,,,,,,"",""
ball,2,7.3,Sydney Sixers,NJ Maddinson,DP Hughes,GJ Maxwell,1,0,,,,,,"",""
ball,2,7.4,Sydney Sixers,DP Hughes,NJ Maddinson,GJ Maxwell,1,0,,,,,,"",""
ball,2,7.5,Sydney Sixers,NJ Maddinson,DP Hughes,GJ Maxwell,2,0,,,,,,"",""
ball,2,7.6,Sydney Sixers,NJ Maddinson,DP Hughes,GJ Maxwell,0,0,,,,,,"",""
ball,2,8.1,Sydney Sixers,DP Hughes,NJ Maddinson,JW Hastings,2,0,,,,,,"",""
ball,2,8.2,Sydney Sixers,DP Hughes,NJ Maddinson,JW Hastings,0,0,,,,,,"",""
ball,2,8.3,Sydney Sixers,DP Hughes,NJ Maddinson,JW Hastings,0,0,,,,,,"",""
ball,2,8.4,Sydney Sixers,DP Hughes,NJ Maddinson,JW Hastings,2,0,,,,,,"",""
ball,2,8.5,Sydney Sixers,DP Hughes,NJ Maddinson,JW Hastings,0,0,,,,,,"",""
ball,2,8.6,Sydney Sixers,DP Hughes,NJ Maddinson,JW Hastings,0,0,,,,,,"",""
ball,2,9.1,Sydney Sixers,NJ Maddinson,DP Hughes,D Fallins,1,0,,,,,,"",""
ball,2,9.2,Sydney Sixers,DP Hughes,NJ Maddinson,D Fallins,1,0,,,,,,"",""
ball,2,9.3,Sydney Sixers,NJ Maddinson,DP Hughes,D Fallins,6,0,,,,,,"",""
ball,2,9.4,Sydney Sixers,NJ Maddinson,DP Hughes,D Fallins,0,2,2,,,,,"",""
ball,2,9.5,Sydney Sixers,DP Hughes,NJ Maddinson,D Fallins,0,0,,,,,,"",""
ball,2,9.6,Sydney Sixers,DP Hughes,NJ Maddinson,D Fallins,1,0,,,,,,"",""
ball,2,9.7,Sydney Sixers,NJ Maddinson,DP Hughes,D Fallins,1,0,,,,,,"",""
ball,2,10.1,Sydney Sixers,NJ Maddinson,DP Hughes,JW Hastings,0,0,,,,,,"",""
ball,2,10.2,Sydney Sixers,NJ Maddinson,DP Hughes,JW Hastings,1,0,,,,,,"",""
ball,2,10.3,Sydney Sixers,DP Hughes,NJ Maddinson,JW Hastings,4,0,,,,,,"",""
ball,2,10.4,Sydney Sixers,DP Hughes,NJ Maddinson,JW Hastings,1,0,,,,,,"",""
ball,2,10.5,Sydney Sixers,NJ Maddinson,DP Hughes,JW Hastings,0,0,,,,,,"",""
ball,2,10.6,Sydney Sixers,NJ Maddinson,DP Hughes,JW Hastings,6,0,,,,,,"",""
ball,2,11.1,Sydney Sixers,DP Hughes,NJ Maddinson,D Fallins,1,0,,,,,,"",""
ball,2,11.2,Sydney Sixers,NJ Maddinson,DP Hughes,D Fallins,4,0,,,,,,"",""
ball,2,11.3,Sydney Sixers,NJ Maddinson,DP Hughes,D Fallins,4,0,,,,,,"",""
ball,2,11.4,Sydney Sixers,NJ Maddinson,DP Hughes,D Fallins,0,0,,,,,,"",""
ball,2,11.5,Sydney Sixers,NJ Maddinson,DP Hughes,D Fallins,4,0,,,,,,"",""
ball,2,11.6,Sydney Sixers,NJ Maddinson,DP Hughes,D Fallins,0,0,,,,,,"",""
ball,2,12.1,Sydney Sixers,DP Hughes,NJ Maddinson,EP Gulbis,1,0,,,,,,"",""
ball,2,12.2,Sydney Sixers,NJ Maddinson,DP Hughes,EP Gulbis,4,0,,,,,,"",""
ball,2,12.3,Sydney Sixers,NJ Maddinson,DP Hughes,EP Gulbis,0,0,,,,,,"",""
ball,2,12.4,Sydney Sixers,NJ Maddinson,DP Hughes,EP Gulbis,0,0,,,,,,"",""
ball,2,12.5,Sydney Sixers,NJ Maddinson,DP Hughes,EP Gulbis,1,0,,,,,,"",""
ball,2,12.6,Sydney Sixers,DP Hughes,NJ Maddinson,EP Gulbis,1,0,,,,,,"",""
ball,2,13.1,Sydney Sixers,DP Hughes,NJ Maddinson,JR Coleman,0,1,1,,,,,"",""
ball,2,13.2,Sydney Sixers,DP Hughes,NJ Maddinson,JR Coleman,1,0,,,,,,"",""
ball,2,13.3,Sydney Sixers,NJ Maddinson,DP Hughes,JR Coleman,0,0,,,,,,caught,NJ Maddinson
ball,2,13.4,Sydney Sixers,DP Hughes,MC Henriques,JR Coleman,0,0,,,,,,"",""
ball,2,13.5,Sydney Sixers,DP Hughes,MC Henriques,JR Coleman,0,0,,,,,,"",""
ball,2,13.6,Sydney Sixers,DP Hughes,MC Henriques,JR Coleman,2,0,,,,,,"",""
ball,2,13.7,Sydney Sixers,DP Hughes,MC Henriques,JR Coleman,0,1,1,,,,,"",""
ball,2,13.8,Sydney Sixers,DP Hughes,MC Henriques,JR Coleman,0,0,,,,,,"",""
ball,2,14.1,Sydney Sixers,MC Henriques,DP Hughes,EP Gulbis,1,0,,,,,,"",""
ball,2,14.2,Sydney Sixers,DP Hughes,MC Henriques,EP Gulbis,2,0,,,,,,"",""
ball,2,14.3,Sydney Sixers,DP Hughes,MC Henriques,EP Gulbis,0,0,,,,,,"",""
ball,2,14.4,Sydney Sixers,DP Hughes,MC Henriques,EP Gulbis,0,0,,,,,,"",""
ball,2,14.5,Sydney Sixers,DP Hughes,MC Henriques,EP Gulbis,0,0,,,,,,"",""
ball,2,14.6,Sydney Sixers,DP Hughes,MC Henriques,EP Gulbis,1,0,,,,,,"",""
ball,2,15.1,Sydney Sixers,DP Hughes,MC Henriques,JR Coleman,1,0,,,,,,"",""
