version,1.6.0
info,balls_per_over,6
info,team,Melbourne Renegades
info,team,Sydney Sixers
info,gender,male
info,season,2017/18
info,date,2018/01/03
info,event,Big Bash League
info,match_number,16
info,venue,"Simonds Stadium, South Geelong, Victoria"
info,city,Geelong
info,toss_winner,Melbourne Renegades
info,toss_decision,field
info,player_of_match,AJ Finch
info,umpire,GJ Davidson
info,umpire,SD Fry
info,reserve_umpire,D Brigham
info,tv_umpire,SA Lightbody
info,match_referee,RL Parry
info,winner,Melbourne Renegades
info,winner_wickets,8
info,player,Sydney Sixers,JJ Roy
info,player,Sydney Sixers,PM Nevill
info,player,Sydney Sixers,NJ Maddinson
info,player,Sydney Sixers,JC Silk
info,player,Sydney Sixers,SW Billings
info,player,Sydney Sixers,SA Abbott
info,player,Sydney Sixers,DR Sams
info,player,Sydney Sixers,J Botha
info,player,Sydney Sixers,BJ Dwarshuis
info,player,Sydney Sixers,MW Edwards
info,player,Sydney Sixers,WER Somerville
info,player,Melbourne Renegades,MS Harris
info,player,Melbourne Renegades,AJ Finch
info,player,Melbourne Renegades,CL White
info,player,Melbourne Renegades,DJ Bravo
info,player,Melbourne Renegades,TLW Cooper
info,player,Melbourne Renegades,BJ Hodge
info,player,Melbourne Renegades,Mohammad Nabi
info,player,Melbourne Renegades,TP Ludeman
info,player,Melbourne Renegades,JD Wildermuth
info,player,Melbourne Renegades,KW Richardson
info,player,Melbourne Renegades,GB Hogg
info,registry,people,AJ Finch,b8d490fd
info,registry,people,BJ Dwarshuis,e1b9f3a9
info,registry,people,BJ Hodge,b57f8a9a
info,registry,people,CL White,d0513f63
info,registry,people,D Brigham,464daf41
info,registry,people,DJ Bravo,87e562a9
info,registry,people,DR Sams,caf69bf7
info,registry,people,GB Hogg,f708a0bc
info,registry,people,GJ Davidson,31ad5973
info,registry,people,J Botha,7c503806
info,registry,people,JC Silk,7a6dc294
info,registry,people,JD Wildermuth,f1c61793
info,registry,people,JJ Roy,d1c36f5c
info,registry,people,KW Richardson,dfc4d8b5
info,registry,people,MS Harris,9e85455c
info,registry,people,MW Edwards,5f222a64
info,registry,people,Mohammad Nabi,62af8546
info,registry,people,NJ Maddinson,44afbf2d
info,registry,people,PM Nevill,a22fb7b5
info,registry,people,RL Parry,86d151dc
info,registry,people,SA Abbott,1a2676c5
info,registry,people,SA Lightbody,680b8cbf
info,registry,people,SD Fry,6b725ed1
info,registry,people,SW Billings,c16d4035
info,registry,people,TLW Cooper,2318ba22
info,registry,people,TP Ludeman,c3f7898b
info,registry,people,WER Somerville,74a1c1e3
ball,1,0.1,Sydney Sixers,JJ Roy,PM Nevill,Mohammad Nabi,0,0,,,,,,"",""
ball,1,0.2,Sydney Sixers,JJ Roy,PM Nevill,Mohammad Nabi,0,0,,,,,,"",""
ball,1,0.3,Sydney Sixers,JJ Roy,PM Nevill,Mohammad Nabi,1,0,,,,,,"",""
ball,1,0.4,Sydney Sixers,PM Nevill,JJ Roy,Mohammad Nabi,0,0,,,,,,caught,PM Nevill
ball,1,0.5,Sydney Sixers,NJ Maddinson,JJ Roy,Mohammad Nabi,0,0,,,,,,"",""
ball,1,0.6,Sydney Sixers,NJ Maddinson,JJ Roy,Mohammad Nabi,0,0,,,,,,"",""
ball,1,1.1,Sydney Sixers,JJ Roy,NJ Maddinson,KW Richardson,0,0,,,,,,"",""
ball,1,1.2,Sydney Sixers,JJ Roy,NJ Maddinson,KW Richardson,0,0,,,,,,"",""
ball,1,1.3,Sydney Sixers,JJ Roy,NJ Maddinson,KW Richardson,0,0,,,,,,"",""
ball,1,1.4,Sydney Sixers,JJ Roy,NJ Maddinson,KW Richardson,0,0,,,,,,"",""
ball,1,1.5,Sydney Sixers,JJ Roy,NJ Maddinson,KW Richardson,0,0,,,,,,"",""
ball,1,1.6,Sydney Sixers,JJ Roy,NJ Maddinson,KW Richardson,0,0,,,,,,"",""
ball,1,2.1,Sydney Sixers,NJ Maddinson,JJ Roy,Mohammad Nabi,1,0,,,,,,"",""
ball,1,2.2,Sydney Sixers,JJ Roy,NJ Maddinson,Mohammad Nabi,1,0,,,,,,"",""
ball,1,2.3,Sydney Sixers,NJ Maddinson,JJ Roy,Mohammad Nabi,0,0,,,,,,"",""
ball,1,2.4,Sydney Sixers,NJ Maddinson,JJ Roy,Mohammad Nabi,1,0,,,,,,"",""
ball,1,2.5,Sydney Sixers,JJ Roy,NJ Maddinson,Mohammad Nabi,1,0,,,,,,"",""
ball,1,2.6,Sydney Sixers,NJ Maddinson,JJ Roy,Mohammad Nabi,4,0,,,,,,"",""
ball,1,3.1,Sydney Sixers,JJ Roy,NJ Maddinson,DJ Bravo,2,0,,,,,,"",""
ball,1,3.2,Sydney Sixers,JJ Roy,NJ Maddinson,DJ Bravo,0,0,,,,,,caught,JJ Roy
ball,1,3.3,Sydney Sixers,JC Silk,NJ Maddinson,DJ Bravo,0,0,,,,,,"",""
ball,1,3.4,Sydney Sixers,JC Silk,NJ Maddinson,DJ Bravo,0,0,,,,,,"",""
ball,1,3.5,Sydney Sixers,JC Silk,NJ Maddinson,DJ Bravo,0,0,,,,,,"",""
ball,1,3.6,Sydney Sixers,JC Silk,NJ Maddinson,DJ Bravo,1,0,,,,,,"",""
ball,1,4.1,Sydney Sixers,JC Silk,NJ Maddinson,KW Richardson,0,0,,,,,,"",""
ball,1,4.2,Sydney Sixers,JC Silk,NJ Maddinson,KW Richardson,0,0,,,,,,"",""
ball,1,4.3,Sydney Sixers,JC Silk,NJ Maddinson,KW Richardson,1,0,,,,,,"",""
ball,1,4.4,Sydney Sixers,NJ Maddinson,JC Silk,KW Richardson,0,0,,,,,,"",""
ball,1,4.5,Sydney Sixers,NJ Maddinson,JC Silk,KW Richardson,1,0,,,,,,"",""
ball,1,4.6,Sydney Sixers,JC Silk,NJ Maddinson,KW Richardson,1,0,,,,,,"",""
ball,1,5.1,Sydney Sixers,JC Silk,NJ Maddinson,JD Wildermuth,1,0,,,,,,"",""
ball,1,5.2,Sydney Sixers,NJ Maddinson,JC Silk,JD Wildermuth,0,0,,,,,,"",""
ball,1,5.3,Sydney Sixers,NJ Maddinson,JC Silk,JD Wildermuth,0,0,,,,,,"",""
ball,1,5.4,Sydney Sixers,NJ Maddinson,JC Silk,JD Wildermuth,1,0,,,,,,"",""
ball,1,5.5,Sydney Sixers,JC Silk,NJ Maddinson,JD Wildermuth,2,0,,,,,,"",""
ball,1,5.6,Sydney Sixers,JC Silk,NJ Maddinson,JD Wildermuth,1,0,,,,,,"",""
ball,1,6.1,Sydney Sixers,JC Silk,NJ Maddinson,GB Hogg,1,0,,,,,,"",""
ball,1,6.2,Sydney Sixers,NJ Maddinson,JC Silk,GB Hogg,1,0,,,,,,"",""
ball,1,6.3,Sydney Sixers,JC Silk,NJ Maddinson,GB Hogg,1,0,,,,,,"",""
ball,1,6.4,Sydney Sixers,NJ Maddinson,JC Silk,GB Hogg,1,0,,,,,,"",""
ball,1,6.5,Sydney Sixers,JC Silk,NJ Maddinson,GB Hogg,1,0,,,,,,"",""
ball,1,6.6,Sydney Sixers,NJ Maddinson,JC Silk,GB Hogg,0,0,,,,,,"",""
ball,1,7.1,Sydney Sixers,JC Silk,NJ Maddinson,Mohammad Nabi,4,0,,,,,,"",""
ball,1,7.2,Sydney Sixers,JC Silk,NJ Maddinson,Mohammad Nabi,1,0,,,,,,"",""
ball,1,7.3,Sydney Sixers,NJ Maddinson,JC Silk,Mohammad Nabi,0,0,,,,,,"",""
ball,1,7.4,Sydney Sixers,NJ Maddinson,JC Silk,Mohammad Nabi,1,0,,,,,,"",""
ball,1,7.5,Sydney Sixers,JC Silk,NJ Maddinson,Mohammad Nabi,1,0,,,,,,"",""
ball,1,7.6,Sydney Sixers,NJ Maddinson,JC Silk,Mohammad Nabi,1,0,,,,,,"",""
ball,1,8.1,Sydney Sixers,NJ Maddinson,JC Silk,GB Hogg,1,0,,,,,,"",""
ball,1,8.2,Sydney Sixers,JC Silk,NJ Maddinson,GB Hogg,0,0,,,,,,caught,JC Silk
ball,1,8.3,Sydney Sixers,NJ Maddinson,SW Billings,GB Hogg,0,0,,,,,,"",""
ball,1,8.4,Sydney Sixers,NJ Maddinson,SW Billings,GB Hogg,2,0,,,,,,"",""
ball,1,8.5,Sydney Sixers,NJ Maddinson,SW Billings,GB Hogg,1,0,,,,,,"",""
ball,1,8.6,Sydney Sixers,SW Billings,NJ Maddinson,GB Hogg,0,0,,,,,,"",""
ball,1,9.1,Sydney Sixers,NJ Maddinson,SW Billings,JD Wildermuth,0,0,,,,,,"",""
ball,1,9.2,Sydney Sixers,NJ Maddinson,SW Billings,JD Wildermuth,1,0,,,,,,"",""
ball,1,9.3,Sydney Sixers,SW Billings,NJ Maddinson,JD Wildermuth,0,0,,,,,,"",""
ball,1,9.4,Sydney Sixers,SW Billings,NJ Maddinson,JD Wildermuth,0,0,,,,,,"",""
ball,1,9.5,Sydney Sixers,SW Billings,NJ Maddinson,JD Wildermuth,1,0,,,,,,"",""
ball,1,9.6,Sydney Sixers,NJ Maddinson,SW Billings,JD Wildermuth,1,0,,,,,,"",""
ball,1,10.1,Sydney Sixers,NJ Maddinson,SW Billings,DJ Bravo,1,0,,,,,,"",""
ball,1,10.2,Sydney Sixers,SW Billings,NJ Maddinson,DJ Bravo,1,0,,,,,,"",""
ball,1,10.3,Sydney Sixers,NJ Maddinson,SW Billings,DJ Bravo,1,0,,,,,,"",""
ball,1,10.4,Sydney Sixers,SW Billings,NJ Maddinson,DJ Bravo,0,1,1,,,,,"",""
ball,1,10.5,Sydney Sixers,SW Billings,NJ Maddinson,DJ Bravo,4,0,,,,,,"",""
ball,1,10.6,Sydney Sixers,SW Billings,NJ Maddinson,DJ Bravo,0,0,,,,,,"",""
ball,1,10.7,Sydney Sixers,SW Billings,NJ Maddinson,DJ Bravo,1,0,,,,,,"",""
ball,1,11.1,Sydney Sixers,SW Billings,NJ Maddinson,JD Wildermuth,0,0,,,,,,"",""
ball,1,11.2,Sydney Sixers,SW Billings,NJ Maddinson,JD Wildermuth,2,0,,,,,,"",""
ball,1,11.3,Sydney Sixers,SW Billings,NJ Maddinson,JD Wildermuth,0,0,,,,,,"",""
ball,1,11.4,Sydney Sixers,SW Billings,NJ Maddinson,JD Wildermuth,1,0,,,,,,"",""
ball,1,11.5,Sydney Sixers,NJ Maddinson,SW Billings,JD Wildermuth,2,0,,,,,,"",""
ball,1,11.6,Sydney Sixers,NJ Maddinson,SW Billings,JD Wildermuth,2,0,,,,,,"",""
ball,1,12.1,Sydney Sixers,SW Billings,NJ Maddinson,GB Hogg,0,0,,,,,,run out,NJ Maddinson
ball,1,12.2,Sydney Sixers,SW Billings,SA Abbott,GB Hogg,1,0,,,,,,"",""
ball,1,12.3,Sydney Sixers,SA Abbott,SW Billings,GB Hogg,1,0,,,,,,"",""
ball,1,12.4,Sydney Sixers,SW Billings,SA Abbott,GB Hogg,0,0,,,,,,"",""
ball,1,12.5,Sydney Sixers,SW Billings,SA Abbott,GB Hogg,1,0,,,,,,"",""
ball,1,12.6,Sydney Sixers,SA Abbott,SW Billings,GB Hogg,1,0,,,,,,"",""
ball,1,13.1,Sydney Sixers,SA Abbott,SW Billings,JD Wildermuth,4,0,,,,,,"",""
ball,1,13.2,Sydney Sixers,SA Abbott,SW Billings,JD Wildermuth,0,0,,,,,,"",""
ball,1,13.3,Sydney Sixers,SA Abbott,SW Billings,JD Wildermuth,0,0,,,,,,caught,SA Abbott
ball,1,13.4,Sydney Sixers,DR Sams,SW Billings,JD Wildermuth,1,0,,,,,,"",""
ball,1,13.5,Sydney Sixers,SW Billings,DR Sams,JD Wildermuth,0,0,,,,,,"",""
ball,1,13.6,Sydney Sixers,SW Billings,DR Sams,JD Wildermuth,0,0,,,,,,"",""
ball,1,14.1,Sydney Sixers,DR Sams,SW Billings,Mohammad Nabi,0,0,,,,,,caught,DR Sams
ball,1,14.2,Sydney Sixers,SW Billings,J Botha,Mohammad Nabi,4,0,,,,,,"",""
ball,1,14.3,Sydney Sixers,SW Billings,J Botha,Mohammad Nabi,1,0,,,,,,"",""
ball,1,14.4,Sydney Sixers,J Botha,SW Billings,Mohammad Nabi,0,0,,,,,,"",""
ball,1,14.5,Sydney Sixers,J Botha,SW Billings,Mohammad Nabi,0,0,,,,,,"",""
ball,1,14.6,Sydney Sixers,J Botha,SW Billings,Mohammad Nabi,0,0,,,,,,"",""
ball,1,15.1,Sydney Sixers,SW Billings,J Botha,KW Richardson,1,0,,,,,,"",""
ball,1,15.2,Sydney Sixers,J Botha,SW Billings,KW Richardson,0,0,,,,,,"",""
ball,1,15.3,Sydney Sixers,J Botha,SW Billings,KW Richardson,1,0,,,,,,"",""
ball,1,15.4,Sydney Sixers,SW Billings,J Botha,KW Richardson,1,0,,,,,,"",""
ball,1,15.5,Sydney Sixers,J Botha,SW Billings,KW Richardson,1,0,,,,,,"",""
ball,1,15.6,Sydney Sixers,SW Billings,J Botha,KW Richardson,1,0,,,,,,"",""
ball,1,16.1,Sydney Sixers,SW Billings,J Botha,GB Hogg,1,0,,,,,,"",""
ball,1,16.2,Sydney Sixers,J Botha,SW Billings,GB Hogg,1,0,,,,,,"",""
ball,1,16.3,Sydney Sixers,SW Billings,J Botha,GB Hogg,1,0,,,,,,"",""
ball,1,16.4,Sydney Sixers,J Botha,SW Billings,GB Hogg,4,0,,,,,,"",""
ball,1,16.5,Sydney Sixers,J Botha,SW Billings,GB Hogg,2,0,,,,,,"",""
ball,1,16.6,Sydney Sixers,J Botha,SW Billings,GB Hogg,4,0,,,,,,"",""
ball,1,17.1,Sydney Sixers,SW Billings,J Botha,DJ Bravo,0,0,,,,,,caught,SW Billings
ball,1,17.2,Sydney Sixers,J Botha,BJ Dwarshuis,DJ Bravo,1,0,,,,,,"",""
ball,1,17.3,Sydney Sixers,BJ Dwarshuis,J Botha,DJ Bravo,1,0,,,,,,"",""
ball,1,17.4,Sydney Sixers,J Botha,BJ Dwarshuis,DJ Bravo,4,0,,,,,,"",""
ball,1,17.5,Sydney Sixers,J Botha,BJ Dwarshuis,DJ Bravo,0,0,,,,,,"",""
ball,1,17.6,Sydney Sixers,J Botha,BJ Dwarshuis,DJ Bravo,0,0,,,,,,"",""
ball,1,18.1,Sydney Sixers,BJ Dwarshuis,J Botha,KW Richardson,1,0,,,,,,"",""
ball,1,18.2,Sydney Sixers,J Botha,BJ Dwarshuis,KW Richardson,0,1,,,,1,,"",""
ball,1,18.3,Sydney Sixers,BJ Dwarshuis,J Botha,KW Richardson,1,0,,,,,,"",""
ball,1,18.4,Sydney Sixers,J Botha,BJ Dwarshuis,KW Richardson,2,0,,,,,,"",""
ball,1,18.5,Sydney Sixers,J Botha,BJ Dwarshuis,KW Richardson,0,0,,,,,,"",""
ball,1,18.6,Sydney Sixers,J Botha,BJ Dwarshuis,KW Richardson,1,0,,,,,,"",""
ball,1,19.1,Sydney Sixers,J Botha,BJ Dwarshuis,DJ Bravo,6,0,,,,,,"",""
ball,1,19.2,Sydney Sixers,J Botha,BJ Dwarshuis,DJ Bravo,0,0,,,,,,"",""
ball,1,19.3,Sydney Sixers,J Botha,BJ Dwarshuis,DJ Bravo,2,0,,,,,,"",""
ball,1,19.4,Sydney Sixers,J Botha,BJ Dwarshuis,DJ Bravo,1,0,,,,,,"",""
ball,1,19.5,Sydney Sixers,BJ Dwarshuis,J Botha,DJ Bravo,0,0,,,,,,caught,BJ Dwarshuis
ball,1,19.6,Sydney Sixers,J Botha,MW Edwards,DJ Bravo,2,0,,,,,,"",""
ball,2,0.1,Melbourne Renegades,MS Harris,AJ Finch,BJ Dwarshuis,0,0,,,,,,"",""
ball,2,0.2,Melbourne Renegades,MS Harris,AJ Finch,BJ Dwarshuis,0,0,,,,,,"",""
ball,2,0.3,Melbourne Renegades,MS Harris,AJ Finch,BJ Dwarshuis,1,0,,,,,,"",""
ball,2,0.4,Melbourne Renegades,AJ Finch,MS Harris,BJ Dwarshuis,0,1,,,,1,,"",""
ball,2,0.5,Melbourne Renegades,MS Harris,AJ Finch,BJ Dwarshuis,0,0,,,,,,bowled,MS Harris
ball,2,0.6,Melbourne Renegades,CL White,AJ Finch,BJ Dwarshuis,0,0,,,,,,"",""
ball,2,1.1,Melbourne Renegades,AJ Finch,CL White,MW Edwards,0,0,,,,,,"",""
ball,2,1.2,Melbourne Renegades,AJ Finch,CL White,MW Edwards,0,0,,,,,,"",""
ball,2,1.3,Melbourne Renegades,AJ Finch,CL White,MW Edwards,1,0,,,,,,"",""
ball,2,1.4,Melbourne Renegades,CL White,AJ Finch,MW Edwards,0,0,,,,,,"",""
ball,2,1.5,Melbourne Renegades,CL White,AJ Finch,MW Edwards,1,0,,,,,,"",""
ball,2,1.6,Melbourne Renegades,AJ Finch,CL White,MW Edwards,6,0,,,,,,"",""
ball,2,2.1,Melbourne Renegades,CL White,AJ Finch,BJ Dwarshuis,0,0,,,,,,"",""
ball,2,2.2,Melbourne Renegades,CL White,AJ Finch,BJ Dwarshuis,0,0,,,,,,"",""
ball,2,2.3,Melbourne Renegades,CL White,AJ Finch,BJ Dwarshuis,1,0,,,,,,"",""
ball,2,2.4,Melbourne Renegades,AJ Finch,CL White,BJ Dwarshuis,0,0,,,,,,"",""
ball,2,2.5,Melbourne Renegades,AJ Finch,CL White,BJ Dwarshuis,1,0,,,,,,"",""
ball,2,2.6,Melbourne Renegades,CL White,AJ Finch,BJ Dwarshuis,1,0,,,,,,"",""
ball,2,3.1,Melbourne Renegades,CL White,AJ Finch,DR Sams,4,0,,,,,,"",""
ball,2,3.2,Melbourne Renegades,CL White,AJ Finch,DR Sams,1,0,,,,,,"",""
ball,2,3.3,Melbourne Renegades,AJ Finch,CL White,DR Sams,1,0,,,,,,"",""
ball,2,3.4,Melbourne Renegades,CL White,AJ Finch,DR Sams,0,1,1,,,,,"",""
ball,2,3.5,Melbourne Renegades,CL White,AJ Finch,DR Sams,0,0,,,,,,"",""
ball,2,3.6,Melbourne Renegades,CL White,AJ Finch,DR Sams,0,0,,,,,,"",""
ball,2,3.7,Melbourne Renegades,CL White,AJ Finch,DR Sams,1,0,,,,,,"",""
ball,2,4.1,Melbourne Renegades,CL White,AJ Finch,WER Somerville,0,0,,,,,,"",""
ball,2,4.2,Melbourne Renegades,CL White,AJ Finch,WER Somerville,0,1,,,,1,,"",""
ball,2,4.3,Melbourne Renegades,AJ Finch,CL White,WER Somerville,0,0,,,,,,"",""
ball,2,4.4,Melbourne Renegades,AJ Finch,CL White,WER Somerville,0,0,,,,,,"",""
ball,2,4.5,Melbourne Renegades,AJ Finch,CL White,WER Somerville,0,0,,,,,,"",""
ball,2,4.6,Melbourne Renegades,AJ Finch,CL White,WER Somerville,1,0,,,,,,"",""
ball,2,5.1,Melbourne Renegades,AJ Finch,CL White,MW Edwards,6,0,,,,,,"",""
ball,2,5.2,Melbourne Renegades,AJ Finch,CL White,MW Edwards,2,0,,,,,,"",""
ball,2,5.3,Melbourne Renegades,AJ Finch,CL White,MW Edwards,0,0,,,,,,"",""
ball,2,5.4,Melbourne Renegades,AJ Finch,CL White,MW Edwards,4,0,,,,,,"",""
ball,2,5.5,Melbourne Renegades,AJ Finch,CL White,MW Edwards,4,0,,,,,,"",""
ball,2,5.6,Melbourne Renegades,AJ Finch,CL White,MW Edwards,0,0,,,,,,"",""
ball,2,6.1,Melbourne Renegades,CL White,AJ Finch,WER Somerville,0,0,,,,,,"",""
ball,2,6.2,Melbourne Renegades,CL White,AJ Finch,WER Somerville,6,0,,,,,,"",""
ball,2,6.3,Melbourne Renegades,CL White,AJ Finch,WER Somerville,0,0,,,,,,"",""
ball,2,6.4,Melbourne Renegades,CL White,AJ Finch,WER Somerville,4,0,,,,,,"",""
ball,2,6.5,Melbourne Renegades,CL White,AJ Finch,WER Somerville,1,0,,,,,,"",""
ball,2,6.6,Melbourne Renegades,AJ Finch,CL White,WER Somerville,1,0,,,,,,"",""
ball,2,7.1,Melbourne Renegades,AJ Finch,CL White,SA Abbott,0,0,,,,,,"",""
ball,2,7.2,Melbourne Renegades,AJ Finch,CL White,SA Abbott,1,0,,,,,,"",""
ball,2,7.3,Melbourne Renegades,CL White,AJ Finch,SA Abbott,0,0,,,,,,"",""
ball,2,7.4,Melbourne Renegades,CL White,AJ Finch,SA Abbott,1,0,,,,,,"",""
ball,2,7.5,Melbourne Renegades,AJ Finch,CL White,SA Abbott,0,0,,,,,,"",""
ball,2,7.6,Melbourne Renegades,AJ Finch,CL White,SA Abbott,0,0,,,,,,"",""
ball,2,8.1,Melbourne Renegades,CL White,AJ Finch,DR Sams,0,0,,,,,,"",""
ball,2,8.2,Melbourne Renegades,CL White,AJ Finch,DR Sams,1,0,,,,,,"",""
ball,2,8.3,Melbourne Renegades,AJ Finch,CL White,DR Sams,0,0,,,,,,"",""
ball,2,8.4,Melbourne Renegades,AJ Finch,CL White,DR Sams,1,0,,,,,,"",""
ball,2,8.5,Melbourne Renegades,CL White,AJ Finch,DR Sams,4,0,,,,,,"",""
ball,2,8.6,Melbourne Renegades,CL White,AJ Finch,DR Sams,1,0,,,,,,"",""
ball,2,9.1,Melbourne Renegades,CL White,AJ Finch,J Botha,1,0,,,,,,"",""
ball,2,9.2,Melbourne Renegades,AJ Finch,CL White,J Botha,1,0,,,,,,"",""
ball,2,9.3,Melbourne Renegades,CL White,AJ Finch,J Botha,3,0,,,,,,"",""
ball,2,9.4,Melbourne Renegades,AJ Finch,CL White,J Botha,1,0,,,,,,"",""
ball,2,9.5,Melbourne Renegades,CL White,AJ Finch,J Botha,0,0,,,,,,"",""
ball,2,9.6,Melbourne Renegades,CL White,AJ Finch,J Botha,1,0,,,,,,"",""
ball,2,10.1,Melbourne Renegades,CL White,AJ Finch,SA Abbott,1,0,,,,,,"",""
ball,2,10.2,Melbourne Renegades,AJ Finch,CL White,SA Abbott,4,0,,,,,,"",""
ball,2,10.3,Melbourne Renegades,AJ Finch,CL White,SA Abbott,0,0,,,,,,"",""
ball,2,10.4,Melbourne Renegades,AJ Finch,CL White,SA Abbott,4,0,,,,,,"",""
ball,2,10.5,Melbourne Renegades,AJ Finch,CL White,SA Abbott,1,0,,,,,,"",""
ball,2,10.6,Melbourne Renegades,CL White,AJ Finch,SA Abbott,1,0,,,,,,"",""
ball,2,11.1,Melbourne Renegades,CL White,AJ Finch,MW Edwards,1,0,,,,,,"",""
ball,2,11.2,Melbourne Renegades,AJ Finch,CL White,MW Edwards,1,0,,,,,,"",""
ball,2,11.3,Melbourne Renegades,CL White,AJ Finch,MW Edwards,1,0,,,,,,"",""
ball,2,11.4,Melbourne Renegades,AJ Finch,CL White,MW Edwards,4,0,,,,,,"",""
ball,2,11.5,Melbourne Renegades,AJ Finch,CL White,MW Edwards,0,0,,,,,,"",""
ball,2,11.6,Melbourne Renegades,AJ Finch,CL White,MW Edwards,0,0,,,,,,"",""
ball,2,12.1,Melbourne Renegades,CL White,AJ Finch,BJ Dwarshuis,0,0,,,,,,"",""
ball,2,12.2,Melbourne Renegades,CL White,AJ Finch,BJ Dwarshuis,0,0,,,,,,"",""
ball,2,12.3,Melbourne Renegades,CL White,AJ Finch,BJ Dwarshuis,1,0,,,,,,"",""
ball,2,12.4,Melbourne Renegades,AJ Finch,CL White,BJ Dwarshuis,2,0,,,,,,"",""
ball,2,12.5,Melbourne Renegades,AJ Finch,CL White,BJ Dwarshuis,0,1,1,,,,,"",""
ball,2,12.6,Melbourne Renegades,AJ Finch,CL White,BJ Dwarshuis,0,0,,,,,,"",""
ball,2,12.7,Melbourne Renegades,AJ Finch,CL White,BJ Dwarshuis,4,0,,,,,,"",""
ball,2,13.1,Melbourne Renegades,CL White,AJ Finch,DR Sams,0,0,,,,,,"",""
ball,2,13.2,Melbourne Renegades,CL White,AJ Finch,DR Sams,0,0,,,,,,run out,AJ Finch
ball,2,13.3,Melbourne Renegades,DJ Bravo,CL White,DR Sams,0,1,1,,,,,"",""
ball,2,13.4,Melbourne Renegades,DJ Bravo,CL White,DR Sams,0,0,,,,,,"",""
ball,2,13.5,Melbourne Renegades,DJ Bravo,CL White,DR Sams,0,0,,,,,,"",""
ball,2,13.6,Melbourne Renegades,DJ Bravo,CL White,DR Sams,2,0,,,,,,"",""
ball,2,13.7,Melbourne Renegades,DJ Bravo,CL White,DR Sams,0,0,,,,,,"",""
ball,2,14.1,Melbourne Renegades,CL White,DJ Bravo,BJ Dwarshuis,4,0,,,,,,"",""
ball,2,14.2,Melbourne Renegades,CL White,DJ Bravo,BJ Dwarshuis,2,0,,,,,,"",""
ball,2,14.3,Melbourne Renegades,CL White,DJ Bravo,BJ Dwarshuis,0,0,,,,,,"",""
ball,2,14.4,Melbourne Renegades,CL White,DJ Bravo,BJ Dwarshuis,1,0,,,,,,"",""
ball,2,14.5,Melbourne Renegades,DJ Bravo,CL White,BJ Dwarshuis,0,0,,,,,,"",""
ball,2,14.6,Melbourne Renegades,DJ Bravo,CL White,BJ Dwarshuis,0,0,,,,,,"",""
ball,2,15.1,Melbourne Renegades,CL White,DJ Bravo,DR Sams,4,0,,,,,,"",""
ball,2,15.2,Melbourne Renegades,CL White,DJ Bravo,DR Sams,1,0,,,,,,"",""
ball,2,15.3,Melbourne Renegades,DJ Bravo,CL White,DR Sams,4,0,,,,,,"",""
