version,1.6.0
info,balls_per_over,6
info,team,Adelaide Strikers
info,team,Hobart Hurricanes
info,gender,male
info,season,2017/18
info,date,2018/01/17
info,event,Big Bash League
info,match_number,31
info,venue,Adelaide Oval
info,city,Adelaide
info,toss_winner,Adelaide Strikers
info,toss_decision,bat
info,player_of_match,AT Carey
info,umpire,GJ Davidson
info,umpire,SA Lightbody
info,reserve_umpire,L Uthenwoldt
info,tv_umpire,CA Polosak
info,match_referee,PL Marshall
info,winner,Adelaide Strikers
info,winner_runs,11
info,player,Adelaide Strikers,AT Carey
info,player,Adelaide Strikers,J Weatherald
info,player,Adelaide Strikers,CA Ingram
info,player,Adelaide Strikers,JW Wells
info,player,Adelaide Strikers,JS Lehmann
info,player,Adelaide Strikers,JR Dean
info,player,Adelaide Strikers,MG Neser
info,player,Adelaide Strikers,Rashid Khan
info,player,Adelaide Strikers,PM Siddle
info,player,Adelaide Strikers,B Laughlin
info,player,Adelaide Strikers,B Stanlake
info,player,Hobart Hurricanes,AJ Doolan
info,player,Hobart Hurricanes,DJM Short
info,player,Hobart Hurricanes,GJ Bailey
info,player,Hobart Hurricanes,BR McDermott
info,player,Hobart Hurricanes,DT Christian
info,player,Hobart Hurricanes,JC Archer
info,player,Hobart Hurricanes,MS Wade
info,player,Hobart Hurricanes,NJ Reardon
info,player,Hobart Hurricanes,CJ Boyce
info,player,Hobart Hurricanes,CA Rose
info,player,Hobart Hurricanes,TS Mills
info,registry,people,AJ Doolan,36eafb02
info,registry,people,AT Carey,69d03465
info,registry,people,B Laughlin,b2a79f17
info,registry,people,B Stanlake,6834d1f2
info,registry,people,BR McDermott,c41043e6
info,registry,people,CA Ingram,c995d726
info,registry,people,CA Polosak,26a360d2
info,registry,people,CA Rose,7517d134
info,registry,people,CJ Boyce,51a60c16
info,registry,people,DJM Short,1a156c88
info,registry,people,DT Christian,2a2e6343
info,registry,people,GJ Bailey,5056011d
info,registry,people,GJ Davidson,31ad5973
info,registry,people,J Weatherald,edc7ddb6
info,registry,people,JC Archer,5574750c
info,registry,people,JR Dean,97188292
info,registry,people,JS Lehmann,c96a215f
info,registry,people,JW Wells,8bdac857
info,registry,people,L Uthenwoldt,021223ce
info,registry,people,MG Neser,0164b064
info,registry,people,MS Wade,afa7e784
info,registry,people,NJ Reardon,c7bdb5b5
info,registry,people,PL Marshall,c1ca6df3
info,registry,people,PM Siddle,bd93fea4
info,registry,people,Rashid Khan,5f547c8b
info,registry,people,SA Lightbody,680b8cbf
info,registry,people,TS Mills,245c97cb
ball,1,0.1,Adelaide Strikers,AT Carey,J Weatherald,CA Rose,0,0,,,,,,"",""
ball,1,0.2,Adelaide Strikers,AT Carey,J Weatherald,CA Rose,1,0,,,,,,"",""
ball,1,0.3,Adelaide Strikers,J Weatherald,AT Carey,CA Rose,1,0,,,,,,"",""
ball,1,0.4,Adelaide Strikers,AT Carey,J Weatherald,CA Rose,1,0,,,,,,"",""
ball,1,0.5,Adelaide Strikers,J Weatherald,AT Carey,CA Rose,0,0,,,,,,"",""
ball,1,0.6,Adelaide Strikers,J Weatherald,AT Carey,CA Rose,0,0,,,,,,"",""
ball,1,1.1,Adelaide Strikers,AT Carey,J Weatherald,DJM Short,0,1,1,,,,,"",""
ball,1,1.2,Adelaide Strikers,AT Carey,J Weatherald,DJM Short,0,0,,,,,,"",""
ball,1,1.3,Adelaide Strikers,AT Carey,J Weatherald,DJM Short,1,0,,,,,,"",""
ball,1,1.4,Adelaide Strikers,J Weatherald,AT Carey,DJM Short,0,0,,,,,,"",""
ball,1,1.5,Adelaide Strikers,J Weatherald,AT Carey,DJM Short,0,0,,,,,,"",""
ball,1,1.6,Adelaide Strikers,J Weatherald,AT Carey,DJM Short,0,0,,,,,,"",""
ball,1,1.7,Adelaide Strikers,J Weatherald,AT Carey,DJM Short,0,0,,,,,,"",""
ball,1,2.1,Adelaide Strikers,AT Carey,J Weatherald,CA Rose,1,0,,,,,,"",""
ball,1,2.2,Adelaide Strikers,J Weatherald,AT Carey,CA Rose,4,0,,,,,,"",""
ball,1,2.3,Adelaide Strikers,J Weatherald,AT Carey,CA Rose,0,0,,,,,,"",""
ball,1,2.4,Adelaide Strikers,J Weatherald,AT Carey,CA Rose,0,0,,,,,,"",""
ball,1,2.5,Adelaide Strikers,J Weatherald,AT Carey,CA Rose,1,0,,,,,,"",""
ball,1,2.6,Adelaide Strikers,AT Carey,J Weatherald,CA Rose,0,0,,,,,,"",""
ball,1,3.1,Adelaide Strikers,J Weatherald,AT Carey,JC Archer,4,0,,,,,,"",""
ball,1,3.2,Adelaide Strikers,J Weatherald,AT Carey,JC Archer,0,0,,,,,,"",""
ball,1,3.3,Adelaide Strikers,J Weatherald,AT Carey,JC Archer,0,0,,,,,,"",""
ball,1,3.4,Adelaide Strikers,J Weatherald,AT Carey,JC Archer,1,0,,,,,,"",""
ball,1,3.5,Adelaide Strikers,AT Carey,J Weatherald,JC Archer,4,0,,,,,,"",""
ball,1,3.6,Adelaide Strikers,AT Carey,J Weatherald,JC Archer,1,0,,,,,,"",""
ball,1,4.1,Adelaide Strikers,AT Carey,J Weatherald,DJM Short,0,0,,,,,,"",""
ball,1,4.2,Adelaide Strikers,AT Carey,J Weatherald,DJM Short,4,0,,,,,,"",""
ball,1,4.3,Adelaide Strikers,AT Carey,J Weatherald,DJM Short,4,0,,,,,,"",""
ball,1,4.4,Adelaide Strikers,AT Carey,J Weatherald,DJM Short,1,0,,,,,,"",""
ball,1,4.5,Adelaide Strikers,J Weatherald,AT Carey,DJM Short,1,0,,,,,,"",""
ball,1,4.6,Adelaide Strikers,AT Carey,J Weatherald,DJM Short,0,0,,,,,,"",""
ball,1,5.1,Adelaide Strikers,J Weatherald,AT Carey,TS Mills,0,0,,,,,,"",""
ball,1,5.2,Adelaide Strikers,J Weatherald,AT Carey,TS Mills,6,0,,,,,,"",""
ball,1,5.3,Adelaide Strikers,J Weatherald,AT Carey,TS Mills,1,0,,,,,,"",""
ball,1,5.4,Adelaide Strikers,AT Carey,J Weatherald,TS Mills,6,0,,,,,,"",""
ball,1,5.5,Adelaide Strikers,AT Carey,J Weatherald,TS Mills,0,0,,,,,,"",""
ball,1,5.6,Adelaide Strikers,AT Carey,J Weatherald,TS Mills,1,0,,,,,,"",""
ball,1,6.1,Adelaide Strikers,AT Carey,J Weatherald,CJ Boyce,0,0,,,,,,"",""
ball,1,6.2,Adelaide Strikers,AT Carey,J Weatherald,CJ Boyce,2,0,,,,,,"",""
ball,1,6.3,Adelaide Strikers,AT Carey,J Weatherald,CJ Boyce,1,0,,,,,,"",""
ball,1,6.4,Adelaide Strikers,J Weatherald,AT Carey,CJ Boyce,0,0,,,,,,"",""
ball,1,6.5,Adelaide Strikers,J Weatherald,AT Carey,CJ Boyce,0,0,,,,,,"",""
ball,1,6.6,Adelaide Strikers,J Weatherald,AT Carey,CJ Boyce,1,0,,,,,,"",""
ball,1,7.1,Adelaide Strikers,J Weatherald,AT Carey,DT Christian,4,0,,,,,,"",""
ball,1,7.2,Adelaide Strikers,J Weatherald,AT Carey,DT Christian,1,0,,,,,,"",""
ball,1,7.3,Adelaide Strikers,AT Carey,J Weatherald,DT Christian,4,0,,,,,,"",""
ball,1,7.4,Adelaide Strikers,AT Carey,J Weatherald,DT Christian,0,0,,,,,,"",""
ball,1,7.5,Adelaide Strikers,AT Carey,J Weatherald,DT Christian,1,0,,,,,,"",""
ball,1,7.6,Adelaide Strikers,J Weatherald,AT Carey,DT Christian,2,0,,,,,,"",""
ball,1,8.1,Adelaide Strikers,AT Carey,J Weatherald,CJ Boyce,0,0,,,,,,"",""
ball,1,8.2,Adelaide Strikers,AT Carey,J Weatherald,CJ Boyce,6,0,,,,,,"",""
ball,1,8.3,Adelaide Strikers,AT Carey,J Weatherald,CJ Boyce,1,0,,,,,,"",""
ball,1,8.4,Adelaide Strikers,J Weatherald,AT Carey,CJ Boyce,1,0,,,,,,"",""
ball,1,8.5,Adelaide Strikers,AT Carey,J Weatherald,CJ Boyce,2,0,,,,,,"",""
ball,1,8.6,Adelaide Strikers,AT Carey,J Weatherald,CJ Boyce,1,0,,,,,,"",""
ball,1,9.1,Adelaide Strikers,AT Carey,J Weatherald,DJM Short,4,0,,,,,,"",""
ball,1,9.2,Adelaide Strikers,AT Carey,J Weatherald,DJM Short,1,0,,,,,,"",""
ball,1,9.3,Adelaide Strikers,J Weatherald,AT Carey,DJM Short,6,0,,,,,,"",""
ball,1,9.4,Adelaide Strikers,J Weatherald,AT Carey,DJM Short,0,0,,,,,,"",""
ball,1,9.5,Adelaide Strikers,J Weatherald,AT Carey,DJM Short,1,0,,,,,,"",""
ball,1,9.6,Adelaide Strikers,AT Carey,J Weatherald,DJM Short,1,0,,,,,,"",""
ball,1,10.1,Adelaide Strikers,AT Carey,J Weatherald,TS Mills,1,0,,,,,,"",""
ball,1,10.2,Adelaide Strikers,J Weatherald,AT Carey,TS Mills,0,0,,,,,,"",""
ball,1,10.3,Adelaide Strikers,J Weatherald,AT Carey,TS Mills,1,0,,,,,,"",""
ball,1,10.4,Adelaide Strikers,AT Carey,J Weatherald,TS Mills,2,0,,,,,,"",""
ball,1,10.5,Adelaide Strikers,AT Carey,J Weatherald,TS Mills,4,0,,,,,,"",""
ball,1,10.6,Adelaide Strikers,AT Carey,J Weatherald,TS Mills,1,0,,,,,,"",""
ball,1,11.1,Adelaide Strikers,AT Carey,J Weatherald,JC Archer,1,0,,,,,,"",""
ball,1,11.2,Adelaide Strikers,J Weatherald,AT Carey,JC Archer,6,0,,,,,,"",""
ball,1,11.3,Adelaide Strikers,J Weatherald,AT Carey,JC Archer,0,0,,,,,,"",""
ball,1,11.4,Adelaide Strikers,J Weatherald,AT Carey,JC Archer,0,0,,,,,,"",""
ball,1,11.5,Adelaide Strikers,J Weatherald,AT Carey,JC Archer,0,1,,,,1,,"",""
ball,1,11.6,Adelaide Strikers,AT Carey,J Weatherald,JC Archer,1,1,,1,,,,"",""
ball,1,11.7,Adelaide Strikers,J Weatherald,AT Carey,JC Archer,1,0,,,,,,"",""
ball,1,12.1,Adelaide Strikers,J Weatherald,AT Carey,CA Rose,0,0,,,,,,"",""
ball,1,12.2,Adelaide Strikers,J Weatherald,AT Carey,CA Rose,1,0,,,,,,"",""
ball,1,12.3,Adelaide Strikers,AT Carey,J Weatherald,CA Rose,6,0,,,,,,"",""
ball,1,12.4,Adelaide Strikers,AT Carey,J Weatherald,CA Rose,1,0,,,,,,"",""
ball,1,12.5,Adelaide Strikers,J Weatherald,AT Carey,CA Rose,4,0,,,,,,"",""
ball,1,12.6,Adelaide Strikers,J Weatherald,AT Carey,CA Rose,1,0,,,,,,"",""
ball,1,13.1,Adelaide Strikers,J Weatherald,AT Carey,DT Christian,1,0,,,,,,"",""
ball,1,13.2,Adelaide Strikers,AT Carey,J Weatherald,DT Christian,4,0,,,,,,"",""
ball,1,13.3,Adelaide Strikers,AT Carey,J Weatherald,DT Christian,0,0,,,,,,"",""
ball,1,13.4,Adelaide Strikers,AT Carey,J Weatherald,DT Christian,0,0,,,,,,"",""
ball,1,13.5,Adelaide Strikers,AT Carey,J Weatherald,DT Christian,1,0,,,,,,"",""
ball,1,13.6,Adelaide Strikers,J Weatherald,AT Carey,DT Christian,2,0,,,,,,"",""
ball,1,14.1,Adelaide Strikers,AT Carey,J Weatherald,TS Mills,0,1,,,,1,,"",""
ball,1,14.2,Adelaide Strikers,J Weatherald,AT Carey,TS Mills,0,0,,,,,,"",""
ball,1,14.3,Adelaide Strikers,J Weatherald,AT Carey,TS Mills,0,1,,,,1,,"",""
ball,1,14.4,Adelaide Strikers,AT Carey,J Weatherald,TS Mills,1,0,,,,,,"",""
ball,1,14.5,Adelaide Strikers,J Weatherald,AT Carey,TS Mills,1,0,,,,,,"",""
ball,1,14.6,Adelaide Strikers,AT Carey,J Weatherald,TS Mills,1,0,,,,,,"",""
ball,1,15.1,Adelaide Strikers,AT Carey,J Weatherald,DT Christian,4,0,,,,,,"",""
ball,1,15.2,Adelaide Strikers,AT Carey,J Weatherald,DT Christian,4,0,,,,,,"",""
ball,1,15.3,Adelaide Strikers,AT Carey,J Weatherald,DT Christian,0,0,,,,,,"",""
ball,1,15.4,Adelaide Strikers,AT Carey,J Weatherald,DT Christian,4,0,,,,,,"",""
ball,1,15.5,Adelaide Strikers,AT Carey,J Weatherald,DT Christian,4,0,,,,,,"",""
ball,1,15.6,Adelaide Strikers,AT Carey,J Weatherald,DT Christian,6,0,,,,,,"",""
ball,1,16.1,Adelaide Strikers,J Weatherald,AT Carey,CJ Boyce,4,0,,,,,,"",""
ball,1,16.2,Adelaide Strikers,J Weatherald,AT Carey,CJ Boyce,1,0,,,,,,"",""
ball,1,16.3,Adelaide Strikers,AT Carey,J Weatherald,CJ Boyce,4,0,,,,,,"",""
ball,1,16.4,Adelaide Strikers,AT Carey,J Weatherald,CJ Boyce,1,0,,,,,,"",""
ball,1,16.5,Adelaide Strikers,J Weatherald,AT Carey,CJ Boyce,6,0,,,,,,"",""
ball,1,16.6,Adelaide Strikers,J Weatherald,AT Carey,CJ Boyce,1,0,,,,,,"",""
ball,1,17.1,Adelaide Strikers,J Weatherald,AT Carey,JC Archer,0,0,,,,,,"",""
ball,1,17.2,Adelaide Strikers,J Weatherald,AT Carey,JC Archer,0,0,,,,,,"",""
ball,1,17.3,Adelaide Strikers,J Weatherald,AT Carey,JC Archer,0,1,,,,1,,"",""
ball,1,17.4,Adelaide Strikers,AT Carey,J Weatherald,JC Archer,0,0,,,,,,run out,J Weatherald
ball,1,17.5,Adelaide Strikers,AT Carey,CA Ingram,JC Archer,0,0,,,,,,bowled,AT Carey
ball,1,17.6,Adelaide Strikers,JW Wells,CA Ingram,JC Archer,1,0,,,,,,"",""
ball,1,18.1,Adelaide Strikers,JW Wells,CA Ingram,TS Mills,4,0,,,,,,"",""
ball,1,18.2,Adelaide Strikers,JW Wells,CA Ingram,TS Mills,0,0,,,,,,"",""
ball,1,18.3,Adelaide Strikers,JW Wells,CA Ingram,TS Mills,1,0,,,,,,"",""
ball,1,18.4,Adelaide Strikers,CA Ingram,JW Wells,TS Mills,1,0,,,,,,"",""
ball,1,18.5,Adelaide Strikers,JW Wells,CA Ingram,TS Mills,1,0,,,,,,"",""
ball,1,18.6,Adelaide Strikers,CA Ingram,JW Wells,TS Mills,2,0,,,,,,"",""
ball,1,19.1,Adelaide Strikers,JW Wells,CA Ingram,JC Archer,1,0,,,,,,"",""
ball,1,19.2,Adelaide Strikers,CA Ingram,JW Wells,JC Archer,0,0,,,,,,"",""
ball,1,19.3,Adelaide Strikers,CA Ingram,JW Wells,JC Archer,1,0,,,,,,"",""
ball,1,19.4,Adelaide Strikers,JW Wells,CA Ingram,JC Archer,0,0,,,,,,lbw,JW Wells
ball,1,19.5,Adelaide Strikers,JS Lehmann,CA Ingram,JC Archer,4,0,,,,,,"",""
ball,1,19.6,Adelaide Strikers,JS Lehmann,CA Ingram,JC Archer,0,0,,,,,,bowled,JS Lehmann
ball,2,0.1,Hobart Hurricanes,AJ Doolan,DJM Short,CA Ingram,0,0,,,,,,"",""
ball,2,0.2,Hobart Hurricanes,AJ Doolan,DJM Short,CA Ingram,1,0,,,,,,"",""
ball,2,0.3,Hobart Hurricanes,DJM Short,AJ Doolan,CA Ingram,0,0,,,,,,"",""
ball,2,0.4,Hobart Hurricanes,DJM Short,AJ Doolan,CA Ingram,1,0,,,,,,"",""
ball,2,0.5,Hobart Hurricanes,AJ Doolan,DJM Short,CA Ingram,2,0,,,,,,"",""
ball,2,0.6,Hobart Hurricanes,AJ Doolan,DJM Short,CA Ingram,2,0,,,,,,"",""
ball,2,1.1,Hobart Hurricanes,DJM Short,AJ Doolan,B Stanlake,0,0,,,,,,"",""
ball,2,1.2,Hobart Hurricanes,DJM Short,AJ Doolan,B Stanlake,0,0,,,,,,"",""
ball,2,1.3,Hobart Hurricanes,DJM Short,AJ Doolan,B Stanlake,0,0,,,,,,"",""
ball,2,1.4,Hobart Hurricanes,DJM Short,AJ Doolan,B Stanlake,0,0,,,,,,"",""
ball,2,1.5,Hobart Hurricanes,DJM Short,AJ Doolan,B Stanlake,1,0,,,,,,"",""
ball,2,1.6,Hobart Hurricanes,AJ Doolan,DJM Short,B Stanlake,0,0,,,,,,"",""
ball,2,2.1,Hobart Hurricanes,DJM Short,AJ Doolan,MG Neser,0,0,,,,,,"",""
ball,2,2.2,Hobart Hurricanes,DJM Short,AJ Doolan,MG Neser,4,0,,,,,,"",""
ball,2,2.3,Hobart Hurricanes,DJM Short,AJ Doolan,MG Neser,2,0,,,,,,"",""
ball,2,2.4,Hobart Hurricanes,DJM Short,AJ Doolan,MG Neser,6,0,,,,,,"",""
ball,2,2.5,Hobart Hurricanes,DJM Short,AJ Doolan,MG Neser,4,0,,,,,,"",""
ball,2,2.6,Hobart Hurricanes,DJM Short,AJ Doolan,MG Neser,2,0,,,,,,"",""
ball,2,3.1,Hobart Hurricanes,AJ Doolan,DJM Short,B Stanlake,0,0,,,,,,"",""
ball,2,3.2,Hobart Hurricanes,AJ Doolan,DJM Short,B Stanlake,4,0,,,,,,"",""
ball,2,3.3,Hobart Hurricanes,AJ Doolan,DJM Short,B Stanlake,0,0,,,,,,"",""
ball,2,3.4,Hobart Hurricanes,AJ Doolan,DJM Short,B Stanlake,1,0,,,,,,"",""
ball,2,3.5,Hobart Hurricanes,DJM Short,AJ Doolan,B Stanlake,0,0,,,,,,"",""
ball,2,3.6,Hobart Hurricanes,DJM Short,AJ Doolan,B Stanlake,0,0,,,,,,"",""
ball,2,4.1,Hobart Hurricanes,AJ Doolan,DJM Short,Rashid Khan,0,0,,,,,,"",""
ball,2,4.2,Hobart Hurricanes,AJ Doolan,DJM Short,Rashid Khan,0,1,1,,,,,"",""
ball,2,4.3,Hobart Hurricanes,AJ Doolan,DJM Short,Rashid Khan,1,0,,,,,,"",""
ball,2,4.4,Hobart Hurricanes,DJM Short,AJ Doolan,Rashid Khan,1,0,,,,,,"",""
ball,2,4.5,Hobart Hurricanes,AJ Doolan,DJM Short,Rashid Khan,0,0,,,,,,"",""
ball,2,4.6,Hobart Hurricanes,AJ Doolan,DJM Short,Rashid Khan,0,1,,,,1,,"",""
ball,2,4.7,Hobart Hurricanes,DJM Short,AJ Doolan,Rashid Khan,0,0,,,,,,"",""
ball,2,5.1,Hobart Hurricanes,AJ Doolan,DJM Short,B Laughlin,0,0,,,,,,"",""
ball,2,5.2,Hobart Hurricanes,AJ Doolan,DJM Short,B Laughlin,1,0,,,,,,"",""
ball,2,5.3,Hobart Hurricanes,DJM Short,AJ Doolan,B Laughlin,0,0,,,,,,"",""
ball,2,5.4,Hobart Hurricanes,DJM Short,AJ Doolan,B Laughlin,0,0,,,,,,"",""
ball,2,5.5,Hobart Hurricanes,DJM Short,AJ Doolan,B Laughlin,0,1,1,,,,,"",""
ball,2,5.6,Hobart Hurricanes,DJM Short,AJ Doolan,B Laughlin,6,0,,,,,,"",""
ball,2,5.7,Hobart Hurricanes,DJM Short,AJ Doolan,B Laughlin,0,0,,,,,,"",""
ball,2,6.1,Hobart Hurricanes,AJ Doolan,DJM Short,MG Neser,0,0,,,,,,"",""
ball,2,6.2,Hobart Hurricanes,AJ Doolan,DJM Short,MG Neser,1,0,,,,,,"",""
ball,2,6.3,Hobart Hurricanes,DJM Short,AJ Doolan,MG Neser,1,0,,,,,,"",""
ball,2,6.4,Hobart Hurricanes,AJ Doolan,DJM Short,MG Neser,1,0,,,,,,"",""
ball,2,6.5,Hobart Hurricanes,DJM Short,AJ Doolan,MG Neser,0,0,,,,,,"",""
ball,2,6.6,Hobart Hurricanes,DJM Short,AJ Doolan,MG Neser,0,0,,,,,,caught,DJM Short
ball,2,7.1,Hobart Hurricanes,AJ Doolan,GJ Bailey,B Stanlake,2,0,,,,,,"",""
ball,2,7.2,Hobart Hurricanes,AJ Doolan,GJ Bailey,B Stanlake,1,0,,,,,,"",""
ball,2,7.3,Hobart Hurricanes,GJ Bailey,AJ Doolan,B Stanlake,4,0,,,,,,"",""
ball,2,7.4,Hobart Hurricanes,GJ Bailey,AJ Doolan,B Stanlake,0,0,,,,,,"",""
ball,2,7.5,Hobart Hurricanes,GJ Bailey,AJ Doolan,B Stanlake,0,0,,,,,,"",""
ball,2,7.6,Hobart Hurricanes,GJ Bailey,AJ Doolan,B Stanlake,1,0,,,,,,"",""
ball,2,8.1,Hobart Hurricanes,GJ Bailey,AJ Doolan,PM Siddle,1,0,,,,,,"",""
ball,2,8.2,Hobart Hurricanes,AJ Doolan,GJ Bailey,PM Siddle,1,0,,,,,,"",""
ball,2,8.3,Hobart Hurricanes,GJ Bailey,AJ Doolan,PM Siddle,1,0,,,,,,"",""
ball,2,8.4,Hobart Hurricanes,AJ Doolan,GJ Bailey,PM Siddle,0,0,,,,,,"",""
ball,2,8.5,Hobart Hurricanes,AJ Doolan,GJ Bailey,PM Siddle,1,0,,,,,,"",""
ball,2,8.6,Hobart Hurricanes,GJ Bailey,AJ Doolan,PM Siddle,0,0,,,,,,bowled,GJ Bailey
ball,2,9.1,Hobart Hurricanes,AJ Doolan,BR McDermott,Rashid Khan,1,0,,,,,,"",""
ball,2,9.2,Hobart Hurricanes,BR McDermott,AJ Doolan,Rashid Khan,0,2,2,,,,,"",""
ball,2,9.3,Hobart Hurricanes,AJ Doolan,BR McDermott,Rashid Khan,0,0,,,,,,"",""
ball,2,9.4,Hobart Hurricanes,AJ Doolan,BR McDermott,Rashid Khan,1,0,,,,,,"",""
ball,2,9.5,Hobart Hurricanes,BR McDermott,AJ Doolan,Rashid Khan,1,0,,,,,,"",""
ball,2,9.6,Hobart Hurricanes,AJ Doolan,BR McDermott,Rashid Khan,1,0,,,,,,"",""
ball,2,9.7,Hobart Hurricanes,BR McDermott,AJ Doolan,Rashid Khan,0,0,,,,,,"",""
ball,2,10.1,Hobart Hurricanes,AJ Doolan,BR McDermott,PM Siddle,2,0,,,,,,"",""
ball,2,10.2,Hobart Hurricanes,AJ Doolan,BR McDermott,PM Siddle,1,0,,,,,,"",""
ball,2,10.3,Hobart Hurricanes,BR McDermott,AJ Doolan,PM Siddle,2,0,,,,,,"",""
ball,2,10.4,Hobart Hurricanes,BR McDermott,AJ Doolan,PM Siddle,0,0,,,,,,"",""
ball,2,10.5,Hobart Hurricanes,BR McDermott,AJ Doolan,PM Siddle,1,1,,1,,,,"",""
ball,2,10.6,Hobart Hurricanes,AJ Doolan,BR McDermott,PM Siddle,1,0,,,,,,"",""
ball,2,10.7,Hobart Hurricanes,BR McDermott,AJ Doolan,PM Siddle,1,0,,,,,,"",""
ball,2,11.1,Hobart Hurricanes,BR McDermott,AJ Doolan,B Laughlin,4,0,,,,,,"",""
ball,2,11.2,Hobart Hurricanes,BR McDermott,AJ Doolan,B Laughlin,1,0,,,,,,"",""
ball,2,11.3,Hobart Hurricanes,AJ Doolan,BR McDermott,B Laughlin,0,0,,,,,,"",""
ball,2,11.4,Hobart Hurricanes,AJ Doolan,BR McDermott,B Laughlin,0,0,,,,,,"",""
ball,2,11.5,Hobart Hurricanes,AJ Doolan,BR McDermott,B Laughlin,0,4,,,4,,,"",""
ball,2,11.6,Hobart Hurricanes,AJ Doolan,BR McDermott,B Laughlin,4,0,,,,,,"",""
ball,2,12.1,Hobart Hurricanes,BR McDermott,AJ Doolan,MG Neser,2,0,,,,,,"",""
ball,2,12.2,Hobart Hurricanes,BR McDermott,AJ Doolan,MG Neser,1,0,,,,,,"",""
ball,2,12.3,Hobart Hurricanes,AJ Doolan,BR McDermott,MG Neser,0,0,,,,,,"",""
ball,2,12.4,Hobart Hurricanes,AJ Doolan,BR McDermott,MG Neser,4,0,,,,,,"",""
ball,2,12.5,Hobart Hurricanes,AJ Doolan,BR McDermott,MG Neser,4,0,,,,,,"",""
ball,2,12.6,Hobart Hurricanes,AJ Doolan,BR McDermott,MG Neser,1,0,,,,,,"",""
ball,2,13.1,Hobart Hurricanes,AJ Doolan,BR McDermott,Rashid Khan,6,0,,,,,,"",""
ball,2,13.2,Hobart Hurricanes,AJ Doolan,BR McDermott,Rashid Khan,0,0,,,,,,"",""
ball,2,13.3,Hobart Hurricanes,AJ Doolan,BR McDermott,Rashid Khan,1,0,,,,,,"",""
ball,2,13.4,Hobart Hurricanes,BR McDermott,AJ Doolan,Rashid Khan,1,0,,,,,,"",""
ball,2,13.5,Hobart Hurricanes,AJ Doolan,BR McDermott,Rashid Khan,6,0,,,,,,"",""
ball,2,13.6,Hobart Hurricanes,AJ Doolan,BR McDermott,Rashid Khan,6,0,,,,,,"",""
ball,2,14.1,Hobart Hurricanes,BR McDermott,AJ Doolan,B Stanlake,1,0,,,,,,"",""
ball,2,14.2,Hobart Hurricanes,AJ Doolan,BR McDermott,B Stanlake,1,0,,,,,,"",""
ball,2,14.3,Hobart Hurricanes,BR McDermott,AJ Doolan,B Stanlake,4,0,,,,,,"",""
ball,2,14.4,Hobart Hurricanes,BR McDermott,AJ Doolan,B Stanlake,2,0,,,,,,"",""
ball,2,14.5,Hobart Hurricanes,BR McDermott,AJ Doolan,B Stanlake,1,0,,,,,,"",""
ball,2,14.6,Hobart Hurricanes,AJ Doolan,BR McDermott,B Stanlake,2,0,,,,,,"",""
ball,2,15.1,Hobart Hurricanes,BR McDermott,AJ Doolan,B Laughlin,1,0,,,,,,"",""
ball,2,15.2,Hobart Hurricanes,AJ Doolan,BR McDermott,B Laughlin,2,0,,,,,,"",""
ball,2,15.3,Hobart Hurricanes,AJ Doolan,BR McDermott,B Laughlin,1,0,,,,,,"",""
ball,2,15.4,Hobart Hurricanes,BR McDermott,AJ Doolan,B Laughlin,1,0,,,,,,"",""
ball,2,15.5,Hobart Hurricanes,AJ Doolan,BR McDermott,B Laughlin,1,0,,,,,,"",""
ball,2,15.6,Hobart Hurricanes,BR McDermott,AJ Doolan,B Laughlin,0,1,,,,1,,"",""
ball,2,16.1,Hobart Hurricanes,BR McDermott,AJ Doolan,Rashid Khan,4,0,,,,,,"",""
ball,2,16.2,Hobart Hurricanes,BR McDermott,AJ Doolan,Rashid Khan,1,0,,,,,,"",""
ball,2,16.3,Hobart Hurricanes,AJ Doolan,BR McDermott,Rashid Khan,0,0,,,,,,"",""
ball,2,16.4,Hobart Hurricanes,AJ Doolan,BR McDermott,Rashid Khan,1,0,,,,,,"",""
ball,2,16.5,Hobart Hurricanes,BR McDermott,AJ Doolan,Rashid Khan,0,0,,,,,,"",""
ball,2,16.6,Hobart Hurricanes,BR McDermott,AJ Doolan,Rashid Khan,0,1,,,1,,,"",""
ball,2,17.1,Hobart Hurricanes,BR McDermott,AJ Doolan,B Laughlin,2,0,,,,,,"",""
ball,2,17.2,Hobart Hurricanes,BR McDermott,AJ Doolan,B Laughlin,6,0,,,,,,"",""
ball,2,17.3,Hobart Hurricanes,BR McDermott,AJ Doolan,B Laughlin,2,0,,,,,,"",""
ball,2,17.4,Hobart Hurricanes,BR McDermott,AJ Doolan,B Laughlin,0,0,,,,,,"",""
ball,2,17.5,Hobart Hurricanes,BR McDermott,AJ Doolan,B Laughlin,2,1,,1,,,,"",""
ball,2,17.6,Hobart Hurricanes,BR McDermott,AJ Doolan,B Laughlin,4,0,,,,,,"",""
ball,2,17.7,Hobart Hurricanes,BR McDermott,AJ Doolan,B Laughlin,0,0,,,,,,caught,BR McDermott
ball,2,18.1,Hobart Hurricanes,AJ Doolan,DT Christian,PM Siddle,1,0,,,,,,"",""
ball,2,18.2,Hobart Hurricanes,DT Christian,AJ Doolan,PM Siddle,1,0,,,,,,"",""
ball,2,18.3,Hobart Hurricanes,AJ Doolan,DT Christian,PM Siddle,0,1,1,,,,,"",""
ball,2,18.4,Hobart Hurricanes,AJ Doolan,DT Christian,PM Siddle,1,0,,,,,,"",""
ball,2,18.5,Hobart Hurricanes,DT Christian,AJ Doolan,PM Siddle,0,1,,,,1,,"",""
ball,2,18.6,Hobart Hurricanes,AJ Doolan,DT Christian,PM Siddle,1,0,,,,,,"",""
ball,2,18.7,Hobart Hurricanes,DT Christian,AJ Doolan,PM Siddle,0,1,,,,1,,"",""
ball,2,19.1,Hobart Hurricanes,DT Christian,AJ Doolan,MG Neser,1,0,,,,,,run out,DT Christian
ball,2,19.2,Hobart Hurricanes,JC Archer,AJ Doolan,MG Neser,1,0,,,,,,"",""
ball,2,19.3,Hobart Hurricanes,AJ Doolan,JC Archer,MG Neser,1,1,,1,,,,"",""
ball,2,19.4,Hobart Hurricanes,JC Archer,AJ Doolan,MG Neser,2,0,,,,,,"",""
ball,2,19.5,Hobart Hurricanes,JC Archer,AJ Doolan,MG Neser,1,0,,,,,,"",""
ball,2,19.6,Hobart Hurricanes,AJ Doolan,JC Archer,MG Neser,0,3,,,,3,,"",""
ball,2,19.7,Hobart Hurricanes,JC Archer,AJ Doolan,MG Neser,0,0,,,,,,"",""
