version,1.6.0
info,balls_per_over,6
info,team,Melbourne Stars
info,team,Hobart Hurricanes
info,gender,male
info,season,2017/18
info,date,2018/01/27
info,event,Big Bash League
info,match_number,39
info,venue,Melbourne Cricket Ground
info,city,Melbourne
info,toss_winner,Melbourne Stars
info,toss_decision,field
info,player_of_match,KP Pietersen
info,umpire,PJ Gillespie
info,umpire,GA Abood
info,reserve_umpire,S Brne
info,tv_umpire,AK Wilds
info,match_referee,PL Marshall
info,winner,Melbourne Stars
info,winner_wickets,3
info,player,Hobart Hurricanes,MS Wade
info,player,Hobart Hurricanes,DJM Short
info,player,Hobart Hurricanes,GJ Bailey
info,player,Hobart Hurricanes,BR McDermott
info,player,Hobart Hurricanes,DT Christian
info,player,Hobart Hurricanes,S Milenko
info,player,Hobart Hurricanes,NJ Reardon
info,player,Hobart Hurricanes,JC Archer
info,player,Hobart Hurricanes,CJ Boyce
info,player,Hobart Hurricanes,CA Rose
info,player,Hobart Hurricanes,TS Mills
info,player,Melbourne Stars,PSP Handscomb
info,player,Melbourne Stars,BR Dunk
info,player,Melbourne Stars,JP Faulkner
info,player,Melbourne Stars,RJ Quiney
info,player,Melbourne Stars,KP Pietersen
info,player,Melbourne Stars,JW Hastings
info,player,Melbourne Stars,SE Gotch
info,player,Melbourne Stars,EP Gulbis
info,player,Melbourne Stars,DJ Worrall
info,player,Melbourne Stars,JR Coleman
info,player,Melbourne Stars,L Bowe
info,registry,people,AK Wilds,de412f40
info,registry,people,BR Dunk,272d796e
info,registry,people,BR McDermott,c41043e6
info,registry,people,CA Rose,7517d134
info,registry,people,CJ Boyce,51a60c16
info,registry,people,DJ Worrall,208f22ea
info,registry,people,DJM Short,1a156c88
info,registry,people,DT Christian,2a2e6343
info,registry,people,EP Gulbis,bbce4647
info,registry,people,GA Abood,a4af5528
info,registry,people,GJ Bailey,5056011d
info,registry,people,JC Archer,5574750c
info,registry,people,JP Faulkner,808f425a
info,registry,people,JR Coleman,de6efa4a
info,registry,people,JW Hastings,012829ff
info,registry,people,KP Pietersen,39f01cdb
info,registry,people,L Bowe,a5b71472
info,registry,people,MS Wade,afa7e784
info,registry,people,NJ Reardon,c7bdb5b5
info,registry,people,PJ Gillespie,3e253a50
info,registry,people,PL Marshall,c1ca6df3
info,registry,people,PSP Handscomb,ada15e88
info,registry,people,RJ Quiney,23ac69e6
info,registry,people,S Brne,f552dfcb
info,registry,people,S Milenko,479f9b04
info,registry,people,SE Gotch,9a0e4ca5
info,registry,people,TS Mills,245c97cb
ball,1,0.1,Hobart Hurricanes,MS Wade,DJM Short,BR Dunk,0,1,1,,,,,"",""
ball,1,0.2,Hobart Hurricanes,MS Wade,DJM Short,BR Dunk,0,0,,,,,,"",""
ball,1,0.3,Hobart Hurricanes,MS Wade,DJM Short,BR Dunk,0,0,,,,,,"",""
ball,1,0.4,Hobart Hurricanes,MS Wade,DJM Short,BR Dunk,1,0,,,,,,"",""
ball,1,0.5,Hobart Hurricanes,DJM Short,MS Wade,BR Dunk,0,0,,,,,,lbw,DJM Short
ball,1,0.6,Hobart Hurricanes,GJ Bailey,MS Wade,BR Dunk,0,0,,,,,,"",""
ball,1,0.7,Hobart Hurricanes,GJ Bailey,MS Wade,BR Dunk,1,0,,,,,,"",""
ball,1,1.1,Hobart Hurricanes,GJ Bailey,MS Wade,DJ Worrall,0,4,,,,4,,"",""
ball,1,1.2,Hobart Hurricanes,GJ Bailey,MS Wade,DJ Worrall,1,0,,,,,,"",""
ball,1,1.3,Hobart Hurricanes,MS Wade,GJ Bailey,DJ Worrall,1,0,,,,,,"",""
ball,1,1.4,Hobart Hurricanes,GJ Bailey,MS Wade,DJ Worrall,0,0,,,,,,"",""
ball,1,1.5,Hobart Hurricanes,GJ Bailey,MS Wade,DJ Worrall,2,0,,,,,,"",""
ball,1,1.6,Hobart Hurricanes,GJ Bailey,MS Wade,DJ Worrall,1,0,,,,,,"",""
ball,1,2.1,Hobart Hurricanes,GJ Bailey,MS Wade,BR Dunk,3,0,,,,,,"",""
ball,1,2.2,Hobart Hurricanes,MS Wade,GJ Bailey,BR Dunk,1,0,,,,,,"",""
ball,1,2.3,Hobart Hurricanes,GJ Bailey,MS Wade,BR Dunk,2,0,,,,,,"",""
ball,1,2.4,Hobart Hurricanes,GJ Bailey,MS Wade,BR Dunk,4,0,,,,,,"",""
ball,1,2.5,Hobart Hurricanes,GJ Bailey,MS Wade,BR Dunk,6,0,,,,,,"",""
ball,1,2.6,Hobart Hurricanes,GJ Bailey,MS Wade,BR Dunk,0,0,,,,,,"",""
ball,1,3.1,Hobart Hurricanes,MS Wade,GJ Bailey,JR Coleman,0,1,1,,,,,"",""
ball,1,3.2,Hobart Hurricanes,MS Wade,GJ Bailey,JR Coleman,0,1,1,,,,,"",""
ball,1,3.3,Hobart Hurricanes,MS Wade,GJ Bailey,JR Coleman,0,1,1,,,,,"",""
ball,1,3.4,Hobart Hurricanes,MS Wade,GJ Bailey,JR Coleman,4,0,,,,,,"",""
ball,1,3.5,Hobart Hurricanes,MS Wade,GJ Bailey,JR Coleman,1,0,,,,,,"",""
ball,1,3.6,Hobart Hurricanes,GJ Bailey,MS Wade,JR Coleman,0,0,,,,,,"",""
ball,1,3.7,Hobart Hurricanes,GJ Bailey,MS Wade,JR Coleman,0,0,,,,,,"",""
ball,1,3.8,Hobart Hurricanes,GJ Bailey,MS Wade,JR Coleman,4,0,,,,,,"",""
ball,1,3.9,Hobart Hurricanes,GJ Bailey,MS Wade,JR Coleman,4,0,,,,,,"",""
ball,1,4.1,Hobart Hurricanes,MS Wade,GJ Bailey,EP Gulbis,4,0,,,,,,"",""
ball,1,4.2,Hobart Hurricanes,MS Wade,GJ Bailey,EP Gulbis,1,0,,,,,,"",""
ball,1,4.3,Hobart Hurricanes,GJ Bailey,MS Wade,EP Gulbis,0,0,,,,,,"",""
ball,1,4.4,Hobart Hurricanes,GJ Bailey,MS Wade,EP Gulbis,2,0,,,,,,"",""
ball,1,4.5,Hobart Hurricanes,GJ Bailey,MS Wade,EP Gulbis,2,0,,,,,,"",""
ball,1,4.6,Hobart Hurricanes,GJ Bailey,MS Wade,EP Gulbis,0,0,,,,,,caught,GJ Bailey
ball,1,5.1,Hobart Hurricanes,MS Wade,BR McDermott,JW Hastings,4,0,,,,,,"",""
ball,1,5.2,Hobart Hurricanes,MS Wade,BR McDermott,JW Hastings,0,0,,,,,,caught,MS Wade
ball,1,5.3,Hobart Hurricanes,BR McDermott,DT Christian,JW Hastings,0,0,,,,,,"",""
ball,1,5.4,Hobart Hurricanes,BR McDermott,DT Christian,JW Hastings,0,0,,,,,,"",""
ball,1,5.5,Hobart Hurricanes,BR McDermott,DT Christian,JW Hastings,0,0,,,,,,"",""
ball,1,5.6,Hobart Hurricanes,BR McDermott,DT Christian,JW Hastings,0,0,,,,,,"",""
ball,1,6.1,Hobart Hurricanes,DT Christian,BR McDermott,L Bowe,1,0,,,,,,"",""
ball,1,6.2,Hobart Hurricanes,BR McDermott,DT Christian,L Bowe,1,0,,,,,,"",""
ball,1,6.3,Hobart Hurricanes,DT Christian,BR McDermott,L Bowe,0,0,,,,,,"",""
ball,1,6.4,Hobart Hurricanes,DT Christian,BR McDermott,L Bowe,4,0,,,,,,"",""
ball,1,6.5,Hobart Hurricanes,DT Christian,BR McDermott,L Bowe,0,0,,,,,,"",""
ball,1,6.6,Hobart Hurricanes,DT Christian,BR McDermott,L Bowe,0,0,,,,,,"",""
ball,1,7.1,Hobart Hurricanes,BR McDermott,DT Christian,JW Hastings,1,0,,,,,,"",""
ball,1,7.2,Hobart Hurricanes,DT Christian,BR McDermott,JW Hastings,0,1,1,,,,,"",""
ball,1,7.3,Hobart Hurricanes,DT Christian,BR McDermott,JW Hastings,0,0,,,,,,"",""
ball,1,7.4,Hobart Hurricanes,DT Christian,BR McDermott,JW Hastings,2,0,,,,,,"",""
ball,1,7.5,Hobart Hurricanes,DT Christian,BR McDermott,JW Hastings,1,0,,,,,,"",""
ball,1,7.6,Hobart Hurricanes,BR McDermott,DT Christian,JW Hastings,1,0,,,,,,"",""
ball,1,7.7,Hobart Hurricanes,DT Christian,BR McDermott,JW Hastings,1,0,,,,,,"",""
ball,1,8.1,Hobart Hurricanes,DT Christian,BR McDermott,L Bowe,1,0,,,,,,"",""
ball,1,8.2,Hobart Hurricanes,BR McDermott,DT Christian,L Bowe,1,0,,,,,,"",""
ball,1,8.3,Hobart Hurricanes,DT Christian,BR McDermott,L Bowe,2,0,,,,,,"",""
ball,1,8.4,Hobart Hurricanes,DT Christian,BR McDermott,L Bowe,1,0,,,,,,"",""
ball,1,8.5,Hobart Hurricanes,BR McDermott,DT Christian,L Bowe,0,0,,,,,,"",""
ball,1,8.6,Hobart Hurricanes,BR McDermott,DT Christian,L Bowe,1,0,,,,,,"",""
ball,1,9.1,Hobart Hurricanes,BR McDermott,DT Christian,EP Gulbis,0,0,,,,,,"",""
ball,1,9.2,Hobart Hurricanes,BR McDermott,DT Christian,EP Gulbis,3,0,,,,,,"",""
ball,1,9.3,Hobart Hurricanes,DT Christian,BR McDermott,EP Gulbis,0,1,1,,,,,"",""
ball,1,9.4,Hobart Hurricanes,DT Christian,BR McDermott,EP Gulbis,1,0,,,,,,"",""
ball,1,9.5,Hobart Hurricanes,BR McDermott,DT Christian,EP Gulbis,1,0,,,,,,"",""
ball,1,9.6,Hobart Hurricanes,DT Christian,BR McDermott,EP Gulbis,1,0,,,,,,"",""
ball,1,9.7,Hobart Hurricanes,BR McDermott,DT Christian,EP Gulbis,1,0,,,,,,"",""
ball,1,10.1,Hobart Hurricanes,BR McDermott,DT Christian,JP Faulkner,4,0,,,,,,"",""
ball,1,10.2,Hobart Hurricanes,BR McDermott,DT Christian,JP Faulkner,0,0,,,,,,"",""
ball,1,10.3,Hobart Hurricanes,BR McDermott,DT Christian,JP Faulkner,4,0,,,,,,"",""
ball,1,10.4,Hobart Hurricanes,BR McDermott,DT Christian,JP Faulkner,1,0,,,,,,"",""
ball,1,10.5,Hobart Hurricanes,DT Christian,BR McDermott,JP Faulkner,1,0,,,,,,"",""
ball,1,10.6,Hobart Hurricanes,BR McDermott,DT Christian,JP Faulkner,2,0,,,,,,"",""
ball,1,11.1,Hobart Hurricanes,DT Christian,BR McDermott,L Bowe,4,0,,,,,,"",""
ball,1,11.2,Hobart Hurricanes,DT Christian,BR McDermott,L Bowe,1,0,,,,,,"",""
ball,1,11.3,Hobart Hurricanes,BR McDermott,DT Christian,L Bowe,0,0,,,,,,"",""
ball,1,11.4,Hobart Hurricanes,BR McDermott,DT Christian,L Bowe,0,0,,,,,,lbw,BR McDermott
ball,1,11.5,Hobart Hurricanes,S Milenko,DT Christian,L Bowe,0,0,,,,,,"",""
ball,1,11.6,Hobart Hurricanes,S Milenko,DT Christian,L Bowe,1,0,,,,,,"",""
ball,1,12.1,Hobart Hurricanes,S Milenko,DT Christian,EP Gulbis,1,0,,,,,,"",""
ball,1,12.2,Hobart Hurricanes,DT Christian,S Milenko,EP Gulbis,1,0,,,,,,"",""
ball,1,12.3,Hobart Hurricanes,S Milenko,DT Christian,EP Gulbis,1,0,,,,,,"",""
ball,1,12.4,Hobart Hurricanes,DT Christian,S Milenko,EP Gulbis,0,0,,,,,,"",""
ball,1,12.5,Hobart Hurricanes,DT Christian,S Milenko,EP Gulbis,1,0,,,,,,"",""
ball,1,12.6,Hobart Hurricanes,S Milenko,DT Christian,EP Gulbis,1,0,,,,,,"",""
ball,1,13.1,Hobart Hurricanes,S Milenko,DT Christian,JP Faulkner,0,0,,,,,,caught,S Milenko
ball,1,13.2,Hobart Hurricanes,NJ Reardon,DT Christian,JP Faulkner,0,0,,,,,,"",""
ball,1,13.3,Hobart Hurricanes,NJ Reardon,DT Christian,JP Faulkner,2,0,,,,,,"",""
ball,1,13.4,Hobart Hurricanes,NJ Reardon,DT Christian,JP Faulkner,0,0,,,,,,"",""
ball,1,13.5,Hobart Hurricanes,NJ Reardon,DT Christian,JP Faulkner,1,0,,,,,,"",""
ball,1,13.6,Hobart Hurricanes,DT Christian,NJ Reardon,JP Faulkner,0,1,1,,,,,"",""
ball,1,13.7,Hobart Hurricanes,DT Christian,NJ Reardon,JP Faulkner,1,0,,,,,,"",""
ball,1,14.1,Hobart Hurricanes,DT Christian,NJ Reardon,L Bowe,0,1,1,,,,,"",""
ball,1,14.2,Hobart Hurricanes,DT Christian,NJ Reardon,L Bowe,1,0,,,,,,"",""
ball,1,14.3,Hobart Hurricanes,NJ Reardon,DT Christian,L Bowe,1,0,,,,,,"",""
ball,1,14.4,Hobart Hurricanes,DT Christian,NJ Reardon,L Bowe,6,0,,,,,,"",""
ball,1,14.5,Hobart Hurricanes,DT Christian,NJ Reardon,L Bowe,1,0,,,,,,"",""
ball,1,14.6,Hobart Hurricanes,NJ Reardon,DT Christian,L Bowe,0,0,,,,,,"",""
ball,1,14.7,Hobart Hurricanes,NJ Reardon,DT Christian,L Bowe,0,0,,,,,,"",""
ball,1,15.1,Hobart Hurricanes,DT Christian,NJ Reardon,JP Faulkner,0,0,,,,,,"",""
ball,1,15.2,Hobart Hurricanes,DT Christian,NJ Reardon,JP Faulkner,1,0,,,,,,"",""
ball,1,15.3,Hobart Hurricanes,NJ Reardon,DT Christian,JP Faulkner,1,0,,,,,,"",""
ball,1,15.4,Hobart Hurricanes,DT Christian,NJ Reardon,JP Faulkner,2,0,,,,,,"",""
ball,1,15.5,Hobart Hurricanes,DT Christian,NJ Reardon,JP Faulkner,0,0,,,,,,"",""
ball,1,15.6,Hobart Hurricanes,DT Christian,NJ Reardon,JP Faulkner,1,0,,,,,,"",""
ball,1,16.1,Hobart Hurricanes,DT Christian,NJ Reardon,DJ Worrall,0,1,1,,,,,"",""
ball,1,16.2,Hobart Hurricanes,DT Christian,NJ Reardon,DJ Worrall,1,0,,,,,,"",""
ball,1,16.3,Hobart Hurricanes,NJ Reardon,DT Christian,DJ Worrall,0,0,,,,,,"",""
ball,1,16.4,Hobart Hurricanes,NJ Reardon,DT Christian,DJ Worrall,4,0,,,,,,"",""
ball,1,16.5,Hobart Hurricanes,NJ Reardon,DT Christian,DJ Worrall,6,0,,,,,,"",""
ball,1,16.6,Hobart Hurricanes,NJ Reardon,DT Christian,DJ Worrall,0,0,,,,,,"",""
ball,1,16.7,Hobart Hurricanes,NJ Reardon,DT Christian,DJ Worrall,1,0,,,,,,"",""
ball,1,17.1,Hobart Hurricanes,NJ Reardon,DT Christian,JW Hastings,6,0,,,,,,"",""
ball,1,17.2,Hobart Hurricanes,NJ Reardon,DT Christian,JW Hastings,2,0,,,,,,"",""
ball,1,17.3,Hobart Hurricanes,NJ Reardon,DT Christian,JW Hastings,4,0,,,,,,"",""
ball,1,17.4,Hobart Hurricanes,NJ Reardon,DT Christian,JW Hastings,0,0,,,,,,"",""
ball,1,17.5,Hobart Hurricanes,NJ Reardon,DT Christian,JW Hastings,2,0,,,,,,"",""
ball,1,17.6,Hobart Hurricanes,NJ Reardon,DT Christian,JW Hastings,1,0,,,,,,"",""
ball,1,18.1,Hobart Hurricanes,NJ Reardon,DT Christian,EP Gulbis,1,0,,,,,,"",""
ball,1,18.2,Hobart Hurricanes,DT Christian,NJ Reardon,EP Gulbis,2,0,,,,,,"",""
ball,1,18.3,Hobart Hurricanes,DT Christian,NJ Reardon,EP Gulbis,6,0,,,,,,"",""
ball,1,18.4,Hobart Hurricanes,DT Christian,NJ Reardon,EP Gulbis,4,0,,,,,,"",""
ball,1,18.5,Hobart Hurricanes,DT Christian,NJ Reardon,EP Gulbis,1,0,,,,,,"",""
ball,1,18.6,Hobart Hurricanes,NJ Reardon,DT Christian,EP Gulbis,0,0,,,,,,"",""
ball,1,19.1,Hobart Hurricanes,DT Christian,NJ Reardon,JW Hastings,4,1,,1,,,,"",""
ball,1,19.2,Hobart Hurricanes,DT Christian,NJ Reardon,JW Hastings,2,0,,,,,,"",""
ball,1,19.3,Hobart Hurricanes,DT Christian,NJ Reardon,JW Hastings,0,1,1,,,,,"",""
ball,1,19.4,Hobart Hurricanes,DT Christian,NJ Reardon,JW Hastings,0,0,,,,,,caught,DT Christian
ball,1,19.5,Hobart Hurricanes,JC Archer,NJ Reardon,JW Hastings,6,0,,,,,,"",""
ball,1,19.6,Hobart Hurricanes,JC Archer,NJ Reardon,JW Hastings,1,0,,,,,,"",""
ball,1,19.7,Hobart Hurricanes,NJ Reardon,JC Archer,JW Hastings,0,0,,,,,,run out,NJ Reardon
ball,1,19.8,Hobart Hurricanes,JC Archer,CJ Boyce,JW Hastings,0,1,,,1,,,"",""
ball,2,0.1,Melbourne Stars,PSP Handscomb,BR Dunk,CA Rose,1,0,,,,,,"",""
ball,2,0.2,Melbourne Stars,BR Dunk,PSP Handscomb,CA Rose,1,0,,,,,,"",""
ball,2,0.3,Melbourne Stars,PSP Handscomb,BR Dunk,CA Rose,1,0,,,,,,"",""
ball,2,0.4,Melbourne Stars,BR Dunk,PSP Handscomb,CA Rose,1,0,,,,,,"",""
ball,2,0.5,Melbourne Stars,PSP Handscomb,BR Dunk,CA Rose,1,0,,,,,,"",""
ball,2,0.6,Melbourne Stars,BR Dunk,PSP Handscomb,CA Rose,1,0,,,,,,"",""
ball,2,1.1,Melbourne Stars,BR Dunk,PSP Handscomb,JC Archer,1,0,,,,,,"",""
ball,2,1.2,Melbourne Stars,PSP Handscomb,BR Dunk,JC Archer,2,0,,,,,,"",""
ball,2,1.3,Melbourne Stars,PSP Handscomb,BR Dunk,JC Archer,1,0,,,,,,"",""
ball,2,1.4,Melbourne Stars,BR Dunk,PSP Handscomb,JC Archer,2,0,,,,,,"",""
ball,2,1.5,Melbourne Stars,BR Dunk,PSP Handscomb,JC Archer,0,0,,,,,,"",""
ball,2,1.6,Melbourne Stars,BR Dunk,PSP Handscomb,JC Archer,0,0,,,,,,"",""
ball,2,2.1,Melbourne Stars,PSP Handscomb,BR Dunk,CA Rose,0,1,,,1,,,"",""
ball,2,2.2,Melbourne Stars,BR Dunk,PSP Handscomb,CA Rose,6,0,,,,,,"",""
ball,2,2.3,Melbourne Stars,BR Dunk,PSP Handscomb,CA Rose,1,0,,,,,,"",""
ball,2,2.4,Melbourne Stars,PSP Handscomb,BR Dunk,CA Rose,0,0,,,,,,"",""
ball,2,2.5,Melbourne Stars,PSP Handscomb,BR Dunk,CA Rose,1,0,,,,,,"",""
ball,2,2.6,Melbourne Stars,BR Dunk,PSP Handscomb,CA Rose,4,0,,,,,,"",""
ball,2,3.1,Melbourne Stars,PSP Handscomb,BR Dunk,DT Christian,0,0,,,,,,caught,PSP Handscomb
ball,2,3.2,Melbourne Stars,JP Faulkner,BR Dunk,DT Christian,0,0,,,,,,"",""
ball,2,3.3,Melbourne Stars,JP Faulkner,BR Dunk,DT Christian,4,0,,,,,,"",""
ball,2,3.4,Melbourne Stars,JP Faulkner,BR Dunk,DT Christian,0,0,,,,,,"",""
ball,2,3.5,Melbourne Stars,JP Faulkner,BR Dunk,DT Christian,0,0,,,,,,"",""
ball,2,3.6,Melbourne Stars,JP Faulkner,BR Dunk,DT Christian,1,0,,,,,,"",""
ball,2,4.1,Melbourne Stars,JP Faulkner,BR Dunk,TS Mills,1,0,,,,,,"",""
ball,2,4.2,Melbourne Stars,BR Dunk,JP Faulkner,TS Mills,6,0,,,,,,"",""
ball,2,4.3,Melbourne Stars,BR Dunk,JP Faulkner,TS Mills,0,0,,,,,,"",""
ball,2,4.4,Melbourne Stars,BR Dunk,JP Faulkner,TS Mills,0,0,,,,,,"",""
ball,2,4.5,Melbourne Stars,BR Dunk,JP Faulkner,TS Mills,4,0,,,,,,"",""
ball,2,4.6,Melbourne Stars,BR Dunk,JP Faulkner,TS Mills,1,0,,,,,,"",""
ball,2,5.1,Melbourne Stars,BR Dunk,JP Faulkner,JC Archer,0,0,,,,,,"",""
ball,2,5.2,Melbourne Stars,BR Dunk,JP Faulkner,JC Archer,0,0,,,,,,"",""
ball,2,5.3,Melbourne Stars,BR Dunk,JP Faulkner,JC Archer,1,0,,,,,,"",""
ball,2,5.4,Melbourne Stars,JP Faulkner,BR Dunk,JC Archer,1,0,,,,,,"",""
ball,2,5.5,Melbourne Stars,BR Dunk,JP Faulkner,JC Archer,0,1,1,,,,,"",""
ball,2,5.6,Melbourne Stars,BR Dunk,JP Faulkner,JC Archer,1,0,,,,,,"",""
ball,2,5.7,Melbourne Stars,JP Faulkner,BR Dunk,JC Archer,0,0,,,,,,"",""
ball,2,6.1,Melbourne Stars,BR Dunk,JP Faulkner,DJM Short,0,0,,,,,,caught,BR Dunk
ball,2,6.2,Melbourne Stars,RJ Quiney,JP Faulkner,DJM Short,0,0,,,,,,"",""
ball,2,6.3,Melbourne Stars,RJ Quiney,JP Faulkner,DJM Short,1,0,,,,,,"",""
ball,2,6.4,Melbourne Stars,JP Faulkner,RJ Quiney,DJM Short,2,0,,,,,,"",""
ball,2,6.5,Melbourne Stars,JP Faulkner,RJ Quiney,DJM Short,6,0,,,,,,"",""
ball,2,6.6,Melbourne Stars,JP Faulkner,RJ Quiney,DJM Short,1,0,,,,,,"",""
ball,2,7.1,Melbourne Stars,JP Faulkner,RJ Quiney,CJ Boyce,0,0,,,,,,"",""
ball,2,7.2,Melbourne Stars,JP Faulkner,RJ Quiney,CJ Boyce,0,0,,,,,,caught,JP Faulkner
ball,2,7.3,Melbourne Stars,RJ Quiney,KP Pietersen,CJ Boyce,1,0,,,,,,"",""
ball,2,7.4,Melbourne Stars,KP Pietersen,RJ Quiney,CJ Boyce,1,0,,,,,,"",""
ball,2,7.5,Melbourne Stars,RJ Quiney,KP Pietersen,CJ Boyce,1,0,,,,,,"",""
ball,2,7.6,Melbourne Stars,KP Pietersen,RJ Quiney,CJ Boyce,0,0,,,,,,"",""
ball,2,8.1,Melbourne Stars,RJ Quiney,KP Pietersen,DJM Short,6,0,,,,,,"",""
ball,2,8.2,Melbourne Stars,RJ Quiney,KP Pietersen,DJM Short,0,0,,,,,,"",""
ball,2,8.3,Melbourne Stars,RJ Quiney,KP Pietersen,DJM Short,0,0,,,,,,"",""
ball,2,8.4,Melbourne Stars,RJ Quiney,KP Pietersen,DJM Short,1,0,,,,,,"",""
ball,2,8.5,Melbourne Stars,KP Pietersen,RJ Quiney,DJM Short,0,0,,,,,,"",""
ball,2,8.6,Melbourne Stars,KP Pietersen,RJ Quiney,DJM Short,4,0,,,,,,"",""
ball,2,9.1,Melbourne Stars,RJ Quiney,KP Pietersen,CJ Boyce,1,0,,,,,,"",""
ball,2,9.2,Melbourne Stars,KP Pietersen,RJ Quiney,CJ Boyce,0,0,,,,,,run out,RJ Quiney
ball,2,9.3,Melbourne Stars,JW Hastings,KP Pietersen,CJ Boyce,0,0,,,,,,"",""
ball,2,9.4,Melbourne Stars,JW Hastings,KP Pietersen,CJ Boyce,4,0,,,,,,"",""
ball,2,9.5,Melbourne Stars,JW Hastings,KP Pietersen,CJ Boyce,6,0,,,,,,"",""
ball,2,9.6,Melbourne Stars,JW Hastings,KP Pietersen,CJ Boyce,6,0,,,,,,"",""
ball,2,10.1,Melbourne Stars,KP Pietersen,JW Hastings,TS Mills,0,1,1,,,,,"",""
ball,2,10.2,Melbourne Stars,KP Pietersen,JW Hastings,TS Mills,6,0,,,,,,"",""
ball,2,10.3,Melbourne Stars,KP Pietersen,JW Hastings,TS Mills,0,0,,,,,,"",""
ball,2,10.4,Melbourne Stars,KP Pietersen,JW Hastings,TS Mills,4,0,,,,,,"",""
ball,2,10.5,Melbourne Stars,KP Pietersen,JW Hastings,TS Mills,0,1,1,,,,,"",""
ball,2,10.6,Melbourne Stars,KP Pietersen,JW Hastings,TS Mills,1,0,,,,,,"",""
ball,2,10.7,Melbourne Stars,JW Hastings,KP Pietersen,TS Mills,4,0,,,,,,"",""
ball,2,10.8,Melbourne Stars,JW Hastings,KP Pietersen,TS Mills,0,0,,,,,,caught,JW Hastings
ball,2,11.1,Melbourne Stars,KP Pietersen,SE Gotch,CJ Boyce,1,0,,,,,,"",""
ball,2,11.2,Melbourne Stars,SE Gotch,KP Pietersen,CJ Boyce,0,0,,,,,,"",""
ball,2,11.3,Melbourne Stars,SE Gotch,KP Pietersen,CJ Boyce,0,0,,,,,,"",""
ball,2,11.4,Melbourne Stars,SE Gotch,KP Pietersen,CJ Boyce,0,0,,,,,,"",""
ball,2,11.5,Melbourne Stars,SE Gotch,KP Pietersen,CJ Boyce,1,0,,,,,,"",""
ball,2,11.6,Melbourne Stars,KP Pietersen,SE Gotch,CJ Boyce,1,0,,,,,,"",""
ball,2,12.1,Melbourne Stars,KP Pietersen,SE Gotch,DT Christian,4,0,,,,,,"",""
ball,2,12.2,Melbourne Stars,KP Pietersen,SE Gotch,DT Christian,1,0,,,,,,"",""
ball,2,12.3,Melbourne Stars,SE Gotch,KP Pietersen,DT Christian,1,0,,,,,,"",""
ball,2,12.4,Melbourne Stars,KP Pietersen,SE Gotch,DT Christian,1,0,,,,,,"",""
ball,2,12.5,Melbourne Stars,SE Gotch,KP Pietersen,DT Christian,0,0,,,,,,"",""
ball,2,12.6,Melbourne Stars,SE Gotch,KP Pietersen,DT Christian,1,0,,,,,,"",""
ball,2,13.1,Melbourne Stars,SE Gotch,KP Pietersen,JC Archer,0,0,,,,,,"",""
ball,2,13.2,Melbourne Stars,SE Gotch,KP Pietersen,JC Archer,1,0,,,,,,"",""
ball,2,13.3,Melbourne Stars,KP Pietersen,SE Gotch,JC Archer,1,0,,,,,,"",""
ball,2,13.4,Melbourne Stars,SE Gotch,KP Pietersen,JC Archer,0,1,1,,,,,"",""
ball,2,13.5,Melbourne Stars,SE Gotch,KP Pietersen,JC Archer,4,0,,,,,,"",""
ball,2,13.6,Melbourne Stars,SE Gotch,KP Pietersen,JC Archer,0,0,,,,,,"",""
ball,2,13.7,Melbourne Stars,SE Gotch,KP Pietersen,JC Archer,2,0,,,,,,"",""
ball,2,14.1,Melbourne Stars,KP Pietersen,SE Gotch,CJ Boyce,1,0,,,,,,"",""
ball,2,14.2,Melbourne Stars,SE Gotch,KP Pietersen,CJ Boyce,4,0,,,,,,"",""
ball,2,14.3,Melbourne Stars,SE Gotch,KP Pietersen,CJ Boyce,1,0,,,,,,"",""
ball,2,14.4,Melbourne Stars,KP Pietersen,SE Gotch,CJ Boyce,1,0,,,,,,"",""
ball,2,14.5,Melbourne Stars,SE Gotch,KP Pietersen,CJ Boyce,1,0,,,,,,"",""
ball,2,14.6,Melbourne Stars,KP Pietersen,SE Gotch,CJ Boyce,1,0,,,,,,"",""
ball,2,15.1,Melbourne Stars,KP Pietersen,SE Gotch,TS Mills,4,0,,,,,,"",""
ball,2,15.2,Melbourne Stars,KP Pietersen,SE Gotch,TS Mills,4,0,,,,,,"",""
ball,2,15.3,Melbourne Stars,KP Pietersen,SE Gotch,TS Mills,4,0,,,,,,"",""
ball,2,15.4,Melbourne Stars,KP Pietersen,SE Gotch,TS Mills,6,0,,,,,,"",""
ball,2,15.5,Melbourne Stars,KP Pietersen,SE Gotch,TS Mills,0,0,,,,,,caught and bowled,KP Pietersen
ball,2,15.6,Melbourne Stars,EP Gulbis,SE Gotch,TS Mills,1,0,,,,,,"",""
ball,2,16.1,Melbourne Stars,EP Gulbis,SE Gotch,CA Rose,1,0,,,,,,"",""
ball,2,16.2,Melbourne Stars,SE Gotch,EP Gulbis,CA Rose,0,0,,,,,,lbw,SE Gotch
ball,2,16.3,Melbourne Stars,DJ Worrall,EP Gulbis,CA Rose,1,0,,,,,,"",""
ball,2,16.4,Melbourne Stars,EP Gulbis,DJ Worrall,CA Rose,1,0,,,,,,"",""
ball,2,16.5,Melbourne Stars,DJ Worrall,EP Gulbis,CA Rose,1,0,,,,,,"",""
ball,2,16.6,Melbourne Stars,EP Gulbis,DJ Worrall,CA Rose,1,0,,,,,,"",""
ball,2,17.1,Melbourne Stars,EP Gulbis,DJ Worrall,JC Archer,1,0,,,,,,"",""
ball,2,17.2,Melbourne Stars,DJ Worrall,EP Gulbis,JC Archer,1,0,,,,,,"",""
ball,2,17.3,Melbourne Stars,EP Gulbis,DJ Worrall,JC Archer,0,1,,,,1,,"",""
ball,2,17.4,Melbourne Stars,DJ Worrall,EP Gulbis,JC Archer,4,1,,1,,,,"",""
ball,2,17.5,Melbourne Stars,DJ Worrall,EP Gulbis,JC Archer,0,0,,,,,,"",""
ball,2,17.6,Melbourne Stars,DJ Worrall,EP Gulbis,JC Archer,1,0,,,,,,"",""
ball,2,17.7,Melbourne Stars,EP Gulbis,DJ Worrall,JC Archer,6,1,,1,,,,"",""
ball,2,17.8,Melbourne Stars,EP Gulbis,DJ Worrall,JC Archer,1,0,,,,,,"",""
ball,2,18.1,Melbourne Stars,EP Gulbis,DJ Worrall,TS Mills,1,0,,,,,,"",""
ball,2,18.2,Melbourne Stars,DJ Worrall,EP Gulbis,TS Mills,1,0,,,,,,"",""
ball,2,18.3,Melbourne Stars,EP Gulbis,DJ Worrall,TS Mills,0,0,,,,,,"",""
ball,2,18.4,Melbourne Stars,EP Gulbis,DJ Worrall,TS Mills,6,0,,,,,,"",""
ball,2,18.5,Melbourne Stars,EP Gulbis,DJ Worrall,TS Mills,0,0,,,,,,"",""
ball,2,18.6,Melbourne Stars,EP Gulbis,DJ Worrall,TS Mills,0,0,,,,,,"",""
ball,2,19.1,Melbourne Stars,DJ Worrall,EP Gulbis,DT Christian,4,0,,,,,,"",""
