version,1.6.0
info,balls_per_over,6
info,team,Melbourne Stars
info,team,Melbourne Renegades
info,gender,male
info,season,2018/19
info,date,2019/01/01
info,event,Big Bash League
info,match_number,16
info,venue,Melbourne Cricket Ground
info,city,Melbourne
info,toss_winner,Melbourne Stars
info,toss_decision,field
info,player_of_match,MP Stoinis
info,umpire,JD Ward
info,umpire,SAJ Craig
info,reserve_umpire,Mattis van Eck
info,tv_umpire,DJ Shepard
info,match_referee,RW Stratford
info,winner,Melbourne Stars
info,winner_wickets,7
info,player,Melbourne Renegades,SB Harper
info,player,Melbourne Renegades,MW Harvey
info,player,Melbourne Renegades,CL White
info,player,Melbourne Renegades,Mohammad Nabi
info,player,Melbourne Renegades,TLW Cooper
info,player,Melbourne Renegades,DT Christian
info,player,Melbourne Renegades,BJ Webster
info,player,Melbourne Renegades,JD Wildermuth
info,player,Melbourne Renegades,CJ Boyce
info,player,Melbourne Renegades,KW Richardson
info,player,Melbourne Renegades,Usman Shinwari
info,player,Melbourne Stars,MP Stoinis
info,player,Melbourne Stars,BR Dunk
info,player,Melbourne Stars,NCR Larkin
info,player,Melbourne Stars,GJ Maxwell
info,player,Melbourne Stars,SE Gotch
info,player,Melbourne Stars,DJ Bravo
info,player,Melbourne Stars,EP Gulbis
info,player,Melbourne Stars,J Merlo
info,player,Melbourne Stars,A Zampa
info,player,Melbourne Stars,S Lamichhane
info,player,Melbourne Stars,SM Boland
info,registry,people,A Zampa,14f96089
info,registry,people,BJ Webster,56b93d46
info,registry,people,BR Dunk,272d796e
info,registry,people,CJ Boyce,51a60c16
info,registry,people,CL White,d0513f63
info,registry,people,DJ Bravo,87e562a9
info,registry,people,DJ Shepard,d3533ba5
info,registry,people,DT Christian,2a2e6343
info,registry,people,EP Gulbis,bbce4647
info,registry,people,GJ Maxwell,b681e71e
info,registry,people,J Merlo,02ba80a0
info,registry,people,JD Ward,511299c1
info,registry,people,JD Wildermuth,f1c61793
info,registry,people,KW Richardson,dfc4d8b5
info,registry,people,MP Stoinis,d9273ee7
info,registry,people,MW Harvey,47dc9794
info,registry,people,Mattis van Eck,bf1a68c1
info,registry,people,Mohammad Nabi,62af8546
info,registry,people,NCR Larkin,02bce9a8
info,registry,people,RW Stratford,85489579
info,registry,people,S Lamichhane,b410bd3d
info,registry,people,SAJ Craig,689f2eed
info,registry,people,SB Harper,a756e61a
info,registry,people,SE Gotch,9a0e4ca5
info,registry,people,SM Boland,d167edd3
info,registry,people,TLW Cooper,2318ba22
info,registry,people,Usman Shinwari,f0e722e0
ball,1,0.1,Melbourne Renegades,SB Harper,MW Harvey,GJ Maxwell,1,0,,,,,,"",""
ball,1,0.2,Melbourne Renegades,MW Harvey,SB Harper,GJ Maxwell,0,0,,,,,,"",""
ball,1,0.3,Melbourne Renegades,MW Harvey,SB Harper,GJ Maxwell,1,0,,,,,,"",""
ball,1,0.4,Melbourne Renegades,SB Harper,MW Harvey,GJ Maxwell,2,0,,,,,,"",""
ball,1,0.5,Melbourne Renegades,SB Harper,MW Harvey,GJ Maxwell,1,0,,,,,,"",""
ball,1,0.6,Melbourne Renegades,MW Harvey,SB Harper,GJ Maxwell,2,0,,,,,,"",""
ball,1,1.1,Melbourne Renegades,SB Harper,MW Harvey,A Zampa,1,0,,,,,,"",""
ball,1,1.2,Melbourne Renegades,MW Harvey,SB Harper,A Zampa,1,0,,,,,,"",""
ball,1,1.3,Melbourne Renegades,SB Harper,MW Harvey,A Zampa,4,0,,,,,,"",""
ball,1,1.4,Melbourne Renegades,SB Harper,MW Harvey,A Zampa,0,0,,,,,,"",""
ball,1,1.5,Melbourne Renegades,SB Harper,MW Harvey,A Zampa,1,0,,,,,,"",""
ball,1,1.6,Melbourne Renegades,MW Harvey,SB Harper,A Zampa,2,0,,,,,,"",""
ball,1,2.1,Melbourne Renegades,SB Harper,MW Harvey,SM Boland,4,0,,,,,,"",""
ball,1,2.2,Melbourne Renegades,SB Harper,MW Harvey,SM Boland,1,0,,,,,,"",""
ball,1,2.3,Melbourne Renegades,MW Harvey,SB Harper,SM Boland,0,0,,,,,,"",""
ball,1,2.4,Melbourne Renegades,MW Harvey,SB Harper,SM Boland,4,0,,,,,,"",""
ball,1,2.5,Melbourne Renegades,MW Harvey,SB Harper,SM Boland,0,0,,,,,,"",""
ball,1,2.6,Melbourne Renegades,MW Harvey,SB Harper,SM Boland,2,0,,,,,,"",""
ball,1,3.1,Melbourne Renegades,SB Harper,MW Harvey,S Lamichhane,1,0,,,,,,"",""
ball,1,3.2,Melbourne Renegades,MW Harvey,SB Harper,S Lamichhane,0,0,,,,,,"",""
ball,1,3.3,Melbourne Renegades,MW Harvey,SB Harper,S Lamichhane,1,0,,,,,,"",""
ball,1,3.4,Melbourne Renegades,SB Harper,MW Harvey,S Lamichhane,4,0,,,,,,"",""
ball,1,3.5,Melbourne Renegades,SB Harper,MW Harvey,S Lamichhane,4,0,,,,,,"",""
ball,1,3.6,Melbourne Renegades,SB Harper,MW Harvey,S Lamichhane,1,0,,,,,,"",""
ball,1,4.1,Melbourne Renegades,SB Harper,MW Harvey,MP Stoinis,4,0,,,,,,"",""
ball,1,4.2,Melbourne Renegades,SB Harper,MW Harvey,MP Stoinis,1,0,,,,,,"",""
ball,1,4.3,Melbourne Renegades,MW Harvey,SB Harper,MP Stoinis,0,1,1,,,,,"",""
ball,1,4.4,Melbourne Renegades,MW Harvey,SB Harper,MP Stoinis,2,0,,,,,,"",""
ball,1,4.5,Melbourne Renegades,MW Harvey,SB Harper,MP Stoinis,4,0,,,,,,"",""
ball,1,4.6,Melbourne Renegades,MW Harvey,SB Harper,MP Stoinis,2,0,,,,,,"",""
ball,1,4.7,Melbourne Renegades,MW Harvey,SB Harper,MP Stoinis,0,0,,,,,,caught,MW Harvey
ball,1,5.1,Melbourne Renegades,CL White,SB Harper,A Zampa,1,0,,,,,,"",""
ball,1,5.2,Melbourne Renegades,SB Harper,CL White,A Zampa,0,0,,,,,,bowled,SB Harper
ball,1,5.3,Melbourne Renegades,Mohammad Nabi,CL White,A Zampa,1,0,,,,,,"",""
ball,1,5.4,Melbourne Renegades,CL White,Mohammad Nabi,A Zampa,4,0,,,,,,"",""
ball,1,5.5,Melbourne Renegades,CL White,Mohammad Nabi,A Zampa,0,0,,,,,,"",""
ball,1,5.6,Melbourne Renegades,CL White,Mohammad Nabi,A Zampa,0,0,,,,,,"",""
ball,1,6.1,Melbourne Renegades,Mohammad Nabi,CL White,SM Boland,0,0,,,,,,"",""
ball,1,6.2,Melbourne Renegades,Mohammad Nabi,CL White,SM Boland,0,0,,,,,,"",""
ball,1,6.3,Melbourne Renegades,Mohammad Nabi,CL White,SM Boland,1,0,,,,,,"",""
ball,1,6.4,Melbourne Renegades,CL White,Mohammad Nabi,SM Boland,0,0,,,,,,"",""
ball,1,6.5,Melbourne Renegades,CL White,Mohammad Nabi,SM Boland,1,0,,,,,,"",""
ball,1,6.6,Melbourne Renegades,Mohammad Nabi,CL White,SM Boland,1,0,,,,,,"",""
ball,1,7.1,Melbourne Renegades,Mohammad Nabi,CL White,MP Stoinis,1,0,,,,,,"",""
ball,1,7.2,Melbourne Renegades,CL White,Mohammad Nabi,MP Stoinis,0,0,,,,,,"",""
ball,1,7.3,Melbourne Renegades,CL White,Mohammad Nabi,MP Stoinis,0,0,,,,,,"",""
ball,1,7.4,Melbourne Renegades,CL White,Mohammad Nabi,MP Stoinis,1,0,,,,,,"",""
ball,1,7.5,Melbourne Renegades,Mohammad Nabi,CL White,MP Stoinis,2,0,,,,,,"",""
ball,1,7.6,Melbourne Renegades,Mohammad Nabi,CL White,MP Stoinis,0,0,,,,,,caught,Mohammad Nabi
ball,1,8.1,Melbourne Renegades,CL White,TLW Cooper,DJ Bravo,0,0,,,,,,"",""
ball,1,8.2,Melbourne Renegades,CL White,TLW Cooper,DJ Bravo,0,0,,,,,,"",""
ball,1,8.3,Melbourne Renegades,CL White,TLW Cooper,DJ Bravo,1,0,,,,,,"",""
ball,1,8.4,Melbourne Renegades,TLW Cooper,CL White,DJ Bravo,4,0,,,,,,"",""
ball,1,8.5,Melbourne Renegades,TLW Cooper,CL White,DJ Bravo,1,0,,,,,,"",""
ball,1,8.6,Melbourne Renegades,CL White,TLW Cooper,DJ Bravo,0,0,,,,,,caught,CL White
ball,1,9.1,Melbourne Renegades,TLW Cooper,DT Christian,A Zampa,1,0,,,,,,"",""
ball,1,9.2,Melbourne Renegades,DT Christian,TLW Cooper,A Zampa,1,0,,,,,,"",""
ball,1,9.3,Melbourne Renegades,TLW Cooper,DT Christian,A Zampa,1,0,,,,,,"",""
ball,1,9.4,Melbourne Renegades,DT Christian,TLW Cooper,A Zampa,0,0,,,,,,"",""
ball,1,9.5,Melbourne Renegades,DT Christian,TLW Cooper,A Zampa,1,0,,,,,,"",""
ball,1,9.6,Melbourne Renegades,TLW Cooper,DT Christian,A Zampa,1,0,,,,,,"",""
ball,1,10.1,Melbourne Renegades,TLW Cooper,DT Christian,S Lamichhane,1,0,,,,,,"",""
ball,1,10.2,Melbourne Renegades,DT Christian,TLW Cooper,S Lamichhane,1,0,,,,,,"",""
ball,1,10.3,Melbourne Renegades,TLW Cooper,DT Christian,S Lamichhane,0,0,,,,,,"",""
ball,1,10.4,Melbourne Renegades,TLW Cooper,DT Christian,S Lamichhane,1,0,,,,,,"",""
ball,1,10.5,Melbourne Renegades,DT Christian,TLW Cooper,S Lamichhane,1,0,,,,,,"",""
ball,1,10.6,Melbourne Renegades,TLW Cooper,DT Christian,S Lamichhane,0,0,,,,,,bowled,TLW Cooper
ball,1,11.1,Melbourne Renegades,DT Christian,BJ Webster,DJ Bravo,0,0,,,,,,"",""
ball,1,11.2,Melbourne Renegades,DT Christian,BJ Webster,DJ Bravo,1,0,,,,,,"",""
ball,1,11.3,Melbourne Renegades,BJ Webster,DT Christian,DJ Bravo,0,0,,,,,,"",""
ball,1,11.4,Melbourne Renegades,BJ Webster,DT Christian,DJ Bravo,0,0,,,,,,"",""
ball,1,11.5,Melbourne Renegades,BJ Webster,DT Christian,DJ Bravo,1,0,,,,,,"",""
ball,1,11.6,Melbourne Renegades,DT Christian,BJ Webster,DJ Bravo,2,0,,,,,,"",""
ball,1,12.1,Melbourne Renegades,BJ Webster,DT Christian,S Lamichhane,1,0,,,,,,"",""
ball,1,12.2,Melbourne Renegades,DT Christian,BJ Webster,S Lamichhane,1,0,,,,,,"",""
ball,1,12.3,Melbourne Renegades,BJ Webster,DT Christian,S Lamichhane,1,0,,,,,,"",""
ball,1,12.4,Melbourne Renegades,DT Christian,BJ Webster,S Lamichhane,4,0,,,,,,"",""
ball,1,12.5,Melbourne Renegades,DT Christian,BJ Webster,S Lamichhane,0,0,,,,,,"",""
ball,1,12.6,Melbourne Renegades,DT Christian,BJ Webster,S Lamichhane,0,1,,,,1,,"",""
ball,1,13.1,Melbourne Renegades,DT Christian,BJ Webster,MP Stoinis,0,0,,,,,,"",""
ball,1,13.2,Melbourne Renegades,DT Christian,BJ Webster,MP Stoinis,2,0,,,,,,"",""
ball,1,13.3,Melbourne Renegades,DT Christian,BJ Webster,MP Stoinis,4,0,,,,,,"",""
ball,1,13.4,Melbourne Renegades,DT Christian,BJ Webster,MP Stoinis,0,0,,,,,,"",""
ball,1,13.5,Melbourne Renegades,DT Christian,BJ Webster,MP Stoinis,1,0,,,,,,"",""
ball,1,13.6,Melbourne Renegades,BJ Webster,DT Christian,MP Stoinis,1,0,,,,,,"",""
ball,1,14.1,Melbourne Renegades,BJ Webster,DT Christian,A Zampa,1,0,,,,,,"",""
ball,1,14.2,Melbourne Renegades,DT Christian,BJ Webster,A Zampa,0,0,,,,,,"",""
ball,1,14.3,Melbourne Renegades,DT Christian,BJ Webster,A Zampa,0,0,,,,,,"",""
ball,1,14.4,Melbourne Renegades,DT Christian,BJ Webster,A Zampa,1,0,,,,,,"",""
ball,1,14.5,Melbourne Renegades,BJ Webster,DT Christian,A Zampa,1,0,,,,,,"",""
ball,1,14.6,Melbourne Renegades,DT Christian,BJ Webster,A Zampa,1,0,,,,,,"",""
ball,1,15.1,Melbourne Renegades,DT Christian,BJ Webster,SM Boland,0,0,,,,,,"",""
ball,1,15.2,Melbourne Renegades,DT Christian,BJ Webster,SM Boland,0,2,2,,,,,"",""
ball,1,15.3,Melbourne Renegades,BJ Webster,DT Christian,SM Boland,2,0,,,,,,"",""
ball,1,15.4,Melbourne Renegades,BJ Webster,DT Christian,SM Boland,1,0,,,,,,"",""
ball,1,15.5,Melbourne Renegades,DT Christian,BJ Webster,SM Boland,1,0,,,,,,"",""
ball,1,15.6,Melbourne Renegades,BJ Webster,DT Christian,SM Boland,1,0,,,,,,"",""
ball,1,15.7,Melbourne Renegades,DT Christian,BJ Webster,SM Boland,4,0,,,,,,"",""
ball,1,16.1,Melbourne Renegades,BJ Webster,DT Christian,S Lamichhane,0,0,,,,,,"",""
ball,1,16.2,Melbourne Renegades,BJ Webster,DT Christian,S Lamichhane,1,0,,,,,,"",""
ball,1,16.3,Melbourne Renegades,DT Christian,BJ Webster,S Lamichhane,0,1,1,,,,,"",""
ball,1,16.4,Melbourne Renegades,DT Christian,BJ Webster,S Lamichhane,1,0,,,,,,"",""
ball,1,16.5,Melbourne Renegades,BJ Webster,DT Christian,S Lamichhane,0,0,,,,,,"",""
ball,1,16.6,Melbourne Renegades,BJ Webster,DT Christian,S Lamichhane,4,0,,,,,,"",""
ball,1,16.7,Melbourne Renegades,BJ Webster,DT Christian,S Lamichhane,2,0,,,,,,"",""
ball,1,17.1,Melbourne Renegades,DT Christian,BJ Webster,DJ Bravo,4,0,,,,,,"",""
ball,1,17.2,Melbourne Renegades,DT Christian,BJ Webster,DJ Bravo,1,0,,,,,,"",""
ball,1,17.3,Melbourne Renegades,BJ Webster,DT Christian,DJ Bravo,1,0,,,,,,"",""
ball,1,17.4,Melbourne Renegades,DT Christian,BJ Webster,DJ Bravo,0,0,,,,,,caught,DT Christian
ball,1,17.5,Melbourne Renegades,BJ Webster,JD Wildermuth,DJ Bravo,1,0,,,,,,"",""
ball,1,17.6,Melbourne Renegades,JD Wildermuth,BJ Webster,DJ Bravo,1,0,,,,,,"",""
ball,1,18.1,Melbourne Renegades,JD Wildermuth,BJ Webster,SM Boland,0,0,,,,,,caught,JD Wildermuth
ball,1,18.2,Melbourne Renegades,BJ Webster,CJ Boyce,SM Boland,0,0,,,,,,caught,BJ Webster
ball,1,18.3,Melbourne Renegades,CJ Boyce,KW Richardson,SM Boland,4,0,,,,,,"",""
ball,1,18.4,Melbourne Renegades,CJ Boyce,KW Richardson,SM Boland,1,0,,,,,,"",""
ball,1,18.5,Melbourne Renegades,KW Richardson,CJ Boyce,SM Boland,1,0,,,,,,"",""
ball,1,18.6,Melbourne Renegades,CJ Boyce,KW Richardson,SM Boland,1,0,,,,,,"",""
ball,1,19.1,Melbourne Renegades,CJ Boyce,KW Richardson,DJ Bravo,0,0,,,,,,caught,CJ Boyce
ball,1,19.2,Melbourne Renegades,KW Richardson,Usman Shinwari,DJ Bravo,2,0,,,,,,"",""
ball,1,19.3,Melbourne Renegades,KW Richardson,Usman Shinwari,DJ Bravo,4,0,,,,,,"",""
ball,1,19.4,Melbourne Renegades,KW Richardson,Usman Shinwari,DJ Bravo,0,0,,,,,,"",""
ball,1,19.5,Melbourne Renegades,KW Richardson,Usman Shinwari,DJ Bravo,2,0,,,,,,"",""
ball,1,19.6,Melbourne Renegades,KW Richardson,Usman Shinwari,DJ Bravo,1,0,,,,,,"",""
ball,2,0.1,Melbourne Stars,MP Stoinis,BR Dunk,Mohammad Nabi,0,0,,,,,,"",""
ball,2,0.2,Melbourne Stars,MP Stoinis,BR Dunk,Mohammad Nabi,0,0,,,,,,"",""
ball,2,0.3,Melbourne Stars,MP Stoinis,BR Dunk,Mohammad Nabi,2,0,,,,,,"",""
ball,2,0.4,Melbourne Stars,MP Stoinis,BR Dunk,Mohammad Nabi,4,0,,,,,,"",""
ball,2,0.5,Melbourne Stars,MP Stoinis,BR Dunk,Mohammad Nabi,0,0,,,,,,"",""
ball,2,0.6,Melbourne Stars,MP Stoinis,BR Dunk,Mohammad Nabi,4,0,,,,,,"",""
ball,2,1.1,Melbourne Stars,BR Dunk,MP Stoinis,Usman Shinwari,1,0,,,,,,"",""
ball,2,1.2,Melbourne Stars,MP Stoinis,BR Dunk,Usman Shinwari,0,1,,,,1,,"",""
ball,2,1.3,Melbourne Stars,BR Dunk,MP Stoinis,Usman Shinwari,0,0,,,,,,"",""
ball,2,1.4,Melbourne Stars,BR Dunk,MP Stoinis,Usman Shinwari,0,0,,,,,,"",""
ball,2,1.5,Melbourne Stars,BR Dunk,MP Stoinis,Usman Shinwari,0,0,,,,,,"",""
ball,2,1.6,Melbourne Stars,BR Dunk,MP Stoinis,Usman Shinwari,1,0,,,,,,"",""
ball,2,2.1,Melbourne Stars,BR Dunk,MP Stoinis,KW Richardson,1,0,,,,,,"",""
ball,2,2.2,Melbourne Stars,MP Stoinis,BR Dunk,KW Richardson,1,0,,,,,,"",""
ball,2,2.3,Melbourne Stars,BR Dunk,MP Stoinis,KW Richardson,2,0,,,,,,"",""
ball,2,2.4,Melbourne Stars,BR Dunk,MP Stoinis,KW Richardson,0,0,,,,,,"",""
ball,2,2.5,Melbourne Stars,BR Dunk,MP Stoinis,KW Richardson,0,1,1,,,,,"",""
ball,2,2.6,Melbourne Stars,BR Dunk,MP Stoinis,KW Richardson,1,0,,,,,,"",""
ball,2,2.7,Melbourne Stars,MP Stoinis,BR Dunk,KW Richardson,4,0,,,,,,"",""
ball,2,3.1,Melbourne Stars,BR Dunk,MP Stoinis,JD Wildermuth,2,0,,,,,,"",""
ball,2,3.2,Melbourne Stars,BR Dunk,MP Stoinis,JD Wildermuth,1,0,,,,,,"",""
ball,2,3.3,Melbourne Stars,MP Stoinis,BR Dunk,JD Wildermuth,1,0,,,,,,"",""
ball,2,3.4,Melbourne Stars,BR Dunk,MP Stoinis,JD Wildermuth,4,0,,,,,,"",""
ball,2,3.5,Melbourne Stars,BR Dunk,MP Stoinis,JD Wildermuth,0,0,,,,,,"",""
ball,2,3.6,Melbourne Stars,BR Dunk,MP Stoinis,JD Wildermuth,1,0,,,,,,"",""
ball,2,4.1,Melbourne Stars,BR Dunk,MP Stoinis,KW Richardson,1,0,,,,,,"",""
ball,2,4.2,Melbourne Stars,MP Stoinis,BR Dunk,KW Richardson,1,0,,,,,,"",""
ball,2,4.3,Melbourne Stars,BR Dunk,MP Stoinis,KW Richardson,1,0,,,,,,"",""
ball,2,4.4,Melbourne Stars,MP Stoinis,BR Dunk,KW Richardson,1,0,,,,,,"",""
ball,2,4.5,Melbourne Stars,BR Dunk,MP Stoinis,KW Richardson,0,0,,,,,,"",""
ball,2,4.6,Melbourne Stars,BR Dunk,MP Stoinis,KW Richardson,4,0,,,,,,"",""
ball,2,5.1,Melbourne Stars,MP Stoinis,BR Dunk,JD Wildermuth,0,0,,,,,,"",""
ball,2,5.2,Melbourne Stars,MP Stoinis,BR Dunk,JD Wildermuth,4,0,,,,,,"",""
ball,2,5.3,Melbourne Stars,MP Stoinis,BR Dunk,JD Wildermuth,1,0,,,,,,"",""
ball,2,5.4,Melbourne Stars,BR Dunk,MP Stoinis,JD Wildermuth,4,0,,,,,,"",""
ball,2,5.5,Melbourne Stars,BR Dunk,MP Stoinis,JD Wildermuth,0,0,,,,,,"",""
ball,2,5.6,Melbourne Stars,BR Dunk,MP Stoinis,JD Wildermuth,1,0,,,,,,"",""
ball,2,6.1,Melbourne Stars,BR Dunk,MP Stoinis,Mohammad Nabi,2,0,,,,,,"",""
ball,2,6.2,Melbourne Stars,BR Dunk,MP Stoinis,Mohammad Nabi,1,0,,,,,,"",""
ball,2,6.3,Melbourne Stars,MP Stoinis,BR Dunk,Mohammad Nabi,0,0,,,,,,"",""
ball,2,6.4,Melbourne Stars,MP Stoinis,BR Dunk,Mohammad Nabi,2,0,,,,,,"",""
ball,2,6.5,Melbourne Stars,MP Stoinis,BR Dunk,Mohammad Nabi,6,0,,,,,,"",""
ball,2,6.6,Melbourne Stars,MP Stoinis,BR Dunk,Mohammad Nabi,1,0,,,,,,"",""
ball,2,7.1,Melbourne Stars,MP Stoinis,BR Dunk,CJ Boyce,0,0,,,,,,"",""
ball,2,7.2,Melbourne Stars,MP Stoinis,BR Dunk,CJ Boyce,1,0,,,,,,"",""
ball,2,7.3,Melbourne Stars,BR Dunk,MP Stoinis,CJ Boyce,0,0,,,,,,"",""
ball,2,7.4,Melbourne Stars,BR Dunk,MP Stoinis,CJ Boyce,2,0,,,,,,"",""
ball,2,7.5,Melbourne Stars,BR Dunk,MP Stoinis,CJ Boyce,2,0,,,,,,"",""
ball,2,7.6,Melbourne Stars,BR Dunk,MP Stoinis,CJ Boyce,0,0,,,,,,stumped,BR Dunk
ball,2,8.1,Melbourne Stars,MP Stoinis,NCR Larkin,Usman Shinwari,1,0,,,,,,"",""
ball,2,8.2,Melbourne Stars,NCR Larkin,MP Stoinis,Usman Shinwari,0,0,,,,,,"",""
ball,2,8.3,Melbourne Stars,NCR Larkin,MP Stoinis,Usman Shinwari,1,0,,,,,,"",""
ball,2,8.4,Melbourne Stars,MP Stoinis,NCR Larkin,Usman Shinwari,1,0,,,,,,"",""
ball,2,8.5,Melbourne Stars,NCR Larkin,MP Stoinis,Usman Shinwari,0,0,,,,,,"",""
ball,2,8.6,Melbourne Stars,NCR Larkin,MP Stoinis,Usman Shinwari,0,0,,,,,,"",""
ball,2,9.1,Melbourne Stars,MP Stoinis,NCR Larkin,CJ Boyce,1,0,,,,,,"",""
ball,2,9.2,Melbourne Stars,NCR Larkin,MP Stoinis,CJ Boyce,1,0,,,,,,"",""
ball,2,9.3,Melbourne Stars,MP Stoinis,NCR Larkin,CJ Boyce,1,0,,,,,,"",""
ball,2,9.4,Melbourne Stars,NCR Larkin,MP Stoinis,CJ Boyce,0,0,,,,,,"",""
ball,2,9.5,Melbourne Stars,NCR Larkin,MP Stoinis,CJ Boyce,1,0,,,,,,"",""
ball,2,9.6,Melbourne Stars,MP Stoinis,NCR Larkin,CJ Boyce,1,0,,,,,,"",""
ball,2,10.1,Melbourne Stars,MP Stoinis,NCR Larkin,DT Christian,1,0,,,,,,run out,NCR Larkin
ball,2,10.2,Melbourne Stars,MP Stoinis,GJ Maxwell,DT Christian,6,0,,,,,,"",""
ball,2,10.3,Melbourne Stars,MP Stoinis,GJ Maxwell,DT Christian,0,1,1,,,,,"",""
ball,2,10.4,Melbourne Stars,MP Stoinis,GJ Maxwell,DT Christian,1,0,,,,,,"",""
ball,2,10.5,Melbourne Stars,GJ Maxwell,MP Stoinis,DT Christian,2,0,,,,,,"",""
ball,2,10.6,Melbourne Stars,GJ Maxwell,MP Stoinis,DT Christian,6,0,,,,,,"",""
ball,2,10.7,Melbourne Stars,GJ Maxwell,MP Stoinis,DT Christian,1,0,,,,,,"",""
ball,2,11.1,Melbourne Stars,GJ Maxwell,MP Stoinis,Usman Shinwari,1,0,,,,,,"",""
ball,2,11.2,Melbourne Stars,MP Stoinis,GJ Maxwell,Usman Shinwari,0,0,,,,,,"",""
ball,2,11.3,Melbourne Stars,MP Stoinis,GJ Maxwell,Usman Shinwari,2,0,,,,,,"",""
ball,2,11.4,Melbourne Stars,MP Stoinis,GJ Maxwell,Usman Shinwari,0,0,,,,,,"",""
ball,2,11.5,Melbourne Stars,MP Stoinis,GJ Maxwell,Usman Shinwari,0,0,,,,,,"",""
ball,2,11.6,Melbourne Stars,MP Stoinis,GJ Maxwell,Usman Shinwari,0,0,,,,,,"",""
ball,2,12.1,Melbourne Stars,GJ Maxwell,MP Stoinis,KW Richardson,0,0,,,,,,"",""
ball,2,12.2,Melbourne Stars,GJ Maxwell,MP Stoinis,KW Richardson,4,0,,,,,,"",""
ball,2,12.3,Melbourne Stars,GJ Maxwell,MP Stoinis,KW Richardson,2,0,,,,,,"",""
ball,2,12.4,Melbourne Stars,GJ Maxwell,MP Stoinis,KW Richardson,1,0,,,,,,"",""
ball,2,12.5,Melbourne Stars,MP Stoinis,GJ Maxwell,KW Richardson,2,0,,,,,,"",""
ball,2,12.6,Melbourne Stars,MP Stoinis,GJ Maxwell,KW Richardson,2,0,,,,,,"",""
ball,2,13.1,Melbourne Stars,GJ Maxwell,MP Stoinis,CJ Boyce,2,0,,,,,,"",""
ball,2,13.2,Melbourne Stars,GJ Maxwell,MP Stoinis,CJ Boyce,1,0,,,,,,"",""
ball,2,13.3,Melbourne Stars,MP Stoinis,GJ Maxwell,CJ Boyce,1,0,,,,,,"",""
ball,2,13.4,Melbourne Stars,GJ Maxwell,MP Stoinis,CJ Boyce,1,0,,,,,,"",""
ball,2,13.5,Melbourne Stars,MP Stoinis,GJ Maxwell,CJ Boyce,2,0,,,,,,"",""
ball,2,13.6,Melbourne Stars,MP Stoinis,GJ Maxwell,CJ Boyce,2,0,,,,,,"",""
ball,2,14.1,Melbourne Stars,GJ Maxwell,MP Stoinis,JD Wildermuth,1,0,,,,,,"",""
ball,2,14.2,Melbourne Stars,MP Stoinis,GJ Maxwell,JD Wildermuth,1,0,,,,,,"",""
ball,2,14.3,Melbourne Stars,GJ Maxwell,MP Stoinis,JD Wildermuth,2,0,,,,,,"",""
ball,2,14.4,Melbourne Stars,GJ Maxwell,MP Stoinis,JD Wildermuth,0,0,,,,,,"",""
ball,2,14.5,Melbourne Stars,GJ Maxwell,MP Stoinis,JD Wildermuth,2,0,,,,,,"",""
ball,2,14.6,Melbourne Stars,GJ Maxwell,MP Stoinis,JD Wildermuth,1,0,,,,,,"",""
ball,2,15.1,Melbourne Stars,GJ Maxwell,MP Stoinis,Usman Shinwari,0,1,1,,,,,"",""
ball,2,15.2,Melbourne Stars,GJ Maxwell,MP Stoinis,Usman Shinwari,1,0,,,,,,"",""
ball,2,15.3,Melbourne Stars,MP Stoinis,GJ Maxwell,Usman Shinwari,2,0,,,,,,"",""
ball,2,15.4,Melbourne Stars,MP Stoinis,GJ Maxwell,Usman Shinwari,6,0,,,,,,"",""
ball,2,15.5,Melbourne Stars,MP Stoinis,GJ Maxwell,Usman Shinwari,1,0,,,,,,"",""
ball,2,15.6,Melbourne Stars,GJ Maxwell,MP Stoinis,Usman Shinwari,2,0,,,,,,"",""
ball,2,15.7,Melbourne Stars,GJ Maxwell,MP Stoinis,Usman Shinwari,1,0,,,,,,"",""
ball,2,16.1,Melbourne Stars,GJ Maxwell,MP Stoinis,CJ Boyce,1,0,,,,,,"",""
ball,2,16.2,Melbourne Stars,MP Stoinis,GJ Maxwell,CJ Boyce,1,0,,,,,,"",""
ball,2,16.3,Melbourne Stars,GJ Maxwell,MP Stoinis,CJ Boyce,1,0,,,,,,"",""
ball,2,16.4,Melbourne Stars,MP Stoinis,GJ Maxwell,CJ Boyce,1,0,,,,,,"",""
ball,2,16.5,Melbourne Stars,GJ Maxwell,MP Stoinis,CJ Boyce,0,0,,,,,,stumped,GJ Maxwell
ball,2,16.6,Melbourne Stars,SE Gotch,MP Stoinis,CJ Boyce,0,0,,,,,,"",""
ball,2,17.1,Melbourne Stars,MP Stoinis,SE Gotch,KW Richardson,1,0,,,,,,"",""
ball,2,17.2,Melbourne Stars,SE Gotch,MP Stoinis,KW Richardson,1,0,,,,,,"",""
ball,2,17.3,Melbourne Stars,MP Stoinis,SE Gotch,KW Richardson,2,0,,,,,,"",""
ball,2,17.4,Melbourne Stars,MP Stoinis,SE Gotch,KW Richardson,0,0,,,,,,"",""
ball,2,17.5,Melbourne Stars,MP Stoinis,SE Gotch,KW Richardson,6,0,,,,,,"",""
