version,1.6.0
info,balls_per_over,6
info,team,Melbourne Renegades
info,team,Brisbane Heat
info,gender,male
info,season,2018/19
info,date,2019/01/13
info,event,Big Bash League
info,match_number,29
info,venue,Geelong Cricket Ground
info,city,Geelong
info,toss_winner,Melbourne Renegades
info,toss_decision,field
info,player_of_match,M Bryant
info,umpire,PJ Gillespie
info,umpire,SAJ Craig
info,reserve_umpire,Greg Azzopardi
info,tv_umpire,DJ Shepard
info,match_referee,RL Parry
info,winner,Brisbane Heat
info,winner_runs,101
info,player,Brisbane Heat,M Bryant
info,player,Brisbane Heat,BB McCullum
info,player,Brisbane Heat,CA Lynn
info,player,Brisbane Heat,BCJ Cutting
info,player,Brisbane Heat,MT Renshaw
info,player,Brisbane Heat,AI Ross
info,player,Brisbane Heat,JJ Peirson
info,player,Brisbane Heat,JK Lalor
info,player,Brisbane Heat,B Doggett
info,player,Brisbane Heat,MJ Swepson
info,player,Brisbane Heat,Mujeeb Ur Rahman
info,player,Melbourne Renegades,MW Harvey
info,player,Melbourne Renegades,MS Harris
info,player,Melbourne Renegades,SB Harper
info,player,Melbourne Renegades,TLW Cooper
info,player,Melbourne Renegades,BJ Webster
info,player,Melbourne Renegades,Mohammad Nabi
info,player,Melbourne Renegades,DT Christian
info,player,Melbourne Renegades,JD Wildermuth
info,player,Melbourne Renegades,CJ Boyce
info,player,Melbourne Renegades,JM Mennie
info,player,Melbourne Renegades,HF Gurney
info,registry,people,AI Ross,fb0d68b4
info,registry,people,B Doggett,898e628d
info,registry,people,BB McCullum,b8a55852
info,registry,people,BCJ Cutting,2e11c706
info,registry,people,BJ Webster,56b93d46
info,registry,people,CA Lynn,45eda7c8
info,registry,people,CJ Boyce,51a60c16
info,registry,people,DJ Shepard,d3533ba5
info,registry,people,DT Christian,2a2e6343
info,registry,people,Greg Azzopardi,e950350e
info,registry,people,HF Gurney,e412cb64
info,registry,people,JD Wildermuth,f1c61793
info,registry,people,JJ Peirson,2b55c3b4
info,registry,people,JK Lalor,88209c84
info,registry,people,JM Mennie,f048bb41
info,registry,people,M Bryant,f32012f4
info,registry,people,MJ Swepson,86b4bf88
info,registry,people,MS Harris,9e85455c
info,registry,people,MT Renshaw,218d4d78
info,registry,people,MW Harvey,47dc9794
info,registry,people,Mohammad Nabi,62af8546
info,registry,people,Mujeeb Ur Rahman,7d92277a
info,registry,people,PJ Gillespie,3e253a50
info,registry,people,RL Parry,86d151dc
info,registry,people,SAJ Craig,689f2eed
info,registry,people,SB Harper,a756e61a
info,registry,people,TLW Cooper,2318ba22
ball,1,0.1,Brisbane Heat,M Bryant,BB McCullum,JM Mennie,1,0,,,,,,"",""
ball,1,0.2,Brisbane Heat,BB McCullum,M Bryant,JM Mennie,0,0,,,,,,"",""
ball,1,0.3,Brisbane Heat,BB McCullum,M Bryant,JM Mennie,0,0,,,,,,"",""
ball,1,0.4,Brisbane Heat,BB McCullum,M Bryant,JM Mennie,3,0,,,,,,"",""
ball,1,0.5,Brisbane Heat,M Bryant,BB McCullum,JM Mennie,2,0,,,,,,"",""
ball,1,0.6,Brisbane Heat,M Bryant,BB McCullum,JM Mennie,2,0,,,,,,"",""
ball,1,1.1,Brisbane Heat,BB McCullum,M Bryant,HF Gurney,0,0,,,,,,"",""
ball,1,1.2,Brisbane Heat,BB McCullum,M Bryant,HF Gurney,1,0,,,,,,"",""
ball,1,1.3,Brisbane Heat,M Bryant,BB McCullum,HF Gurney,0,0,,,,,,"",""
ball,1,1.4,Brisbane Heat,M Bryant,BB McCullum,HF Gurney,4,0,,,,,,"",""
ball,1,1.5,Brisbane Heat,M Bryant,BB McCullum,HF Gurney,1,0,,,,,,"",""
ball,1,1.6,Brisbane Heat,BB McCullum,M Bryant,HF Gurney,0,0,,,,,,"",""
ball,1,2.1,Brisbane Heat,M Bryant,BB McCullum,JM Mennie,4,0,,,,,,"",""
ball,1,2.2,Brisbane Heat,M Bryant,BB McCullum,JM Mennie,4,0,,,,,,"",""
ball,1,2.3,Brisbane Heat,M Bryant,BB McCullum,JM Mennie,4,0,,,,,,"",""
ball,1,2.4,Brisbane Heat,M Bryant,BB McCullum,JM Mennie,4,0,,,,,,"",""
ball,1,2.5,Brisbane Heat,M Bryant,BB McCullum,JM Mennie,1,0,,,,,,"",""
ball,1,2.6,Brisbane Heat,BB McCullum,M Bryant,JM Mennie,6,0,,,,,,"",""
ball,1,3.1,Brisbane Heat,M Bryant,BB McCullum,JD Wildermuth,4,0,,,,,,"",""
ball,1,3.2,Brisbane Heat,M Bryant,BB McCullum,JD Wildermuth,0,0,,,,,,"",""
ball,1,3.3,Brisbane Heat,M Bryant,BB McCullum,JD Wildermuth,0,0,,,,,,"",""
ball,1,3.4,Brisbane Heat,M Bryant,BB McCullum,JD Wildermuth,2,0,,,,,,"",""
ball,1,3.5,Brisbane Heat,M Bryant,BB McCullum,JD Wildermuth,4,0,,,,,,"",""
ball,1,3.6,Brisbane Heat,M Bryant,BB McCullum,JD Wildermuth,4,0,,,,,,"",""
ball,1,4.1,Brisbane Heat,BB McCullum,M Bryant,HF Gurney,1,0,,,,,,"",""
ball,1,4.2,Brisbane Heat,M Bryant,BB McCullum,HF Gurney,0,0,,,,,,"",""
ball,1,4.3,Brisbane Heat,M Bryant,BB McCullum,HF Gurney,1,0,,,,,,"",""
ball,1,4.4,Brisbane Heat,BB McCullum,M Bryant,HF Gurney,4,0,,,,,,"",""
ball,1,4.5,Brisbane Heat,BB McCullum,M Bryant,HF Gurney,4,0,,,,,,"",""
ball,1,4.6,Brisbane Heat,BB McCullum,M Bryant,HF Gurney,4,0,,,,,,"",""
ball,1,5.1,Brisbane Heat,M Bryant,BB McCullum,Mohammad Nabi,0,0,,,,,,"",""
ball,1,5.2,Brisbane Heat,M Bryant,BB McCullum,Mohammad Nabi,0,0,,,,,,"",""
ball,1,5.3,Brisbane Heat,M Bryant,BB McCullum,Mohammad Nabi,1,0,,,,,,"",""
ball,1,5.4,Brisbane Heat,BB McCullum,M Bryant,Mohammad Nabi,0,0,,,,,,"",""
ball,1,5.5,Brisbane Heat,BB McCullum,M Bryant,Mohammad Nabi,0,0,,,,,,"",""
ball,1,5.6,Brisbane Heat,BB McCullum,M Bryant,Mohammad Nabi,1,0,,,,,,"",""
ball,1,6.1,Brisbane Heat,BB McCullum,M Bryant,DT Christian,1,0,,,,,,"",""
ball,1,6.2,Brisbane Heat,M Bryant,BB McCullum,DT Christian,1,0,,,,,,"",""
ball,1,6.3,Brisbane Heat,BB McCullum,M Bryant,DT Christian,1,0,,,,,,"",""
ball,1,6.4,Brisbane Heat,M Bryant,BB McCullum,DT Christian,0,0,,,,,,caught,M Bryant
ball,1,6.5,Brisbane Heat,CA Lynn,BB McCullum,DT Christian,0,0,,,,,,"",""
ball,1,6.6,Brisbane Heat,CA Lynn,BB McCullum,DT Christian,1,0,,,,,,"",""
ball,1,7.1,Brisbane Heat,CA Lynn,BB McCullum,CJ Boyce,1,0,,,,,,"",""
ball,1,7.2,Brisbane Heat,BB McCullum,CA Lynn,CJ Boyce,0,0,,,,,,"",""
ball,1,7.3,Brisbane Heat,BB McCullum,CA Lynn,CJ Boyce,0,0,,,,,,"",""
ball,1,7.4,Brisbane Heat,BB McCullum,CA Lynn,CJ Boyce,1,0,,,,,,"",""
ball,1,7.5,Brisbane Heat,CA Lynn,BB McCullum,CJ Boyce,0,0,,,,,,"",""
ball,1,7.6,Brisbane Heat,CA Lynn,BB McCullum,CJ Boyce,1,0,,,,,,"",""
ball,1,8.1,Brisbane Heat,CA Lynn,BB McCullum,DT Christian,4,0,,,,,,"",""
ball,1,8.2,Brisbane Heat,CA Lynn,BB McCullum,DT Christian,0,0,,,,,,"",""
ball,1,8.3,Brisbane Heat,CA Lynn,BB McCullum,DT Christian,1,0,,,,,,"",""
ball,1,8.4,Brisbane Heat,BB McCullum,CA Lynn,DT Christian,1,0,,,,,,"",""
ball,1,8.5,Brisbane Heat,CA Lynn,BB McCullum,DT Christian,0,0,,,,,,"",""
ball,1,8.6,Brisbane Heat,CA Lynn,BB McCullum,DT Christian,1,0,,,,,,"",""
ball,1,9.1,Brisbane Heat,CA Lynn,BB McCullum,CJ Boyce,0,0,,,,,,"",""
ball,1,9.2,Brisbane Heat,CA Lynn,BB McCullum,CJ Boyce,1,0,,,,,,"",""
ball,1,9.3,Brisbane Heat,BB McCullum,CA Lynn,CJ Boyce,6,0,,,,,,"",""
ball,1,9.4,Brisbane Heat,BB McCullum,CA Lynn,CJ Boyce,1,0,,,,,,"",""
ball,1,9.5,Brisbane Heat,CA Lynn,BB McCullum,CJ Boyce,1,0,,,,,,"",""
ball,1,9.6,Brisbane Heat,BB McCullum,CA Lynn,CJ Boyce,0,0,,,,,,"",""
ball,1,10.1,Brisbane Heat,CA Lynn,BB McCullum,Mohammad Nabi,4,0,,,,,,"",""
ball,1,10.2,Brisbane Heat,CA Lynn,BB McCullum,Mohammad Nabi,1,0,,,,,,"",""
ball,1,10.3,Brisbane Heat,BB McCullum,CA Lynn,Mohammad Nabi,4,0,,,,,,"",""
ball,1,10.4,Brisbane Heat,BB McCullum,CA Lynn,Mohammad Nabi,1,0,,,,,,"",""
ball,1,10.5,Brisbane Heat,CA Lynn,BB McCullum,Mohammad Nabi,1,0,,,,,,"",""
ball,1,10.6,Brisbane Heat,BB McCullum,CA Lynn,Mohammad Nabi,1,0,,,,,,"",""
ball,1,11.1,Brisbane Heat,BB McCullum,CA Lynn,JD Wildermuth,0,0,,,,,,"",""
ball,1,11.2,Brisbane Heat,BB McCullum,CA Lynn,JD Wildermuth,1,0,,,,,,"",""
ball,1,11.3,Brisbane Heat,CA Lynn,BB McCullum,JD Wildermuth,1,0,,,,,,"",""
ball,1,11.4,Brisbane Heat,BB McCullum,CA Lynn,JD Wildermuth,1,0,,,,,,"",""
ball,1,11.5,Brisbane Heat,CA Lynn,BB McCullum,JD Wildermuth,0,0,,,,,,"",""
ball,1,11.6,Brisbane Heat,CA Lynn,BB McCullum,JD Wildermuth,1,0,,,,,,"",""
ball,1,12.1,Brisbane Heat,CA Lynn,BB McCullum,CJ Boyce,1,0,,,,,,"",""
ball,1,12.2,Brisbane Heat,BB McCullum,CA Lynn,CJ Boyce,1,0,,,,,,"",""
ball,1,12.3,Brisbane Heat,CA Lynn,BB McCullum,CJ Boyce,1,0,,,,,,"",""
ball,1,12.4,Brisbane Heat,BB McCullum,CA Lynn,CJ Boyce,6,0,,,,,,"",""
ball,1,12.5,Brisbane Heat,BB McCullum,CA Lynn,CJ Boyce,1,0,,,,,,"",""
ball,1,12.6,Brisbane Heat,CA Lynn,BB McCullum,CJ Boyce,1,0,,,,,,"",""
ball,1,13.1,Brisbane Heat,CA Lynn,BB McCullum,Mohammad Nabi,1,0,,,,,,"",""
ball,1,13.2,Brisbane Heat,BB McCullum,CA Lynn,Mohammad Nabi,0,0,,,,,,"",""
ball,1,13.3,Brisbane Heat,BB McCullum,CA Lynn,Mohammad Nabi,6,0,,,,,,"",""
ball,1,13.4,Brisbane Heat,BB McCullum,CA Lynn,Mohammad Nabi,1,0,,,,,,"",""
ball,1,13.5,Brisbane Heat,CA Lynn,BB McCullum,Mohammad Nabi,0,0,,,,,,"",""
ball,1,13.6,Brisbane Heat,CA Lynn,BB McCullum,Mohammad Nabi,6,0,,,,,,"",""
ball,1,14.1,Brisbane Heat,BB McCullum,CA Lynn,CJ Boyce,1,0,,,,,,"",""
ball,1,14.2,Brisbane Heat,CA Lynn,BB McCullum,CJ Boyce,4,0,,,,,,"",""
ball,1,14.3,Brisbane Heat,CA Lynn,BB McCullum,CJ Boyce,6,0,,,,,,"",""
ball,1,14.4,Brisbane Heat,CA Lynn,BB McCullum,CJ Boyce,2,0,,,,,,"",""
ball,1,14.5,Brisbane Heat,CA Lynn,BB McCullum,CJ Boyce,0,0,,,,,,"",""
ball,1,14.6,Brisbane Heat,CA Lynn,BB McCullum,CJ Boyce,1,0,,,,,,"",""
ball,1,15.1,Brisbane Heat,CA Lynn,BB McCullum,DT Christian,1,0,,,,,,"",""
ball,1,15.2,Brisbane Heat,BB McCullum,CA Lynn,DT Christian,1,0,,,,,,"",""
ball,1,15.3,Brisbane Heat,CA Lynn,BB McCullum,DT Christian,1,0,,,,,,"",""
ball,1,15.4,Brisbane Heat,BB McCullum,CA Lynn,DT Christian,6,0,,,,,,"",""
ball,1,15.5,Brisbane Heat,BB McCullum,CA Lynn,DT Christian,0,0,,,,,,"",""
ball,1,15.6,Brisbane Heat,BB McCullum,CA Lynn,DT Christian,0,0,,,,,,"",""
ball,1,16.1,Brisbane Heat,CA Lynn,BB McCullum,HF Gurney,1,0,,,,,,"",""
ball,1,16.2,Brisbane Heat,BB McCullum,CA Lynn,HF Gurney,1,0,,,,,,"",""
ball,1,16.3,Brisbane Heat,CA Lynn,BB McCullum,HF Gurney,1,0,,,,,,"",""
ball,1,16.4,Brisbane Heat,BB McCullum,CA Lynn,HF Gurney,2,0,,,,,,"",""
ball,1,16.5,Brisbane Heat,BB McCullum,CA Lynn,HF Gurney,0,0,,,,,,caught,BB McCullum
ball,1,16.6,Brisbane Heat,BCJ Cutting,CA Lynn,HF Gurney,1,0,,,,,,"",""
ball,1,17.1,Brisbane Heat,BCJ Cutting,CA Lynn,DT Christian,0,0,,,,,,caught,BCJ Cutting
ball,1,17.2,Brisbane Heat,CA Lynn,MT Renshaw,DT Christian,2,0,,,,,,"",""
ball,1,17.3,Brisbane Heat,CA Lynn,MT Renshaw,DT Christian,1,0,,,,,,"",""
ball,1,17.4,Brisbane Heat,MT Renshaw,CA Lynn,DT Christian,0,0,,,,,,"",""
ball,1,17.5,Brisbane Heat,MT Renshaw,CA Lynn,DT Christian,0,1,,,,1,,"",""
ball,1,17.6,Brisbane Heat,CA Lynn,MT Renshaw,DT Christian,1,0,,,,,,"",""
ball,1,18.1,Brisbane Heat,CA Lynn,MT Renshaw,HF Gurney,6,0,,,,,,"",""
ball,1,18.2,Brisbane Heat,CA Lynn,MT Renshaw,HF Gurney,1,0,,,,,,"",""
ball,1,18.3,Brisbane Heat,MT Renshaw,CA Lynn,HF Gurney,2,0,,,,,,"",""
ball,1,18.4,Brisbane Heat,MT Renshaw,CA Lynn,HF Gurney,1,0,,,,,,"",""
ball,1,18.5,Brisbane Heat,CA Lynn,MT Renshaw,HF Gurney,1,0,,,,,,"",""
ball,1,18.6,Brisbane Heat,MT Renshaw,CA Lynn,HF Gurney,0,0,,,,,,bowled,MT Renshaw
ball,1,19.1,Brisbane Heat,CA Lynn,AI Ross,JM Mennie,1,0,,,,,,"",""
ball,1,19.2,Brisbane Heat,AI Ross,CA Lynn,JM Mennie,4,0,,,,,,"",""
ball,1,19.3,Brisbane Heat,AI Ross,CA Lynn,JM Mennie,1,0,,,,,,"",""
ball,1,19.4,Brisbane Heat,CA Lynn,AI Ross,JM Mennie,6,0,,,,,,"",""
ball,1,19.5,Brisbane Heat,CA Lynn,AI Ross,JM Mennie,1,0,,,,,,"",""
ball,1,19.6,Brisbane Heat,AI Ross,CA Lynn,JM Mennie,0,2,2,,,,,"",""
ball,1,19.7,Brisbane Heat,CA Lynn,AI Ross,JM Mennie,0,1,,,1,,,"",""
ball,2,0.1,Melbourne Renegades,MW Harvey,MS Harris,MT Renshaw,0,0,,,,,,"",""
ball,2,0.2,Melbourne Renegades,MW Harvey,MS Harris,MT Renshaw,1,0,,,,,,"",""
ball,2,0.3,Melbourne Renegades,MS Harris,MW Harvey,MT Renshaw,0,0,,,,,,"",""
ball,2,0.4,Melbourne Renegades,MS Harris,MW Harvey,MT Renshaw,0,0,,,,,,"",""
ball,2,0.5,Melbourne Renegades,MS Harris,MW Harvey,MT Renshaw,1,0,,,,,,"",""
ball,2,0.6,Melbourne Renegades,MW Harvey,MS Harris,MT Renshaw,1,0,,,,,,"",""
ball,2,1.1,Melbourne Renegades,MW Harvey,MS Harris,Mujeeb Ur Rahman,0,0,,,,,,"",""
ball,2,1.2,Melbourne Renegades,MW Harvey,MS Harris,Mujeeb Ur Rahman,0,0,,,,,,"",""
ball,2,1.3,Melbourne Renegades,MW Harvey,MS Harris,Mujeeb Ur Rahman,1,0,,,,,,"",""
ball,2,1.4,Melbourne Renegades,MS Harris,MW Harvey,Mujeeb Ur Rahman,0,0,,,,,,"",""
ball,2,1.5,Melbourne Renegades,MS Harris,MW Harvey,Mujeeb Ur Rahman,1,0,,,,,,"",""
ball,2,1.6,Melbourne Renegades,MW Harvey,MS Harris,Mujeeb Ur Rahman,6,0,,,,,,"",""
ball,2,2.1,Melbourne Renegades,MS Harris,MW Harvey,JK Lalor,0,0,,,,,,"",""
ball,2,2.2,Melbourne Renegades,MS Harris,MW Harvey,JK Lalor,0,0,,,,,,caught,MS Harris
ball,2,2.3,Melbourne Renegades,MW Harvey,SB Harper,JK Lalor,1,0,,,,,,"",""
ball,2,2.4,Melbourne Renegades,SB Harper,MW Harvey,JK Lalor,0,0,,,,,,"",""
ball,2,2.5,Melbourne Renegades,SB Harper,MW Harvey,JK Lalor,0,0,,,,,,"",""
ball,2,2.6,Melbourne Renegades,SB Harper,MW Harvey,JK Lalor,0,0,,,,,,"",""
ball,2,3.1,Melbourne Renegades,MW Harvey,SB Harper,MT Renshaw,0,0,,,,,,"",""
ball,2,3.2,Melbourne Renegades,MW Harvey,SB Harper,MT Renshaw,0,0,,,,,,"",""
ball,2,3.3,Melbourne Renegades,MW Harvey,SB Harper,MT Renshaw,3,0,,,,,,"",""
ball,2,3.4,Melbourne Renegades,SB Harper,MW Harvey,MT Renshaw,4,0,,,,,,"",""
ball,2,3.5,Melbourne Renegades,SB Harper,MW Harvey,MT Renshaw,0,0,,,,,,"",""
ball,2,3.6,Melbourne Renegades,SB Harper,MW Harvey,MT Renshaw,1,0,,,,,,"",""
ball,2,4.1,Melbourne Renegades,SB Harper,MW Harvey,B Doggett,1,0,,,,,,"",""
ball,2,4.2,Melbourne Renegades,MW Harvey,SB Harper,B Doggett,0,0,,,,,,"",""
ball,2,4.3,Melbourne Renegades,MW Harvey,SB Harper,B Doggett,0,0,,,,,,caught,MW Harvey
ball,2,4.4,Melbourne Renegades,TLW Cooper,SB Harper,B Doggett,0,0,,,,,,"",""
ball,2,4.5,Melbourne Renegades,TLW Cooper,SB Harper,B Doggett,1,0,,,,,,"",""
ball,2,4.6,Melbourne Renegades,SB Harper,TLW Cooper,B Doggett,0,0,,,,,,"",""
ball,2,5.1,Melbourne Renegades,TLW Cooper,SB Harper,JK Lalor,0,0,,,,,,"",""
ball,2,5.2,Melbourne Renegades,TLW Cooper,SB Harper,JK Lalor,2,0,,,,,,"",""
ball,2,5.3,Melbourne Renegades,TLW Cooper,SB Harper,JK Lalor,1,0,,,,,,"",""
ball,2,5.4,Melbourne Renegades,SB Harper,TLW Cooper,JK Lalor,0,0,,,,,,caught,SB Harper
ball,2,5.5,Melbourne Renegades,TLW Cooper,BJ Webster,JK Lalor,0,0,,,,,,"",""
ball,2,5.6,Melbourne Renegades,TLW Cooper,BJ Webster,JK Lalor,4,0,,,,,,"",""
ball,2,6.1,Melbourne Renegades,BJ Webster,TLW Cooper,Mujeeb Ur Rahman,1,0,,,,,,"",""
ball,2,6.2,Melbourne Renegades,TLW Cooper,BJ Webster,Mujeeb Ur Rahman,0,0,,,,,,"",""
ball,2,6.3,Melbourne Renegades,TLW Cooper,BJ Webster,Mujeeb Ur Rahman,1,0,,,,,,"",""
ball,2,6.4,Melbourne Renegades,BJ Webster,TLW Cooper,Mujeeb Ur Rahman,4,0,,,,,,"",""
ball,2,6.5,Melbourne Renegades,BJ Webster,TLW Cooper,Mujeeb Ur Rahman,0,0,,,,,,"",""
ball,2,6.6,Melbourne Renegades,BJ Webster,TLW Cooper,Mujeeb Ur Rahman,0,0,,,,,,"",""
ball,2,7.1,Melbourne Renegades,TLW Cooper,BJ Webster,MJ Swepson,1,0,,,,,,"",""
ball,2,7.2,Melbourne Renegades,BJ Webster,TLW Cooper,MJ Swepson,0,1,1,,,,,"",""
ball,2,7.3,Melbourne Renegades,BJ Webster,TLW Cooper,MJ Swepson,1,0,,,,,,"",""
ball,2,7.4,Melbourne Renegades,TLW Cooper,BJ Webster,MJ Swepson,0,0,,,,,,lbw,TLW Cooper
ball,2,7.5,Melbourne Renegades,Mohammad Nabi,BJ Webster,MJ Swepson,0,0,,,,,,"",""
ball,2,7.6,Melbourne Renegades,Mohammad Nabi,BJ Webster,MJ Swepson,0,0,,,,,,"",""
ball,2,7.7,Melbourne Renegades,Mohammad Nabi,BJ Webster,MJ Swepson,0,0,,,,,,"",""
ball,2,8.1,Melbourne Renegades,BJ Webster,Mohammad Nabi,B Doggett,1,0,,,,,,"",""
ball,2,8.2,Melbourne Renegades,Mohammad Nabi,BJ Webster,B Doggett,1,0,,,,,,"",""
ball,2,8.3,Melbourne Renegades,BJ Webster,Mohammad Nabi,B Doggett,0,0,,,,,,"",""
ball,2,8.4,Melbourne Renegades,BJ Webster,Mohammad Nabi,B Doggett,0,0,,,,,,"",""
ball,2,8.5,Melbourne Renegades,BJ Webster,Mohammad Nabi,B Doggett,1,0,,,,,,"",""
ball,2,8.6,Melbourne Renegades,Mohammad Nabi,BJ Webster,B Doggett,0,0,,,,,,"",""
ball,2,9.1,Melbourne Renegades,BJ Webster,Mohammad Nabi,MJ Swepson,0,0,,,,,,"",""
ball,2,9.2,Melbourne Renegades,BJ Webster,Mohammad Nabi,MJ Swepson,1,0,,,,,,"",""
ball,2,9.3,Melbourne Renegades,Mohammad Nabi,BJ Webster,MJ Swepson,2,0,,,,,,"",""
ball,2,9.4,Melbourne Renegades,Mohammad Nabi,BJ Webster,MJ Swepson,6,0,,,,,,"",""
ball,2,9.5,Melbourne Renegades,Mohammad Nabi,BJ Webster,MJ Swepson,0,0,,,,,,caught,Mohammad Nabi
ball,2,9.6,Melbourne Renegades,BJ Webster,DT Christian,MJ Swepson,0,0,,,,,,"",""
ball,2,10.1,Melbourne Renegades,DT Christian,BJ Webster,Mujeeb Ur Rahman,0,1,,,,1,,"",""
ball,2,10.2,Melbourne Renegades,BJ Webster,DT Christian,Mujeeb Ur Rahman,0,0,,,,,,"",""
ball,2,10.3,Melbourne Renegades,BJ Webster,DT Christian,Mujeeb Ur Rahman,0,0,,,,,,lbw,BJ Webster
ball,2,10.4,Melbourne Renegades,JD Wildermuth,DT Christian,Mujeeb Ur Rahman,1,0,,,,,,"",""
ball,2,10.5,Melbourne Renegades,DT Christian,JD Wildermuth,Mujeeb Ur Rahman,0,0,,,,,,"",""
ball,2,10.6,Melbourne Renegades,DT Christian,JD Wildermuth,Mujeeb Ur Rahman,0,0,,,,,,"",""
ball,2,11.1,Melbourne Renegades,JD Wildermuth,DT Christian,MJ Swepson,0,0,,,,,,lbw,JD Wildermuth
ball,2,11.2,Melbourne Renegades,CJ Boyce,DT Christian,MJ Swepson,1,0,,,,,,"",""
ball,2,11.3,Melbourne Renegades,DT Christian,CJ Boyce,MJ Swepson,0,0,,,,,,"",""
ball,2,11.4,Melbourne Renegades,DT Christian,CJ Boyce,MJ Swepson,1,0,,,,,,"",""
ball,2,11.5,Melbourne Renegades,CJ Boyce,DT Christian,MJ Swepson,0,0,,,,,,"",""
ball,2,11.6,Melbourne Renegades,CJ Boyce,DT Christian,MJ Swepson,0,0,,,,,,"",""
ball,2,12.1,Melbourne Renegades,DT Christian,CJ Boyce,Mujeeb Ur Rahman,0,0,,,,,,"",""
ball,2,12.2,Melbourne Renegades,DT Christian,CJ Boyce,Mujeeb Ur Rahman,0,0,,,,,,"",""
ball,2,12.3,Melbourne Renegades,DT Christian,CJ Boyce,Mujeeb Ur Rahman,1,0,,,,,,"",""
ball,2,12.4,Melbourne Renegades,CJ Boyce,DT Christian,Mujeeb Ur Rahman,0,0,,,,,,"",""
ball,2,12.5,Melbourne Renegades,CJ Boyce,DT Christian,Mujeeb Ur Rahman,0,0,,,,,,"",""
ball,2,12.6,Melbourne Renegades,CJ Boyce,DT Christian,Mujeeb Ur Rahman,0,0,,,,,,"",""
ball,2,13.1,Melbourne Renegades,DT Christian,CJ Boyce,MJ Swepson,0,1,1,,,,,"",""
ball,2,13.2,Melbourne Renegades,DT Christian,CJ Boyce,MJ Swepson,1,0,,,,,,"",""
ball,2,13.3,Melbourne Renegades,CJ Boyce,DT Christian,MJ Swepson,1,0,,,,,,"",""
ball,2,13.4,Melbourne Renegades,DT Christian,CJ Boyce,MJ Swepson,2,0,,,,,,"",""
ball,2,13.5,Melbourne Renegades,DT Christian,CJ Boyce,MJ Swepson,1,0,,,,,,"",""
ball,2,13.6,Melbourne Renegades,CJ Boyce,DT Christian,MJ Swepson,2,0,,,,,,"",""
ball,2,13.7,Melbourne Renegades,CJ Boyce,DT Christian,MJ Swepson,0,0,,,,,,"",""
ball,2,14.1,Melbourne Renegades,DT Christian,CJ Boyce,BCJ Cutting,1,0,,,,,,"",""
ball,2,14.2,Melbourne Renegades,CJ Boyce,DT Christian,BCJ Cutting,1,0,,,,,,"",""
ball,2,14.3,Melbourne Renegades,DT Christian,CJ Boyce,BCJ Cutting,0,0,,,,,,caught,DT Christian
ball,2,14.4,Melbourne Renegades,JM Mennie,CJ Boyce,BCJ Cutting,1,0,,,,,,"",""
ball,2,14.5,Melbourne Renegades,CJ Boyce,JM Mennie,BCJ Cutting,1,0,,,,,,"",""
ball,2,14.6,Melbourne Renegades,JM Mennie,CJ Boyce,BCJ Cutting,0,0,,,,,,"",""
ball,2,15.1,Melbourne Renegades,CJ Boyce,JM Mennie,JK Lalor,1,0,,,,,,"",""
ball,2,15.2,Melbourne Renegades,JM Mennie,CJ Boyce,JK Lalor,1,0,,,,,,"",""
ball,2,15.3,Melbourne Renegades,CJ Boyce,JM Mennie,JK Lalor,0,0,,,,,,"",""
ball,2,15.4,Melbourne Renegades,CJ Boyce,JM Mennie,JK Lalor,1,0,,,,,,"",""
ball,2,15.5,Melbourne Renegades,JM Mennie,CJ Boyce,JK Lalor,0,0,,,,,,"",""
ball,2,15.6,Melbourne Renegades,JM Mennie,CJ Boyce,JK Lalor,1,0,,,,,,"",""
ball,2,16.1,Melbourne Renegades,JM Mennie,CJ Boyce,BCJ Cutting,1,0,,,,,,"",""
ball,2,16.2,Melbourne Renegades,CJ Boyce,JM Mennie,BCJ Cutting,0,0,,,,,,"",""
ball,2,16.3,Melbourne Renegades,CJ Boyce,JM Mennie,BCJ Cutting,6,0,,,,,,"",""
ball,2,16.4,Melbourne Renegades,CJ Boyce,JM Mennie,BCJ Cutting,1,0,,,,,,"",""
ball,2,16.5,Melbourne Renegades,JM Mennie,CJ Boyce,BCJ Cutting,1,0,,,,,,"",""
ball,2,16.6,Melbourne Renegades,CJ Boyce,JM Mennie,BCJ Cutting,0,0,,,,,,"",""
ball,2,17.1,Melbourne Renegades,JM Mennie,CJ Boyce,B Doggett,0,0,,,,,,bowled,JM Mennie
ball,2,17.2,Melbourne Renegades,HF Gurney,CJ Boyce,B Doggett,1,0,,,,,,"",""
ball,2,17.3,Melbourne Renegades,CJ Boyce,HF Gurney,B Doggett,4,0,,,,,,"",""
ball,2,17.4,Melbourne Renegades,CJ Boyce,HF Gurney,B Doggett,6,0,,,,,,"",""
ball,2,17.5,Melbourne Renegades,CJ Boyce,HF Gurney,B Doggett,0,0,,,,,,caught,CJ Boyce
