version,1.6.0
info,balls_per_over,6
info,team,Sydney Thunder
info,team,Adelaide Strikers
info,gender,male
info,season,2018/19
info,date,2019/01/13
info,event,Big Bash League
info,match_number,28
info,venue,Sydney Showground Stadium
info,city,Sydney
info,toss_winner,Sydney Thunder
info,toss_decision,bat
info,player_of_match,SR Watson
info,umpire,GA Abood
info,umpire,SA Lightbody
info,reserve_umpire,Troy Penman
info,tv_umpire,GJ Davidson
info,match_referee,SR Bernard
info,winner,Sydney Thunder
info,winner_runs,71
info,player,Sydney Thunder,AP Devcich
info,player,Sydney Thunder,SR Watson
info,player,Sydney Thunder,CJ Ferguson
info,player,Sydney Thunder,JJS Sangha
info,player,Sydney Thunder,DR Sams
info,player,Sydney Thunder,AJ Nair
info,player,Sydney Thunder,JS Lenton
info,player,Sydney Thunder,CJ Green
info,player,Sydney Thunder,CJ Jordan
info,player,Sydney Thunder,GS Sandhu
info,player,Sydney Thunder,Fawad Ahmed
info,player,Adelaide Strikers,MW Short
info,player,Adelaide Strikers,J Weatherald
info,player,Adelaide Strikers,TM Head
info,player,Adelaide Strikers,CA Ingram
info,player,Adelaide Strikers,JW Wells
info,player,Adelaide Strikers,HJ Nielsen
info,player,Adelaide Strikers,Rashid Khan
info,player,Adelaide Strikers,MG Neser
info,player,Adelaide Strikers,B Laughlin
info,player,Adelaide Strikers,LN O'Connor
info,player,Adelaide Strikers,B Stanlake
info,registry,people,AJ Nair,4ba2c04d
info,registry,people,AP Devcich,ed90abe4
info,registry,people,B Laughlin,b2a79f17
info,registry,people,B Stanlake,6834d1f2
info,registry,people,CA Ingram,c995d726
info,registry,people,CJ Ferguson,9b4935c8
info,registry,people,CJ Green,19b9f399
info,registry,people,CJ Jordan,ffe699c0
info,registry,people,DR Sams,caf69bf7
info,registry,people,Fawad Ahmed,22ae3041
info,registry,people,GA Abood,a4af5528
info,registry,people,GJ Davidson,31ad5973
info,registry,people,GS Sandhu,1558d83b
info,registry,people,HJ Nielsen,0ea1455a
info,registry,people,J Weatherald,edc7ddb6
info,registry,people,JJS Sangha,8e3cb0e9
info,registry,people,JS Lenton,8820c9ef
info,registry,people,JW Wells,8bdac857
info,registry,people,LN O'Connor,5456bd0c
info,registry,people,MG Neser,0164b064
info,registry,people,MW Short,a90e53ec
info,registry,people,Rashid Khan,5f547c8b
info,registry,people,SA Lightbody,680b8cbf
info,registry,people,SR Bernard,800187dc
info,registry,people,SR Watson,4329fbb5
info,registry,people,TM Head,12b610c2
info,registry,people,Troy Penman,0aa42c26
ball,1,0.1,Sydney Thunder,AP Devcich,SR Watson,LN O'Connor,1,0,,,,,,"",""
ball,1,0.2,Sydney Thunder,SR Watson,AP Devcich,LN O'Connor,4,0,,,,,,"",""
ball,1,0.3,Sydney Thunder,SR Watson,AP Devcich,LN O'Connor,4,0,,,,,,"",""
ball,1,0.4,Sydney Thunder,SR Watson,AP Devcich,LN O'Connor,2,0,,,,,,"",""
ball,1,0.5,Sydney Thunder,SR Watson,AP Devcich,LN O'Connor,1,0,,,,,,"",""
ball,1,0.6,Sydney Thunder,AP Devcich,SR Watson,LN O'Connor,0,0,,,,,,"",""
ball,1,1.1,Sydney Thunder,SR Watson,AP Devcich,MG Neser,1,0,,,,,,"",""
ball,1,1.2,Sydney Thunder,AP Devcich,SR Watson,MG Neser,0,0,,,,,,"",""
ball,1,1.3,Sydney Thunder,AP Devcich,SR Watson,MG Neser,0,0,,,,,,"",""
ball,1,1.4,Sydney Thunder,AP Devcich,SR Watson,MG Neser,6,0,,,,,,"",""
ball,1,1.5,Sydney Thunder,AP Devcich,SR Watson,MG Neser,1,0,,,,,,"",""
ball,1,1.6,Sydney Thunder,SR Watson,AP Devcich,MG Neser,0,0,,,,,,"",""
ball,1,2.1,Sydney Thunder,AP Devcich,SR Watson,B Stanlake,1,0,,,,,,"",""
ball,1,2.2,Sydney Thunder,SR Watson,AP Devcich,B Stanlake,0,0,,,,,,"",""
ball,1,2.3,Sydney Thunder,SR Watson,AP Devcich,B Stanlake,1,0,,,,,,"",""
ball,1,2.4,Sydney Thunder,AP Devcich,SR Watson,B Stanlake,4,0,,,,,,"",""
ball,1,2.5,Sydney Thunder,AP Devcich,SR Watson,B Stanlake,4,0,,,,,,"",""
ball,1,2.6,Sydney Thunder,AP Devcich,SR Watson,B Stanlake,4,0,,,,,,"",""
ball,1,3.1,Sydney Thunder,SR Watson,AP Devcich,Rashid Khan,3,0,,,,,,"",""
ball,1,3.2,Sydney Thunder,AP Devcich,SR Watson,Rashid Khan,0,0,,,,,,"",""
ball,1,3.3,Sydney Thunder,AP Devcich,SR Watson,Rashid Khan,0,0,,,,,,lbw,AP Devcich
ball,1,3.4,Sydney Thunder,CJ Ferguson,SR Watson,Rashid Khan,0,0,,,,,,caught,CJ Ferguson
ball,1,3.5,Sydney Thunder,JJS Sangha,SR Watson,Rashid Khan,0,0,,,,,,"",""
ball,1,3.6,Sydney Thunder,JJS Sangha,SR Watson,Rashid Khan,0,0,,,,,,"",""
ball,1,4.1,Sydney Thunder,SR Watson,JJS Sangha,MG Neser,1,0,,,,,,"",""
ball,1,4.2,Sydney Thunder,JJS Sangha,SR Watson,MG Neser,4,0,,,,,,"",""
ball,1,4.3,Sydney Thunder,JJS Sangha,SR Watson,MG Neser,0,0,,,,,,"",""
ball,1,4.4,Sydney Thunder,JJS Sangha,SR Watson,MG Neser,0,0,,,,,,"",""
ball,1,4.5,Sydney Thunder,JJS Sangha,SR Watson,MG Neser,0,0,,,,,,"",""
ball,1,4.6,Sydney Thunder,JJS Sangha,SR Watson,MG Neser,0,0,,,,,,"",""
ball,1,5.1,Sydney Thunder,SR Watson,JJS Sangha,B Stanlake,6,0,,,,,,"",""
ball,1,5.2,Sydney Thunder,SR Watson,JJS Sangha,B Stanlake,4,0,,,,,,"",""
ball,1,5.3,Sydney Thunder,SR Watson,JJS Sangha,B Stanlake,0,0,,,,,,"",""
ball,1,5.4,Sydney Thunder,SR Watson,JJS Sangha,B Stanlake,0,0,,,,,,"",""
ball,1,5.5,Sydney Thunder,SR Watson,JJS Sangha,B Stanlake,1,0,,,,,,"",""
ball,1,5.6,Sydney Thunder,JJS Sangha,SR Watson,B Stanlake,2,0,,,,,,"",""
ball,1,6.1,Sydney Thunder,SR Watson,JJS Sangha,B Laughlin,4,0,,,,,,"",""
ball,1,6.2,Sydney Thunder,SR Watson,JJS Sangha,B Laughlin,1,0,,,,,,"",""
ball,1,6.3,Sydney Thunder,JJS Sangha,SR Watson,B Laughlin,1,0,,,,,,"",""
ball,1,6.4,Sydney Thunder,SR Watson,JJS Sangha,B Laughlin,1,0,,,,,,"",""
ball,1,6.5,Sydney Thunder,JJS Sangha,SR Watson,B Laughlin,1,0,,,,,,"",""
ball,1,6.6,Sydney Thunder,SR Watson,JJS Sangha,B Laughlin,0,0,,,,,,"",""
ball,1,7.1,Sydney Thunder,JJS Sangha,SR Watson,LN O'Connor,4,0,,,,,,"",""
ball,1,7.2,Sydney Thunder,JJS Sangha,SR Watson,LN O'Connor,1,0,,,,,,"",""
ball,1,7.3,Sydney Thunder,SR Watson,JJS Sangha,LN O'Connor,1,0,,,,,,"",""
ball,1,7.4,Sydney Thunder,JJS Sangha,SR Watson,LN O'Connor,0,0,,,,,,"",""
ball,1,7.5,Sydney Thunder,JJS Sangha,SR Watson,LN O'Connor,1,0,,,,,,"",""
ball,1,7.6,Sydney Thunder,SR Watson,JJS Sangha,LN O'Connor,0,0,,,,,,"",""
ball,1,8.1,Sydney Thunder,JJS Sangha,SR Watson,Rashid Khan,0,0,,,,,,"",""
ball,1,8.2,Sydney Thunder,JJS Sangha,SR Watson,Rashid Khan,4,0,,,,,,"",""
ball,1,8.3,Sydney Thunder,JJS Sangha,SR Watson,Rashid Khan,1,0,,,,,,"",""
ball,1,8.4,Sydney Thunder,SR Watson,JJS Sangha,Rashid Khan,0,0,,,,,,"",""
ball,1,8.5,Sydney Thunder,SR Watson,JJS Sangha,Rashid Khan,6,0,,,,,,"",""
ball,1,8.6,Sydney Thunder,SR Watson,JJS Sangha,Rashid Khan,1,0,,,,,,"",""
ball,1,9.1,Sydney Thunder,SR Watson,JJS Sangha,B Laughlin,1,0,,,,,,"",""
ball,1,9.2,Sydney Thunder,JJS Sangha,SR Watson,B Laughlin,2,0,,,,,,"",""
ball,1,9.3,Sydney Thunder,JJS Sangha,SR Watson,B Laughlin,1,0,,,,,,"",""
ball,1,9.4,Sydney Thunder,SR Watson,JJS Sangha,B Laughlin,1,0,,,,,,"",""
ball,1,9.5,Sydney Thunder,JJS Sangha,SR Watson,B Laughlin,1,0,,,,,,"",""
ball,1,9.6,Sydney Thunder,SR Watson,JJS Sangha,B Laughlin,6,0,,,,,,"",""
ball,1,10.1,Sydney Thunder,JJS Sangha,SR Watson,LN O'Connor,4,0,,,,,,"",""
ball,1,10.2,Sydney Thunder,JJS Sangha,SR Watson,LN O'Connor,1,0,,,,,,"",""
ball,1,10.3,Sydney Thunder,SR Watson,JJS Sangha,LN O'Connor,6,0,,,,,,"",""
ball,1,10.4,Sydney Thunder,SR Watson,JJS Sangha,LN O'Connor,1,0,,,,,,"",""
ball,1,10.5,Sydney Thunder,JJS Sangha,SR Watson,LN O'Connor,1,0,,,,,,"",""
ball,1,10.6,Sydney Thunder,SR Watson,JJS Sangha,LN O'Connor,6,0,,,,,,"",""
ball,1,11.1,Sydney Thunder,JJS Sangha,SR Watson,Rashid Khan,0,0,,,,,,"",""
ball,1,11.2,Sydney Thunder,JJS Sangha,SR Watson,Rashid Khan,1,0,,,,,,"",""
ball,1,11.3,Sydney Thunder,SR Watson,JJS Sangha,Rashid Khan,0,0,,,,,,"",""
ball,1,11.4,Sydney Thunder,SR Watson,JJS Sangha,Rashid Khan,0,0,,,,,,"",""
ball,1,11.5,Sydney Thunder,SR Watson,JJS Sangha,Rashid Khan,0,0,,,,,,"",""
ball,1,11.6,Sydney Thunder,SR Watson,JJS Sangha,Rashid Khan,0,0,,,,,,"",""
ball,1,12.1,Sydney Thunder,JJS Sangha,SR Watson,B Stanlake,0,0,,,,,,"",""
ball,1,12.2,Sydney Thunder,JJS Sangha,SR Watson,B Stanlake,0,0,,,,,,caught,JJS Sangha
ball,1,12.3,Sydney Thunder,DR Sams,SR Watson,B Stanlake,0,0,,,,,,"",""
ball,1,12.4,Sydney Thunder,DR Sams,SR Watson,B Stanlake,0,0,,,,,,"",""
ball,1,12.5,Sydney Thunder,DR Sams,SR Watson,B Stanlake,0,0,,,,,,caught,DR Sams
ball,1,12.6,Sydney Thunder,AJ Nair,SR Watson,B Stanlake,0,1,1,,,,,"",""
ball,1,12.7,Sydney Thunder,AJ Nair,SR Watson,B Stanlake,0,0,,,,,,"",""
ball,1,13.1,Sydney Thunder,SR Watson,AJ Nair,Rashid Khan,1,0,,,,,,"",""
ball,1,13.2,Sydney Thunder,AJ Nair,SR Watson,Rashid Khan,0,0,,,,,,"",""
ball,1,13.3,Sydney Thunder,AJ Nair,SR Watson,Rashid Khan,1,0,,,,,,"",""
ball,1,13.4,Sydney Thunder,SR Watson,AJ Nair,Rashid Khan,1,0,,,,,,"",""
ball,1,13.5,Sydney Thunder,AJ Nair,SR Watson,Rashid Khan,1,0,,,,,,"",""
ball,1,13.6,Sydney Thunder,SR Watson,AJ Nair,Rashid Khan,1,0,,,,,,"",""
ball,1,14.1,Sydney Thunder,SR Watson,AJ Nair,B Stanlake,1,0,,,,,,"",""
ball,1,14.2,Sydney Thunder,AJ Nair,SR Watson,B Stanlake,0,0,,,,,,"",""
ball,1,14.3,Sydney Thunder,AJ Nair,SR Watson,B Stanlake,0,0,,,,,,"",""
ball,1,14.4,Sydney Thunder,AJ Nair,SR Watson,B Stanlake,1,0,,,,,,"",""
ball,1,14.5,Sydney Thunder,SR Watson,AJ Nair,B Stanlake,1,0,,,,,,"",""
ball,1,14.6,Sydney Thunder,AJ Nair,SR Watson,B Stanlake,0,0,,,,,,"",""
ball,1,15.1,Sydney Thunder,SR Watson,AJ Nair,MG Neser,0,0,,,,,,caught,SR Watson
ball,1,15.2,Sydney Thunder,JS Lenton,AJ Nair,MG Neser,1,0,,,,,,"",""
ball,1,15.3,Sydney Thunder,AJ Nair,JS Lenton,MG Neser,1,0,,,,,,"",""
ball,1,15.4,Sydney Thunder,JS Lenton,AJ Nair,MG Neser,1,0,,,,,,"",""
ball,1,15.5,Sydney Thunder,AJ Nair,JS Lenton,MG Neser,1,0,,,,,,"",""
ball,1,15.6,Sydney Thunder,JS Lenton,AJ Nair,MG Neser,2,0,,,,,,"",""
ball,1,16.1,Sydney Thunder,AJ Nair,JS Lenton,LN O'Connor,1,0,,,,,,"",""
ball,1,16.2,Sydney Thunder,JS Lenton,AJ Nair,LN O'Connor,1,0,,,,,,"",""
ball,1,16.3,Sydney Thunder,AJ Nair,JS Lenton,LN O'Connor,1,0,,,,,,"",""
ball,1,16.4,Sydney Thunder,JS Lenton,AJ Nair,LN O'Connor,0,0,,,,,,"",""
ball,1,16.5,Sydney Thunder,JS Lenton,AJ Nair,LN O'Connor,2,0,,,,,,"",""
ball,1,16.6,Sydney Thunder,JS Lenton,AJ Nair,LN O'Connor,1,0,,,,,,"",""
ball,1,17.1,Sydney Thunder,JS Lenton,AJ Nair,B Laughlin,1,0,,,,,,"",""
ball,1,17.2,Sydney Thunder,AJ Nair,JS Lenton,B Laughlin,1,0,,,,,,"",""
ball,1,17.3,Sydney Thunder,JS Lenton,AJ Nair,B Laughlin,1,0,,,,,,"",""
ball,1,17.4,Sydney Thunder,AJ Nair,JS Lenton,B Laughlin,0,0,,,,,,"",""
ball,1,17.5,Sydney Thunder,AJ Nair,JS Lenton,B Laughlin,0,0,,,,,,caught,AJ Nair
ball,1,17.6,Sydney Thunder,JS Lenton,CJ Green,B Laughlin,2,0,,,,,,"",""
ball,1,18.1,Sydney Thunder,CJ Green,JS Lenton,MG Neser,1,0,,,,,,"",""
ball,1,18.2,Sydney Thunder,JS Lenton,CJ Green,MG Neser,1,0,,,,,,"",""
ball,1,18.3,Sydney Thunder,CJ Green,JS Lenton,MG Neser,1,0,,,,,,"",""
ball,1,18.4,Sydney Thunder,JS Lenton,CJ Green,MG Neser,0,1,,,,1,,"",""
ball,1,18.5,Sydney Thunder,CJ Green,JS Lenton,MG Neser,2,0,,,,,,"",""
ball,1,18.6,Sydney Thunder,CJ Green,JS Lenton,MG Neser,2,0,,,,,,"",""
ball,1,19.1,Sydney Thunder,JS Lenton,CJ Green,B Laughlin,6,0,,,,,,"",""
ball,1,19.2,Sydney Thunder,JS Lenton,CJ Green,B Laughlin,0,1,,,,1,,"",""
ball,1,19.3,Sydney Thunder,CJ Green,JS Lenton,B Laughlin,4,0,,,,,,"",""
ball,1,19.4,Sydney Thunder,CJ Green,JS Lenton,B Laughlin,1,0,,,,,,"",""
ball,1,19.5,Sydney Thunder,JS Lenton,CJ Green,B Laughlin,6,0,,,,,,"",""
ball,1,19.6,Sydney Thunder,JS Lenton,CJ Green,B Laughlin,2,0,,,,,,"",""
ball,2,0.1,Adelaide Strikers,MW Short,J Weatherald,AP Devcich,4,0,,,,,,"",""
ball,2,0.2,Adelaide Strikers,MW Short,J Weatherald,AP Devcich,1,0,,,,,,"",""
ball,2,0.3,Adelaide Strikers,J Weatherald,MW Short,AP Devcich,0,0,,,,,,"",""
ball,2,0.4,Adelaide Strikers,J Weatherald,MW Short,AP Devcich,0,0,,,,,,"",""
ball,2,0.5,Adelaide Strikers,J Weatherald,MW Short,AP Devcich,4,0,,,,,,"",""
ball,2,0.6,Adelaide Strikers,J Weatherald,MW Short,AP Devcich,0,0,,,,,,caught,J Weatherald
ball,2,1.1,Adelaide Strikers,MW Short,TM Head,CJ Green,1,0,,,,,,"",""
ball,2,1.2,Adelaide Strikers,TM Head,MW Short,CJ Green,2,0,,,,,,"",""
ball,2,1.3,Adelaide Strikers,TM Head,MW Short,CJ Green,0,0,,,,,,"",""
ball,2,1.4,Adelaide Strikers,TM Head,MW Short,CJ Green,0,0,,,,,,"",""
ball,2,1.5,Adelaide Strikers,TM Head,MW Short,CJ Green,0,0,,,,,,"",""
ball,2,1.6,Adelaide Strikers,TM Head,MW Short,CJ Green,1,0,,,,,,"",""
ball,2,2.1,Adelaide Strikers,TM Head,MW Short,GS Sandhu,4,0,,,,,,"",""
ball,2,2.2,Adelaide Strikers,TM Head,MW Short,GS Sandhu,0,0,,,,,,"",""
ball,2,2.3,Adelaide Strikers,TM Head,MW Short,GS Sandhu,0,0,,,,,,"",""
ball,2,2.4,Adelaide Strikers,TM Head,MW Short,GS Sandhu,1,0,,,,,,"",""
ball,2,2.5,Adelaide Strikers,MW Short,TM Head,GS Sandhu,0,0,,,,,,"",""
ball,2,2.6,Adelaide Strikers,MW Short,TM Head,GS Sandhu,0,0,,,,,,lbw,MW Short
ball,2,3.1,Adelaide Strikers,TM Head,CA Ingram,CJ Green,0,0,,,,,,"",""
ball,2,3.2,Adelaide Strikers,TM Head,CA Ingram,CJ Green,0,0,,,,,,"",""
ball,2,3.3,Adelaide Strikers,TM Head,CA Ingram,CJ Green,1,0,,,,,,"",""
ball,2,3.4,Adelaide Strikers,CA Ingram,TM Head,CJ Green,0,0,,,,,,"",""
ball,2,3.5,Adelaide Strikers,CA Ingram,TM Head,CJ Green,1,0,,,,,,"",""
ball,2,3.6,Adelaide Strikers,TM Head,CA Ingram,CJ Green,0,0,,,,,,"",""
ball,2,4.1,Adelaide Strikers,CA Ingram,TM Head,DR Sams,1,0,,,,,,"",""
ball,2,4.2,Adelaide Strikers,TM Head,CA Ingram,DR Sams,0,0,,,,,,"",""
ball,2,4.3,Adelaide Strikers,TM Head,CA Ingram,DR Sams,0,0,,,,,,"",""
ball,2,4.4,Adelaide Strikers,TM Head,CA Ingram,DR Sams,1,0,,,,,,"",""
ball,2,4.5,Adelaide Strikers,CA Ingram,TM Head,DR Sams,4,0,,,,,,"",""
ball,2,4.6,Adelaide Strikers,CA Ingram,TM Head,DR Sams,0,0,,,,,,"",""
ball,2,5.1,Adelaide Strikers,TM Head,CA Ingram,CJ Jordan,0,0,,,,,,"",""
ball,2,5.2,Adelaide Strikers,TM Head,CA Ingram,CJ Jordan,0,0,,,,,,caught,TM Head
ball,2,5.3,Adelaide Strikers,JW Wells,CA Ingram,CJ Jordan,0,0,,,,,,"",""
ball,2,5.4,Adelaide Strikers,JW Wells,CA Ingram,CJ Jordan,0,0,,,,,,"",""
ball,2,5.5,Adelaide Strikers,JW Wells,CA Ingram,CJ Jordan,1,0,,,,,,"",""
ball,2,5.6,Adelaide Strikers,CA Ingram,JW Wells,CJ Jordan,1,0,,,,,,"",""
ball,2,6.1,Adelaide Strikers,CA Ingram,JW Wells,Fawad Ahmed,0,0,,,,,,"",""
ball,2,6.2,Adelaide Strikers,CA Ingram,JW Wells,Fawad Ahmed,4,0,,,,,,"",""
ball,2,6.3,Adelaide Strikers,CA Ingram,JW Wells,Fawad Ahmed,1,0,,,,,,"",""
ball,2,6.4,Adelaide Strikers,JW Wells,CA Ingram,Fawad Ahmed,0,0,,,,,,"",""
ball,2,6.5,Adelaide Strikers,JW Wells,CA Ingram,Fawad Ahmed,1,0,,,,,,"",""
ball,2,6.6,Adelaide Strikers,CA Ingram,JW Wells,Fawad Ahmed,1,0,,,,,,"",""
ball,2,7.1,Adelaide Strikers,CA Ingram,JW Wells,GS Sandhu,1,0,,,,,,"",""
ball,2,7.2,Adelaide Strikers,JW Wells,CA Ingram,GS Sandhu,0,0,,,,,,"",""
ball,2,7.3,Adelaide Strikers,JW Wells,CA Ingram,GS Sandhu,0,0,,,,,,"",""
ball,2,7.4,Adelaide Strikers,JW Wells,CA Ingram,GS Sandhu,1,0,,,,,,"",""
ball,2,7.5,Adelaide Strikers,CA Ingram,JW Wells,GS Sandhu,1,0,,,,,,"",""
ball,2,7.6,Adelaide Strikers,JW Wells,CA Ingram,GS Sandhu,1,0,,,,,,"",""
ball,2,8.1,Adelaide Strikers,JW Wells,CA Ingram,Fawad Ahmed,0,0,,,,,,"",""
ball,2,8.2,Adelaide Strikers,JW Wells,CA Ingram,Fawad Ahmed,0,0,,,,,,"",""
ball,2,8.3,Adelaide Strikers,JW Wells,CA Ingram,Fawad Ahmed,1,0,,,,,,"",""
ball,2,8.4,Adelaide Strikers,CA Ingram,JW Wells,Fawad Ahmed,1,0,,,,,,"",""
ball,2,8.5,Adelaide Strikers,JW Wells,CA Ingram,Fawad Ahmed,1,0,,,,,,"",""
ball,2,8.6,Adelaide Strikers,CA Ingram,JW Wells,Fawad Ahmed,1,0,,,,,,"",""
ball,2,9.1,Adelaide Strikers,CA Ingram,JW Wells,CJ Jordan,6,0,,,,,,"",""
ball,2,9.2,Adelaide Strikers,CA Ingram,JW Wells,CJ Jordan,4,0,,,,,,"",""
ball,2,9.3,Adelaide Strikers,CA Ingram,JW Wells,CJ Jordan,1,0,,,,,,"",""
ball,2,9.4,Adelaide Strikers,JW Wells,CA Ingram,CJ Jordan,1,0,,,,,,"",""
ball,2,9.5,Adelaide Strikers,CA Ingram,JW Wells,CJ Jordan,2,0,,,,,,"",""
ball,2,9.6,Adelaide Strikers,CA Ingram,JW Wells,CJ Jordan,1,0,,,,,,"",""
ball,2,10.1,Adelaide Strikers,CA Ingram,JW Wells,Fawad Ahmed,1,0,,,,,,"",""
ball,2,10.2,Adelaide Strikers,JW Wells,CA Ingram,Fawad Ahmed,0,0,,,,,,"",""
ball,2,10.3,Adelaide Strikers,JW Wells,CA Ingram,Fawad Ahmed,1,0,,,,,,"",""
ball,2,10.4,Adelaide Strikers,CA Ingram,JW Wells,Fawad Ahmed,1,0,,,,,,"",""
ball,2,10.5,Adelaide Strikers,JW Wells,CA Ingram,Fawad Ahmed,1,0,,,,,,"",""
ball,2,10.6,Adelaide Strikers,CA Ingram,JW Wells,Fawad Ahmed,0,0,,,,,,"",""
ball,2,11.1,Adelaide Strikers,JW Wells,CA Ingram,AJ Nair,1,0,,,,,,"",""
ball,2,11.2,Adelaide Strikers,CA Ingram,JW Wells,AJ Nair,0,0,,,,,,"",""
ball,2,11.3,Adelaide Strikers,CA Ingram,JW Wells,AJ Nair,1,0,,,,,,"",""
ball,2,11.4,Adelaide Strikers,JW Wells,CA Ingram,AJ Nair,0,0,,,,,,"",""
ball,2,11.5,Adelaide Strikers,JW Wells,CA Ingram,AJ Nair,1,0,,,,,,"",""
ball,2,11.6,Adelaide Strikers,CA Ingram,JW Wells,AJ Nair,1,0,,,,,,"",""
ball,2,12.1,Adelaide Strikers,CA Ingram,JW Wells,CJ Green,2,0,,,,,,"",""
ball,2,12.2,Adelaide Strikers,CA Ingram,JW Wells,CJ Green,6,0,,,,,,"",""
ball,2,12.3,Adelaide Strikers,CA Ingram,JW Wells,CJ Green,1,0,,,,,,"",""
ball,2,12.4,Adelaide Strikers,JW Wells,CA Ingram,CJ Green,0,0,,,,,,"",""
ball,2,12.5,Adelaide Strikers,JW Wells,CA Ingram,CJ Green,0,0,,,,,,stumped,JW Wells
ball,2,12.6,Adelaide Strikers,HJ Nielsen,CA Ingram,CJ Green,1,0,,,,,,"",""
ball,2,13.1,Adelaide Strikers,HJ Nielsen,CA Ingram,AJ Nair,0,0,,,,,,"",""
ball,2,13.2,Adelaide Strikers,HJ Nielsen,CA Ingram,AJ Nair,0,0,,,,,,"",""
ball,2,13.3,Adelaide Strikers,HJ Nielsen,CA Ingram,AJ Nair,1,0,,,,,,"",""
ball,2,13.4,Adelaide Strikers,CA Ingram,HJ Nielsen,AJ Nair,4,0,,,,,,"",""
ball,2,13.5,Adelaide Strikers,CA Ingram,HJ Nielsen,AJ Nair,0,0,,,,,,caught,CA Ingram
ball,2,13.6,Adelaide Strikers,HJ Nielsen,Rashid Khan,AJ Nair,2,0,,,,,,"",""
ball,2,14.1,Adelaide Strikers,Rashid Khan,HJ Nielsen,Fawad Ahmed,1,0,,,,,,"",""
ball,2,14.2,Adelaide Strikers,HJ Nielsen,Rashid Khan,Fawad Ahmed,2,0,,,,,,"",""
ball,2,14.3,Adelaide Strikers,HJ Nielsen,Rashid Khan,Fawad Ahmed,1,0,,,,,,"",""
ball,2,14.4,Adelaide Strikers,Rashid Khan,HJ Nielsen,Fawad Ahmed,1,0,,,,,,"",""
ball,2,14.5,Adelaide Strikers,HJ Nielsen,Rashid Khan,Fawad Ahmed,0,0,,,,,,caught,HJ Nielsen
ball,2,14.6,Adelaide Strikers,MG Neser,Rashid Khan,Fawad Ahmed,0,0,,,,,,"",""
ball,2,15.1,Adelaide Strikers,Rashid Khan,MG Neser,AJ Nair,1,0,,,,,,"",""
ball,2,15.2,Adelaide Strikers,MG Neser,Rashid Khan,AJ Nair,0,0,,,,,,bowled,MG Neser
ball,2,15.3,Adelaide Strikers,B Laughlin,Rashid Khan,AJ Nair,0,0,,,,,,"",""
ball,2,15.4,Adelaide Strikers,B Laughlin,Rashid Khan,AJ Nair,0,0,,,,,,caught,B Laughlin
ball,2,15.5,Adelaide Strikers,LN O'Connor,Rashid Khan,AJ Nair,0,0,,,,,,"",""
ball,2,15.6,Adelaide Strikers,LN O'Connor,Rashid Khan,AJ Nair,0,0,,,,,,"",""
ball,2,16.1,Adelaide Strikers,Rashid Khan,LN O'Connor,CJ Jordan,0,0,,,,,,"",""
ball,2,16.2,Adelaide Strikers,Rashid Khan,LN O'Connor,CJ Jordan,2,0,,,,,,"",""
ball,2,16.3,Adelaide Strikers,Rashid Khan,LN O'Connor,CJ Jordan,2,0,,,,,,"",""
ball,2,16.4,Adelaide Strikers,Rashid Khan,LN O'Connor,CJ Jordan,1,0,,,,,,"",""
ball,2,16.5,Adelaide Strikers,LN O'Connor,Rashid Khan,CJ Jordan,0,1,1,,,,,"",""
ball,2,16.6,Adelaide Strikers,LN O'Connor,Rashid Khan,CJ Jordan,0,0,,,,,,"",""
ball,2,16.7,Adelaide Strikers,LN O'Connor,Rashid Khan,CJ Jordan,0,0,,,,,,"",""
ball,2,17.1,Adelaide Strikers,Rashid Khan,LN O'Connor,DR Sams,0,0,,,,,,caught,Rashid Khan
ball,2,17.2,Adelaide Strikers,LN O'Connor,B Stanlake,DR Sams,1,0,,,,,,"",""
ball,2,17.3,Adelaide Strikers,B Stanlake,LN O'Connor,DR Sams,1,0,,,,,,"",""
ball,2,17.4,Adelaide Strikers,LN O'Connor,B Stanlake,DR Sams,0,0,,,,,,run out,B Stanlake
