version,1.6.0
info,balls_per_over,6
info,team,Brisbane Heat
info,team,Melbourne Renegades
info,gender,male
info,season,2018/19
info,date,2019/01/10
info,event,Big Bash League
info,match_number,26
info,venue,"Brisbane Cricket Ground, Woolloongabba"
info,city,Brisbane
info,toss_winner,Melbourne Renegades
info,toss_decision,field
info,player_of_match,SB Harper
info,umpire,GC Joshua
info,umpire,SA Lightbody
info,reserve_umpire,Steven Farrell
info,tv_umpire,DM Koch
info,match_referee,PL Marshall
info,winner,Melbourne Renegades
info,winner_wickets,8
info,player,Brisbane Heat,M Bryant
info,player,Brisbane Heat,BB McCullum
info,player,Brisbane Heat,CA Lynn
info,player,Brisbane Heat,MT Renshaw
info,player,Brisbane Heat,JJ Peirson
info,player,Brisbane Heat,BCJ Cutting
info,player,Brisbane Heat,JA Burns
info,player,Brisbane Heat,JL Pattinson
info,player,Brisbane Heat,B Doggett
info,player,Brisbane Heat,MJ Swepson
info,player,Brisbane Heat,Mujeeb Ur Rahman
info,player,Melbourne Renegades,MW Harvey
info,player,Melbourne Renegades,MS Harris
info,player,Melbourne Renegades,SB Harper
info,player,Melbourne Renegades,TLW Cooper
info,player,Melbourne Renegades,BJ Webster
info,player,Melbourne Renegades,Mohammad Nabi
info,player,Melbourne Renegades,DT Christian
info,player,Melbourne Renegades,JD Wildermuth
info,player,Melbourne Renegades,CJ Boyce
info,player,Melbourne Renegades,JM Mennie
info,player,Melbourne Renegades,Usman Shinwari
info,registry,people,B Doggett,898e628d
info,registry,people,BB McCullum,b8a55852
info,registry,people,BCJ Cutting,2e11c706
info,registry,people,BJ Webster,56b93d46
info,registry,people,CA Lynn,45eda7c8
info,registry,people,CJ Boyce,51a60c16
info,registry,people,DM Koch,6d10c034
info,registry,people,DT Christian,2a2e6343
info,registry,people,GC Joshua,4c47ebf2
info,registry,people,JA Burns,7a5f232a
info,registry,people,JD Wildermuth,f1c61793
info,registry,people,JJ Peirson,2b55c3b4
info,registry,people,JL Pattinson,f752db61
info,registry,people,JM Mennie,f048bb41
info,registry,people,M Bryant,f32012f4
info,registry,people,MJ Swepson,86b4bf88
info,registry,people,MS Harris,9e85455c
info,registry,people,MT Renshaw,218d4d78
info,registry,people,MW Harvey,47dc9794
info,registry,people,Mohammad Nabi,62af8546
info,registry,people,Mujeeb Ur Rahman,7d92277a
info,registry,people,PL Marshall,c1ca6df3
info,registry,people,SA Lightbody,680b8cbf
info,registry,people,SB Harper,a756e61a
info,registry,people,Steven Farrell,512226fb
info,registry,people,TLW Cooper,2318ba22
info,registry,people,Usman Shinwari,f0e722e0
ball,1,0.1,Brisbane Heat,M Bryant,BB McCullum,Usman Shinwari,0,1,,,,1,,"",""
ball,1,0.2,Brisbane Heat,BB McCullum,M Bryant,Usman Shinwari,0,0,,,,,,"",""
ball,1,0.3,Brisbane Heat,BB McCullum,M Bryant,Usman Shinwari,1,0,,,,,,"",""
ball,1,0.4,Brisbane Heat,M Bryant,BB McCullum,Usman Shinwari,1,0,,,,,,"",""
ball,1,0.5,Brisbane Heat,BB McCullum,M Bryant,Usman Shinwari,1,0,,,,,,"",""
ball,1,0.6,Brisbane Heat,M Bryant,BB McCullum,Usman Shinwari,0,0,,,,,,"",""
ball,1,1.1,Brisbane Heat,BB McCullum,M Bryant,JM Mennie,2,0,,,,,,"",""
ball,1,1.2,Brisbane Heat,BB McCullum,M Bryant,JM Mennie,1,0,,,,,,"",""
ball,1,1.3,Brisbane Heat,M Bryant,BB McCullum,JM Mennie,0,1,,,,1,,"",""
ball,1,1.4,Brisbane Heat,BB McCullum,M Bryant,JM Mennie,0,0,,,,,,"",""
ball,1,1.5,Brisbane Heat,BB McCullum,M Bryant,JM Mennie,0,1,,,,1,,"",""
ball,1,1.6,Brisbane Heat,M Bryant,BB McCullum,JM Mennie,0,0,,,,,,"",""
ball,1,2.1,Brisbane Heat,BB McCullum,M Bryant,Usman Shinwari,1,0,,,,,,"",""
ball,1,2.2,Brisbane Heat,M Bryant,BB McCullum,Usman Shinwari,1,0,,,,,,"",""
ball,1,2.3,Brisbane Heat,BB McCullum,M Bryant,Usman Shinwari,1,0,,,,,,"",""
ball,1,2.4,Brisbane Heat,M Bryant,BB McCullum,Usman Shinwari,0,1,1,,,,,"",""
ball,1,2.5,Brisbane Heat,M Bryant,BB McCullum,Usman Shinwari,0,0,,,,,,"",""
ball,1,2.6,Brisbane Heat,M Bryant,BB McCullum,Usman Shinwari,0,0,,,,,,"",""
ball,1,2.7,Brisbane Heat,M Bryant,BB McCullum,Usman Shinwari,6,0,,,,,,"",""
ball,1,3.1,Brisbane Heat,BB McCullum,M Bryant,JD Wildermuth,4,0,,,,,,"",""
ball,1,3.2,Brisbane Heat,BB McCullum,M Bryant,JD Wildermuth,1,0,,,,,,"",""
ball,1,3.3,Brisbane Heat,M Bryant,BB McCullum,JD Wildermuth,0,0,,,,,,"",""
ball,1,3.4,Brisbane Heat,M Bryant,BB McCullum,JD Wildermuth,4,0,,,,,,"",""
ball,1,3.5,Brisbane Heat,M Bryant,BB McCullum,JD Wildermuth,2,0,,,,,,"",""
ball,1,3.6,Brisbane Heat,M Bryant,BB McCullum,JD Wildermuth,4,0,,,,,,"",""
ball,1,4.1,Brisbane Heat,BB McCullum,M Bryant,Usman Shinwari,0,0,,,,,,"",""
ball,1,4.2,Brisbane Heat,BB McCullum,M Bryant,Usman Shinwari,0,0,,,,,,"",""
ball,1,4.3,Brisbane Heat,BB McCullum,M Bryant,Usman Shinwari,1,0,,,,,,"",""
ball,1,4.4,Brisbane Heat,M Bryant,BB McCullum,Usman Shinwari,0,4,,,4,,,"",""
ball,1,4.5,Brisbane Heat,M Bryant,BB McCullum,Usman Shinwari,0,0,,,,,,"",""
ball,1,4.6,Brisbane Heat,M Bryant,BB McCullum,Usman Shinwari,0,0,,,,,,caught,M Bryant
ball,1,5.1,Brisbane Heat,BB McCullum,CA Lynn,JM Mennie,1,0,,,,,,"",""
ball,1,5.2,Brisbane Heat,CA Lynn,BB McCullum,JM Mennie,0,0,,,,,,"",""
ball,1,5.3,Brisbane Heat,CA Lynn,BB McCullum,JM Mennie,0,0,,,,,,"",""
ball,1,5.4,Brisbane Heat,CA Lynn,BB McCullum,JM Mennie,6,0,,,,,,"",""
ball,1,5.5,Brisbane Heat,CA Lynn,BB McCullum,JM Mennie,0,0,,,,,,"",""
ball,1,5.6,Brisbane Heat,CA Lynn,BB McCullum,JM Mennie,0,0,,,,,,"",""
ball,1,6.1,Brisbane Heat,BB McCullum,CA Lynn,DT Christian,0,0,,,,,,"",""
ball,1,6.2,Brisbane Heat,BB McCullum,CA Lynn,DT Christian,1,0,,,,,,"",""
ball,1,6.3,Brisbane Heat,CA Lynn,BB McCullum,DT Christian,0,0,,,,,,"",""
ball,1,6.4,Brisbane Heat,CA Lynn,BB McCullum,DT Christian,1,0,,,,,,"",""
ball,1,6.5,Brisbane Heat,BB McCullum,CA Lynn,DT Christian,1,0,,,,,,"",""
ball,1,6.6,Brisbane Heat,CA Lynn,BB McCullum,DT Christian,0,0,,,,,,"",""
ball,1,7.1,Brisbane Heat,BB McCullum,CA Lynn,CJ Boyce,0,0,,,,,,"",""
ball,1,7.2,Brisbane Heat,BB McCullum,CA Lynn,CJ Boyce,0,0,,,,,,"",""
ball,1,7.3,Brisbane Heat,BB McCullum,CA Lynn,CJ Boyce,1,0,,,,,,"",""
ball,1,7.4,Brisbane Heat,CA Lynn,BB McCullum,CJ Boyce,2,0,,,,,,"",""
ball,1,7.5,Brisbane Heat,CA Lynn,BB McCullum,CJ Boyce,0,0,,,,,,"",""
ball,1,7.6,Brisbane Heat,CA Lynn,BB McCullum,CJ Boyce,1,0,,,,,,"",""
ball,1,8.1,Brisbane Heat,CA Lynn,BB McCullum,DT Christian,2,0,,,,,,"",""
ball,1,8.2,Brisbane Heat,CA Lynn,BB McCullum,DT Christian,1,0,,,,,,"",""
ball,1,8.3,Brisbane Heat,BB McCullum,CA Lynn,DT Christian,6,0,,,,,,"",""
ball,1,8.4,Brisbane Heat,BB McCullum,CA Lynn,DT Christian,1,0,,,,,,"",""
ball,1,8.5,Brisbane Heat,CA Lynn,BB McCullum,DT Christian,1,0,,,,,,"",""
ball,1,8.6,Brisbane Heat,BB McCullum,CA Lynn,DT Christian,1,0,,,,,,"",""
ball,1,9.1,Brisbane Heat,BB McCullum,CA Lynn,CJ Boyce,0,0,,,,,,"",""
ball,1,9.2,Brisbane Heat,BB McCullum,CA Lynn,CJ Boyce,2,0,,,,,,"",""
ball,1,9.3,Brisbane Heat,BB McCullum,CA Lynn,CJ Boyce,1,0,,,,,,"",""
ball,1,9.4,Brisbane Heat,CA Lynn,BB McCullum,CJ Boyce,0,0,,,,,,caught,CA Lynn
ball,1,9.5,Brisbane Heat,MT Renshaw,BB McCullum,CJ Boyce,1,0,,,,,,"",""
ball,1,9.6,Brisbane Heat,BB McCullum,MT Renshaw,CJ Boyce,1,0,,,,,,"",""
ball,1,10.1,Brisbane Heat,BB McCullum,MT Renshaw,Mohammad Nabi,1,0,,,,,,"",""
ball,1,10.2,Brisbane Heat,MT Renshaw,BB McCullum,Mohammad Nabi,1,0,,,,,,"",""
ball,1,10.3,Brisbane Heat,BB McCullum,MT Renshaw,Mohammad Nabi,0,1,1,,,,,"",""
ball,1,10.4,Brisbane Heat,BB McCullum,MT Renshaw,Mohammad Nabi,0,0,,,,,,"",""
ball,1,10.5,Brisbane Heat,BB McCullum,MT Renshaw,Mohammad Nabi,0,0,,,,,,"",""
ball,1,10.6,Brisbane Heat,BB McCullum,MT Renshaw,Mohammad Nabi,2,0,,,,,,"",""
ball,1,10.7,Brisbane Heat,BB McCullum,MT Renshaw,Mohammad Nabi,4,0,,,,,,"",""
ball,1,11.1,Brisbane Heat,MT Renshaw,BB McCullum,JD Wildermuth,1,0,,,,,,"",""
ball,1,11.2,Brisbane Heat,BB McCullum,MT Renshaw,JD Wildermuth,1,0,,,,,,"",""
ball,1,11.3,Brisbane Heat,MT Renshaw,BB McCullum,JD Wildermuth,4,0,,,,,,"",""
ball,1,11.4,Brisbane Heat,MT Renshaw,BB McCullum,JD Wildermuth,1,0,,,,,,"",""
ball,1,11.5,Brisbane Heat,BB McCullum,MT Renshaw,JD Wildermuth,1,0,,,,,,"",""
ball,1,11.6,Brisbane Heat,MT Renshaw,BB McCullum,JD Wildermuth,0,1,1,,,,,"",""
ball,1,11.7,Brisbane Heat,MT Renshaw,BB McCullum,JD Wildermuth,0,0,,,,,,caught,MT Renshaw
ball,1,12.1,Brisbane Heat,BB McCullum,JJ Peirson,DT Christian,4,0,,,,,,"",""
ball,1,12.2,Brisbane Heat,BB McCullum,JJ Peirson,DT Christian,0,0,,,,,,"",""
ball,1,12.3,Brisbane Heat,BB McCullum,JJ Peirson,DT Christian,1,0,,,,,,"",""
ball,1,12.4,Brisbane Heat,JJ Peirson,BB McCullum,DT Christian,1,0,,,,,,"",""
ball,1,12.5,Brisbane Heat,BB McCullum,JJ Peirson,DT Christian,1,0,,,,,,"",""
ball,1,12.6,Brisbane Heat,JJ Peirson,BB McCullum,DT Christian,1,0,,,,,,"",""
ball,1,13.1,Brisbane Heat,JJ Peirson,BB McCullum,CJ Boyce,1,0,,,,,,"",""
ball,1,13.2,Brisbane Heat,BB McCullum,JJ Peirson,CJ Boyce,0,0,,,,,,"",""
ball,1,13.3,Brisbane Heat,BB McCullum,JJ Peirson,CJ Boyce,0,0,,,,,,"",""
ball,1,13.4,Brisbane Heat,BB McCullum,JJ Peirson,CJ Boyce,1,0,,,,,,"",""
ball,1,13.5,Brisbane Heat,JJ Peirson,BB McCullum,CJ Boyce,1,0,,,,,,"",""
ball,1,13.6,Brisbane Heat,BB McCullum,JJ Peirson,CJ Boyce,2,0,,,,,,"",""
ball,1,14.1,Brisbane Heat,JJ Peirson,BB McCullum,Mohammad Nabi,0,0,,,,,,"",""
ball,1,14.2,Brisbane Heat,JJ Peirson,BB McCullum,Mohammad Nabi,1,0,,,,,,"",""
ball,1,14.3,Brisbane Heat,BB McCullum,JJ Peirson,Mohammad Nabi,1,0,,,,,,"",""
ball,1,14.4,Brisbane Heat,JJ Peirson,BB McCullum,Mohammad Nabi,1,0,,,,,,"",""
ball,1,14.5,Brisbane Heat,BB McCullum,JJ Peirson,Mohammad Nabi,1,0,,,,,,"",""
ball,1,14.6,Brisbane Heat,JJ Peirson,BB McCullum,Mohammad Nabi,1,0,,,,,,"",""
ball,1,15.1,Brisbane Heat,JJ Peirson,BB McCullum,CJ Boyce,1,0,,,,,,"",""
ball,1,15.2,Brisbane Heat,BB McCullum,JJ Peirson,CJ Boyce,1,0,,,,,,"",""
ball,1,15.3,Brisbane Heat,JJ Peirson,BB McCullum,CJ Boyce,0,0,,,,,,"",""
ball,1,15.4,Brisbane Heat,JJ Peirson,BB McCullum,CJ Boyce,1,0,,,,,,"",""
ball,1,15.5,Brisbane Heat,BB McCullum,JJ Peirson,CJ Boyce,0,0,,,,,,caught,BB McCullum
ball,1,15.6,Brisbane Heat,BCJ Cutting,JJ Peirson,CJ Boyce,0,1,,,1,,,"",""
ball,1,16.1,Brisbane Heat,BCJ Cutting,JJ Peirson,DT Christian,1,0,,,,,,"",""
ball,1,16.2,Brisbane Heat,JJ Peirson,BCJ Cutting,DT Christian,1,0,,,,,,"",""
ball,1,16.3,Brisbane Heat,BCJ Cutting,JJ Peirson,DT Christian,4,0,,,,,,"",""
ball,1,16.4,Brisbane Heat,BCJ Cutting,JJ Peirson,DT Christian,1,0,,,,,,"",""
ball,1,16.5,Brisbane Heat,JJ Peirson,BCJ Cutting,DT Christian,1,0,,,,,,"",""
ball,1,16.6,Brisbane Heat,BCJ Cutting,JJ Peirson,DT Christian,1,0,,,,,,"",""
ball,1,17.1,Brisbane Heat,BCJ Cutting,JJ Peirson,JM Mennie,1,0,,,,,,"",""
ball,1,17.2,Brisbane Heat,JJ Peirson,BCJ Cutting,JM Mennie,1,0,,,,,,"",""
ball,1,17.3,Brisbane Heat,BCJ Cutting,JJ Peirson,JM Mennie,4,0,,,,,,"",""
ball,1,17.4,Brisbane Heat,BCJ Cutting,JJ Peirson,JM Mennie,6,0,,,,,,"",""
ball,1,17.5,Brisbane Heat,BCJ Cutting,JJ Peirson,JM Mennie,2,0,,,,,,"",""
ball,1,17.6,Brisbane Heat,BCJ Cutting,JJ Peirson,JM Mennie,0,0,,,,,,caught,BCJ Cutting
ball,1,18.1,Brisbane Heat,JJ Peirson,JA Burns,Usman Shinwari,0,0,,,,,,"",""
ball,1,18.2,Brisbane Heat,JJ Peirson,JA Burns,Usman Shinwari,0,0,,,,,,caught,JJ Peirson
ball,1,18.3,Brisbane Heat,JA Burns,JL Pattinson,Usman Shinwari,0,0,,,,,,"",""
ball,1,18.4,Brisbane Heat,JA Burns,JL Pattinson,Usman Shinwari,2,0,,,,,,"",""
ball,1,18.5,Brisbane Heat,JA Burns,JL Pattinson,Usman Shinwari,0,0,,,,,,"",""
ball,1,18.6,Brisbane Heat,JA Burns,JL Pattinson,Usman Shinwari,0,0,,,,,,caught,JA Burns
ball,1,19.1,Brisbane Heat,JL Pattinson,B Doggett,JM Mennie,2,0,,,,,,"",""
ball,1,19.2,Brisbane Heat,JL Pattinson,B Doggett,JM Mennie,1,0,,,,,,run out,JL Pattinson
ball,1,19.3,Brisbane Heat,MJ Swepson,B Doggett,JM Mennie,0,2,,,2,,,"",""
ball,1,19.4,Brisbane Heat,MJ Swepson,B Doggett,JM Mennie,0,1,,,1,,,"",""
ball,1,19.5,Brisbane Heat,B Doggett,MJ Swepson,JM Mennie,1,0,,,,,,"",""
ball,1,19.6,Brisbane Heat,MJ Swepson,B Doggett,JM Mennie,2,0,,,,,,"",""
ball,2,0.1,Melbourne Renegades,MW Harvey,MS Harris,JL Pattinson,1,0,,,,,,"",""
ball,2,0.2,Melbourne Renegades,MS Harris,MW Harvey,JL Pattinson,0,0,,,,,,"",""
ball,2,0.3,Melbourne Renegades,MS Harris,MW Harvey,JL Pattinson,0,0,,,,,,"",""
ball,2,0.4,Melbourne Renegades,MS Harris,MW Harvey,JL Pattinson,1,0,,,,,,"",""
ball,2,0.5,Melbourne Renegades,MW Harvey,MS Harris,JL Pattinson,0,0,,,,,,"",""
ball,2,0.6,Melbourne Renegades,MW Harvey,MS Harris,JL Pattinson,0,0,,,,,,"",""
ball,2,1.1,Melbourne Renegades,MS Harris,MW Harvey,Mujeeb Ur Rahman,4,0,,,,,,"",""
ball,2,1.2,Melbourne Renegades,MS Harris,MW Harvey,Mujeeb Ur Rahman,0,0,,,,,,"",""
ball,2,1.3,Melbourne Renegades,MS Harris,MW Harvey,Mujeeb Ur Rahman,0,0,,,,,,"",""
ball,2,1.4,Melbourne Renegades,MS Harris,MW Harvey,Mujeeb Ur Rahman,4,0,,,,,,"",""
ball,2,1.5,Melbourne Renegades,MS Harris,MW Harvey,Mujeeb Ur Rahman,0,0,,,,,,"",""
ball,2,1.6,Melbourne Renegades,MS Harris,MW Harvey,Mujeeb Ur Rahman,0,0,,,,,,"",""
ball,2,2.1,Melbourne Renegades,MW Harvey,MS Harris,JL Pattinson,1,0,,,,,,"",""
ball,2,2.2,Melbourne Renegades,MS Harris,MW Harvey,JL Pattinson,4,0,,,,,,"",""
ball,2,2.3,Melbourne Renegades,MS Harris,MW Harvey,JL Pattinson,4,0,,,,,,"",""
ball,2,2.4,Melbourne Renegades,MS Harris,MW Harvey,JL Pattinson,4,0,,,,,,"",""
ball,2,2.5,Melbourne Renegades,MS Harris,MW Harvey,JL Pattinson,0,0,,,,,,"",""
ball,2,2.6,Melbourne Renegades,MS Harris,MW Harvey,JL Pattinson,6,0,,,,,,"",""
ball,2,3.1,Melbourne Renegades,MW Harvey,MS Harris,B Doggett,2,0,,,,,,"",""
ball,2,3.2,Melbourne Renegades,MW Harvey,MS Harris,B Doggett,0,0,,,,,,"",""
ball,2,3.3,Melbourne Renegades,MW Harvey,MS Harris,B Doggett,6,0,,,,,,"",""
ball,2,3.4,Melbourne Renegades,MW Harvey,MS Harris,B Doggett,0,0,,,,,,caught,MW Harvey
ball,2,3.5,Melbourne Renegades,MS Harris,SB Harper,B Doggett,0,0,,,,,,"",""
ball,2,3.6,Melbourne Renegades,MS Harris,SB Harper,B Doggett,0,1,1,,,,,"",""
ball,2,3.7,Melbourne Renegades,MS Harris,SB Harper,B Doggett,1,0,,,,,,"",""
ball,2,4.1,Melbourne Renegades,MS Harris,SB Harper,Mujeeb Ur Rahman,0,0,,,,,,"",""
ball,2,4.2,Melbourne Renegades,MS Harris,SB Harper,Mujeeb Ur Rahman,0,0,,,,,,bowled,MS Harris
ball,2,4.3,Melbourne Renegades,TLW Cooper,SB Harper,Mujeeb Ur Rahman,1,0,,,,,,"",""
ball,2,4.4,Melbourne Renegades,SB Harper,TLW Cooper,Mujeeb Ur Rahman,4,0,,,,,,"",""
ball,2,4.5,Melbourne Renegades,SB Harper,TLW Cooper,Mujeeb Ur Rahman,0,0,,,,,,"",""
ball,2,4.6,Melbourne Renegades,SB Harper,TLW Cooper,Mujeeb Ur Rahman,0,0,,,,,,"",""
ball,2,5.1,Melbourne Renegades,TLW Cooper,SB Harper,MJ Swepson,2,0,,,,,,"",""
ball,2,5.2,Melbourne Renegades,TLW Cooper,SB Harper,MJ Swepson,0,0,,,,,,"",""
ball,2,5.3,Melbourne Renegades,TLW Cooper,SB Harper,MJ Swepson,1,0,,,,,,"",""
ball,2,5.4,Melbourne Renegades,SB Harper,TLW Cooper,MJ Swepson,0,1,,,,1,,"",""
ball,2,5.5,Melbourne Renegades,TLW Cooper,SB Harper,MJ Swepson,4,0,,,,,,"",""
ball,2,5.6,Melbourne Renegades,TLW Cooper,SB Harper,MJ Swepson,2,0,,,,,,"",""
ball,2,6.1,Melbourne Renegades,SB Harper,TLW Cooper,JL Pattinson,0,0,,,,,,"",""
ball,2,6.2,Melbourne Renegades,SB Harper,TLW Cooper,JL Pattinson,3,0,,,,,,"",""
ball,2,6.3,Melbourne Renegades,TLW Cooper,SB Harper,JL Pattinson,0,0,,,,,,"",""
ball,2,6.4,Melbourne Renegades,TLW Cooper,SB Harper,JL Pattinson,1,0,,,,,,"",""
ball,2,6.5,Melbourne Renegades,SB Harper,TLW Cooper,JL Pattinson,1,0,,,,,,"",""
ball,2,6.6,Melbourne Renegades,TLW Cooper,SB Harper,JL Pattinson,1,0,,,,,,"",""
ball,2,7.1,Melbourne Renegades,TLW Cooper,SB Harper,MJ Swepson,1,0,,,,,,"",""
ball,2,7.2,Melbourne Renegades,SB Harper,TLW Cooper,MJ Swepson,0,0,,,,,,"",""
ball,2,7.3,Melbourne Renegades,SB Harper,TLW Cooper,MJ Swepson,1,0,,,,,,"",""
ball,2,7.4,Melbourne Renegades,TLW Cooper,SB Harper,MJ Swepson,6,0,,,,,,"",""
ball,2,7.5,Melbourne Renegades,TLW Cooper,SB Harper,MJ Swepson,1,0,,,,,,"",""
ball,2,7.6,Melbourne Renegades,SB Harper,TLW Cooper,MJ Swepson,0,0,,,,,,"",""
ball,2,8.1,Melbourne Renegades,TLW Cooper,SB Harper,BCJ Cutting,0,0,,,,,,"",""
ball,2,8.2,Melbourne Renegades,TLW Cooper,SB Harper,BCJ Cutting,1,0,,,,,,"",""
ball,2,8.3,Melbourne Renegades,SB Harper,TLW Cooper,BCJ Cutting,4,0,,,,,,"",""
ball,2,8.4,Melbourne Renegades,SB Harper,TLW Cooper,BCJ Cutting,1,0,,,,,,"",""
ball,2,8.5,Melbourne Renegades,TLW Cooper,SB Harper,BCJ Cutting,0,0,,,,,,"",""
ball,2,8.6,Melbourne Renegades,TLW Cooper,SB Harper,BCJ Cutting,4,0,,,,,,"",""
ball,2,9.1,Melbourne Renegades,SB Harper,TLW Cooper,B Doggett,2,0,,,,,,"",""
ball,2,9.2,Melbourne Renegades,SB Harper,TLW Cooper,B Doggett,4,0,,,,,,"",""
ball,2,9.3,Melbourne Renegades,SB Harper,TLW Cooper,B Doggett,4,0,,,,,,"",""
ball,2,9.4,Melbourne Renegades,SB Harper,TLW Cooper,B Doggett,0,0,,,,,,"",""
ball,2,9.5,Melbourne Renegades,SB Harper,TLW Cooper,B Doggett,0,0,,,,,,"",""
ball,2,9.6,Melbourne Renegades,SB Harper,TLW Cooper,B Doggett,0,0,,,,,,"",""
ball,2,10.1,Melbourne Renegades,TLW Cooper,SB Harper,Mujeeb Ur Rahman,4,0,,,,,,"",""
ball,2,10.2,Melbourne Renegades,TLW Cooper,SB Harper,Mujeeb Ur Rahman,0,0,,,,,,"",""
ball,2,10.3,Melbourne Renegades,TLW Cooper,SB Harper,Mujeeb Ur Rahman,0,1,,,,1,,"",""
ball,2,10.4,Melbourne Renegades,SB Harper,TLW Cooper,Mujeeb Ur Rahman,0,4,,,,4,,"",""
ball,2,10.5,Melbourne Renegades,SB Harper,TLW Cooper,Mujeeb Ur Rahman,0,1,,,,1,,"",""
ball,2,10.6,Melbourne Renegades,TLW Cooper,SB Harper,Mujeeb Ur Rahman,0,0,,,,,,"",""
ball,2,11.1,Melbourne Renegades,SB Harper,TLW Cooper,MJ Swepson,2,0,,,,,,"",""
ball,2,11.2,Melbourne Renegades,SB Harper,TLW Cooper,MJ Swepson,0,0,,,,,,"",""
ball,2,11.3,Melbourne Renegades,SB Harper,TLW Cooper,MJ Swepson,0,0,,,,,,"",""
ball,2,11.4,Melbourne Renegades,SB Harper,TLW Cooper,MJ Swepson,1,0,,,,,,"",""
ball,2,11.5,Melbourne Renegades,TLW Cooper,SB Harper,MJ Swepson,0,4,,,4,,,"",""
ball,2,11.6,Melbourne Renegades,TLW Cooper,SB Harper,MJ Swepson,0,1,,,,1,,"",""
ball,2,12.1,Melbourne Renegades,TLW Cooper,SB Harper,Mujeeb Ur Rahman,1,0,,,,,,"",""
ball,2,12.2,Melbourne Renegades,SB Harper,TLW Cooper,Mujeeb Ur Rahman,1,0,,,,,,"",""
ball,2,12.3,Melbourne Renegades,TLW Cooper,SB Harper,Mujeeb Ur Rahman,2,0,,,,,,"",""
ball,2,12.4,Melbourne Renegades,TLW Cooper,SB Harper,Mujeeb Ur Rahman,1,0,,,,,,"",""
ball,2,12.5,Melbourne Renegades,SB Harper,TLW Cooper,Mujeeb Ur Rahman,0,0,,,,,,"",""
ball,2,12.6,Melbourne Renegades,SB Harper,TLW Cooper,Mujeeb Ur Rahman,1,0,,,,,,"",""
ball,2,13.1,Melbourne Renegades,SB Harper,TLW Cooper,MJ Swepson,1,0,,,,,,"",""
ball,2,13.2,Melbourne Renegades,TLW Cooper,SB Harper,MJ Swepson,1,0,,,,,,"",""
ball,2,13.3,Melbourne Renegades,SB Harper,TLW Cooper,MJ Swepson,0,0,,,,,,"",""
ball,2,13.4,Melbourne Renegades,SB Harper,TLW Cooper,MJ Swepson,4,0,,,,,,"",""
ball,2,13.5,Melbourne Renegades,SB Harper,TLW Cooper,MJ Swepson,2,0,,,,,,"",""
ball,2,13.6,Melbourne Renegades,SB Harper,TLW Cooper,MJ Swepson,0,0,,,,,,"",""
ball,2,14.1,Melbourne Renegades,TLW Cooper,SB Harper,BCJ Cutting,1,0,,,,,,"",""
ball,2,14.2,Melbourne Renegades,SB Harper,TLW Cooper,BCJ Cutting,0,0,,,,,,"",""
ball,2,14.3,Melbourne Renegades,SB Harper,TLW Cooper,BCJ Cutting,4,0,,,,,,"",""
ball,2,14.4,Melbourne Renegades,SB Harper,TLW Cooper,BCJ Cutting,4,0,,,,,,"",""
ball,2,14.5,Melbourne Renegades,SB Harper,TLW Cooper,BCJ Cutting,2,0,,,,,,"",""
ball,2,14.6,Melbourne Renegades,SB Harper,TLW Cooper,BCJ Cutting,2,0,,,,,,"",""
ball,2,15.1,Melbourne Renegades,TLW Cooper,SB Harper,B Doggett,1,0,,,,,,"",""
ball,2,15.2,Melbourne Renegades,SB Harper,TLW Cooper,B Doggett,0,1,1,,,,,"",""
ball,2,15.3,Melbourne Renegades,SB Harper,TLW Cooper,B Doggett,0,0,,,,,,"",""
ball,2,15.4,Melbourne Renegades,SB Harper,TLW Cooper,B Doggett,6,0,,,,,,"",""
ball,2,15.5,Melbourne Renegades,SB Harper,TLW Cooper,B Doggett,0,1,1,,,,,"",""
ball,2,15.6,Melbourne Renegades,SB Harper,TLW Cooper,B Doggett,2,0,,,,,,"",""
