version,1.6.0
info,balls_per_over,6
info,team,Perth Scorchers
info,team,Hobart Hurricanes
info,gender,male
info,season,2018/19
info,date,2019/01/18
info,event,Big Bash League
info,match_number,34
info,venue,Perth Stadium
info,city,Perth
info,toss_winner,Hobart Hurricanes
info,toss_decision,field
info,player_of_match,GJ Bailey
info,umpire,AK Wilds
info,umpire,MW Graham-Smith
info,reserve_umpire,T Steenholdt
info,tv_umpire,NR Johnstone
info,match_referee,SR Bernard
info,winner,Hobart Hurricanes
info,winner_wickets,4
info,player,Perth Scorchers,CT Bancroft
info,player,Perth Scorchers,M Klinger
info,player,Perth Scorchers,SM Whiteman
info,player,Perth Scorchers,AJ Turner
info,player,Perth Scorchers,HWR Cartwright
info,player,Perth Scorchers,AM Hardie
info,player,Perth Scorchers,WG Bosisto
info,player,Perth Scorchers,NM Coulter-Nile
info,player,Perth Scorchers,AJ Tye
info,player,Perth Scorchers,M Kelly
info,player,Perth Scorchers,Usman Qadir
info,player,Hobart Hurricanes,MS Wade
info,player,Hobart Hurricanes,DJM Short
info,player,Hobart Hurricanes,CP Jewell
info,player,Hobart Hurricanes,BR McDermott
info,player,Hobart Hurricanes,GJ Bailey
info,player,Hobart Hurricanes,S Milenko
info,player,Hobart Hurricanes,JP Faulkner
info,player,Hobart Hurricanes,J Botha
info,player,Hobart Hurricanes,JC Archer
info,player,Hobart Hurricanes,RP Meredith
info,player,Hobart Hurricanes,DJM Moody
info,registry,people,AJ Turner,ff1e12a0
info,registry,people,AJ Tye,7c7d63a2
info,registry,people,AK Wilds,de412f40
info,registry,people,AM Hardie,d405c0d5
info,registry,people,BR McDermott,c41043e6
info,registry,people,CP Jewell,806c4e58
info,registry,people,CT Bancroft,399b0b94
info,registry,people,DJM Moody,e1a867df
info,registry,people,DJM Short,1a156c88
info,registry,people,GJ Bailey,5056011d
info,registry,people,HWR Cartwright,ab965cad
info,registry,people,J Botha,7c503806
info,registry,people,JC Archer,5574750c
info,registry,people,JP Faulkner,808f425a
info,registry,people,M Kelly,68e26ec9
info,registry,people,M Klinger,b970a03f
info,registry,people,MS Wade,afa7e784
info,registry,people,MW Graham-Smith,18aca3ce
info,registry,people,NM Coulter-Nile,56ab442f
info,registry,people,NR Hobson,4312e0fd
info,registry,people,NR Johnstone,ce274b6a
info,registry,people,RP Meredith,64775749
info,registry,people,S Milenko,479f9b04
info,registry,people,SM Whiteman,f4427cc6
info,registry,people,SR Bernard,800187dc
info,registry,people,T Steenholdt,715959cd
info,registry,people,Usman Qadir,33742f04
info,registry,people,WG Bosisto,04ef663a
ball,1,0.1,Perth Scorchers,CT Bancroft,M Klinger,JP Faulkner,0,0,,,,,,"",""
ball,1,0.2,Perth Scorchers,CT Bancroft,M Klinger,JP Faulkner,0,0,,,,,,"",""
ball,1,0.3,Perth Scorchers,CT Bancroft,M Klinger,JP Faulkner,0,0,,,,,,caught,CT Bancroft
ball,1,0.4,Perth Scorchers,SM Whiteman,M Klinger,JP Faulkner,1,0,,,,,,"",""
ball,1,0.5,Perth Scorchers,M Klinger,SM Whiteman,JP Faulkner,0,0,,,,,,lbw,M Klinger
ball,1,0.6,Perth Scorchers,AJ Turner,SM Whiteman,JP Faulkner,1,0,,,,,,"",""
ball,1,1.1,Perth Scorchers,AJ Turner,SM Whiteman,RP Meredith,0,0,,,,,,"",""
ball,1,1.2,Perth Scorchers,AJ Turner,SM Whiteman,RP Meredith,0,0,,,,,,"",""
ball,1,1.3,Perth Scorchers,AJ Turner,SM Whiteman,RP Meredith,0,0,,,,,,"",""
ball,1,1.4,Perth Scorchers,AJ Turner,SM Whiteman,RP Meredith,1,0,,,,,,"",""
ball,1,1.5,Perth Scorchers,SM Whiteman,AJ Turner,RP Meredith,4,0,,,,,,"",""
ball,1,1.6,Perth Scorchers,SM Whiteman,AJ Turner,RP Meredith,0,0,,,,,,"",""
ball,1,2.1,Perth Scorchers,AJ Turner,SM Whiteman,JP Faulkner,0,0,,,,,,bowled,AJ Turner
ball,1,2.2,Perth Scorchers,HWR Cartwright,SM Whiteman,JP Faulkner,4,0,,,,,,"",""
ball,1,2.3,Perth Scorchers,HWR Cartwright,SM Whiteman,JP Faulkner,0,0,,,,,,"",""
ball,1,2.4,Perth Scorchers,HWR Cartwright,SM Whiteman,JP Faulkner,1,0,,,,,,"",""
ball,1,2.5,Perth Scorchers,SM Whiteman,HWR Cartwright,JP Faulkner,0,0,,,,,,"",""
ball,1,2.6,Perth Scorchers,SM Whiteman,HWR Cartwright,JP Faulkner,0,0,,,,,,"",""
ball,1,3.1,Perth Scorchers,HWR Cartwright,SM Whiteman,DJM Moody,0,0,,,,,,"",""
ball,1,3.2,Perth Scorchers,HWR Cartwright,SM Whiteman,DJM Moody,1,0,,,,,,"",""
ball,1,3.3,Perth Scorchers,SM Whiteman,HWR Cartwright,DJM Moody,0,0,,,,,,"",""
ball,1,3.4,Perth Scorchers,SM Whiteman,HWR Cartwright,DJM Moody,4,0,,,,,,"",""
ball,1,3.5,Perth Scorchers,SM Whiteman,HWR Cartwright,DJM Moody,6,0,,,,,,"",""
ball,1,3.6,Perth Scorchers,SM Whiteman,HWR Cartwright,DJM Moody,1,0,,,,,,"",""
ball,1,4.1,Perth Scorchers,SM Whiteman,HWR Cartwright,JP Faulkner,6,0,,,,,,"",""
ball,1,4.2,Perth Scorchers,SM Whiteman,HWR Cartwright,JP Faulkner,0,0,,,,,,"",""
ball,1,4.3,Perth Scorchers,SM Whiteman,HWR Cartwright,JP Faulkner,0,0,,,,,,"",""
ball,1,4.4,Perth Scorchers,SM Whiteman,HWR Cartwright,JP Faulkner,1,0,,,,,,"",""
ball,1,4.5,Perth Scorchers,HWR Cartwright,SM Whiteman,JP Faulkner,0,0,,,,,,"",""
ball,1,4.6,Perth Scorchers,HWR Cartwright,SM Whiteman,JP Faulkner,1,0,,,,,,"",""
ball,1,5.1,Perth Scorchers,HWR Cartwright,SM Whiteman,JC Archer,1,0,,,,,,"",""
ball,1,5.2,Perth Scorchers,SM Whiteman,HWR Cartwright,JC Archer,6,0,,,,,,"",""
ball,1,5.3,Perth Scorchers,SM Whiteman,HWR Cartwright,JC Archer,0,0,,,,,,"",""
ball,1,5.4,Perth Scorchers,SM Whiteman,HWR Cartwright,JC Archer,0,1,1,,,,,"",""
ball,1,5.5,Perth Scorchers,SM Whiteman,HWR Cartwright,JC Archer,0,1,,1,,,,"",""
ball,1,5.6,Perth Scorchers,SM Whiteman,HWR Cartwright,JC Archer,4,0,,,,,,"",""
ball,1,5.7,Perth Scorchers,SM Whiteman,HWR Cartwright,JC Archer,0,0,,,,,,"",""
ball,1,5.8,Perth Scorchers,SM Whiteman,HWR Cartwright,JC Archer,1,1,,1,,,,"",""
ball,1,5.9,Perth Scorchers,HWR Cartwright,SM Whiteman,JC Archer,0,0,,,,,,"",""
ball,1,6.1,Perth Scorchers,SM Whiteman,HWR Cartwright,J Botha,1,0,,,,,,"",""
ball,1,6.2,Perth Scorchers,HWR Cartwright,SM Whiteman,J Botha,0,0,,,,,,"",""
ball,1,6.3,Perth Scorchers,HWR Cartwright,SM Whiteman,J Botha,1,0,,,,,,"",""
ball,1,6.4,Perth Scorchers,SM Whiteman,HWR Cartwright,J Botha,1,0,,,,,,"",""
ball,1,6.5,Perth Scorchers,HWR Cartwright,SM Whiteman,J Botha,0,0,,,,,,"",""
ball,1,6.6,Perth Scorchers,HWR Cartwright,SM Whiteman,J Botha,1,0,,,,,,"",""
ball,1,7.1,Perth Scorchers,HWR Cartwright,SM Whiteman,JC Archer,0,0,,,,,,"",""
ball,1,7.2,Perth Scorchers,HWR Cartwright,SM Whiteman,JC Archer,1,0,,,,,,"",""
ball,1,7.3,Perth Scorchers,SM Whiteman,HWR Cartwright,JC Archer,1,0,,,,,,"",""
ball,1,7.4,Perth Scorchers,HWR Cartwright,SM Whiteman,JC Archer,1,0,,,,,,"",""
ball,1,7.5,Perth Scorchers,SM Whiteman,HWR Cartwright,JC Archer,0,1,,1,,,,"",""
ball,1,7.6,Perth Scorchers,SM Whiteman,HWR Cartwright,S Milenko,1,0,,,,,,"",""
ball,1,7.7,Perth Scorchers,HWR Cartwright,SM Whiteman,S Milenko,0,0,,,,,,"",""
ball,1,8.1,Perth Scorchers,SM Whiteman,HWR Cartwright,J Botha,0,0,,,,,,"",""
ball,1,8.2,Perth Scorchers,SM Whiteman,HWR Cartwright,J Botha,1,0,,,,,,"",""
ball,1,8.3,Perth Scorchers,HWR Cartwright,SM Whiteman,J Botha,6,0,,,,,,"",""
ball,1,8.4,Perth Scorchers,HWR Cartwright,SM Whiteman,J Botha,2,0,,,,,,"",""
ball,1,8.5,Perth Scorchers,HWR Cartwright,SM Whiteman,J Botha,2,0,,,,,,"",""
ball,1,8.6,Perth Scorchers,HWR Cartwright,SM Whiteman,J Botha,2,0,,,,,,"",""
ball,1,9.1,Perth Scorchers,SM Whiteman,HWR Cartwright,DJM Short,1,0,,,,,,"",""
ball,1,9.2,Perth Scorchers,HWR Cartwright,SM Whiteman,DJM Short,1,0,,,,,,"",""
ball,1,9.3,Perth Scorchers,SM Whiteman,HWR Cartwright,DJM Short,1,0,,,,,,"",""
ball,1,9.4,Perth Scorchers,HWR Cartwright,SM Whiteman,DJM Short,1,0,,,,,,"",""
ball,1,9.5,Perth Scorchers,SM Whiteman,HWR Cartwright,DJM Short,4,0,,,,,,"",""
ball,1,9.6,Perth Scorchers,SM Whiteman,HWR Cartwright,DJM Short,2,0,,,,,,"",""
ball,1,10.1,Perth Scorchers,HWR Cartwright,SM Whiteman,RP Meredith,0,0,,,,,,"",""
ball,1,10.2,Perth Scorchers,HWR Cartwright,SM Whiteman,RP Meredith,1,0,,,,,,"",""
ball,1,10.3,Perth Scorchers,SM Whiteman,HWR Cartwright,RP Meredith,0,0,,,,,,"",""
ball,1,10.4,Perth Scorchers,SM Whiteman,HWR Cartwright,RP Meredith,1,0,,,,,,"",""
ball,1,10.5,Perth Scorchers,HWR Cartwright,SM Whiteman,RP Meredith,0,0,,,,,,"",""
ball,1,10.6,Perth Scorchers,HWR Cartwright,SM Whiteman,RP Meredith,1,0,,,,,,"",""
ball,1,11.1,Perth Scorchers,HWR Cartwright,SM Whiteman,DJM Short,1,0,,,,,,"",""
ball,1,11.2,Perth Scorchers,SM Whiteman,HWR Cartwright,DJM Short,1,0,,,,,,"",""
ball,1,11.3,Perth Scorchers,HWR Cartwright,SM Whiteman,DJM Short,0,0,,,,,,caught,HWR Cartwright
ball,1,11.4,Perth Scorchers,AM Hardie,SM Whiteman,DJM Short,1,0,,,,,,"",""
ball,1,11.5,Perth Scorchers,SM Whiteman,AM Hardie,DJM Short,2,0,,,,,,"",""
ball,1,11.6,Perth Scorchers,SM Whiteman,AM Hardie,DJM Short,0,0,,,,,,"",""
ball,1,12.1,Perth Scorchers,AM Hardie,SM Whiteman,DJM Moody,4,0,,,,,,"",""
ball,1,12.2,Perth Scorchers,AM Hardie,SM Whiteman,DJM Moody,1,0,,,,,,"",""
ball,1,12.3,Perth Scorchers,SM Whiteman,AM Hardie,DJM Moody,1,0,,,,,,"",""
ball,1,12.4,Perth Scorchers,AM Hardie,SM Whiteman,DJM Moody,0,1,1,,,,,"",""
ball,1,12.5,Perth Scorchers,AM Hardie,SM Whiteman,DJM Moody,0,0,,,,,,"",""
ball,1,12.6,Perth Scorchers,AM Hardie,SM Whiteman,DJM Moody,1,0,,,,,,"",""
ball,1,12.7,Perth Scorchers,SM Whiteman,AM Hardie,DJM Moody,0,1,,,,1,,"",""
ball,1,13.1,Perth Scorchers,SM Whiteman,AM Hardie,DJM Short,2,0,,,,,,"",""
ball,1,13.2,Perth Scorchers,SM Whiteman,AM Hardie,DJM Short,6,0,,,,,,"",""
ball,1,13.3,Perth Scorchers,SM Whiteman,AM Hardie,DJM Short,4,0,,,,,,"",""
ball,1,13.4,Perth Scorchers,SM Whiteman,AM Hardie,DJM Short,1,0,,,,,,"",""
ball,1,13.5,Perth Scorchers,AM Hardie,SM Whiteman,DJM Short,1,0,,,,,,"",""
ball,1,13.6,Perth Scorchers,SM Whiteman,AM Hardie,DJM Short,2,0,,,,,,"",""
ball,1,14.1,Perth Scorchers,AM Hardie,SM Whiteman,DJM Moody,0,0,,,,,,run out,AM Hardie
ball,1,14.2,Perth Scorchers,SM Whiteman,WG Bosisto,DJM Moody,1,0,,,,,,"",""
ball,1,14.3,Perth Scorchers,WG Bosisto,SM Whiteman,DJM Moody,0,1,1,,,,,"",""
ball,1,14.4,Perth Scorchers,WG Bosisto,SM Whiteman,DJM Moody,2,0,,,,,,"",""
ball,1,14.5,Perth Scorchers,WG Bosisto,SM Whiteman,DJM Moody,1,0,,,,,,"",""
ball,1,14.6,Perth Scorchers,SM Whiteman,WG Bosisto,DJM Moody,0,0,,,,,,caught,SM Whiteman
ball,1,14.7,Perth Scorchers,WG Bosisto,NM Coulter-Nile,DJM Moody,0,0,,,,,,caught,WG Bosisto
ball,1,15.1,Perth Scorchers,NM Coulter-Nile,AJ Tye,J Botha,0,0,,,,,,"",""
ball,1,15.2,Perth Scorchers,NM Coulter-Nile,AJ Tye,J Botha,1,0,,,,,,"",""
ball,1,15.3,Perth Scorchers,AJ Tye,NM Coulter-Nile,J Botha,1,0,,,,,,"",""
ball,1,15.4,Perth Scorchers,NM Coulter-Nile,AJ Tye,J Botha,1,0,,,,,,"",""
ball,1,15.5,Perth Scorchers,AJ Tye,NM Coulter-Nile,J Botha,0,0,,,,,,"",""
ball,1,15.6,Perth Scorchers,AJ Tye,NM Coulter-Nile,J Botha,6,0,,,,,,"",""
ball,1,16.1,Perth Scorchers,NM Coulter-Nile,AJ Tye,RP Meredith,1,0,,,,,,"",""
ball,1,16.2,Perth Scorchers,AJ Tye,NM Coulter-Nile,RP Meredith,1,0,,,,,,"",""
ball,1,16.3,Perth Scorchers,NM Coulter-Nile,AJ Tye,RP Meredith,1,0,,,,,,"",""
ball,1,16.4,Perth Scorchers,AJ Tye,NM Coulter-Nile,RP Meredith,4,0,,,,,,"",""
ball,1,16.5,Perth Scorchers,AJ Tye,NM Coulter-Nile,RP Meredith,0,0,,,,,,"",""
ball,1,16.6,Perth Scorchers,AJ Tye,NM Coulter-Nile,RP Meredith,1,0,,,,,,"",""
ball,1,17.1,Perth Scorchers,AJ Tye,NM Coulter-Nile,DJM Moody,4,0,,,,,,"",""
ball,1,17.2,Perth Scorchers,AJ Tye,NM Coulter-Nile,DJM Moody,6,0,,,,,,"",""
ball,1,17.3,Perth Scorchers,AJ Tye,NM Coulter-Nile,DJM Moody,1,0,,,,,,"",""
ball,1,17.4,Perth Scorchers,NM Coulter-Nile,AJ Tye,DJM Moody,4,0,,,,,,"",""
ball,1,17.5,Perth Scorchers,NM Coulter-Nile,AJ Tye,DJM Moody,0,0,,,,,,"",""
ball,1,17.6,Perth Scorchers,NM Coulter-Nile,AJ Tye,DJM Moody,0,1,1,,,,,"",""
ball,1,17.7,Perth Scorchers,NM Coulter-Nile,AJ Tye,DJM Moody,2,0,,,,,,"",""
ball,1,18.1,Perth Scorchers,AJ Tye,NM Coulter-Nile,RP Meredith,1,0,,,,,,"",""
ball,1,18.2,Perth Scorchers,NM Coulter-Nile,AJ Tye,RP Meredith,0,0,,,,,,"",""
ball,1,18.3,Perth Scorchers,NM Coulter-Nile,AJ Tye,RP Meredith,0,1,1,,,,,"",""
ball,1,18.4,Perth Scorchers,NM Coulter-Nile,AJ Tye,RP Meredith,1,0,,,,,,"",""
ball,1,18.5,Perth Scorchers,AJ Tye,NM Coulter-Nile,RP Meredith,0,0,,,,,,caught,AJ Tye
ball,1,18.6,Perth Scorchers,M Kelly,NM Coulter-Nile,RP Meredith,0,0,,,,,,bowled,M Kelly
ball,1,18.7,Perth Scorchers,Usman Qadir,NM Coulter-Nile,RP Meredith,0,1,,,,1,,"",""
ball,1,19.1,Perth Scorchers,Usman Qadir,NM Coulter-Nile,JP Faulkner,1,0,,,,,,"",""
ball,1,19.2,Perth Scorchers,NM Coulter-Nile,Usman Qadir,JP Faulkner,0,0,,,,,,"",""
ball,1,19.3,Perth Scorchers,NM Coulter-Nile,Usman Qadir,JP Faulkner,6,0,,,,,,"",""
ball,1,19.4,Perth Scorchers,NM Coulter-Nile,Usman Qadir,JP Faulkner,2,0,,,,,,"",""
ball,1,19.5,Perth Scorchers,NM Coulter-Nile,Usman Qadir,JP Faulkner,6,0,,,,,,"",""
ball,1,19.6,Perth Scorchers,NM Coulter-Nile,Usman Qadir,JP Faulkner,6,0,,,,,,"",""
ball,2,0.1,Hobart Hurricanes,MS Wade,DJM Short,WG Bosisto,1,0,,,,,,"",""
ball,2,0.2,Hobart Hurricanes,DJM Short,MS Wade,WG Bosisto,0,0,,,,,,"",""
ball,2,0.3,Hobart Hurricanes,DJM Short,MS Wade,WG Bosisto,0,0,,,,,,"",""
ball,2,0.4,Hobart Hurricanes,DJM Short,MS Wade,WG Bosisto,1,0,,,,,,"",""
ball,2,0.5,Hobart Hurricanes,MS Wade,DJM Short,WG Bosisto,1,0,,,,,,"",""
ball,2,0.6,Hobart Hurricanes,DJM Short,MS Wade,WG Bosisto,4,0,,,,,,"",""
ball,2,1.1,Hobart Hurricanes,MS Wade,DJM Short,NM Coulter-Nile,0,0,,,,,,"",""
ball,2,1.2,Hobart Hurricanes,MS Wade,DJM Short,NM Coulter-Nile,6,0,,,,,,"",""
ball,2,1.3,Hobart Hurricanes,MS Wade,DJM Short,NM Coulter-Nile,0,0,,,,,,"",""
ball,2,1.4,Hobart Hurricanes,MS Wade,DJM Short,NM Coulter-Nile,0,0,,,,,,caught,MS Wade
ball,2,1.5,Hobart Hurricanes,DJM Short,CP Jewell,NM Coulter-Nile,0,0,,,,,,"",""
ball,2,1.6,Hobart Hurricanes,DJM Short,CP Jewell,NM Coulter-Nile,0,0,,,,,,"",""
ball,2,2.1,Hobart Hurricanes,CP Jewell,DJM Short,M Kelly,0,0,,,,,,"",""
ball,2,2.2,Hobart Hurricanes,CP Jewell,DJM Short,M Kelly,0,0,,,,,,"",""
ball,2,2.3,Hobart Hurricanes,CP Jewell,DJM Short,M Kelly,1,0,,,,,,"",""
ball,2,2.4,Hobart Hurricanes,DJM Short,CP Jewell,M Kelly,1,0,,,,,,"",""
ball,2,2.5,Hobart Hurricanes,CP Jewell,DJM Short,M Kelly,4,0,,,,,,"",""
ball,2,2.6,Hobart Hurricanes,CP Jewell,DJM Short,M Kelly,1,0,,,,,,"",""
ball,2,3.1,Hobart Hurricanes,CP Jewell,DJM Short,NM Coulter-Nile,0,0,,,,,,"",""
ball,2,3.2,Hobart Hurricanes,CP Jewell,DJM Short,NM Coulter-Nile,0,0,,,,,,"",""
ball,2,3.3,Hobart Hurricanes,CP Jewell,DJM Short,NM Coulter-Nile,0,0,,,,,,"",""
ball,2,3.4,Hobart Hurricanes,CP Jewell,DJM Short,NM Coulter-Nile,4,0,,,,,,"",""
ball,2,3.5,Hobart Hurricanes,CP Jewell,DJM Short,NM Coulter-Nile,4,0,,,,,,"",""
ball,2,3.6,Hobart Hurricanes,CP Jewell,DJM Short,NM Coulter-Nile,0,0,,,,,,"",""
ball,2,4.1,Hobart Hurricanes,DJM Short,CP Jewell,M Kelly,0,0,,,,,,"",""
ball,2,4.2,Hobart Hurricanes,DJM Short,CP Jewell,M Kelly,0,1,1,,,,,"",""
ball,2,4.3,Hobart Hurricanes,DJM Short,CP Jewell,M Kelly,4,0,,,,,,"",""
ball,2,4.4,Hobart Hurricanes,DJM Short,CP Jewell,M Kelly,2,0,,,,,,"",""
ball,2,4.5,Hobart Hurricanes,DJM Short,CP Jewell,M Kelly,1,0,,,,,,"",""
ball,2,4.6,Hobart Hurricanes,CP Jewell,DJM Short,M Kelly,4,0,,,,,,"",""
ball,2,4.7,Hobart Hurricanes,CP Jewell,DJM Short,M Kelly,0,0,,,,,,"",""
ball,2,5.1,Hobart Hurricanes,DJM Short,CP Jewell,AJ Tye,0,0,,,,,,"",""
ball,2,5.2,Hobart Hurricanes,DJM Short,CP Jewell,AJ Tye,0,0,,,,,,caught,DJM Short
ball,2,5.3,Hobart Hurricanes,CP Jewell,BR McDermott,AJ Tye,0,0,,,,,,"",""
ball,2,5.4,Hobart Hurricanes,CP Jewell,BR McDermott,AJ Tye,4,0,,,,,,"",""
ball,2,5.5,Hobart Hurricanes,CP Jewell,BR McDermott,AJ Tye,0,0,,,,,,"",""
ball,2,5.6,Hobart Hurricanes,CP Jewell,BR McDermott,AJ Tye,4,0,,,,,,"",""
ball,2,6.1,Hobart Hurricanes,BR McDermott,CP Jewell,AM Hardie,1,0,,,,,,"",""
ball,2,6.2,Hobart Hurricanes,CP Jewell,BR McDermott,AM Hardie,6,0,,,,,,"",""
ball,2,6.3,Hobart Hurricanes,CP Jewell,BR McDermott,AM Hardie,0,0,,,,,,"",""
ball,2,6.4,Hobart Hurricanes,CP Jewell,BR McDermott,AM Hardie,0,0,,,,,,caught,CP Jewell
ball,2,6.5,Hobart Hurricanes,GJ Bailey,BR McDermott,AM Hardie,0,0,,,,,,"",""
ball,2,6.6,Hobart Hurricanes,GJ Bailey,BR McDermott,AM Hardie,1,0,,,,,,"",""
ball,2,7.1,Hobart Hurricanes,GJ Bailey,BR McDermott,Usman Qadir,1,0,,,,,,"",""
ball,2,7.2,Hobart Hurricanes,BR McDermott,GJ Bailey,Usman Qadir,1,0,,,,,,"",""
ball,2,7.3,Hobart Hurricanes,GJ Bailey,BR McDermott,Usman Qadir,0,0,,,,,,"",""
ball,2,7.4,Hobart Hurricanes,GJ Bailey,BR McDermott,Usman Qadir,1,0,,,,,,"",""
ball,2,7.5,Hobart Hurricanes,BR McDermott,GJ Bailey,Usman Qadir,1,0,,,,,,"",""
ball,2,7.6,Hobart Hurricanes,GJ Bailey,BR McDermott,Usman Qadir,1,0,,,,,,"",""
ball,2,8.1,Hobart Hurricanes,GJ Bailey,BR McDermott,AM Hardie,2,0,,,,,,"",""
ball,2,8.2,Hobart Hurricanes,GJ Bailey,BR McDermott,AM Hardie,4,0,,,,,,"",""
ball,2,8.3,Hobart Hurricanes,GJ Bailey,BR McDermott,AM Hardie,1,0,,,,,,"",""
ball,2,8.4,Hobart Hurricanes,BR McDermott,GJ Bailey,AM Hardie,0,0,,,,,,"",""
ball,2,8.5,Hobart Hurricanes,BR McDermott,GJ Bailey,AM Hardie,1,0,,,,,,"",""
ball,2,8.6,Hobart Hurricanes,GJ Bailey,BR McDermott,AM Hardie,1,0,,,,,,"",""
ball,2,9.1,Hobart Hurricanes,GJ Bailey,BR McDermott,Usman Qadir,1,0,,,,,,"",""
ball,2,9.2,Hobart Hurricanes,BR McDermott,GJ Bailey,Usman Qadir,1,0,,,,,,"",""
ball,2,9.3,Hobart Hurricanes,GJ Bailey,BR McDermott,Usman Qadir,6,0,,,,,,"",""
ball,2,9.4,Hobart Hurricanes,GJ Bailey,BR McDermott,Usman Qadir,1,0,,,,,,"",""
ball,2,9.5,Hobart Hurricanes,BR McDermott,GJ Bailey,Usman Qadir,4,0,,,,,,"",""
ball,2,9.6,Hobart Hurricanes,BR McDermott,GJ Bailey,Usman Qadir,1,0,,,,,,"",""
ball,2,10.1,Hobart Hurricanes,BR McDermott,GJ Bailey,AJ Tye,4,0,,,,,,"",""
ball,2,10.2,Hobart Hurricanes,BR McDermott,GJ Bailey,AJ Tye,0,0,,,,,,"",""
ball,2,10.3,Hobart Hurricanes,BR McDermott,GJ Bailey,AJ Tye,1,0,,,,,,"",""
ball,2,10.4,Hobart Hurricanes,GJ Bailey,BR McDermott,AJ Tye,1,0,,,,,,"",""
ball,2,10.5,Hobart Hurricanes,BR McDermott,GJ Bailey,AJ Tye,1,0,,,,,,"",""
ball,2,10.6,Hobart Hurricanes,GJ Bailey,BR McDermott,AJ Tye,1,0,,,,,,"",""
ball,2,11.1,Hobart Hurricanes,GJ Bailey,BR McDermott,Usman Qadir,1,0,,,,,,"",""
ball,2,11.2,Hobart Hurricanes,BR McDermott,GJ Bailey,Usman Qadir,0,0,,,,,,stumped,BR McDermott
ball,2,11.3,Hobart Hurricanes,S Milenko,GJ Bailey,Usman Qadir,1,0,,,,,,"",""
ball,2,11.4,Hobart Hurricanes,GJ Bailey,S Milenko,Usman Qadir,0,0,,,,,,"",""
ball,2,11.5,Hobart Hurricanes,GJ Bailey,S Milenko,Usman Qadir,1,0,,,,,,"",""
ball,2,11.6,Hobart Hurricanes,S Milenko,GJ Bailey,Usman Qadir,1,0,,,,,,"",""
ball,2,12.1,Hobart Hurricanes,S Milenko,GJ Bailey,AM Hardie,0,0,,,,,,caught,S Milenko
ball,2,12.2,Hobart Hurricanes,JP Faulkner,GJ Bailey,AM Hardie,1,0,,,,,,"",""
ball,2,12.3,Hobart Hurricanes,GJ Bailey,JP Faulkner,AM Hardie,1,0,,,,,,"",""
ball,2,12.4,Hobart Hurricanes,JP Faulkner,GJ Bailey,AM Hardie,1,0,,,,,,"",""
ball,2,12.5,Hobart Hurricanes,GJ Bailey,JP Faulkner,AM Hardie,4,0,,,,,,"",""
ball,2,12.6,Hobart Hurricanes,GJ Bailey,JP Faulkner,AM Hardie,1,0,,,,,,"",""
ball,2,13.1,Hobart Hurricanes,GJ Bailey,JP Faulkner,Usman Qadir,4,0,,,,,,"",""
ball,2,13.2,Hobart Hurricanes,GJ Bailey,JP Faulkner,Usman Qadir,6,0,,,,,,"",""
ball,2,13.3,Hobart Hurricanes,GJ Bailey,JP Faulkner,Usman Qadir,1,0,,,,,,"",""
ball,2,13.4,Hobart Hurricanes,JP Faulkner,GJ Bailey,Usman Qadir,1,0,,,,,,"",""
ball,2,13.5,Hobart Hurricanes,GJ Bailey,JP Faulkner,Usman Qadir,2,0,,,,,,"",""
ball,2,13.6,Hobart Hurricanes,GJ Bailey,JP Faulkner,Usman Qadir,4,0,,,,,,"",""
ball,2,14.1,Hobart Hurricanes,JP Faulkner,GJ Bailey,M Kelly,0,0,,,,,,"",""
ball,2,14.2,Hobart Hurricanes,JP Faulkner,GJ Bailey,M Kelly,1,0,,,,,,"",""
ball,2,14.3,Hobart Hurricanes,GJ Bailey,JP Faulkner,M Kelly,2,0,,,,,,"",""
ball,2,14.4,Hobart Hurricanes,GJ Bailey,JP Faulkner,M Kelly,1,0,,,,,,"",""
ball,2,14.5,Hobart Hurricanes,JP Faulkner,GJ Bailey,M Kelly,1,0,,,,,,"",""
ball,2,14.6,Hobart Hurricanes,GJ Bailey,JP Faulkner,M Kelly,1,0,,,,,,"",""
ball,2,15.1,Hobart Hurricanes,GJ Bailey,JP Faulkner,NM Coulter-Nile,0,0,,,,,,"",""
ball,2,15.2,Hobart Hurricanes,GJ Bailey,JP Faulkner,NM Coulter-Nile,0,0,,,,,,"",""
ball,2,15.3,Hobart Hurricanes,GJ Bailey,JP Faulkner,NM Coulter-Nile,4,0,,,,,,"",""
ball,2,15.4,Hobart Hurricanes,GJ Bailey,JP Faulkner,NM Coulter-Nile,1,0,,,,,,"",""
ball,2,15.5,Hobart Hurricanes,JP Faulkner,GJ Bailey,NM Coulter-Nile,0,0,,,,,,"",""
ball,2,15.6,Hobart Hurricanes,JP Faulkner,GJ Bailey,NM Coulter-Nile,0,0,,,,,,"",""
ball,2,16.1,Hobart Hurricanes,GJ Bailey,JP Faulkner,M Kelly,6,0,,,,,,"",""
ball,2,16.2,Hobart Hurricanes,GJ Bailey,JP Faulkner,M Kelly,1,0,,,,,,"",""
ball,2,16.3,Hobart Hurricanes,JP Faulkner,GJ Bailey,M Kelly,1,0,,,,,,"",""
ball,2,16.4,Hobart Hurricanes,GJ Bailey,JP Faulkner,M Kelly,1,0,,,,,,"",""
ball,2,16.5,Hobart Hurricanes,JP Faulkner,GJ Bailey,M Kelly,0,1,,,,1,,"",""
ball,2,16.6,Hobart Hurricanes,GJ Bailey,JP Faulkner,M Kelly,0,1,1,,,,,"",""
ball,2,16.7,Hobart Hurricanes,GJ Bailey,JP Faulkner,M Kelly,4,0,,,,,,"",""
ball,2,17.1,Hobart Hurricanes,JP Faulkner,GJ Bailey,AJ Tye,0,1,1,,,,,"",""
ball,2,17.2,Hobart Hurricanes,JP Faulkner,GJ Bailey,AJ Tye,1,0,,,,,,"",""
ball,2,17.3,Hobart Hurricanes,GJ Bailey,JP Faulkner,AJ Tye,1,0,,,,,,"",""
ball,2,17.4,Hobart Hurricanes,JP Faulkner,GJ Bailey,AJ Tye,0,1,1,,,,,"",""
ball,2,17.5,Hobart Hurricanes,JP Faulkner,GJ Bailey,AJ Tye,1,0,,,,,,"",""
ball,2,17.6,Hobart Hurricanes,GJ Bailey,JP Faulkner,AJ Tye,0,0,,,,,,caught,GJ Bailey
ball,2,17.7,Hobart Hurricanes,J Botha,JP Faulkner,AJ Tye,0,0,,,,,,"",""
ball,2,17.8,Hobart Hurricanes,J Botha,JP Faulkner,AJ Tye,4,0,,,,,,"",""
ball,2,18.1,Hobart Hurricanes,JP Faulkner,J Botha,NM Coulter-Nile,2,0,,,,,,"",""
ball,2,18.2,Hobart Hurricanes,JP Faulkner,J Botha,NM Coulter-Nile,0,0,,,,,,"",""
ball,2,18.3,Hobart Hurricanes,JP Faulkner,J Botha,NM Coulter-Nile,0,0,,,,,,"",""
ball,2,18.4,Hobart Hurricanes,JP Faulkner,J Botha,NM Coulter-Nile,1,0,,,,,,"",""
ball,2,18.5,Hobart Hurricanes,J Botha,JP Faulkner,NM Coulter-Nile,0,1,,,1,,,"",""
ball,2,18.6,Hobart Hurricanes,JP Faulkner,J Botha,NM Coulter-Nile,1,0,,,,,,"",""
ball,2,19.1,Hobart Hurricanes,JP Faulkner,J Botha,AJ Tye,6,0,,,,,,"",""
ball,2,19.2,Hobart Hurricanes,JP Faulkner,J Botha,AJ Tye,4,0,,,,,,"",""
ball,2,19.3,Hobart Hurricanes,JP Faulkner,J Botha,AJ Tye,6,0,,,,,,"",""
