version,1.6.0
info,balls_per_over,6
info,team,Adelaide Strikers
info,team,Hobart Hurricanes
info,gender,male
info,season,2018/19
info,date,2019/01/21
info,event,Big Bash League
info,match_number,37
info,venue,Adelaide Oval
info,city,Adelaide
info,toss_winner,Adelaide Strikers
info,toss_decision,bat
info,player_of_match,MS Wade
info,umpire,P Wilson
info,umpire,SA Lightbody
info,reserve_umpire,Harsimran Singh
info,tv_umpire,SD Fry
info,match_referee,D Talalla
info,winner,Hobart Hurricanes
info,winner_wickets,10
info,player,Adelaide Strikers,AT Carey
info,player,Adelaide Strikers,J Weatherald
info,player,Adelaide Strikers,MW Short
info,player,Adelaide Strikers,CA Ingram
info,player,Adelaide Strikers,JW Wells
info,player,Adelaide Strikers,Rashid Khan
info,player,Adelaide Strikers,C Valente
info,player,Adelaide Strikers,MG Neser
info,player,Adelaide Strikers,B Laughlin
info,player,Adelaide Strikers,LN O'Connor
info,player,Adelaide Strikers,B Stanlake
info,player,Hobart Hurricanes,MS Wade
info,player,Hobart Hurricanes,DJM Short
info,player,Hobart Hurricanes,CP Jewell
info,player,Hobart Hurricanes,BR McDermott
info,player,Hobart Hurricanes,GJ Bailey
info,player,Hobart Hurricanes,S Milenko
info,player,Hobart Hurricanes,JP Faulkner
info,player,Hobart Hurricanes,J Botha
info,player,Hobart Hurricanes,JC Archer
info,player,Hobart Hurricanes,CA Rose
info,player,Hobart Hurricanes,RP Meredith
info,registry,people,AT Carey,69d03465
info,registry,people,B Laughlin,b2a79f17
info,registry,people,B Stanlake,6834d1f2
info,registry,people,BR McDermott,c41043e6
info,registry,people,C Valente,137e7065
info,registry,people,CA Ingram,c995d726
info,registry,people,CA Rose,7517d134
info,registry,people,CP Jewell,806c4e58
info,registry,people,D Talalla,dcfe6cdd
info,registry,people,DJM Short,1a156c88
info,registry,people,GJ Bailey,5056011d
info,registry,people,Harsimran Singh,bf4720ce
info,registry,people,J Botha,7c503806
info,registry,people,J Weatherald,edc7ddb6
info,registry,people,JC Archer,5574750c
info,registry,people,JP Faulkner,808f425a
info,registry,people,JW Wells,8bdac857
info,registry,people,LN O'Connor,5456bd0c
info,registry,people,MG Neser,0164b064
info,registry,people,MS Wade,afa7e784
info,registry,people,MW Short,a90e53ec
info,registry,people,P Wilson,68304a36
info,registry,people,RP Meredith,64775749
info,registry,people,Rashid Khan,5f547c8b
info,registry,people,S Milenko,479f9b04
info,registry,people,SA Lightbody,680b8cbf
info,registry,people,SD Fry,6b725ed1
ball,1,0.1,Adelaide Strikers,AT Carey,J Weatherald,JP Faulkner,1,0,,,,,,"",""
ball,1,0.2,Adelaide Strikers,J Weatherald,AT Carey,JP Faulkner,0,0,,,,,,"",""
ball,1,0.3,Adelaide Strikers,J Weatherald,AT Carey,JP Faulkner,0,0,,,,,,"",""
ball,1,0.4,Adelaide Strikers,J Weatherald,AT Carey,JP Faulkner,4,0,,,,,,"",""
ball,1,0.5,Adelaide Strikers,J Weatherald,AT Carey,JP Faulkner,0,0,,,,,,"",""
ball,1,0.6,Adelaide Strikers,J Weatherald,AT Carey,JP Faulkner,0,0,,,,,,"",""
ball,1,1.1,Adelaide Strikers,AT Carey,J Weatherald,RP Meredith,0,0,,,,,,"",""
ball,1,1.2,Adelaide Strikers,AT Carey,J Weatherald,RP Meredith,0,0,,,,,,"",""
ball,1,1.3,Adelaide Strikers,AT Carey,J Weatherald,RP Meredith,1,0,,,,,,"",""
ball,1,1.4,Adelaide Strikers,J Weatherald,AT Carey,RP Meredith,0,0,,,,,,caught,J Weatherald
ball,1,1.5,Adelaide Strikers,MW Short,AT Carey,RP Meredith,0,0,,,,,,"",""
ball,1,1.6,Adelaide Strikers,MW Short,AT Carey,RP Meredith,1,0,,,,,,"",""
ball,1,2.1,Adelaide Strikers,MW Short,AT Carey,JP Faulkner,0,0,,,,,,"",""
ball,1,2.2,Adelaide Strikers,MW Short,AT Carey,JP Faulkner,0,0,,,,,,"",""
ball,1,2.3,Adelaide Strikers,MW Short,AT Carey,JP Faulkner,6,0,,,,,,"",""
ball,1,2.4,Adelaide Strikers,MW Short,AT Carey,JP Faulkner,0,0,,,,,,"",""
ball,1,2.5,Adelaide Strikers,MW Short,AT Carey,JP Faulkner,2,0,,,,,,"",""
ball,1,2.6,Adelaide Strikers,MW Short,AT Carey,JP Faulkner,0,0,,,,,,"",""
ball,1,3.1,Adelaide Strikers,AT Carey,MW Short,JC Archer,0,0,,,,,,"",""
ball,1,3.2,Adelaide Strikers,AT Carey,MW Short,JC Archer,0,0,,,,,,"",""
ball,1,3.3,Adelaide Strikers,AT Carey,MW Short,JC Archer,0,0,,,,,,"",""
ball,1,3.4,Adelaide Strikers,AT Carey,MW Short,JC Archer,1,0,,,,,,"",""
ball,1,3.5,Adelaide Strikers,MW Short,AT Carey,JC Archer,0,0,,,,,,"",""
ball,1,3.6,Adelaide Strikers,MW Short,AT Carey,JC Archer,1,0,,,,,,"",""
ball,1,4.1,Adelaide Strikers,MW Short,AT Carey,CA Rose,1,0,,,,,,"",""
ball,1,4.2,Adelaide Strikers,AT Carey,MW Short,CA Rose,2,0,,,,,,"",""
ball,1,4.3,Adelaide Strikers,AT Carey,MW Short,CA Rose,4,0,,,,,,"",""
ball,1,4.4,Adelaide Strikers,AT Carey,MW Short,CA Rose,2,0,,,,,,"",""
ball,1,4.5,Adelaide Strikers,AT Carey,MW Short,CA Rose,0,1,1,,,,,"",""
ball,1,4.6,Adelaide Strikers,AT Carey,MW Short,CA Rose,1,0,,,,,,"",""
ball,1,4.7,Adelaide Strikers,MW Short,AT Carey,CA Rose,0,0,,,,,,"",""
ball,1,5.1,Adelaide Strikers,AT Carey,MW Short,RP Meredith,1,0,,,,,,"",""
ball,1,5.2,Adelaide Strikers,MW Short,AT Carey,RP Meredith,0,1,,,,1,,"",""
ball,1,5.3,Adelaide Strikers,AT Carey,MW Short,RP Meredith,0,0,,,,,,"",""
ball,1,5.4,Adelaide Strikers,AT Carey,MW Short,RP Meredith,4,0,,,,,,"",""
ball,1,5.5,Adelaide Strikers,AT Carey,MW Short,RP Meredith,1,0,,,,,,"",""
ball,1,5.6,Adelaide Strikers,MW Short,AT Carey,RP Meredith,0,0,,,,,,"",""
ball,1,6.1,Adelaide Strikers,AT Carey,MW Short,CA Rose,2,0,,,,,,"",""
ball,1,6.2,Adelaide Strikers,AT Carey,MW Short,CA Rose,1,0,,,,,,"",""
ball,1,6.3,Adelaide Strikers,MW Short,AT Carey,CA Rose,0,0,,,,,,"",""
ball,1,6.4,Adelaide Strikers,MW Short,AT Carey,CA Rose,1,0,,,,,,"",""
ball,1,6.5,Adelaide Strikers,AT Carey,MW Short,CA Rose,0,0,,,,,,"",""
ball,1,6.6,Adelaide Strikers,AT Carey,MW Short,CA Rose,1,0,,,,,,"",""
ball,1,7.1,Adelaide Strikers,AT Carey,MW Short,JC Archer,1,0,,,,,,"",""
ball,1,7.2,Adelaide Strikers,MW Short,AT Carey,JC Archer,1,0,,,,,,"",""
ball,1,7.3,Adelaide Strikers,AT Carey,MW Short,JC Archer,1,0,,,,,,"",""
ball,1,7.4,Adelaide Strikers,MW Short,AT Carey,JC Archer,0,0,,,,,,"",""
ball,1,7.5,Adelaide Strikers,MW Short,AT Carey,JC Archer,0,1,1,,,,,"",""
ball,1,7.6,Adelaide Strikers,MW Short,AT Carey,JC Archer,0,0,,,,,,caught,MW Short
ball,1,7.7,Adelaide Strikers,AT Carey,CA Ingram,JC Archer,1,0,,,,,,"",""
ball,1,8.1,Adelaide Strikers,AT Carey,CA Ingram,J Botha,1,0,,,,,,"",""
ball,1,8.2,Adelaide Strikers,CA Ingram,AT Carey,J Botha,0,0,,,,,,"",""
ball,1,8.3,Adelaide Strikers,CA Ingram,AT Carey,J Botha,1,0,,,,,,"",""
ball,1,8.4,Adelaide Strikers,AT Carey,CA Ingram,J Botha,2,0,,,,,,"",""
ball,1,8.5,Adelaide Strikers,AT Carey,CA Ingram,J Botha,0,0,,,,,,"",""
ball,1,8.6,Adelaide Strikers,AT Carey,CA Ingram,J Botha,0,0,,,,,,"",""
ball,1,9.1,Adelaide Strikers,CA Ingram,AT Carey,JP Faulkner,1,0,,,,,,"",""
ball,1,9.2,Adelaide Strikers,AT Carey,CA Ingram,JP Faulkner,0,0,,,,,,caught,AT Carey
ball,1,9.3,Adelaide Strikers,CA Ingram,JW Wells,JP Faulkner,1,0,,,,,,"",""
ball,1,9.4,Adelaide Strikers,JW Wells,CA Ingram,JP Faulkner,0,0,,,,,,"",""
ball,1,9.5,Adelaide Strikers,JW Wells,CA Ingram,JP Faulkner,4,0,,,,,,"",""
ball,1,9.6,Adelaide Strikers,JW Wells,CA Ingram,JP Faulkner,0,0,,,,,,"",""
ball,1,10.1,Adelaide Strikers,CA Ingram,JW Wells,DJM Short,1,0,,,,,,"",""
ball,1,10.2,Adelaide Strikers,JW Wells,CA Ingram,DJM Short,1,0,,,,,,"",""
ball,1,10.3,Adelaide Strikers,CA Ingram,JW Wells,DJM Short,1,0,,,,,,"",""
ball,1,10.4,Adelaide Strikers,JW Wells,CA Ingram,DJM Short,3,0,,,,,,"",""
ball,1,10.5,Adelaide Strikers,CA Ingram,JW Wells,DJM Short,1,0,,,,,,"",""
ball,1,10.6,Adelaide Strikers,JW Wells,CA Ingram,DJM Short,1,0,,,,,,"",""
ball,1,11.1,Adelaide Strikers,JW Wells,CA Ingram,J Botha,1,0,,,,,,"",""
ball,1,11.2,Adelaide Strikers,CA Ingram,JW Wells,J Botha,6,0,,,,,,"",""
ball,1,11.3,Adelaide Strikers,CA Ingram,JW Wells,J Botha,2,0,,,,,,"",""
ball,1,11.4,Adelaide Strikers,CA Ingram,JW Wells,J Botha,1,0,,,,,,"",""
ball,1,11.5,Adelaide Strikers,JW Wells,CA Ingram,J Botha,2,0,,,,,,"",""
ball,1,11.6,Adelaide Strikers,JW Wells,CA Ingram,J Botha,4,0,,,,,,"",""
ball,1,12.1,Adelaide Strikers,CA Ingram,JW Wells,DJM Short,4,0,,,,,,"",""
ball,1,12.2,Adelaide Strikers,CA Ingram,JW Wells,DJM Short,1,0,,,,,,"",""
ball,1,12.3,Adelaide Strikers,JW Wells,CA Ingram,DJM Short,0,0,,,,,,"",""
ball,1,12.4,Adelaide Strikers,JW Wells,CA Ingram,DJM Short,1,0,,,,,,"",""
ball,1,12.5,Adelaide Strikers,CA Ingram,JW Wells,DJM Short,2,0,,,,,,"",""
ball,1,12.6,Adelaide Strikers,CA Ingram,JW Wells,DJM Short,1,0,,,,,,"",""
ball,1,13.1,Adelaide Strikers,CA Ingram,JW Wells,JC Archer,4,0,,,,,,"",""
ball,1,13.2,Adelaide Strikers,CA Ingram,JW Wells,JC Archer,1,0,,,,,,"",""
ball,1,13.3,Adelaide Strikers,JW Wells,CA Ingram,JC Archer,0,0,,,,,,"",""
ball,1,13.4,Adelaide Strikers,JW Wells,CA Ingram,JC Archer,1,0,,,,,,"",""
ball,1,13.5,Adelaide Strikers,CA Ingram,JW Wells,JC Archer,1,0,,,,,,"",""
ball,1,13.6,Adelaide Strikers,JW Wells,CA Ingram,JC Archer,1,0,,,,,,"",""
ball,1,14.1,Adelaide Strikers,JW Wells,CA Ingram,CA Rose,2,0,,,,,,"",""
ball,1,14.2,Adelaide Strikers,JW Wells,CA Ingram,CA Rose,0,0,,,,,,"",""
ball,1,14.3,Adelaide Strikers,JW Wells,CA Ingram,CA Rose,1,0,,,,,,"",""
ball,1,14.4,Adelaide Strikers,CA Ingram,JW Wells,CA Rose,1,0,,,,,,"",""
ball,1,14.5,Adelaide Strikers,JW Wells,CA Ingram,CA Rose,0,0,,,,,,"",""
ball,1,14.6,Adelaide Strikers,JW Wells,CA Ingram,CA Rose,1,0,,,,,,"",""
ball,1,15.1,Adelaide Strikers,JW Wells,CA Ingram,RP Meredith,1,0,,,,,,"",""
ball,1,15.2,Adelaide Strikers,CA Ingram,JW Wells,RP Meredith,0,0,,,,,,"",""
ball,1,15.3,Adelaide Strikers,CA Ingram,JW Wells,RP Meredith,6,0,,,,,,"",""
ball,1,15.4,Adelaide Strikers,CA Ingram,JW Wells,RP Meredith,0,0,,,,,,"",""
ball,1,15.5,Adelaide Strikers,CA Ingram,JW Wells,RP Meredith,1,0,,,,,,"",""
ball,1,15.6,Adelaide Strikers,JW Wells,CA Ingram,RP Meredith,1,0,,,,,,"",""
ball,1,16.1,Adelaide Strikers,JW Wells,CA Ingram,JP Faulkner,0,0,,,,,,"",""
ball,1,16.2,Adelaide Strikers,JW Wells,CA Ingram,JP Faulkner,0,1,1,,,,,"",""
ball,1,16.3,Adelaide Strikers,JW Wells,CA Ingram,JP Faulkner,0,0,,,,,,"",""
ball,1,16.4,Adelaide Strikers,JW Wells,CA Ingram,JP Faulkner,0,1,1,,,,,"",""
ball,1,16.5,Adelaide Strikers,JW Wells,CA Ingram,JP Faulkner,1,0,,,,,,"",""
ball,1,16.6,Adelaide Strikers,CA Ingram,JW Wells,JP Faulkner,0,1,,,1,,,"",""
ball,1,16.7,Adelaide Strikers,JW Wells,CA Ingram,JP Faulkner,2,0,,,,,,"",""
ball,1,16.8,Adelaide Strikers,JW Wells,CA Ingram,JP Faulkner,0,0,,,,,,caught,JW Wells
ball,1,17.1,Adelaide Strikers,Rashid Khan,CA Ingram,JC Archer,1,0,,,,,,"",""
ball,1,17.2,Adelaide Strikers,CA Ingram,Rashid Khan,JC Archer,1,1,,1,,,,"",""
ball,1,17.3,Adelaide Strikers,Rashid Khan,CA Ingram,JC Archer,1,0,,,,,,"",""
ball,1,17.4,Adelaide Strikers,CA Ingram,Rashid Khan,JC Archer,2,0,,,,,,"",""
ball,1,17.5,Adelaide Strikers,CA Ingram,Rashid Khan,JC Archer,1,0,,,,,,"",""
ball,1,17.6,Adelaide Strikers,Rashid Khan,CA Ingram,JC Archer,0,0,,,,,,caught,Rashid Khan
ball,1,17.7,Adelaide Strikers,CA Ingram,C Valente,JC Archer,1,0,,,,,,"",""
ball,1,18.1,Adelaide Strikers,CA Ingram,C Valente,RP Meredith,4,0,,,,,,"",""
ball,1,18.2,Adelaide Strikers,CA Ingram,C Valente,RP Meredith,4,0,,,,,,"",""
ball,1,18.3,Adelaide Strikers,CA Ingram,C Valente,RP Meredith,4,0,,,,,,"",""
ball,1,18.4,Adelaide Strikers,CA Ingram,C Valente,RP Meredith,0,0,,,,,,"",""
ball,1,18.5,Adelaide Strikers,CA Ingram,C Valente,RP Meredith,4,0,,,,,,"",""
ball,1,18.6,Adelaide Strikers,CA Ingram,C Valente,RP Meredith,6,0,,,,,,"",""
ball,1,19.1,Adelaide Strikers,C Valente,CA Ingram,CA Rose,1,0,,,,,,"",""
ball,1,19.2,Adelaide Strikers,CA Ingram,C Valente,CA Rose,2,0,,,,,,"",""
ball,1,19.3,Adelaide Strikers,CA Ingram,C Valente,CA Rose,0,1,,,,1,,"",""
ball,1,19.4,Adelaide Strikers,C Valente,CA Ingram,CA Rose,2,0,,,,,,"",""
ball,1,19.5,Adelaide Strikers,C Valente,CA Ingram,CA Rose,1,0,,,,,,"",""
ball,1,19.6,Adelaide Strikers,CA Ingram,C Valente,CA Rose,1,0,,,,,,"",""
ball,2,0.1,Hobart Hurricanes,MS Wade,DJM Short,B Stanlake,1,0,,,,,,"",""
ball,2,0.2,Hobart Hurricanes,DJM Short,MS Wade,B Stanlake,0,0,,,,,,"",""
ball,2,0.3,Hobart Hurricanes,DJM Short,MS Wade,B Stanlake,1,0,,,,,,"",""
ball,2,0.4,Hobart Hurricanes,MS Wade,DJM Short,B Stanlake,0,0,,,,,,"",""
ball,2,0.5,Hobart Hurricanes,MS Wade,DJM Short,B Stanlake,2,0,,,,,,"",""
ball,2,0.6,Hobart Hurricanes,MS Wade,DJM Short,B Stanlake,1,0,,,,,,"",""
ball,2,1.1,Hobart Hurricanes,MS Wade,DJM Short,Rashid Khan,1,0,,,,,,"",""
ball,2,1.2,Hobart Hurricanes,DJM Short,MS Wade,Rashid Khan,0,1,1,,,,,"",""
ball,2,1.3,Hobart Hurricanes,DJM Short,MS Wade,Rashid Khan,1,0,,,,,,"",""
ball,2,1.4,Hobart Hurricanes,MS Wade,DJM Short,Rashid Khan,4,0,,,,,,"",""
ball,2,1.5,Hobart Hurricanes,MS Wade,DJM Short,Rashid Khan,1,0,,,,,,"",""
ball,2,1.6,Hobart Hurricanes,DJM Short,MS Wade,Rashid Khan,0,0,,,,,,"",""
ball,2,1.7,Hobart Hurricanes,DJM Short,MS Wade,Rashid Khan,1,0,,,,,,"",""
ball,2,2.1,Hobart Hurricanes,DJM Short,MS Wade,B Stanlake,0,0,,,,,,"",""
ball,2,2.2,Hobart Hurricanes,DJM Short,MS Wade,B Stanlake,0,0,,,,,,"",""
ball,2,2.3,Hobart Hurricanes,DJM Short,MS Wade,B Stanlake,0,0,,,,,,"",""
ball,2,2.4,Hobart Hurricanes,DJM Short,MS Wade,B Stanlake,4,0,,,,,,"",""
ball,2,2.5,Hobart Hurricanes,DJM Short,MS Wade,B Stanlake,0,0,,,,,,"",""
ball,2,2.6,Hobart Hurricanes,DJM Short,MS Wade,B Stanlake,0,0,,,,,,"",""
ball,2,3.1,Hobart Hurricanes,MS Wade,DJM Short,Rashid Khan,0,0,,,,,,"",""
ball,2,3.2,Hobart Hurricanes,MS Wade,DJM Short,Rashid Khan,1,0,,,,,,"",""
ball,2,3.3,Hobart Hurricanes,DJM Short,MS Wade,Rashid Khan,1,0,,,,,,"",""
ball,2,3.4,Hobart Hurricanes,MS Wade,DJM Short,Rashid Khan,0,0,,,,,,"",""
ball,2,3.5,Hobart Hurricanes,MS Wade,DJM Short,Rashid Khan,1,0,,,,,,"",""
ball,2,3.6,Hobart Hurricanes,DJM Short,MS Wade,Rashid Khan,1,0,,,,,,"",""
ball,2,4.1,Hobart Hurricanes,DJM Short,MS Wade,B Stanlake,0,0,,,,,,"",""
ball,2,4.2,Hobart Hurricanes,DJM Short,MS Wade,B Stanlake,4,0,,,,,,"",""
ball,2,4.3,Hobart Hurricanes,DJM Short,MS Wade,B Stanlake,1,0,,,,,,"",""
ball,2,4.4,Hobart Hurricanes,MS Wade,DJM Short,B Stanlake,4,0,,,,,,"",""
ball,2,4.5,Hobart Hurricanes,MS Wade,DJM Short,B Stanlake,0,0,,,,,,"",""
ball,2,4.6,Hobart Hurricanes,MS Wade,DJM Short,B Stanlake,1,0,,,,,,"",""
ball,2,5.1,Hobart Hurricanes,MS Wade,DJM Short,B Laughlin,0,0,,,,,,"",""
ball,2,5.2,Hobart Hurricanes,MS Wade,DJM Short,B Laughlin,6,0,,,,,,"",""
ball,2,5.3,Hobart Hurricanes,MS Wade,DJM Short,B Laughlin,4,0,,,,,,"",""
ball,2,5.4,Hobart Hurricanes,MS Wade,DJM Short,B Laughlin,1,0,,,,,,"",""
ball,2,5.5,Hobart Hurricanes,DJM Short,MS Wade,B Laughlin,2,0,,,,,,"",""
ball,2,5.6,Hobart Hurricanes,DJM Short,MS Wade,B Laughlin,4,0,,,,,,"",""
ball,2,6.1,Hobart Hurricanes,MS Wade,DJM Short,MG Neser,1,0,,,,,,"",""
ball,2,6.2,Hobart Hurricanes,DJM Short,MS Wade,MG Neser,0,0,,,,,,"",""
ball,2,6.3,Hobart Hurricanes,DJM Short,MS Wade,MG Neser,1,0,,,,,,"",""
ball,2,6.4,Hobart Hurricanes,MS Wade,DJM Short,MG Neser,1,0,,,,,,"",""
ball,2,6.5,Hobart Hurricanes,DJM Short,MS Wade,MG Neser,0,0,,,,,,"",""
ball,2,6.6,Hobart Hurricanes,DJM Short,MS Wade,MG Neser,0,0,,,,,,"",""
ball,2,7.1,Hobart Hurricanes,MS Wade,DJM Short,Rashid Khan,2,0,,,,,,"",""
ball,2,7.2,Hobart Hurricanes,MS Wade,DJM Short,Rashid Khan,1,0,,,,,,"",""
ball,2,7.3,Hobart Hurricanes,DJM Short,MS Wade,Rashid Khan,1,0,,,,,,"",""
ball,2,7.4,Hobart Hurricanes,MS Wade,DJM Short,Rashid Khan,1,0,,,,,,"",""
ball,2,7.5,Hobart Hurricanes,DJM Short,MS Wade,Rashid Khan,1,0,,,,,,"",""
ball,2,7.6,Hobart Hurricanes,MS Wade,DJM Short,Rashid Khan,0,0,,,,,,"",""
ball,2,8.1,Hobart Hurricanes,DJM Short,MS Wade,LN O'Connor,1,0,,,,,,"",""
ball,2,8.2,Hobart Hurricanes,MS Wade,DJM Short,LN O'Connor,0,0,,,,,,"",""
ball,2,8.3,Hobart Hurricanes,MS Wade,DJM Short,LN O'Connor,1,0,,,,,,"",""
ball,2,8.4,Hobart Hurricanes,DJM Short,MS Wade,LN O'Connor,4,0,,,,,,"",""
ball,2,8.5,Hobart Hurricanes,DJM Short,MS Wade,LN O'Connor,1,0,,,,,,"",""
ball,2,8.6,Hobart Hurricanes,MS Wade,DJM Short,LN O'Connor,1,0,,,,,,"",""
ball,2,9.1,Hobart Hurricanes,MS Wade,DJM Short,MG Neser,4,0,,,,,,"",""
ball,2,9.2,Hobart Hurricanes,MS Wade,DJM Short,MG Neser,0,0,,,,,,"",""
ball,2,9.3,Hobart Hurricanes,MS Wade,DJM Short,MG Neser,4,0,,,,,,"",""
ball,2,9.4,Hobart Hurricanes,MS Wade,DJM Short,MG Neser,1,0,,,,,,"",""
ball,2,9.5,Hobart Hurricanes,DJM Short,MS Wade,MG Neser,1,0,,,,,,"",""
ball,2,9.6,Hobart Hurricanes,MS Wade,DJM Short,MG Neser,6,0,,,,,,"",""
ball,2,10.1,Hobart Hurricanes,DJM Short,MS Wade,LN O'Connor,1,0,,,,,,"",""
ball,2,10.2,Hobart Hurricanes,MS Wade,DJM Short,LN O'Connor,1,0,,,,,,"",""
ball,2,10.3,Hobart Hurricanes,DJM Short,MS Wade,LN O'Connor,0,0,,,,,,"",""
ball,2,10.4,Hobart Hurricanes,DJM Short,MS Wade,LN O'Connor,0,0,,,,,,"",""
ball,2,10.5,Hobart Hurricanes,DJM Short,MS Wade,LN O'Connor,1,0,,,,,,"",""
ball,2,10.6,Hobart Hurricanes,MS Wade,DJM Short,LN O'Connor,1,0,,,,,,"",""
ball,2,11.1,Hobart Hurricanes,MS Wade,DJM Short,B Stanlake,1,0,,,,,,"",""
ball,2,11.2,Hobart Hurricanes,DJM Short,MS Wade,B Stanlake,1,0,,,,,,"",""
ball,2,11.3,Hobart Hurricanes,MS Wade,DJM Short,B Stanlake,6,0,,,,,,"",""
ball,2,11.4,Hobart Hurricanes,MS Wade,DJM Short,B Stanlake,2,0,,,,,,"",""
ball,2,11.5,Hobart Hurricanes,MS Wade,DJM Short,B Stanlake,4,0,,,,,,"",""
ball,2,11.6,Hobart Hurricanes,MS Wade,DJM Short,B Stanlake,4,0,,,,,,"",""
ball,2,12.1,Hobart Hurricanes,DJM Short,MS Wade,C Valente,1,0,,,,,,"",""
ball,2,12.2,Hobart Hurricanes,MS Wade,DJM Short,C Valente,1,0,,,,,,"",""
ball,2,12.3,Hobart Hurricanes,DJM Short,MS Wade,C Valente,1,0,,,,,,"",""
ball,2,12.4,Hobart Hurricanes,MS Wade,DJM Short,C Valente,4,0,,,,,,"",""
ball,2,12.5,Hobart Hurricanes,MS Wade,DJM Short,C Valente,1,0,,,,,,"",""
ball,2,12.6,Hobart Hurricanes,DJM Short,MS Wade,C Valente,4,0,,,,,,"",""
ball,2,13.1,Hobart Hurricanes,MS Wade,DJM Short,B Laughlin,2,0,,,,,,"",""
ball,2,13.2,Hobart Hurricanes,MS Wade,DJM Short,B Laughlin,1,0,,,,,,"",""
ball,2,13.3,Hobart Hurricanes,DJM Short,MS Wade,B Laughlin,1,0,,,,,,"",""
ball,2,13.4,Hobart Hurricanes,MS Wade,DJM Short,B Laughlin,1,0,,,,,,"",""
ball,2,13.5,Hobart Hurricanes,DJM Short,MS Wade,B Laughlin,2,0,,,,,,"",""
ball,2,13.6,Hobart Hurricanes,DJM Short,MS Wade,B Laughlin,1,0,,,,,,"",""
ball,2,14.1,Hobart Hurricanes,DJM Short,MS Wade,MW Short,1,0,,,,,,"",""
ball,2,14.2,Hobart Hurricanes,MS Wade,DJM Short,MW Short,2,0,,,,,,"",""
ball,2,14.3,Hobart Hurricanes,MS Wade,DJM Short,MW Short,1,0,,,,,,"",""
ball,2,14.4,Hobart Hurricanes,DJM Short,MS Wade,MW Short,0,0,,,,,,"",""
ball,2,14.5,Hobart Hurricanes,DJM Short,MS Wade,MW Short,1,0,,,,,,"",""
ball,2,14.6,Hobart Hurricanes,MS Wade,DJM Short,MW Short,0,0,,,,,,"",""
ball,2,15.1,Hobart Hurricanes,DJM Short,MS Wade,Rashid Khan,0,0,,,,,,"",""
ball,2,15.2,Hobart Hurricanes,DJM Short,MS Wade,Rashid Khan,6,0,,,,,,"",""
ball,2,15.3,Hobart Hurricanes,DJM Short,MS Wade,Rashid Khan,6,0,,,,,,"",""
ball,2,15.4,Hobart Hurricanes,DJM Short,MS Wade,Rashid Khan,0,0,,,,,,"",""
ball,2,15.5,Hobart Hurricanes,DJM Short,MS Wade,Rashid Khan,4,0,,,,,,"",""
ball,2,15.6,Hobart Hurricanes,DJM Short,MS Wade,Rashid Khan,1,0,,,,,,"",""
ball,2,16.1,Hobart Hurricanes,DJM Short,MS Wade,MW Short,2,0,,,,,,"",""
ball,2,16.2,Hobart Hurricanes,DJM Short,MS Wade,MW Short,1,0,,,,,,"",""
ball,2,16.3,Hobart Hurricanes,MS Wade,DJM Short,MW Short,1,0,,,,,,"",""
ball,2,16.4,Hobart Hurricanes,DJM Short,MS Wade,MW Short,4,0,,,,,,"",""
ball,2,16.5,Hobart Hurricanes,DJM Short,MS Wade,MW Short,4,0,,,,,,"",""
