version,1.6.0
info,balls_per_over,6
info,team,Sydney Thunder
info,team,Hobart Hurricanes
info,gender,male
info,season,2018/19
info,date,2019/02/09
info,event,Big Bash League
info,match_number,55
info,venue,Manuka Oval
info,city,Canberra
info,toss_winner,Sydney Thunder
info,toss_decision,field
info,player_of_match,PJ Cummins
info,umpire,P Wilson
info,umpire,SA Lightbody
info,reserve_umpire,Andrew Crozier
info,tv_umpire,CA Polosak
info,match_referee,DJ Harper
info,winner,Sydney Thunder
info,winner_wickets,4
info,method,D/L
info,player,Hobart Hurricanes,MS Wade
info,player,Hobart Hurricanes,DJM Short
info,player,Hobart Hurricanes,CP Jewell
info,player,Hobart Hurricanes,BR McDermott
info,player,Hobart Hurricanes,GJ Bailey
info,player,Hobart Hurricanes,S Milenko
info,player,Hobart Hurricanes,JC Archer
info,player,Hobart Hurricanes,CA Rose
info,player,Hobart Hurricanes,DJM Moody
info,player,Hobart Hurricanes,RP Meredith
info,player,Hobart Hurricanes,Qais Ahmad
info,player,Sydney Thunder,UT Khawaja
info,player,Sydney Thunder,SR Watson
info,player,Sydney Thunder,CJ Ferguson
info,player,Sydney Thunder,AP Devcich
info,player,Sydney Thunder,DR Sams
info,player,Sydney Thunder,M Gilkes
info,player,Sydney Thunder,CJ Green
info,player,Sydney Thunder,PJ Cummins
info,player,Sydney Thunder,CJ Jordan
info,player,Sydney Thunder,GS Sandhu
info,player,Sydney Thunder,Fawad Ahmed
info,registry,people,AP Devcich,ed90abe4
info,registry,people,Andrew Crozier,00d07580
info,registry,people,BR McDermott,c41043e6
info,registry,people,CA Polosak,26a360d2
info,registry,people,CA Rose,7517d134
info,registry,people,CJ Ferguson,9b4935c8
info,registry,people,CJ Green,19b9f399
info,registry,people,CJ Jordan,ffe699c0
info,registry,people,CP Jewell,806c4e58
info,registry,people,DJ Harper,0ec08b27
info,registry,people,DJM Moody,e1a867df
info,registry,people,DJM Short,1a156c88
info,registry,people,DR Sams,caf69bf7
info,registry,people,Fawad Ahmed,22ae3041
info,registry,people,GJ Bailey,5056011d
info,registry,people,GS Sandhu,1558d83b
info,registry,people,JC Archer,5574750c
info,registry,people,M Gilkes,d85b0f8b
info,registry,people,MS Wade,afa7e784
info,registry,people,P Wilson,68304a36
info,registry,people,PJ Cummins,ded9240e
info,registry,people,Qais Ahmad,8d5d991e
info,registry,people,RP Meredith,64775749
info,registry,people,S Milenko,479f9b04
info,registry,people,SA Lightbody,680b8cbf
info,registry,people,SR Watson,4329fbb5
info,registry,people,UT Khawaja,331ea488
ball,1,0.1,Hobart Hurricanes,MS Wade,DJM Short,CJ Jordan,0,0,,,,,,"",""
ball,1,0.2,Hobart Hurricanes,MS Wade,DJM Short,CJ Jordan,0,0,,,,,,"",""
ball,1,0.3,Hobart Hurricanes,MS Wade,DJM Short,CJ Jordan,0,1,,,,1,,"",""
ball,1,0.4,Hobart Hurricanes,DJM Short,MS Wade,CJ Jordan,1,0,,,,,,"",""
ball,1,0.5,Hobart Hurricanes,MS Wade,DJM Short,CJ Jordan,4,0,,,,,,"",""
ball,1,0.6,Hobart Hurricanes,MS Wade,DJM Short,CJ Jordan,0,1,1,,,,,"",""
ball,1,0.7,Hobart Hurricanes,MS Wade,DJM Short,CJ Jordan,1,0,,,,,,"",""
ball,1,1.1,Hobart Hurricanes,MS Wade,DJM Short,CJ Green,0,0,,,,,,"",""
ball,1,1.2,Hobart Hurricanes,MS Wade,DJM Short,CJ Green,1,0,,,,,,"",""
ball,1,1.3,Hobart Hurricanes,DJM Short,MS Wade,CJ Green,0,0,,,,,,"",""
ball,1,1.4,Hobart Hurricanes,DJM Short,MS Wade,CJ Green,4,0,,,,,,"",""
ball,1,1.5,Hobart Hurricanes,DJM Short,MS Wade,CJ Green,1,0,,,,,,"",""
ball,1,1.6,Hobart Hurricanes,MS Wade,DJM Short,CJ Green,2,0,,,,,,"",""
ball,1,2.1,Hobart Hurricanes,DJM Short,MS Wade,PJ Cummins,1,0,,,,,,"",""
ball,1,2.2,Hobart Hurricanes,MS Wade,DJM Short,PJ Cummins,2,0,,,,,,"",""
ball,1,2.3,Hobart Hurricanes,MS Wade,DJM Short,PJ Cummins,4,0,,,,,,"",""
ball,1,2.4,Hobart Hurricanes,MS Wade,DJM Short,PJ Cummins,1,0,,,,,,"",""
ball,1,2.5,Hobart Hurricanes,DJM Short,MS Wade,PJ Cummins,0,0,,,,,,"",""
ball,1,2.6,Hobart Hurricanes,DJM Short,MS Wade,PJ Cummins,0,0,,,,,,bowled,DJM Short
ball,1,3.1,Hobart Hurricanes,MS Wade,CP Jewell,GS Sandhu,4,0,,,,,,"",""
ball,1,3.2,Hobart Hurricanes,MS Wade,CP Jewell,GS Sandhu,1,0,,,,,,"",""
ball,1,3.3,Hobart Hurricanes,CP Jewell,MS Wade,GS Sandhu,2,0,,,,,,"",""
ball,1,3.4,Hobart Hurricanes,CP Jewell,MS Wade,GS Sandhu,4,0,,,,,,"",""
ball,1,3.5,Hobart Hurricanes,CP Jewell,MS Wade,GS Sandhu,1,0,,,,,,"",""
ball,1,3.6,Hobart Hurricanes,MS Wade,CP Jewell,GS Sandhu,0,0,,,,,,"",""
ball,1,4.1,Hobart Hurricanes,CP Jewell,MS Wade,PJ Cummins,0,0,,,,,,"",""
ball,1,4.2,Hobart Hurricanes,CP Jewell,MS Wade,PJ Cummins,0,0,,,,,,"",""
ball,1,4.3,Hobart Hurricanes,CP Jewell,MS Wade,PJ Cummins,0,1,,,,1,,"",""
ball,1,4.4,Hobart Hurricanes,MS Wade,CP Jewell,PJ Cummins,0,0,,,,,,"",""
ball,1,4.5,Hobart Hurricanes,MS Wade,CP Jewell,PJ Cummins,0,1,,1,,,,"",""
ball,1,4.6,Hobart Hurricanes,MS Wade,CP Jewell,PJ Cummins,6,0,,,,,,"",""
ball,1,4.7,Hobart Hurricanes,MS Wade,CP Jewell,PJ Cummins,1,0,,,,,,"",""
ball,1,5.1,Hobart Hurricanes,MS Wade,CP Jewell,CJ Green,3,0,,,,,,"",""
ball,1,5.2,Hobart Hurricanes,CP Jewell,MS Wade,CJ Green,0,0,,,,,,"",""
ball,1,5.3,Hobart Hurricanes,CP Jewell,MS Wade,CJ Green,0,0,,,,,,caught,CP Jewell
ball,1,5.4,Hobart Hurricanes,BR McDermott,MS Wade,CJ Green,0,0,,,,,,"",""
ball,1,5.5,Hobart Hurricanes,BR McDermott,MS Wade,CJ Green,1,0,,,,,,"",""
ball,1,5.6,Hobart Hurricanes,MS Wade,BR McDermott,CJ Green,1,0,,,,,,"",""
ball,1,6.1,Hobart Hurricanes,MS Wade,BR McDermott,Fawad Ahmed,0,0,,,,,,"",""
ball,1,6.2,Hobart Hurricanes,MS Wade,BR McDermott,Fawad Ahmed,1,0,,,,,,"",""
ball,1,6.3,Hobart Hurricanes,BR McDermott,MS Wade,Fawad Ahmed,1,0,,,,,,"",""
ball,1,6.4,Hobart Hurricanes,MS Wade,BR McDermott,Fawad Ahmed,1,0,,,,,,"",""
ball,1,6.5,Hobart Hurricanes,BR McDermott,MS Wade,Fawad Ahmed,1,0,,,,,,"",""
ball,1,6.6,Hobart Hurricanes,MS Wade,BR McDermott,Fawad Ahmed,6,0,,,,,,"",""
ball,1,7.1,Hobart Hurricanes,BR McDermott,MS Wade,CJ Green,2,0,,,,,,"",""
ball,1,7.2,Hobart Hurricanes,BR McDermott,MS Wade,CJ Green,0,0,,,,,,"",""
ball,1,7.3,Hobart Hurricanes,BR McDermott,MS Wade,CJ Green,0,0,,,,,,"",""
ball,1,7.4,Hobart Hurricanes,BR McDermott,MS Wade,CJ Green,1,0,,,,,,"",""
ball,1,7.5,Hobart Hurricanes,MS Wade,BR McDermott,CJ Green,2,0,,,,,,"",""
ball,1,7.6,Hobart Hurricanes,MS Wade,BR McDermott,CJ Green,2,0,,,,,,"",""
ball,1,8.1,Hobart Hurricanes,BR McDermott,MS Wade,Fawad Ahmed,0,0,,,,,,"",""
ball,1,8.2,Hobart Hurricanes,BR McDermott,MS Wade,Fawad Ahmed,1,0,,,,,,"",""
ball,1,8.3,Hobart Hurricanes,MS Wade,BR McDermott,Fawad Ahmed,1,0,,,,,,"",""
ball,1,8.4,Hobart Hurricanes,BR McDermott,MS Wade,Fawad Ahmed,0,0,,,,,,"",""
ball,1,8.5,Hobart Hurricanes,BR McDermott,MS Wade,Fawad Ahmed,1,0,,,,,,"",""
ball,1,8.6,Hobart Hurricanes,MS Wade,BR McDermott,Fawad Ahmed,1,0,,,,,,"",""
ball,1,9.1,Hobart Hurricanes,MS Wade,BR McDermott,PJ Cummins,0,0,,,,,,caught,MS Wade
ball,1,9.2,Hobart Hurricanes,GJ Bailey,BR McDermott,PJ Cummins,0,0,,,,,,"",""
ball,1,9.3,Hobart Hurricanes,GJ Bailey,BR McDermott,PJ Cummins,0,1,1,,,,,"",""
ball,1,9.4,Hobart Hurricanes,GJ Bailey,BR McDermott,PJ Cummins,0,0,,,,,,"",""
ball,1,9.5,Hobart Hurricanes,GJ Bailey,BR McDermott,PJ Cummins,0,0,,,,,,"",""
ball,1,9.6,Hobart Hurricanes,GJ Bailey,BR McDermott,PJ Cummins,0,0,,,,,,"",""
ball,1,9.7,Hobart Hurricanes,GJ Bailey,BR McDermott,PJ Cummins,1,0,,,,,,"",""
ball,1,10.1,Hobart Hurricanes,GJ Bailey,BR McDermott,CJ Jordan,0,0,,,,,,"",""
ball,1,10.2,Hobart Hurricanes,GJ Bailey,BR McDermott,CJ Jordan,1,0,,,,,,"",""
ball,1,10.3,Hobart Hurricanes,BR McDermott,GJ Bailey,CJ Jordan,0,0,,,,,,"",""
ball,1,10.4,Hobart Hurricanes,BR McDermott,GJ Bailey,CJ Jordan,1,0,,,,,,"",""
ball,1,10.5,Hobart Hurricanes,GJ Bailey,BR McDermott,CJ Jordan,4,0,,,,,,"",""
ball,1,10.6,Hobart Hurricanes,GJ Bailey,BR McDermott,CJ Jordan,1,0,,,,,,"",""
ball,1,11.1,Hobart Hurricanes,GJ Bailey,BR McDermott,GS Sandhu,1,0,,,,,,"",""
ball,1,11.2,Hobart Hurricanes,BR McDermott,GJ Bailey,GS Sandhu,0,0,,,,,,"",""
ball,1,11.3,Hobart Hurricanes,BR McDermott,GJ Bailey,GS Sandhu,2,0,,,,,,"",""
ball,1,11.4,Hobart Hurricanes,BR McDermott,GJ Bailey,GS Sandhu,4,0,,,,,,"",""
ball,1,11.5,Hobart Hurricanes,BR McDermott,GJ Bailey,GS Sandhu,1,0,,,,,,"",""
ball,1,11.6,Hobart Hurricanes,GJ Bailey,BR McDermott,GS Sandhu,0,0,,,,,,"",""
ball,1,12.1,Hobart Hurricanes,BR McDermott,GJ Bailey,Fawad Ahmed,1,0,,,,,,"",""
ball,1,12.2,Hobart Hurricanes,GJ Bailey,BR McDermott,Fawad Ahmed,1,0,,,,,,"",""
ball,1,12.3,Hobart Hurricanes,BR McDermott,GJ Bailey,Fawad Ahmed,0,0,,,,,,"",""
ball,1,12.4,Hobart Hurricanes,BR McDermott,GJ Bailey,Fawad Ahmed,1,0,,,,,,"",""
ball,1,12.5,Hobart Hurricanes,GJ Bailey,BR McDermott,Fawad Ahmed,1,0,,,,,,"",""
ball,1,12.6,Hobart Hurricanes,BR McDermott,GJ Bailey,Fawad Ahmed,1,0,,,,,,"",""
ball,1,13.1,Hobart Hurricanes,BR McDermott,GJ Bailey,DR Sams,0,0,,,,,,"",""
ball,1,13.2,Hobart Hurricanes,BR McDermott,GJ Bailey,DR Sams,4,0,,,,,,"",""
ball,1,13.3,Hobart Hurricanes,BR McDermott,GJ Bailey,DR Sams,6,0,,,,,,"",""
ball,1,13.4,Hobart Hurricanes,BR McDermott,GJ Bailey,DR Sams,1,0,,,,,,"",""
ball,1,13.5,Hobart Hurricanes,GJ Bailey,BR McDermott,DR Sams,1,0,,,,,,"",""
ball,1,13.6,Hobart Hurricanes,BR McDermott,GJ Bailey,DR Sams,1,0,,,,,,"",""
ball,1,14.1,Hobart Hurricanes,BR McDermott,GJ Bailey,Fawad Ahmed,1,0,,,,,,"",""
ball,1,14.2,Hobart Hurricanes,GJ Bailey,BR McDermott,Fawad Ahmed,1,0,,,,,,"",""
ball,1,14.3,Hobart Hurricanes,BR McDermott,GJ Bailey,Fawad Ahmed,1,0,,,,,,"",""
ball,1,14.4,Hobart Hurricanes,GJ Bailey,BR McDermott,Fawad Ahmed,4,0,,,,,,"",""
ball,1,14.5,Hobart Hurricanes,GJ Bailey,BR McDermott,Fawad Ahmed,1,0,,,,,,"",""
ball,1,14.6,Hobart Hurricanes,BR McDermott,GJ Bailey,Fawad Ahmed,2,0,,,,,,"",""
ball,1,15.1,Hobart Hurricanes,GJ Bailey,BR McDermott,CJ Jordan,1,0,,,,,,"",""
ball,1,15.2,Hobart Hurricanes,BR McDermott,GJ Bailey,CJ Jordan,1,0,,,,,,"",""
ball,1,15.3,Hobart Hurricanes,GJ Bailey,BR McDermott,CJ Jordan,2,0,,,,,,"",""
ball,1,15.4,Hobart Hurricanes,GJ Bailey,BR McDermott,CJ Jordan,0,1,1,,,,,"",""
ball,1,15.5,Hobart Hurricanes,GJ Bailey,BR McDermott,CJ Jordan,2,0,,,,,,"",""
ball,1,15.6,Hobart Hurricanes,GJ Bailey,BR McDermott,CJ Jordan,1,0,,,,,,"",""
ball,1,15.7,Hobart Hurricanes,BR McDermott,GJ Bailey,CJ Jordan,0,0,,,,,,"",""
ball,1,16.1,Hobart Hurricanes,GJ Bailey,BR McDermott,PJ Cummins,0,0,,,,,,"",""
ball,1,16.2,Hobart Hurricanes,GJ Bailey,BR McDermott,PJ Cummins,4,0,,,,,,"",""
ball,1,16.3,Hobart Hurricanes,GJ Bailey,BR McDermott,PJ Cummins,0,0,,,,,,"",""
ball,1,16.4,Hobart Hurricanes,GJ Bailey,BR McDermott,PJ Cummins,4,0,,,,,,"",""
ball,1,16.5,Hobart Hurricanes,GJ Bailey,BR McDermott,PJ Cummins,0,0,,,,,,"",""
ball,1,16.6,Hobart Hurricanes,GJ Bailey,BR McDermott,PJ Cummins,2,0,,,,,,"",""
ball,1,17.1,Hobart Hurricanes,BR McDermott,GJ Bailey,GS Sandhu,1,0,,,,,,"",""
ball,1,17.2,Hobart Hurricanes,GJ Bailey,BR McDermott,GS Sandhu,0,1,1,,,,,"",""
ball,1,17.3,Hobart Hurricanes,GJ Bailey,BR McDermott,GS Sandhu,2,0,,,,,,"",""
ball,1,17.4,Hobart Hurricanes,GJ Bailey,BR McDermott,GS Sandhu,6,0,,,,,,"",""
ball,1,17.5,Hobart Hurricanes,GJ Bailey,BR McDermott,GS Sandhu,1,0,,,,,,"",""
ball,1,17.6,Hobart Hurricanes,BR McDermott,GJ Bailey,GS Sandhu,0,1,1,,,,,"",""
ball,1,17.7,Hobart Hurricanes,BR McDermott,GJ Bailey,GS Sandhu,0,1,1,,,,,"",""
ball,1,17.8,Hobart Hurricanes,BR McDermott,GJ Bailey,GS Sandhu,4,0,,,,,,"",""
ball,1,17.9,Hobart Hurricanes,BR McDermott,GJ Bailey,GS Sandhu,2,0,,,,,,"",""
ball,1,18.1,Hobart Hurricanes,GJ Bailey,BR McDermott,CJ Jordan,6,0,,,,,,"",""
ball,1,18.2,Hobart Hurricanes,GJ Bailey,BR McDermott,CJ Jordan,2,0,,,,,,"",""
ball,1,18.3,Hobart Hurricanes,GJ Bailey,BR McDermott,CJ Jordan,1,0,,,,,,"",""
ball,1,18.4,Hobart Hurricanes,BR McDermott,GJ Bailey,CJ Jordan,1,0,,,,,,"",""
ball,1,18.5,Hobart Hurricanes,GJ Bailey,BR McDermott,CJ Jordan,2,0,,,,,,"",""
ball,1,18.6,Hobart Hurricanes,GJ Bailey,BR McDermott,CJ Jordan,0,0,,,,,,run out,GJ Bailey
ball,2,0.1,Sydney Thunder,UT Khawaja,SR Watson,RP Meredith,0,0,,,,,,"",""
ball,2,0.2,Sydney Thunder,UT Khawaja,SR Watson,RP Meredith,1,0,,,,,,"",""
ball,2,0.3,Sydney Thunder,SR Watson,UT Khawaja,RP Meredith,0,0,,,,,,"",""
ball,2,0.4,Sydney Thunder,SR Watson,UT Khawaja,RP Meredith,4,0,,,,,,"",""
ball,2,0.5,Sydney Thunder,SR Watson,UT Khawaja,RP Meredith,4,0,,,,,,"",""
ball,2,0.6,Sydney Thunder,SR Watson,UT Khawaja,RP Meredith,0,1,,1,,,,"",""
ball,2,0.7,Sydney Thunder,SR Watson,UT Khawaja,RP Meredith,6,0,,,,,,"",""
ball,2,1.1,Sydney Thunder,UT Khawaja,SR Watson,JC Archer,4,0,,,,,,"",""
ball,2,1.2,Sydney Thunder,UT Khawaja,SR Watson,JC Archer,1,0,,,,,,"",""
ball,2,1.3,Sydney Thunder,SR Watson,UT Khawaja,JC Archer,0,0,,,,,,"",""
ball,2,1.4,Sydney Thunder,SR Watson,UT Khawaja,JC Archer,0,0,,,,,,"",""
ball,2,1.5,Sydney Thunder,SR Watson,UT Khawaja,JC Archer,1,0,,,,,,"",""
ball,2,1.6,Sydney Thunder,UT Khawaja,SR Watson,JC Archer,0,0,,,,,,"",""
ball,2,2.1,Sydney Thunder,SR Watson,UT Khawaja,RP Meredith,0,1,1,,,,,"",""
ball,2,2.2,Sydney Thunder,SR Watson,UT Khawaja,RP Meredith,0,0,,,,,,caught,SR Watson
ball,2,2.3,Sydney Thunder,UT Khawaja,CJ Ferguson,RP Meredith,4,0,,,,,,"",""
ball,2,2.4,Sydney Thunder,UT Khawaja,CJ Ferguson,RP Meredith,0,0,,,,,,"",""
ball,2,2.5,Sydney Thunder,UT Khawaja,CJ Ferguson,RP Meredith,0,1,,1,,,,"",""
ball,2,2.6,Sydney Thunder,UT Khawaja,CJ Ferguson,RP Meredith,2,0,,,,,,"",""
ball,2,2.7,Sydney Thunder,UT Khawaja,CJ Ferguson,RP Meredith,4,0,,,,,,"",""
ball,2,2.8,Sydney Thunder,UT Khawaja,CJ Ferguson,RP Meredith,0,0,,,,,,"",""
ball,2,3.1,Sydney Thunder,CJ Ferguson,UT Khawaja,JC Archer,1,0,,,,,,"",""
ball,2,3.2,Sydney Thunder,UT Khawaja,CJ Ferguson,JC Archer,0,0,,,,,,"",""
ball,2,3.3,Sydney Thunder,UT Khawaja,CJ Ferguson,JC Archer,6,0,,,,,,"",""
ball,2,3.4,Sydney Thunder,UT Khawaja,CJ Ferguson,JC Archer,0,0,,,,,,"",""
ball,2,3.5,Sydney Thunder,UT Khawaja,CJ Ferguson,JC Archer,1,0,,,,,,"",""
ball,2,3.6,Sydney Thunder,CJ Ferguson,UT Khawaja,JC Archer,0,0,,,,,,"",""
ball,2,4.1,Sydney Thunder,UT Khawaja,CJ Ferguson,DJM Moody,4,0,,,,,,"",""
ball,2,4.2,Sydney Thunder,UT Khawaja,CJ Ferguson,DJM Moody,4,0,,,,,,"",""
ball,2,4.3,Sydney Thunder,UT Khawaja,CJ Ferguson,DJM Moody,0,1,1,,,,,"",""
ball,2,4.4,Sydney Thunder,UT Khawaja,CJ Ferguson,DJM Moody,1,0,,,,,,"",""
ball,2,4.5,Sydney Thunder,CJ Ferguson,UT Khawaja,DJM Moody,3,0,,,,,,"",""
ball,2,4.6,Sydney Thunder,UT Khawaja,CJ Ferguson,DJM Moody,0,0,,,,,,"",""
ball,2,4.7,Sydney Thunder,UT Khawaja,CJ Ferguson,DJM Moody,4,0,,,,,,"",""
ball,2,5.1,Sydney Thunder,CJ Ferguson,UT Khawaja,Qais Ahmad,0,0,,,,,,"",""
ball,2,5.2,Sydney Thunder,CJ Ferguson,UT Khawaja,Qais Ahmad,1,0,,,,,,"",""
ball,2,5.3,Sydney Thunder,UT Khawaja,CJ Ferguson,Qais Ahmad,0,0,,,,,,bowled,UT Khawaja
ball,2,5.4,Sydney Thunder,AP Devcich,CJ Ferguson,Qais Ahmad,1,0,,,,,,"",""
ball,2,5.5,Sydney Thunder,CJ Ferguson,AP Devcich,Qais Ahmad,1,0,,,,,,"",""
ball,2,5.6,Sydney Thunder,AP Devcich,CJ Ferguson,Qais Ahmad,1,0,,,,,,"",""
ball,2,6.1,Sydney Thunder,AP Devcich,CJ Ferguson,DJM Short,1,0,,,,,,"",""
ball,2,6.2,Sydney Thunder,CJ Ferguson,AP Devcich,DJM Short,1,0,,,,,,"",""
ball,2,6.3,Sydney Thunder,AP Devcich,CJ Ferguson,DJM Short,1,0,,,,,,"",""
ball,2,6.4,Sydney Thunder,CJ Ferguson,AP Devcich,DJM Short,6,0,,,,,,"",""
ball,2,6.5,Sydney Thunder,CJ Ferguson,AP Devcich,DJM Short,1,0,,,,,,"",""
ball,2,6.6,Sydney Thunder,AP Devcich,CJ Ferguson,DJM Short,0,0,,,,,,caught,AP Devcich
ball,2,7.1,Sydney Thunder,CJ Ferguson,DR Sams,Qais Ahmad,1,0,,,,,,"",""
ball,2,7.2,Sydney Thunder,DR Sams,CJ Ferguson,Qais Ahmad,1,0,,,,,,"",""
ball,2,7.3,Sydney Thunder,CJ Ferguson,DR Sams,Qais Ahmad,1,0,,,,,,"",""
ball,2,7.4,Sydney Thunder,DR Sams,CJ Ferguson,Qais Ahmad,1,0,,,,,,"",""
ball,2,7.5,Sydney Thunder,CJ Ferguson,DR Sams,Qais Ahmad,1,0,,,,,,"",""
ball,2,7.6,Sydney Thunder,DR Sams,CJ Ferguson,Qais Ahmad,2,0,,,,,,"",""
ball,2,8.1,Sydney Thunder,CJ Ferguson,DR Sams,DJM Short,1,0,,,,,,"",""
ball,2,8.2,Sydney Thunder,DR Sams,CJ Ferguson,DJM Short,0,0,,,,,,"",""
ball,2,8.3,Sydney Thunder,DR Sams,CJ Ferguson,DJM Short,2,0,,,,,,"",""
ball,2,8.4,Sydney Thunder,DR Sams,CJ Ferguson,DJM Short,1,0,,,,,,"",""
ball,2,8.5,Sydney Thunder,CJ Ferguson,DR Sams,DJM Short,1,0,,,,,,"",""
ball,2,8.6,Sydney Thunder,DR Sams,CJ Ferguson,DJM Short,0,0,,,,,,caught,DR Sams
ball,2,9.1,Sydney Thunder,M Gilkes,CJ Ferguson,Qais Ahmad,0,0,,,,,,lbw,M Gilkes
ball,2,9.2,Sydney Thunder,CJ Green,CJ Ferguson,Qais Ahmad,0,0,,,,,,"",""
ball,2,9.3,Sydney Thunder,CJ Green,CJ Ferguson,Qais Ahmad,0,0,,,,,,"",""
ball,2,9.4,Sydney Thunder,CJ Green,CJ Ferguson,Qais Ahmad,1,0,,,,,,"",""
ball,2,9.5,Sydney Thunder,CJ Ferguson,CJ Green,Qais Ahmad,1,0,,,,,,"",""
ball,2,9.6,Sydney Thunder,CJ Green,CJ Ferguson,Qais Ahmad,1,0,,,,,,"",""
ball,2,10.1,Sydney Thunder,CJ Green,CJ Ferguson,DJM Short,0,0,,,,,,"",""
ball,2,10.2,Sydney Thunder,CJ Green,CJ Ferguson,DJM Short,1,0,,,,,,"",""
ball,2,10.3,Sydney Thunder,CJ Ferguson,CJ Green,DJM Short,1,0,,,,,,"",""
ball,2,10.4,Sydney Thunder,CJ Green,CJ Ferguson,DJM Short,1,0,,,,,,"",""
ball,2,10.5,Sydney Thunder,CJ Ferguson,CJ Green,DJM Short,1,0,,,,,,"",""
ball,2,10.6,Sydney Thunder,CJ Green,CJ Ferguson,DJM Short,1,0,,,,,,"",""
ball,2,11.1,Sydney Thunder,CJ Green,CJ Ferguson,Qais Ahmad,1,0,,,,,,"",""
ball,2,11.2,Sydney Thunder,CJ Ferguson,CJ Green,Qais Ahmad,1,0,,,,,,"",""
ball,2,11.3,Sydney Thunder,CJ Green,CJ Ferguson,Qais Ahmad,0,0,,,,,,"",""
ball,2,11.4,Sydney Thunder,CJ Green,CJ Ferguson,Qais Ahmad,1,0,,,,,,"",""
ball,2,11.5,Sydney Thunder,CJ Ferguson,CJ Green,Qais Ahmad,4,0,,,,,,"",""
ball,2,11.6,Sydney Thunder,CJ Ferguson,CJ Green,Qais Ahmad,1,0,,,,,,"",""
ball,2,12.1,Sydney Thunder,CJ Ferguson,CJ Green,DJM Short,2,0,,,,,,"",""
ball,2,12.2,Sydney Thunder,CJ Ferguson,CJ Green,DJM Short,1,0,,,,,,"",""
ball,2,12.3,Sydney Thunder,CJ Green,CJ Ferguson,DJM Short,1,0,,,,,,"",""
ball,2,12.4,Sydney Thunder,CJ Ferguson,CJ Green,DJM Short,0,3,,,3,,,"",""
ball,2,12.5,Sydney Thunder,CJ Green,CJ Ferguson,DJM Short,2,0,,,,,,"",""
ball,2,12.6,Sydney Thunder,CJ Green,CJ Ferguson,DJM Short,1,0,,,,,,"",""
ball,2,13.1,Sydney Thunder,CJ Green,CJ Ferguson,CA Rose,6,0,,,,,,"",""
ball,2,13.2,Sydney Thunder,CJ Green,CJ Ferguson,CA Rose,0,1,,,,1,,"",""
ball,2,13.3,Sydney Thunder,CJ Ferguson,CJ Green,CA Rose,1,0,,,,,,"",""
ball,2,13.4,Sydney Thunder,CJ Green,CJ Ferguson,CA Rose,2,0,,,,,,"",""
ball,2,13.5,Sydney Thunder,CJ Green,CJ Ferguson,CA Rose,1,0,,,,,,"",""
ball,2,13.6,Sydney Thunder,CJ Ferguson,CJ Green,CA Rose,1,0,,,,,,"",""
ball,2,14.1,Sydney Thunder,CJ Ferguson,CJ Green,RP Meredith,1,0,,,,,,"",""
ball,2,14.2,Sydney Thunder,CJ Green,CJ Ferguson,RP Meredith,2,0,,,,,,"",""
ball,2,14.3,Sydney Thunder,CJ Green,CJ Ferguson,RP Meredith,1,0,,,,,,"",""
ball,2,14.4,Sydney Thunder,CJ Ferguson,CJ Green,RP Meredith,0,1,1,,,,,"",""
ball,2,14.5,Sydney Thunder,CJ Ferguson,CJ Green,RP Meredith,0,1,1,,,,,"",""
ball,2,14.6,Sydney Thunder,CJ Ferguson,CJ Green,RP Meredith,4,0,,,,,,"",""
ball,2,14.7,Sydney Thunder,CJ Ferguson,CJ Green,RP Meredith,1,0,,,,,,"",""
ball,2,14.8,Sydney Thunder,CJ Green,CJ Ferguson,RP Meredith,1,0,,,,,,"",""
ball,2,15.1,Sydney Thunder,CJ Green,CJ Ferguson,CA Rose,1,0,,,,,,"",""
ball,2,15.2,Sydney Thunder,CJ Ferguson,CJ Green,CA Rose,2,0,,,,,,"",""
ball,2,15.3,Sydney Thunder,CJ Ferguson,CJ Green,CA Rose,4,0,,,,,,"",""
ball,2,15.4,Sydney Thunder,CJ Ferguson,CJ Green,CA Rose,1,0,,,,,,"",""
ball,2,15.5,Sydney Thunder,CJ Green,CJ Ferguson,CA Rose,0,0,,,,,,"",""
ball,2,15.6,Sydney Thunder,CJ Green,CJ Ferguson,CA Rose,2,0,,,,,,"",""
ball,2,16.1,Sydney Thunder,CJ Ferguson,CJ Green,JC Archer,1,0,,,,,,"",""
ball,2,16.2,Sydney Thunder,CJ Green,CJ Ferguson,JC Archer,1,0,,,,,,"",""
ball,2,16.3,Sydney Thunder,CJ Ferguson,CJ Green,JC Archer,0,1,,,,1,,"",""
ball,2,16.4,Sydney Thunder,CJ Green,CJ Ferguson,JC Archer,4,0,,,,,,"",""
ball,2,16.5,Sydney Thunder,CJ Green,CJ Ferguson,JC Archer,1,0,,,,,,"",""
ball,2,16.6,Sydney Thunder,CJ Ferguson,CJ Green,JC Archer,0,0,,,,,,bowled,CJ Ferguson
ball,2,17.1,Sydney Thunder,CJ Green,PJ Cummins,RP Meredith,1,1,,1,,,,"",""
ball,2,17.2,Sydney Thunder,PJ Cummins,CJ Green,RP Meredith,0,0,,,,,,"",""
ball,2,17.3,Sydney Thunder,PJ Cummins,CJ Green,RP Meredith,0,1,1,,,,,"",""
ball,2,17.4,Sydney Thunder,PJ Cummins,CJ Green,RP Meredith,0,0,,,,,,"",""
ball,2,17.5,Sydney Thunder,PJ Cummins,CJ Green,RP Meredith,0,0,,,,,,"",""
ball,2,17.6,Sydney Thunder,PJ Cummins,CJ Green,RP Meredith,2,0,,,,,,"",""
ball,2,17.7,Sydney Thunder,PJ Cummins,CJ Green,RP Meredith,4,0,,,,,,"",""
ball,2,17.8,Sydney Thunder,PJ Cummins,CJ Green,RP Meredith,3,0,,,,,,"",""
ball,2,18.1,Sydney Thunder,PJ Cummins,CJ Green,JC Archer,0,0,,,,,,"",""
ball,2,18.2,Sydney Thunder,PJ Cummins,CJ Green,JC Archer,1,0,,,,,,"",""
