version,1.6.0
info,balls_per_over,6
info,team,Sydney Sixers
info,team,Hobart Hurricanes
info,gender,male
info,season,2018/19
info,date,2019/01/23
info,event,Big Bash League
info,match_number,40
info,venue,Sydney Cricket Ground
info,city,Sydney
info,toss_winner,Sydney Sixers
info,toss_decision,field
info,player_of_match,JR Philippe
info,umpire,AK Wilds
info,umpire,SJ Nogajski
info,reserve_umpire,Berend du Plessis
info,tv_umpire,CA Polosak
info,match_referee,SR Bernard
info,winner,Sydney Sixers
info,winner_wickets,9
info,player,Hobart Hurricanes,MS Wade
info,player,Hobart Hurricanes,DJM Short
info,player,Hobart Hurricanes,CP Jewell
info,player,Hobart Hurricanes,BR McDermott
info,player,Hobart Hurricanes,GJ Bailey
info,player,Hobart Hurricanes,S Milenko
info,player,Hobart Hurricanes,JP Faulkner
info,player,Hobart Hurricanes,J Botha
info,player,Hobart Hurricanes,JC Archer
info,player,Hobart Hurricanes,CA Rose
info,player,Hobart Hurricanes,RP Meredith
info,player,Sydney Sixers,DP Hughes
info,player,Sydney Sixers,JR Philippe
info,player,Sydney Sixers,JM Vince
info,player,Sydney Sixers,MC Henriques
info,player,Sydney Sixers,JC Silk
info,player,Sydney Sixers,TK Curran
info,player,Sydney Sixers,SA Abbott
info,player,Sydney Sixers,SNJ O'Keefe
info,player,Sydney Sixers,L Pope
info,player,Sydney Sixers,BAD Manenti
info,player,Sydney Sixers,BJ Dwarshuis
info,registry,people,AK Wilds,de412f40
info,registry,people,BAD Manenti,ab21795b
info,registry,people,BJ Dwarshuis,e1b9f3a9
info,registry,people,BR McDermott,c41043e6
info,registry,people,Berend du Plessis,b0b8fec6
info,registry,people,CA Polosak,26a360d2
info,registry,people,CA Rose,7517d134
info,registry,people,CP Jewell,806c4e58
info,registry,people,DJM Short,1a156c88
info,registry,people,DP Hughes,f3982af9
info,registry,people,GJ Bailey,5056011d
info,registry,people,J Botha,7c503806
info,registry,people,JC Archer,5574750c
info,registry,people,JC Silk,7a6dc294
info,registry,people,JM Vince,a15618fe
info,registry,people,JP Faulkner,808f425a
info,registry,people,JR Philippe,39086549
info,registry,people,L Pope,616a8149
info,registry,people,MC Henriques,32198ae0
info,registry,people,MS Wade,afa7e784
info,registry,people,RP Meredith,64775749
info,registry,people,S Milenko,479f9b04
info,registry,people,SA Abbott,1a2676c5
info,registry,people,SJ Nogajski,9b3f9323
info,registry,people,SNJ O'Keefe,3540beff
info,registry,people,SR Bernard,800187dc
info,registry,people,TK Curran,e86754b2
ball,1,0.1,Hobart Hurricanes,MS Wade,DJM Short,BAD Manenti,0,0,,,,,,"",""
ball,1,0.2,Hobart Hurricanes,MS Wade,DJM Short,BAD Manenti,0,0,,,,,,"",""
ball,1,0.3,Hobart Hurricanes,MS Wade,DJM Short,BAD Manenti,1,0,,,,,,"",""
ball,1,0.4,Hobart Hurricanes,DJM Short,MS Wade,BAD Manenti,0,0,,,,,,"",""
ball,1,0.5,Hobart Hurricanes,DJM Short,MS Wade,BAD Manenti,1,0,,,,,,"",""
ball,1,0.6,Hobart Hurricanes,MS Wade,DJM Short,BAD Manenti,0,0,,,,,,"",""
ball,1,1.1,Hobart Hurricanes,DJM Short,MS Wade,BJ Dwarshuis,0,1,1,,,,,"",""
ball,1,1.2,Hobart Hurricanes,DJM Short,MS Wade,BJ Dwarshuis,0,0,,,,,,"",""
ball,1,1.3,Hobart Hurricanes,DJM Short,MS Wade,BJ Dwarshuis,0,2,2,,,,,"",""
ball,1,1.4,Hobart Hurricanes,MS Wade,DJM Short,BJ Dwarshuis,1,0,,,,,,"",""
ball,1,1.5,Hobart Hurricanes,DJM Short,MS Wade,BJ Dwarshuis,0,0,,,,,,"",""
ball,1,1.6,Hobart Hurricanes,DJM Short,MS Wade,BJ Dwarshuis,4,0,,,,,,"",""
ball,1,1.7,Hobart Hurricanes,DJM Short,MS Wade,BJ Dwarshuis,1,0,,,,,,"",""
ball,1,1.8,Hobart Hurricanes,MS Wade,DJM Short,BJ Dwarshuis,2,0,,,,,,"",""
ball,1,2.1,Hobart Hurricanes,DJM Short,MS Wade,BAD Manenti,0,0,,,,,,"",""
ball,1,2.2,Hobart Hurricanes,DJM Short,MS Wade,BAD Manenti,4,0,,,,,,"",""
ball,1,2.3,Hobart Hurricanes,DJM Short,MS Wade,BAD Manenti,0,0,,,,,,"",""
ball,1,2.4,Hobart Hurricanes,DJM Short,MS Wade,BAD Manenti,0,0,,,,,,"",""
ball,1,2.5,Hobart Hurricanes,DJM Short,MS Wade,BAD Manenti,0,3,3,,,,,"",""
ball,1,2.6,Hobart Hurricanes,DJM Short,MS Wade,BAD Manenti,0,0,,,,,,"",""
ball,1,2.7,Hobart Hurricanes,DJM Short,MS Wade,BAD Manenti,0,0,,,,,,"",""
ball,1,3.1,Hobart Hurricanes,MS Wade,DJM Short,SA Abbott,0,0,,,,,,"",""
ball,1,3.2,Hobart Hurricanes,MS Wade,DJM Short,SA Abbott,1,0,,,,,,"",""
ball,1,3.3,Hobart Hurricanes,DJM Short,MS Wade,SA Abbott,6,0,,,,,,"",""
ball,1,3.4,Hobart Hurricanes,DJM Short,MS Wade,SA Abbott,0,0,,,,,,"",""
ball,1,3.5,Hobart Hurricanes,DJM Short,MS Wade,SA Abbott,0,0,,,,,,"",""
ball,1,3.6,Hobart Hurricanes,DJM Short,MS Wade,SA Abbott,0,0,,,,,,"",""
ball,1,4.1,Hobart Hurricanes,MS Wade,DJM Short,TK Curran,4,0,,,,,,"",""
ball,1,4.2,Hobart Hurricanes,MS Wade,DJM Short,TK Curran,0,0,,,,,,"",""
ball,1,4.3,Hobart Hurricanes,MS Wade,DJM Short,TK Curran,4,0,,,,,,"",""
ball,1,4.4,Hobart Hurricanes,MS Wade,DJM Short,TK Curran,1,0,,,,,,"",""
ball,1,4.5,Hobart Hurricanes,DJM Short,MS Wade,TK Curran,0,0,,,,,,"",""
ball,1,4.6,Hobart Hurricanes,DJM Short,MS Wade,TK Curran,1,0,,,,,,"",""
ball,1,5.1,Hobart Hurricanes,DJM Short,MS Wade,SA Abbott,1,0,,,,,,"",""
ball,1,5.2,Hobart Hurricanes,MS Wade,DJM Short,SA Abbott,0,0,,,,,,"",""
ball,1,5.3,Hobart Hurricanes,MS Wade,DJM Short,SA Abbott,1,0,,,,,,"",""
ball,1,5.4,Hobart Hurricanes,DJM Short,MS Wade,SA Abbott,4,0,,,,,,"",""
ball,1,5.5,Hobart Hurricanes,DJM Short,MS Wade,SA Abbott,2,0,,,,,,"",""
ball,1,5.6,Hobart Hurricanes,DJM Short,MS Wade,SA Abbott,4,0,,,,,,"",""
ball,1,6.1,Hobart Hurricanes,MS Wade,DJM Short,L Pope,0,0,,,,,,"",""
ball,1,6.2,Hobart Hurricanes,MS Wade,DJM Short,L Pope,1,0,,,,,,"",""
ball,1,6.3,Hobart Hurricanes,DJM Short,MS Wade,L Pope,2,0,,,,,,"",""
ball,1,6.4,Hobart Hurricanes,DJM Short,MS Wade,L Pope,1,0,,,,,,"",""
ball,1,6.5,Hobart Hurricanes,MS Wade,DJM Short,L Pope,4,0,,,,,,"",""
ball,1,6.6,Hobart Hurricanes,MS Wade,DJM Short,L Pope,1,0,,,,,,"",""
ball,1,7.1,Hobart Hurricanes,MS Wade,DJM Short,BAD Manenti,6,0,,,,,,"",""
ball,1,7.2,Hobart Hurricanes,MS Wade,DJM Short,BAD Manenti,1,0,,,,,,"",""
ball,1,7.3,Hobart Hurricanes,DJM Short,MS Wade,BAD Manenti,1,0,,,,,,"",""
ball,1,7.4,Hobart Hurricanes,MS Wade,DJM Short,BAD Manenti,1,0,,,,,,"",""
ball,1,7.5,Hobart Hurricanes,DJM Short,MS Wade,BAD Manenti,0,0,,,,,,caught,DJM Short
ball,1,7.6,Hobart Hurricanes,CP Jewell,MS Wade,BAD Manenti,0,0,,,,,,"",""
ball,1,8.1,Hobart Hurricanes,MS Wade,CP Jewell,SNJ O'Keefe,1,0,,,,,,"",""
ball,1,8.2,Hobart Hurricanes,CP Jewell,MS Wade,SNJ O'Keefe,1,0,,,,,,"",""
ball,1,8.3,Hobart Hurricanes,MS Wade,CP Jewell,SNJ O'Keefe,2,0,,,,,,"",""
ball,1,8.4,Hobart Hurricanes,MS Wade,CP Jewell,SNJ O'Keefe,0,0,,,,,,"",""
ball,1,8.5,Hobart Hurricanes,MS Wade,CP Jewell,SNJ O'Keefe,0,0,,,,,,"",""
ball,1,8.6,Hobart Hurricanes,MS Wade,CP Jewell,SNJ O'Keefe,1,0,,,,,,"",""
ball,1,9.1,Hobart Hurricanes,MS Wade,CP Jewell,BJ Dwarshuis,0,1,,,,1,,"",""
ball,1,9.2,Hobart Hurricanes,CP Jewell,MS Wade,BJ Dwarshuis,0,0,,,,,,"",""
ball,1,9.3,Hobart Hurricanes,CP Jewell,MS Wade,BJ Dwarshuis,0,0,,,,,,bowled,CP Jewell
ball,1,9.4,Hobart Hurricanes,BR McDermott,MS Wade,BJ Dwarshuis,0,0,,,,,,"",""
ball,1,9.5,Hobart Hurricanes,BR McDermott,MS Wade,BJ Dwarshuis,1,0,,,,,,"",""
ball,1,9.6,Hobart Hurricanes,MS Wade,BR McDermott,BJ Dwarshuis,1,0,,,,,,"",""
ball,1,10.1,Hobart Hurricanes,MS Wade,BR McDermott,SNJ O'Keefe,1,0,,,,,,"",""
ball,1,10.2,Hobart Hurricanes,BR McDermott,MS Wade,SNJ O'Keefe,1,0,,,,,,"",""
ball,1,10.3,Hobart Hurricanes,MS Wade,BR McDermott,SNJ O'Keefe,0,0,,,,,,"",""
ball,1,10.4,Hobart Hurricanes,MS Wade,BR McDermott,SNJ O'Keefe,2,0,,,,,,"",""
ball,1,10.5,Hobart Hurricanes,MS Wade,BR McDermott,SNJ O'Keefe,2,0,,,,,,"",""
ball,1,10.6,Hobart Hurricanes,MS Wade,BR McDermott,SNJ O'Keefe,1,0,,,,,,"",""
ball,1,11.1,Hobart Hurricanes,MS Wade,BR McDermott,BAD Manenti,1,0,,,,,,"",""
ball,1,11.2,Hobart Hurricanes,BR McDermott,MS Wade,BAD Manenti,1,0,,,,,,"",""
ball,1,11.3,Hobart Hurricanes,MS Wade,BR McDermott,BAD Manenti,1,0,,,,,,"",""
ball,1,11.4,Hobart Hurricanes,BR McDermott,MS Wade,BAD Manenti,1,0,,,,,,"",""
ball,1,11.5,Hobart Hurricanes,MS Wade,BR McDermott,BAD Manenti,6,0,,,,,,"",""
ball,1,11.6,Hobart Hurricanes,MS Wade,BR McDermott,BAD Manenti,1,0,,,,,,"",""
ball,1,12.1,Hobart Hurricanes,MS Wade,BR McDermott,L Pope,1,0,,,,,,"",""
ball,1,12.2,Hobart Hurricanes,BR McDermott,MS Wade,L Pope,0,1,1,,,,,"",""
ball,1,12.3,Hobart Hurricanes,BR McDermott,MS Wade,L Pope,0,1,1,,,,,"",""
ball,1,12.4,Hobart Hurricanes,BR McDermott,MS Wade,L Pope,1,0,,,,,,"",""
ball,1,12.5,Hobart Hurricanes,MS Wade,BR McDermott,L Pope,0,0,,,,,,"",""
ball,1,12.6,Hobart Hurricanes,MS Wade,BR McDermott,L Pope,1,0,,,,,,"",""
ball,1,12.7,Hobart Hurricanes,BR McDermott,MS Wade,L Pope,0,0,,,,,,"",""
ball,1,12.8,Hobart Hurricanes,BR McDermott,MS Wade,L Pope,1,0,,,,,,"",""
ball,1,13.1,Hobart Hurricanes,BR McDermott,MS Wade,TK Curran,0,0,,,,,,"",""
ball,1,13.2,Hobart Hurricanes,BR McDermott,MS Wade,TK Curran,1,0,,,,,,"",""
ball,1,13.3,Hobart Hurricanes,MS Wade,BR McDermott,TK Curran,0,0,,,,,,"",""
ball,1,13.4,Hobart Hurricanes,MS Wade,BR McDermott,TK Curran,0,0,,,,,,"",""
ball,1,13.5,Hobart Hurricanes,MS Wade,BR McDermott,TK Curran,1,0,,,,,,"",""
ball,1,13.6,Hobart Hurricanes,BR McDermott,MS Wade,TK Curran,1,0,,,,,,"",""
ball,1,14.1,Hobart Hurricanes,BR McDermott,MS Wade,SNJ O'Keefe,1,0,,,,,,"",""
ball,1,14.2,Hobart Hurricanes,MS Wade,BR McDermott,SNJ O'Keefe,1,0,,,,,,"",""
ball,1,14.3,Hobart Hurricanes,BR McDermott,MS Wade,SNJ O'Keefe,1,0,,,,,,"",""
ball,1,14.4,Hobart Hurricanes,MS Wade,BR McDermott,SNJ O'Keefe,1,0,,,,,,"",""
ball,1,14.5,Hobart Hurricanes,BR McDermott,MS Wade,SNJ O'Keefe,1,0,,,,,,"",""
ball,1,14.6,Hobart Hurricanes,MS Wade,BR McDermott,SNJ O'Keefe,4,0,,,,,,"",""
ball,1,15.1,Hobart Hurricanes,BR McDermott,MS Wade,TK Curran,1,0,,,,,,"",""
ball,1,15.2,Hobart Hurricanes,MS Wade,BR McDermott,TK Curran,1,0,,,,,,"",""
ball,1,15.3,Hobart Hurricanes,BR McDermott,MS Wade,TK Curran,1,0,,,,,,"",""
ball,1,15.4,Hobart Hurricanes,MS Wade,BR McDermott,TK Curran,1,0,,,,,,"",""
ball,1,15.5,Hobart Hurricanes,BR McDermott,MS Wade,TK Curran,0,0,,,,,,"",""
ball,1,15.6,Hobart Hurricanes,BR McDermott,MS Wade,TK Curran,1,0,,,,,,"",""
ball,1,16.1,Hobart Hurricanes,BR McDermott,MS Wade,L Pope,6,0,,,,,,"",""
ball,1,16.2,Hobart Hurricanes,BR McDermott,MS Wade,L Pope,6,0,,,,,,"",""
ball,1,16.3,Hobart Hurricanes,BR McDermott,MS Wade,L Pope,2,0,,,,,,"",""
ball,1,16.4,Hobart Hurricanes,BR McDermott,MS Wade,L Pope,3,0,,,,,,"",""
ball,1,16.5,Hobart Hurricanes,MS Wade,BR McDermott,L Pope,1,0,,,,,,"",""
ball,1,16.6,Hobart Hurricanes,BR McDermott,MS Wade,L Pope,0,1,,,1,,,"",""
ball,1,17.1,Hobart Hurricanes,BR McDermott,MS Wade,SA Abbott,1,0,,,,,,"",""
ball,1,17.2,Hobart Hurricanes,MS Wade,BR McDermott,SA Abbott,3,0,,,,,,"",""
ball,1,17.3,Hobart Hurricanes,BR McDermott,MS Wade,SA Abbott,1,0,,,,,,"",""
ball,1,17.4,Hobart Hurricanes,MS Wade,BR McDermott,SA Abbott,0,0,,,,,,caught,MS Wade
ball,1,17.5,Hobart Hurricanes,BR McDermott,GJ Bailey,SA Abbott,1,0,,,,,,"",""
ball,1,17.6,Hobart Hurricanes,GJ Bailey,BR McDermott,SA Abbott,1,0,,,,,,"",""
ball,1,18.1,Hobart Hurricanes,GJ Bailey,BR McDermott,BJ Dwarshuis,1,0,,,,,,"",""
ball,1,18.2,Hobart Hurricanes,BR McDermott,GJ Bailey,BJ Dwarshuis,2,1,,1,,,,"",""
ball,1,18.3,Hobart Hurricanes,BR McDermott,GJ Bailey,BJ Dwarshuis,2,0,,,,,,"",""
ball,1,18.4,Hobart Hurricanes,BR McDermott,GJ Bailey,BJ Dwarshuis,1,0,,,,,,"",""
ball,1,18.5,Hobart Hurricanes,GJ Bailey,BR McDermott,BJ Dwarshuis,2,0,,,,,,"",""
ball,1,18.6,Hobart Hurricanes,GJ Bailey,BR McDermott,BJ Dwarshuis,1,0,,,,,,"",""
ball,1,18.7,Hobart Hurricanes,BR McDermott,GJ Bailey,BJ Dwarshuis,2,0,,,,,,"",""
ball,1,19.1,Hobart Hurricanes,GJ Bailey,BR McDermott,TK Curran,4,0,,,,,,"",""
ball,1,19.2,Hobart Hurricanes,GJ Bailey,BR McDermott,TK Curran,0,1,1,,,,,"",""
ball,1,19.3,Hobart Hurricanes,GJ Bailey,BR McDermott,TK Curran,6,0,,,,,,"",""
ball,1,19.4,Hobart Hurricanes,GJ Bailey,BR McDermott,TK Curran,4,0,,,,,,"",""
ball,1,19.5,Hobart Hurricanes,GJ Bailey,BR McDermott,TK Curran,1,0,,,,,,"",""
ball,1,19.6,Hobart Hurricanes,BR McDermott,GJ Bailey,TK Curran,0,0,,,,,,caught,BR McDermott
ball,1,19.7,Hobart Hurricanes,GJ Bailey,S Milenko,TK Curran,2,0,,,,,,"",""
ball,2,0.1,Sydney Sixers,DP Hughes,JR Philippe,JP Faulkner,4,0,,,,,,"",""
ball,2,0.2,Sydney Sixers,DP Hughes,JR Philippe,JP Faulkner,0,0,,,,,,"",""
ball,2,0.3,Sydney Sixers,DP Hughes,JR Philippe,JP Faulkner,2,0,,,,,,"",""
ball,2,0.4,Sydney Sixers,DP Hughes,JR Philippe,JP Faulkner,0,0,,,,,,caught,DP Hughes
ball,2,0.5,Sydney Sixers,JM Vince,JR Philippe,JP Faulkner,0,0,,,,,,"",""
ball,2,0.6,Sydney Sixers,JM Vince,JR Philippe,JP Faulkner,0,0,,,,,,"",""
ball,2,1.1,Sydney Sixers,JR Philippe,JM Vince,RP Meredith,0,0,,,,,,"",""
ball,2,1.2,Sydney Sixers,JR Philippe,JM Vince,RP Meredith,4,0,,,,,,"",""
ball,2,1.3,Sydney Sixers,JR Philippe,JM Vince,RP Meredith,6,0,,,,,,"",""
ball,2,1.4,Sydney Sixers,JR Philippe,JM Vince,RP Meredith,0,0,,,,,,"",""
ball,2,1.5,Sydney Sixers,JR Philippe,JM Vince,RP Meredith,0,0,,,,,,"",""
ball,2,1.6,Sydney Sixers,JR Philippe,JM Vince,RP Meredith,1,0,,,,,,"",""
ball,2,2.1,Sydney Sixers,JR Philippe,JM Vince,JP Faulkner,1,0,,,,,,"",""
ball,2,2.2,Sydney Sixers,JM Vince,JR Philippe,JP Faulkner,0,0,,,,,,"",""
ball,2,2.3,Sydney Sixers,JM Vince,JR Philippe,JP Faulkner,1,0,,,,,,"",""
ball,2,2.4,Sydney Sixers,JR Philippe,JM Vince,JP Faulkner,1,0,,,,,,"",""
ball,2,2.5,Sydney Sixers,JM Vince,JR Philippe,JP Faulkner,1,0,,,,,,"",""
ball,2,2.6,Sydney Sixers,JR Philippe,JM Vince,JP Faulkner,1,0,,,,,,"",""
ball,2,3.1,Sydney Sixers,JR Philippe,JM Vince,CA Rose,2,0,,,,,,"",""
ball,2,3.2,Sydney Sixers,JR Philippe,JM Vince,CA Rose,4,0,,,,,,"",""
ball,2,3.3,Sydney Sixers,JR Philippe,JM Vince,CA Rose,4,0,,,,,,"",""
ball,2,3.4,Sydney Sixers,JR Philippe,JM Vince,CA Rose,4,0,,,,,,"",""
ball,2,3.5,Sydney Sixers,JR Philippe,JM Vince,CA Rose,1,0,,,,,,"",""
ball,2,3.6,Sydney Sixers,JM Vince,JR Philippe,CA Rose,4,0,,,,,,"",""
ball,2,4.1,Sydney Sixers,JR Philippe,JM Vince,JC Archer,4,0,,,,,,"",""
ball,2,4.2,Sydney Sixers,JR Philippe,JM Vince,JC Archer,0,0,,,,,,"",""
ball,2,4.3,Sydney Sixers,JR Philippe,JM Vince,JC Archer,2,0,,,,,,"",""
ball,2,4.4,Sydney Sixers,JR Philippe,JM Vince,JC Archer,4,0,,,,,,"",""
ball,2,4.5,Sydney Sixers,JR Philippe,JM Vince,JC Archer,4,0,,,,,,"",""
ball,2,4.6,Sydney Sixers,JR Philippe,JM Vince,JC Archer,0,0,,,,,,"",""
ball,2,5.1,Sydney Sixers,JM Vince,JR Philippe,RP Meredith,4,0,,,,,,"",""
ball,2,5.2,Sydney Sixers,JM Vince,JR Philippe,RP Meredith,4,0,,,,,,"",""
ball,2,5.3,Sydney Sixers,JM Vince,JR Philippe,RP Meredith,0,0,,,,,,"",""
ball,2,5.4,Sydney Sixers,JM Vince,JR Philippe,RP Meredith,1,0,,,,,,"",""
ball,2,5.5,Sydney Sixers,JR Philippe,JM Vince,RP Meredith,2,0,,,,,,"",""
ball,2,5.6,Sydney Sixers,JR Philippe,JM Vince,RP Meredith,1,0,,,,,,"",""
ball,2,6.1,Sydney Sixers,JR Philippe,JM Vince,JC Archer,1,0,,,,,,"",""
ball,2,6.2,Sydney Sixers,JM Vince,JR Philippe,JC Archer,0,0,,,,,,"",""
ball,2,6.3,Sydney Sixers,JM Vince,JR Philippe,JC Archer,1,0,,,,,,"",""
ball,2,6.4,Sydney Sixers,JR Philippe,JM Vince,JC Archer,1,0,,,,,,"",""
ball,2,6.5,Sydney Sixers,JM Vince,JR Philippe,JC Archer,0,0,,,,,,"",""
ball,2,6.6,Sydney Sixers,JM Vince,JR Philippe,JC Archer,1,0,,,,,,"",""
ball,2,7.1,Sydney Sixers,JM Vince,JR Philippe,DJM Short,1,0,,,,,,"",""
ball,2,7.2,Sydney Sixers,JR Philippe,JM Vince,DJM Short,4,0,,,,,,"",""
ball,2,7.3,Sydney Sixers,JR Philippe,JM Vince,DJM Short,1,0,,,,,,"",""
ball,2,7.4,Sydney Sixers,JM Vince,JR Philippe,DJM Short,2,0,,,,,,"",""
ball,2,7.5,Sydney Sixers,JM Vince,JR Philippe,DJM Short,2,0,,,,,,"",""
ball,2,7.6,Sydney Sixers,JM Vince,JR Philippe,DJM Short,1,0,,,,,,"",""
ball,2,8.1,Sydney Sixers,JM Vince,JR Philippe,CA Rose,0,0,,,,,,"",""
ball,2,8.2,Sydney Sixers,JM Vince,JR Philippe,CA Rose,6,0,,,,,,"",""
ball,2,8.3,Sydney Sixers,JM Vince,JR Philippe,CA Rose,2,0,,,,,,"",""
ball,2,8.4,Sydney Sixers,JM Vince,JR Philippe,CA Rose,0,1,1,,,,,"",""
ball,2,8.5,Sydney Sixers,JM Vince,JR Philippe,CA Rose,1,0,,,,,,"",""
ball,2,8.6,Sydney Sixers,JR Philippe,JM Vince,CA Rose,1,0,,,,,,"",""
ball,2,8.7,Sydney Sixers,JM Vince,JR Philippe,CA Rose,1,0,,,,,,"",""
ball,2,9.1,Sydney Sixers,JM Vince,JR Philippe,J Botha,1,0,,,,,,"",""
ball,2,9.2,Sydney Sixers,JR Philippe,JM Vince,J Botha,0,1,,,,1,,"",""
ball,2,9.3,Sydney Sixers,JM Vince,JR Philippe,J Botha,1,0,,,,,,"",""
ball,2,9.4,Sydney Sixers,JR Philippe,JM Vince,J Botha,1,0,,,,,,"",""
ball,2,9.5,Sydney Sixers,JM Vince,JR Philippe,J Botha,0,0,,,,,,"",""
ball,2,9.6,Sydney Sixers,JM Vince,JR Philippe,J Botha,2,0,,,,,,"",""
ball,2,10.1,Sydney Sixers,JR Philippe,JM Vince,CA Rose,6,0,,,,,,"",""
ball,2,10.2,Sydney Sixers,JR Philippe,JM Vince,CA Rose,0,1,1,,,,,"",""
ball,2,10.3,Sydney Sixers,JR Philippe,JM Vince,CA Rose,1,0,,,,,,"",""
ball,2,10.4,Sydney Sixers,JM Vince,JR Philippe,CA Rose,0,0,,,,,,"",""
ball,2,10.5,Sydney Sixers,JM Vince,JR Philippe,CA Rose,0,0,,,,,,"",""
ball,2,10.6,Sydney Sixers,JM Vince,JR Philippe,CA Rose,1,0,,,,,,"",""
ball,2,10.7,Sydney Sixers,JR Philippe,JM Vince,CA Rose,0,0,,,,,,"",""
ball,2,11.1,Sydney Sixers,JM Vince,JR Philippe,J Botha,2,0,,,,,,"",""
ball,2,11.2,Sydney Sixers,JM Vince,JR Philippe,J Botha,1,0,,,,,,"",""
ball,2,11.3,Sydney Sixers,JR Philippe,JM Vince,J Botha,0,0,,,,,,"",""
ball,2,11.4,Sydney Sixers,JR Philippe,JM Vince,J Botha,1,0,,,,,,"",""
ball,2,11.5,Sydney Sixers,JM Vince,JR Philippe,J Botha,2,0,,,,,,"",""
ball,2,11.6,Sydney Sixers,JM Vince,JR Philippe,J Botha,1,0,,,,,,"",""
ball,2,12.1,Sydney Sixers,JM Vince,JR Philippe,RP Meredith,6,0,,,,,,"",""
ball,2,12.2,Sydney Sixers,JM Vince,JR Philippe,RP Meredith,4,0,,,,,,"",""
ball,2,12.3,Sydney Sixers,JM Vince,JR Philippe,RP Meredith,1,0,,,,,,"",""
ball,2,12.4,Sydney Sixers,JR Philippe,JM Vince,RP Meredith,1,0,,,,,,"",""
ball,2,12.5,Sydney Sixers,JM Vince,JR Philippe,RP Meredith,2,0,,,,,,"",""
ball,2,12.6,Sydney Sixers,JM Vince,JR Philippe,RP Meredith,4,0,,,,,,"",""
ball,2,13.1,Sydney Sixers,JR Philippe,JM Vince,DJM Short,1,0,,,,,,"",""
ball,2,13.2,Sydney Sixers,JM Vince,JR Philippe,DJM Short,1,0,,,,,,"",""
ball,2,13.3,Sydney Sixers,JR Philippe,JM Vince,DJM Short,1,0,,,,,,"",""
ball,2,13.4,Sydney Sixers,JM Vince,JR Philippe,DJM Short,1,0,,,,,,"",""
ball,2,13.5,Sydney Sixers,JR Philippe,JM Vince,DJM Short,0,3,3,,,,,"",""
ball,2,13.6,Sydney Sixers,JR Philippe,JM Vince,DJM Short,2,0,,,,,,"",""
ball,2,13.7,Sydney Sixers,JR Philippe,JM Vince,DJM Short,2,0,,,,,,"",""
ball,2,14.1,Sydney Sixers,JM Vince,JR Philippe,JC Archer,1,0,,,,,,"",""
ball,2,14.2,Sydney Sixers,JR Philippe,JM Vince,JC Archer,0,0,,,,,,"",""
ball,2,14.3,Sydney Sixers,JR Philippe,JM Vince,JC Archer,0,0,,,,,,"",""
ball,2,14.4,Sydney Sixers,JR Philippe,JM Vince,JC Archer,0,1,1,,,,,"",""
ball,2,14.5,Sydney Sixers,JR Philippe,JM Vince,JC Archer,1,0,,,,,,"",""
ball,2,14.6,Sydney Sixers,JM Vince,JR Philippe,JC Archer,4,0,,,,,,"",""
ball,2,14.7,Sydney Sixers,JM Vince,JR Philippe,JC Archer,1,0,,,,,,"",""
ball,2,15.1,Sydney Sixers,JM Vince,JR Philippe,JP Faulkner,1,0,,,,,,"",""
ball,2,15.2,Sydney Sixers,JR Philippe,JM Vince,JP Faulkner,1,0,,,,,,"",""
ball,2,15.3,Sydney Sixers,JM Vince,JR Philippe,JP Faulkner,1,0,,,,,,"",""
ball,2,15.4,Sydney Sixers,JR Philippe,JM Vince,JP Faulkner,1,0,,,,,,"",""
ball,2,15.5,Sydney Sixers,JM Vince,JR Philippe,JP Faulkner,1,0,,,,,,"",""
ball,2,15.6,Sydney Sixers,JR Philippe,JM Vince,JP Faulkner,6,0,,,,,,"",""
ball,2,16.1,Sydney Sixers,JM Vince,JR Philippe,JC Archer,1,0,,,,,,"",""
ball,2,16.2,Sydney Sixers,JR Philippe,JM Vince,JC Archer,4,0,,,,,,"",""
ball,2,16.3,Sydney Sixers,JR Philippe,JM Vince,JC Archer,1,0,,,,,,"",""
ball,2,16.4,Sydney Sixers,JM Vince,JR Philippe,JC Archer,0,0,,,,,,"",""
ball,2,16.5,Sydney Sixers,JM Vince,JR Philippe,JC Archer,1,0,,,,,,"",""
ball,2,16.6,Sydney Sixers,JR Philippe,JM Vince,JC Archer,1,0,,,,,,"",""
ball,2,17.1,Sydney Sixers,JR Philippe,JM Vince,RP Meredith,1,0,,,,,,"",""
