version,1.6.0
info,balls_per_over,6
info,team,Perth Scorchers
info,team,Brisbane Heat
info,gender,male
info,season,2019/20
info,date,2020/01/11
info,event,Big Bash League
info,match_number,32
info,venue,Perth Stadium
info,city,Perth
info,toss_winner,Perth Scorchers
info,toss_decision,bat
info,player_of_match,MR Marsh
info,umpire,JD Ward
info,umpire,GC Joshua
info,reserve_umpire,NR Johnstone
info,tv_umpire,GJ Davidson
info,match_referee,SR Bernard
info,winner,Perth Scorchers
info,winner_runs,34
info,player,Perth Scorchers,JP Inglis
info,player,Perth Scorchers,LS Livingstone
info,player,Perth Scorchers,SM Whiteman
info,player,Perth Scorchers,MR Marsh
info,player,Perth Scorchers,CT Bancroft
info,player,Perth Scorchers,C Green
info,player,Perth Scorchers,TH David
info,player,Perth Scorchers,CJ Jordan
info,player,Perth Scorchers,JA Richardson
info,player,Perth Scorchers,JS Paris
info,player,Perth Scorchers,Fawad Ahmed
info,player,Brisbane Heat,T Banton
info,player,Brisbane Heat,M Bryant
info,player,Brisbane Heat,CA Lynn
info,player,Brisbane Heat,MT Renshaw
info,player,Brisbane Heat,JA Burns
info,player,Brisbane Heat,BCJ Cutting
info,player,Brisbane Heat,JJ Peirson
info,player,Brisbane Heat,JL Pattinson
info,player,Brisbane Heat,JK Lalor
info,player,Brisbane Heat,B Laughlin
info,player,Brisbane Heat,Zahir Khan
info,registry,people,B Laughlin,b2a79f17
info,registry,people,BCJ Cutting,2e11c706
info,registry,people,C Green,eaa76d3c
info,registry,people,CA Lynn,45eda7c8
info,registry,people,CJ Jordan,ffe699c0
info,registry,people,CT Bancroft,399b0b94
info,registry,people,Fawad Ahmed,22ae3041
info,registry,people,GC Joshua,4c47ebf2
info,registry,people,GJ Davidson,31ad5973
info,registry,people,JA Burns,7a5f232a
info,registry,people,JA Richardson,1ee08e9a
info,registry,people,JD Ward,511299c1
info,registry,people,JJ Peirson,2b55c3b4
info,registry,people,JK Lalor,88209c84
info,registry,people,JL Pattinson,f752db61
info,registry,people,JP Inglis,989889ff
info,registry,people,JS Paris,7c8f533d
info,registry,people,LS Livingstone,50c6bc2b
info,registry,people,M Bryant,f32012f4
info,registry,people,MR Marsh,3d8feaf8
info,registry,people,MT Renshaw,218d4d78
info,registry,people,NR Johnstone,ce274b6a
info,registry,people,SM Whiteman,f4427cc6
info,registry,people,SR Bernard,800187dc
info,registry,people,T Banton,25f7b7d6
info,registry,people,TH David,f1f99156
info,registry,people,Zahir Khan,786b7fe8
ball,1,0.1,Perth Scorchers,JP Inglis,LS Livingstone,JL Pattinson,4,0,,,,,,"",""
ball,1,0.2,Perth Scorchers,JP Inglis,LS Livingstone,JL Pattinson,0,0,,,,,,"",""
ball,1,0.3,Perth Scorchers,JP Inglis,LS Livingstone,JL Pattinson,2,0,,,,,,"",""
ball,1,0.4,Perth Scorchers,JP Inglis,LS Livingstone,JL Pattinson,4,0,,,,,,"",""
ball,1,0.5,Perth Scorchers,JP Inglis,LS Livingstone,JL Pattinson,2,0,,,,,,"",""
ball,1,0.6,Perth Scorchers,JP Inglis,LS Livingstone,JL Pattinson,4,0,,,,,,"",""
ball,1,1.1,Perth Scorchers,LS Livingstone,JP Inglis,JK Lalor,0,0,,,,,,"",""
ball,1,1.2,Perth Scorchers,LS Livingstone,JP Inglis,JK Lalor,0,0,,,,,,"",""
ball,1,1.3,Perth Scorchers,LS Livingstone,JP Inglis,JK Lalor,0,0,,,,,,"",""
ball,1,1.4,Perth Scorchers,LS Livingstone,JP Inglis,JK Lalor,0,0,,,,,,"",""
ball,1,1.5,Perth Scorchers,LS Livingstone,JP Inglis,JK Lalor,6,0,,,,,,"",""
ball,1,1.6,Perth Scorchers,LS Livingstone,JP Inglis,JK Lalor,0,0,,,,,,"",""
ball,1,2.1,Perth Scorchers,JP Inglis,LS Livingstone,Zahir Khan,0,0,,,,,,"",""
ball,1,2.2,Perth Scorchers,JP Inglis,LS Livingstone,Zahir Khan,0,0,,,,,,"",""
ball,1,2.3,Perth Scorchers,JP Inglis,LS Livingstone,Zahir Khan,4,0,,,,,,"",""
ball,1,2.4,Perth Scorchers,JP Inglis,LS Livingstone,Zahir Khan,0,4,,,,4,,"",""
ball,1,2.5,Perth Scorchers,JP Inglis,LS Livingstone,Zahir Khan,4,0,,,,,,"",""
ball,1,2.6,Perth Scorchers,JP Inglis,LS Livingstone,Zahir Khan,4,0,,,,,,"",""
ball,1,3.1,Perth Scorchers,LS Livingstone,JP Inglis,JK Lalor,1,0,,,,,,"",""
ball,1,3.2,Perth Scorchers,JP Inglis,LS Livingstone,JK Lalor,0,0,,,,,,"",""
ball,1,3.3,Perth Scorchers,JP Inglis,LS Livingstone,JK Lalor,0,0,,,,,,caught and bowled,JP Inglis
ball,1,3.4,Perth Scorchers,SM Whiteman,LS Livingstone,JK Lalor,0,0,,,,,,"",""
ball,1,3.5,Perth Scorchers,SM Whiteman,LS Livingstone,JK Lalor,1,0,,,,,,"",""
ball,1,3.6,Perth Scorchers,LS Livingstone,SM Whiteman,JK Lalor,0,0,,,,,,"",""
ball,1,4.1,Perth Scorchers,SM Whiteman,LS Livingstone,JL Pattinson,1,0,,,,,,"",""
ball,1,4.2,Perth Scorchers,LS Livingstone,SM Whiteman,JL Pattinson,4,0,,,,,,"",""
ball,1,4.3,Perth Scorchers,LS Livingstone,SM Whiteman,JL Pattinson,0,0,,,,,,"",""
ball,1,4.4,Perth Scorchers,LS Livingstone,SM Whiteman,JL Pattinson,4,0,,,,,,"",""
ball,1,4.5,Perth Scorchers,LS Livingstone,SM Whiteman,JL Pattinson,0,0,,,,,,"",""
ball,1,4.6,Perth Scorchers,LS Livingstone,SM Whiteman,JL Pattinson,1,0,,,,,,"",""
ball,1,5.1,Perth Scorchers,LS Livingstone,SM Whiteman,Zahir Khan,0,0,,,,,,"",""
ball,1,5.2,Perth Scorchers,LS Livingstone,SM Whiteman,Zahir Khan,4,0,,,,,,"",""
ball,1,5.3,Perth Scorchers,LS Livingstone,SM Whiteman,Zahir Khan,1,0,,,,,,"",""
ball,1,5.4,Perth Scorchers,SM Whiteman,LS Livingstone,Zahir Khan,1,0,,,,,,"",""
ball,1,5.5,Perth Scorchers,LS Livingstone,SM Whiteman,Zahir Khan,6,0,,,,,,"",""
ball,1,5.6,Perth Scorchers,LS Livingstone,SM Whiteman,Zahir Khan,1,0,,,,,,"",""
ball,1,6.1,Perth Scorchers,LS Livingstone,SM Whiteman,B Laughlin,1,0,,,,,,"",""
ball,1,6.2,Perth Scorchers,SM Whiteman,LS Livingstone,B Laughlin,1,0,,,,,,"",""
ball,1,6.3,Perth Scorchers,LS Livingstone,SM Whiteman,B Laughlin,1,0,,,,,,"",""
ball,1,6.4,Perth Scorchers,SM Whiteman,LS Livingstone,B Laughlin,0,0,,,,,,caught,SM Whiteman
ball,1,6.5,Perth Scorchers,MR Marsh,LS Livingstone,B Laughlin,2,0,,,,,,"",""
ball,1,6.6,Perth Scorchers,MR Marsh,LS Livingstone,B Laughlin,4,0,,,,,,"",""
ball,1,7.1,Perth Scorchers,LS Livingstone,MR Marsh,BCJ Cutting,1,0,,,,,,"",""
ball,1,7.2,Perth Scorchers,MR Marsh,LS Livingstone,BCJ Cutting,0,0,,,,,,"",""
ball,1,7.3,Perth Scorchers,MR Marsh,LS Livingstone,BCJ Cutting,2,0,,,,,,"",""
ball,1,7.4,Perth Scorchers,MR Marsh,LS Livingstone,BCJ Cutting,1,0,,,,,,"",""
ball,1,7.5,Perth Scorchers,LS Livingstone,MR Marsh,BCJ Cutting,2,0,,,,,,"",""
ball,1,7.6,Perth Scorchers,LS Livingstone,MR Marsh,BCJ Cutting,0,0,,,,,,"",""
ball,1,8.1,Perth Scorchers,MR Marsh,LS Livingstone,Zahir Khan,0,0,,,,,,"",""
ball,1,8.2,Perth Scorchers,MR Marsh,LS Livingstone,Zahir Khan,1,0,,,,,,"",""
ball,1,8.3,Perth Scorchers,LS Livingstone,MR Marsh,Zahir Khan,1,0,,,,,,"",""
ball,1,8.4,Perth Scorchers,MR Marsh,LS Livingstone,Zahir Khan,0,0,,,,,,"",""
ball,1,8.5,Perth Scorchers,MR Marsh,LS Livingstone,Zahir Khan,1,0,,,,,,"",""
ball,1,8.6,Perth Scorchers,LS Livingstone,MR Marsh,Zahir Khan,1,0,,,,,,"",""
ball,1,9.1,Perth Scorchers,LS Livingstone,MR Marsh,BCJ Cutting,1,0,,,,,,"",""
ball,1,9.2,Perth Scorchers,MR Marsh,LS Livingstone,BCJ Cutting,1,0,,,,,,"",""
ball,1,9.3,Perth Scorchers,LS Livingstone,MR Marsh,BCJ Cutting,1,0,,,,,,"",""
ball,1,9.4,Perth Scorchers,MR Marsh,LS Livingstone,BCJ Cutting,1,0,,,,,,"",""
ball,1,9.5,Perth Scorchers,LS Livingstone,MR Marsh,BCJ Cutting,0,0,,,,,,"",""
ball,1,9.6,Perth Scorchers,LS Livingstone,MR Marsh,BCJ Cutting,1,0,,,,,,"",""
ball,1,10.1,Perth Scorchers,LS Livingstone,MR Marsh,Zahir Khan,1,0,,,,,,"",""
ball,1,10.2,Perth Scorchers,MR Marsh,LS Livingstone,Zahir Khan,1,0,,,,,,"",""
ball,1,10.3,Perth Scorchers,LS Livingstone,MR Marsh,Zahir Khan,0,0,,,,,,caught,LS Livingstone
ball,1,10.4,Perth Scorchers,MR Marsh,CT Bancroft,Zahir Khan,1,0,,,,,,"",""
ball,1,10.5,Perth Scorchers,CT Bancroft,MR Marsh,Zahir Khan,0,0,,,,,,"",""
ball,1,10.6,Perth Scorchers,CT Bancroft,MR Marsh,Zahir Khan,1,0,,,,,,"",""
ball,1,11.1,Perth Scorchers,CT Bancroft,MR Marsh,BCJ Cutting,0,0,,,,,,"",""
ball,1,11.2,Perth Scorchers,CT Bancroft,MR Marsh,BCJ Cutting,1,0,,,,,,"",""
ball,1,11.3,Perth Scorchers,MR Marsh,CT Bancroft,BCJ Cutting,1,0,,,,,,"",""
ball,1,11.4,Perth Scorchers,CT Bancroft,MR Marsh,BCJ Cutting,0,0,,,,,,"",""
ball,1,11.5,Perth Scorchers,CT Bancroft,MR Marsh,BCJ Cutting,1,0,,,,,,"",""
ball,1,11.6,Perth Scorchers,MR Marsh,CT Bancroft,BCJ Cutting,1,0,,,,,,"",""
ball,1,12.1,Perth Scorchers,MR Marsh,CT Bancroft,JL Pattinson,1,0,,,,,,"",""
ball,1,12.2,Perth Scorchers,CT Bancroft,MR Marsh,JL Pattinson,1,0,,,,,,"",""
ball,1,12.3,Perth Scorchers,MR Marsh,CT Bancroft,JL Pattinson,1,0,,,,,,"",""
ball,1,12.4,Perth Scorchers,CT Bancroft,MR Marsh,JL Pattinson,2,0,,,,,,"",""
ball,1,12.5,Perth Scorchers,CT Bancroft,MR Marsh,JL Pattinson,2,0,,,,,,"",""
ball,1,12.6,Perth Scorchers,CT Bancroft,MR Marsh,JL Pattinson,1,0,,,,,,"",""
ball,1,13.1,Perth Scorchers,CT Bancroft,MR Marsh,B Laughlin,1,0,,,,,,"",""
ball,1,13.2,Perth Scorchers,MR Marsh,CT Bancroft,B Laughlin,6,0,,,,,,"",""
ball,1,13.3,Perth Scorchers,MR Marsh,CT Bancroft,B Laughlin,2,0,,,,,,"",""
ball,1,13.4,Perth Scorchers,MR Marsh,CT Bancroft,B Laughlin,1,0,,,,,,"",""
ball,1,13.5,Perth Scorchers,CT Bancroft,MR Marsh,B Laughlin,1,0,,,,,,"",""
ball,1,13.6,Perth Scorchers,MR Marsh,CT Bancroft,B Laughlin,2,0,,,,,,"",""
ball,1,14.1,Perth Scorchers,CT Bancroft,MR Marsh,JK Lalor,6,0,,,,,,"",""
ball,1,14.2,Perth Scorchers,CT Bancroft,MR Marsh,JK Lalor,1,0,,,,,,"",""
ball,1,14.3,Perth Scorchers,MR Marsh,CT Bancroft,JK Lalor,0,1,,,,1,,"",""
ball,1,14.4,Perth Scorchers,CT Bancroft,MR Marsh,JK Lalor,0,0,,,,,,"",""
ball,1,14.5,Perth Scorchers,CT Bancroft,MR Marsh,JK Lalor,1,0,,,,,,"",""
ball,1,14.6,Perth Scorchers,MR Marsh,CT Bancroft,JK Lalor,1,0,,,,,,"",""
ball,1,15.1,Perth Scorchers,MR Marsh,CT Bancroft,JL Pattinson,6,0,,,,,,"",""
ball,1,15.2,Perth Scorchers,MR Marsh,CT Bancroft,JL Pattinson,0,0,,,,,,"",""
ball,1,15.3,Perth Scorchers,MR Marsh,CT Bancroft,JL Pattinson,6,0,,,,,,"",""
ball,1,15.4,Perth Scorchers,MR Marsh,CT Bancroft,JL Pattinson,4,0,,,,,,"",""
ball,1,15.5,Perth Scorchers,MR Marsh,CT Bancroft,JL Pattinson,1,0,,,,,,"",""
ball,1,15.6,Perth Scorchers,CT Bancroft,MR Marsh,JL Pattinson,1,0,,,,,,"",""
ball,1,16.1,Perth Scorchers,CT Bancroft,MR Marsh,B Laughlin,6,0,,,,,,"",""
ball,1,16.2,Perth Scorchers,CT Bancroft,MR Marsh,B Laughlin,1,0,,,,,,"",""
ball,1,16.3,Perth Scorchers,MR Marsh,CT Bancroft,B Laughlin,1,0,,,,,,"",""
ball,1,16.4,Perth Scorchers,CT Bancroft,MR Marsh,B Laughlin,0,1,,1,,,,"",""
ball,1,16.5,Perth Scorchers,CT Bancroft,MR Marsh,B Laughlin,0,1,1,,,,,"",""
ball,1,16.6,Perth Scorchers,CT Bancroft,MR Marsh,B Laughlin,0,0,,,,,,"",""
ball,1,16.7,Perth Scorchers,CT Bancroft,MR Marsh,B Laughlin,1,0,,,,,,"",""
ball,1,16.8,Perth Scorchers,MR Marsh,CT Bancroft,B Laughlin,4,0,,,,,,"",""
ball,1,17.1,Perth Scorchers,CT Bancroft,MR Marsh,BCJ Cutting,1,0,,,,,,"",""
ball,1,17.2,Perth Scorchers,MR Marsh,CT Bancroft,BCJ Cutting,1,0,,,,,,"",""
ball,1,17.3,Perth Scorchers,CT Bancroft,MR Marsh,BCJ Cutting,6,0,,,,,,"",""
ball,1,17.4,Perth Scorchers,CT Bancroft,MR Marsh,BCJ Cutting,1,0,,,,,,"",""
ball,1,17.5,Perth Scorchers,MR Marsh,CT Bancroft,BCJ Cutting,1,0,,,,,,"",""
ball,1,17.6,Perth Scorchers,CT Bancroft,MR Marsh,BCJ Cutting,1,0,,,,,,"",""
ball,1,18.1,Perth Scorchers,CT Bancroft,MR Marsh,JK Lalor,2,0,,,,,,"",""
ball,1,18.2,Perth Scorchers,CT Bancroft,MR Marsh,JK Lalor,1,0,,,,,,"",""
ball,1,18.3,Perth Scorchers,MR Marsh,CT Bancroft,JK Lalor,6,0,,,,,,"",""
ball,1,18.4,Perth Scorchers,MR Marsh,CT Bancroft,JK Lalor,6,0,,,,,,"",""
ball,1,18.5,Perth Scorchers,MR Marsh,CT Bancroft,JK Lalor,0,1,1,,,,,"",""
ball,1,18.6,Perth Scorchers,MR Marsh,CT Bancroft,JK Lalor,2,0,,,,,,"",""
ball,1,18.7,Perth Scorchers,MR Marsh,CT Bancroft,JK Lalor,2,0,,,,,,"",""
ball,1,19.1,Perth Scorchers,CT Bancroft,MR Marsh,B Laughlin,1,0,,,,,,"",""
ball,1,19.2,Perth Scorchers,MR Marsh,CT Bancroft,B Laughlin,2,0,,,,,,"",""
ball,1,19.3,Perth Scorchers,MR Marsh,CT Bancroft,B Laughlin,2,0,,,,,,"",""
ball,1,19.4,Perth Scorchers,MR Marsh,CT Bancroft,B Laughlin,6,0,,,,,,"",""
ball,1,19.5,Perth Scorchers,MR Marsh,CT Bancroft,B Laughlin,6,0,,,,,,"",""
ball,1,19.6,Perth Scorchers,MR Marsh,CT Bancroft,B Laughlin,6,0,,,,,,"",""
ball,2,0.1,Brisbane Heat,T Banton,M Bryant,JA Richardson,0,0,,,,,,"",""
ball,2,0.2,Brisbane Heat,T Banton,M Bryant,JA Richardson,1,0,,,,,,"",""
ball,2,0.3,Brisbane Heat,M Bryant,T Banton,JA Richardson,0,0,,,,,,"",""
ball,2,0.4,Brisbane Heat,M Bryant,T Banton,JA Richardson,0,1,,,,1,,"",""
ball,2,0.5,Brisbane Heat,T Banton,M Bryant,JA Richardson,0,0,,,,,,"",""
ball,2,0.6,Brisbane Heat,T Banton,M Bryant,JA Richardson,4,0,,,,,,"",""
ball,2,1.1,Brisbane Heat,M Bryant,T Banton,JS Paris,0,0,,,,,,"",""
ball,2,1.2,Brisbane Heat,M Bryant,T Banton,JS Paris,1,0,,,,,,"",""
ball,2,1.3,Brisbane Heat,T Banton,M Bryant,JS Paris,0,0,,,,,,"",""
ball,2,1.4,Brisbane Heat,T Banton,M Bryant,JS Paris,4,0,,,,,,"",""
ball,2,1.5,Brisbane Heat,T Banton,M Bryant,JS Paris,0,0,,,,,,"",""
ball,2,1.6,Brisbane Heat,T Banton,M Bryant,JS Paris,1,0,,,,,,"",""
ball,2,2.1,Brisbane Heat,T Banton,M Bryant,CJ Jordan,6,0,,,,,,"",""
ball,2,2.2,Brisbane Heat,T Banton,M Bryant,CJ Jordan,4,0,,,,,,"",""
ball,2,2.3,Brisbane Heat,T Banton,M Bryant,CJ Jordan,0,0,,,,,,"",""
ball,2,2.4,Brisbane Heat,T Banton,M Bryant,CJ Jordan,0,0,,,,,,"",""
ball,2,2.5,Brisbane Heat,T Banton,M Bryant,CJ Jordan,1,0,,,,,,"",""
ball,2,2.6,Brisbane Heat,M Bryant,T Banton,CJ Jordan,0,1,1,,,,,"",""
ball,2,2.7,Brisbane Heat,M Bryant,T Banton,CJ Jordan,4,0,,,,,,"",""
ball,2,3.1,Brisbane Heat,T Banton,M Bryant,JA Richardson,6,0,,,,,,"",""
ball,2,3.2,Brisbane Heat,T Banton,M Bryant,JA Richardson,1,0,,,,,,"",""
ball,2,3.3,Brisbane Heat,M Bryant,T Banton,JA Richardson,0,0,,,,,,caught,M Bryant
ball,2,3.4,Brisbane Heat,T Banton,CA Lynn,JA Richardson,1,0,,,,,,"",""
ball,2,3.5,Brisbane Heat,CA Lynn,T Banton,JA Richardson,0,0,,,,,,"",""
ball,2,3.6,Brisbane Heat,CA Lynn,T Banton,JA Richardson,1,0,,,,,,"",""
ball,2,4.1,Brisbane Heat,CA Lynn,T Banton,Fawad Ahmed,4,0,,,,,,"",""
ball,2,4.2,Brisbane Heat,CA Lynn,T Banton,Fawad Ahmed,0,0,,,,,,"",""
ball,2,4.3,Brisbane Heat,CA Lynn,T Banton,Fawad Ahmed,6,0,,,,,,"",""
ball,2,4.4,Brisbane Heat,CA Lynn,T Banton,Fawad Ahmed,1,0,,,,,,"",""
ball,2,4.5,Brisbane Heat,T Banton,CA Lynn,Fawad Ahmed,4,0,,,,,,"",""
ball,2,4.6,Brisbane Heat,T Banton,CA Lynn,Fawad Ahmed,4,0,,,,,,"",""
ball,2,5.1,Brisbane Heat,CA Lynn,T Banton,CJ Jordan,2,0,,,,,,"",""
ball,2,5.2,Brisbane Heat,CA Lynn,T Banton,CJ Jordan,0,0,,,,,,"",""
ball,2,5.3,Brisbane Heat,CA Lynn,T Banton,CJ Jordan,0,0,,,,,,caught,CA Lynn
ball,2,5.4,Brisbane Heat,T Banton,MT Renshaw,CJ Jordan,0,1,1,,,,,"",""
ball,2,5.5,Brisbane Heat,T Banton,MT Renshaw,CJ Jordan,4,0,,,,,,"",""
ball,2,5.6,Brisbane Heat,T Banton,MT Renshaw,CJ Jordan,1,0,,,,,,"",""
ball,2,5.7,Brisbane Heat,MT Renshaw,T Banton,CJ Jordan,1,0,,,,,,"",""
ball,2,6.1,Brisbane Heat,MT Renshaw,T Banton,JS Paris,0,0,,,,,,caught,MT Renshaw
ball,2,6.2,Brisbane Heat,JA Burns,T Banton,JS Paris,0,0,,,,,,"",""
ball,2,6.3,Brisbane Heat,JA Burns,T Banton,JS Paris,1,0,,,,,,"",""
ball,2,6.4,Brisbane Heat,T Banton,JA Burns,JS Paris,1,0,,,,,,"",""
ball,2,6.5,Brisbane Heat,JA Burns,T Banton,JS Paris,1,0,,,,,,"",""
ball,2,6.6,Brisbane Heat,T Banton,JA Burns,JS Paris,1,0,,,,,,"",""
ball,2,7.1,Brisbane Heat,T Banton,JA Burns,MR Marsh,2,0,,,,,,"",""
ball,2,7.2,Brisbane Heat,T Banton,JA Burns,MR Marsh,0,0,,,,,,"",""
ball,2,7.3,Brisbane Heat,T Banton,JA Burns,MR Marsh,4,0,,,,,,"",""
ball,2,7.4,Brisbane Heat,T Banton,JA Burns,MR Marsh,1,0,,,,,,"",""
ball,2,7.5,Brisbane Heat,JA Burns,T Banton,MR Marsh,1,0,,,,,,"",""
ball,2,7.6,Brisbane Heat,T Banton,JA Burns,MR Marsh,1,0,,,,,,"",""
ball,2,8.1,Brisbane Heat,T Banton,JA Burns,JS Paris,1,0,,,,,,"",""
ball,2,8.2,Brisbane Heat,JA Burns,T Banton,JS Paris,2,0,,,,,,"",""
ball,2,8.3,Brisbane Heat,JA Burns,T Banton,JS Paris,1,0,,,,,,"",""
ball,2,8.4,Brisbane Heat,T Banton,JA Burns,JS Paris,1,0,,,,,,"",""
ball,2,8.5,Brisbane Heat,JA Burns,T Banton,JS Paris,1,0,,,,,,"",""
ball,2,8.6,Brisbane Heat,T Banton,JA Burns,JS Paris,0,0,,,,,,"",""
ball,2,9.1,Brisbane Heat,JA Burns,T Banton,Fawad Ahmed,0,0,,,,,,"",""
ball,2,9.2,Brisbane Heat,JA Burns,T Banton,Fawad Ahmed,1,0,,,,,,"",""
ball,2,9.3,Brisbane Heat,T Banton,JA Burns,Fawad Ahmed,1,0,,,,,,"",""
ball,2,9.4,Brisbane Heat,JA Burns,T Banton,Fawad Ahmed,2,0,,,,,,"",""
ball,2,9.5,Brisbane Heat,JA Burns,T Banton,Fawad Ahmed,1,0,,,,,,"",""
ball,2,9.6,Brisbane Heat,T Banton,JA Burns,Fawad Ahmed,0,0,,,,,,caught and bowled,T Banton
ball,2,10.1,Brisbane Heat,BCJ Cutting,JA Burns,LS Livingstone,1,0,,,,,,"",""
ball,2,10.2,Brisbane Heat,JA Burns,BCJ Cutting,LS Livingstone,1,0,,,,,,"",""
ball,2,10.3,Brisbane Heat,BCJ Cutting,JA Burns,LS Livingstone,2,0,,,,,,"",""
ball,2,10.4,Brisbane Heat,BCJ Cutting,JA Burns,LS Livingstone,0,0,,,,,,"",""
ball,2,10.5,Brisbane Heat,BCJ Cutting,JA Burns,LS Livingstone,0,1,1,,,,,"",""
ball,2,10.6,Brisbane Heat,BCJ Cutting,JA Burns,LS Livingstone,1,0,,,,,,"",""
ball,2,10.7,Brisbane Heat,JA Burns,BCJ Cutting,LS Livingstone,1,0,,,,,,"",""
ball,2,11.1,Brisbane Heat,JA Burns,BCJ Cutting,Fawad Ahmed,0,0,,,,,,"",""
ball,2,11.2,Brisbane Heat,JA Burns,BCJ Cutting,Fawad Ahmed,1,0,,,,,,"",""
ball,2,11.3,Brisbane Heat,BCJ Cutting,JA Burns,Fawad Ahmed,0,0,,,,,,"",""
ball,2,11.4,Brisbane Heat,BCJ Cutting,JA Burns,Fawad Ahmed,0,0,,,,,,"",""
ball,2,11.5,Brisbane Heat,BCJ Cutting,JA Burns,Fawad Ahmed,0,0,,,,,,"",""
ball,2,11.6,Brisbane Heat,BCJ Cutting,JA Burns,Fawad Ahmed,0,0,,,,,,"",""
ball,2,12.1,Brisbane Heat,JA Burns,BCJ Cutting,LS Livingstone,1,0,,,,,,"",""
ball,2,12.2,Brisbane Heat,BCJ Cutting,JA Burns,LS Livingstone,1,0,,,,,,"",""
ball,2,12.3,Brisbane Heat,JA Burns,BCJ Cutting,LS Livingstone,6,0,,,,,,"",""
ball,2,12.4,Brisbane Heat,JA Burns,BCJ Cutting,LS Livingstone,1,0,,,,,,"",""
ball,2,12.5,Brisbane Heat,BCJ Cutting,JA Burns,LS Livingstone,1,0,,,,,,"",""
ball,2,12.6,Brisbane Heat,JA Burns,BCJ Cutting,LS Livingstone,1,0,,,,,,"",""
ball,2,13.1,Brisbane Heat,JA Burns,BCJ Cutting,Fawad Ahmed,1,0,,,,,,"",""
ball,2,13.2,Brisbane Heat,BCJ Cutting,JA Burns,Fawad Ahmed,1,0,,,,,,"",""
ball,2,13.3,Brisbane Heat,JA Burns,BCJ Cutting,Fawad Ahmed,6,0,,,,,,"",""
ball,2,13.4,Brisbane Heat,JA Burns,BCJ Cutting,Fawad Ahmed,0,0,,,,,,"",""
ball,2,13.5,Brisbane Heat,JA Burns,BCJ Cutting,Fawad Ahmed,1,0,,,,,,"",""
ball,2,13.6,Brisbane Heat,BCJ Cutting,JA Burns,Fawad Ahmed,1,0,,,,,,"",""
ball,2,14.1,Brisbane Heat,BCJ Cutting,JA Burns,JS Paris,4,0,,,,,,"",""
ball,2,14.2,Brisbane Heat,BCJ Cutting,JA Burns,JS Paris,2,0,,,,,,"",""
ball,2,14.3,Brisbane Heat,BCJ Cutting,JA Burns,JS Paris,6,0,,,,,,"",""
ball,2,14.4,Brisbane Heat,BCJ Cutting,JA Burns,JS Paris,0,0,,,,,,caught,BCJ Cutting
ball,2,14.5,Brisbane Heat,JJ Peirson,JA Burns,JS Paris,0,0,,,,,,"",""
ball,2,14.6,Brisbane Heat,JJ Peirson,JA Burns,JS Paris,1,0,,,,,,"",""
ball,2,15.1,Brisbane Heat,JJ Peirson,JA Burns,LS Livingstone,1,0,,,,,,"",""
ball,2,15.2,Brisbane Heat,JA Burns,JJ Peirson,LS Livingstone,1,0,,,,,,"",""
ball,2,15.3,Brisbane Heat,JJ Peirson,JA Burns,LS Livingstone,6,0,,,,,,"",""
ball,2,15.4,Brisbane Heat,JJ Peirson,JA Burns,LS Livingstone,0,0,,,,,,"",""
ball,2,15.5,Brisbane Heat,JJ Peirson,JA Burns,LS Livingstone,0,0,,,,,,"",""
ball,2,15.6,Brisbane Heat,JJ Peirson,JA Burns,LS Livingstone,1,0,,,,,,"",""
ball,2,16.1,Brisbane Heat,JJ Peirson,JA Burns,JA Richardson,0,1,1,,,,,"",""
ball,2,16.2,Brisbane Heat,JJ Peirson,JA Burns,JA Richardson,4,0,,,,,,"",""
ball,2,16.3,Brisbane Heat,JJ Peirson,JA Burns,JA Richardson,0,0,,,,,,bowled,JJ Peirson
ball,2,16.4,Brisbane Heat,JL Pattinson,JA Burns,JA Richardson,0,0,,,,,,"",""
ball,2,16.5,Brisbane Heat,JL Pattinson,JA Burns,JA Richardson,1,0,,,,,,"",""
ball,2,16.6,Brisbane Heat,JA Burns,JL Pattinson,JA Richardson,4,0,,,,,,"",""
ball,2,16.7,Brisbane Heat,JA Burns,JL Pattinson,JA Richardson,1,0,,,,,,"",""
ball,2,17.1,Brisbane Heat,JA Burns,JL Pattinson,CJ Jordan,0,0,,,,,,bowled,JA Burns
ball,2,17.2,Brisbane Heat,JK Lalor,JL Pattinson,CJ Jordan,4,0,,,,,,"",""
ball,2,17.3,Brisbane Heat,JK Lalor,JL Pattinson,CJ Jordan,1,0,,,,,,"",""
ball,2,17.4,Brisbane Heat,JL Pattinson,JK Lalor,CJ Jordan,6,0,,,,,,"",""
ball,2,17.5,Brisbane Heat,JL Pattinson,JK Lalor,CJ Jordan,1,0,,,,,,"",""
ball,2,17.6,Brisbane Heat,JK Lalor,JL Pattinson,CJ Jordan,1,0,,,,,,"",""
ball,2,18.1,Brisbane Heat,JK Lalor,JL Pattinson,JA Richardson,1,0,,,,,,"",""
ball,2,18.2,Brisbane Heat,JL Pattinson,JK Lalor,JA Richardson,2,0,,,,,,"",""
ball,2,18.3,Brisbane Heat,JL Pattinson,JK Lalor,JA Richardson,1,0,,,,,,run out,JL Pattinson
ball,2,18.4,Brisbane Heat,B Laughlin,JK Lalor,JA Richardson,4,0,,,,,,"",""
ball,2,18.5,Brisbane Heat,B Laughlin,JK Lalor,JA Richardson,0,0,,,,,,"",""
ball,2,18.6,Brisbane Heat,B Laughlin,JK Lalor,JA Richardson,1,0,,,,,,"",""
ball,2,19.1,Brisbane Heat,B Laughlin,JK Lalor,CJ Jordan,2,0,,,,,,"",""
ball,2,19.2,Brisbane Heat,B Laughlin,JK Lalor,CJ Jordan,1,0,,,,,,"",""
ball,2,19.3,Brisbane Heat,JK Lalor,B Laughlin,CJ Jordan,1,0,,,,,,"",""
ball,2,19.4,Brisbane Heat,B Laughlin,JK Lalor,CJ Jordan,1,0,,,,,,"",""
ball,2,19.5,Brisbane Heat,JK Lalor,B Laughlin,CJ Jordan,0,0,,,,,,"",""
ball,2,19.6,Brisbane Heat,JK Lalor,B Laughlin,CJ Jordan,1,0,,,,,,"",""
