version,1.6.0
info,balls_per_over,6
info,team,Hobart Hurricanes
info,team,Perth Scorchers
info,gender,male
info,season,2019/20
info,date,2020/01/13
info,event,Big Bash League
info,match_number,35
info,venue,Bellerive Oval
info,city,Hobart
info,toss_winner,Hobart Hurricanes
info,toss_decision,field
info,player_of_match,JP Inglis
info,umpire,GJ Davidson
info,umpire,SA Lightbody
info,reserve_umpire,TJ Matibiri
info,tv_umpire,Mansoor Qureshi
info,match_referee,RL Parry
info,winner,Perth Scorchers
info,winner_runs,77
info,player,Perth Scorchers,JP Inglis
info,player,Perth Scorchers,LS Livingstone
info,player,Perth Scorchers,SM Whiteman
info,player,Perth Scorchers,MR Marsh
info,player,Perth Scorchers,TH David
info,player,Perth Scorchers,CT Bancroft
info,player,Perth Scorchers,C Green
info,player,Perth Scorchers,CJ Jordan
info,player,Perth Scorchers,JA Richardson
info,player,Perth Scorchers,JS Paris
info,player,Perth Scorchers,Fawad Ahmed
info,player,Hobart Hurricanes,MS Wade
info,player,Hobart Hurricanes,CP Jewell
info,player,Hobart Hurricanes,DA Miller
info,player,Hobart Hurricanes,GJ Bailey
info,player,Hobart Hurricanes,BR McDermott
info,player,Hobart Hurricanes,S Milenko
info,player,Hobart Hurricanes,CA Rose
info,player,Hobart Hurricanes,TS Rogers
info,player,Hobart Hurricanes,NT Ellis
info,player,Hobart Hurricanes,Qais Ahmad
info,player,Hobart Hurricanes,SM Boland
info,registry,people,BR McDermott,c41043e6
info,registry,people,C Green,eaa76d3c
info,registry,people,CA Rose,7517d134
info,registry,people,CJ Jordan,ffe699c0
info,registry,people,CP Jewell,806c4e58
info,registry,people,CT Bancroft,399b0b94
info,registry,people,DA Miller,d67d5f00
info,registry,people,Fawad Ahmed,22ae3041
info,registry,people,GJ Bailey,5056011d
info,registry,people,GJ Davidson,31ad5973
info,registry,people,JA Richardson,1ee08e9a
info,registry,people,JP Inglis,989889ff
info,registry,people,JS Paris,7c8f533d
info,registry,people,LS Livingstone,50c6bc2b
info,registry,people,MR Marsh,3d8feaf8
info,registry,people,MS Wade,afa7e784
info,registry,people,Mansoor Qureshi,e3273ac2
info,registry,people,NT Ellis,9eb1455b
info,registry,people,Qais Ahmad,8d5d991e
info,registry,people,RL Parry,86d151dc
info,registry,people,S Milenko,479f9b04
info,registry,people,SA Lightbody,680b8cbf
info,registry,people,SM Boland,d167edd3
info,registry,people,SM Whiteman,f4427cc6
info,registry,people,TH David,f1f99156
info,registry,people,TJ Matibiri,4a3132b1
info,registry,people,TS Rogers,1b04e02b
ball,1,0.1,Perth Scorchers,JP Inglis,LS Livingstone,CA Rose,1,0,,,,,,"",""
ball,1,0.2,Perth Scorchers,LS Livingstone,JP Inglis,CA Rose,0,0,,,,,,"",""
ball,1,0.3,Perth Scorchers,LS Livingstone,JP Inglis,CA Rose,0,0,,,,,,"",""
ball,1,0.4,Perth Scorchers,LS Livingstone,JP Inglis,CA Rose,0,0,,,,,,"",""
ball,1,0.5,Perth Scorchers,LS Livingstone,JP Inglis,CA Rose,0,0,,,,,,"",""
ball,1,0.6,Perth Scorchers,LS Livingstone,JP Inglis,CA Rose,1,0,,,,,,"",""
ball,1,1.1,Perth Scorchers,LS Livingstone,JP Inglis,TS Rogers,0,1,1,,,,,"",""
ball,1,1.2,Perth Scorchers,LS Livingstone,JP Inglis,TS Rogers,2,0,,,,,,"",""
ball,1,1.3,Perth Scorchers,LS Livingstone,JP Inglis,TS Rogers,0,0,,,,,,caught,LS Livingstone
ball,1,1.4,Perth Scorchers,SM Whiteman,JP Inglis,TS Rogers,4,0,,,,,,"",""
ball,1,1.5,Perth Scorchers,SM Whiteman,JP Inglis,TS Rogers,1,0,,,,,,"",""
ball,1,1.6,Perth Scorchers,JP Inglis,SM Whiteman,TS Rogers,1,0,,,,,,"",""
ball,1,1.7,Perth Scorchers,SM Whiteman,JP Inglis,TS Rogers,1,0,,,,,,"",""
ball,1,2.1,Perth Scorchers,SM Whiteman,JP Inglis,CA Rose,0,0,,,,,,"",""
ball,1,2.2,Perth Scorchers,SM Whiteman,JP Inglis,CA Rose,1,0,,,,,,"",""
ball,1,2.3,Perth Scorchers,JP Inglis,SM Whiteman,CA Rose,1,0,,,,,,"",""
ball,1,2.4,Perth Scorchers,SM Whiteman,JP Inglis,CA Rose,1,0,,,,,,"",""
ball,1,2.5,Perth Scorchers,JP Inglis,SM Whiteman,CA Rose,1,0,,,,,,"",""
ball,1,2.6,Perth Scorchers,SM Whiteman,JP Inglis,CA Rose,0,0,,,,,,bowled,SM Whiteman
ball,1,3.1,Perth Scorchers,JP Inglis,MR Marsh,TS Rogers,0,0,,,,,,"",""
ball,1,3.2,Perth Scorchers,JP Inglis,MR Marsh,TS Rogers,0,0,,,,,,"",""
ball,1,3.3,Perth Scorchers,JP Inglis,MR Marsh,TS Rogers,1,0,,,,,,"",""
ball,1,3.4,Perth Scorchers,MR Marsh,JP Inglis,TS Rogers,0,0,,,,,,"",""
ball,1,3.5,Perth Scorchers,MR Marsh,JP Inglis,TS Rogers,0,0,,,,,,"",""
ball,1,3.6,Perth Scorchers,MR Marsh,JP Inglis,TS Rogers,0,0,,,,,,"",""
ball,1,4.1,Perth Scorchers,JP Inglis,MR Marsh,CA Rose,6,0,,,,,,"",""
ball,1,4.2,Perth Scorchers,JP Inglis,MR Marsh,CA Rose,4,0,,,,,,"",""
ball,1,4.3,Perth Scorchers,JP Inglis,MR Marsh,CA Rose,1,0,,,,,,"",""
ball,1,4.4,Perth Scorchers,MR Marsh,JP Inglis,CA Rose,1,0,,,,,,"",""
ball,1,4.5,Perth Scorchers,JP Inglis,MR Marsh,CA Rose,0,0,,,,,,"",""
ball,1,4.6,Perth Scorchers,JP Inglis,MR Marsh,CA Rose,0,0,,,,,,"",""
ball,1,5.1,Perth Scorchers,MR Marsh,JP Inglis,SM Boland,0,0,,,,,,"",""
ball,1,5.2,Perth Scorchers,MR Marsh,JP Inglis,SM Boland,6,0,,,,,,"",""
ball,1,5.3,Perth Scorchers,MR Marsh,JP Inglis,SM Boland,1,0,,,,,,"",""
ball,1,5.4,Perth Scorchers,JP Inglis,MR Marsh,SM Boland,0,0,,,,,,"",""
ball,1,5.5,Perth Scorchers,JP Inglis,MR Marsh,SM Boland,1,0,,,,,,"",""
ball,1,5.6,Perth Scorchers,MR Marsh,JP Inglis,SM Boland,0,0,,,,,,"",""
ball,1,6.1,Perth Scorchers,JP Inglis,MR Marsh,Qais Ahmad,2,0,,,,,,"",""
ball,1,6.2,Perth Scorchers,JP Inglis,MR Marsh,Qais Ahmad,0,0,,,,,,"",""
ball,1,6.3,Perth Scorchers,JP Inglis,MR Marsh,Qais Ahmad,4,0,,,,,,"",""
ball,1,6.4,Perth Scorchers,JP Inglis,MR Marsh,Qais Ahmad,1,0,,,,,,"",""
ball,1,6.5,Perth Scorchers,MR Marsh,JP Inglis,Qais Ahmad,1,0,,,,,,"",""
ball,1,6.6,Perth Scorchers,JP Inglis,MR Marsh,Qais Ahmad,1,0,,,,,,"",""
ball,1,7.1,Perth Scorchers,JP Inglis,MR Marsh,SM Boland,0,0,,,,,,"",""
ball,1,7.2,Perth Scorchers,JP Inglis,MR Marsh,SM Boland,6,0,,,,,,"",""
ball,1,7.3,Perth Scorchers,JP Inglis,MR Marsh,SM Boland,0,0,,,,,,"",""
ball,1,7.4,Perth Scorchers,JP Inglis,MR Marsh,SM Boland,2,0,,,,,,"",""
ball,1,7.5,Perth Scorchers,JP Inglis,MR Marsh,SM Boland,1,0,,,,,,"",""
ball,1,7.6,Perth Scorchers,MR Marsh,JP Inglis,SM Boland,1,0,,,,,,"",""
ball,1,8.1,Perth Scorchers,MR Marsh,JP Inglis,Qais Ahmad,1,0,,,,,,"",""
ball,1,8.2,Perth Scorchers,JP Inglis,MR Marsh,Qais Ahmad,2,0,,,,,,"",""
ball,1,8.3,Perth Scorchers,JP Inglis,MR Marsh,Qais Ahmad,6,0,,,,,,"",""
ball,1,8.4,Perth Scorchers,JP Inglis,MR Marsh,Qais Ahmad,1,0,,,,,,"",""
ball,1,8.5,Perth Scorchers,MR Marsh,JP Inglis,Qais Ahmad,2,0,,,,,,"",""
ball,1,8.6,Perth Scorchers,MR Marsh,JP Inglis,Qais Ahmad,4,0,,,,,,"",""
ball,1,9.1,Perth Scorchers,JP Inglis,MR Marsh,NT Ellis,1,0,,,,,,"",""
ball,1,9.2,Perth Scorchers,MR Marsh,JP Inglis,NT Ellis,1,0,,,,,,"",""
ball,1,9.3,Perth Scorchers,JP Inglis,MR Marsh,NT Ellis,2,0,,,,,,"",""
ball,1,9.4,Perth Scorchers,JP Inglis,MR Marsh,NT Ellis,1,0,,,,,,"",""
ball,1,9.5,Perth Scorchers,MR Marsh,JP Inglis,NT Ellis,2,0,,,,,,"",""
ball,1,9.6,Perth Scorchers,MR Marsh,JP Inglis,NT Ellis,1,0,,,,,,"",""
ball,1,10.1,Perth Scorchers,MR Marsh,JP Inglis,TS Rogers,4,0,,,,,,"",""
ball,1,10.2,Perth Scorchers,MR Marsh,JP Inglis,TS Rogers,0,1,1,,,,,"",""
ball,1,10.3,Perth Scorchers,MR Marsh,JP Inglis,TS Rogers,0,0,,,,,,"",""
ball,1,10.4,Perth Scorchers,MR Marsh,JP Inglis,TS Rogers,0,1,,,,1,,"",""
ball,1,10.5,Perth Scorchers,JP Inglis,MR Marsh,TS Rogers,1,0,,,,,,"",""
ball,1,10.6,Perth Scorchers,MR Marsh,JP Inglis,TS Rogers,4,0,,,,,,"",""
ball,1,10.7,Perth Scorchers,MR Marsh,JP Inglis,TS Rogers,2,0,,,,,,"",""
ball,1,11.1,Perth Scorchers,JP Inglis,MR Marsh,Qais Ahmad,0,0,,,,,,"",""
ball,1,11.2,Perth Scorchers,JP Inglis,MR Marsh,Qais Ahmad,1,0,,,,,,"",""
ball,1,11.3,Perth Scorchers,MR Marsh,JP Inglis,Qais Ahmad,1,0,,,,,,"",""
ball,1,11.4,Perth Scorchers,JP Inglis,MR Marsh,Qais Ahmad,2,0,,,,,,"",""
ball,1,11.5,Perth Scorchers,JP Inglis,MR Marsh,Qais Ahmad,4,0,,,,,,"",""
ball,1,11.6,Perth Scorchers,JP Inglis,MR Marsh,Qais Ahmad,1,0,,,,,,"",""
ball,1,12.1,Perth Scorchers,JP Inglis,MR Marsh,NT Ellis,1,0,,,,,,"",""
ball,1,12.2,Perth Scorchers,MR Marsh,JP Inglis,NT Ellis,1,0,,,,,,"",""
ball,1,12.3,Perth Scorchers,JP Inglis,MR Marsh,NT Ellis,6,0,,,,,,"",""
ball,1,12.4,Perth Scorchers,JP Inglis,MR Marsh,NT Ellis,0,0,,,,,,"",""
ball,1,12.5,Perth Scorchers,JP Inglis,MR Marsh,NT Ellis,1,0,,,,,,"",""
ball,1,12.6,Perth Scorchers,MR Marsh,JP Inglis,NT Ellis,1,0,,,,,,"",""
ball,1,13.1,Perth Scorchers,MR Marsh,JP Inglis,SM Boland,2,0,,,,,,"",""
ball,1,13.2,Perth Scorchers,MR Marsh,JP Inglis,SM Boland,2,0,,,,,,"",""
ball,1,13.3,Perth Scorchers,MR Marsh,JP Inglis,SM Boland,1,0,,,,,,"",""
ball,1,13.4,Perth Scorchers,JP Inglis,MR Marsh,SM Boland,4,0,,,,,,"",""
ball,1,13.5,Perth Scorchers,JP Inglis,MR Marsh,SM Boland,1,0,,,,,,"",""
ball,1,13.6,Perth Scorchers,MR Marsh,JP Inglis,SM Boland,0,1,1,,,,,"",""
ball,1,13.7,Perth Scorchers,MR Marsh,JP Inglis,SM Boland,1,0,,,,,,"",""
ball,1,14.1,Perth Scorchers,MR Marsh,JP Inglis,TS Rogers,0,1,1,,,,,"",""
ball,1,14.2,Perth Scorchers,MR Marsh,JP Inglis,TS Rogers,0,0,,,,,,caught,MR Marsh
ball,1,14.3,Perth Scorchers,JP Inglis,TH David,TS Rogers,0,1,1,,,,,"",""
ball,1,14.4,Perth Scorchers,JP Inglis,TH David,TS Rogers,1,0,,,,,,"",""
ball,1,14.5,Perth Scorchers,TH David,JP Inglis,TS Rogers,0,0,,,,,,"",""
ball,1,14.6,Perth Scorchers,TH David,JP Inglis,TS Rogers,2,0,,,,,,"",""
ball,1,14.7,Perth Scorchers,TH David,JP Inglis,TS Rogers,1,0,,,,,,"",""
ball,1,14.8,Perth Scorchers,JP Inglis,TH David,TS Rogers,1,0,,,,,,"",""
ball,1,15.1,Perth Scorchers,JP Inglis,TH David,Qais Ahmad,2,0,,,,,,"",""
ball,1,15.2,Perth Scorchers,JP Inglis,TH David,Qais Ahmad,0,0,,,,,,caught,JP Inglis
ball,1,15.3,Perth Scorchers,CT Bancroft,TH David,Qais Ahmad,0,0,,,,,,"",""
ball,1,15.4,Perth Scorchers,CT Bancroft,TH David,Qais Ahmad,0,0,,,,,,"",""
ball,1,15.5,Perth Scorchers,CT Bancroft,TH David,Qais Ahmad,0,0,,,,,,"",""
ball,1,15.6,Perth Scorchers,CT Bancroft,TH David,Qais Ahmad,1,0,,,,,,"",""
ball,1,16.1,Perth Scorchers,CT Bancroft,TH David,CA Rose,1,0,,,,,,"",""
ball,1,16.2,Perth Scorchers,TH David,CT Bancroft,CA Rose,0,0,,,,,,"",""
ball,1,16.3,Perth Scorchers,TH David,CT Bancroft,CA Rose,2,0,,,,,,"",""
ball,1,16.4,Perth Scorchers,TH David,CT Bancroft,CA Rose,0,0,,,,,,"",""
ball,1,16.5,Perth Scorchers,TH David,CT Bancroft,CA Rose,1,0,,,,,,"",""
ball,1,16.6,Perth Scorchers,CT Bancroft,TH David,CA Rose,4,0,,,,,,"",""
ball,1,17.1,Perth Scorchers,TH David,CT Bancroft,NT Ellis,2,0,,,,,,"",""
ball,1,17.2,Perth Scorchers,TH David,CT Bancroft,NT Ellis,0,0,,,,,,"",""
ball,1,17.3,Perth Scorchers,TH David,CT Bancroft,NT Ellis,4,0,,,,,,"",""
ball,1,17.4,Perth Scorchers,TH David,CT Bancroft,NT Ellis,0,0,,,,,,bowled,TH David
ball,1,17.5,Perth Scorchers,C Green,CT Bancroft,NT Ellis,1,0,,,,,,"",""
ball,1,17.6,Perth Scorchers,CT Bancroft,C Green,NT Ellis,1,0,,,,,,"",""
ball,1,18.1,Perth Scorchers,CT Bancroft,C Green,SM Boland,6,0,,,,,,"",""
ball,1,18.2,Perth Scorchers,CT Bancroft,C Green,SM Boland,1,0,,,,,,"",""
ball,1,18.3,Perth Scorchers,C Green,CT Bancroft,SM Boland,1,0,,,,,,"",""
ball,1,18.4,Perth Scorchers,CT Bancroft,C Green,SM Boland,0,0,,,,,,caught,CT Bancroft
ball,1,18.5,Perth Scorchers,C Green,CJ Jordan,SM Boland,4,0,,,,,,"",""
ball,1,18.6,Perth Scorchers,C Green,CJ Jordan,SM Boland,0,1,1,,,,,"",""
ball,1,18.7,Perth Scorchers,C Green,CJ Jordan,SM Boland,2,0,,,,,,"",""
ball,1,19.1,Perth Scorchers,CJ Jordan,C Green,NT Ellis,0,1,,,,1,,"",""
ball,1,19.2,Perth Scorchers,C Green,CJ Jordan,NT Ellis,1,0,,,,,,"",""
ball,1,19.3,Perth Scorchers,CJ Jordan,C Green,NT Ellis,0,2,,,2,,,"",""
ball,1,19.4,Perth Scorchers,CJ Jordan,C Green,NT Ellis,1,0,,,,,,"",""
ball,1,19.5,Perth Scorchers,C Green,CJ Jordan,NT Ellis,2,0,,,,,,"",""
ball,1,19.6,Perth Scorchers,C Green,CJ Jordan,NT Ellis,0,1,1,,,,,run out,CJ Jordan
ball,1,19.7,Perth Scorchers,C Green,JA Richardson,NT Ellis,2,0,,,,,,"",""
ball,2,0.1,Hobart Hurricanes,MS Wade,CP Jewell,TH David,1,0,,,,,,"",""
ball,2,0.2,Hobart Hurricanes,CP Jewell,MS Wade,TH David,1,0,,,,,,"",""
ball,2,0.3,Hobart Hurricanes,MS Wade,CP Jewell,TH David,0,0,,,,,,"",""
ball,2,0.4,Hobart Hurricanes,MS Wade,CP Jewell,TH David,1,0,,,,,,"",""
ball,2,0.5,Hobart Hurricanes,CP Jewell,MS Wade,TH David,0,0,,,,,,"",""
ball,2,0.6,Hobart Hurricanes,CP Jewell,MS Wade,TH David,0,0,,,,,,"",""
ball,2,1.1,Hobart Hurricanes,MS Wade,CP Jewell,JA Richardson,1,0,,,,,,"",""
ball,2,1.2,Hobart Hurricanes,CP Jewell,MS Wade,JA Richardson,1,0,,,,,,"",""
ball,2,1.3,Hobart Hurricanes,MS Wade,CP Jewell,JA Richardson,0,0,,,,,,caught,MS Wade
ball,2,1.4,Hobart Hurricanes,DA Miller,CP Jewell,JA Richardson,0,0,,,,,,"",""
ball,2,1.5,Hobart Hurricanes,DA Miller,CP Jewell,JA Richardson,0,0,,,,,,"",""
ball,2,1.6,Hobart Hurricanes,DA Miller,CP Jewell,JA Richardson,0,0,,,,,,caught,DA Miller
ball,2,2.1,Hobart Hurricanes,CP Jewell,GJ Bailey,JS Paris,0,0,,,,,,"",""
ball,2,2.2,Hobart Hurricanes,CP Jewell,GJ Bailey,JS Paris,4,0,,,,,,"",""
ball,2,2.3,Hobart Hurricanes,CP Jewell,GJ Bailey,JS Paris,0,0,,,,,,"",""
ball,2,2.4,Hobart Hurricanes,CP Jewell,GJ Bailey,JS Paris,1,0,,,,,,"",""
ball,2,2.5,Hobart Hurricanes,GJ Bailey,CP Jewell,JS Paris,0,0,,,,,,"",""
ball,2,2.6,Hobart Hurricanes,GJ Bailey,CP Jewell,JS Paris,0,0,,,,,,"",""
ball,2,3.1,Hobart Hurricanes,CP Jewell,GJ Bailey,JA Richardson,4,0,,,,,,"",""
ball,2,3.2,Hobart Hurricanes,CP Jewell,GJ Bailey,JA Richardson,1,0,,,,,,"",""
ball,2,3.3,Hobart Hurricanes,GJ Bailey,CP Jewell,JA Richardson,0,0,,,,,,"",""
ball,2,3.4,Hobart Hurricanes,GJ Bailey,CP Jewell,JA Richardson,0,0,,,,,,"",""
ball,2,3.5,Hobart Hurricanes,GJ Bailey,CP Jewell,JA Richardson,4,0,,,,,,"",""
ball,2,3.6,Hobart Hurricanes,GJ Bailey,CP Jewell,JA Richardson,0,0,,,,,,"",""
ball,2,4.1,Hobart Hurricanes,CP Jewell,GJ Bailey,CJ Jordan,1,0,,,,,,"",""
ball,2,4.2,Hobart Hurricanes,GJ Bailey,CP Jewell,CJ Jordan,4,0,,,,,,"",""
ball,2,4.3,Hobart Hurricanes,GJ Bailey,CP Jewell,CJ Jordan,0,0,,,,,,"",""
ball,2,4.4,Hobart Hurricanes,GJ Bailey,CP Jewell,CJ Jordan,1,0,,,,,,"",""
ball,2,4.5,Hobart Hurricanes,CP Jewell,GJ Bailey,CJ Jordan,2,0,,,,,,"",""
ball,2,4.6,Hobart Hurricanes,CP Jewell,GJ Bailey,CJ Jordan,1,0,,,,,,"",""
ball,2,5.1,Hobart Hurricanes,CP Jewell,GJ Bailey,JS Paris,1,0,,,,,,"",""
ball,2,5.2,Hobart Hurricanes,GJ Bailey,CP Jewell,JS Paris,1,0,,,,,,"",""
ball,2,5.3,Hobart Hurricanes,CP Jewell,GJ Bailey,JS Paris,0,0,,,,,,"",""
ball,2,5.4,Hobart Hurricanes,CP Jewell,GJ Bailey,JS Paris,1,0,,,,,,"",""
ball,2,5.5,Hobart Hurricanes,GJ Bailey,CP Jewell,JS Paris,0,0,,,,,,"",""
ball,2,5.6,Hobart Hurricanes,GJ Bailey,CP Jewell,JS Paris,4,0,,,,,,"",""
ball,2,6.1,Hobart Hurricanes,CP Jewell,GJ Bailey,MR Marsh,4,0,,,,,,"",""
ball,2,6.2,Hobart Hurricanes,CP Jewell,GJ Bailey,MR Marsh,0,0,,,,,,"",""
ball,2,6.3,Hobart Hurricanes,CP Jewell,GJ Bailey,MR Marsh,0,0,,,,,,"",""
ball,2,6.4,Hobart Hurricanes,CP Jewell,GJ Bailey,MR Marsh,0,0,,,,,,"",""
ball,2,6.5,Hobart Hurricanes,CP Jewell,GJ Bailey,MR Marsh,4,0,,,,,,"",""
ball,2,6.6,Hobart Hurricanes,CP Jewell,GJ Bailey,MR Marsh,1,0,,,,,,"",""
ball,2,7.1,Hobart Hurricanes,CP Jewell,GJ Bailey,Fawad Ahmed,1,0,,,,,,"",""
ball,2,7.2,Hobart Hurricanes,GJ Bailey,CP Jewell,Fawad Ahmed,1,0,,,,,,"",""
ball,2,7.3,Hobart Hurricanes,CP Jewell,GJ Bailey,Fawad Ahmed,0,0,,,,,,caught,CP Jewell
ball,2,7.4,Hobart Hurricanes,BR McDermott,GJ Bailey,Fawad Ahmed,0,0,,,,,,"",""
ball,2,7.5,Hobart Hurricanes,BR McDermott,GJ Bailey,Fawad Ahmed,0,0,,,,,,"",""
ball,2,7.6,Hobart Hurricanes,BR McDermott,GJ Bailey,Fawad Ahmed,1,0,,,,,,"",""
ball,2,8.1,Hobart Hurricanes,BR McDermott,GJ Bailey,MR Marsh,0,0,,,,,,lbw,BR McDermott
ball,2,8.2,Hobart Hurricanes,S Milenko,GJ Bailey,MR Marsh,0,0,,,,,,"",""
ball,2,8.3,Hobart Hurricanes,S Milenko,GJ Bailey,MR Marsh,4,0,,,,,,"",""
ball,2,8.4,Hobart Hurricanes,S Milenko,GJ Bailey,MR Marsh,0,0,,,,,,"",""
ball,2,8.5,Hobart Hurricanes,S Milenko,GJ Bailey,MR Marsh,1,0,,,,,,"",""
ball,2,8.6,Hobart Hurricanes,GJ Bailey,S Milenko,MR Marsh,0,0,,,,,,"",""
ball,2,9.1,Hobart Hurricanes,S Milenko,GJ Bailey,Fawad Ahmed,1,0,,,,,,"",""
ball,2,9.2,Hobart Hurricanes,GJ Bailey,S Milenko,Fawad Ahmed,0,0,,,,,,"",""
ball,2,9.3,Hobart Hurricanes,GJ Bailey,S Milenko,Fawad Ahmed,1,0,,,,,,"",""
ball,2,9.4,Hobart Hurricanes,S Milenko,GJ Bailey,Fawad Ahmed,1,0,,,,,,"",""
ball,2,9.5,Hobart Hurricanes,GJ Bailey,S Milenko,Fawad Ahmed,1,0,,,,,,"",""
ball,2,9.6,Hobart Hurricanes,S Milenko,GJ Bailey,Fawad Ahmed,0,0,,,,,,"",""
ball,2,10.1,Hobart Hurricanes,GJ Bailey,S Milenko,JS Paris,4,0,,,,,,"",""
ball,2,10.2,Hobart Hurricanes,GJ Bailey,S Milenko,JS Paris,1,0,,,,,,"",""
ball,2,10.3,Hobart Hurricanes,S Milenko,GJ Bailey,JS Paris,2,0,,,,,,"",""
ball,2,10.4,Hobart Hurricanes,S Milenko,GJ Bailey,JS Paris,6,0,,,,,,"",""
ball,2,10.5,Hobart Hurricanes,S Milenko,GJ Bailey,JS Paris,1,0,,,,,,"",""
ball,2,10.6,Hobart Hurricanes,GJ Bailey,S Milenko,JS Paris,1,0,,,,,,"",""
ball,2,11.1,Hobart Hurricanes,GJ Bailey,S Milenko,Fawad Ahmed,1,0,,,,,,"",""
ball,2,11.2,Hobart Hurricanes,S Milenko,GJ Bailey,Fawad Ahmed,0,0,,,,,,"",""
ball,2,11.3,Hobart Hurricanes,S Milenko,GJ Bailey,Fawad Ahmed,0,0,,,,,,"",""
ball,2,11.4,Hobart Hurricanes,S Milenko,GJ Bailey,Fawad Ahmed,2,0,,,,,,"",""
ball,2,11.5,Hobart Hurricanes,S Milenko,GJ Bailey,Fawad Ahmed,1,0,,,,,,"",""
ball,2,11.6,Hobart Hurricanes,GJ Bailey,S Milenko,Fawad Ahmed,1,0,,,,,,"",""
ball,2,12.1,Hobart Hurricanes,GJ Bailey,S Milenko,CJ Jordan,4,0,,,,,,"",""
ball,2,12.2,Hobart Hurricanes,GJ Bailey,S Milenko,CJ Jordan,1,0,,,,,,"",""
ball,2,12.3,Hobart Hurricanes,S Milenko,GJ Bailey,CJ Jordan,0,0,,,,,,bowled,S Milenko
ball,2,12.4,Hobart Hurricanes,CA Rose,GJ Bailey,CJ Jordan,0,0,,,,,,"",""
ball,2,12.5,Hobart Hurricanes,CA Rose,GJ Bailey,CJ Jordan,1,0,,,,,,"",""
ball,2,12.6,Hobart Hurricanes,GJ Bailey,CA Rose,CJ Jordan,1,0,,,,,,"",""
ball,2,13.1,Hobart Hurricanes,GJ Bailey,CA Rose,Fawad Ahmed,1,0,,,,,,"",""
ball,2,13.2,Hobart Hurricanes,CA Rose,GJ Bailey,Fawad Ahmed,0,0,,,,,,bowled,CA Rose
ball,2,13.3,Hobart Hurricanes,TS Rogers,GJ Bailey,Fawad Ahmed,0,0,,,,,,"",""
ball,2,13.4,Hobart Hurricanes,TS Rogers,GJ Bailey,Fawad Ahmed,1,0,,,,,,"",""
ball,2,13.5,Hobart Hurricanes,GJ Bailey,TS Rogers,Fawad Ahmed,1,0,,,,,,"",""
ball,2,13.6,Hobart Hurricanes,TS Rogers,GJ Bailey,Fawad Ahmed,0,0,,,,,,"",""
ball,2,14.1,Hobart Hurricanes,GJ Bailey,TS Rogers,JA Richardson,1,0,,,,,,"",""
ball,2,14.2,Hobart Hurricanes,TS Rogers,GJ Bailey,JA Richardson,4,0,,,,,,"",""
ball,2,14.3,Hobart Hurricanes,TS Rogers,GJ Bailey,JA Richardson,0,0,,,,,,"",""
ball,2,14.4,Hobart Hurricanes,TS Rogers,GJ Bailey,JA Richardson,0,0,,,,,,caught,TS Rogers
ball,2,14.5,Hobart Hurricanes,GJ Bailey,NT Ellis,JA Richardson,1,0,,,,,,"",""
ball,2,14.6,Hobart Hurricanes,NT Ellis,GJ Bailey,JA Richardson,0,0,,,,,,bowled,NT Ellis
ball,2,15.1,Hobart Hurricanes,GJ Bailey,Qais Ahmad,LS Livingstone,1,0,,,,,,"",""
ball,2,15.2,Hobart Hurricanes,Qais Ahmad,GJ Bailey,LS Livingstone,1,0,,,,,,"",""
ball,2,15.3,Hobart Hurricanes,GJ Bailey,Qais Ahmad,LS Livingstone,0,0,,,,,,caught,GJ Bailey
ball,2,15.4,Hobart Hurricanes,Qais Ahmad,SM Boland,LS Livingstone,1,0,,,,,,"",""
ball,2,15.5,Hobart Hurricanes,SM Boland,Qais Ahmad,LS Livingstone,0,0,,,,,,"",""
ball,2,15.6,Hobart Hurricanes,SM Boland,Qais Ahmad,LS Livingstone,1,0,,,,,,"",""
ball,2,16.1,Hobart Hurricanes,SM Boland,Qais Ahmad,JA Richardson,1,0,,,,,,"",""
ball,2,16.2,Hobart Hurricanes,Qais Ahmad,SM Boland,JA Richardson,0,0,,,,,,"",""
ball,2,16.3,Hobart Hurricanes,Qais Ahmad,SM Boland,JA Richardson,0,0,,,,,,"",""
ball,2,16.4,Hobart Hurricanes,Qais Ahmad,SM Boland,JA Richardson,0,0,,,,,,"",""
ball,2,16.5,Hobart Hurricanes,Qais Ahmad,SM Boland,JA Richardson,1,0,,,,,,"",""
ball,2,16.6,Hobart Hurricanes,SM Boland,Qais Ahmad,JA Richardson,0,0,,,,,,"",""
ball,2,17.1,Hobart Hurricanes,Qais Ahmad,SM Boland,LS Livingstone,0,0,,,,,,caught,Qais Ahmad
