version,1.6.0
info,balls_per_over,6
info,team,Adelaide Strikers
info,team,Brisbane Heat
info,gender,male
info,season,2019/20
info,date,2020/01/17
info,event,Big Bash League
info,match_number,40
info,venue,Adelaide Oval
info,city,Adelaide
info,toss_winner,Brisbane Heat
info,toss_decision,bat
info,player_of_match,LN O'Connor
info,umpire,PJ Gillespie
info,umpire,SAJ Craig
info,reserve_umpire,C Thomas
info,tv_umpire,JD Ward
info,match_referee,PL Marshall
info,winner,Adelaide Strikers
info,winner_wickets,10
info,player,Brisbane Heat,M Bryant
info,player,Brisbane Heat,CA Lynn
info,player,Brisbane Heat,AB de Villiers
info,player,Brisbane Heat,MT Renshaw
info,player,Brisbane Heat,JA Burns
info,player,Brisbane Heat,JJ Peirson
info,player,Brisbane Heat,BCJ Cutting
info,player,Brisbane Heat,JK Lalor
info,player,Brisbane Heat,MJ Swepson
info,player,Brisbane Heat,B Laughlin
info,player,Brisbane Heat,Mujeeb Ur Rahman
info,player,Adelaide Strikers,PD Salt
info,player,Adelaide Strikers,J Weatherald
info,player,Adelaide Strikers,TM Head
info,player,Adelaide Strikers,JW Wells
info,player,Adelaide Strikers,MW Short
info,player,Adelaide Strikers,HJ Nielsen
info,player,Adelaide Strikers,MG Neser
info,player,Adelaide Strikers,Rashid Khan
info,player,Adelaide Strikers,PM Siddle
info,player,Adelaide Strikers,WA Agar
info,player,Adelaide Strikers,LN O'Connor
info,registry,people,AB de Villiers,c4487b84
info,registry,people,B Laughlin,b2a79f17
info,registry,people,BCJ Cutting,2e11c706
info,registry,people,C Thomas,68664af7
info,registry,people,CA Lynn,45eda7c8
info,registry,people,HJ Nielsen,0ea1455a
info,registry,people,J Weatherald,edc7ddb6
info,registry,people,JA Burns,7a5f232a
info,registry,people,JD Ward,511299c1
info,registry,people,JJ Peirson,2b55c3b4
info,registry,people,JK Lalor,88209c84
info,registry,people,JW Wells,8bdac857
info,registry,people,LN O'Connor,5456bd0c
info,registry,people,M Bryant,f32012f4
info,registry,people,MG Neser,0164b064
info,registry,people,MJ Swepson,86b4bf88
info,registry,people,MT Renshaw,218d4d78
info,registry,people,MW Short,a90e53ec
info,registry,people,Mujeeb Ur Rahman,7d92277a
info,registry,people,PD Salt,3d284ca3
info,registry,people,PJ Gillespie,3e253a50
info,registry,people,PL Marshall,c1ca6df3
info,registry,people,PM Siddle,bd93fea4
info,registry,people,Rashid Khan,5f547c8b
info,registry,people,SAJ Craig,689f2eed
info,registry,people,TM Head,12b610c2
info,registry,people,WA Agar,15de1f5d
ball,1,0.1,Brisbane Heat,M Bryant,CA Lynn,MG Neser,0,0,,,,,,"",""
ball,1,0.2,Brisbane Heat,M Bryant,CA Lynn,MG Neser,0,1,,,,1,,"",""
ball,1,0.3,Brisbane Heat,CA Lynn,M Bryant,MG Neser,0,0,,,,,,"",""
ball,1,0.4,Brisbane Heat,CA Lynn,M Bryant,MG Neser,1,0,,,,,,"",""
ball,1,0.5,Brisbane Heat,M Bryant,CA Lynn,MG Neser,1,0,,,,,,"",""
ball,1,0.6,Brisbane Heat,CA Lynn,M Bryant,MG Neser,1,0,,,,,,"",""
ball,1,1.1,Brisbane Heat,CA Lynn,M Bryant,Rashid Khan,0,0,,,,,,"",""
ball,1,1.2,Brisbane Heat,CA Lynn,M Bryant,Rashid Khan,0,0,,,,,,"",""
ball,1,1.3,Brisbane Heat,CA Lynn,M Bryant,Rashid Khan,0,1,1,,,,,"",""
ball,1,1.4,Brisbane Heat,CA Lynn,M Bryant,Rashid Khan,4,0,,,,,,"",""
ball,1,1.5,Brisbane Heat,CA Lynn,M Bryant,Rashid Khan,0,0,,,,,,"",""
ball,1,1.6,Brisbane Heat,CA Lynn,M Bryant,Rashid Khan,0,0,,,,,,"",""
ball,1,1.7,Brisbane Heat,CA Lynn,M Bryant,Rashid Khan,0,0,,,,,,"",""
ball,1,2.1,Brisbane Heat,M Bryant,CA Lynn,PM Siddle,0,0,,,,,,"",""
ball,1,2.2,Brisbane Heat,M Bryant,CA Lynn,PM Siddle,0,0,,,,,,caught,M Bryant
ball,1,2.3,Brisbane Heat,AB de Villiers,CA Lynn,PM Siddle,1,0,,,,,,"",""
ball,1,2.4,Brisbane Heat,CA Lynn,AB de Villiers,PM Siddle,1,0,,,,,,"",""
ball,1,2.5,Brisbane Heat,AB de Villiers,CA Lynn,PM Siddle,1,0,,,,,,"",""
ball,1,2.6,Brisbane Heat,CA Lynn,AB de Villiers,PM Siddle,6,0,,,,,,"",""
ball,1,3.1,Brisbane Heat,AB de Villiers,CA Lynn,MG Neser,0,0,,,,,,caught,AB de Villiers
ball,1,3.2,Brisbane Heat,MT Renshaw,CA Lynn,MG Neser,1,0,,,,,,"",""
ball,1,3.3,Brisbane Heat,CA Lynn,MT Renshaw,MG Neser,0,0,,,,,,"",""
ball,1,3.4,Brisbane Heat,CA Lynn,MT Renshaw,MG Neser,0,1,,,,1,,"",""
ball,1,3.5,Brisbane Heat,MT Renshaw,CA Lynn,MG Neser,0,1,1,,,,,"",""
ball,1,3.6,Brisbane Heat,MT Renshaw,CA Lynn,MG Neser,4,0,,,,,,"",""
ball,1,3.7,Brisbane Heat,MT Renshaw,CA Lynn,MG Neser,2,0,,,,,,"",""
ball,1,4.1,Brisbane Heat,CA Lynn,MT Renshaw,PM Siddle,1,0,,,,,,"",""
ball,1,4.2,Brisbane Heat,MT Renshaw,CA Lynn,PM Siddle,4,0,,,,,,"",""
ball,1,4.3,Brisbane Heat,MT Renshaw,CA Lynn,PM Siddle,0,0,,,,,,"",""
ball,1,4.4,Brisbane Heat,MT Renshaw,CA Lynn,PM Siddle,0,0,,,,,,"",""
ball,1,4.5,Brisbane Heat,MT Renshaw,CA Lynn,PM Siddle,4,0,,,,,,"",""
ball,1,4.6,Brisbane Heat,MT Renshaw,CA Lynn,PM Siddle,1,0,,,,,,"",""
ball,1,5.1,Brisbane Heat,MT Renshaw,CA Lynn,Rashid Khan,0,0,,,,,,"",""
ball,1,5.2,Brisbane Heat,MT Renshaw,CA Lynn,Rashid Khan,1,0,,,,,,"",""
ball,1,5.3,Brisbane Heat,CA Lynn,MT Renshaw,Rashid Khan,4,0,,,,,,"",""
ball,1,5.4,Brisbane Heat,CA Lynn,MT Renshaw,Rashid Khan,0,0,,,,,,"",""
ball,1,5.5,Brisbane Heat,CA Lynn,MT Renshaw,Rashid Khan,0,1,,,,1,,"",""
ball,1,5.6,Brisbane Heat,MT Renshaw,CA Lynn,Rashid Khan,0,0,,,,,,"",""
ball,1,6.1,Brisbane Heat,CA Lynn,MT Renshaw,WA Agar,0,0,,,,,,"",""
ball,1,6.2,Brisbane Heat,CA Lynn,MT Renshaw,WA Agar,2,0,,,,,,"",""
ball,1,6.3,Brisbane Heat,CA Lynn,MT Renshaw,WA Agar,4,0,,,,,,"",""
ball,1,6.4,Brisbane Heat,CA Lynn,MT Renshaw,WA Agar,2,0,,,,,,"",""
ball,1,6.5,Brisbane Heat,CA Lynn,MT Renshaw,WA Agar,0,1,1,,,,,"",""
ball,1,6.6,Brisbane Heat,CA Lynn,MT Renshaw,WA Agar,0,0,,,,,,"",""
ball,1,6.7,Brisbane Heat,CA Lynn,MT Renshaw,WA Agar,0,0,,,,,,"",""
ball,1,7.1,Brisbane Heat,MT Renshaw,CA Lynn,LN O'Connor,1,0,,,,,,"",""
ball,1,7.2,Brisbane Heat,CA Lynn,MT Renshaw,LN O'Connor,0,0,,,,,,caught,CA Lynn
ball,1,7.3,Brisbane Heat,MT Renshaw,JA Burns,LN O'Connor,1,0,,,,,,"",""
ball,1,7.4,Brisbane Heat,JA Burns,MT Renshaw,LN O'Connor,1,0,,,,,,"",""
ball,1,7.5,Brisbane Heat,MT Renshaw,JA Burns,LN O'Connor,4,0,,,,,,"",""
ball,1,7.6,Brisbane Heat,MT Renshaw,JA Burns,LN O'Connor,0,0,,,,,,"",""
ball,1,8.1,Brisbane Heat,JA Burns,MT Renshaw,TM Head,2,0,,,,,,"",""
ball,1,8.2,Brisbane Heat,JA Burns,MT Renshaw,TM Head,0,0,,,,,,caught,JA Burns
ball,1,8.3,Brisbane Heat,MT Renshaw,JJ Peirson,TM Head,0,0,,,,,,"",""
ball,1,8.4,Brisbane Heat,MT Renshaw,JJ Peirson,TM Head,1,0,,,,,,"",""
ball,1,8.5,Brisbane Heat,JJ Peirson,MT Renshaw,TM Head,0,0,,,,,,"",""
ball,1,8.6,Brisbane Heat,JJ Peirson,MT Renshaw,TM Head,1,0,,,,,,"",""
ball,1,9.1,Brisbane Heat,JJ Peirson,MT Renshaw,LN O'Connor,2,0,,,,,,"",""
ball,1,9.2,Brisbane Heat,JJ Peirson,MT Renshaw,LN O'Connor,0,0,,,,,,caught,JJ Peirson
ball,1,9.3,Brisbane Heat,BCJ Cutting,MT Renshaw,LN O'Connor,1,0,,,,,,"",""
ball,1,9.4,Brisbane Heat,MT Renshaw,BCJ Cutting,LN O'Connor,2,0,,,,,,"",""
ball,1,9.5,Brisbane Heat,MT Renshaw,BCJ Cutting,LN O'Connor,1,0,,,,,,"",""
ball,1,9.6,Brisbane Heat,BCJ Cutting,MT Renshaw,LN O'Connor,0,0,,,,,,"",""
ball,1,10.1,Brisbane Heat,MT Renshaw,BCJ Cutting,Rashid Khan,1,0,,,,,,"",""
ball,1,10.2,Brisbane Heat,BCJ Cutting,MT Renshaw,Rashid Khan,0,0,,,,,,"",""
ball,1,10.3,Brisbane Heat,BCJ Cutting,MT Renshaw,Rashid Khan,0,0,,,,,,"",""
ball,1,10.4,Brisbane Heat,BCJ Cutting,MT Renshaw,Rashid Khan,1,0,,,,,,"",""
ball,1,10.5,Brisbane Heat,MT Renshaw,BCJ Cutting,Rashid Khan,1,0,,,,,,"",""
ball,1,10.6,Brisbane Heat,BCJ Cutting,MT Renshaw,Rashid Khan,1,0,,,,,,"",""
ball,1,11.1,Brisbane Heat,BCJ Cutting,MT Renshaw,LN O'Connor,2,0,,,,,,"",""
ball,1,11.2,Brisbane Heat,BCJ Cutting,MT Renshaw,LN O'Connor,0,0,,,,,,"",""
ball,1,11.3,Brisbane Heat,BCJ Cutting,MT Renshaw,LN O'Connor,1,0,,,,,,"",""
ball,1,11.4,Brisbane Heat,MT Renshaw,BCJ Cutting,LN O'Connor,4,0,,,,,,"",""
ball,1,11.5,Brisbane Heat,MT Renshaw,BCJ Cutting,LN O'Connor,0,0,,,,,,"",""
ball,1,11.6,Brisbane Heat,MT Renshaw,BCJ Cutting,LN O'Connor,4,0,,,,,,"",""
ball,1,12.1,Brisbane Heat,BCJ Cutting,MT Renshaw,WA Agar,1,0,,,,,,"",""
ball,1,12.2,Brisbane Heat,MT Renshaw,BCJ Cutting,WA Agar,1,0,,,,,,"",""
ball,1,12.3,Brisbane Heat,BCJ Cutting,MT Renshaw,WA Agar,1,0,,,,,,"",""
ball,1,12.4,Brisbane Heat,MT Renshaw,BCJ Cutting,WA Agar,0,0,,,,,,"",""
ball,1,12.5,Brisbane Heat,MT Renshaw,BCJ Cutting,WA Agar,1,0,,,,,,"",""
ball,1,12.6,Brisbane Heat,BCJ Cutting,MT Renshaw,WA Agar,1,0,,,,,,"",""
ball,1,13.1,Brisbane Heat,BCJ Cutting,MT Renshaw,LN O'Connor,0,0,,,,,,caught,BCJ Cutting
ball,1,13.2,Brisbane Heat,JK Lalor,MT Renshaw,LN O'Connor,1,0,,,,,,"",""
ball,1,13.3,Brisbane Heat,MT Renshaw,JK Lalor,LN O'Connor,1,0,,,,,,"",""
ball,1,13.4,Brisbane Heat,JK Lalor,MT Renshaw,LN O'Connor,1,0,,,,,,"",""
ball,1,13.5,Brisbane Heat,MT Renshaw,JK Lalor,LN O'Connor,2,0,,,,,,"",""
ball,1,13.6,Brisbane Heat,MT Renshaw,JK Lalor,LN O'Connor,1,0,,,,,,"",""
ball,1,14.1,Brisbane Heat,MT Renshaw,JK Lalor,MG Neser,0,0,,,,,,caught,MT Renshaw
ball,1,14.2,Brisbane Heat,JK Lalor,MJ Swepson,MG Neser,0,0,,,,,,"",""
ball,1,14.3,Brisbane Heat,JK Lalor,MJ Swepson,MG Neser,1,0,,,,,,"",""
ball,1,14.4,Brisbane Heat,MJ Swepson,JK Lalor,MG Neser,1,0,,,,,,"",""
ball,1,14.5,Brisbane Heat,JK Lalor,MJ Swepson,MG Neser,0,0,,,,,,"",""
ball,1,14.6,Brisbane Heat,JK Lalor,MJ Swepson,MG Neser,1,0,,,,,,"",""
ball,1,15.1,Brisbane Heat,JK Lalor,MJ Swepson,Rashid Khan,0,0,,,,,,"",""
ball,1,15.2,Brisbane Heat,JK Lalor,MJ Swepson,Rashid Khan,0,0,,,,,,bowled,JK Lalor
ball,1,15.3,Brisbane Heat,B Laughlin,MJ Swepson,Rashid Khan,0,0,,,,,,"",""
ball,1,15.4,Brisbane Heat,B Laughlin,MJ Swepson,Rashid Khan,1,0,,,,,,"",""
ball,1,15.5,Brisbane Heat,MJ Swepson,B Laughlin,Rashid Khan,0,0,,,,,,"",""
ball,1,15.6,Brisbane Heat,MJ Swepson,B Laughlin,Rashid Khan,0,0,,,,,,"",""
ball,1,16.1,Brisbane Heat,B Laughlin,MJ Swepson,WA Agar,0,0,,,,,,bowled,B Laughlin
ball,1,16.2,Brisbane Heat,Mujeeb Ur Rahman,MJ Swepson,WA Agar,0,0,,,,,,"",""
ball,1,16.3,Brisbane Heat,Mujeeb Ur Rahman,MJ Swepson,WA Agar,1,0,,,,,,"",""
ball,1,16.4,Brisbane Heat,MJ Swepson,Mujeeb Ur Rahman,WA Agar,0,0,,,,,,"",""
ball,1,16.5,Brisbane Heat,MJ Swepson,Mujeeb Ur Rahman,WA Agar,0,0,,,,,,"",""
ball,1,16.6,Brisbane Heat,MJ Swepson,Mujeeb Ur Rahman,WA Agar,0,0,,,,,,bowled,MJ Swepson
ball,2,0.1,Adelaide Strikers,PD Salt,J Weatherald,JK Lalor,0,0,,,,,,"",""
ball,2,0.2,Adelaide Strikers,PD Salt,J Weatherald,JK Lalor,0,0,,,,,,"",""
ball,2,0.3,Adelaide Strikers,PD Salt,J Weatherald,JK Lalor,2,0,,,,,,"",""
ball,2,0.4,Adelaide Strikers,PD Salt,J Weatherald,JK Lalor,0,0,,,,,,"",""
ball,2,0.5,Adelaide Strikers,PD Salt,J Weatherald,JK Lalor,1,0,,,,,,"",""
ball,2,0.6,Adelaide Strikers,J Weatherald,PD Salt,JK Lalor,0,0,,,,,,"",""
ball,2,1.1,Adelaide Strikers,PD Salt,J Weatherald,Mujeeb Ur Rahman,0,0,,,,,,"",""
ball,2,1.2,Adelaide Strikers,PD Salt,J Weatherald,Mujeeb Ur Rahman,4,0,,,,,,"",""
ball,2,1.3,Adelaide Strikers,PD Salt,J Weatherald,Mujeeb Ur Rahman,1,0,,,,,,"",""
ball,2,1.4,Adelaide Strikers,J Weatherald,PD Salt,Mujeeb Ur Rahman,4,0,,,,,,"",""
ball,2,1.5,Adelaide Strikers,J Weatherald,PD Salt,Mujeeb Ur Rahman,0,0,,,,,,"",""
ball,2,1.6,Adelaide Strikers,J Weatherald,PD Salt,Mujeeb Ur Rahman,4,0,,,,,,"",""
ball,2,2.1,Adelaide Strikers,PD Salt,J Weatherald,JK Lalor,0,0,,,,,,"",""
ball,2,2.2,Adelaide Strikers,PD Salt,J Weatherald,JK Lalor,0,0,,,,,,"",""
ball,2,2.3,Adelaide Strikers,PD Salt,J Weatherald,JK Lalor,0,0,,,,,,"",""
ball,2,2.4,Adelaide Strikers,PD Salt,J Weatherald,JK Lalor,0,0,,,,,,"",""
ball,2,2.5,Adelaide Strikers,PD Salt,J Weatherald,JK Lalor,0,0,,,,,,"",""
ball,2,2.6,Adelaide Strikers,PD Salt,J Weatherald,JK Lalor,0,0,,,,,,"",""
ball,2,3.1,Adelaide Strikers,J Weatherald,PD Salt,Mujeeb Ur Rahman,1,0,,,,,,"",""
ball,2,3.2,Adelaide Strikers,PD Salt,J Weatherald,Mujeeb Ur Rahman,4,0,,,,,,"",""
ball,2,3.3,Adelaide Strikers,PD Salt,J Weatherald,Mujeeb Ur Rahman,0,4,,,4,,,"",""
ball,2,3.4,Adelaide Strikers,PD Salt,J Weatherald,Mujeeb Ur Rahman,1,0,,,,,,"",""
ball,2,3.5,Adelaide Strikers,J Weatherald,PD Salt,Mujeeb Ur Rahman,0,0,,,,,,"",""
ball,2,3.6,Adelaide Strikers,J Weatherald,PD Salt,Mujeeb Ur Rahman,0,0,,,,,,"",""
ball,2,4.1,Adelaide Strikers,PD Salt,J Weatherald,B Laughlin,1,0,,,,,,"",""
ball,2,4.2,Adelaide Strikers,J Weatherald,PD Salt,B Laughlin,0,0,,,,,,"",""
ball,2,4.3,Adelaide Strikers,J Weatherald,PD Salt,B Laughlin,4,0,,,,,,"",""
ball,2,4.4,Adelaide Strikers,J Weatherald,PD Salt,B Laughlin,0,0,,,,,,"",""
ball,2,4.5,Adelaide Strikers,J Weatherald,PD Salt,B Laughlin,0,0,,,,,,"",""
ball,2,4.6,Adelaide Strikers,J Weatherald,PD Salt,B Laughlin,4,0,,,,,,"",""
ball,2,5.1,Adelaide Strikers,PD Salt,J Weatherald,Mujeeb Ur Rahman,1,0,,,,,,"",""
ball,2,5.2,Adelaide Strikers,J Weatherald,PD Salt,Mujeeb Ur Rahman,4,0,,,,,,"",""
ball,2,5.3,Adelaide Strikers,J Weatherald,PD Salt,Mujeeb Ur Rahman,0,0,,,,,,"",""
ball,2,5.4,Adelaide Strikers,J Weatherald,PD Salt,Mujeeb Ur Rahman,4,0,,,,,,"",""
ball,2,5.5,Adelaide Strikers,J Weatherald,PD Salt,Mujeeb Ur Rahman,0,0,,,,,,"",""
ball,2,5.6,Adelaide Strikers,J Weatherald,PD Salt,Mujeeb Ur Rahman,1,0,,,,,,"",""
ball,2,6.1,Adelaide Strikers,J Weatherald,PD Salt,MJ Swepson,1,0,,,,,,"",""
ball,2,6.2,Adelaide Strikers,PD Salt,J Weatherald,MJ Swepson,1,0,,,,,,"",""
ball,2,6.3,Adelaide Strikers,J Weatherald,PD Salt,MJ Swepson,1,0,,,,,,"",""
ball,2,6.4,Adelaide Strikers,PD Salt,J Weatherald,MJ Swepson,1,0,,,,,,"",""
ball,2,6.5,Adelaide Strikers,J Weatherald,PD Salt,MJ Swepson,0,0,,,,,,"",""
ball,2,6.6,Adelaide Strikers,J Weatherald,PD Salt,MJ Swepson,0,0,,,,,,"",""
ball,2,7.1,Adelaide Strikers,PD Salt,J Weatherald,B Laughlin,1,0,,,,,,"",""
ball,2,7.2,Adelaide Strikers,J Weatherald,PD Salt,B Laughlin,1,0,,,,,,"",""
ball,2,7.3,Adelaide Strikers,PD Salt,J Weatherald,B Laughlin,0,0,,,,,,"",""
ball,2,7.4,Adelaide Strikers,PD Salt,J Weatherald,B Laughlin,4,0,,,,,,"",""
ball,2,7.5,Adelaide Strikers,PD Salt,J Weatherald,B Laughlin,1,0,,,,,,"",""
ball,2,7.6,Adelaide Strikers,J Weatherald,PD Salt,B Laughlin,0,0,,,,,,"",""
ball,2,8.1,Adelaide Strikers,PD Salt,J Weatherald,MJ Swepson,6,0,,,,,,"",""
ball,2,8.2,Adelaide Strikers,PD Salt,J Weatherald,MJ Swepson,1,0,,,,,,"",""
ball,2,8.3,Adelaide Strikers,J Weatherald,PD Salt,MJ Swepson,2,0,,,,,,"",""
ball,2,8.4,Adelaide Strikers,J Weatherald,PD Salt,MJ Swepson,1,0,,,,,,"",""
ball,2,8.5,Adelaide Strikers,PD Salt,J Weatherald,MJ Swepson,1,0,,,,,,"",""
ball,2,8.6,Adelaide Strikers,J Weatherald,PD Salt,MJ Swepson,0,0,,,,,,"",""
ball,2,9.1,Adelaide Strikers,PD Salt,J Weatherald,JK Lalor,6,0,,,,,,"",""
ball,2,9.2,Adelaide Strikers,PD Salt,J Weatherald,JK Lalor,0,0,,,,,,"",""
ball,2,9.3,Adelaide Strikers,PD Salt,J Weatherald,JK Lalor,2,0,,,,,,"",""
ball,2,9.4,Adelaide Strikers,PD Salt,J Weatherald,JK Lalor,6,0,,,,,,"",""
ball,2,9.5,Adelaide Strikers,PD Salt,J Weatherald,JK Lalor,4,0,,,,,,"",""
ball,2,9.6,Adelaide Strikers,PD Salt,J Weatherald,JK Lalor,1,0,,,,,,"",""
ball,2,10.1,Adelaide Strikers,PD Salt,J Weatherald,Mujeeb Ur Rahman,1,0,,,,,,"",""
ball,2,10.2,Adelaide Strikers,J Weatherald,PD Salt,Mujeeb Ur Rahman,1,0,,,,,,"",""
ball,2,10.3,Adelaide Strikers,PD Salt,J Weatherald,Mujeeb Ur Rahman,4,0,,,,,,"",""
ball,2,10.4,Adelaide Strikers,PD Salt,J Weatherald,Mujeeb Ur Rahman,6,0,,,,,,"",""
ball,2,10.5,Adelaide Strikers,PD Salt,J Weatherald,Mujeeb Ur Rahman,6,0,,,,,,"",""
