version,1.6.0
info,balls_per_over,6
info,team,Adelaide Strikers
info,team,Sydney Sixers
info,gender,male
info,season,2019/20
info,date,2020/01/08
info,event,Big Bash League
info,match_number,27
info,venue,Adelaide Oval
info,city,Adelaide
info,toss_winner,Sydney Sixers
info,toss_decision,field
info,player_of_match,TK Curran
info,umpire,SD Fry
info,umpire,MW Graham-Smith
info,reserve_umpire,Harsimran Singh
info,tv_umpire,BC Treloar
info,match_referee,DJ Harper
info,winner,Sydney Sixers
info,winner_wickets,2
info,player,Adelaide Strikers,PD Salt
info,player,Adelaide Strikers,J Weatherald
info,player,Adelaide Strikers,MW Short
info,player,Adelaide Strikers,AT Carey
info,player,Adelaide Strikers,JW Wells
info,player,Adelaide Strikers,MG Neser
info,player,Adelaide Strikers,Rashid Khan
info,player,Adelaide Strikers,C Valente
info,player,Adelaide Strikers,PM Siddle
info,player,Adelaide Strikers,HNA Conway
info,player,Adelaide Strikers,B Stanlake
info,player,Sydney Sixers,JR Philippe
info,player,Sydney Sixers,J Avendano
info,player,Sydney Sixers,DP Hughes
info,player,Sydney Sixers,JM Vince
info,player,Sydney Sixers,JC Silk
info,player,Sydney Sixers,J Edwards
info,player,Sydney Sixers,TK Curran
info,player,Sydney Sixers,BJ Dwarshuis
info,player,Sydney Sixers,JM Bird
info,player,Sydney Sixers,JR Hazlewood
info,player,Sydney Sixers,L Pope
info,registry,people,AT Carey,69d03465
info,registry,people,B Stanlake,6834d1f2
info,registry,people,BC Treloar,f7e8ee52
info,registry,people,BJ Dwarshuis,e1b9f3a9
info,registry,people,C Valente,137e7065
info,registry,people,DJ Harper,0ec08b27
info,registry,people,DP Hughes,f3982af9
info,registry,people,HNA Conway,272fc5ad
info,registry,people,Harsimran Singh,bf4720ce
info,registry,people,J Avendano,0af4a90b
info,registry,people,J Edwards,f787e0eb
info,registry,people,J Weatherald,edc7ddb6
info,registry,people,JC Silk,7a6dc294
info,registry,people,JM Bird,bc773eeb
info,registry,people,JM Vince,a15618fe
info,registry,people,JR Hazlewood,03806cf8
info,registry,people,JR Philippe,39086549
info,registry,people,JW Wells,8bdac857
info,registry,people,L Pope,616a8149
info,registry,people,MG Neser,0164b064
info,registry,people,MW Graham-Smith,18aca3ce
info,registry,people,MW Short,a90e53ec
info,registry,people,PD Salt,3d284ca3
info,registry,people,PM Siddle,bd93fea4
info,registry,people,Rashid Khan,5f547c8b
info,registry,people,SD Fry,6b725ed1
info,registry,people,TK Curran,e86754b2
ball,1,0.1,Adelaide Strikers,PD Salt,J Weatherald,BJ Dwarshuis,0,0,,,,,,"",""
ball,1,0.2,Adelaide Strikers,PD Salt,J Weatherald,BJ Dwarshuis,0,0,,,,,,"",""
ball,1,0.3,Adelaide Strikers,PD Salt,J Weatherald,BJ Dwarshuis,0,0,,,,,,"",""
ball,1,0.4,Adelaide Strikers,PD Salt,J Weatherald,BJ Dwarshuis,1,0,,,,,,"",""
ball,1,0.5,Adelaide Strikers,J Weatherald,PD Salt,BJ Dwarshuis,2,0,,,,,,"",""
ball,1,0.6,Adelaide Strikers,J Weatherald,PD Salt,BJ Dwarshuis,4,0,,,,,,"",""
ball,1,1.1,Adelaide Strikers,PD Salt,J Weatherald,JM Bird,0,0,,,,,,"",""
ball,1,1.2,Adelaide Strikers,PD Salt,J Weatherald,JM Bird,4,0,,,,,,"",""
ball,1,1.3,Adelaide Strikers,PD Salt,J Weatherald,JM Bird,0,0,,,,,,"",""
ball,1,1.4,Adelaide Strikers,PD Salt,J Weatherald,JM Bird,2,0,,,,,,"",""
ball,1,1.5,Adelaide Strikers,PD Salt,J Weatherald,JM Bird,2,0,,,,,,"",""
ball,1,1.6,Adelaide Strikers,PD Salt,J Weatherald,JM Bird,0,0,,,,,,caught,PD Salt
ball,1,2.1,Adelaide Strikers,J Weatherald,MW Short,JR Hazlewood,1,0,,,,,,"",""
ball,1,2.2,Adelaide Strikers,MW Short,J Weatherald,JR Hazlewood,1,0,,,,,,"",""
ball,1,2.3,Adelaide Strikers,J Weatherald,MW Short,JR Hazlewood,1,0,,,,,,"",""
ball,1,2.4,Adelaide Strikers,MW Short,J Weatherald,JR Hazlewood,4,0,,,,,,"",""
ball,1,2.5,Adelaide Strikers,MW Short,J Weatherald,JR Hazlewood,0,1,,,,1,,"",""
ball,1,2.6,Adelaide Strikers,J Weatherald,MW Short,JR Hazlewood,0,0,,,,,,"",""
ball,1,3.1,Adelaide Strikers,MW Short,J Weatherald,JM Bird,1,0,,,,,,"",""
ball,1,3.2,Adelaide Strikers,J Weatherald,MW Short,JM Bird,4,0,,,,,,"",""
ball,1,3.3,Adelaide Strikers,J Weatherald,MW Short,JM Bird,6,0,,,,,,"",""
ball,1,3.4,Adelaide Strikers,J Weatherald,MW Short,JM Bird,0,0,,,,,,"",""
ball,1,3.5,Adelaide Strikers,J Weatherald,MW Short,JM Bird,0,0,,,,,,"",""
ball,1,3.6,Adelaide Strikers,J Weatherald,MW Short,JM Bird,4,0,,,,,,"",""
ball,1,4.1,Adelaide Strikers,MW Short,J Weatherald,BJ Dwarshuis,1,0,,,,,,"",""
ball,1,4.2,Adelaide Strikers,J Weatherald,MW Short,BJ Dwarshuis,0,0,,,,,,"",""
ball,1,4.3,Adelaide Strikers,J Weatherald,MW Short,BJ Dwarshuis,0,0,,,,,,"",""
ball,1,4.4,Adelaide Strikers,J Weatherald,MW Short,BJ Dwarshuis,1,0,,,,,,"",""
ball,1,4.5,Adelaide Strikers,MW Short,J Weatherald,BJ Dwarshuis,0,0,,,,,,"",""
ball,1,4.6,Adelaide Strikers,MW Short,J Weatherald,BJ Dwarshuis,0,0,,,,,,lbw,MW Short
ball,1,5.1,Adelaide Strikers,J Weatherald,AT Carey,TK Curran,0,1,,,,1,,"",""
ball,1,5.2,Adelaide Strikers,AT Carey,J Weatherald,TK Curran,1,0,,,,,,"",""
ball,1,5.3,Adelaide Strikers,J Weatherald,AT Carey,TK Curran,2,0,,,,,,"",""
ball,1,5.4,Adelaide Strikers,J Weatherald,AT Carey,TK Curran,4,0,,,,,,"",""
ball,1,5.5,Adelaide Strikers,J Weatherald,AT Carey,TK Curran,4,0,,,,,,"",""
ball,1,5.6,Adelaide Strikers,J Weatherald,AT Carey,TK Curran,1,0,,,,,,"",""
ball,1,6.1,Adelaide Strikers,J Weatherald,AT Carey,JR Hazlewood,0,0,,,,,,"",""
ball,1,6.2,Adelaide Strikers,J Weatherald,AT Carey,JR Hazlewood,0,0,,,,,,"",""
ball,1,6.3,Adelaide Strikers,J Weatherald,AT Carey,JR Hazlewood,1,0,,,,,,"",""
ball,1,6.4,Adelaide Strikers,AT Carey,J Weatherald,JR Hazlewood,0,0,,,,,,"",""
ball,1,6.5,Adelaide Strikers,AT Carey,J Weatherald,JR Hazlewood,0,0,,,,,,"",""
ball,1,6.6,Adelaide Strikers,AT Carey,J Weatherald,JR Hazlewood,1,0,,,,,,"",""
ball,1,7.1,Adelaide Strikers,AT Carey,J Weatherald,JM Bird,2,0,,,,,,"",""
ball,1,7.2,Adelaide Strikers,AT Carey,J Weatherald,JM Bird,0,0,,,,,,"",""
ball,1,7.3,Adelaide Strikers,AT Carey,J Weatherald,JM Bird,1,0,,,,,,"",""
ball,1,7.4,Adelaide Strikers,J Weatherald,AT Carey,JM Bird,4,0,,,,,,"",""
ball,1,7.5,Adelaide Strikers,J Weatherald,AT Carey,JM Bird,1,0,,,,,,"",""
ball,1,7.6,Adelaide Strikers,AT Carey,J Weatherald,JM Bird,1,0,,,,,,"",""
ball,1,8.1,Adelaide Strikers,AT Carey,J Weatherald,L Pope,0,3,3,,,,,"",""
ball,1,8.2,Adelaide Strikers,AT Carey,J Weatherald,L Pope,1,0,,,,,,"",""
ball,1,8.3,Adelaide Strikers,J Weatherald,AT Carey,L Pope,0,0,,,,,,"",""
ball,1,8.4,Adelaide Strikers,J Weatherald,AT Carey,L Pope,0,0,,,,,,"",""
ball,1,8.5,Adelaide Strikers,J Weatherald,AT Carey,L Pope,2,0,,,,,,"",""
ball,1,8.6,Adelaide Strikers,J Weatherald,AT Carey,L Pope,4,0,,,,,,"",""
ball,1,8.7,Adelaide Strikers,J Weatherald,AT Carey,L Pope,0,0,,,,,,"",""
ball,1,9.1,Adelaide Strikers,AT Carey,J Weatherald,TK Curran,2,0,,,,,,"",""
ball,1,9.2,Adelaide Strikers,AT Carey,J Weatherald,TK Curran,0,1,,,,1,,"",""
ball,1,9.3,Adelaide Strikers,J Weatherald,AT Carey,TK Curran,0,0,,,,,,"",""
ball,1,9.4,Adelaide Strikers,J Weatherald,AT Carey,TK Curran,1,0,,,,,,"",""
ball,1,9.5,Adelaide Strikers,AT Carey,J Weatherald,TK Curran,1,0,,,,,,"",""
ball,1,9.6,Adelaide Strikers,J Weatherald,AT Carey,TK Curran,0,0,,,,,,bowled,J Weatherald
ball,1,10.1,Adelaide Strikers,AT Carey,JW Wells,L Pope,0,0,,,,,,"",""
ball,1,10.2,Adelaide Strikers,AT Carey,JW Wells,L Pope,1,0,,,,,,"",""
ball,1,10.3,Adelaide Strikers,JW Wells,AT Carey,L Pope,1,0,,,,,,"",""
ball,1,10.4,Adelaide Strikers,AT Carey,JW Wells,L Pope,0,0,,,,,,"",""
ball,1,10.5,Adelaide Strikers,AT Carey,JW Wells,L Pope,1,0,,,,,,"",""
ball,1,10.6,Adelaide Strikers,JW Wells,AT Carey,L Pope,1,0,,,,,,"",""
ball,1,11.1,Adelaide Strikers,JW Wells,AT Carey,JM Bird,0,1,1,,,,,"",""
ball,1,11.2,Adelaide Strikers,JW Wells,AT Carey,JM Bird,0,0,,,,,,"",""
ball,1,11.3,Adelaide Strikers,JW Wells,AT Carey,JM Bird,1,0,,,,,,"",""
ball,1,11.4,Adelaide Strikers,AT Carey,JW Wells,JM Bird,0,0,,,,,,"",""
ball,1,11.5,Adelaide Strikers,AT Carey,JW Wells,JM Bird,2,0,,,,,,"",""
ball,1,11.6,Adelaide Strikers,AT Carey,JW Wells,JM Bird,1,0,,,,,,"",""
ball,1,11.7,Adelaide Strikers,JW Wells,AT Carey,JM Bird,1,0,,,,,,"",""
ball,1,12.1,Adelaide Strikers,JW Wells,AT Carey,L Pope,0,0,,,,,,"",""
ball,1,12.2,Adelaide Strikers,JW Wells,AT Carey,L Pope,1,0,,,,,,"",""
ball,1,12.3,Adelaide Strikers,AT Carey,JW Wells,L Pope,4,0,,,,,,"",""
ball,1,12.4,Adelaide Strikers,AT Carey,JW Wells,L Pope,4,0,,,,,,"",""
ball,1,12.5,Adelaide Strikers,AT Carey,JW Wells,L Pope,0,5,5,,,,,"",""
ball,1,12.6,Adelaide Strikers,AT Carey,JW Wells,L Pope,1,0,,,,,,"",""
ball,1,12.7,Adelaide Strikers,JW Wells,AT Carey,L Pope,1,0,,,,,,"",""
ball,1,13.1,Adelaide Strikers,JW Wells,AT Carey,JR Hazlewood,0,0,,,,,,"",""
ball,1,13.2,Adelaide Strikers,JW Wells,AT Carey,JR Hazlewood,0,0,,,,,,"",""
ball,1,13.3,Adelaide Strikers,JW Wells,AT Carey,JR Hazlewood,0,0,,,,,,"",""
ball,1,13.4,Adelaide Strikers,JW Wells,AT Carey,JR Hazlewood,1,0,,,,,,"",""
ball,1,13.5,Adelaide Strikers,AT Carey,JW Wells,JR Hazlewood,4,0,,,,,,"",""
ball,1,13.6,Adelaide Strikers,AT Carey,JW Wells,JR Hazlewood,0,0,,,,,,"",""
ball,1,14.1,Adelaide Strikers,JW Wells,AT Carey,L Pope,0,0,,,,,,caught,JW Wells
ball,1,14.2,Adelaide Strikers,AT Carey,MG Neser,L Pope,0,0,,,,,,"",""
ball,1,14.3,Adelaide Strikers,AT Carey,MG Neser,L Pope,1,0,,,,,,"",""
ball,1,14.4,Adelaide Strikers,MG Neser,AT Carey,L Pope,2,0,,,,,,"",""
ball,1,14.5,Adelaide Strikers,MG Neser,AT Carey,L Pope,0,0,,,,,,lbw,MG Neser
ball,1,14.6,Adelaide Strikers,Rashid Khan,AT Carey,L Pope,0,0,,,,,,"",""
ball,1,15.1,Adelaide Strikers,AT Carey,Rashid Khan,TK Curran,1,0,,,,,,"",""
ball,1,15.2,Adelaide Strikers,Rashid Khan,AT Carey,TK Curran,0,0,,,,,,caught,Rashid Khan
ball,1,15.3,Adelaide Strikers,AT Carey,C Valente,TK Curran,1,0,,,,,,"",""
ball,1,15.4,Adelaide Strikers,C Valente,AT Carey,TK Curran,1,0,,,,,,"",""
ball,1,15.5,Adelaide Strikers,AT Carey,C Valente,TK Curran,1,0,,,,,,"",""
ball,1,15.6,Adelaide Strikers,C Valente,AT Carey,TK Curran,1,0,,,,,,"",""
ball,1,16.1,Adelaide Strikers,C Valente,AT Carey,BJ Dwarshuis,0,0,,,,,,"",""
ball,1,16.2,Adelaide Strikers,C Valente,AT Carey,BJ Dwarshuis,1,0,,,,,,"",""
ball,1,16.3,Adelaide Strikers,AT Carey,C Valente,BJ Dwarshuis,0,0,,,,,,caught,AT Carey
ball,1,16.4,Adelaide Strikers,PM Siddle,C Valente,BJ Dwarshuis,1,0,,,,,,"",""
ball,1,16.5,Adelaide Strikers,C Valente,PM Siddle,BJ Dwarshuis,0,0,,,,,,"",""
ball,1,16.6,Adelaide Strikers,C Valente,PM Siddle,BJ Dwarshuis,0,0,,,,,,"",""
ball,1,17.1,Adelaide Strikers,PM Siddle,C Valente,JR Hazlewood,0,0,,,,,,caught,PM Siddle
ball,1,17.2,Adelaide Strikers,HNA Conway,C Valente,JR Hazlewood,1,0,,,,,,"",""
ball,1,17.3,Adelaide Strikers,C Valente,HNA Conway,JR Hazlewood,2,0,,,,,,"",""
ball,1,17.4,Adelaide Strikers,C Valente,HNA Conway,JR Hazlewood,0,0,,,,,,"",""
ball,1,17.5,Adelaide Strikers,C Valente,HNA Conway,JR Hazlewood,1,0,,,,,,"",""
ball,1,17.6,Adelaide Strikers,HNA Conway,C Valente,JR Hazlewood,1,0,,,,,,"",""
ball,1,18.1,Adelaide Strikers,HNA Conway,C Valente,BJ Dwarshuis,1,0,,,,,,"",""
ball,1,18.2,Adelaide Strikers,C Valente,HNA Conway,BJ Dwarshuis,1,0,,,,,,"",""
ball,1,18.3,Adelaide Strikers,HNA Conway,C Valente,BJ Dwarshuis,1,0,,,,,,"",""
ball,1,18.4,Adelaide Strikers,C Valente,HNA Conway,BJ Dwarshuis,4,0,,,,,,"",""
ball,1,18.5,Adelaide Strikers,C Valente,HNA Conway,BJ Dwarshuis,1,0,,,,,,"",""
ball,1,18.6,Adelaide Strikers,HNA Conway,C Valente,BJ Dwarshuis,1,0,,,,,,"",""
ball,1,19.1,Adelaide Strikers,HNA Conway,C Valente,TK Curran,1,0,,,,,,"",""
ball,1,19.2,Adelaide Strikers,C Valente,HNA Conway,TK Curran,0,0,,,,,,caught,C Valente
ball,1,19.3,Adelaide Strikers,HNA Conway,B Stanlake,TK Curran,0,0,,,,,,"",""
ball,1,19.4,Adelaide Strikers,HNA Conway,B Stanlake,TK Curran,0,0,,,,,,bowled,HNA Conway
ball,2,0.1,Sydney Sixers,JR Philippe,J Avendano,PM Siddle,0,0,,,,,,"",""
ball,2,0.2,Sydney Sixers,JR Philippe,J Avendano,PM Siddle,0,0,,,,,,"",""
ball,2,0.3,Sydney Sixers,JR Philippe,J Avendano,PM Siddle,0,0,,,,,,"",""
ball,2,0.4,Sydney Sixers,JR Philippe,J Avendano,PM Siddle,1,0,,,,,,"",""
ball,2,0.5,Sydney Sixers,J Avendano,JR Philippe,PM Siddle,0,0,,,,,,"",""
ball,2,0.6,Sydney Sixers,J Avendano,JR Philippe,PM Siddle,1,0,,,,,,"",""
ball,2,1.1,Sydney Sixers,J Avendano,JR Philippe,Rashid Khan,4,0,,,,,,"",""
ball,2,1.2,Sydney Sixers,J Avendano,JR Philippe,Rashid Khan,1,0,,,,,,"",""
ball,2,1.3,Sydney Sixers,JR Philippe,J Avendano,Rashid Khan,0,0,,,,,,"",""
ball,2,1.4,Sydney Sixers,JR Philippe,J Avendano,Rashid Khan,4,0,,,,,,"",""
ball,2,1.5,Sydney Sixers,JR Philippe,J Avendano,Rashid Khan,1,0,,,,,,"",""
ball,2,1.6,Sydney Sixers,J Avendano,JR Philippe,Rashid Khan,1,0,,,,,,"",""
ball,2,2.1,Sydney Sixers,J Avendano,JR Philippe,MG Neser,4,0,,,,,,"",""
ball,2,2.2,Sydney Sixers,J Avendano,JR Philippe,MG Neser,0,0,,,,,,"",""
ball,2,2.3,Sydney Sixers,J Avendano,JR Philippe,MG Neser,0,0,,,,,,caught,J Avendano
ball,2,2.4,Sydney Sixers,JR Philippe,DP Hughes,MG Neser,2,0,,,,,,"",""
ball,2,2.5,Sydney Sixers,JR Philippe,DP Hughes,MG Neser,0,0,,,,,,"",""
ball,2,2.6,Sydney Sixers,JR Philippe,DP Hughes,MG Neser,0,0,,,,,,caught,JR Philippe
ball,2,3.1,Sydney Sixers,DP Hughes,JM Vince,B Stanlake,1,0,,,,,,"",""
ball,2,3.2,Sydney Sixers,JM Vince,DP Hughes,B Stanlake,0,1,1,,,,,"",""
ball,2,3.3,Sydney Sixers,JM Vince,DP Hughes,B Stanlake,0,0,,,,,,"",""
ball,2,3.4,Sydney Sixers,JM Vince,DP Hughes,B Stanlake,0,0,,,,,,"",""
ball,2,3.5,Sydney Sixers,JM Vince,DP Hughes,B Stanlake,0,0,,,,,,"",""
ball,2,3.6,Sydney Sixers,JM Vince,DP Hughes,B Stanlake,4,0,,,,,,"",""
ball,2,3.7,Sydney Sixers,JM Vince,DP Hughes,B Stanlake,1,0,,,,,,"",""
ball,2,4.1,Sydney Sixers,JM Vince,DP Hughes,MG Neser,1,0,,,,,,"",""
ball,2,4.2,Sydney Sixers,DP Hughes,JM Vince,MG Neser,1,0,,,,,,"",""
ball,2,4.3,Sydney Sixers,JM Vince,DP Hughes,MG Neser,1,0,,,,,,"",""
ball,2,4.4,Sydney Sixers,DP Hughes,JM Vince,MG Neser,0,0,,,,,,"",""
ball,2,4.5,Sydney Sixers,DP Hughes,JM Vince,MG Neser,4,0,,,,,,"",""
ball,2,4.6,Sydney Sixers,DP Hughes,JM Vince,MG Neser,4,0,,,,,,"",""
ball,2,5.1,Sydney Sixers,JM Vince,DP Hughes,B Stanlake,4,0,,,,,,"",""
ball,2,5.2,Sydney Sixers,JM Vince,DP Hughes,B Stanlake,1,0,,,,,,"",""
ball,2,5.3,Sydney Sixers,DP Hughes,JM Vince,B Stanlake,0,0,,,,,,"",""
ball,2,5.4,Sydney Sixers,DP Hughes,JM Vince,B Stanlake,0,0,,,,,,"",""
ball,2,5.5,Sydney Sixers,DP Hughes,JM Vince,B Stanlake,0,0,,,,,,"",""
ball,2,5.6,Sydney Sixers,DP Hughes,JM Vince,B Stanlake,4,0,,,,,,"",""
ball,2,6.1,Sydney Sixers,JM Vince,DP Hughes,Rashid Khan,1,0,,,,,,"",""
ball,2,6.2,Sydney Sixers,DP Hughes,JM Vince,Rashid Khan,0,0,,,,,,"",""
ball,2,6.3,Sydney Sixers,DP Hughes,JM Vince,Rashid Khan,1,0,,,,,,"",""
ball,2,6.4,Sydney Sixers,JM Vince,DP Hughes,Rashid Khan,1,0,,,,,,"",""
ball,2,6.5,Sydney Sixers,DP Hughes,JM Vince,Rashid Khan,2,0,,,,,,"",""
ball,2,6.6,Sydney Sixers,DP Hughes,JM Vince,Rashid Khan,0,0,,,,,,caught,DP Hughes
ball,2,7.1,Sydney Sixers,JM Vince,JC Silk,HNA Conway,1,0,,,,,,"",""
ball,2,7.2,Sydney Sixers,JC Silk,JM Vince,HNA Conway,4,0,,,,,,"",""
ball,2,7.3,Sydney Sixers,JC Silk,JM Vince,HNA Conway,0,0,,,,,,"",""
ball,2,7.4,Sydney Sixers,JC Silk,JM Vince,HNA Conway,0,0,,,,,,"",""
ball,2,7.5,Sydney Sixers,JC Silk,JM Vince,HNA Conway,1,0,,,,,,"",""
ball,2,7.6,Sydney Sixers,JM Vince,JC Silk,HNA Conway,0,0,,,,,,"",""
ball,2,8.1,Sydney Sixers,JC Silk,JM Vince,PM Siddle,0,0,,,,,,"",""
ball,2,8.2,Sydney Sixers,JC Silk,JM Vince,PM Siddle,0,0,,,,,,"",""
ball,2,8.3,Sydney Sixers,JC Silk,JM Vince,PM Siddle,0,0,,,,,,"",""
ball,2,8.4,Sydney Sixers,JC Silk,JM Vince,PM Siddle,1,0,,,,,,"",""
ball,2,8.5,Sydney Sixers,JM Vince,JC Silk,PM Siddle,2,0,,,,,,"",""
ball,2,8.6,Sydney Sixers,JM Vince,JC Silk,PM Siddle,4,0,,,,,,"",""
ball,2,9.1,Sydney Sixers,JC Silk,JM Vince,HNA Conway,4,0,,,,,,"",""
ball,2,9.2,Sydney Sixers,JC Silk,JM Vince,HNA Conway,1,0,,,,,,"",""
ball,2,9.3,Sydney Sixers,JM Vince,JC Silk,HNA Conway,1,0,,,,,,"",""
ball,2,9.4,Sydney Sixers,JC Silk,JM Vince,HNA Conway,1,0,,,,,,"",""
ball,2,9.5,Sydney Sixers,JM Vince,JC Silk,HNA Conway,4,0,,,,,,"",""
ball,2,9.6,Sydney Sixers,JM Vince,JC Silk,HNA Conway,0,0,,,,,,"",""
ball,2,10.1,Sydney Sixers,JC Silk,JM Vince,Rashid Khan,1,0,,,,,,"",""
ball,2,10.2,Sydney Sixers,JM Vince,JC Silk,Rashid Khan,1,0,,,,,,"",""
ball,2,10.3,Sydney Sixers,JC Silk,JM Vince,Rashid Khan,0,0,,,,,,"",""
ball,2,10.4,Sydney Sixers,JC Silk,JM Vince,Rashid Khan,1,0,,,,,,"",""
ball,2,10.5,Sydney Sixers,JM Vince,JC Silk,Rashid Khan,0,1,1,,,,,"",""
ball,2,10.6,Sydney Sixers,JM Vince,JC Silk,Rashid Khan,0,0,,,,,,caught,JM Vince
ball,2,10.7,Sydney Sixers,J Edwards,JC Silk,Rashid Khan,0,0,,,,,,lbw,J Edwards
ball,2,11.1,Sydney Sixers,JC Silk,TK Curran,B Stanlake,0,1,1,,,,,"",""
ball,2,11.2,Sydney Sixers,JC Silk,TK Curran,B Stanlake,1,0,,,,,,"",""
ball,2,11.3,Sydney Sixers,TK Curran,JC Silk,B Stanlake,1,0,,,,,,"",""
ball,2,11.4,Sydney Sixers,JC Silk,TK Curran,B Stanlake,1,0,,,,,,"",""
ball,2,11.5,Sydney Sixers,TK Curran,JC Silk,B Stanlake,0,0,,,,,,"",""
ball,2,11.6,Sydney Sixers,TK Curran,JC Silk,B Stanlake,0,0,,,,,,"",""
ball,2,11.7,Sydney Sixers,TK Curran,JC Silk,B Stanlake,0,0,,,,,,"",""
ball,2,12.1,Sydney Sixers,JC Silk,TK Curran,Rashid Khan,0,0,,,,,,bowled,JC Silk
ball,2,12.2,Sydney Sixers,BJ Dwarshuis,TK Curran,Rashid Khan,1,0,,,,,,"",""
ball,2,12.3,Sydney Sixers,TK Curran,BJ Dwarshuis,Rashid Khan,1,0,,,,,,"",""
ball,2,12.4,Sydney Sixers,BJ Dwarshuis,TK Curran,Rashid Khan,0,0,,,,,,"",""
ball,2,12.5,Sydney Sixers,BJ Dwarshuis,TK Curran,Rashid Khan,0,0,,,,,,"",""
ball,2,12.6,Sydney Sixers,BJ Dwarshuis,TK Curran,Rashid Khan,0,0,,,,,,"",""
ball,2,13.1,Sydney Sixers,TK Curran,BJ Dwarshuis,B Stanlake,1,0,,,,,,"",""
ball,2,13.2,Sydney Sixers,BJ Dwarshuis,TK Curran,B Stanlake,0,0,,,,,,"",""
ball,2,13.3,Sydney Sixers,BJ Dwarshuis,TK Curran,B Stanlake,2,0,,,,,,"",""
ball,2,13.4,Sydney Sixers,BJ Dwarshuis,TK Curran,B Stanlake,1,0,,,,,,"",""
ball,2,13.5,Sydney Sixers,TK Curran,BJ Dwarshuis,B Stanlake,1,0,,,,,,"",""
ball,2,13.6,Sydney Sixers,BJ Dwarshuis,TK Curran,B Stanlake,6,0,,,,,,"",""
ball,2,14.1,Sydney Sixers,TK Curran,BJ Dwarshuis,PM Siddle,1,0,,,,,,"",""
ball,2,14.2,Sydney Sixers,BJ Dwarshuis,TK Curran,PM Siddle,0,0,,,,,,caught,BJ Dwarshuis
ball,2,14.3,Sydney Sixers,JM Bird,TK Curran,PM Siddle,1,0,,,,,,"",""
ball,2,14.4,Sydney Sixers,TK Curran,JM Bird,PM Siddle,1,0,,,,,,"",""
ball,2,14.5,Sydney Sixers,JM Bird,TK Curran,PM Siddle,0,0,,,,,,"",""
ball,2,14.6,Sydney Sixers,JM Bird,TK Curran,PM Siddle,0,0,,,,,,"",""
ball,2,15.1,Sydney Sixers,TK Curran,JM Bird,HNA Conway,1,0,,,,,,"",""
ball,2,15.2,Sydney Sixers,JM Bird,TK Curran,HNA Conway,1,0,,,,,,"",""
ball,2,15.3,Sydney Sixers,TK Curran,JM Bird,HNA Conway,1,0,,,,,,"",""
ball,2,15.4,Sydney Sixers,JM Bird,TK Curran,HNA Conway,1,0,,,,,,"",""
ball,2,15.5,Sydney Sixers,TK Curran,JM Bird,HNA Conway,1,0,,,,,,"",""
ball,2,15.6,Sydney Sixers,JM Bird,TK Curran,HNA Conway,1,0,,,,,,"",""
ball,2,16.1,Sydney Sixers,JM Bird,TK Curran,MG Neser,1,0,,,,,,"",""
ball,2,16.2,Sydney Sixers,TK Curran,JM Bird,MG Neser,0,0,,,,,,"",""
ball,2,16.3,Sydney Sixers,TK Curran,JM Bird,MG Neser,1,0,,,,,,"",""
ball,2,16.4,Sydney Sixers,JM Bird,TK Curran,MG Neser,1,0,,,,,,"",""
ball,2,16.5,Sydney Sixers,TK Curran,JM Bird,MG Neser,4,0,,,,,,"",""
ball,2,16.6,Sydney Sixers,TK Curran,JM Bird,MG Neser,1,0,,,,,,"",""
ball,2,17.1,Sydney Sixers,TK Curran,JM Bird,HNA Conway,0,1,1,,,,,"",""
ball,2,17.2,Sydney Sixers,TK Curran,JM Bird,HNA Conway,1,0,,,,,,"",""
ball,2,17.3,Sydney Sixers,JM Bird,TK Curran,HNA Conway,1,0,,,,,,"",""
ball,2,17.4,Sydney Sixers,TK Curran,JM Bird,HNA Conway,1,0,,,,,,"",""
ball,2,17.5,Sydney Sixers,JM Bird,TK Curran,HNA Conway,0,1,,1,,,,"",""
ball,2,17.6,Sydney Sixers,JM Bird,TK Curran,HNA Conway,0,1,1,,,,,"",""
ball,2,17.7,Sydney Sixers,JM Bird,TK Curran,HNA Conway,1,0,,,,,,"",""
ball,2,17.8,Sydney Sixers,TK Curran,JM Bird,HNA Conway,4,0,,,,,,"",""
ball,2,17.9,Sydney Sixers,TK Curran,JM Bird,HNA Conway,0,0,,,,,,bowled,TK Curran
ball,2,18.1,Sydney Sixers,JM Bird,JR Hazlewood,PM Siddle,1,0,,,,,,"",""
ball,2,18.2,Sydney Sixers,JR Hazlewood,JM Bird,PM Siddle,4,0,,,,,,"",""
ball,2,18.3,Sydney Sixers,JR Hazlewood,JM Bird,PM Siddle,4,0,,,,,,"",""
ball,2,18.4,Sydney Sixers,JR Hazlewood,JM Bird,PM Siddle,4,0,,,,,,"",""
