version,1.6.0
info,balls_per_over,6
info,team,Melbourne Renegades
info,team,Sydney Sixers
info,gender,male
info,season,2019/20
info,date,2020/01/02
info,event,Big Bash League
info,match_number,20
info,venue,Docklands Stadium
info,city,Melbourne
info,toss_winner,Melbourne Renegades
info,toss_decision,bat
info,player_of_match,JM Vince
info,umpire,JD Ward
info,umpire,SD Fry
info,reserve_umpire,Mattis van Eck
info,tv_umpire,GC Joshua
info,match_referee,D Talalla
info,winner,Sydney Sixers
info,winner_wickets,6
info,player,Melbourne Renegades,SB Harper
info,player,Melbourne Renegades,AJ Finch
info,player,Melbourne Renegades,SE Marsh
info,player,Melbourne Renegades,MS Harris
info,player,Melbourne Renegades,BJ Webster
info,player,Melbourne Renegades,DT Christian
info,player,Melbourne Renegades,W Sutherland
info,player,Melbourne Renegades,CJ Boyce
info,player,Melbourne Renegades,TD Andrews
info,player,Melbourne Renegades,KW Richardson
info,player,Melbourne Renegades,RJ Gleeson
info,player,Sydney Sixers,JR Philippe
info,player,Sydney Sixers,DP Hughes
info,player,Sydney Sixers,JM Vince
info,player,Sydney Sixers,MC Henriques
info,player,Sydney Sixers,JC Silk
info,player,Sydney Sixers,TK Curran
info,player,Sydney Sixers,J Edwards
info,player,Sydney Sixers,BJ Dwarshuis
info,player,Sydney Sixers,BAD Manenti
info,player,Sydney Sixers,JM Bird
info,player,Sydney Sixers,L Pope
info,registry,people,AJ Finch,b8d490fd
info,registry,people,BAD Manenti,ab21795b
info,registry,people,BJ Dwarshuis,e1b9f3a9
info,registry,people,BJ Webster,56b93d46
info,registry,people,CJ Boyce,51a60c16
info,registry,people,D Talalla,dcfe6cdd
info,registry,people,DP Hughes,f3982af9
info,registry,people,DT Christian,2a2e6343
info,registry,people,GC Joshua,4c47ebf2
info,registry,people,J Edwards,f787e0eb
info,registry,people,JC Silk,7a6dc294
info,registry,people,JD Ward,511299c1
info,registry,people,JM Bird,bc773eeb
info,registry,people,JM Vince,a15618fe
info,registry,people,JR Philippe,39086549
info,registry,people,KW Richardson,dfc4d8b5
info,registry,people,L Pope,616a8149
info,registry,people,MC Henriques,32198ae0
info,registry,people,MS Harris,9e85455c
info,registry,people,Mattis van Eck,bf1a68c1
info,registry,people,RJ Gleeson,402f8494
info,registry,people,SB Harper,a756e61a
info,registry,people,SD Fry,6b725ed1
info,registry,people,SE Marsh,508a1ea7
info,registry,people,TD Andrews,a0f612b6
info,registry,people,TK Curran,e86754b2
info,registry,people,W Sutherland,bc2d4f2e
ball,1,0.1,Melbourne Renegades,SB Harper,AJ Finch,BJ Dwarshuis,1,0,,,,,,"",""
ball,1,0.2,Melbourne Renegades,AJ Finch,SB Harper,BJ Dwarshuis,0,0,,,,,,"",""
ball,1,0.3,Melbourne Renegades,AJ Finch,SB Harper,BJ Dwarshuis,0,0,,,,,,"",""
ball,1,0.4,Melbourne Renegades,AJ Finch,SB Harper,BJ Dwarshuis,4,0,,,,,,"",""
ball,1,0.5,Melbourne Renegades,AJ Finch,SB Harper,BJ Dwarshuis,0,1,1,,,,,"",""
ball,1,0.6,Melbourne Renegades,AJ Finch,SB Harper,BJ Dwarshuis,4,0,,,,,,"",""
ball,1,0.7,Melbourne Renegades,AJ Finch,SB Harper,BJ Dwarshuis,1,0,,,,,,"",""
ball,1,1.1,Melbourne Renegades,AJ Finch,SB Harper,JM Bird,0,0,,,,,,caught,AJ Finch
ball,1,1.2,Melbourne Renegades,SB Harper,SE Marsh,JM Bird,0,1,,,,1,,"",""
ball,1,1.3,Melbourne Renegades,SE Marsh,SB Harper,JM Bird,1,0,,,,,,"",""
ball,1,1.4,Melbourne Renegades,SB Harper,SE Marsh,JM Bird,4,0,,,,,,"",""
ball,1,1.5,Melbourne Renegades,SB Harper,SE Marsh,JM Bird,1,0,,,,,,"",""
ball,1,1.6,Melbourne Renegades,SE Marsh,SB Harper,JM Bird,0,0,,,,,,"",""
ball,1,2.1,Melbourne Renegades,SB Harper,SE Marsh,BAD Manenti,1,0,,,,,,"",""
ball,1,2.2,Melbourne Renegades,SE Marsh,SB Harper,BAD Manenti,1,0,,,,,,"",""
ball,1,2.3,Melbourne Renegades,SB Harper,SE Marsh,BAD Manenti,1,0,,,,,,"",""
ball,1,2.4,Melbourne Renegades,SE Marsh,SB Harper,BAD Manenti,1,0,,,,,,"",""
ball,1,2.5,Melbourne Renegades,SB Harper,SE Marsh,BAD Manenti,1,0,,,,,,"",""
ball,1,2.6,Melbourne Renegades,SE Marsh,SB Harper,BAD Manenti,0,0,,,,,,"",""
ball,1,3.1,Melbourne Renegades,SB Harper,SE Marsh,JM Bird,1,0,,,,,,"",""
ball,1,3.2,Melbourne Renegades,SE Marsh,SB Harper,JM Bird,0,0,,,,,,"",""
ball,1,3.3,Melbourne Renegades,SE Marsh,SB Harper,JM Bird,0,0,,,,,,"",""
ball,1,3.4,Melbourne Renegades,SE Marsh,SB Harper,JM Bird,1,0,,,,,,"",""
ball,1,3.5,Melbourne Renegades,SB Harper,SE Marsh,JM Bird,4,0,,,,,,"",""
ball,1,3.6,Melbourne Renegades,SB Harper,SE Marsh,JM Bird,1,0,,,,,,"",""
ball,1,4.1,Melbourne Renegades,SB Harper,SE Marsh,TK Curran,6,0,,,,,,"",""
ball,1,4.2,Melbourne Renegades,SB Harper,SE Marsh,TK Curran,4,0,,,,,,"",""
ball,1,4.3,Melbourne Renegades,SB Harper,SE Marsh,TK Curran,4,0,,,,,,"",""
ball,1,4.4,Melbourne Renegades,SB Harper,SE Marsh,TK Curran,4,0,,,,,,"",""
ball,1,4.5,Melbourne Renegades,SB Harper,SE Marsh,TK Curran,0,0,,,,,,"",""
ball,1,4.6,Melbourne Renegades,SB Harper,SE Marsh,TK Curran,4,0,,,,,,"",""
ball,1,5.1,Melbourne Renegades,SE Marsh,SB Harper,BAD Manenti,1,0,,,,,,"",""
ball,1,5.2,Melbourne Renegades,SB Harper,SE Marsh,BAD Manenti,1,0,,,,,,"",""
ball,1,5.3,Melbourne Renegades,SE Marsh,SB Harper,BAD Manenti,1,0,,,,,,"",""
ball,1,5.4,Melbourne Renegades,SB Harper,SE Marsh,BAD Manenti,0,0,,,,,,"",""
ball,1,5.5,Melbourne Renegades,SB Harper,SE Marsh,BAD Manenti,1,0,,,,,,"",""
ball,1,5.6,Melbourne Renegades,SE Marsh,SB Harper,BAD Manenti,1,0,,,,,,"",""
ball,1,6.1,Melbourne Renegades,SE Marsh,SB Harper,L Pope,1,0,,,,,,"",""
ball,1,6.2,Melbourne Renegades,SB Harper,SE Marsh,L Pope,0,0,,,,,,"",""
ball,1,6.3,Melbourne Renegades,SB Harper,SE Marsh,L Pope,1,0,,,,,,"",""
ball,1,6.4,Melbourne Renegades,SE Marsh,SB Harper,L Pope,4,0,,,,,,"",""
ball,1,6.5,Melbourne Renegades,SE Marsh,SB Harper,L Pope,1,0,,,,,,"",""
ball,1,6.6,Melbourne Renegades,SB Harper,SE Marsh,L Pope,1,0,,,,,,"",""
ball,1,7.1,Melbourne Renegades,SB Harper,SE Marsh,TK Curran,4,0,,,,,,"",""
ball,1,7.2,Melbourne Renegades,SB Harper,SE Marsh,TK Curran,0,0,,,,,,caught,SB Harper
ball,1,7.3,Melbourne Renegades,MS Harris,SE Marsh,TK Curran,1,0,,,,,,"",""
ball,1,7.4,Melbourne Renegades,SE Marsh,MS Harris,TK Curran,1,0,,,,,,"",""
ball,1,7.5,Melbourne Renegades,MS Harris,SE Marsh,TK Curran,1,0,,,,,,"",""
ball,1,7.6,Melbourne Renegades,SE Marsh,MS Harris,TK Curran,1,0,,,,,,"",""
ball,1,8.1,Melbourne Renegades,SE Marsh,MS Harris,L Pope,0,0,,,,,,"",""
ball,1,8.2,Melbourne Renegades,SE Marsh,MS Harris,L Pope,0,1,1,,,,,"",""
ball,1,8.3,Melbourne Renegades,SE Marsh,MS Harris,L Pope,2,0,,,,,,"",""
ball,1,8.4,Melbourne Renegades,SE Marsh,MS Harris,L Pope,0,0,,,,,,"",""
ball,1,8.5,Melbourne Renegades,SE Marsh,MS Harris,L Pope,1,0,,,,,,"",""
ball,1,8.6,Melbourne Renegades,MS Harris,SE Marsh,L Pope,0,0,,,,,,"",""
ball,1,8.7,Melbourne Renegades,MS Harris,SE Marsh,L Pope,0,0,,,,,,caught,MS Harris
ball,1,9.1,Melbourne Renegades,SE Marsh,BJ Webster,BAD Manenti,1,0,,,,,,"",""
ball,1,9.2,Melbourne Renegades,BJ Webster,SE Marsh,BAD Manenti,1,0,,,,,,"",""
ball,1,9.3,Melbourne Renegades,SE Marsh,BJ Webster,BAD Manenti,1,0,,,,,,"",""
ball,1,9.4,Melbourne Renegades,BJ Webster,SE Marsh,BAD Manenti,0,0,,,,,,"",""
ball,1,9.5,Melbourne Renegades,BJ Webster,SE Marsh,BAD Manenti,1,0,,,,,,"",""
ball,1,9.6,Melbourne Renegades,SE Marsh,BJ Webster,BAD Manenti,1,0,,,,,,"",""
ball,1,10.1,Melbourne Renegades,SE Marsh,BJ Webster,L Pope,0,0,,,,,,"",""
ball,1,10.2,Melbourne Renegades,SE Marsh,BJ Webster,L Pope,0,0,,,,,,"",""
ball,1,10.3,Melbourne Renegades,SE Marsh,BJ Webster,L Pope,1,0,,,,,,"",""
ball,1,10.4,Melbourne Renegades,BJ Webster,SE Marsh,L Pope,1,0,,,,,,"",""
ball,1,10.5,Melbourne Renegades,SE Marsh,BJ Webster,L Pope,4,0,,,,,,"",""
ball,1,10.6,Melbourne Renegades,SE Marsh,BJ Webster,L Pope,1,0,,,,,,"",""
ball,1,11.1,Melbourne Renegades,SE Marsh,BJ Webster,BAD Manenti,0,0,,,,,,"",""
ball,1,11.2,Melbourne Renegades,SE Marsh,BJ Webster,BAD Manenti,1,0,,,,,,"",""
ball,1,11.3,Melbourne Renegades,BJ Webster,SE Marsh,BAD Manenti,1,0,,,,,,"",""
ball,1,11.4,Melbourne Renegades,SE Marsh,BJ Webster,BAD Manenti,1,0,,,,,,"",""
ball,1,11.5,Melbourne Renegades,BJ Webster,SE Marsh,BAD Manenti,2,0,,,,,,"",""
ball,1,11.6,Melbourne Renegades,BJ Webster,SE Marsh,BAD Manenti,1,0,,,,,,"",""
ball,1,12.1,Melbourne Renegades,BJ Webster,SE Marsh,JM Bird,1,0,,,,,,"",""
ball,1,12.2,Melbourne Renegades,BJ Webster,SE Marsh,JM Bird,0,0,,,,,,"",""
ball,1,12.3,Melbourne Renegades,BJ Webster,SE Marsh,JM Bird,2,0,,,,,,"",""
ball,1,12.4,Melbourne Renegades,BJ Webster,SE Marsh,JM Bird,0,0,,,,,,"",""
ball,1,12.5,Melbourne Renegades,BJ Webster,SE Marsh,JM Bird,1,0,,,,,,"",""
ball,1,12.6,Melbourne Renegades,SE Marsh,BJ Webster,JM Bird,0,0,,,,,,"",""
ball,1,13.1,Melbourne Renegades,BJ Webster,SE Marsh,BJ Dwarshuis,2,0,,,,,,"",""
ball,1,13.2,Melbourne Renegades,BJ Webster,SE Marsh,BJ Dwarshuis,1,0,,,,,,"",""
ball,1,13.3,Melbourne Renegades,SE Marsh,BJ Webster,BJ Dwarshuis,1,0,,,,,,"",""
ball,1,13.4,Melbourne Renegades,BJ Webster,SE Marsh,BJ Dwarshuis,2,0,,,,,,"",""
ball,1,13.5,Melbourne Renegades,BJ Webster,SE Marsh,BJ Dwarshuis,1,0,,,,,,"",""
ball,1,13.6,Melbourne Renegades,SE Marsh,BJ Webster,BJ Dwarshuis,1,0,,,,,,"",""
ball,1,14.1,Melbourne Renegades,SE Marsh,BJ Webster,L Pope,1,0,,,,,,"",""
ball,1,14.2,Melbourne Renegades,BJ Webster,SE Marsh,L Pope,0,0,,,,,,lbw,BJ Webster
ball,1,14.3,Melbourne Renegades,DT Christian,SE Marsh,L Pope,0,0,,,,,,"",""
ball,1,14.4,Melbourne Renegades,DT Christian,SE Marsh,L Pope,1,0,,,,,,"",""
ball,1,14.5,Melbourne Renegades,SE Marsh,DT Christian,L Pope,1,0,,,,,,"",""
ball,1,14.6,Melbourne Renegades,DT Christian,SE Marsh,L Pope,0,0,,,,,,"",""
ball,1,15.1,Melbourne Renegades,SE Marsh,DT Christian,TK Curran,2,0,,,,,,"",""
ball,1,15.2,Melbourne Renegades,SE Marsh,DT Christian,TK Curran,1,0,,,,,,"",""
ball,1,15.3,Melbourne Renegades,DT Christian,SE Marsh,TK Curran,1,0,,,,,,"",""
ball,1,15.4,Melbourne Renegades,SE Marsh,DT Christian,TK Curran,1,0,,,,,,"",""
ball,1,15.5,Melbourne Renegades,DT Christian,SE Marsh,TK Curran,1,0,,,,,,"",""
ball,1,15.6,Melbourne Renegades,SE Marsh,DT Christian,TK Curran,1,0,,,,,,"",""
ball,1,16.1,Melbourne Renegades,SE Marsh,DT Christian,JM Bird,2,0,,,,,,"",""
ball,1,16.2,Melbourne Renegades,SE Marsh,DT Christian,JM Bird,0,0,,,,,,caught,SE Marsh
ball,1,16.3,Melbourne Renegades,DT Christian,W Sutherland,JM Bird,2,0,,,,,,"",""
ball,1,16.4,Melbourne Renegades,DT Christian,W Sutherland,JM Bird,1,0,,,,,,"",""
ball,1,16.5,Melbourne Renegades,W Sutherland,DT Christian,JM Bird,1,0,,,,,,"",""
ball,1,16.6,Melbourne Renegades,DT Christian,W Sutherland,JM Bird,1,0,,,,,,"",""
ball,1,17.1,Melbourne Renegades,DT Christian,W Sutherland,BJ Dwarshuis,2,0,,,,,,"",""
ball,1,17.2,Melbourne Renegades,DT Christian,W Sutherland,BJ Dwarshuis,1,0,,,,,,"",""
ball,1,17.3,Melbourne Renegades,W Sutherland,DT Christian,BJ Dwarshuis,0,0,,,,,,"",""
ball,1,17.4,Melbourne Renegades,W Sutherland,DT Christian,BJ Dwarshuis,0,0,,,,,,"",""
ball,1,17.5,Melbourne Renegades,W Sutherland,DT Christian,BJ Dwarshuis,0,0,,,,,,"",""
ball,1,17.6,Melbourne Renegades,W Sutherland,DT Christian,BJ Dwarshuis,1,0,,,,,,"",""
ball,1,18.1,Melbourne Renegades,W Sutherland,DT Christian,TK Curran,1,0,,,,,,"",""
ball,1,18.2,Melbourne Renegades,DT Christian,W Sutherland,TK Curran,4,0,,,,,,"",""
ball,1,18.3,Melbourne Renegades,DT Christian,W Sutherland,TK Curran,2,0,,,,,,"",""
ball,1,18.4,Melbourne Renegades,DT Christian,W Sutherland,TK Curran,4,0,,,,,,"",""
ball,1,18.5,Melbourne Renegades,DT Christian,W Sutherland,TK Curran,4,0,,,,,,"",""
ball,1,18.6,Melbourne Renegades,DT Christian,W Sutherland,TK Curran,6,0,,,,,,"",""
ball,1,19.1,Melbourne Renegades,W Sutherland,DT Christian,BJ Dwarshuis,0,0,,,,,,caught,W Sutherland
ball,1,19.2,Melbourne Renegades,DT Christian,CJ Boyce,BJ Dwarshuis,1,0,,,,,,"",""
ball,1,19.3,Melbourne Renegades,CJ Boyce,DT Christian,BJ Dwarshuis,1,0,,,,,,"",""
ball,1,19.4,Melbourne Renegades,DT Christian,CJ Boyce,BJ Dwarshuis,1,0,,,,,,"",""
ball,1,19.5,Melbourne Renegades,CJ Boyce,DT Christian,BJ Dwarshuis,0,0,,,,,,"",""
ball,1,19.6,Melbourne Renegades,CJ Boyce,DT Christian,BJ Dwarshuis,1,0,,,,,,"",""
ball,2,0.1,Sydney Sixers,JR Philippe,DP Hughes,BJ Webster,6,0,,,,,,"",""
ball,2,0.2,Sydney Sixers,JR Philippe,DP Hughes,BJ Webster,0,0,,,,,,"",""
ball,2,0.3,Sydney Sixers,JR Philippe,DP Hughes,BJ Webster,1,0,,,,,,"",""
ball,2,0.4,Sydney Sixers,DP Hughes,JR Philippe,BJ Webster,0,0,,,,,,"",""
ball,2,0.5,Sydney Sixers,DP Hughes,JR Philippe,BJ Webster,1,0,,,,,,"",""
ball,2,0.6,Sydney Sixers,JR Philippe,DP Hughes,BJ Webster,1,0,,,,,,"",""
ball,2,1.1,Sydney Sixers,JR Philippe,DP Hughes,KW Richardson,0,0,,,,,,"",""
ball,2,1.2,Sydney Sixers,JR Philippe,DP Hughes,KW Richardson,1,0,,,,,,"",""
ball,2,1.3,Sydney Sixers,DP Hughes,JR Philippe,KW Richardson,1,0,,,,,,"",""
ball,2,1.4,Sydney Sixers,JR Philippe,DP Hughes,KW Richardson,0,0,,,,,,"",""
ball,2,1.5,Sydney Sixers,JR Philippe,DP Hughes,KW Richardson,1,0,,,,,,"",""
ball,2,1.6,Sydney Sixers,DP Hughes,JR Philippe,KW Richardson,1,0,,,,,,"",""
ball,2,2.1,Sydney Sixers,DP Hughes,JR Philippe,RJ Gleeson,1,0,,,,,,"",""
ball,2,2.2,Sydney Sixers,JR Philippe,DP Hughes,RJ Gleeson,0,0,,,,,,"",""
ball,2,2.3,Sydney Sixers,JR Philippe,DP Hughes,RJ Gleeson,0,0,,,,,,"",""
ball,2,2.4,Sydney Sixers,JR Philippe,DP Hughes,RJ Gleeson,1,0,,,,,,"",""
ball,2,2.5,Sydney Sixers,DP Hughes,JR Philippe,RJ Gleeson,1,0,,,,,,"",""
ball,2,2.6,Sydney Sixers,JR Philippe,DP Hughes,RJ Gleeson,1,0,,,,,,"",""
ball,2,3.1,Sydney Sixers,JR Philippe,DP Hughes,W Sutherland,0,0,,,,,,"",""
ball,2,3.2,Sydney Sixers,JR Philippe,DP Hughes,W Sutherland,2,0,,,,,,"",""
ball,2,3.3,Sydney Sixers,JR Philippe,DP Hughes,W Sutherland,2,0,,,,,,"",""
ball,2,3.4,Sydney Sixers,JR Philippe,DP Hughes,W Sutherland,1,0,,,,,,"",""
ball,2,3.5,Sydney Sixers,DP Hughes,JR Philippe,W Sutherland,4,0,,,,,,"",""
ball,2,3.6,Sydney Sixers,DP Hughes,JR Philippe,W Sutherland,4,0,,,,,,"",""
ball,2,4.1,Sydney Sixers,JR Philippe,DP Hughes,KW Richardson,1,0,,,,,,"",""
ball,2,4.2,Sydney Sixers,DP Hughes,JR Philippe,KW Richardson,0,1,1,,,,,"",""
ball,2,4.3,Sydney Sixers,DP Hughes,JR Philippe,KW Richardson,1,0,,,,,,"",""
ball,2,4.4,Sydney Sixers,JR Philippe,DP Hughes,KW Richardson,1,0,,,,,,"",""
ball,2,4.5,Sydney Sixers,DP Hughes,JR Philippe,KW Richardson,0,0,,,,,,"",""
ball,2,4.6,Sydney Sixers,DP Hughes,JR Philippe,KW Richardson,1,0,,,,,,"",""
ball,2,4.7,Sydney Sixers,JR Philippe,DP Hughes,KW Richardson,0,0,,,,,,"",""
ball,2,5.1,Sydney Sixers,DP Hughes,JR Philippe,BJ Webster,4,0,,,,,,"",""
ball,2,5.2,Sydney Sixers,DP Hughes,JR Philippe,BJ Webster,0,1,,,,1,,"",""
ball,2,5.3,Sydney Sixers,JR Philippe,DP Hughes,BJ Webster,1,0,,,,,,"",""
ball,2,5.4,Sydney Sixers,DP Hughes,JR Philippe,BJ Webster,1,0,,,,,,"",""
ball,2,5.5,Sydney Sixers,JR Philippe,DP Hughes,BJ Webster,1,0,,,,,,"",""
ball,2,5.6,Sydney Sixers,DP Hughes,JR Philippe,BJ Webster,1,0,,,,,,"",""
ball,2,6.1,Sydney Sixers,DP Hughes,JR Philippe,CJ Boyce,1,0,,,,,,"",""
ball,2,6.2,Sydney Sixers,JR Philippe,DP Hughes,CJ Boyce,1,0,,,,,,"",""
ball,2,6.3,Sydney Sixers,DP Hughes,JR Philippe,CJ Boyce,4,0,,,,,,"",""
ball,2,6.4,Sydney Sixers,DP Hughes,JR Philippe,CJ Boyce,1,0,,,,,,"",""
ball,2,6.5,Sydney Sixers,JR Philippe,DP Hughes,CJ Boyce,1,0,,,,,,"",""
ball,2,6.6,Sydney Sixers,DP Hughes,JR Philippe,CJ Boyce,1,0,,,,,,"",""
ball,2,7.1,Sydney Sixers,DP Hughes,JR Philippe,RJ Gleeson,0,0,,,,,,"",""
ball,2,7.2,Sydney Sixers,DP Hughes,JR Philippe,RJ Gleeson,2,0,,,,,,"",""
ball,2,7.3,Sydney Sixers,DP Hughes,JR Philippe,RJ Gleeson,1,0,,,,,,"",""
ball,2,7.4,Sydney Sixers,JR Philippe,DP Hughes,RJ Gleeson,2,0,,,,,,"",""
ball,2,7.5,Sydney Sixers,JR Philippe,DP Hughes,RJ Gleeson,0,0,,,,,,"",""
ball,2,7.6,Sydney Sixers,JR Philippe,DP Hughes,RJ Gleeson,2,0,,,,,,"",""
ball,2,8.1,Sydney Sixers,DP Hughes,JR Philippe,DT Christian,2,0,,,,,,"",""
ball,2,8.2,Sydney Sixers,DP Hughes,JR Philippe,DT Christian,1,0,,,,,,"",""
ball,2,8.3,Sydney Sixers,JR Philippe,DP Hughes,DT Christian,1,0,,,,,,"",""
ball,2,8.4,Sydney Sixers,DP Hughes,JR Philippe,DT Christian,1,0,,,,,,"",""
ball,2,8.5,Sydney Sixers,JR Philippe,DP Hughes,DT Christian,4,0,,,,,,"",""
ball,2,8.6,Sydney Sixers,JR Philippe,DP Hughes,DT Christian,1,0,,,,,,"",""
ball,2,9.1,Sydney Sixers,JR Philippe,DP Hughes,TD Andrews,0,0,,,,,,bowled,JR Philippe
ball,2,9.2,Sydney Sixers,JM Vince,DP Hughes,TD Andrews,1,0,,,,,,"",""
ball,2,9.3,Sydney Sixers,DP Hughes,JM Vince,TD Andrews,1,0,,,,,,"",""
ball,2,9.4,Sydney Sixers,JM Vince,DP Hughes,TD Andrews,1,0,,,,,,"",""
ball,2,9.5,Sydney Sixers,DP Hughes,JM Vince,TD Andrews,0,0,,,,,,"",""
ball,2,9.6,Sydney Sixers,DP Hughes,JM Vince,TD Andrews,1,0,,,,,,"",""
ball,2,10.1,Sydney Sixers,DP Hughes,JM Vince,CJ Boyce,2,0,,,,,,"",""
ball,2,10.2,Sydney Sixers,DP Hughes,JM Vince,CJ Boyce,1,0,,,,,,"",""
ball,2,10.3,Sydney Sixers,JM Vince,DP Hughes,CJ Boyce,1,0,,,,,,"",""
ball,2,10.4,Sydney Sixers,DP Hughes,JM Vince,CJ Boyce,0,0,,,,,,caught,DP Hughes
ball,2,10.5,Sydney Sixers,JM Vince,MC Henriques,CJ Boyce,1,0,,,,,,"",""
ball,2,10.6,Sydney Sixers,MC Henriques,JM Vince,CJ Boyce,0,0,,,,,,"",""
ball,2,11.1,Sydney Sixers,JM Vince,MC Henriques,TD Andrews,1,0,,,,,,"",""
ball,2,11.2,Sydney Sixers,MC Henriques,JM Vince,TD Andrews,0,0,,,,,,"",""
ball,2,11.3,Sydney Sixers,MC Henriques,JM Vince,TD Andrews,0,0,,,,,,lbw,MC Henriques
ball,2,11.4,Sydney Sixers,JC Silk,JM Vince,TD Andrews,1,0,,,,,,"",""
ball,2,11.5,Sydney Sixers,JM Vince,JC Silk,TD Andrews,4,0,,,,,,"",""
ball,2,11.6,Sydney Sixers,JM Vince,JC Silk,TD Andrews,1,0,,,,,,"",""
ball,2,12.1,Sydney Sixers,JM Vince,JC Silk,W Sutherland,1,0,,,,,,"",""
ball,2,12.2,Sydney Sixers,JC Silk,JM Vince,W Sutherland,0,0,,,,,,"",""
ball,2,12.3,Sydney Sixers,JC Silk,JM Vince,W Sutherland,1,0,,,,,,"",""
ball,2,12.4,Sydney Sixers,JM Vince,JC Silk,W Sutherland,1,0,,,,,,"",""
ball,2,12.5,Sydney Sixers,JC Silk,JM Vince,W Sutherland,1,0,,,,,,"",""
ball,2,12.6,Sydney Sixers,JM Vince,JC Silk,W Sutherland,4,0,,,,,,"",""
ball,2,13.1,Sydney Sixers,JC Silk,JM Vince,CJ Boyce,1,0,,,,,,"",""
ball,2,13.2,Sydney Sixers,JM Vince,JC Silk,CJ Boyce,1,0,,,,,,"",""
ball,2,13.3,Sydney Sixers,JC Silk,JM Vince,CJ Boyce,0,0,,,,,,"",""
ball,2,13.4,Sydney Sixers,JC Silk,JM Vince,CJ Boyce,1,0,,,,,,"",""
ball,2,13.5,Sydney Sixers,JM Vince,JC Silk,CJ Boyce,1,0,,,,,,"",""
ball,2,13.6,Sydney Sixers,JC Silk,JM Vince,CJ Boyce,2,0,,,,,,"",""
ball,2,14.1,Sydney Sixers,JM Vince,JC Silk,TD Andrews,1,0,,,,,,"",""
ball,2,14.2,Sydney Sixers,JC Silk,JM Vince,TD Andrews,1,0,,,,,,"",""
ball,2,14.3,Sydney Sixers,JM Vince,JC Silk,TD Andrews,2,0,,,,,,"",""
ball,2,14.4,Sydney Sixers,JM Vince,JC Silk,TD Andrews,1,0,,,,,,"",""
ball,2,14.5,Sydney Sixers,JC Silk,JM Vince,TD Andrews,2,0,,,,,,"",""
ball,2,14.6,Sydney Sixers,JC Silk,JM Vince,TD Andrews,4,0,,,,,,"",""
ball,2,15.1,Sydney Sixers,JM Vince,JC Silk,RJ Gleeson,4,0,,,,,,"",""
ball,2,15.2,Sydney Sixers,JM Vince,JC Silk,RJ Gleeson,0,0,,,,,,"",""
ball,2,15.3,Sydney Sixers,JM Vince,JC Silk,RJ Gleeson,1,0,,,,,,"",""
ball,2,15.4,Sydney Sixers,JC Silk,JM Vince,RJ Gleeson,1,0,,,,,,"",""
ball,2,15.5,Sydney Sixers,JM Vince,JC Silk,RJ Gleeson,2,0,,,,,,"",""
ball,2,15.6,Sydney Sixers,JM Vince,JC Silk,RJ Gleeson,1,0,,,,,,"",""
ball,2,16.1,Sydney Sixers,JM Vince,JC Silk,KW Richardson,1,0,,,,,,"",""
ball,2,16.2,Sydney Sixers,JC Silk,JM Vince,KW Richardson,1,0,,,,,,"",""
ball,2,16.3,Sydney Sixers,JM Vince,JC Silk,KW Richardson,1,0,,,,,,"",""
ball,2,16.4,Sydney Sixers,JC Silk,JM Vince,KW Richardson,1,0,,,,,,"",""
ball,2,16.5,Sydney Sixers,JM Vince,JC Silk,KW Richardson,1,0,,,,,,"",""
ball,2,16.6,Sydney Sixers,JC Silk,JM Vince,KW Richardson,1,0,,,,,,"",""
ball,2,17.1,Sydney Sixers,JC Silk,JM Vince,CJ Boyce,0,0,,,,,,"",""
ball,2,17.2,Sydney Sixers,JC Silk,JM Vince,CJ Boyce,2,0,,,,,,"",""
ball,2,17.3,Sydney Sixers,JC Silk,JM Vince,CJ Boyce,1,0,,,,,,"",""
ball,2,17.4,Sydney Sixers,JM Vince,JC Silk,CJ Boyce,2,0,,,,,,"",""
ball,2,17.5,Sydney Sixers,JM Vince,JC Silk,CJ Boyce,6,0,,,,,,"",""
ball,2,17.6,Sydney Sixers,JM Vince,JC Silk,CJ Boyce,0,0,,,,,,bowled,JM Vince
ball,2,18.1,Sydney Sixers,JC Silk,TK Curran,KW Richardson,0,0,,,,,,"",""
ball,2,18.2,Sydney Sixers,JC Silk,TK Curran,KW Richardson,6,0,,,,,,"",""
ball,2,18.3,Sydney Sixers,JC Silk,TK Curran,KW Richardson,0,0,,,,,,"",""
ball,2,18.4,Sydney Sixers,JC Silk,TK Curran,KW Richardson,0,0,,,,,,"",""
ball,2,18.5,Sydney Sixers,JC Silk,TK Curran,KW Richardson,1,0,,,,,,"",""
ball,2,18.6,Sydney Sixers,TK Curran,JC Silk,KW Richardson,0,0,,,,,,"",""
ball,2,19.1,Sydney Sixers,JC Silk,TK Curran,RJ Gleeson,1,0,,,,,,"",""
ball,2,19.2,Sydney Sixers,TK Curran,JC Silk,RJ Gleeson,0,1,,,1,,,"",""
ball,2,19.3,Sydney Sixers,JC Silk,TK Curran,RJ Gleeson,6,0,,,,,,"",""
ball,2,19.4,Sydney Sixers,JC Silk,TK Curran,RJ Gleeson,1,0,,,,,,"",""
ball,2,19.5,Sydney Sixers,TK Curran,JC Silk,RJ Gleeson,1,0,,,,,,"",""
