version,1.6.0
info,balls_per_over,6
info,team,Melbourne Renegades
info,team,Brisbane Heat
info,gender,male
info,season,2019/20
info,date,2020/01/27
info,event,Big Bash League
info,match_number,56
info,venue,Docklands Stadium
info,city,Melbourne
info,toss_winner,Brisbane Heat
info,toss_decision,bat
info,player_of_match,AJ Finch
info,umpire,P Wilson
info,umpire,PJ Gillespie
info,reserve_umpire,Mattis van Eck
info,tv_umpire,SAJ Craig
info,match_referee,DJ Harper
info,winner,Melbourne Renegades
info,winner_wickets,7
info,player,Brisbane Heat,SD Heazlett
info,player,Brisbane Heat,BCJ Cutting
info,player,Brisbane Heat,CA Lynn
info,player,Brisbane Heat,AB de Villiers
info,player,Brisbane Heat,MT Renshaw
info,player,Brisbane Heat,M Labuschagne
info,player,Brisbane Heat,JA Prestwidge
info,player,Brisbane Heat,JL Pattinson
info,player,Brisbane Heat,MJ Swepson
info,player,Brisbane Heat,B Laughlin
info,player,Brisbane Heat,Mujeeb Ur Rahman
info,player,Melbourne Renegades,TLW Cooper
info,player,Melbourne Renegades,AJ Finch
info,player,Melbourne Renegades,DT Christian
info,player,Melbourne Renegades,BJ Webster
info,player,Melbourne Renegades,Mohammad Nabi
info,player,Melbourne Renegades,W Sutherland
info,player,Melbourne Renegades,SR Patel
info,player,Melbourne Renegades,JD Wildermuth
info,player,Melbourne Renegades,BJ Stepien
info,player,Melbourne Renegades,CJ Boyce
info,player,Melbourne Renegades,Z Evans
info,registry,people,AB de Villiers,c4487b84
info,registry,people,AJ Finch,b8d490fd
info,registry,people,B Laughlin,b2a79f17
info,registry,people,BCJ Cutting,2e11c706
info,registry,people,BJ Stepien,a7060c81
info,registry,people,BJ Webster,56b93d46
info,registry,people,CA Lynn,45eda7c8
info,registry,people,CJ Boyce,51a60c16
info,registry,people,DJ Harper,0ec08b27
info,registry,people,DT Christian,2a2e6343
info,registry,people,JA Prestwidge,5f317fd4
info,registry,people,JD Wildermuth,f1c61793
info,registry,people,JL Pattinson,f752db61
info,registry,people,M Labuschagne,fa433be6
info,registry,people,MJ Swepson,86b4bf88
info,registry,people,MT Renshaw,218d4d78
info,registry,people,Mattis van Eck,bf1a68c1
info,registry,people,Mohammad Nabi,62af8546
info,registry,people,Mujeeb Ur Rahman,7d92277a
info,registry,people,P Wilson,68304a36
info,registry,people,PJ Gillespie,3e253a50
info,registry,people,SAJ Craig,689f2eed
info,registry,people,SD Heazlett,e00a9155
info,registry,people,SR Patel,18fac429
info,registry,people,TLW Cooper,2318ba22
info,registry,people,W Sutherland,bc2d4f2e
info,registry,people,Z Evans,8528effb
ball,1,0.1,Brisbane Heat,SD Heazlett,BCJ Cutting,TLW Cooper,0,0,,,,,,"",""
ball,1,0.2,Brisbane Heat,SD Heazlett,BCJ Cutting,TLW Cooper,1,0,,,,,,"",""
ball,1,0.3,Brisbane Heat,BCJ Cutting,SD Heazlett,TLW Cooper,0,1,,,,1,,"",""
ball,1,0.4,Brisbane Heat,SD Heazlett,BCJ Cutting,TLW Cooper,4,0,,,,,,"",""
ball,1,0.5,Brisbane Heat,SD Heazlett,BCJ Cutting,TLW Cooper,0,0,,,,,,"",""
ball,1,0.6,Brisbane Heat,SD Heazlett,BCJ Cutting,TLW Cooper,1,0,,,,,,"",""
ball,1,1.1,Brisbane Heat,SD Heazlett,BCJ Cutting,W Sutherland,0,0,,,,,,"",""
ball,1,1.2,Brisbane Heat,SD Heazlett,BCJ Cutting,W Sutherland,0,0,,,,,,"",""
ball,1,1.3,Brisbane Heat,SD Heazlett,BCJ Cutting,W Sutherland,0,0,,,,,,"",""
ball,1,1.4,Brisbane Heat,SD Heazlett,BCJ Cutting,W Sutherland,0,0,,,,,,caught,SD Heazlett
ball,1,1.5,Brisbane Heat,BCJ Cutting,CA Lynn,W Sutherland,4,0,,,,,,"",""
ball,1,1.6,Brisbane Heat,BCJ Cutting,CA Lynn,W Sutherland,2,0,,,,,,"",""
ball,1,2.1,Brisbane Heat,CA Lynn,BCJ Cutting,SR Patel,0,1,,,,1,,"",""
ball,1,2.2,Brisbane Heat,BCJ Cutting,CA Lynn,SR Patel,0,0,,,,,,"",""
ball,1,2.3,Brisbane Heat,BCJ Cutting,CA Lynn,SR Patel,2,0,,,,,,"",""
ball,1,2.4,Brisbane Heat,BCJ Cutting,CA Lynn,SR Patel,2,0,,,,,,"",""
ball,1,2.5,Brisbane Heat,BCJ Cutting,CA Lynn,SR Patel,1,0,,,,,,"",""
ball,1,2.6,Brisbane Heat,CA Lynn,BCJ Cutting,SR Patel,0,0,,,,,,"",""
ball,1,3.1,Brisbane Heat,BCJ Cutting,CA Lynn,W Sutherland,6,0,,,,,,"",""
ball,1,3.2,Brisbane Heat,BCJ Cutting,CA Lynn,W Sutherland,4,0,,,,,,"",""
ball,1,3.3,Brisbane Heat,BCJ Cutting,CA Lynn,W Sutherland,6,0,,,,,,"",""
ball,1,3.4,Brisbane Heat,BCJ Cutting,CA Lynn,W Sutherland,0,0,,,,,,lbw,BCJ Cutting
ball,1,3.5,Brisbane Heat,AB de Villiers,CA Lynn,W Sutherland,1,0,,,,,,"",""
ball,1,3.6,Brisbane Heat,CA Lynn,AB de Villiers,W Sutherland,0,0,,,,,,"",""
ball,1,4.1,Brisbane Heat,AB de Villiers,CA Lynn,SR Patel,4,0,,,,,,"",""
ball,1,4.2,Brisbane Heat,AB de Villiers,CA Lynn,SR Patel,1,0,,,,,,"",""
ball,1,4.3,Brisbane Heat,CA Lynn,AB de Villiers,SR Patel,4,0,,,,,,"",""
ball,1,4.4,Brisbane Heat,CA Lynn,AB de Villiers,SR Patel,0,0,,,,,,"",""
ball,1,4.5,Brisbane Heat,CA Lynn,AB de Villiers,SR Patel,0,1,,,,1,,"",""
ball,1,4.6,Brisbane Heat,AB de Villiers,CA Lynn,SR Patel,0,0,,,,,,bowled,AB de Villiers
ball,1,5.1,Brisbane Heat,CA Lynn,MT Renshaw,Z Evans,4,0,,,,,,"",""
ball,1,5.2,Brisbane Heat,CA Lynn,MT Renshaw,Z Evans,0,0,,,,,,"",""
ball,1,5.3,Brisbane Heat,CA Lynn,MT Renshaw,Z Evans,0,0,,,,,,"",""
ball,1,5.4,Brisbane Heat,CA Lynn,MT Renshaw,Z Evans,1,0,,,,,,"",""
ball,1,5.5,Brisbane Heat,MT Renshaw,CA Lynn,Z Evans,0,0,,,,,,"",""
ball,1,5.6,Brisbane Heat,MT Renshaw,CA Lynn,Z Evans,0,0,,,,,,"",""
ball,1,6.1,Brisbane Heat,CA Lynn,MT Renshaw,SR Patel,0,0,,,,,,"",""
ball,1,6.2,Brisbane Heat,CA Lynn,MT Renshaw,SR Patel,1,0,,,,,,"",""
ball,1,6.3,Brisbane Heat,MT Renshaw,CA Lynn,SR Patel,1,0,,,,,,"",""
ball,1,6.4,Brisbane Heat,CA Lynn,MT Renshaw,SR Patel,1,0,,,,,,"",""
ball,1,6.5,Brisbane Heat,MT Renshaw,CA Lynn,SR Patel,1,0,,,,,,"",""
ball,1,6.6,Brisbane Heat,CA Lynn,MT Renshaw,SR Patel,1,0,,,,,,"",""
ball,1,7.1,Brisbane Heat,CA Lynn,MT Renshaw,CJ Boyce,1,0,,,,,,"",""
ball,1,7.2,Brisbane Heat,MT Renshaw,CA Lynn,CJ Boyce,0,0,,,,,,"",""
ball,1,7.3,Brisbane Heat,MT Renshaw,CA Lynn,CJ Boyce,1,0,,,,,,"",""
ball,1,7.4,Brisbane Heat,CA Lynn,MT Renshaw,CJ Boyce,1,0,,,,,,"",""
ball,1,7.5,Brisbane Heat,MT Renshaw,CA Lynn,CJ Boyce,4,0,,,,,,"",""
ball,1,7.6,Brisbane Heat,MT Renshaw,CA Lynn,CJ Boyce,1,0,,,,,,"",""
ball,1,8.1,Brisbane Heat,MT Renshaw,CA Lynn,Mohammad Nabi,1,0,,,,,,"",""
ball,1,8.2,Brisbane Heat,CA Lynn,MT Renshaw,Mohammad Nabi,0,0,,,,,,bowled,CA Lynn
ball,1,8.3,Brisbane Heat,M Labuschagne,MT Renshaw,Mohammad Nabi,1,0,,,,,,"",""
ball,1,8.4,Brisbane Heat,MT Renshaw,M Labuschagne,Mohammad Nabi,1,0,,,,,,"",""
ball,1,8.5,Brisbane Heat,M Labuschagne,MT Renshaw,Mohammad Nabi,1,0,,,,,,"",""
ball,1,8.6,Brisbane Heat,MT Renshaw,M Labuschagne,Mohammad Nabi,1,0,,,,,,"",""
ball,1,9.1,Brisbane Heat,MT Renshaw,M Labuschagne,CJ Boyce,0,0,,,,,,"",""
ball,1,9.2,Brisbane Heat,MT Renshaw,M Labuschagne,CJ Boyce,0,0,,,,,,"",""
ball,1,9.3,Brisbane Heat,MT Renshaw,M Labuschagne,CJ Boyce,1,0,,,,,,"",""
ball,1,9.4,Brisbane Heat,M Labuschagne,MT Renshaw,CJ Boyce,0,0,,,,,,"",""
ball,1,9.5,Brisbane Heat,M Labuschagne,MT Renshaw,CJ Boyce,1,0,,,,,,"",""
ball,1,9.6,Brisbane Heat,MT Renshaw,M Labuschagne,CJ Boyce,0,0,,,,,,"",""
ball,1,10.1,Brisbane Heat,M Labuschagne,MT Renshaw,Mohammad Nabi,1,0,,,,,,"",""
ball,1,10.2,Brisbane Heat,MT Renshaw,M Labuschagne,Mohammad Nabi,1,0,,,,,,"",""
ball,1,10.3,Brisbane Heat,M Labuschagne,MT Renshaw,Mohammad Nabi,1,0,,,,,,"",""
ball,1,10.4,Brisbane Heat,MT Renshaw,M Labuschagne,Mohammad Nabi,0,0,,,,,,"",""
ball,1,10.5,Brisbane Heat,MT Renshaw,M Labuschagne,Mohammad Nabi,1,0,,,,,,"",""
ball,1,10.6,Brisbane Heat,M Labuschagne,MT Renshaw,Mohammad Nabi,1,0,,,,,,"",""
ball,1,11.1,Brisbane Heat,M Labuschagne,MT Renshaw,JD Wildermuth,1,0,,,,,,"",""
ball,1,11.2,Brisbane Heat,MT Renshaw,M Labuschagne,JD Wildermuth,2,0,,,,,,"",""
ball,1,11.3,Brisbane Heat,MT Renshaw,M Labuschagne,JD Wildermuth,4,0,,,,,,"",""
ball,1,11.4,Brisbane Heat,MT Renshaw,M Labuschagne,JD Wildermuth,0,0,,,,,,"",""
ball,1,11.5,Brisbane Heat,MT Renshaw,M Labuschagne,JD Wildermuth,1,0,,,,,,"",""
ball,1,11.6,Brisbane Heat,M Labuschagne,MT Renshaw,JD Wildermuth,1,0,,,,,,"",""
ball,1,12.1,Brisbane Heat,M Labuschagne,MT Renshaw,Mohammad Nabi,1,0,,,,,,"",""
ball,1,12.2,Brisbane Heat,MT Renshaw,M Labuschagne,Mohammad Nabi,0,0,,,,,,"",""
ball,1,12.3,Brisbane Heat,MT Renshaw,M Labuschagne,Mohammad Nabi,0,0,,,,,,"",""
ball,1,12.4,Brisbane Heat,MT Renshaw,M Labuschagne,Mohammad Nabi,0,0,,,,,,"",""
ball,1,12.5,Brisbane Heat,MT Renshaw,M Labuschagne,Mohammad Nabi,1,0,,,,,,"",""
ball,1,12.6,Brisbane Heat,M Labuschagne,MT Renshaw,Mohammad Nabi,1,0,,,,,,"",""
ball,1,13.1,Brisbane Heat,M Labuschagne,MT Renshaw,CJ Boyce,0,0,,,,,,"",""
ball,1,13.2,Brisbane Heat,M Labuschagne,MT Renshaw,CJ Boyce,1,0,,,,,,"",""
ball,1,13.3,Brisbane Heat,MT Renshaw,M Labuschagne,CJ Boyce,6,0,,,,,,"",""
ball,1,13.4,Brisbane Heat,MT Renshaw,M Labuschagne,CJ Boyce,1,0,,,,,,"",""
ball,1,13.5,Brisbane Heat,M Labuschagne,MT Renshaw,CJ Boyce,1,0,,,,,,"",""
ball,1,13.6,Brisbane Heat,MT Renshaw,M Labuschagne,CJ Boyce,1,0,,,,,,"",""
ball,1,14.1,Brisbane Heat,MT Renshaw,M Labuschagne,Mohammad Nabi,1,0,,,,,,"",""
ball,1,14.2,Brisbane Heat,M Labuschagne,MT Renshaw,Mohammad Nabi,1,0,,,,,,"",""
ball,1,14.3,Brisbane Heat,MT Renshaw,M Labuschagne,Mohammad Nabi,1,0,,,,,,"",""
ball,1,14.4,Brisbane Heat,M Labuschagne,MT Renshaw,Mohammad Nabi,4,0,,,,,,"",""
ball,1,14.5,Brisbane Heat,M Labuschagne,MT Renshaw,Mohammad Nabi,2,0,,,,,,"",""
ball,1,14.6,Brisbane Heat,M Labuschagne,MT Renshaw,Mohammad Nabi,1,0,,,,,,"",""
ball,1,15.1,Brisbane Heat,M Labuschagne,MT Renshaw,SR Patel,0,0,,,,,,"",""
ball,1,15.2,Brisbane Heat,M Labuschagne,MT Renshaw,SR Patel,1,0,,,,,,"",""
ball,1,15.3,Brisbane Heat,MT Renshaw,M Labuschagne,SR Patel,2,0,,,,,,"",""
ball,1,15.4,Brisbane Heat,MT Renshaw,M Labuschagne,SR Patel,0,0,,,,,,"",""
ball,1,15.5,Brisbane Heat,MT Renshaw,M Labuschagne,SR Patel,1,0,,,,,,"",""
ball,1,15.6,Brisbane Heat,M Labuschagne,MT Renshaw,SR Patel,0,0,,,,,,"",""
ball,1,16.1,Brisbane Heat,MT Renshaw,M Labuschagne,Z Evans,0,0,,,,,,"",""
ball,1,16.2,Brisbane Heat,MT Renshaw,M Labuschagne,Z Evans,1,0,,,,,,"",""
ball,1,16.3,Brisbane Heat,M Labuschagne,MT Renshaw,Z Evans,2,0,,,,,,"",""
ball,1,16.4,Brisbane Heat,M Labuschagne,MT Renshaw,Z Evans,2,0,,,,,,"",""
ball,1,16.5,Brisbane Heat,M Labuschagne,MT Renshaw,Z Evans,1,0,,,,,,"",""
ball,1,16.6,Brisbane Heat,MT Renshaw,M Labuschagne,Z Evans,6,0,,,,,,"",""
ball,1,17.1,Brisbane Heat,M Labuschagne,MT Renshaw,CJ Boyce,2,0,,,,,,"",""
ball,1,17.2,Brisbane Heat,M Labuschagne,MT Renshaw,CJ Boyce,0,0,,,,,,caught,M Labuschagne
ball,1,17.3,Brisbane Heat,MT Renshaw,JA Prestwidge,CJ Boyce,6,0,,,,,,"",""
ball,1,17.4,Brisbane Heat,MT Renshaw,JA Prestwidge,CJ Boyce,1,0,,,,,,"",""
ball,1,17.5,Brisbane Heat,JA Prestwidge,MT Renshaw,CJ Boyce,0,0,,,,,,"",""
ball,1,17.6,Brisbane Heat,JA Prestwidge,MT Renshaw,CJ Boyce,0,0,,,,,,"",""
ball,1,18.1,Brisbane Heat,MT Renshaw,JA Prestwidge,W Sutherland,1,0,,,,,,"",""
ball,1,18.2,Brisbane Heat,JA Prestwidge,MT Renshaw,W Sutherland,0,1,1,,,,,"",""
ball,1,18.3,Brisbane Heat,JA Prestwidge,MT Renshaw,W Sutherland,4,0,,,,,,"",""
ball,1,18.4,Brisbane Heat,JA Prestwidge,MT Renshaw,W Sutherland,0,0,,,,,,"",""
ball,1,18.5,Brisbane Heat,JA Prestwidge,MT Renshaw,W Sutherland,0,0,,,,,,"",""
ball,1,18.6,Brisbane Heat,JA Prestwidge,MT Renshaw,W Sutherland,0,0,,,,,,caught,JA Prestwidge
ball,1,18.7,Brisbane Heat,MT Renshaw,JL Pattinson,W Sutherland,1,0,,,,,,"",""
ball,1,19.1,Brisbane Heat,MT Renshaw,JL Pattinson,JD Wildermuth,0,0,,,,,,"",""
ball,1,19.2,Brisbane Heat,MT Renshaw,JL Pattinson,JD Wildermuth,2,0,,,,,,"",""
ball,1,19.3,Brisbane Heat,MT Renshaw,JL Pattinson,JD Wildermuth,6,0,,,,,,"",""
ball,1,19.4,Brisbane Heat,MT Renshaw,JL Pattinson,JD Wildermuth,2,0,,,,,,"",""
ball,1,19.5,Brisbane Heat,MT Renshaw,JL Pattinson,JD Wildermuth,4,0,,,,,,"",""
ball,1,19.6,Brisbane Heat,MT Renshaw,JL Pattinson,JD Wildermuth,0,0,,,,,,run out,MT Renshaw
ball,2,0.1,Melbourne Renegades,TLW Cooper,AJ Finch,JL Pattinson,0,0,,,,,,"",""
ball,2,0.2,Melbourne Renegades,TLW Cooper,AJ Finch,JL Pattinson,0,0,,,,,,"",""
ball,2,0.3,Melbourne Renegades,TLW Cooper,AJ Finch,JL Pattinson,1,0,,,,,,"",""
ball,2,0.4,Melbourne Renegades,AJ Finch,TLW Cooper,JL Pattinson,1,0,,,,,,"",""
ball,2,0.5,Melbourne Renegades,TLW Cooper,AJ Finch,JL Pattinson,4,0,,,,,,"",""
ball,2,0.6,Melbourne Renegades,TLW Cooper,AJ Finch,JL Pattinson,2,0,,,,,,"",""
ball,2,1.1,Melbourne Renegades,AJ Finch,TLW Cooper,BCJ Cutting,0,1,,,,1,,"",""
ball,2,1.2,Melbourne Renegades,TLW Cooper,AJ Finch,BCJ Cutting,4,0,,,,,,"",""
ball,2,1.3,Melbourne Renegades,TLW Cooper,AJ Finch,BCJ Cutting,2,0,,,,,,"",""
ball,2,1.4,Melbourne Renegades,TLW Cooper,AJ Finch,BCJ Cutting,6,0,,,,,,"",""
ball,2,1.5,Melbourne Renegades,TLW Cooper,AJ Finch,BCJ Cutting,4,0,,,,,,"",""
ball,2,1.6,Melbourne Renegades,TLW Cooper,AJ Finch,BCJ Cutting,0,0,,,,,,caught,TLW Cooper
ball,2,2.1,Melbourne Renegades,AJ Finch,DT Christian,JL Pattinson,0,0,,,,,,"",""
ball,2,2.2,Melbourne Renegades,AJ Finch,DT Christian,JL Pattinson,0,1,1,,,,,"",""
ball,2,2.3,Melbourne Renegades,AJ Finch,DT Christian,JL Pattinson,0,0,,,,,,"",""
ball,2,2.4,Melbourne Renegades,AJ Finch,DT Christian,JL Pattinson,0,1,1,,,,,"",""
ball,2,2.5,Melbourne Renegades,AJ Finch,DT Christian,JL Pattinson,0,0,,,,,,"",""
ball,2,2.6,Melbourne Renegades,AJ Finch,DT Christian,JL Pattinson,0,0,,,,,,"",""
ball,2,2.7,Melbourne Renegades,AJ Finch,DT Christian,JL Pattinson,0,1,1,,,,,"",""
ball,2,2.8,Melbourne Renegades,AJ Finch,DT Christian,JL Pattinson,1,0,,,,,,"",""
ball,2,2.9,Melbourne Renegades,DT Christian,AJ Finch,JL Pattinson,1,0,,,,,,"",""
ball,2,3.1,Melbourne Renegades,DT Christian,AJ Finch,Mujeeb Ur Rahman,0,0,,,,,,"",""
ball,2,3.2,Melbourne Renegades,DT Christian,AJ Finch,Mujeeb Ur Rahman,0,0,,,,,,"",""
ball,2,3.3,Melbourne Renegades,DT Christian,AJ Finch,Mujeeb Ur Rahman,0,0,,,,,,"",""
ball,2,3.4,Melbourne Renegades,DT Christian,AJ Finch,Mujeeb Ur Rahman,0,0,,,,,,"",""
ball,2,3.5,Melbourne Renegades,DT Christian,AJ Finch,Mujeeb Ur Rahman,0,0,,,,,,"",""
ball,2,3.6,Melbourne Renegades,DT Christian,AJ Finch,Mujeeb Ur Rahman,1,0,,,,,,"",""
ball,2,4.1,Melbourne Renegades,DT Christian,AJ Finch,JL Pattinson,4,0,,,,,,"",""
ball,2,4.2,Melbourne Renegades,DT Christian,AJ Finch,JL Pattinson,1,0,,,,,,"",""
ball,2,4.3,Melbourne Renegades,AJ Finch,DT Christian,JL Pattinson,0,1,,,,1,,"",""
ball,2,4.4,Melbourne Renegades,DT Christian,AJ Finch,JL Pattinson,0,0,,,,,,"",""
ball,2,4.5,Melbourne Renegades,DT Christian,AJ Finch,JL Pattinson,1,0,,,,,,"",""
ball,2,4.6,Melbourne Renegades,AJ Finch,DT Christian,JL Pattinson,6,0,,,,,,"",""
ball,2,5.1,Melbourne Renegades,DT Christian,AJ Finch,Mujeeb Ur Rahman,0,0,,,,,,caught,DT Christian
ball,2,5.2,Melbourne Renegades,BJ Webster,AJ Finch,Mujeeb Ur Rahman,0,0,,,,,,"",""
ball,2,5.3,Melbourne Renegades,BJ Webster,AJ Finch,Mujeeb Ur Rahman,0,0,,,,,,"",""
ball,2,5.4,Melbourne Renegades,BJ Webster,AJ Finch,Mujeeb Ur Rahman,1,0,,,,,,"",""
ball,2,5.5,Melbourne Renegades,AJ Finch,BJ Webster,Mujeeb Ur Rahman,0,0,,,,,,"",""
ball,2,5.6,Melbourne Renegades,AJ Finch,BJ Webster,Mujeeb Ur Rahman,0,0,,,,,,"",""
ball,2,6.1,Melbourne Renegades,BJ Webster,AJ Finch,B Laughlin,0,1,,,,1,,"",""
ball,2,6.2,Melbourne Renegades,AJ Finch,BJ Webster,B Laughlin,2,0,,,,,,"",""
ball,2,6.3,Melbourne Renegades,AJ Finch,BJ Webster,B Laughlin,0,1,1,,,,,"",""
ball,2,6.4,Melbourne Renegades,AJ Finch,BJ Webster,B Laughlin,1,0,,,,,,"",""
ball,2,6.5,Melbourne Renegades,BJ Webster,AJ Finch,B Laughlin,1,0,,,,,,"",""
ball,2,6.6,Melbourne Renegades,AJ Finch,BJ Webster,B Laughlin,0,0,,,,,,"",""
ball,2,6.7,Melbourne Renegades,AJ Finch,BJ Webster,B Laughlin,1,0,,,,,,"",""
ball,2,7.1,Melbourne Renegades,AJ Finch,BJ Webster,Mujeeb Ur Rahman,0,0,,,,,,"",""
ball,2,7.2,Melbourne Renegades,AJ Finch,BJ Webster,Mujeeb Ur Rahman,0,1,1,,,,,"",""
ball,2,7.3,Melbourne Renegades,AJ Finch,BJ Webster,Mujeeb Ur Rahman,1,0,,,,,,"",""
ball,2,7.4,Melbourne Renegades,BJ Webster,AJ Finch,Mujeeb Ur Rahman,0,0,,,,,,"",""
ball,2,7.5,Melbourne Renegades,BJ Webster,AJ Finch,Mujeeb Ur Rahman,0,0,,,,,,"",""
ball,2,7.6,Melbourne Renegades,BJ Webster,AJ Finch,Mujeeb Ur Rahman,0,0,,,,,,"",""
ball,2,7.7,Melbourne Renegades,BJ Webster,AJ Finch,Mujeeb Ur Rahman,1,0,,,,,,"",""
ball,2,8.1,Melbourne Renegades,BJ Webster,AJ Finch,MJ Swepson,0,0,,,,,,"",""
ball,2,8.2,Melbourne Renegades,BJ Webster,AJ Finch,MJ Swepson,0,0,,,,,,"",""
ball,2,8.3,Melbourne Renegades,BJ Webster,AJ Finch,MJ Swepson,2,0,,,,,,"",""
ball,2,8.4,Melbourne Renegades,BJ Webster,AJ Finch,MJ Swepson,1,0,,,,,,"",""
ball,2,8.5,Melbourne Renegades,AJ Finch,BJ Webster,MJ Swepson,1,0,,,,,,"",""
ball,2,8.6,Melbourne Renegades,BJ Webster,AJ Finch,MJ Swepson,1,0,,,,,,"",""
ball,2,9.1,Melbourne Renegades,BJ Webster,AJ Finch,BCJ Cutting,6,0,,,,,,"",""
ball,2,9.2,Melbourne Renegades,BJ Webster,AJ Finch,BCJ Cutting,1,0,,,,,,"",""
ball,2,9.3,Melbourne Renegades,AJ Finch,BJ Webster,BCJ Cutting,1,0,,,,,,"",""
ball,2,9.4,Melbourne Renegades,BJ Webster,AJ Finch,BCJ Cutting,0,0,,,,,,bowled,BJ Webster
ball,2,9.5,Melbourne Renegades,Mohammad Nabi,AJ Finch,BCJ Cutting,0,0,,,,,,"",""
ball,2,9.6,Melbourne Renegades,Mohammad Nabi,AJ Finch,BCJ Cutting,4,0,,,,,,"",""
ball,2,10.1,Melbourne Renegades,AJ Finch,Mohammad Nabi,MJ Swepson,0,0,,,,,,"",""
ball,2,10.2,Melbourne Renegades,AJ Finch,Mohammad Nabi,MJ Swepson,6,0,,,,,,"",""
ball,2,10.3,Melbourne Renegades,AJ Finch,Mohammad Nabi,MJ Swepson,1,0,,,,,,"",""
ball,2,10.4,Melbourne Renegades,Mohammad Nabi,AJ Finch,MJ Swepson,1,0,,,,,,"",""
ball,2,10.5,Melbourne Renegades,AJ Finch,Mohammad Nabi,MJ Swepson,1,0,,,,,,"",""
ball,2,10.6,Melbourne Renegades,Mohammad Nabi,AJ Finch,MJ Swepson,1,0,,,,,,"",""
ball,2,11.1,Melbourne Renegades,Mohammad Nabi,AJ Finch,Mujeeb Ur Rahman,4,0,,,,,,"",""
ball,2,11.2,Melbourne Renegades,Mohammad Nabi,AJ Finch,Mujeeb Ur Rahman,1,0,,,,,,"",""
ball,2,11.3,Melbourne Renegades,AJ Finch,Mohammad Nabi,Mujeeb Ur Rahman,1,0,,,,,,"",""
ball,2,11.4,Melbourne Renegades,Mohammad Nabi,AJ Finch,Mujeeb Ur Rahman,1,0,,,,,,"",""
ball,2,11.5,Melbourne Renegades,AJ Finch,Mohammad Nabi,Mujeeb Ur Rahman,1,0,,,,,,"",""
ball,2,11.6,Melbourne Renegades,Mohammad Nabi,AJ Finch,Mujeeb Ur Rahman,1,0,,,,,,"",""
ball,2,12.1,Melbourne Renegades,Mohammad Nabi,AJ Finch,B Laughlin,1,0,,,,,,"",""
ball,2,12.2,Melbourne Renegades,AJ Finch,Mohammad Nabi,B Laughlin,4,0,,,,,,"",""
ball,2,12.3,Melbourne Renegades,AJ Finch,Mohammad Nabi,B Laughlin,2,0,,,,,,"",""
ball,2,12.4,Melbourne Renegades,AJ Finch,Mohammad Nabi,B Laughlin,1,0,,,,,,"",""
ball,2,12.5,Melbourne Renegades,Mohammad Nabi,AJ Finch,B Laughlin,1,0,,,,,,"",""
ball,2,12.6,Melbourne Renegades,AJ Finch,Mohammad Nabi,B Laughlin,1,0,,,,,,"",""
ball,2,13.1,Melbourne Renegades,AJ Finch,Mohammad Nabi,JL Pattinson,0,1,1,,,,,"",""
ball,2,13.2,Melbourne Renegades,AJ Finch,Mohammad Nabi,JL Pattinson,1,0,,,,,,"",""
ball,2,13.3,Melbourne Renegades,Mohammad Nabi,AJ Finch,JL Pattinson,0,0,,,,,,"",""
ball,2,13.4,Melbourne Renegades,Mohammad Nabi,AJ Finch,JL Pattinson,0,0,,,,,,"",""
ball,2,13.5,Melbourne Renegades,Mohammad Nabi,AJ Finch,JL Pattinson,1,0,,,,,,"",""
ball,2,13.6,Melbourne Renegades,AJ Finch,Mohammad Nabi,JL Pattinson,1,0,,,,,,"",""
ball,2,13.7,Melbourne Renegades,Mohammad Nabi,AJ Finch,JL Pattinson,1,0,,,,,,"",""
ball,2,14.1,Melbourne Renegades,Mohammad Nabi,AJ Finch,MJ Swepson,1,0,,,,,,"",""
ball,2,14.2,Melbourne Renegades,AJ Finch,Mohammad Nabi,MJ Swepson,1,0,,,,,,"",""
ball,2,14.3,Melbourne Renegades,Mohammad Nabi,AJ Finch,MJ Swepson,0,0,,,,,,"",""
ball,2,14.4,Melbourne Renegades,Mohammad Nabi,AJ Finch,MJ Swepson,0,0,,,,,,"",""
ball,2,14.5,Melbourne Renegades,Mohammad Nabi,AJ Finch,MJ Swepson,0,0,,,,,,"",""
ball,2,14.6,Melbourne Renegades,Mohammad Nabi,AJ Finch,MJ Swepson,6,0,,,,,,"",""
ball,2,15.1,Melbourne Renegades,AJ Finch,Mohammad Nabi,B Laughlin,1,0,,,,,,"",""
ball,2,15.2,Melbourne Renegades,Mohammad Nabi,AJ Finch,B Laughlin,1,0,,,,,,"",""
ball,2,15.3,Melbourne Renegades,AJ Finch,Mohammad Nabi,B Laughlin,0,0,,,,,,"",""
ball,2,15.4,Melbourne Renegades,AJ Finch,Mohammad Nabi,B Laughlin,1,0,,,,,,"",""
ball,2,15.5,Melbourne Renegades,Mohammad Nabi,AJ Finch,B Laughlin,4,0,,,,,,"",""
ball,2,15.6,Melbourne Renegades,Mohammad Nabi,AJ Finch,B Laughlin,1,0,,,,,,"",""
ball,2,16.1,Melbourne Renegades,Mohammad Nabi,AJ Finch,MJ Swepson,1,0,,,,,,"",""
ball,2,16.2,Melbourne Renegades,AJ Finch,Mohammad Nabi,MJ Swepson,0,0,,,,,,"",""
ball,2,16.3,Melbourne Renegades,AJ Finch,Mohammad Nabi,MJ Swepson,0,0,,,,,,"",""
ball,2,16.4,Melbourne Renegades,AJ Finch,Mohammad Nabi,MJ Swepson,1,0,,,,,,"",""
ball,2,16.5,Melbourne Renegades,Mohammad Nabi,AJ Finch,MJ Swepson,1,0,,,,,,"",""
ball,2,16.6,Melbourne Renegades,AJ Finch,Mohammad Nabi,MJ Swepson,1,0,,,,,,"",""
ball,2,17.1,Melbourne Renegades,AJ Finch,Mohammad Nabi,M Labuschagne,0,0,,,,,,"",""
ball,2,17.2,Melbourne Renegades,AJ Finch,Mohammad Nabi,M Labuschagne,1,0,,,,,,"",""
ball,2,17.3,Melbourne Renegades,Mohammad Nabi,AJ Finch,M Labuschagne,1,0,,,,,,"",""
ball,2,17.4,Melbourne Renegades,AJ Finch,Mohammad Nabi,M Labuschagne,6,0,,,,,,"",""
ball,2,17.5,Melbourne Renegades,AJ Finch,Mohammad Nabi,M Labuschagne,1,0,,,,,,"",""
ball,2,17.6,Melbourne Renegades,Mohammad Nabi,AJ Finch,M Labuschagne,2,0,,,,,,"",""
ball,2,18.1,Melbourne Renegades,AJ Finch,Mohammad Nabi,B Laughlin,1,0,,,,,,"",""
ball,2,18.2,Melbourne Renegades,Mohammad Nabi,AJ Finch,B Laughlin,2,0,,,,,,"",""
ball,2,18.3,Melbourne Renegades,Mohammad Nabi,AJ Finch,B Laughlin,1,0,,,,,,"",""
ball,2,18.4,Melbourne Renegades,AJ Finch,Mohammad Nabi,B Laughlin,4,0,,,,,,"",""
ball,2,18.5,Melbourne Renegades,AJ Finch,Mohammad Nabi,B Laughlin,2,0,,,,,,"",""
ball,2,18.6,Melbourne Renegades,AJ Finch,Mohammad Nabi,B Laughlin,1,0,,,,,,"",""
ball,2,19.1,Melbourne Renegades,AJ Finch,Mohammad Nabi,BCJ Cutting,6,0,,,,,,"",""
ball,2,19.2,Melbourne Renegades,AJ Finch,Mohammad Nabi,BCJ Cutting,1,0,,,,,,"",""
