version,1.6.0
info,balls_per_over,6
info,team,Melbourne Stars
info,team,Adelaide Strikers
info,gender,male
info,season,2019/20
info,date,2019/12/27
info,event,Big Bash League
info,match_number,13
info,venue,Carrara Oval
info,city,Carrara
info,toss_winner,Melbourne Stars
info,toss_decision,field
info,player_of_match,JW Wells
info,umpire,SAJ Craig
info,umpire,SJ Nogajski
info,reserve_umpire,D Taylor
info,tv_umpire,DM Koch
info,match_referee,D Talalla
info,winner,Adelaide Strikers
info,winner_runs,5
info,player,Adelaide Strikers,PD Salt
info,player,Adelaide Strikers,J Weatherald
info,player,Adelaide Strikers,MW Short
info,player,Adelaide Strikers,AT Carey
info,player,Adelaide Strikers,JW Wells
info,player,Adelaide Strikers,Rashid Khan
info,player,Adelaide Strikers,CL White
info,player,Adelaide Strikers,C Valente
info,player,Adelaide Strikers,PM Siddle
info,player,Adelaide Strikers,WA Agar
info,player,Adelaide Strikers,B Stanlake
info,player,Melbourne Stars,NJ Maddinson
info,player,Melbourne Stars,MP Stoinis
info,player,Melbourne Stars,HWR Cartwright
info,player,Melbourne Stars,PSP Handscomb
info,player,Melbourne Stars,GJ Maxwell
info,player,Melbourne Stars,BR Dunk
info,player,Melbourne Stars,NM Coulter-Nile
info,player,Melbourne Stars,A Zampa
info,player,Melbourne Stars,DJ Worrall
info,player,Melbourne Stars,DW Steyn
info,player,Melbourne Stars,S Lamichhane
info,registry,people,A Zampa,14f96089
info,registry,people,AT Carey,69d03465
info,registry,people,B Stanlake,6834d1f2
info,registry,people,BR Dunk,272d796e
info,registry,people,C Valente,137e7065
info,registry,people,CL White,d0513f63
info,registry,people,D Talalla,dcfe6cdd
info,registry,people,D Taylor,b940a2b2
info,registry,people,DJ Worrall,208f22ea
info,registry,people,DM Koch,6d10c034
info,registry,people,DW Steyn,8fd1a8f5
info,registry,people,GJ Maxwell,b681e71e
info,registry,people,HWR Cartwright,ab965cad
info,registry,people,J Weatherald,edc7ddb6
info,registry,people,JW Wells,8bdac857
info,registry,people,MP Stoinis,d9273ee7
info,registry,people,MW Short,a90e53ec
info,registry,people,NJ Maddinson,44afbf2d
info,registry,people,NM Coulter-Nile,56ab442f
info,registry,people,PD Salt,3d284ca3
info,registry,people,PM Siddle,bd93fea4
info,registry,people,PSP Handscomb,ada15e88
info,registry,people,Rashid Khan,5f547c8b
info,registry,people,S Lamichhane,b410bd3d
info,registry,people,SAJ Craig,689f2eed
info,registry,people,SJ Nogajski,9b3f9323
info,registry,people,WA Agar,15de1f5d
ball,1,0.1,Adelaide Strikers,PD Salt,J Weatherald,DJ Worrall,0,1,1,,,,,"",""
ball,1,0.2,Adelaide Strikers,PD Salt,J Weatherald,DJ Worrall,0,0,,,,,,"",""
ball,1,0.3,Adelaide Strikers,PD Salt,J Weatherald,DJ Worrall,3,0,,,,,,"",""
ball,1,0.4,Adelaide Strikers,J Weatherald,PD Salt,DJ Worrall,1,0,,,,,,"",""
ball,1,0.5,Adelaide Strikers,PD Salt,J Weatherald,DJ Worrall,0,0,,,,,,"",""
ball,1,0.6,Adelaide Strikers,PD Salt,J Weatherald,DJ Worrall,4,0,,,,,,"",""
ball,1,0.7,Adelaide Strikers,PD Salt,J Weatherald,DJ Worrall,0,0,,,,,,"",""
ball,1,1.1,Adelaide Strikers,J Weatherald,PD Salt,DW Steyn,0,0,,,,,,"",""
ball,1,1.2,Adelaide Strikers,J Weatherald,PD Salt,DW Steyn,6,0,,,,,,"",""
ball,1,1.3,Adelaide Strikers,J Weatherald,PD Salt,DW Steyn,6,0,,,,,,"",""
ball,1,1.4,Adelaide Strikers,J Weatherald,PD Salt,DW Steyn,4,0,,,,,,"",""
ball,1,1.5,Adelaide Strikers,J Weatherald,PD Salt,DW Steyn,4,0,,,,,,"",""
ball,1,1.6,Adelaide Strikers,J Weatherald,PD Salt,DW Steyn,0,0,,,,,,caught,J Weatherald
ball,1,2.1,Adelaide Strikers,MW Short,PD Salt,DJ Worrall,1,0,,,,,,"",""
ball,1,2.2,Adelaide Strikers,PD Salt,MW Short,DJ Worrall,0,0,,,,,,"",""
ball,1,2.3,Adelaide Strikers,PD Salt,MW Short,DJ Worrall,1,0,,,,,,"",""
ball,1,2.4,Adelaide Strikers,MW Short,PD Salt,DJ Worrall,0,1,,,,1,,"",""
ball,1,2.5,Adelaide Strikers,PD Salt,MW Short,DJ Worrall,0,1,1,,,,,"",""
ball,1,2.6,Adelaide Strikers,PD Salt,MW Short,DJ Worrall,2,0,,,,,,"",""
ball,1,2.7,Adelaide Strikers,PD Salt,MW Short,DJ Worrall,4,0,,,,,,"",""
ball,1,3.1,Adelaide Strikers,MW Short,PD Salt,A Zampa,1,0,,,,,,"",""
ball,1,3.2,Adelaide Strikers,PD Salt,MW Short,A Zampa,0,0,,,,,,bowled,PD Salt
ball,1,3.3,Adelaide Strikers,AT Carey,MW Short,A Zampa,1,0,,,,,,"",""
ball,1,3.4,Adelaide Strikers,MW Short,AT Carey,A Zampa,0,0,,,,,,"",""
ball,1,3.5,Adelaide Strikers,MW Short,AT Carey,A Zampa,1,0,,,,,,"",""
ball,1,3.6,Adelaide Strikers,AT Carey,MW Short,A Zampa,0,0,,,,,,"",""
ball,1,4.1,Adelaide Strikers,MW Short,AT Carey,NM Coulter-Nile,2,0,,,,,,"",""
ball,1,4.2,Adelaide Strikers,MW Short,AT Carey,NM Coulter-Nile,0,0,,,,,,"",""
ball,1,4.3,Adelaide Strikers,MW Short,AT Carey,NM Coulter-Nile,0,1,,,,1,,"",""
ball,1,4.4,Adelaide Strikers,AT Carey,MW Short,NM Coulter-Nile,0,0,,,,,,"",""
ball,1,4.5,Adelaide Strikers,AT Carey,MW Short,NM Coulter-Nile,0,0,,,,,,"",""
ball,1,4.6,Adelaide Strikers,AT Carey,MW Short,NM Coulter-Nile,0,0,,,,,,"",""
ball,1,5.1,Adelaide Strikers,MW Short,AT Carey,S Lamichhane,1,0,,,,,,"",""
ball,1,5.2,Adelaide Strikers,AT Carey,MW Short,S Lamichhane,6,0,,,,,,"",""
ball,1,5.3,Adelaide Strikers,AT Carey,MW Short,S Lamichhane,1,0,,,,,,"",""
ball,1,5.4,Adelaide Strikers,MW Short,AT Carey,S Lamichhane,0,0,,,,,,bowled,MW Short
ball,1,5.5,Adelaide Strikers,JW Wells,AT Carey,S Lamichhane,0,0,,,,,,"",""
ball,1,5.6,Adelaide Strikers,JW Wells,AT Carey,S Lamichhane,0,0,,,,,,"",""
ball,1,6.1,Adelaide Strikers,AT Carey,JW Wells,GJ Maxwell,0,0,,,,,,"",""
ball,1,6.2,Adelaide Strikers,AT Carey,JW Wells,GJ Maxwell,1,0,,,,,,"",""
ball,1,6.3,Adelaide Strikers,JW Wells,AT Carey,GJ Maxwell,1,0,,,,,,"",""
ball,1,6.4,Adelaide Strikers,AT Carey,JW Wells,GJ Maxwell,0,0,,,,,,"",""
ball,1,6.5,Adelaide Strikers,AT Carey,JW Wells,GJ Maxwell,1,0,,,,,,"",""
ball,1,6.6,Adelaide Strikers,JW Wells,AT Carey,GJ Maxwell,1,0,,,,,,"",""
ball,1,7.1,Adelaide Strikers,JW Wells,AT Carey,S Lamichhane,0,0,,,,,,"",""
ball,1,7.2,Adelaide Strikers,JW Wells,AT Carey,S Lamichhane,3,0,,,,,,"",""
ball,1,7.3,Adelaide Strikers,AT Carey,JW Wells,S Lamichhane,1,0,,,,,,"",""
ball,1,7.4,Adelaide Strikers,JW Wells,AT Carey,S Lamichhane,0,1,,,,1,,"",""
ball,1,7.5,Adelaide Strikers,AT Carey,JW Wells,S Lamichhane,0,0,,,,,,"",""
ball,1,7.6,Adelaide Strikers,AT Carey,JW Wells,S Lamichhane,0,0,,,,,,"",""
ball,1,8.1,Adelaide Strikers,JW Wells,AT Carey,GJ Maxwell,1,0,,,,,,"",""
ball,1,8.2,Adelaide Strikers,AT Carey,JW Wells,GJ Maxwell,6,0,,,,,,"",""
ball,1,8.3,Adelaide Strikers,AT Carey,JW Wells,GJ Maxwell,3,0,,,,,,"",""
ball,1,8.4,Adelaide Strikers,JW Wells,AT Carey,GJ Maxwell,2,0,,,,,,"",""
ball,1,8.5,Adelaide Strikers,JW Wells,AT Carey,GJ Maxwell,1,0,,,,,,"",""
ball,1,8.6,Adelaide Strikers,AT Carey,JW Wells,GJ Maxwell,3,0,,,,,,"",""
ball,1,9.1,Adelaide Strikers,AT Carey,JW Wells,A Zampa,2,0,,,,,,"",""
ball,1,9.2,Adelaide Strikers,AT Carey,JW Wells,A Zampa,1,0,,,,,,"",""
ball,1,9.3,Adelaide Strikers,JW Wells,AT Carey,A Zampa,0,0,,,,,,"",""
ball,1,9.4,Adelaide Strikers,JW Wells,AT Carey,A Zampa,1,0,,,,,,"",""
ball,1,9.5,Adelaide Strikers,AT Carey,JW Wells,A Zampa,1,0,,,,,,"",""
ball,1,9.6,Adelaide Strikers,JW Wells,AT Carey,A Zampa,1,0,,,,,,"",""
ball,1,10.1,Adelaide Strikers,JW Wells,AT Carey,NM Coulter-Nile,1,0,,,,,,"",""
ball,1,10.2,Adelaide Strikers,AT Carey,JW Wells,NM Coulter-Nile,2,0,,,,,,"",""
ball,1,10.3,Adelaide Strikers,AT Carey,JW Wells,NM Coulter-Nile,0,1,,,,1,,"",""
ball,1,10.4,Adelaide Strikers,JW Wells,AT Carey,NM Coulter-Nile,1,0,,,,,,"",""
ball,1,10.5,Adelaide Strikers,AT Carey,JW Wells,NM Coulter-Nile,0,0,,,,,,"",""
ball,1,10.6,Adelaide Strikers,AT Carey,JW Wells,NM Coulter-Nile,1,0,,,,,,"",""
ball,1,11.1,Adelaide Strikers,AT Carey,JW Wells,DW Steyn,0,0,,,,,,"",""
ball,1,11.2,Adelaide Strikers,AT Carey,JW Wells,DW Steyn,0,0,,,,,,"",""
ball,1,11.3,Adelaide Strikers,AT Carey,JW Wells,DW Steyn,1,0,,,,,,"",""
ball,1,11.4,Adelaide Strikers,JW Wells,AT Carey,DW Steyn,0,0,,,,,,"",""
ball,1,11.5,Adelaide Strikers,JW Wells,AT Carey,DW Steyn,0,0,,,,,,"",""
ball,1,11.6,Adelaide Strikers,JW Wells,AT Carey,DW Steyn,2,0,,,,,,"",""
ball,1,12.1,Adelaide Strikers,AT Carey,JW Wells,NM Coulter-Nile,0,1,,,,1,,"",""
ball,1,12.2,Adelaide Strikers,JW Wells,AT Carey,NM Coulter-Nile,1,0,,,,,,"",""
ball,1,12.3,Adelaide Strikers,AT Carey,JW Wells,NM Coulter-Nile,1,0,,,,,,"",""
ball,1,12.4,Adelaide Strikers,JW Wells,AT Carey,NM Coulter-Nile,1,0,,,,,,"",""
ball,1,12.5,Adelaide Strikers,AT Carey,JW Wells,NM Coulter-Nile,2,0,,,,,,"",""
ball,1,12.6,Adelaide Strikers,AT Carey,JW Wells,NM Coulter-Nile,1,0,,,,,,"",""
ball,1,13.1,Adelaide Strikers,AT Carey,JW Wells,A Zampa,1,0,,,,,,"",""
ball,1,13.2,Adelaide Strikers,JW Wells,AT Carey,A Zampa,0,0,,,,,,"",""
ball,1,13.3,Adelaide Strikers,JW Wells,AT Carey,A Zampa,3,0,,,,,,"",""
ball,1,13.4,Adelaide Strikers,AT Carey,JW Wells,A Zampa,1,0,,,,,,"",""
ball,1,13.5,Adelaide Strikers,JW Wells,AT Carey,A Zampa,0,0,,,,,,"",""
ball,1,13.6,Adelaide Strikers,JW Wells,AT Carey,A Zampa,4,0,,,,,,"",""
ball,1,14.1,Adelaide Strikers,AT Carey,JW Wells,S Lamichhane,1,0,,,,,,"",""
ball,1,14.2,Adelaide Strikers,JW Wells,AT Carey,S Lamichhane,0,0,,,,,,"",""
ball,1,14.3,Adelaide Strikers,JW Wells,AT Carey,S Lamichhane,1,0,,,,,,"",""
ball,1,14.4,Adelaide Strikers,AT Carey,JW Wells,S Lamichhane,0,0,,,,,,"",""
ball,1,14.5,Adelaide Strikers,AT Carey,JW Wells,S Lamichhane,0,4,,,4,,,"",""
ball,1,14.6,Adelaide Strikers,AT Carey,JW Wells,S Lamichhane,1,0,,,,,,"",""
ball,1,15.1,Adelaide Strikers,AT Carey,JW Wells,DJ Worrall,1,0,,,,,,"",""
ball,1,15.2,Adelaide Strikers,JW Wells,AT Carey,DJ Worrall,2,0,,,,,,"",""
ball,1,15.3,Adelaide Strikers,JW Wells,AT Carey,DJ Worrall,4,0,,,,,,"",""
ball,1,15.4,Adelaide Strikers,JW Wells,AT Carey,DJ Worrall,2,0,,,,,,"",""
ball,1,15.5,Adelaide Strikers,JW Wells,AT Carey,DJ Worrall,2,0,,,,,,"",""
ball,1,15.6,Adelaide Strikers,JW Wells,AT Carey,DJ Worrall,1,0,,,,,,"",""
ball,1,16.1,Adelaide Strikers,JW Wells,AT Carey,A Zampa,1,0,,,,,,"",""
ball,1,16.2,Adelaide Strikers,AT Carey,JW Wells,A Zampa,2,0,,,,,,"",""
ball,1,16.3,Adelaide Strikers,AT Carey,JW Wells,A Zampa,1,0,,,,,,"",""
ball,1,16.4,Adelaide Strikers,JW Wells,AT Carey,A Zampa,1,0,,,,,,"",""
ball,1,16.5,Adelaide Strikers,AT Carey,JW Wells,A Zampa,1,0,,,,,,"",""
ball,1,16.6,Adelaide Strikers,JW Wells,AT Carey,A Zampa,0,1,1,,,,,"",""
ball,1,16.7,Adelaide Strikers,JW Wells,AT Carey,A Zampa,1,0,,,,,,"",""
ball,1,17.1,Adelaide Strikers,JW Wells,AT Carey,DW Steyn,2,0,,,,,,"",""
ball,1,17.2,Adelaide Strikers,JW Wells,AT Carey,DW Steyn,1,0,,,,,,"",""
ball,1,17.3,Adelaide Strikers,AT Carey,JW Wells,DW Steyn,0,0,,,,,,"",""
ball,1,17.4,Adelaide Strikers,AT Carey,JW Wells,DW Steyn,0,0,,,,,,"",""
ball,1,17.5,Adelaide Strikers,AT Carey,JW Wells,DW Steyn,1,0,,,,,,"",""
ball,1,17.6,Adelaide Strikers,JW Wells,AT Carey,DW Steyn,2,0,,,,,,"",""
ball,1,18.1,Adelaide Strikers,AT Carey,JW Wells,DJ Worrall,0,0,,,,,,caught,AT Carey
ball,1,18.2,Adelaide Strikers,JW Wells,Rashid Khan,DJ Worrall,0,1,1,,,,,"",""
ball,1,18.3,Adelaide Strikers,JW Wells,Rashid Khan,DJ Worrall,0,1,1,,,,,"",""
ball,1,18.4,Adelaide Strikers,JW Wells,Rashid Khan,DJ Worrall,4,0,,,,,,"",""
ball,1,18.5,Adelaide Strikers,JW Wells,Rashid Khan,DJ Worrall,2,0,,,,,,"",""
ball,1,18.6,Adelaide Strikers,JW Wells,Rashid Khan,DJ Worrall,2,0,,,,,,"",""
ball,1,18.7,Adelaide Strikers,JW Wells,Rashid Khan,DJ Worrall,1,0,,,,,,"",""
ball,1,18.8,Adelaide Strikers,Rashid Khan,JW Wells,DJ Worrall,4,0,,,,,,"",""
ball,1,19.1,Adelaide Strikers,JW Wells,Rashid Khan,NM Coulter-Nile,4,0,,,,,,"",""
ball,1,19.2,Adelaide Strikers,JW Wells,Rashid Khan,NM Coulter-Nile,4,0,,,,,,"",""
ball,1,19.3,Adelaide Strikers,JW Wells,Rashid Khan,NM Coulter-Nile,4,0,,,,,,"",""
ball,1,19.4,Adelaide Strikers,JW Wells,Rashid Khan,NM Coulter-Nile,2,0,,,,,,"",""
ball,1,19.5,Adelaide Strikers,JW Wells,Rashid Khan,NM Coulter-Nile,1,0,,,,,,"",""
ball,1,19.6,Adelaide Strikers,Rashid Khan,JW Wells,NM Coulter-Nile,2,0,,,,,,"",""
ball,2,0.1,Melbourne Stars,NJ Maddinson,MP Stoinis,B Stanlake,0,0,,,,,,"",""
ball,2,0.2,Melbourne Stars,NJ Maddinson,MP Stoinis,B Stanlake,0,0,,,,,,"",""
ball,2,0.3,Melbourne Stars,NJ Maddinson,MP Stoinis,B Stanlake,1,0,,,,,,"",""
ball,2,0.4,Melbourne Stars,MP Stoinis,NJ Maddinson,B Stanlake,0,0,,,,,,"",""
ball,2,0.5,Melbourne Stars,MP Stoinis,NJ Maddinson,B Stanlake,0,1,1,,,,,"",""
ball,2,0.6,Melbourne Stars,MP Stoinis,NJ Maddinson,B Stanlake,0,5,5,,,,,"",""
ball,2,0.7,Melbourne Stars,MP Stoinis,NJ Maddinson,B Stanlake,1,0,,,,,,"",""
ball,2,0.8,Melbourne Stars,NJ Maddinson,MP Stoinis,B Stanlake,0,0,,,,,,"",""
ball,2,1.1,Melbourne Stars,MP Stoinis,NJ Maddinson,WA Agar,0,0,,,,,,"",""
ball,2,1.2,Melbourne Stars,MP Stoinis,NJ Maddinson,WA Agar,1,0,,,,,,"",""
ball,2,1.3,Melbourne Stars,NJ Maddinson,MP Stoinis,WA Agar,0,0,,,,,,caught,NJ Maddinson
ball,2,1.4,Melbourne Stars,MP Stoinis,HWR Cartwright,WA Agar,0,0,,,,,,"",""
ball,2,1.5,Melbourne Stars,MP Stoinis,HWR Cartwright,WA Agar,0,0,,,,,,"",""
ball,2,1.6,Melbourne Stars,MP Stoinis,HWR Cartwright,WA Agar,6,0,,,,,,"",""
ball,2,2.1,Melbourne Stars,HWR Cartwright,MP Stoinis,B Stanlake,0,0,,,,,,"",""
ball,2,2.2,Melbourne Stars,HWR Cartwright,MP Stoinis,B Stanlake,4,0,,,,,,"",""
ball,2,2.3,Melbourne Stars,HWR Cartwright,MP Stoinis,B Stanlake,1,0,,,,,,"",""
ball,2,2.4,Melbourne Stars,MP Stoinis,HWR Cartwright,B Stanlake,0,0,,,,,,"",""
ball,2,2.5,Melbourne Stars,MP Stoinis,HWR Cartwright,B Stanlake,0,0,,,,,,"",""
ball,2,2.6,Melbourne Stars,MP Stoinis,HWR Cartwright,B Stanlake,1,0,,,,,,"",""
ball,2,3.1,Melbourne Stars,MP Stoinis,HWR Cartwright,PM Siddle,0,0,,,,,,"",""
ball,2,3.2,Melbourne Stars,MP Stoinis,HWR Cartwright,PM Siddle,0,1,,,,1,,"",""
ball,2,3.3,Melbourne Stars,HWR Cartwright,MP Stoinis,PM Siddle,0,0,,,,,,"",""
ball,2,3.4,Melbourne Stars,HWR Cartwright,MP Stoinis,PM Siddle,2,0,,,,,,"",""
ball,2,3.5,Melbourne Stars,HWR Cartwright,MP Stoinis,PM Siddle,0,0,,,,,,caught,HWR Cartwright
ball,2,3.6,Melbourne Stars,PSP Handscomb,MP Stoinis,PM Siddle,0,0,,,,,,"",""
ball,2,4.1,Melbourne Stars,MP Stoinis,PSP Handscomb,WA Agar,4,0,,,,,,"",""
ball,2,4.2,Melbourne Stars,MP Stoinis,PSP Handscomb,WA Agar,0,0,,,,,,"",""
ball,2,4.3,Melbourne Stars,MP Stoinis,PSP Handscomb,WA Agar,0,1,1,,,,,"",""
ball,2,4.4,Melbourne Stars,MP Stoinis,PSP Handscomb,WA Agar,1,0,,,,,,"",""
ball,2,4.5,Melbourne Stars,PSP Handscomb,MP Stoinis,WA Agar,1,0,,,,,,"",""
ball,2,4.6,Melbourne Stars,MP Stoinis,PSP Handscomb,WA Agar,4,0,,,,,,"",""
ball,2,4.7,Melbourne Stars,MP Stoinis,PSP Handscomb,WA Agar,1,0,,,,,,"",""
ball,2,5.1,Melbourne Stars,MP Stoinis,PSP Handscomb,PM Siddle,1,0,,,,,,"",""
ball,2,5.2,Melbourne Stars,PSP Handscomb,MP Stoinis,PM Siddle,0,0,,,,,,"",""
ball,2,5.3,Melbourne Stars,PSP Handscomb,MP Stoinis,PM Siddle,0,0,,,,,,"",""
ball,2,5.4,Melbourne Stars,PSP Handscomb,MP Stoinis,PM Siddle,0,0,,,,,,"",""
ball,2,5.5,Melbourne Stars,PSP Handscomb,MP Stoinis,PM Siddle,1,0,,,,,,"",""
ball,2,5.6,Melbourne Stars,MP Stoinis,PSP Handscomb,PM Siddle,1,0,,,,,,"",""
ball,2,6.1,Melbourne Stars,MP Stoinis,PSP Handscomb,C Valente,0,1,1,,,,,"",""
ball,2,6.2,Melbourne Stars,MP Stoinis,PSP Handscomb,C Valente,0,0,,,,,,"",""
ball,2,6.3,Melbourne Stars,MP Stoinis,PSP Handscomb,C Valente,0,0,,,,,,"",""
ball,2,6.4,Melbourne Stars,MP Stoinis,PSP Handscomb,C Valente,0,1,1,,,,,"",""
ball,2,6.5,Melbourne Stars,MP Stoinis,PSP Handscomb,C Valente,1,0,,,,,,"",""
ball,2,6.6,Melbourne Stars,PSP Handscomb,MP Stoinis,C Valente,1,0,,,,,,"",""
ball,2,6.7,Melbourne Stars,MP Stoinis,PSP Handscomb,C Valente,0,0,,,,,,"",""
ball,2,6.8,Melbourne Stars,MP Stoinis,PSP Handscomb,C Valente,2,0,,,,,,"",""
ball,2,7.1,Melbourne Stars,PSP Handscomb,MP Stoinis,B Stanlake,0,0,,,,,,"",""
ball,2,7.2,Melbourne Stars,PSP Handscomb,MP Stoinis,B Stanlake,4,0,,,,,,"",""
ball,2,7.3,Melbourne Stars,PSP Handscomb,MP Stoinis,B Stanlake,2,0,,,,,,"",""
ball,2,7.4,Melbourne Stars,PSP Handscomb,MP Stoinis,B Stanlake,0,0,,,,,,"",""
ball,2,7.5,Melbourne Stars,PSP Handscomb,MP Stoinis,B Stanlake,1,0,,,,,,"",""
ball,2,7.6,Melbourne Stars,MP Stoinis,PSP Handscomb,B Stanlake,1,0,,,,,,"",""
ball,2,8.1,Melbourne Stars,MP Stoinis,PSP Handscomb,Rashid Khan,1,0,,,,,,"",""
ball,2,8.2,Melbourne Stars,PSP Handscomb,MP Stoinis,Rashid Khan,1,0,,,,,,"",""
ball,2,8.3,Melbourne Stars,MP Stoinis,PSP Handscomb,Rashid Khan,1,0,,,,,,"",""
ball,2,8.4,Melbourne Stars,PSP Handscomb,MP Stoinis,Rashid Khan,2,0,,,,,,"",""
ball,2,8.5,Melbourne Stars,PSP Handscomb,MP Stoinis,Rashid Khan,0,0,,,,,,"",""
ball,2,8.6,Melbourne Stars,PSP Handscomb,MP Stoinis,Rashid Khan,1,0,,,,,,"",""
ball,2,9.1,Melbourne Stars,PSP Handscomb,MP Stoinis,C Valente,1,0,,,,,,"",""
ball,2,9.2,Melbourne Stars,MP Stoinis,PSP Handscomb,C Valente,0,0,,,,,,"",""
ball,2,9.3,Melbourne Stars,MP Stoinis,PSP Handscomb,C Valente,6,0,,,,,,"",""
ball,2,9.4,Melbourne Stars,MP Stoinis,PSP Handscomb,C Valente,0,0,,,,,,"",""
ball,2,9.5,Melbourne Stars,MP Stoinis,PSP Handscomb,C Valente,0,0,,,,,,caught and bowled,MP Stoinis
ball,2,9.6,Melbourne Stars,GJ Maxwell,PSP Handscomb,C Valente,1,0,,,,,,"",""
ball,2,10.1,Melbourne Stars,GJ Maxwell,PSP Handscomb,Rashid Khan,0,0,,,,,,"",""
ball,2,10.2,Melbourne Stars,GJ Maxwell,PSP Handscomb,Rashid Khan,1,0,,,,,,"",""
ball,2,10.3,Melbourne Stars,PSP Handscomb,GJ Maxwell,Rashid Khan,0,0,,,,,,"",""
ball,2,10.4,Melbourne Stars,PSP Handscomb,GJ Maxwell,Rashid Khan,1,0,,,,,,"",""
ball,2,10.5,Melbourne Stars,GJ Maxwell,PSP Handscomb,Rashid Khan,0,0,,,,,,"",""
ball,2,10.6,Melbourne Stars,GJ Maxwell,PSP Handscomb,Rashid Khan,1,0,,,,,,"",""
ball,2,11.1,Melbourne Stars,GJ Maxwell,PSP Handscomb,B Stanlake,0,0,,,,,,"",""
ball,2,11.2,Melbourne Stars,GJ Maxwell,PSP Handscomb,B Stanlake,1,0,,,,,,"",""
ball,2,11.3,Melbourne Stars,PSP Handscomb,GJ Maxwell,B Stanlake,0,0,,,,,,"",""
ball,2,11.4,Melbourne Stars,PSP Handscomb,GJ Maxwell,B Stanlake,4,0,,,,,,"",""
ball,2,11.5,Melbourne Stars,PSP Handscomb,GJ Maxwell,B Stanlake,4,0,,,,,,"",""
ball,2,11.6,Melbourne Stars,PSP Handscomb,GJ Maxwell,B Stanlake,1,0,,,,,,"",""
ball,2,12.1,Melbourne Stars,PSP Handscomb,GJ Maxwell,C Valente,6,0,,,,,,"",""
ball,2,12.2,Melbourne Stars,PSP Handscomb,GJ Maxwell,C Valente,1,0,,,,,,"",""
ball,2,12.3,Melbourne Stars,GJ Maxwell,PSP Handscomb,C Valente,1,0,,,,,,"",""
ball,2,12.4,Melbourne Stars,PSP Handscomb,GJ Maxwell,C Valente,1,0,,,,,,"",""
ball,2,12.5,Melbourne Stars,GJ Maxwell,PSP Handscomb,C Valente,0,1,,,,1,,"",""
ball,2,12.6,Melbourne Stars,PSP Handscomb,GJ Maxwell,C Valente,1,0,,,,,,"",""
ball,2,13.1,Melbourne Stars,PSP Handscomb,GJ Maxwell,Rashid Khan,0,0,,,,,,stumped,PSP Handscomb
ball,2,13.2,Melbourne Stars,BR Dunk,GJ Maxwell,Rashid Khan,2,0,,,,,,"",""
ball,2,13.3,Melbourne Stars,BR Dunk,GJ Maxwell,Rashid Khan,1,0,,,,,,"",""
ball,2,13.4,Melbourne Stars,GJ Maxwell,BR Dunk,Rashid Khan,6,0,,,,,,"",""
ball,2,13.5,Melbourne Stars,GJ Maxwell,BR Dunk,Rashid Khan,0,0,,,,,,"",""
ball,2,13.6,Melbourne Stars,GJ Maxwell,BR Dunk,Rashid Khan,0,1,,,,1,,"",""
ball,2,14.1,Melbourne Stars,GJ Maxwell,BR Dunk,C Valente,4,0,,,,,,"",""
ball,2,14.2,Melbourne Stars,GJ Maxwell,BR Dunk,C Valente,0,1,1,,,,,"",""
ball,2,14.3,Melbourne Stars,GJ Maxwell,BR Dunk,C Valente,6,0,,,,,,"",""
ball,2,14.4,Melbourne Stars,GJ Maxwell,BR Dunk,C Valente,2,0,,,,,,"",""
ball,2,14.5,Melbourne Stars,GJ Maxwell,BR Dunk,C Valente,1,0,,,,,,"",""
ball,2,14.6,Melbourne Stars,BR Dunk,GJ Maxwell,C Valente,1,0,,,,,,"",""
ball,2,14.7,Melbourne Stars,GJ Maxwell,BR Dunk,C Valente,1,0,,,,,,"",""
ball,2,15.1,Melbourne Stars,GJ Maxwell,BR Dunk,WA Agar,1,0,,,,,,"",""
ball,2,15.2,Melbourne Stars,BR Dunk,GJ Maxwell,WA Agar,1,0,,,,,,"",""
ball,2,15.3,Melbourne Stars,GJ Maxwell,BR Dunk,WA Agar,6,0,,,,,,"",""
ball,2,15.4,Melbourne Stars,GJ Maxwell,BR Dunk,WA Agar,1,0,,,,,,"",""
ball,2,15.5,Melbourne Stars,BR Dunk,GJ Maxwell,WA Agar,1,0,,,,,,"",""
ball,2,15.6,Melbourne Stars,GJ Maxwell,BR Dunk,WA Agar,6,0,,,,,,"",""
ball,2,16.1,Melbourne Stars,BR Dunk,GJ Maxwell,Rashid Khan,1,0,,,,,,"",""
ball,2,16.2,Melbourne Stars,GJ Maxwell,BR Dunk,Rashid Khan,1,0,,,,,,"",""
ball,2,16.3,Melbourne Stars,BR Dunk,GJ Maxwell,Rashid Khan,0,0,,,,,,"",""
ball,2,16.4,Melbourne Stars,BR Dunk,GJ Maxwell,Rashid Khan,1,0,,,,,,"",""
ball,2,16.5,Melbourne Stars,GJ Maxwell,BR Dunk,Rashid Khan,1,0,,,,,,"",""
ball,2,16.6,Melbourne Stars,BR Dunk,GJ Maxwell,Rashid Khan,1,0,,,,,,"",""
ball,2,17.1,Melbourne Stars,BR Dunk,GJ Maxwell,PM Siddle,1,0,,,,,,"",""
ball,2,17.2,Melbourne Stars,GJ Maxwell,BR Dunk,PM Siddle,2,0,,,,,,"",""
ball,2,17.3,Melbourne Stars,GJ Maxwell,BR Dunk,PM Siddle,0,0,,,,,,bowled,GJ Maxwell
ball,2,17.4,Melbourne Stars,NM Coulter-Nile,BR Dunk,PM Siddle,0,0,,,,,,"",""
ball,2,17.5,Melbourne Stars,NM Coulter-Nile,BR Dunk,PM Siddle,4,0,,,,,,"",""
ball,2,17.6,Melbourne Stars,NM Coulter-Nile,BR Dunk,PM Siddle,6,0,,,,,,"",""
ball,2,18.1,Melbourne Stars,BR Dunk,NM Coulter-Nile,WA Agar,1,0,,,,,,"",""
ball,2,18.2,Melbourne Stars,NM Coulter-Nile,BR Dunk,WA Agar,1,0,,,,,,"",""
ball,2,18.3,Melbourne Stars,BR Dunk,NM Coulter-Nile,WA Agar,1,0,,,,,,"",""
ball,2,18.4,Melbourne Stars,NM Coulter-Nile,BR Dunk,WA Agar,4,0,,,,,,"",""
ball,2,18.5,Melbourne Stars,NM Coulter-Nile,BR Dunk,WA Agar,0,0,,,,,,"",""
ball,2,18.6,Melbourne Stars,NM Coulter-Nile,BR Dunk,WA Agar,0,1,1,,,,,"",""
ball,2,18.7,Melbourne Stars,NM Coulter-Nile,BR Dunk,WA Agar,4,0,,,,,,"",""
ball,2,19.1,Melbourne Stars,BR Dunk,NM Coulter-Nile,PM Siddle,2,0,,,,,,"",""
ball,2,19.2,Melbourne Stars,BR Dunk,NM Coulter-Nile,PM Siddle,1,0,,,,,,"",""
ball,2,19.3,Melbourne Stars,NM Coulter-Nile,BR Dunk,PM Siddle,1,0,,,,,,"",""
ball,2,19.4,Melbourne Stars,BR Dunk,NM Coulter-Nile,PM Siddle,2,0,,,,,,"",""
ball,2,19.5,Melbourne Stars,BR Dunk,NM Coulter-Nile,PM Siddle,0,0,,,,,,bowled,BR Dunk
ball,2,19.6,Melbourne Stars,A Zampa,NM Coulter-Nile,PM Siddle,0,0,,,,,,"",""
