version,1.6.0
info,balls_per_over,6
info,team,Adelaide Strikers
info,team,Sydney Thunder
info,gender,male
info,season,2019/20
info,date,2019/12/31
info,event,Big Bash League
info,match_number,17
info,venue,Adelaide Oval
info,city,Adelaide
info,toss_winner,Sydney Thunder
info,toss_decision,bat
info,player_of_match,CJ Ferguson
info,umpire,JD Ward
info,umpire,SAJ Craig
info,reserve_umpire,Eloise Sheridan
info,tv_umpire,SD Fry
info,match_referee,DJ Harper
info,winner,Sydney Thunder
info,winner_runs,3
info,player,Sydney Thunder,UT Khawaja
info,player,Sydney Thunder,AD Hales
info,player,Sydney Thunder,CJ Ferguson
info,player,Sydney Thunder,AI Ross
info,player,Sydney Thunder,CH Morris
info,player,Sydney Thunder,DR Sams
info,player,Sydney Thunder,CJ Green
info,player,Sydney Thunder,M Gilkes
info,player,Sydney Thunder,AJ Nair
info,player,Sydney Thunder,N McAndrew
info,player,Sydney Thunder,JD Cook
info,player,Adelaide Strikers,J Weatherald
info,player,Adelaide Strikers,PD Salt
info,player,Adelaide Strikers,MW Short
info,player,Adelaide Strikers,AT Carey
info,player,Adelaide Strikers,JW Wells
info,player,Adelaide Strikers,CL White
info,player,Adelaide Strikers,C Valente
info,player,Adelaide Strikers,Rashid Khan
info,player,Adelaide Strikers,PM Siddle
info,player,Adelaide Strikers,WA Agar
info,player,Adelaide Strikers,B Stanlake
info,registry,people,AD Hales,92aeac25
info,registry,people,AI Ross,fb0d68b4
info,registry,people,AJ Nair,4ba2c04d
info,registry,people,AT Carey,69d03465
info,registry,people,B Stanlake,6834d1f2
info,registry,people,C Valente,137e7065
info,registry,people,CH Morris,fb66ce1f
info,registry,people,CJ Ferguson,9b4935c8
info,registry,people,CJ Green,19b9f399
info,registry,people,CL White,d0513f63
info,registry,people,DJ Harper,0ec08b27
info,registry,people,DR Sams,caf69bf7
info,registry,people,Eloise Sheridan,d8d43840
info,registry,people,J Weatherald,edc7ddb6
info,registry,people,JD Cook,45f56920
info,registry,people,JD Ward,511299c1
info,registry,people,JW Wells,8bdac857
info,registry,people,M Gilkes,d85b0f8b
info,registry,people,MW Short,a90e53ec
info,registry,people,N McAndrew,38c276e1
info,registry,people,PD Salt,3d284ca3
info,registry,people,PM Siddle,bd93fea4
info,registry,people,Rashid Khan,5f547c8b
info,registry,people,SAJ Craig,689f2eed
info,registry,people,SD Fry,6b725ed1
info,registry,people,UT Khawaja,331ea488
info,registry,people,WA Agar,15de1f5d
ball,1,0.1,Sydney Thunder,UT Khawaja,AD Hales,MW Short,0,0,,,,,,"",""
ball,1,0.2,Sydney Thunder,UT Khawaja,AD Hales,MW Short,0,0,,,,,,"",""
ball,1,0.3,Sydney Thunder,UT Khawaja,AD Hales,MW Short,0,0,,,,,,"",""
ball,1,0.4,Sydney Thunder,UT Khawaja,AD Hales,MW Short,1,0,,,,,,"",""
ball,1,0.5,Sydney Thunder,AD Hales,UT Khawaja,MW Short,1,0,,,,,,"",""
ball,1,0.6,Sydney Thunder,UT Khawaja,AD Hales,MW Short,1,0,,,,,,"",""
ball,1,1.1,Sydney Thunder,UT Khawaja,AD Hales,B Stanlake,0,0,,,,,,"",""
ball,1,1.2,Sydney Thunder,UT Khawaja,AD Hales,B Stanlake,0,0,,,,,,"",""
ball,1,1.3,Sydney Thunder,UT Khawaja,AD Hales,B Stanlake,0,0,,,,,,"",""
ball,1,1.4,Sydney Thunder,UT Khawaja,AD Hales,B Stanlake,0,0,,,,,,"",""
ball,1,1.5,Sydney Thunder,UT Khawaja,AD Hales,B Stanlake,0,0,,,,,,"",""
ball,1,1.6,Sydney Thunder,UT Khawaja,AD Hales,B Stanlake,4,0,,,,,,"",""
ball,1,2.1,Sydney Thunder,AD Hales,UT Khawaja,PM Siddle,1,0,,,,,,"",""
ball,1,2.2,Sydney Thunder,UT Khawaja,AD Hales,PM Siddle,4,0,,,,,,"",""
ball,1,2.3,Sydney Thunder,UT Khawaja,AD Hales,PM Siddle,4,0,,,,,,"",""
ball,1,2.4,Sydney Thunder,UT Khawaja,AD Hales,PM Siddle,0,0,,,,,,"",""
ball,1,2.5,Sydney Thunder,UT Khawaja,AD Hales,PM Siddle,1,0,,,,,,"",""
ball,1,2.6,Sydney Thunder,AD Hales,UT Khawaja,PM Siddle,1,0,,,,,,"",""
ball,1,3.1,Sydney Thunder,AD Hales,UT Khawaja,B Stanlake,1,0,,,,,,"",""
ball,1,3.2,Sydney Thunder,UT Khawaja,AD Hales,B Stanlake,6,1,,1,,,,"",""
ball,1,3.3,Sydney Thunder,UT Khawaja,AD Hales,B Stanlake,4,0,,,,,,"",""
ball,1,3.4,Sydney Thunder,UT Khawaja,AD Hales,B Stanlake,0,0,,,,,,"",""
ball,1,3.5,Sydney Thunder,UT Khawaja,AD Hales,B Stanlake,0,0,,,,,,"",""
ball,1,3.6,Sydney Thunder,UT Khawaja,AD Hales,B Stanlake,1,0,,,,,,"",""
ball,1,3.7,Sydney Thunder,AD Hales,UT Khawaja,B Stanlake,0,0,,,,,,bowled,AD Hales
ball,1,4.1,Sydney Thunder,UT Khawaja,CJ Ferguson,WA Agar,4,0,,,,,,"",""
ball,1,4.2,Sydney Thunder,UT Khawaja,CJ Ferguson,WA Agar,1,0,,,,,,"",""
ball,1,4.3,Sydney Thunder,CJ Ferguson,UT Khawaja,WA Agar,4,0,,,,,,"",""
ball,1,4.4,Sydney Thunder,CJ Ferguson,UT Khawaja,WA Agar,2,0,,,,,,"",""
ball,1,4.5,Sydney Thunder,CJ Ferguson,UT Khawaja,WA Agar,1,0,,,,,,"",""
ball,1,4.6,Sydney Thunder,UT Khawaja,CJ Ferguson,WA Agar,2,0,,,,,,"",""
ball,1,5.1,Sydney Thunder,CJ Ferguson,UT Khawaja,Rashid Khan,1,0,,,,,,"",""
ball,1,5.2,Sydney Thunder,UT Khawaja,CJ Ferguson,Rashid Khan,1,0,,,,,,"",""
ball,1,5.3,Sydney Thunder,CJ Ferguson,UT Khawaja,Rashid Khan,1,0,,,,,,"",""
ball,1,5.4,Sydney Thunder,UT Khawaja,CJ Ferguson,Rashid Khan,2,0,,,,,,"",""
ball,1,5.5,Sydney Thunder,UT Khawaja,CJ Ferguson,Rashid Khan,2,0,,,,,,"",""
ball,1,5.6,Sydney Thunder,UT Khawaja,CJ Ferguson,Rashid Khan,0,0,,,,,,"",""
ball,1,6.1,Sydney Thunder,CJ Ferguson,UT Khawaja,MW Short,0,0,,,,,,"",""
ball,1,6.2,Sydney Thunder,CJ Ferguson,UT Khawaja,MW Short,1,0,,,,,,"",""
ball,1,6.3,Sydney Thunder,UT Khawaja,CJ Ferguson,MW Short,4,0,,,,,,"",""
ball,1,6.4,Sydney Thunder,UT Khawaja,CJ Ferguson,MW Short,1,0,,,,,,"",""
ball,1,6.5,Sydney Thunder,CJ Ferguson,UT Khawaja,MW Short,1,0,,,,,,"",""
ball,1,6.6,Sydney Thunder,UT Khawaja,CJ Ferguson,MW Short,1,0,,,,,,"",""
ball,1,7.1,Sydney Thunder,UT Khawaja,CJ Ferguson,B Stanlake,0,0,,,,,,"",""
ball,1,7.2,Sydney Thunder,UT Khawaja,CJ Ferguson,B Stanlake,1,0,,,,,,"",""
ball,1,7.3,Sydney Thunder,CJ Ferguson,UT Khawaja,B Stanlake,1,0,,,,,,"",""
ball,1,7.4,Sydney Thunder,UT Khawaja,CJ Ferguson,B Stanlake,0,1,1,,,,,"",""
ball,1,7.5,Sydney Thunder,UT Khawaja,CJ Ferguson,B Stanlake,1,0,,,,,,"",""
ball,1,7.6,Sydney Thunder,CJ Ferguson,UT Khawaja,B Stanlake,0,0,,,,,,"",""
ball,1,7.7,Sydney Thunder,CJ Ferguson,UT Khawaja,B Stanlake,2,0,,,,,,"",""
ball,1,8.1,Sydney Thunder,UT Khawaja,CJ Ferguson,C Valente,0,0,,,,,,"",""
ball,1,8.2,Sydney Thunder,UT Khawaja,CJ Ferguson,C Valente,1,0,,,,,,"",""
ball,1,8.3,Sydney Thunder,CJ Ferguson,UT Khawaja,C Valente,1,0,,,,,,"",""
ball,1,8.4,Sydney Thunder,UT Khawaja,CJ Ferguson,C Valente,2,0,,,,,,"",""
ball,1,8.5,Sydney Thunder,UT Khawaja,CJ Ferguson,C Valente,1,0,,,,,,"",""
ball,1,8.6,Sydney Thunder,CJ Ferguson,UT Khawaja,C Valente,1,0,,,,,,"",""
ball,1,9.1,Sydney Thunder,CJ Ferguson,UT Khawaja,Rashid Khan,1,0,,,,,,"",""
ball,1,9.2,Sydney Thunder,UT Khawaja,CJ Ferguson,Rashid Khan,1,0,,,,,,"",""
ball,1,9.3,Sydney Thunder,CJ Ferguson,UT Khawaja,Rashid Khan,1,0,,,,,,"",""
ball,1,9.4,Sydney Thunder,UT Khawaja,CJ Ferguson,Rashid Khan,1,0,,,,,,"",""
ball,1,9.5,Sydney Thunder,CJ Ferguson,UT Khawaja,Rashid Khan,0,0,,,,,,"",""
ball,1,9.6,Sydney Thunder,CJ Ferguson,UT Khawaja,Rashid Khan,1,0,,,,,,"",""
ball,1,10.1,Sydney Thunder,CJ Ferguson,UT Khawaja,C Valente,1,0,,,,,,"",""
ball,1,10.2,Sydney Thunder,UT Khawaja,CJ Ferguson,C Valente,2,0,,,,,,"",""
ball,1,10.3,Sydney Thunder,UT Khawaja,CJ Ferguson,C Valente,0,0,,,,,,"",""
ball,1,10.4,Sydney Thunder,UT Khawaja,CJ Ferguson,C Valente,2,0,,,,,,"",""
ball,1,10.5,Sydney Thunder,UT Khawaja,CJ Ferguson,C Valente,1,0,,,,,,"",""
ball,1,10.6,Sydney Thunder,CJ Ferguson,UT Khawaja,C Valente,0,1,1,,,,,"",""
ball,1,10.7,Sydney Thunder,CJ Ferguson,UT Khawaja,C Valente,1,0,,,,,,"",""
ball,1,11.1,Sydney Thunder,CJ Ferguson,UT Khawaja,B Stanlake,0,0,,,,,,"",""
ball,1,11.2,Sydney Thunder,CJ Ferguson,UT Khawaja,B Stanlake,0,0,,,,,,"",""
ball,1,11.3,Sydney Thunder,CJ Ferguson,UT Khawaja,B Stanlake,1,0,,,,,,"",""
ball,1,11.4,Sydney Thunder,UT Khawaja,CJ Ferguson,B Stanlake,1,0,,,,,,"",""
ball,1,11.5,Sydney Thunder,CJ Ferguson,UT Khawaja,B Stanlake,1,0,,,,,,"",""
ball,1,11.6,Sydney Thunder,UT Khawaja,CJ Ferguson,B Stanlake,1,0,,,,,,"",""
ball,1,12.1,Sydney Thunder,UT Khawaja,CJ Ferguson,C Valente,1,0,,,,,,"",""
ball,1,12.2,Sydney Thunder,CJ Ferguson,UT Khawaja,C Valente,1,0,,,,,,"",""
ball,1,12.3,Sydney Thunder,UT Khawaja,CJ Ferguson,C Valente,1,0,,,,,,"",""
ball,1,12.4,Sydney Thunder,CJ Ferguson,UT Khawaja,C Valente,4,0,,,,,,"",""
ball,1,12.5,Sydney Thunder,CJ Ferguson,UT Khawaja,C Valente,1,0,,,,,,"",""
ball,1,12.6,Sydney Thunder,UT Khawaja,CJ Ferguson,C Valente,1,0,,,,,,"",""
ball,1,13.1,Sydney Thunder,UT Khawaja,CJ Ferguson,PM Siddle,1,0,,,,,,"",""
ball,1,13.2,Sydney Thunder,CJ Ferguson,UT Khawaja,PM Siddle,4,0,,,,,,"",""
ball,1,13.3,Sydney Thunder,CJ Ferguson,UT Khawaja,PM Siddle,1,0,,,,,,"",""
ball,1,13.4,Sydney Thunder,UT Khawaja,CJ Ferguson,PM Siddle,0,0,,,,,,run out,UT Khawaja
ball,1,13.5,Sydney Thunder,CJ Ferguson,AI Ross,PM Siddle,1,0,,,,,,"",""
ball,1,13.6,Sydney Thunder,AI Ross,CJ Ferguson,PM Siddle,1,0,,,,,,"",""
ball,1,14.1,Sydney Thunder,AI Ross,CJ Ferguson,WA Agar,1,0,,,,,,"",""
ball,1,14.2,Sydney Thunder,CJ Ferguson,AI Ross,WA Agar,2,0,,,,,,"",""
ball,1,14.3,Sydney Thunder,CJ Ferguson,AI Ross,WA Agar,1,0,,,,,,"",""
ball,1,14.4,Sydney Thunder,AI Ross,CJ Ferguson,WA Agar,1,0,,,,,,"",""
ball,1,14.5,Sydney Thunder,CJ Ferguson,AI Ross,WA Agar,0,0,,,,,,"",""
ball,1,14.6,Sydney Thunder,CJ Ferguson,AI Ross,WA Agar,1,0,,,,,,"",""
ball,1,15.1,Sydney Thunder,CJ Ferguson,AI Ross,PM Siddle,1,0,,,,,,"",""
ball,1,15.2,Sydney Thunder,AI Ross,CJ Ferguson,PM Siddle,0,0,,,,,,"",""
ball,1,15.3,Sydney Thunder,AI Ross,CJ Ferguson,PM Siddle,1,0,,,,,,"",""
ball,1,15.4,Sydney Thunder,CJ Ferguson,AI Ross,PM Siddle,1,0,,,,,,"",""
ball,1,15.5,Sydney Thunder,AI Ross,CJ Ferguson,PM Siddle,1,0,,,,,,"",""
ball,1,15.6,Sydney Thunder,CJ Ferguson,AI Ross,PM Siddle,4,0,,,,,,"",""
ball,1,16.1,Sydney Thunder,AI Ross,CJ Ferguson,Rashid Khan,1,0,,,,,,"",""
ball,1,16.2,Sydney Thunder,CJ Ferguson,AI Ross,Rashid Khan,1,0,,,,,,"",""
ball,1,16.3,Sydney Thunder,AI Ross,CJ Ferguson,Rashid Khan,4,0,,,,,,"",""
ball,1,16.4,Sydney Thunder,AI Ross,CJ Ferguson,Rashid Khan,0,1,1,,,,,"",""
ball,1,16.5,Sydney Thunder,AI Ross,CJ Ferguson,Rashid Khan,1,0,,,,,,"",""
ball,1,16.6,Sydney Thunder,CJ Ferguson,AI Ross,Rashid Khan,4,0,,,,,,"",""
ball,1,16.7,Sydney Thunder,CJ Ferguson,AI Ross,Rashid Khan,1,0,,,,,,"",""
ball,1,17.1,Sydney Thunder,CJ Ferguson,AI Ross,WA Agar,1,0,,,,,,"",""
ball,1,17.2,Sydney Thunder,AI Ross,CJ Ferguson,WA Agar,1,0,,,,,,"",""
ball,1,17.3,Sydney Thunder,CJ Ferguson,AI Ross,WA Agar,4,0,,,,,,"",""
ball,1,17.4,Sydney Thunder,CJ Ferguson,AI Ross,WA Agar,1,0,,,,,,"",""
ball,1,17.5,Sydney Thunder,AI Ross,CJ Ferguson,WA Agar,2,0,,,,,,"",""
ball,1,17.6,Sydney Thunder,AI Ross,CJ Ferguson,WA Agar,4,0,,,,,,"",""
ball,1,18.1,Sydney Thunder,CJ Ferguson,AI Ross,Rashid Khan,4,0,,,,,,"",""
ball,1,18.2,Sydney Thunder,CJ Ferguson,AI Ross,Rashid Khan,6,1,,1,,,,"",""
ball,1,18.3,Sydney Thunder,CJ Ferguson,AI Ross,Rashid Khan,6,0,,,,,,"",""
ball,1,18.4,Sydney Thunder,CJ Ferguson,AI Ross,Rashid Khan,0,0,,,,,,caught,CJ Ferguson
ball,1,18.5,Sydney Thunder,AI Ross,CH Morris,Rashid Khan,0,0,,,,,,"",""
ball,1,18.6,Sydney Thunder,AI Ross,CH Morris,Rashid Khan,1,0,,,,,,"",""
ball,1,18.7,Sydney Thunder,CH Morris,AI Ross,Rashid Khan,1,0,,,,,,"",""
ball,1,19.1,Sydney Thunder,CH Morris,AI Ross,PM Siddle,1,0,,,,,,"",""
ball,1,19.2,Sydney Thunder,AI Ross,CH Morris,PM Siddle,0,0,,,,,,bowled,AI Ross
ball,1,19.3,Sydney Thunder,DR Sams,CH Morris,PM Siddle,0,0,,,,,,"",""
ball,1,19.4,Sydney Thunder,DR Sams,CH Morris,PM Siddle,0,0,,,,,,lbw,DR Sams
ball,1,19.5,Sydney Thunder,CJ Green,CH Morris,PM Siddle,0,0,,,,,,"",""
ball,1,19.6,Sydney Thunder,CJ Green,CH Morris,PM Siddle,2,0,,,,,,"",""
ball,2,0.1,Adelaide Strikers,J Weatherald,PD Salt,CJ Green,0,0,,,,,,"",""
ball,2,0.2,Adelaide Strikers,J Weatherald,PD Salt,CJ Green,1,0,,,,,,"",""
ball,2,0.3,Adelaide Strikers,PD Salt,J Weatherald,CJ Green,0,0,,,,,,"",""
ball,2,0.4,Adelaide Strikers,PD Salt,J Weatherald,CJ Green,0,0,,,,,,"",""
ball,2,0.5,Adelaide Strikers,PD Salt,J Weatherald,CJ Green,0,0,,,,,,"",""
ball,2,0.6,Adelaide Strikers,PD Salt,J Weatherald,CJ Green,0,0,,,,,,"",""
ball,2,1.1,Adelaide Strikers,J Weatherald,PD Salt,DR Sams,0,0,,,,,,"",""
ball,2,1.2,Adelaide Strikers,J Weatherald,PD Salt,DR Sams,1,0,,,,,,"",""
ball,2,1.3,Adelaide Strikers,PD Salt,J Weatherald,DR Sams,0,0,,,,,,"",""
ball,2,1.4,Adelaide Strikers,PD Salt,J Weatherald,DR Sams,0,0,,,,,,caught,PD Salt
ball,2,1.5,Adelaide Strikers,J Weatherald,MW Short,DR Sams,0,1,1,,,,,"",""
ball,2,1.6,Adelaide Strikers,J Weatherald,MW Short,DR Sams,1,0,,,,,,"",""
ball,2,1.7,Adelaide Strikers,MW Short,J Weatherald,DR Sams,1,0,,,,,,"",""
ball,2,2.1,Adelaide Strikers,MW Short,J Weatherald,JD Cook,4,0,,,,,,"",""
ball,2,2.2,Adelaide Strikers,MW Short,J Weatherald,JD Cook,0,0,,,,,,"",""
ball,2,2.3,Adelaide Strikers,MW Short,J Weatherald,JD Cook,1,0,,,,,,"",""
ball,2,2.4,Adelaide Strikers,J Weatherald,MW Short,JD Cook,1,0,,,,,,"",""
ball,2,2.5,Adelaide Strikers,MW Short,J Weatherald,JD Cook,0,0,,,,,,caught,MW Short
ball,2,2.6,Adelaide Strikers,AT Carey,J Weatherald,JD Cook,0,0,,,,,,"",""
ball,2,3.1,Adelaide Strikers,J Weatherald,AT Carey,CJ Green,1,0,,,,,,"",""
ball,2,3.2,Adelaide Strikers,AT Carey,J Weatherald,CJ Green,2,0,,,,,,"",""
ball,2,3.3,Adelaide Strikers,AT Carey,J Weatherald,CJ Green,4,0,,,,,,"",""
ball,2,3.4,Adelaide Strikers,AT Carey,J Weatherald,CJ Green,0,0,,,,,,"",""
ball,2,3.5,Adelaide Strikers,AT Carey,J Weatherald,CJ Green,1,0,,,,,,"",""
ball,2,3.6,Adelaide Strikers,J Weatherald,AT Carey,CJ Green,0,0,,,,,,"",""
ball,2,4.1,Adelaide Strikers,AT Carey,J Weatherald,N McAndrew,1,0,,,,,,"",""
ball,2,4.2,Adelaide Strikers,J Weatherald,AT Carey,N McAndrew,0,0,,,,,,"",""
ball,2,4.3,Adelaide Strikers,J Weatherald,AT Carey,N McAndrew,1,0,,,,,,"",""
ball,2,4.4,Adelaide Strikers,AT Carey,J Weatherald,N McAndrew,1,0,,,,,,"",""
ball,2,4.5,Adelaide Strikers,J Weatherald,AT Carey,N McAndrew,4,0,,,,,,"",""
ball,2,4.6,Adelaide Strikers,J Weatherald,AT Carey,N McAndrew,0,0,,,,,,"",""
ball,2,5.1,Adelaide Strikers,AT Carey,J Weatherald,CH Morris,6,0,,,,,,"",""
ball,2,5.2,Adelaide Strikers,AT Carey,J Weatherald,CH Morris,4,0,,,,,,"",""
ball,2,5.3,Adelaide Strikers,AT Carey,J Weatherald,CH Morris,0,0,,,,,,"",""
ball,2,5.4,Adelaide Strikers,AT Carey,J Weatherald,CH Morris,0,0,,,,,,caught,AT Carey
ball,2,5.5,Adelaide Strikers,JW Wells,J Weatherald,CH Morris,1,0,,,,,,"",""
ball,2,5.6,Adelaide Strikers,J Weatherald,JW Wells,CH Morris,1,0,,,,,,"",""
ball,2,6.1,Adelaide Strikers,J Weatherald,JW Wells,AJ Nair,1,0,,,,,,"",""
ball,2,6.2,Adelaide Strikers,JW Wells,J Weatherald,AJ Nair,1,0,,,,,,"",""
ball,2,6.3,Adelaide Strikers,J Weatherald,JW Wells,AJ Nair,1,0,,,,,,"",""
ball,2,6.4,Adelaide Strikers,JW Wells,J Weatherald,AJ Nair,0,0,,,,,,"",""
ball,2,6.5,Adelaide Strikers,JW Wells,J Weatherald,AJ Nair,4,0,,,,,,"",""
ball,2,6.6,Adelaide Strikers,JW Wells,J Weatherald,AJ Nair,1,0,,,,,,"",""
ball,2,7.1,Adelaide Strikers,JW Wells,J Weatherald,CJ Green,1,0,,,,,,"",""
ball,2,7.2,Adelaide Strikers,J Weatherald,JW Wells,CJ Green,1,0,,,,,,"",""
ball,2,7.3,Adelaide Strikers,JW Wells,J Weatherald,CJ Green,1,0,,,,,,"",""
ball,2,7.4,Adelaide Strikers,J Weatherald,JW Wells,CJ Green,1,0,,,,,,"",""
ball,2,7.5,Adelaide Strikers,JW Wells,J Weatherald,CJ Green,1,0,,,,,,"",""
ball,2,7.6,Adelaide Strikers,J Weatherald,JW Wells,CJ Green,2,0,,,,,,"",""
ball,2,8.1,Adelaide Strikers,JW Wells,J Weatherald,DR Sams,1,0,,,,,,"",""
ball,2,8.2,Adelaide Strikers,J Weatherald,JW Wells,DR Sams,0,0,,,,,,"",""
ball,2,8.3,Adelaide Strikers,J Weatherald,JW Wells,DR Sams,1,0,,,,,,"",""
ball,2,8.4,Adelaide Strikers,JW Wells,J Weatherald,DR Sams,0,0,,,,,,"",""
ball,2,8.5,Adelaide Strikers,JW Wells,J Weatherald,DR Sams,1,0,,,,,,"",""
ball,2,8.6,Adelaide Strikers,J Weatherald,JW Wells,DR Sams,1,0,,,,,,"",""
ball,2,9.1,Adelaide Strikers,J Weatherald,JW Wells,JD Cook,6,0,,,,,,"",""
ball,2,9.2,Adelaide Strikers,J Weatherald,JW Wells,JD Cook,0,0,,,,,,"",""
ball,2,9.3,Adelaide Strikers,J Weatherald,JW Wells,JD Cook,1,0,,,,,,"",""
ball,2,9.4,Adelaide Strikers,JW Wells,J Weatherald,JD Cook,1,0,,,,,,"",""
ball,2,9.5,Adelaide Strikers,J Weatherald,JW Wells,JD Cook,6,0,,,,,,"",""
ball,2,9.6,Adelaide Strikers,J Weatherald,JW Wells,JD Cook,6,0,,,,,,"",""
ball,2,10.1,Adelaide Strikers,JW Wells,J Weatherald,AJ Nair,0,0,,,,,,"",""
ball,2,10.2,Adelaide Strikers,JW Wells,J Weatherald,AJ Nair,1,0,,,,,,"",""
ball,2,10.3,Adelaide Strikers,J Weatherald,JW Wells,AJ Nair,4,0,,,,,,"",""
ball,2,10.4,Adelaide Strikers,J Weatherald,JW Wells,AJ Nair,1,0,,,,,,"",""
ball,2,10.5,Adelaide Strikers,JW Wells,J Weatherald,AJ Nair,1,0,,,,,,"",""
ball,2,10.6,Adelaide Strikers,J Weatherald,JW Wells,AJ Nair,1,0,,,,,,"",""
ball,2,11.1,Adelaide Strikers,J Weatherald,JW Wells,N McAndrew,0,0,,,,,,"",""
ball,2,11.2,Adelaide Strikers,J Weatherald,JW Wells,N McAndrew,1,0,,,,,,"",""
ball,2,11.3,Adelaide Strikers,JW Wells,J Weatherald,N McAndrew,2,0,,,,,,"",""
ball,2,11.4,Adelaide Strikers,JW Wells,J Weatherald,N McAndrew,1,0,,,,,,"",""
ball,2,11.5,Adelaide Strikers,J Weatherald,JW Wells,N McAndrew,1,0,,,,,,"",""
ball,2,11.6,Adelaide Strikers,JW Wells,J Weatherald,N McAndrew,1,0,,,,,,"",""
ball,2,12.1,Adelaide Strikers,JW Wells,J Weatherald,CH Morris,1,0,,,,,,"",""
ball,2,12.2,Adelaide Strikers,J Weatherald,JW Wells,CH Morris,0,1,,,,1,,"",""
ball,2,12.3,Adelaide Strikers,JW Wells,J Weatherald,CH Morris,6,0,,,,,,"",""
ball,2,12.4,Adelaide Strikers,JW Wells,J Weatherald,CH Morris,0,0,,,,,,"",""
ball,2,12.5,Adelaide Strikers,JW Wells,J Weatherald,CH Morris,0,0,,,,,,caught,JW Wells
ball,2,12.6,Adelaide Strikers,CL White,J Weatherald,CH Morris,0,0,,,,,,"",""
ball,2,13.1,Adelaide Strikers,J Weatherald,CL White,DR Sams,0,0,,,,,,"",""
ball,2,13.2,Adelaide Strikers,J Weatherald,CL White,DR Sams,0,1,,1,,,,"",""
ball,2,13.3,Adelaide Strikers,J Weatherald,CL White,DR Sams,6,0,,,,,,"",""
ball,2,13.4,Adelaide Strikers,J Weatherald,CL White,DR Sams,0,0,,,,,,caught,J Weatherald
ball,2,13.5,Adelaide Strikers,CL White,C Valente,DR Sams,1,0,,,,,,"",""
ball,2,13.6,Adelaide Strikers,C Valente,CL White,DR Sams,0,0,,,,,,"",""
ball,2,13.7,Adelaide Strikers,C Valente,CL White,DR Sams,0,0,,,,,,"",""
ball,2,14.1,Adelaide Strikers,CL White,C Valente,N McAndrew,0,0,,,,,,"",""
ball,2,14.2,Adelaide Strikers,CL White,C Valente,N McAndrew,1,0,,,,,,"",""
ball,2,14.3,Adelaide Strikers,C Valente,CL White,N McAndrew,0,1,1,,,,,"",""
ball,2,14.4,Adelaide Strikers,C Valente,CL White,N McAndrew,0,0,,,,,,"",""
ball,2,14.5,Adelaide Strikers,C Valente,CL White,N McAndrew,4,0,,,,,,"",""
ball,2,14.6,Adelaide Strikers,C Valente,CL White,N McAndrew,1,0,,,,,,"",""
ball,2,14.7,Adelaide Strikers,CL White,C Valente,N McAndrew,1,0,,,,,,"",""
ball,2,15.1,Adelaide Strikers,CL White,C Valente,AJ Nair,1,0,,,,,,"",""
ball,2,15.2,Adelaide Strikers,C Valente,CL White,AJ Nair,0,0,,,,,,caught,C Valente
ball,2,15.3,Adelaide Strikers,CL White,Rashid Khan,AJ Nair,1,0,,,,,,"",""
ball,2,15.4,Adelaide Strikers,Rashid Khan,CL White,AJ Nair,1,0,,,,,,"",""
ball,2,15.5,Adelaide Strikers,CL White,Rashid Khan,AJ Nair,0,0,,,,,,caught,CL White
ball,2,15.6,Adelaide Strikers,Rashid Khan,PM Siddle,AJ Nair,0,0,,,,,,"",""
ball,2,16.1,Adelaide Strikers,PM Siddle,Rashid Khan,CJ Green,0,1,,,,1,,"",""
ball,2,16.2,Adelaide Strikers,Rashid Khan,PM Siddle,CJ Green,0,1,,1,,,,"",""
ball,2,16.3,Adelaide Strikers,Rashid Khan,PM Siddle,CJ Green,0,1,1,,,,,"",""
ball,2,16.4,Adelaide Strikers,Rashid Khan,PM Siddle,CJ Green,1,0,,,,,,"",""
ball,2,16.5,Adelaide Strikers,PM Siddle,Rashid Khan,CJ Green,1,0,,,,,,"",""
ball,2,16.6,Adelaide Strikers,Rashid Khan,PM Siddle,CJ Green,6,0,,,,,,"",""
ball,2,16.7,Adelaide Strikers,Rashid Khan,PM Siddle,CJ Green,1,0,,,,,,"",""
ball,2,16.8,Adelaide Strikers,PM Siddle,Rashid Khan,CJ Green,0,0,,,,,,"",""
ball,2,17.1,Adelaide Strikers,Rashid Khan,PM Siddle,CH Morris,0,0,,,,,,"",""
ball,2,17.2,Adelaide Strikers,Rashid Khan,PM Siddle,CH Morris,0,0,,,,,,"",""
ball,2,17.3,Adelaide Strikers,Rashid Khan,PM Siddle,CH Morris,6,0,,,,,,"",""
ball,2,17.4,Adelaide Strikers,Rashid Khan,PM Siddle,CH Morris,1,0,,,,,,"",""
ball,2,17.5,Adelaide Strikers,PM Siddle,Rashid Khan,CH Morris,0,0,,,,,,"",""
ball,2,17.6,Adelaide Strikers,PM Siddle,Rashid Khan,CH Morris,1,0,,,,,,"",""
ball,2,18.1,Adelaide Strikers,PM Siddle,Rashid Khan,DR Sams,1,0,,,,,,"",""
ball,2,18.2,Adelaide Strikers,Rashid Khan,PM Siddle,DR Sams,1,0,,,,,,"",""
ball,2,18.3,Adelaide Strikers,PM Siddle,Rashid Khan,DR Sams,0,1,,,1,,,"",""
ball,2,18.4,Adelaide Strikers,Rashid Khan,PM Siddle,DR Sams,4,0,,,,,,"",""
ball,2,18.5,Adelaide Strikers,Rashid Khan,PM Siddle,DR Sams,6,0,,,,,,"",""
ball,2,18.6,Adelaide Strikers,Rashid Khan,PM Siddle,DR Sams,4,0,,,,,,"",""
ball,2,19.1,Adelaide Strikers,PM Siddle,Rashid Khan,CH Morris,1,0,,,,,,"",""
ball,2,19.2,Adelaide Strikers,Rashid Khan,PM Siddle,CH Morris,0,0,,,,,,"",""
ball,2,19.3,Adelaide Strikers,Rashid Khan,PM Siddle,CH Morris,4,0,,,,,,"",""
ball,2,19.4,Adelaide Strikers,Rashid Khan,PM Siddle,CH Morris,4,0,,,,,,"",""
ball,2,19.5,Adelaide Strikers,Rashid Khan,PM Siddle,CH Morris,1,0,,,,,,run out,Rashid Khan
ball,2,19.6,Adelaide Strikers,WA Agar,PM Siddle,CH Morris,0,0,,,,,,run out,WA Agar
