version,1.6.0
info,balls_per_over,6
info,team,Melbourne Stars
info,team,Sydney Thunder
info,gender,male
info,season,2019/20
info,date,2020/02/06
info,event,Big Bash League
info,venue,Melbourne Cricket Ground
info,city,Melbourne
info,toss_winner,Melbourne Stars
info,toss_decision,bat
info,player_of_match,NCR Larkin
info,umpire,GA Abood
info,umpire,SAJ Craig
info,reserve_umpire,PJ Gillespie
info,tv_umpire,P Wilson
info,match_referee,DJ Harper
info,winner,Melbourne Stars
info,winner_runs,28
info,player,Melbourne Stars,MP Stoinis
info,player,Melbourne Stars,NJ Maddinson
info,player,Melbourne Stars,NCR Larkin
info,player,Melbourne Stars,GJ Maxwell
info,player,Melbourne Stars,SE Gotch
info,player,Melbourne Stars,PSP Handscomb
info,player,Melbourne Stars,NM Coulter-Nile
info,player,Melbourne Stars,CD Hinchliffe
info,player,Melbourne Stars,A Zampa
info,player,Melbourne Stars,DJ Worrall
info,player,Melbourne Stars,Haris Rauf
info,player,Sydney Thunder,UT Khawaja
info,player,Sydney Thunder,AD Hales
info,player,Sydney Thunder,CJ Ferguson
info,player,Sydney Thunder,AI Ross
info,player,Sydney Thunder,CH Morris
info,player,Sydney Thunder,AJ Nair
info,player,Sydney Thunder,DR Sams
info,player,Sydney Thunder,JS Lenton
info,player,Sydney Thunder,N McAndrew
info,player,Sydney Thunder,CP Tremain
info,player,Sydney Thunder,JD Cook
info,registry,people,A Zampa,14f96089
info,registry,people,AD Hales,92aeac25
info,registry,people,AI Ross,fb0d68b4
info,registry,people,AJ Nair,4ba2c04d
info,registry,people,CD Hinchliffe,8891669e
info,registry,people,CH Morris,fb66ce1f
info,registry,people,CJ Ferguson,9b4935c8
info,registry,people,CP Tremain,96824e68
info,registry,people,DJ Harper,0ec08b27
info,registry,people,DJ Worrall,208f22ea
info,registry,people,DR Sams,caf69bf7
info,registry,people,GA Abood,a4af5528
info,registry,people,GJ Maxwell,b681e71e
info,registry,people,Haris Rauf,24bb1c2f
info,registry,people,JD Cook,45f56920
info,registry,people,JS Lenton,8820c9ef
info,registry,people,MP Stoinis,d9273ee7
info,registry,people,N McAndrew,38c276e1
info,registry,people,NCR Larkin,02bce9a8
info,registry,people,NJ Maddinson,44afbf2d
info,registry,people,NM Coulter-Nile,56ab442f
info,registry,people,P Wilson,68304a36
info,registry,people,PJ Gillespie,3e253a50
info,registry,people,PSP Handscomb,ada15e88
info,registry,people,SAJ Craig,689f2eed
info,registry,people,SE Gotch,9a0e4ca5
info,registry,people,UT Khawaja,331ea488
ball,1,0.1,Melbourne Stars,MP Stoinis,NJ Maddinson,JD Cook,0,0,,,,,,"",""
ball,1,0.2,Melbourne Stars,MP Stoinis,NJ Maddinson,JD Cook,6,0,,,,,,"",""
ball,1,0.3,Melbourne Stars,MP Stoinis,NJ Maddinson,JD Cook,0,0,,,,,,"",""
ball,1,0.4,Melbourne Stars,MP Stoinis,NJ Maddinson,JD Cook,1,0,,,,,,"",""
ball,1,0.5,Melbourne Stars,NJ Maddinson,MP Stoinis,JD Cook,1,0,,,,,,"",""
ball,1,0.6,Melbourne Stars,MP Stoinis,NJ Maddinson,JD Cook,3,0,,,,,,"",""
ball,1,1.1,Melbourne Stars,MP Stoinis,NJ Maddinson,CP Tremain,3,0,,,,,,"",""
ball,1,1.2,Melbourne Stars,NJ Maddinson,MP Stoinis,CP Tremain,0,0,,,,,,"",""
ball,1,1.3,Melbourne Stars,NJ Maddinson,MP Stoinis,CP Tremain,0,4,,,,4,,"",""
ball,1,1.4,Melbourne Stars,NJ Maddinson,MP Stoinis,CP Tremain,4,0,,,,,,"",""
ball,1,1.5,Melbourne Stars,NJ Maddinson,MP Stoinis,CP Tremain,0,0,,,,,,"",""
ball,1,1.6,Melbourne Stars,NJ Maddinson,MP Stoinis,CP Tremain,0,4,,,,4,,"",""
ball,1,2.1,Melbourne Stars,MP Stoinis,NJ Maddinson,DR Sams,4,0,,,,,,"",""
ball,1,2.2,Melbourne Stars,MP Stoinis,NJ Maddinson,DR Sams,0,0,,,,,,"",""
ball,1,2.3,Melbourne Stars,MP Stoinis,NJ Maddinson,DR Sams,1,0,,,,,,"",""
ball,1,2.4,Melbourne Stars,NJ Maddinson,MP Stoinis,DR Sams,0,0,,,,,,"",""
ball,1,2.5,Melbourne Stars,NJ Maddinson,MP Stoinis,DR Sams,2,0,,,,,,"",""
ball,1,2.6,Melbourne Stars,NJ Maddinson,MP Stoinis,DR Sams,0,0,,,,,,"",""
ball,1,3.1,Melbourne Stars,MP Stoinis,NJ Maddinson,CH Morris,1,0,,,,,,"",""
ball,1,3.2,Melbourne Stars,NJ Maddinson,MP Stoinis,CH Morris,4,0,,,,,,"",""
ball,1,3.3,Melbourne Stars,NJ Maddinson,MP Stoinis,CH Morris,0,0,,,,,,caught,NJ Maddinson
ball,1,3.4,Melbourne Stars,MP Stoinis,NCR Larkin,CH Morris,0,0,,,,,,"",""
ball,1,3.5,Melbourne Stars,MP Stoinis,NCR Larkin,CH Morris,0,0,,,,,,"",""
ball,1,3.6,Melbourne Stars,MP Stoinis,NCR Larkin,CH Morris,1,0,,,,,,"",""
ball,1,4.1,Melbourne Stars,MP Stoinis,NCR Larkin,N McAndrew,4,0,,,,,,"",""
ball,1,4.2,Melbourne Stars,MP Stoinis,NCR Larkin,N McAndrew,0,0,,,,,,"",""
ball,1,4.3,Melbourne Stars,MP Stoinis,NCR Larkin,N McAndrew,0,0,,,,,,"",""
ball,1,4.4,Melbourne Stars,MP Stoinis,NCR Larkin,N McAndrew,0,0,,,,,,"",""
ball,1,4.5,Melbourne Stars,MP Stoinis,NCR Larkin,N McAndrew,1,0,,,,,,"",""
ball,1,4.6,Melbourne Stars,NCR Larkin,MP Stoinis,N McAndrew,1,0,,,,,,"",""
ball,1,5.1,Melbourne Stars,NCR Larkin,MP Stoinis,CH Morris,0,0,,,,,,"",""
ball,1,5.2,Melbourne Stars,NCR Larkin,MP Stoinis,CH Morris,0,1,,,,1,,"",""
ball,1,5.3,Melbourne Stars,MP Stoinis,NCR Larkin,CH Morris,4,0,,,,,,"",""
ball,1,5.4,Melbourne Stars,MP Stoinis,NCR Larkin,CH Morris,0,1,1,,,,,"",""
ball,1,5.5,Melbourne Stars,MP Stoinis,NCR Larkin,CH Morris,0,0,,,,,,"",""
ball,1,5.6,Melbourne Stars,MP Stoinis,NCR Larkin,CH Morris,1,0,,,,,,"",""
ball,1,5.7,Melbourne Stars,NCR Larkin,MP Stoinis,CH Morris,0,0,,,,,,"",""
ball,1,6.1,Melbourne Stars,MP Stoinis,NCR Larkin,CP Tremain,0,0,,,,,,"",""
ball,1,6.2,Melbourne Stars,MP Stoinis,NCR Larkin,CP Tremain,1,0,,,,,,"",""
ball,1,6.3,Melbourne Stars,NCR Larkin,MP Stoinis,CP Tremain,1,0,,,,,,"",""
ball,1,6.4,Melbourne Stars,MP Stoinis,NCR Larkin,CP Tremain,3,0,,,,,,"",""
ball,1,6.5,Melbourne Stars,NCR Larkin,MP Stoinis,CP Tremain,0,0,,,,,,"",""
ball,1,6.6,Melbourne Stars,NCR Larkin,MP Stoinis,CP Tremain,0,0,,,,,,"",""
ball,1,7.1,Melbourne Stars,MP Stoinis,NCR Larkin,AJ Nair,0,0,,,,,,"",""
ball,1,7.2,Melbourne Stars,MP Stoinis,NCR Larkin,AJ Nair,0,0,,,,,,"",""
ball,1,7.3,Melbourne Stars,MP Stoinis,NCR Larkin,AJ Nair,4,0,,,,,,"",""
ball,1,7.4,Melbourne Stars,MP Stoinis,NCR Larkin,AJ Nair,0,0,,,,,,"",""
ball,1,7.5,Melbourne Stars,MP Stoinis,NCR Larkin,AJ Nair,2,0,,,,,,"",""
ball,1,7.6,Melbourne Stars,MP Stoinis,NCR Larkin,AJ Nair,1,0,,,,,,"",""
ball,1,8.1,Melbourne Stars,MP Stoinis,NCR Larkin,N McAndrew,1,0,,,,,,"",""
ball,1,8.2,Melbourne Stars,NCR Larkin,MP Stoinis,N McAndrew,0,0,,,,,,"",""
ball,1,8.3,Melbourne Stars,NCR Larkin,MP Stoinis,N McAndrew,4,0,,,,,,"",""
ball,1,8.4,Melbourne Stars,NCR Larkin,MP Stoinis,N McAndrew,2,0,,,,,,"",""
ball,1,8.5,Melbourne Stars,NCR Larkin,MP Stoinis,N McAndrew,0,0,,,,,,"",""
ball,1,8.6,Melbourne Stars,NCR Larkin,MP Stoinis,N McAndrew,4,0,,,,,,"",""
ball,1,9.1,Melbourne Stars,MP Stoinis,NCR Larkin,JD Cook,0,0,,,,,,"",""
ball,1,9.2,Melbourne Stars,MP Stoinis,NCR Larkin,JD Cook,1,0,,,,,,"",""
ball,1,9.3,Melbourne Stars,NCR Larkin,MP Stoinis,JD Cook,1,0,,,,,,"",""
ball,1,9.4,Melbourne Stars,MP Stoinis,NCR Larkin,JD Cook,1,0,,,,,,"",""
ball,1,9.5,Melbourne Stars,NCR Larkin,MP Stoinis,JD Cook,0,0,,,,,,"",""
ball,1,9.6,Melbourne Stars,NCR Larkin,MP Stoinis,JD Cook,4,0,,,,,,"",""
ball,1,10.1,Melbourne Stars,MP Stoinis,NCR Larkin,AJ Nair,1,0,,,,,,"",""
ball,1,10.2,Melbourne Stars,NCR Larkin,MP Stoinis,AJ Nair,4,0,,,,,,"",""
ball,1,10.3,Melbourne Stars,NCR Larkin,MP Stoinis,AJ Nair,0,0,,,,,,"",""
ball,1,10.4,Melbourne Stars,NCR Larkin,MP Stoinis,AJ Nair,1,0,,,,,,"",""
ball,1,10.5,Melbourne Stars,MP Stoinis,NCR Larkin,AJ Nair,1,0,,,,,,"",""
ball,1,10.6,Melbourne Stars,NCR Larkin,MP Stoinis,AJ Nair,1,0,,,,,,"",""
ball,1,11.1,Melbourne Stars,NCR Larkin,MP Stoinis,DR Sams,1,0,,,,,,"",""
ball,1,11.2,Melbourne Stars,MP Stoinis,NCR Larkin,DR Sams,1,0,,,,,,"",""
ball,1,11.3,Melbourne Stars,NCR Larkin,MP Stoinis,DR Sams,0,0,,,,,,"",""
ball,1,11.4,Melbourne Stars,NCR Larkin,MP Stoinis,DR Sams,0,0,,,,,,"",""
ball,1,11.5,Melbourne Stars,NCR Larkin,MP Stoinis,DR Sams,1,0,,,,,,"",""
ball,1,11.6,Melbourne Stars,MP Stoinis,NCR Larkin,DR Sams,1,0,,,,,,"",""
ball,1,12.1,Melbourne Stars,MP Stoinis,NCR Larkin,CP Tremain,0,0,,,,,,"",""
ball,1,12.2,Melbourne Stars,MP Stoinis,NCR Larkin,CP Tremain,1,0,,,,,,"",""
ball,1,12.3,Melbourne Stars,NCR Larkin,MP Stoinis,CP Tremain,0,0,,,,,,"",""
ball,1,12.4,Melbourne Stars,NCR Larkin,MP Stoinis,CP Tremain,4,0,,,,,,"",""
ball,1,12.5,Melbourne Stars,NCR Larkin,MP Stoinis,CP Tremain,1,0,,,,,,"",""
ball,1,12.6,Melbourne Stars,MP Stoinis,NCR Larkin,CP Tremain,1,0,,,,,,"",""
ball,1,13.1,Melbourne Stars,MP Stoinis,NCR Larkin,JD Cook,4,0,,,,,,"",""
ball,1,13.2,Melbourne Stars,MP Stoinis,NCR Larkin,JD Cook,2,0,,,,,,"",""
ball,1,13.3,Melbourne Stars,MP Stoinis,NCR Larkin,JD Cook,1,0,,,,,,"",""
ball,1,13.4,Melbourne Stars,NCR Larkin,MP Stoinis,JD Cook,4,0,,,,,,"",""
ball,1,13.5,Melbourne Stars,NCR Larkin,MP Stoinis,JD Cook,1,0,,,,,,"",""
ball,1,13.6,Melbourne Stars,MP Stoinis,NCR Larkin,JD Cook,6,0,,,,,,"",""
ball,1,14.1,Melbourne Stars,NCR Larkin,MP Stoinis,AJ Nair,0,1,1,,,,,"",""
ball,1,14.2,Melbourne Stars,NCR Larkin,MP Stoinis,AJ Nair,6,0,,,,,,"",""
ball,1,14.3,Melbourne Stars,NCR Larkin,MP Stoinis,AJ Nair,4,0,,,,,,"",""
ball,1,14.4,Melbourne Stars,NCR Larkin,MP Stoinis,AJ Nair,1,0,,,,,,"",""
ball,1,14.5,Melbourne Stars,MP Stoinis,NCR Larkin,AJ Nair,1,0,,,,,,"",""
ball,1,14.6,Melbourne Stars,NCR Larkin,MP Stoinis,AJ Nair,0,0,,,,,,"",""
ball,1,14.7,Melbourne Stars,NCR Larkin,MP Stoinis,AJ Nair,1,0,,,,,,"",""
ball,1,15.1,Melbourne Stars,NCR Larkin,MP Stoinis,CP Tremain,1,0,,,,,,"",""
ball,1,15.2,Melbourne Stars,MP Stoinis,NCR Larkin,CP Tremain,4,0,,,,,,"",""
ball,1,15.3,Melbourne Stars,MP Stoinis,NCR Larkin,CP Tremain,4,0,,,,,,"",""
ball,1,15.4,Melbourne Stars,MP Stoinis,NCR Larkin,CP Tremain,1,0,,,,,,"",""
ball,1,15.5,Melbourne Stars,NCR Larkin,MP Stoinis,CP Tremain,1,0,,,,,,"",""
ball,1,15.6,Melbourne Stars,MP Stoinis,NCR Larkin,CP Tremain,1,0,,,,,,"",""
ball,1,16.1,Melbourne Stars,MP Stoinis,NCR Larkin,CH Morris,2,0,,,,,,"",""
ball,1,16.2,Melbourne Stars,MP Stoinis,NCR Larkin,CH Morris,6,0,,,,,,"",""
ball,1,16.3,Melbourne Stars,MP Stoinis,NCR Larkin,CH Morris,1,0,,,,,,"",""
ball,1,16.4,Melbourne Stars,NCR Larkin,MP Stoinis,CH Morris,1,0,,,,,,"",""
ball,1,16.5,Melbourne Stars,MP Stoinis,NCR Larkin,CH Morris,0,0,,,,,,bowled,MP Stoinis
ball,1,16.6,Melbourne Stars,GJ Maxwell,NCR Larkin,CH Morris,1,0,,,,,,"",""
ball,1,17.1,Melbourne Stars,GJ Maxwell,NCR Larkin,DR Sams,1,0,,,,,,"",""
ball,1,17.2,Melbourne Stars,NCR Larkin,GJ Maxwell,DR Sams,1,0,,,,,,"",""
ball,1,17.3,Melbourne Stars,GJ Maxwell,NCR Larkin,DR Sams,1,0,,,,,,"",""
ball,1,17.4,Melbourne Stars,NCR Larkin,GJ Maxwell,DR Sams,4,0,,,,,,"",""
ball,1,17.5,Melbourne Stars,NCR Larkin,GJ Maxwell,DR Sams,6,0,,,,,,"",""
ball,1,17.6,Melbourne Stars,NCR Larkin,GJ Maxwell,DR Sams,1,0,,,,,,"",""
ball,1,18.1,Melbourne Stars,NCR Larkin,GJ Maxwell,CH Morris,2,0,,,,,,"",""
ball,1,18.2,Melbourne Stars,NCR Larkin,GJ Maxwell,CH Morris,1,0,,,,,,"",""
ball,1,18.3,Melbourne Stars,GJ Maxwell,NCR Larkin,CH Morris,0,0,,,,,,"",""
ball,1,18.4,Melbourne Stars,GJ Maxwell,NCR Larkin,CH Morris,1,0,,,,,,"",""
ball,1,18.5,Melbourne Stars,NCR Larkin,GJ Maxwell,CH Morris,2,0,,,,,,"",""
ball,1,18.6,Melbourne Stars,NCR Larkin,GJ Maxwell,CH Morris,1,0,,,,,,"",""
ball,1,19.1,Melbourne Stars,NCR Larkin,GJ Maxwell,DR Sams,2,0,,,,,,"",""
ball,1,19.2,Melbourne Stars,NCR Larkin,GJ Maxwell,DR Sams,0,1,1,,,,,"",""
ball,1,19.3,Melbourne Stars,NCR Larkin,GJ Maxwell,DR Sams,4,0,,,,,,"",""
ball,1,19.4,Melbourne Stars,NCR Larkin,GJ Maxwell,DR Sams,6,0,,,,,,"",""
ball,1,19.5,Melbourne Stars,NCR Larkin,GJ Maxwell,DR Sams,2,0,,,,,,"",""
ball,1,19.6,Melbourne Stars,NCR Larkin,GJ Maxwell,DR Sams,1,0,,,,,,"",""
ball,1,19.7,Melbourne Stars,GJ Maxwell,NCR Larkin,DR Sams,0,1,,,1,,,"",""
ball,2,0.1,Sydney Thunder,UT Khawaja,AD Hales,DJ Worrall,4,0,,,,,,"",""
ball,2,0.2,Sydney Thunder,UT Khawaja,AD Hales,DJ Worrall,0,0,,,,,,"",""
ball,2,0.3,Sydney Thunder,UT Khawaja,AD Hales,DJ Worrall,1,0,,,,,,"",""
ball,2,0.4,Sydney Thunder,AD Hales,UT Khawaja,DJ Worrall,1,0,,,,,,"",""
ball,2,0.5,Sydney Thunder,UT Khawaja,AD Hales,DJ Worrall,0,0,,,,,,"",""
ball,2,0.6,Sydney Thunder,UT Khawaja,AD Hales,DJ Worrall,0,0,,,,,,"",""
ball,2,1.1,Sydney Thunder,AD Hales,UT Khawaja,GJ Maxwell,1,0,,,,,,"",""
ball,2,1.2,Sydney Thunder,UT Khawaja,AD Hales,GJ Maxwell,1,0,,,,,,"",""
ball,2,1.3,Sydney Thunder,AD Hales,UT Khawaja,GJ Maxwell,0,0,,,,,,"",""
ball,2,1.4,Sydney Thunder,AD Hales,UT Khawaja,GJ Maxwell,2,0,,,,,,"",""
ball,2,1.5,Sydney Thunder,AD Hales,UT Khawaja,GJ Maxwell,2,0,,,,,,"",""
ball,2,1.6,Sydney Thunder,AD Hales,UT Khawaja,GJ Maxwell,2,0,,,,,,"",""
ball,2,2.1,Sydney Thunder,UT Khawaja,AD Hales,DJ Worrall,0,0,,,,,,"",""
ball,2,2.2,Sydney Thunder,UT Khawaja,AD Hales,DJ Worrall,4,0,,,,,,"",""
ball,2,2.3,Sydney Thunder,UT Khawaja,AD Hales,DJ Worrall,3,0,,,,,,"",""
ball,2,2.4,Sydney Thunder,AD Hales,UT Khawaja,DJ Worrall,0,0,,,,,,"",""
ball,2,2.5,Sydney Thunder,AD Hales,UT Khawaja,DJ Worrall,0,0,,,,,,run out,AD Hales
ball,2,2.6,Sydney Thunder,UT Khawaja,CJ Ferguson,DJ Worrall,1,0,,,,,,"",""
ball,2,3.1,Sydney Thunder,UT Khawaja,CJ Ferguson,GJ Maxwell,1,0,,,,,,"",""
ball,2,3.2,Sydney Thunder,CJ Ferguson,UT Khawaja,GJ Maxwell,1,0,,,,,,"",""
ball,2,3.3,Sydney Thunder,UT Khawaja,CJ Ferguson,GJ Maxwell,3,0,,,,,,"",""
ball,2,3.4,Sydney Thunder,CJ Ferguson,UT Khawaja,GJ Maxwell,1,0,,,,,,"",""
ball,2,3.5,Sydney Thunder,UT Khawaja,CJ Ferguson,GJ Maxwell,4,0,,,,,,"",""
ball,2,3.6,Sydney Thunder,UT Khawaja,CJ Ferguson,GJ Maxwell,1,0,,,,,,"",""
ball,2,4.1,Sydney Thunder,UT Khawaja,CJ Ferguson,NM Coulter-Nile,0,0,,,,,,bowled,UT Khawaja
ball,2,4.2,Sydney Thunder,AI Ross,CJ Ferguson,NM Coulter-Nile,2,0,,,,,,"",""
ball,2,4.3,Sydney Thunder,AI Ross,CJ Ferguson,NM Coulter-Nile,0,0,,,,,,"",""
ball,2,4.4,Sydney Thunder,AI Ross,CJ Ferguson,NM Coulter-Nile,1,0,,,,,,"",""
ball,2,4.5,Sydney Thunder,CJ Ferguson,AI Ross,NM Coulter-Nile,0,0,,,,,,"",""
ball,2,4.6,Sydney Thunder,CJ Ferguson,AI Ross,NM Coulter-Nile,1,0,,,,,,"",""
ball,2,5.1,Sydney Thunder,CJ Ferguson,AI Ross,Haris Rauf,0,0,,,,,,"",""
ball,2,5.2,Sydney Thunder,CJ Ferguson,AI Ross,Haris Rauf,4,0,,,,,,"",""
ball,2,5.3,Sydney Thunder,CJ Ferguson,AI Ross,Haris Rauf,0,0,,,,,,caught,CJ Ferguson
ball,2,5.4,Sydney Thunder,CH Morris,AI Ross,Haris Rauf,3,0,,,,,,"",""
ball,2,5.5,Sydney Thunder,AI Ross,CH Morris,Haris Rauf,2,0,,,,,,"",""
ball,2,5.6,Sydney Thunder,AI Ross,CH Morris,Haris Rauf,0,0,,,,,,"",""
ball,2,6.1,Sydney Thunder,CH Morris,AI Ross,A Zampa,0,0,,,,,,"",""
ball,2,6.2,Sydney Thunder,CH Morris,AI Ross,A Zampa,2,0,,,,,,"",""
ball,2,6.3,Sydney Thunder,CH Morris,AI Ross,A Zampa,2,0,,,,,,"",""
ball,2,6.4,Sydney Thunder,CH Morris,AI Ross,A Zampa,1,0,,,,,,"",""
ball,2,6.5,Sydney Thunder,AI Ross,CH Morris,A Zampa,4,0,,,,,,"",""
ball,2,6.6,Sydney Thunder,AI Ross,CH Morris,A Zampa,0,0,,,,,,"",""
ball,2,7.1,Sydney Thunder,CH Morris,AI Ross,NM Coulter-Nile,0,0,,,,,,"",""
ball,2,7.2,Sydney Thunder,CH Morris,AI Ross,NM Coulter-Nile,2,0,,,,,,"",""
ball,2,7.3,Sydney Thunder,CH Morris,AI Ross,NM Coulter-Nile,1,0,,,,,,"",""
ball,2,7.4,Sydney Thunder,AI Ross,CH Morris,NM Coulter-Nile,0,0,,,,,,"",""
ball,2,7.5,Sydney Thunder,AI Ross,CH Morris,NM Coulter-Nile,6,0,,,,,,"",""
ball,2,7.6,Sydney Thunder,AI Ross,CH Morris,NM Coulter-Nile,1,0,,,,,,"",""
ball,2,8.1,Sydney Thunder,AI Ross,CH Morris,A Zampa,1,0,,,,,,"",""
ball,2,8.2,Sydney Thunder,CH Morris,AI Ross,A Zampa,6,0,,,,,,"",""
ball,2,8.3,Sydney Thunder,CH Morris,AI Ross,A Zampa,1,0,,,,,,"",""
ball,2,8.4,Sydney Thunder,AI Ross,CH Morris,A Zampa,1,0,,,,,,"",""
ball,2,8.5,Sydney Thunder,CH Morris,AI Ross,A Zampa,0,0,,,,,,"",""
ball,2,8.6,Sydney Thunder,CH Morris,AI Ross,A Zampa,0,0,,,,,,"",""
ball,2,9.1,Sydney Thunder,AI Ross,CH Morris,CD Hinchliffe,1,0,,,,,,"",""
ball,2,9.2,Sydney Thunder,CH Morris,AI Ross,CD Hinchliffe,1,0,,,,,,"",""
ball,2,9.3,Sydney Thunder,AI Ross,CH Morris,CD Hinchliffe,0,0,,,,,,"",""
ball,2,9.4,Sydney Thunder,AI Ross,CH Morris,CD Hinchliffe,6,0,,,,,,"",""
ball,2,9.5,Sydney Thunder,AI Ross,CH Morris,CD Hinchliffe,1,0,,,,,,"",""
ball,2,9.6,Sydney Thunder,CH Morris,AI Ross,CD Hinchliffe,1,0,,,,,,"",""
ball,2,10.1,Sydney Thunder,CH Morris,AI Ross,Haris Rauf,1,0,,,,,,"",""
ball,2,10.2,Sydney Thunder,AI Ross,CH Morris,Haris Rauf,0,0,,,,,,"",""
ball,2,10.3,Sydney Thunder,AI Ross,CH Morris,Haris Rauf,1,0,,,,,,"",""
ball,2,10.4,Sydney Thunder,CH Morris,AI Ross,Haris Rauf,0,0,,,,,,bowled,CH Morris
ball,2,10.5,Sydney Thunder,AJ Nair,AI Ross,Haris Rauf,1,0,,,,,,"",""
ball,2,10.6,Sydney Thunder,AI Ross,AJ Nair,Haris Rauf,1,0,,,,,,"",""
ball,2,11.1,Sydney Thunder,AI Ross,AJ Nair,DJ Worrall,0,0,,,,,,"",""
ball,2,11.2,Sydney Thunder,AI Ross,AJ Nair,DJ Worrall,1,0,,,,,,"",""
ball,2,11.3,Sydney Thunder,AJ Nair,AI Ross,DJ Worrall,0,1,,,,1,,"",""
ball,2,11.4,Sydney Thunder,AI Ross,AJ Nair,DJ Worrall,2,0,,,,,,"",""
ball,2,11.5,Sydney Thunder,AI Ross,AJ Nair,DJ Worrall,1,0,,,,,,"",""
ball,2,11.6,Sydney Thunder,AJ Nair,AI Ross,DJ Worrall,0,0,,,,,,"",""
ball,2,12.1,Sydney Thunder,AI Ross,AJ Nair,MP Stoinis,1,0,,,,,,"",""
ball,2,12.2,Sydney Thunder,AJ Nair,AI Ross,MP Stoinis,1,0,,,,,,"",""
ball,2,12.3,Sydney Thunder,AI Ross,AJ Nair,MP Stoinis,4,0,,,,,,"",""
ball,2,12.4,Sydney Thunder,AI Ross,AJ Nair,MP Stoinis,1,0,,,,,,"",""
ball,2,12.5,Sydney Thunder,AJ Nair,AI Ross,MP Stoinis,4,0,,,,,,"",""
ball,2,12.6,Sydney Thunder,AJ Nair,AI Ross,MP Stoinis,4,0,,,,,,"",""
ball,2,13.1,Sydney Thunder,AI Ross,AJ Nair,A Zampa,4,0,,,,,,"",""
ball,2,13.2,Sydney Thunder,AI Ross,AJ Nair,A Zampa,1,0,,,,,,"",""
ball,2,13.3,Sydney Thunder,AJ Nair,AI Ross,A Zampa,1,0,,,,,,"",""
ball,2,13.4,Sydney Thunder,AI Ross,AJ Nair,A Zampa,2,0,,,,,,"",""
ball,2,13.5,Sydney Thunder,AI Ross,AJ Nair,A Zampa,0,0,,,,,,"",""
ball,2,13.6,Sydney Thunder,AI Ross,AJ Nair,A Zampa,1,0,,,,,,"",""
ball,2,14.1,Sydney Thunder,AI Ross,AJ Nair,DJ Worrall,1,0,,,,,,"",""
ball,2,14.2,Sydney Thunder,AJ Nair,AI Ross,DJ Worrall,6,0,,,,,,"",""
ball,2,14.3,Sydney Thunder,AJ Nair,AI Ross,DJ Worrall,1,0,,,,,,"",""
ball,2,14.4,Sydney Thunder,AI Ross,AJ Nair,DJ Worrall,2,0,,,,,,"",""
ball,2,14.5,Sydney Thunder,AI Ross,AJ Nair,DJ Worrall,0,1,,,,1,,"",""
ball,2,14.6,Sydney Thunder,AJ Nair,AI Ross,DJ Worrall,1,0,,,,,,"",""
ball,2,15.1,Sydney Thunder,AJ Nair,AI Ross,NM Coulter-Nile,0,0,,,,,,"",""
ball,2,15.2,Sydney Thunder,AJ Nair,AI Ross,NM Coulter-Nile,4,0,,,,,,"",""
ball,2,15.3,Sydney Thunder,AJ Nair,AI Ross,NM Coulter-Nile,1,0,,,,,,"",""
ball,2,15.4,Sydney Thunder,AI Ross,AJ Nair,NM Coulter-Nile,1,0,,,,,,"",""
ball,2,15.5,Sydney Thunder,AJ Nair,AI Ross,NM Coulter-Nile,0,0,,,,,,"",""
ball,2,15.6,Sydney Thunder,AJ Nair,AI Ross,NM Coulter-Nile,0,0,,,,,,"",""
ball,2,16.1,Sydney Thunder,AI Ross,AJ Nair,A Zampa,2,0,,,,,,"",""
ball,2,16.2,Sydney Thunder,AI Ross,AJ Nair,A Zampa,6,0,,,,,,"",""
ball,2,16.3,Sydney Thunder,AI Ross,AJ Nair,A Zampa,0,1,1,,,,,"",""
ball,2,16.4,Sydney Thunder,AI Ross,AJ Nair,A Zampa,0,0,,,,,,caught,AI Ross
ball,2,16.5,Sydney Thunder,AJ Nair,DR Sams,A Zampa,6,0,,,,,,"",""
ball,2,16.6,Sydney Thunder,AJ Nair,DR Sams,A Zampa,0,0,,,,,,caught,AJ Nair
ball,2,16.7,Sydney Thunder,DR Sams,JS Lenton,A Zampa,1,0,,,,,,"",""
ball,2,17.1,Sydney Thunder,DR Sams,JS Lenton,Haris Rauf,1,0,,,,,,"",""
ball,2,17.2,Sydney Thunder,JS Lenton,DR Sams,Haris Rauf,0,0,,,,,,"",""
ball,2,17.3,Sydney Thunder,JS Lenton,DR Sams,Haris Rauf,1,0,,,,,,"",""
ball,2,17.4,Sydney Thunder,DR Sams,JS Lenton,Haris Rauf,0,0,,,,,,"",""
ball,2,17.5,Sydney Thunder,DR Sams,JS Lenton,Haris Rauf,0,0,,,,,,"",""
ball,2,17.6,Sydney Thunder,DR Sams,JS Lenton,Haris Rauf,1,0,,,,,,"",""
ball,2,18.1,Sydney Thunder,DR Sams,JS Lenton,NM Coulter-Nile,0,0,,,,,,caught,DR Sams
ball,2,18.2,Sydney Thunder,JS Lenton,N McAndrew,NM Coulter-Nile,4,0,,,,,,"",""
ball,2,18.3,Sydney Thunder,JS Lenton,N McAndrew,NM Coulter-Nile,2,0,,,,,,"",""
ball,2,18.4,Sydney Thunder,JS Lenton,N McAndrew,NM Coulter-Nile,1,0,,,,,,"",""
ball,2,18.5,Sydney Thunder,N McAndrew,JS Lenton,NM Coulter-Nile,0,1,,,,1,,"",""
ball,2,18.6,Sydney Thunder,JS Lenton,N McAndrew,NM Coulter-Nile,2,0,,,,,,"",""
ball,2,19.1,Sydney Thunder,N McAndrew,JS Lenton,Haris Rauf,0,1,,,,1,,"",""
ball,2,19.2,Sydney Thunder,JS Lenton,N McAndrew,Haris Rauf,0,0,,,,,,caught,JS Lenton
ball,2,19.3,Sydney Thunder,N McAndrew,CP Tremain,Haris Rauf,1,0,,,,,,"",""
ball,2,19.4,Sydney Thunder,CP Tremain,N McAndrew,Haris Rauf,0,0,,,,,,"",""
ball,2,19.5,Sydney Thunder,CP Tremain,N McAndrew,Haris Rauf,0,0,,,,,,"",""
ball,2,19.6,Sydney Thunder,CP Tremain,N McAndrew,Haris Rauf,0,0,,,,,,"",""
