version,1.6.0
info,balls_per_over,6
info,team,Melbourne Stars
info,team,Sydney Thunder
info,gender,male
info,season,2019/20
info,date,2020/01/08
info,event,Big Bash League
info,match_number,28
info,venue,Melbourne Cricket Ground
info,city,Melbourne
info,toss_winner,Melbourne Stars
info,toss_decision,field
info,player_of_match,Haris Rauf
info,umpire,GC Joshua
info,umpire,DM Koch
info,reserve_umpire,Mattis van Eck
info,tv_umpire,JD Ward
info,match_referee,RL Parry
info,winner,Melbourne Stars
info,winner_wickets,6
info,player,Sydney Thunder,UT Khawaja
info,player,Sydney Thunder,AD Hales
info,player,Sydney Thunder,CJ Ferguson
info,player,Sydney Thunder,M Gilkes
info,player,Sydney Thunder,CH Morris
info,player,Sydney Thunder,DR Sams
info,player,Sydney Thunder,AI Ross
info,player,Sydney Thunder,AJ Nair
info,player,Sydney Thunder,N McAndrew
info,player,Sydney Thunder,JD Cook
info,player,Sydney Thunder,CP Tremain
info,player,Melbourne Stars,NJ Maddinson
info,player,Melbourne Stars,MP Stoinis
info,player,Melbourne Stars,NM Coulter-Nile
info,player,Melbourne Stars,NCR Larkin
info,player,Melbourne Stars,GJ Maxwell
info,player,Melbourne Stars,PSP Handscomb
info,player,Melbourne Stars,HWR Cartwright
info,player,Melbourne Stars,A Zampa
info,player,Melbourne Stars,DJ Worrall
info,player,Melbourne Stars,Haris Rauf
info,player,Melbourne Stars,S Lamichhane
info,registry,people,A Zampa,14f96089
info,registry,people,AD Hales,92aeac25
info,registry,people,AI Ross,fb0d68b4
info,registry,people,AJ Nair,4ba2c04d
info,registry,people,CH Morris,fb66ce1f
info,registry,people,CJ Ferguson,9b4935c8
info,registry,people,CP Tremain,96824e68
info,registry,people,DJ Worrall,208f22ea
info,registry,people,DM Koch,6d10c034
info,registry,people,DR Sams,caf69bf7
info,registry,people,GC Joshua,4c47ebf2
info,registry,people,GJ Maxwell,b681e71e
info,registry,people,HWR Cartwright,ab965cad
info,registry,people,Haris Rauf,24bb1c2f
info,registry,people,JD Cook,45f56920
info,registry,people,JD Ward,511299c1
info,registry,people,M Gilkes,d85b0f8b
info,registry,people,MP Stoinis,d9273ee7
info,registry,people,Mattis van Eck,bf1a68c1
info,registry,people,N McAndrew,38c276e1
info,registry,people,NCR Larkin,02bce9a8
info,registry,people,NJ Maddinson,44afbf2d
info,registry,people,NM Coulter-Nile,56ab442f
info,registry,people,PSP Handscomb,ada15e88
info,registry,people,RL Parry,86d151dc
info,registry,people,S Lamichhane,b410bd3d
info,registry,people,UT Khawaja,331ea488
ball,1,0.1,Sydney Thunder,UT Khawaja,AD Hales,GJ Maxwell,1,0,,,,,,"",""
ball,1,0.2,Sydney Thunder,AD Hales,UT Khawaja,GJ Maxwell,0,0,,,,,,"",""
ball,1,0.3,Sydney Thunder,AD Hales,UT Khawaja,GJ Maxwell,1,0,,,,,,"",""
ball,1,0.4,Sydney Thunder,UT Khawaja,AD Hales,GJ Maxwell,0,0,,,,,,"",""
ball,1,0.5,Sydney Thunder,UT Khawaja,AD Hales,GJ Maxwell,1,0,,,,,,"",""
ball,1,0.6,Sydney Thunder,AD Hales,UT Khawaja,GJ Maxwell,1,0,,,,,,"",""
ball,1,1.1,Sydney Thunder,AD Hales,UT Khawaja,DJ Worrall,1,0,,,,,,"",""
ball,1,1.2,Sydney Thunder,UT Khawaja,AD Hales,DJ Worrall,0,0,,,,,,"",""
ball,1,1.3,Sydney Thunder,UT Khawaja,AD Hales,DJ Worrall,4,0,,,,,,"",""
ball,1,1.4,Sydney Thunder,UT Khawaja,AD Hales,DJ Worrall,0,0,,,,,,"",""
ball,1,1.5,Sydney Thunder,UT Khawaja,AD Hales,DJ Worrall,0,0,,,,,,"",""
ball,1,1.6,Sydney Thunder,UT Khawaja,AD Hales,DJ Worrall,1,0,,,,,,"",""
ball,1,2.1,Sydney Thunder,UT Khawaja,AD Hales,GJ Maxwell,1,0,,,,,,"",""
ball,1,2.2,Sydney Thunder,AD Hales,UT Khawaja,GJ Maxwell,1,0,,,,,,"",""
ball,1,2.3,Sydney Thunder,UT Khawaja,AD Hales,GJ Maxwell,0,0,,,,,,"",""
ball,1,2.4,Sydney Thunder,UT Khawaja,AD Hales,GJ Maxwell,1,0,,,,,,"",""
ball,1,2.5,Sydney Thunder,AD Hales,UT Khawaja,GJ Maxwell,1,0,,,,,,"",""
ball,1,2.6,Sydney Thunder,UT Khawaja,AD Hales,GJ Maxwell,1,0,,,,,,"",""
ball,1,3.1,Sydney Thunder,UT Khawaja,AD Hales,DJ Worrall,2,0,,,,,,"",""
ball,1,3.2,Sydney Thunder,UT Khawaja,AD Hales,DJ Worrall,4,0,,,,,,"",""
ball,1,3.3,Sydney Thunder,UT Khawaja,AD Hales,DJ Worrall,4,0,,,,,,"",""
ball,1,3.4,Sydney Thunder,UT Khawaja,AD Hales,DJ Worrall,0,0,,,,,,"",""
ball,1,3.5,Sydney Thunder,UT Khawaja,AD Hales,DJ Worrall,3,0,,,,,,"",""
ball,1,3.6,Sydney Thunder,AD Hales,UT Khawaja,DJ Worrall,0,0,,,,,,"",""
ball,1,4.1,Sydney Thunder,UT Khawaja,AD Hales,GJ Maxwell,1,0,,,,,,"",""
ball,1,4.2,Sydney Thunder,AD Hales,UT Khawaja,GJ Maxwell,1,0,,,,,,"",""
ball,1,4.3,Sydney Thunder,UT Khawaja,AD Hales,GJ Maxwell,1,0,,,,,,"",""
ball,1,4.4,Sydney Thunder,AD Hales,UT Khawaja,GJ Maxwell,4,0,,,,,,"",""
ball,1,4.5,Sydney Thunder,AD Hales,UT Khawaja,GJ Maxwell,1,0,,,,,,"",""
ball,1,4.6,Sydney Thunder,UT Khawaja,AD Hales,GJ Maxwell,1,0,,,,,,"",""
ball,1,5.1,Sydney Thunder,UT Khawaja,AD Hales,Haris Rauf,1,0,,,,,,"",""
ball,1,5.2,Sydney Thunder,AD Hales,UT Khawaja,Haris Rauf,0,0,,,,,,"",""
ball,1,5.3,Sydney Thunder,AD Hales,UT Khawaja,Haris Rauf,0,0,,,,,,"",""
ball,1,5.4,Sydney Thunder,AD Hales,UT Khawaja,Haris Rauf,1,0,,,,,,"",""
ball,1,5.5,Sydney Thunder,UT Khawaja,AD Hales,Haris Rauf,1,0,,,,,,"",""
ball,1,5.6,Sydney Thunder,AD Hales,UT Khawaja,Haris Rauf,1,0,,,,,,"",""
ball,1,6.1,Sydney Thunder,AD Hales,UT Khawaja,S Lamichhane,1,0,,,,,,"",""
ball,1,6.2,Sydney Thunder,UT Khawaja,AD Hales,S Lamichhane,1,0,,,,,,"",""
ball,1,6.3,Sydney Thunder,AD Hales,UT Khawaja,S Lamichhane,4,0,,,,,,"",""
ball,1,6.4,Sydney Thunder,AD Hales,UT Khawaja,S Lamichhane,2,0,,,,,,"",""
ball,1,6.5,Sydney Thunder,AD Hales,UT Khawaja,S Lamichhane,0,0,,,,,,"",""
ball,1,6.6,Sydney Thunder,AD Hales,UT Khawaja,S Lamichhane,1,0,,,,,,"",""
ball,1,7.1,Sydney Thunder,AD Hales,UT Khawaja,A Zampa,1,0,,,,,,"",""
ball,1,7.2,Sydney Thunder,UT Khawaja,AD Hales,A Zampa,2,0,,,,,,"",""
ball,1,7.3,Sydney Thunder,UT Khawaja,AD Hales,A Zampa,1,0,,,,,,"",""
ball,1,7.4,Sydney Thunder,AD Hales,UT Khawaja,A Zampa,0,0,,,,,,"",""
ball,1,7.5,Sydney Thunder,AD Hales,UT Khawaja,A Zampa,1,0,,,,,,"",""
ball,1,7.6,Sydney Thunder,UT Khawaja,AD Hales,A Zampa,1,0,,,,,,"",""
ball,1,8.1,Sydney Thunder,UT Khawaja,AD Hales,NM Coulter-Nile,0,0,,,,,,caught,UT Khawaja
ball,1,8.2,Sydney Thunder,AD Hales,CJ Ferguson,NM Coulter-Nile,0,0,,,,,,"",""
ball,1,8.3,Sydney Thunder,AD Hales,CJ Ferguson,NM Coulter-Nile,1,0,,,,,,"",""
ball,1,8.4,Sydney Thunder,CJ Ferguson,AD Hales,NM Coulter-Nile,1,0,,,,,,"",""
ball,1,8.5,Sydney Thunder,AD Hales,CJ Ferguson,NM Coulter-Nile,0,0,,,,,,"",""
ball,1,8.6,Sydney Thunder,AD Hales,CJ Ferguson,NM Coulter-Nile,1,0,,,,,,"",""
ball,1,9.1,Sydney Thunder,AD Hales,CJ Ferguson,A Zampa,1,0,,,,,,"",""
ball,1,9.2,Sydney Thunder,CJ Ferguson,AD Hales,A Zampa,1,0,,,,,,"",""
ball,1,9.3,Sydney Thunder,AD Hales,CJ Ferguson,A Zampa,0,0,,,,,,caught,AD Hales
ball,1,9.4,Sydney Thunder,CJ Ferguson,M Gilkes,A Zampa,0,0,,,,,,"",""
ball,1,9.5,Sydney Thunder,CJ Ferguson,M Gilkes,A Zampa,1,0,,,,,,"",""
ball,1,9.6,Sydney Thunder,M Gilkes,CJ Ferguson,A Zampa,1,0,,,,,,"",""
ball,1,10.1,Sydney Thunder,M Gilkes,CJ Ferguson,S Lamichhane,1,0,,,,,,"",""
ball,1,10.2,Sydney Thunder,CJ Ferguson,M Gilkes,S Lamichhane,0,0,,,,,,"",""
ball,1,10.3,Sydney Thunder,CJ Ferguson,M Gilkes,S Lamichhane,0,0,,,,,,"",""
ball,1,10.4,Sydney Thunder,CJ Ferguson,M Gilkes,S Lamichhane,1,0,,,,,,"",""
ball,1,10.5,Sydney Thunder,M Gilkes,CJ Ferguson,S Lamichhane,0,0,,,,,,"",""
ball,1,10.6,Sydney Thunder,M Gilkes,CJ Ferguson,S Lamichhane,0,0,,,,,,"",""
ball,1,11.1,Sydney Thunder,CJ Ferguson,M Gilkes,NM Coulter-Nile,1,0,,,,,,"",""
ball,1,11.2,Sydney Thunder,M Gilkes,CJ Ferguson,NM Coulter-Nile,0,1,,,,1,,"",""
ball,1,11.3,Sydney Thunder,CJ Ferguson,M Gilkes,NM Coulter-Nile,1,0,,,,,,"",""
ball,1,11.4,Sydney Thunder,M Gilkes,CJ Ferguson,NM Coulter-Nile,0,0,,,,,,"",""
ball,1,11.5,Sydney Thunder,M Gilkes,CJ Ferguson,NM Coulter-Nile,1,0,,,,,,"",""
ball,1,11.6,Sydney Thunder,CJ Ferguson,M Gilkes,NM Coulter-Nile,1,0,,,,,,"",""
ball,1,12.1,Sydney Thunder,CJ Ferguson,M Gilkes,A Zampa,1,0,,,,,,"",""
ball,1,12.2,Sydney Thunder,M Gilkes,CJ Ferguson,A Zampa,0,4,,,4,,,"",""
ball,1,12.3,Sydney Thunder,M Gilkes,CJ Ferguson,A Zampa,0,0,,,,,,"",""
ball,1,12.4,Sydney Thunder,M Gilkes,CJ Ferguson,A Zampa,2,0,,,,,,"",""
ball,1,12.5,Sydney Thunder,M Gilkes,CJ Ferguson,A Zampa,0,0,,,,,,"",""
ball,1,12.6,Sydney Thunder,M Gilkes,CJ Ferguson,A Zampa,3,0,,,,,,"",""
ball,1,13.1,Sydney Thunder,M Gilkes,CJ Ferguson,S Lamichhane,1,0,,,,,,"",""
ball,1,13.2,Sydney Thunder,CJ Ferguson,M Gilkes,S Lamichhane,4,0,,,,,,"",""
ball,1,13.3,Sydney Thunder,CJ Ferguson,M Gilkes,S Lamichhane,1,0,,,,,,"",""
ball,1,13.4,Sydney Thunder,M Gilkes,CJ Ferguson,S Lamichhane,1,0,,,,,,"",""
ball,1,13.5,Sydney Thunder,CJ Ferguson,M Gilkes,S Lamichhane,1,0,,,,,,"",""
ball,1,13.6,Sydney Thunder,M Gilkes,CJ Ferguson,S Lamichhane,2,0,,,,,,"",""
ball,1,14.1,Sydney Thunder,CJ Ferguson,M Gilkes,Haris Rauf,4,0,,,,,,"",""
ball,1,14.2,Sydney Thunder,CJ Ferguson,M Gilkes,Haris Rauf,1,0,,,,,,"",""
ball,1,14.3,Sydney Thunder,M Gilkes,CJ Ferguson,Haris Rauf,0,0,,,,,,"",""
ball,1,14.4,Sydney Thunder,M Gilkes,CJ Ferguson,Haris Rauf,1,0,,,,,,"",""
ball,1,14.5,Sydney Thunder,CJ Ferguson,M Gilkes,Haris Rauf,1,0,,,,,,"",""
ball,1,14.6,Sydney Thunder,M Gilkes,CJ Ferguson,Haris Rauf,1,0,,,,,,"",""
ball,1,15.1,Sydney Thunder,M Gilkes,CJ Ferguson,A Zampa,0,0,,,,,,"",""
ball,1,15.2,Sydney Thunder,M Gilkes,CJ Ferguson,A Zampa,1,0,,,,,,"",""
ball,1,15.3,Sydney Thunder,CJ Ferguson,M Gilkes,A Zampa,1,0,,,,,,"",""
ball,1,15.4,Sydney Thunder,M Gilkes,CJ Ferguson,A Zampa,2,0,,,,,,"",""
ball,1,15.5,Sydney Thunder,M Gilkes,CJ Ferguson,A Zampa,1,0,,,,,,"",""
ball,1,15.6,Sydney Thunder,CJ Ferguson,M Gilkes,A Zampa,1,0,,,,,,"",""
ball,1,16.1,Sydney Thunder,CJ Ferguson,M Gilkes,S Lamichhane,4,0,,,,,,"",""
ball,1,16.2,Sydney Thunder,CJ Ferguson,M Gilkes,S Lamichhane,6,0,,,,,,"",""
ball,1,16.3,Sydney Thunder,CJ Ferguson,M Gilkes,S Lamichhane,1,0,,,,,,"",""
ball,1,16.4,Sydney Thunder,M Gilkes,CJ Ferguson,S Lamichhane,6,0,,,,,,"",""
ball,1,16.5,Sydney Thunder,M Gilkes,CJ Ferguson,S Lamichhane,0,0,,,,,,"",""
ball,1,16.6,Sydney Thunder,M Gilkes,CJ Ferguson,S Lamichhane,1,0,,,,,,"",""
ball,1,17.1,Sydney Thunder,M Gilkes,CJ Ferguson,Haris Rauf,1,0,,,,,,"",""
ball,1,17.2,Sydney Thunder,CJ Ferguson,M Gilkes,Haris Rauf,0,1,,,,1,,"",""
ball,1,17.3,Sydney Thunder,M Gilkes,CJ Ferguson,Haris Rauf,0,1,1,,,,,"",""
ball,1,17.4,Sydney Thunder,M Gilkes,CJ Ferguson,Haris Rauf,6,0,,,,,,"",""
ball,1,17.5,Sydney Thunder,M Gilkes,CJ Ferguson,Haris Rauf,0,1,1,,,,,"",""
ball,1,17.6,Sydney Thunder,M Gilkes,CJ Ferguson,Haris Rauf,0,0,,,,,,"",""
ball,1,17.7,Sydney Thunder,M Gilkes,CJ Ferguson,Haris Rauf,0,0,,,,,,"",""
ball,1,17.8,Sydney Thunder,M Gilkes,CJ Ferguson,Haris Rauf,1,0,,,,,,"",""
ball,1,18.1,Sydney Thunder,M Gilkes,CJ Ferguson,NM Coulter-Nile,0,1,,,,1,,"",""
ball,1,18.2,Sydney Thunder,CJ Ferguson,M Gilkes,NM Coulter-Nile,0,0,,,,,,"",""
ball,1,18.3,Sydney Thunder,CJ Ferguson,M Gilkes,NM Coulter-Nile,1,0,,,,,,"",""
ball,1,18.4,Sydney Thunder,M Gilkes,CJ Ferguson,NM Coulter-Nile,2,0,,,,,,"",""
ball,1,18.5,Sydney Thunder,M Gilkes,CJ Ferguson,NM Coulter-Nile,4,0,,,,,,"",""
ball,1,18.6,Sydney Thunder,M Gilkes,CJ Ferguson,NM Coulter-Nile,2,0,,,,,,"",""
ball,1,19.1,Sydney Thunder,CJ Ferguson,M Gilkes,Haris Rauf,1,0,,,,,,"",""
ball,1,19.2,Sydney Thunder,M Gilkes,CJ Ferguson,Haris Rauf,0,0,,,,,,caught,M Gilkes
ball,1,19.3,Sydney Thunder,CJ Ferguson,CH Morris,Haris Rauf,0,0,,,,,,bowled,CJ Ferguson
ball,1,19.4,Sydney Thunder,DR Sams,CH Morris,Haris Rauf,0,0,,,,,,lbw,DR Sams
ball,1,19.5,Sydney Thunder,AI Ross,CH Morris,Haris Rauf,0,0,,,,,,"",""
ball,1,19.6,Sydney Thunder,AI Ross,CH Morris,Haris Rauf,0,1,,,1,,,"",""
ball,2,0.1,Melbourne Stars,NJ Maddinson,MP Stoinis,DR Sams,0,0,,,,,,"",""
ball,2,0.2,Melbourne Stars,NJ Maddinson,MP Stoinis,DR Sams,4,0,,,,,,"",""
ball,2,0.3,Melbourne Stars,NJ Maddinson,MP Stoinis,DR Sams,0,0,,,,,,"",""
ball,2,0.4,Melbourne Stars,NJ Maddinson,MP Stoinis,DR Sams,0,0,,,,,,"",""
ball,2,0.5,Melbourne Stars,NJ Maddinson,MP Stoinis,DR Sams,0,0,,,,,,"",""
ball,2,0.6,Melbourne Stars,NJ Maddinson,MP Stoinis,DR Sams,1,0,,,,,,"",""
ball,2,1.1,Melbourne Stars,NJ Maddinson,MP Stoinis,CH Morris,1,0,,,,,,"",""
ball,2,1.2,Melbourne Stars,MP Stoinis,NJ Maddinson,CH Morris,2,0,,,,,,"",""
ball,2,1.3,Melbourne Stars,MP Stoinis,NJ Maddinson,CH Morris,0,0,,,,,,"",""
ball,2,1.4,Melbourne Stars,MP Stoinis,NJ Maddinson,CH Morris,0,0,,,,,,"",""
ball,2,1.5,Melbourne Stars,MP Stoinis,NJ Maddinson,CH Morris,0,0,,,,,,"",""
ball,2,1.6,Melbourne Stars,MP Stoinis,NJ Maddinson,CH Morris,0,0,,,,,,"",""
ball,2,2.1,Melbourne Stars,NJ Maddinson,MP Stoinis,CP Tremain,1,0,,,,,,"",""
ball,2,2.2,Melbourne Stars,MP Stoinis,NJ Maddinson,CP Tremain,0,0,,,,,,"",""
ball,2,2.3,Melbourne Stars,MP Stoinis,NJ Maddinson,CP Tremain,1,0,,,,,,"",""
ball,2,2.4,Melbourne Stars,NJ Maddinson,MP Stoinis,CP Tremain,0,1,1,,,,,"",""
ball,2,2.5,Melbourne Stars,NJ Maddinson,MP Stoinis,CP Tremain,1,0,,,,,,"",""
ball,2,2.6,Melbourne Stars,MP Stoinis,NJ Maddinson,CP Tremain,4,0,,,,,,"",""
ball,2,2.7,Melbourne Stars,MP Stoinis,NJ Maddinson,CP Tremain,0,0,,,,,,"",""
ball,2,3.1,Melbourne Stars,NJ Maddinson,MP Stoinis,N McAndrew,0,0,,,,,,"",""
ball,2,3.2,Melbourne Stars,NJ Maddinson,MP Stoinis,N McAndrew,4,0,,,,,,"",""
ball,2,3.3,Melbourne Stars,NJ Maddinson,MP Stoinis,N McAndrew,1,0,,,,,,run out,NJ Maddinson
ball,2,3.4,Melbourne Stars,NM Coulter-Nile,MP Stoinis,N McAndrew,0,1,1,,,,,"",""
ball,2,3.5,Melbourne Stars,NM Coulter-Nile,MP Stoinis,N McAndrew,0,0,,,,,,"",""
ball,2,3.6,Melbourne Stars,NM Coulter-Nile,MP Stoinis,N McAndrew,4,0,,,,,,"",""
ball,2,3.7,Melbourne Stars,NM Coulter-Nile,MP Stoinis,N McAndrew,0,0,,,,,,"",""
ball,2,4.1,Melbourne Stars,MP Stoinis,NM Coulter-Nile,JD Cook,0,0,,,,,,"",""
ball,2,4.2,Melbourne Stars,MP Stoinis,NM Coulter-Nile,JD Cook,2,0,,,,,,"",""
ball,2,4.3,Melbourne Stars,MP Stoinis,NM Coulter-Nile,JD Cook,2,0,,,,,,"",""
ball,2,4.4,Melbourne Stars,MP Stoinis,NM Coulter-Nile,JD Cook,4,0,,,,,,"",""
ball,2,4.5,Melbourne Stars,MP Stoinis,NM Coulter-Nile,JD Cook,0,0,,,,,,"",""
ball,2,4.6,Melbourne Stars,MP Stoinis,NM Coulter-Nile,JD Cook,6,0,,,,,,"",""
ball,2,5.1,Melbourne Stars,NM Coulter-Nile,MP Stoinis,DR Sams,1,0,,,,,,"",""
ball,2,5.2,Melbourne Stars,MP Stoinis,NM Coulter-Nile,DR Sams,1,0,,,,,,"",""
ball,2,5.3,Melbourne Stars,NM Coulter-Nile,MP Stoinis,DR Sams,6,0,,,,,,"",""
ball,2,5.4,Melbourne Stars,NM Coulter-Nile,MP Stoinis,DR Sams,0,0,,,,,,caught,NM Coulter-Nile
ball,2,5.5,Melbourne Stars,MP Stoinis,NCR Larkin,DR Sams,1,0,,,,,,"",""
ball,2,5.6,Melbourne Stars,NCR Larkin,MP Stoinis,DR Sams,4,0,,,,,,"",""
ball,2,6.1,Melbourne Stars,MP Stoinis,NCR Larkin,N McAndrew,0,0,,,,,,"",""
ball,2,6.2,Melbourne Stars,MP Stoinis,NCR Larkin,N McAndrew,0,1,1,,,,,"",""
ball,2,6.3,Melbourne Stars,MP Stoinis,NCR Larkin,N McAndrew,2,0,,,,,,"",""
ball,2,6.4,Melbourne Stars,MP Stoinis,NCR Larkin,N McAndrew,0,0,,,,,,"",""
ball,2,6.5,Melbourne Stars,MP Stoinis,NCR Larkin,N McAndrew,1,0,,,,,,"",""
ball,2,6.6,Melbourne Stars,NCR Larkin,MP Stoinis,N McAndrew,1,0,,,,,,"",""
ball,2,6.7,Melbourne Stars,MP Stoinis,NCR Larkin,N McAndrew,0,0,,,,,,"",""
ball,2,7.1,Melbourne Stars,NCR Larkin,MP Stoinis,AJ Nair,1,0,,,,,,"",""
ball,2,7.2,Melbourne Stars,MP Stoinis,NCR Larkin,AJ Nair,1,0,,,,,,"",""
ball,2,7.3,Melbourne Stars,NCR Larkin,MP Stoinis,AJ Nair,0,0,,,,,,bowled,NCR Larkin
ball,2,7.4,Melbourne Stars,GJ Maxwell,MP Stoinis,AJ Nair,4,0,,,,,,"",""
ball,2,7.5,Melbourne Stars,GJ Maxwell,MP Stoinis,AJ Nair,1,0,,,,,,"",""
ball,2,7.6,Melbourne Stars,MP Stoinis,GJ Maxwell,AJ Nair,1,0,,,,,,"",""
ball,2,8.1,Melbourne Stars,MP Stoinis,GJ Maxwell,CP Tremain,2,0,,,,,,"",""
ball,2,8.2,Melbourne Stars,MP Stoinis,GJ Maxwell,CP Tremain,1,0,,,,,,"",""
ball,2,8.3,Melbourne Stars,GJ Maxwell,MP Stoinis,CP Tremain,0,0,,,,,,"",""
ball,2,8.4,Melbourne Stars,GJ Maxwell,MP Stoinis,CP Tremain,1,0,,,,,,"",""
ball,2,8.5,Melbourne Stars,MP Stoinis,GJ Maxwell,CP Tremain,0,0,,,,,,"",""
ball,2,8.6,Melbourne Stars,MP Stoinis,GJ Maxwell,CP Tremain,1,0,,,,,,"",""
ball,2,9.1,Melbourne Stars,MP Stoinis,GJ Maxwell,CH Morris,1,0,,,,,,"",""
ball,2,9.2,Melbourne Stars,GJ Maxwell,MP Stoinis,CH Morris,2,0,,,,,,"",""
ball,2,9.3,Melbourne Stars,GJ Maxwell,MP Stoinis,CH Morris,1,0,,,,,,"",""
ball,2,9.4,Melbourne Stars,MP Stoinis,GJ Maxwell,CH Morris,0,0,,,,,,"",""
ball,2,9.5,Melbourne Stars,MP Stoinis,GJ Maxwell,CH Morris,1,0,,,,,,"",""
ball,2,9.6,Melbourne Stars,GJ Maxwell,MP Stoinis,CH Morris,1,0,,,,,,"",""
ball,2,10.1,Melbourne Stars,GJ Maxwell,MP Stoinis,N McAndrew,1,0,,,,,,"",""
ball,2,10.2,Melbourne Stars,MP Stoinis,GJ Maxwell,N McAndrew,1,0,,,,,,"",""
ball,2,10.3,Melbourne Stars,GJ Maxwell,MP Stoinis,N McAndrew,4,0,,,,,,"",""
ball,2,10.4,Melbourne Stars,GJ Maxwell,MP Stoinis,N McAndrew,1,0,,,,,,"",""
ball,2,10.5,Melbourne Stars,MP Stoinis,GJ Maxwell,N McAndrew,1,0,,,,,,"",""
ball,2,10.6,Melbourne Stars,GJ Maxwell,MP Stoinis,N McAndrew,0,0,,,,,,"",""
ball,2,11.1,Melbourne Stars,MP Stoinis,GJ Maxwell,AJ Nair,1,0,,,,,,"",""
ball,2,11.2,Melbourne Stars,GJ Maxwell,MP Stoinis,AJ Nair,1,0,,,,,,"",""
ball,2,11.3,Melbourne Stars,MP Stoinis,GJ Maxwell,AJ Nair,0,0,,,,,,"",""
ball,2,11.4,Melbourne Stars,MP Stoinis,GJ Maxwell,AJ Nair,4,0,,,,,,"",""
ball,2,11.5,Melbourne Stars,MP Stoinis,GJ Maxwell,AJ Nair,0,0,,,,,,"",""
ball,2,11.6,Melbourne Stars,MP Stoinis,GJ Maxwell,AJ Nair,1,0,,,,,,"",""
ball,2,12.1,Melbourne Stars,MP Stoinis,GJ Maxwell,DR Sams,1,0,,,,,,"",""
ball,2,12.2,Melbourne Stars,GJ Maxwell,MP Stoinis,DR Sams,1,0,,,,,,"",""
ball,2,12.3,Melbourne Stars,MP Stoinis,GJ Maxwell,DR Sams,1,0,,,,,,"",""
ball,2,12.4,Melbourne Stars,GJ Maxwell,MP Stoinis,DR Sams,1,0,,,,,,"",""
ball,2,12.5,Melbourne Stars,MP Stoinis,GJ Maxwell,DR Sams,4,0,,,,,,"",""
ball,2,12.6,Melbourne Stars,MP Stoinis,GJ Maxwell,DR Sams,1,0,,,,,,"",""
ball,2,13.1,Melbourne Stars,MP Stoinis,GJ Maxwell,JD Cook,1,0,,,,,,"",""
ball,2,13.2,Melbourne Stars,GJ Maxwell,MP Stoinis,JD Cook,0,0,,,,,,"",""
ball,2,13.3,Melbourne Stars,GJ Maxwell,MP Stoinis,JD Cook,1,0,,,,,,"",""
ball,2,13.4,Melbourne Stars,MP Stoinis,GJ Maxwell,JD Cook,0,0,,,,,,caught,MP Stoinis
ball,2,13.5,Melbourne Stars,GJ Maxwell,PSP Handscomb,JD Cook,1,0,,,,,,"",""
ball,2,13.6,Melbourne Stars,PSP Handscomb,GJ Maxwell,JD Cook,1,0,,,,,,"",""
ball,2,14.1,Melbourne Stars,PSP Handscomb,GJ Maxwell,CP Tremain,0,0,,,,,,"",""
ball,2,14.2,Melbourne Stars,PSP Handscomb,GJ Maxwell,CP Tremain,0,0,,,,,,"",""
ball,2,14.3,Melbourne Stars,PSP Handscomb,GJ Maxwell,CP Tremain,1,0,,,,,,"",""
ball,2,14.4,Melbourne Stars,GJ Maxwell,PSP Handscomb,CP Tremain,0,2,,,,2,,"",""
ball,2,14.5,Melbourne Stars,GJ Maxwell,PSP Handscomb,CP Tremain,0,0,,,,,,"",""
ball,2,14.6,Melbourne Stars,GJ Maxwell,PSP Handscomb,CP Tremain,4,1,,1,,,,"",""
ball,2,14.7,Melbourne Stars,GJ Maxwell,PSP Handscomb,CP Tremain,6,0,,,,,,"",""
ball,2,15.1,Melbourne Stars,PSP Handscomb,GJ Maxwell,CH Morris,1,0,,,,,,"",""
ball,2,15.2,Melbourne Stars,GJ Maxwell,PSP Handscomb,CH Morris,2,0,,,,,,"",""
ball,2,15.3,Melbourne Stars,GJ Maxwell,PSP Handscomb,CH Morris,4,0,,,,,,"",""
ball,2,15.4,Melbourne Stars,GJ Maxwell,PSP Handscomb,CH Morris,4,0,,,,,,"",""
ball,2,15.5,Melbourne Stars,GJ Maxwell,PSP Handscomb,CH Morris,4,0,,,,,,"",""
ball,2,15.6,Melbourne Stars,GJ Maxwell,PSP Handscomb,CH Morris,1,0,,,,,,"",""
ball,2,16.1,Melbourne Stars,GJ Maxwell,PSP Handscomb,DR Sams,2,0,,,,,,"",""
ball,2,16.2,Melbourne Stars,GJ Maxwell,PSP Handscomb,DR Sams,0,0,,,,,,"",""
ball,2,16.3,Melbourne Stars,GJ Maxwell,PSP Handscomb,DR Sams,2,0,,,,,,"",""
ball,2,16.4,Melbourne Stars,GJ Maxwell,PSP Handscomb,DR Sams,0,0,,,,,,"",""
ball,2,16.5,Melbourne Stars,GJ Maxwell,PSP Handscomb,DR Sams,4,0,,,,,,"",""
ball,2,16.6,Melbourne Stars,GJ Maxwell,PSP Handscomb,DR Sams,1,0,,,,,,"",""
ball,2,17.1,Melbourne Stars,GJ Maxwell,PSP Handscomb,CH Morris,0,0,,,,,,"",""
ball,2,17.2,Melbourne Stars,GJ Maxwell,PSP Handscomb,CH Morris,0,0,,,,,,"",""
ball,2,17.3,Melbourne Stars,GJ Maxwell,PSP Handscomb,CH Morris,0,0,,,,,,"",""
ball,2,17.4,Melbourne Stars,GJ Maxwell,PSP Handscomb,CH Morris,0,0,,,,,,"",""
ball,2,17.5,Melbourne Stars,GJ Maxwell,PSP Handscomb,CH Morris,4,0,,,,,,"",""
