version,1.6.0
info,balls_per_over,6
info,team,Hobart Hurricanes
info,team,Brisbane Heat
info,gender,male
info,season,2020/21
info,date,2020/12/27
info,event,Big Bash League
info,match_number,16
info,venue,Brisbane Cricket Ground
info,city,Brisbane
info,toss_winner,Brisbane Heat
info,toss_decision,field
info,player_of_match,L Gregory
info,umpire,SJ Nogajski
info,umpire,AK Wilds
info,reserve_umpire,D Taylor
info,tv_umpire,PJ Gillespie
info,match_referee,Kepler Wessels
info,winner,Brisbane Heat
info,winner_wickets,4
info,player,Hobart Hurricanes,DJM Short
info,player,Hobart Hurricanes,BR McDermott
info,player,Hobart Hurricanes,DJ Malan
info,player,Hobart Hurricanes,PSP Handscomb
info,player,Hobart Hurricanes,CA Ingram
info,player,Hobart Hurricanes,TH David
info,player,Hobart Hurricanes,JP Faulkner
info,player,Hobart Hurricanes,NT Ellis
info,player,Hobart Hurricanes,W Parker
info,player,Hobart Hurricanes,SM Boland
info,player,Hobart Hurricanes,RP Meredith
info,player,Brisbane Heat,M Bryant
info,player,Brisbane Heat,SD Heazlett
info,player,Brisbane Heat,DW Lawrence
info,player,Brisbane Heat,TLW Cooper
info,player,Brisbane Heat,JD Wildermuth
info,player,Brisbane Heat,L Gregory
info,player,Brisbane Heat,JJ Peirson
info,player,Brisbane Heat,JJ Bazley
info,player,Brisbane Heat,MT Steketee
info,player,Brisbane Heat,XC Bartlett
info,player,Brisbane Heat,Mujeeb Ur Rahman
info,registry,people,AK Wilds,de412f40
info,registry,people,BR McDermott,c41043e6
info,registry,people,CA Ingram,c995d726
info,registry,people,D Taylor,b940a2b2
info,registry,people,DJ Malan,ad9c32a2
info,registry,people,DJM Short,1a156c88
info,registry,people,DW Lawrence,4b685e2d
info,registry,people,JD Wildermuth,f1c61793
info,registry,people,JJ Bazley,003d49e6
info,registry,people,JJ Peirson,2b55c3b4
info,registry,people,JP Faulkner,808f425a
info,registry,people,Kepler Wessels,3bedaff0
info,registry,people,L Gregory,06c2de82
info,registry,people,M Bryant,f32012f4
info,registry,people,MT Steketee,903560ed
info,registry,people,Mujeeb Ur Rahman,7d92277a
info,registry,people,NT Ellis,9eb1455b
info,registry,people,PJ Gillespie,3e253a50
info,registry,people,PSP Handscomb,ada15e88
info,registry,people,RP Meredith,64775749
info,registry,people,SD Heazlett,e00a9155
info,registry,people,SJ Nogajski,9b3f9323
info,registry,people,SM Boland,d167edd3
info,registry,people,TH David,f1f99156
info,registry,people,TLW Cooper,2318ba22
info,registry,people,W Parker,607c846c
info,registry,people,XC Bartlett,3b53243a
ball,1,0.1,Hobart Hurricanes,DJM Short,BR McDermott,XC Bartlett,0,0,,,,,,"",""
ball,1,0.2,Hobart Hurricanes,DJM Short,BR McDermott,XC Bartlett,2,0,,,,,,"",""
ball,1,0.3,Hobart Hurricanes,DJM Short,BR McDermott,XC Bartlett,0,0,,,,,,"",""
ball,1,0.4,Hobart Hurricanes,DJM Short,BR McDermott,XC Bartlett,0,0,,,,,,"",""
ball,1,0.5,Hobart Hurricanes,DJM Short,BR McDermott,XC Bartlett,0,0,,,,,,"",""
ball,1,0.6,Hobart Hurricanes,DJM Short,BR McDermott,XC Bartlett,0,1,1,,,,,"",""
ball,1,0.7,Hobart Hurricanes,DJM Short,BR McDermott,XC Bartlett,4,0,,,,,,"",""
ball,1,1.1,Hobart Hurricanes,BR McDermott,DJM Short,JD Wildermuth,0,0,,,,,,"",""
ball,1,1.2,Hobart Hurricanes,BR McDermott,DJM Short,JD Wildermuth,0,0,,,,,,"",""
ball,1,1.3,Hobart Hurricanes,BR McDermott,DJM Short,JD Wildermuth,2,0,,,,,,"",""
ball,1,1.4,Hobart Hurricanes,BR McDermott,DJM Short,JD Wildermuth,0,0,,,,,,"",""
ball,1,1.5,Hobart Hurricanes,BR McDermott,DJM Short,JD Wildermuth,0,0,,,,,,"",""
ball,1,1.6,Hobart Hurricanes,BR McDermott,DJM Short,JD Wildermuth,1,0,,,,,,"",""
ball,1,2.1,Hobart Hurricanes,BR McDermott,DJM Short,XC Bartlett,2,0,,,,,,"",""
ball,1,2.2,Hobart Hurricanes,BR McDermott,DJM Short,XC Bartlett,0,0,,,,,,"",""
ball,1,2.3,Hobart Hurricanes,BR McDermott,DJM Short,XC Bartlett,0,0,,,,,,"",""
ball,1,2.4,Hobart Hurricanes,BR McDermott,DJM Short,XC Bartlett,6,0,,,,,,"",""
ball,1,2.5,Hobart Hurricanes,BR McDermott,DJM Short,XC Bartlett,2,0,,,,,,"",""
ball,1,2.6,Hobart Hurricanes,BR McDermott,DJM Short,XC Bartlett,1,0,,,,,,"",""
ball,1,3.1,Hobart Hurricanes,BR McDermott,DJM Short,JD Wildermuth,2,0,,,,,,"",""
ball,1,3.2,Hobart Hurricanes,BR McDermott,DJM Short,JD Wildermuth,0,0,,,,,,caught,BR McDermott
ball,1,3.3,Hobart Hurricanes,DJ Malan,DJM Short,JD Wildermuth,0,0,,,,,,"",""
ball,1,3.4,Hobart Hurricanes,DJ Malan,DJM Short,JD Wildermuth,0,0,,,,,,"",""
ball,1,3.5,Hobart Hurricanes,DJ Malan,DJM Short,JD Wildermuth,1,0,,,,,,"",""
ball,1,3.6,Hobart Hurricanes,DJM Short,DJ Malan,JD Wildermuth,0,0,,,,,,"",""
ball,1,4.1,Hobart Hurricanes,DJ Malan,DJM Short,DW Lawrence,4,0,,,,,,"",""
ball,1,4.2,Hobart Hurricanes,DJ Malan,DJM Short,DW Lawrence,1,0,,,,,,"",""
ball,1,4.3,Hobart Hurricanes,DJM Short,DJ Malan,DW Lawrence,2,0,,,,,,"",""
ball,1,4.4,Hobart Hurricanes,DJM Short,DJ Malan,DW Lawrence,0,0,,,,,,"",""
ball,1,4.5,Hobart Hurricanes,DJM Short,DJ Malan,DW Lawrence,2,0,,,,,,"",""
ball,1,4.6,Hobart Hurricanes,DJM Short,DJ Malan,DW Lawrence,1,0,,,,,,"",""
ball,1,5.1,Hobart Hurricanes,DJM Short,DJ Malan,MT Steketee,0,0,,,,,,"",""
ball,1,5.2,Hobart Hurricanes,DJM Short,DJ Malan,MT Steketee,4,0,,,,,,"",""
ball,1,5.3,Hobart Hurricanes,DJM Short,DJ Malan,MT Steketee,1,0,,,,,,"",""
ball,1,5.4,Hobart Hurricanes,DJ Malan,DJM Short,MT Steketee,0,0,,,,,,"",""
ball,1,5.5,Hobart Hurricanes,DJ Malan,DJM Short,MT Steketee,1,0,,,,,,"",""
ball,1,5.6,Hobart Hurricanes,DJM Short,DJ Malan,MT Steketee,4,0,,,,,,"",""
ball,1,6.1,Hobart Hurricanes,DJ Malan,DJM Short,Mujeeb Ur Rahman,0,0,,,,,,"",""
ball,1,6.2,Hobart Hurricanes,DJ Malan,DJM Short,Mujeeb Ur Rahman,1,0,,,,,,"",""
ball,1,6.3,Hobart Hurricanes,DJM Short,DJ Malan,Mujeeb Ur Rahman,1,0,,,,,,"",""
ball,1,6.4,Hobart Hurricanes,DJ Malan,DJM Short,Mujeeb Ur Rahman,1,0,,,,,,"",""
ball,1,6.5,Hobart Hurricanes,DJM Short,DJ Malan,Mujeeb Ur Rahman,4,0,,,,,,"",""
ball,1,6.6,Hobart Hurricanes,DJM Short,DJ Malan,Mujeeb Ur Rahman,1,0,,,,,,"",""
ball,1,7.1,Hobart Hurricanes,DJM Short,DJ Malan,L Gregory,1,0,,,,,,"",""
ball,1,7.2,Hobart Hurricanes,DJ Malan,DJM Short,L Gregory,1,0,,,,,,"",""
ball,1,7.3,Hobart Hurricanes,DJM Short,DJ Malan,L Gregory,0,0,,,,,,caught,DJM Short
ball,1,7.4,Hobart Hurricanes,DJ Malan,PSP Handscomb,L Gregory,0,0,,,,,,"",""
ball,1,7.5,Hobart Hurricanes,DJ Malan,PSP Handscomb,L Gregory,1,0,,,,,,"",""
ball,1,7.6,Hobart Hurricanes,PSP Handscomb,DJ Malan,L Gregory,1,0,,,,,,"",""
ball,1,8.1,Hobart Hurricanes,PSP Handscomb,DJ Malan,MT Steketee,0,0,,,,,,"",""
ball,1,8.2,Hobart Hurricanes,PSP Handscomb,DJ Malan,MT Steketee,0,0,,,,,,"",""
ball,1,8.3,Hobart Hurricanes,PSP Handscomb,DJ Malan,MT Steketee,4,0,,,,,,"",""
ball,1,8.4,Hobart Hurricanes,PSP Handscomb,DJ Malan,MT Steketee,1,0,,,,,,"",""
ball,1,8.5,Hobart Hurricanes,DJ Malan,PSP Handscomb,MT Steketee,4,0,,,,,,"",""
ball,1,8.6,Hobart Hurricanes,DJ Malan,PSP Handscomb,MT Steketee,0,0,,,,,,"",""
ball,1,9.1,Hobart Hurricanes,PSP Handscomb,DJ Malan,L Gregory,0,0,,,,,,"",""
ball,1,9.2,Hobart Hurricanes,PSP Handscomb,DJ Malan,L Gregory,1,0,,,,,,"",""
ball,1,9.3,Hobart Hurricanes,DJ Malan,PSP Handscomb,L Gregory,0,0,,,,,,caught,DJ Malan
ball,1,9.4,Hobart Hurricanes,PSP Handscomb,CA Ingram,L Gregory,0,0,,,,,,caught,PSP Handscomb
ball,1,9.5,Hobart Hurricanes,TH David,CA Ingram,L Gregory,0,0,,,,,,"",""
ball,1,9.6,Hobart Hurricanes,TH David,CA Ingram,L Gregory,1,0,,,,,,"",""
ball,1,10.1,Hobart Hurricanes,TH David,CA Ingram,Mujeeb Ur Rahman,1,0,,,,,,"",""
ball,1,10.2,Hobart Hurricanes,CA Ingram,TH David,Mujeeb Ur Rahman,1,0,,,,,,"",""
ball,1,10.3,Hobart Hurricanes,TH David,CA Ingram,Mujeeb Ur Rahman,1,0,,,,,,"",""
ball,1,10.4,Hobart Hurricanes,CA Ingram,TH David,Mujeeb Ur Rahman,0,0,,,,,,"",""
ball,1,10.5,Hobart Hurricanes,CA Ingram,TH David,Mujeeb Ur Rahman,1,0,,,,,,"",""
ball,1,10.6,Hobart Hurricanes,TH David,CA Ingram,Mujeeb Ur Rahman,1,0,,,,,,"",""
ball,1,11.1,Hobart Hurricanes,TH David,CA Ingram,L Gregory,0,0,,,,,,"",""
ball,1,11.2,Hobart Hurricanes,TH David,CA Ingram,L Gregory,1,0,,,,,,"",""
ball,1,11.3,Hobart Hurricanes,CA Ingram,TH David,L Gregory,1,0,,,,,,"",""
ball,1,11.4,Hobart Hurricanes,TH David,CA Ingram,L Gregory,2,0,,,,,,"",""
ball,1,11.5,Hobart Hurricanes,TH David,CA Ingram,L Gregory,0,0,,,,,,"",""
ball,1,11.6,Hobart Hurricanes,TH David,CA Ingram,L Gregory,1,0,,,,,,"",""
ball,1,12.1,Hobart Hurricanes,TH David,CA Ingram,Mujeeb Ur Rahman,1,0,,,,,,"",""
ball,1,12.2,Hobart Hurricanes,CA Ingram,TH David,Mujeeb Ur Rahman,0,0,,,,,,"",""
ball,1,12.3,Hobart Hurricanes,CA Ingram,TH David,Mujeeb Ur Rahman,4,0,,,,,,"",""
ball,1,12.4,Hobart Hurricanes,CA Ingram,TH David,Mujeeb Ur Rahman,2,0,,,,,,"",""
ball,1,12.5,Hobart Hurricanes,CA Ingram,TH David,Mujeeb Ur Rahman,3,0,,,,,,"",""
ball,1,12.6,Hobart Hurricanes,TH David,CA Ingram,Mujeeb Ur Rahman,0,0,,,,,,"",""
ball,1,13.1,Hobart Hurricanes,CA Ingram,TH David,MT Steketee,0,0,,,,,,"",""
ball,1,13.2,Hobart Hurricanes,CA Ingram,TH David,MT Steketee,4,0,,,,,,"",""
ball,1,13.3,Hobart Hurricanes,CA Ingram,TH David,MT Steketee,0,0,,,,,,caught,CA Ingram
ball,1,13.4,Hobart Hurricanes,JP Faulkner,TH David,MT Steketee,0,0,,,,,,"",""
ball,1,13.5,Hobart Hurricanes,JP Faulkner,TH David,MT Steketee,1,0,,,,,,"",""
ball,1,13.6,Hobart Hurricanes,TH David,JP Faulkner,MT Steketee,1,0,,,,,,"",""
ball,1,14.1,Hobart Hurricanes,TH David,JP Faulkner,JD Wildermuth,1,0,,,,,,"",""
ball,1,14.2,Hobart Hurricanes,JP Faulkner,TH David,JD Wildermuth,0,0,,,,,,"",""
ball,1,14.3,Hobart Hurricanes,JP Faulkner,TH David,JD Wildermuth,1,0,,,,,,"",""
ball,1,14.4,Hobart Hurricanes,TH David,JP Faulkner,JD Wildermuth,4,0,,,,,,"",""
ball,1,14.5,Hobart Hurricanes,TH David,JP Faulkner,JD Wildermuth,4,0,,,,,,"",""
ball,1,14.6,Hobart Hurricanes,TH David,JP Faulkner,JD Wildermuth,1,0,,,,,,"",""
ball,1,15.1,Hobart Hurricanes,TH David,JP Faulkner,Mujeeb Ur Rahman,0,0,,,,,,"",""
ball,1,15.2,Hobart Hurricanes,TH David,JP Faulkner,Mujeeb Ur Rahman,1,0,,,,,,"",""
ball,1,15.3,Hobart Hurricanes,JP Faulkner,TH David,Mujeeb Ur Rahman,1,0,,,,,,"",""
ball,1,15.4,Hobart Hurricanes,TH David,JP Faulkner,Mujeeb Ur Rahman,0,0,,,,,,"",""
ball,1,15.5,Hobart Hurricanes,TH David,JP Faulkner,Mujeeb Ur Rahman,0,0,,,,,,caught,TH David
ball,1,15.6,Hobart Hurricanes,NT Ellis,JP Faulkner,Mujeeb Ur Rahman,1,0,,,,,,"",""
ball,1,16.1,Hobart Hurricanes,NT Ellis,JP Faulkner,MT Steketee,4,0,,,,,,"",""
ball,1,16.2,Hobart Hurricanes,NT Ellis,JP Faulkner,MT Steketee,1,0,,,,,,"",""
ball,1,16.3,Hobart Hurricanes,JP Faulkner,NT Ellis,MT Steketee,1,0,,,,,,"",""
ball,1,16.4,Hobart Hurricanes,NT Ellis,JP Faulkner,MT Steketee,0,0,,,,,,caught,NT Ellis
ball,1,16.5,Hobart Hurricanes,JP Faulkner,W Parker,MT Steketee,4,0,,,,,,"",""
ball,1,16.6,Hobart Hurricanes,JP Faulkner,W Parker,MT Steketee,1,0,,,,,,"",""
ball,1,17.1,Hobart Hurricanes,JP Faulkner,W Parker,XC Bartlett,6,0,,,,,,"",""
ball,1,17.2,Hobart Hurricanes,JP Faulkner,W Parker,XC Bartlett,1,0,,,,,,"",""
ball,1,17.3,Hobart Hurricanes,W Parker,JP Faulkner,XC Bartlett,1,0,,,,,,"",""
ball,1,17.4,Hobart Hurricanes,JP Faulkner,W Parker,XC Bartlett,2,0,,,,,,"",""
ball,1,17.5,Hobart Hurricanes,JP Faulkner,W Parker,XC Bartlett,1,0,,,,,,"",""
ball,1,17.6,Hobart Hurricanes,W Parker,JP Faulkner,XC Bartlett,2,0,,,,,,"",""
ball,1,18.1,Hobart Hurricanes,JP Faulkner,W Parker,JD Wildermuth,1,0,,,,,,"",""
ball,1,18.2,Hobart Hurricanes,W Parker,JP Faulkner,JD Wildermuth,1,0,,,,,,"",""
ball,1,18.3,Hobart Hurricanes,JP Faulkner,W Parker,JD Wildermuth,2,0,,,,,,"",""
ball,1,18.4,Hobart Hurricanes,JP Faulkner,W Parker,JD Wildermuth,0,0,,,,,,"",""
ball,1,18.5,Hobart Hurricanes,JP Faulkner,W Parker,JD Wildermuth,1,0,,,,,,"",""
ball,1,18.6,Hobart Hurricanes,W Parker,JP Faulkner,JD Wildermuth,1,0,,,,,,"",""
ball,1,19.1,Hobart Hurricanes,W Parker,JP Faulkner,L Gregory,0,1,,1,,,,"",""
ball,1,19.2,Hobart Hurricanes,W Parker,JP Faulkner,L Gregory,0,0,,,,,,"",""
ball,1,19.3,Hobart Hurricanes,W Parker,JP Faulkner,L Gregory,1,0,,,,,,"",""
ball,1,19.4,Hobart Hurricanes,JP Faulkner,W Parker,L Gregory,2,0,,,,,,"",""
ball,1,19.5,Hobart Hurricanes,JP Faulkner,W Parker,L Gregory,1,0,,,,,,"",""
ball,1,19.6,Hobart Hurricanes,W Parker,JP Faulkner,L Gregory,4,0,,,,,,"",""
ball,1,19.7,Hobart Hurricanes,W Parker,JP Faulkner,L Gregory,2,0,,,,,,"",""
ball,2,0.1,Brisbane Heat,M Bryant,SD Heazlett,JP Faulkner,0,1,1,,,,,"",""
ball,2,0.2,Brisbane Heat,M Bryant,SD Heazlett,JP Faulkner,0,0,,,,,,"",""
ball,2,0.3,Brisbane Heat,M Bryant,SD Heazlett,JP Faulkner,0,0,,,,,,"",""
ball,2,0.4,Brisbane Heat,M Bryant,SD Heazlett,JP Faulkner,1,0,,,,,,"",""
ball,2,0.5,Brisbane Heat,SD Heazlett,M Bryant,JP Faulkner,0,0,,,,,,"",""
ball,2,0.6,Brisbane Heat,SD Heazlett,M Bryant,JP Faulkner,1,0,,,,,,"",""
ball,2,0.7,Brisbane Heat,M Bryant,SD Heazlett,JP Faulkner,4,0,,,,,,"",""
ball,2,1.1,Brisbane Heat,SD Heazlett,M Bryant,SM Boland,0,0,,,,,,"",""
ball,2,1.2,Brisbane Heat,SD Heazlett,M Bryant,SM Boland,1,0,,,,,,"",""
ball,2,1.3,Brisbane Heat,M Bryant,SD Heazlett,SM Boland,6,0,,,,,,"",""
ball,2,1.4,Brisbane Heat,M Bryant,SD Heazlett,SM Boland,4,0,,,,,,"",""
ball,2,1.5,Brisbane Heat,M Bryant,SD Heazlett,SM Boland,2,0,,,,,,"",""
ball,2,1.6,Brisbane Heat,M Bryant,SD Heazlett,SM Boland,2,0,,,,,,"",""
ball,2,2.1,Brisbane Heat,SD Heazlett,M Bryant,JP Faulkner,6,0,,,,,,"",""
ball,2,2.2,Brisbane Heat,SD Heazlett,M Bryant,JP Faulkner,0,1,1,,,,,"",""
ball,2,2.3,Brisbane Heat,SD Heazlett,M Bryant,JP Faulkner,0,0,,,,,,"",""
ball,2,2.4,Brisbane Heat,SD Heazlett,M Bryant,JP Faulkner,6,0,,,,,,"",""
ball,2,2.5,Brisbane Heat,SD Heazlett,M Bryant,JP Faulkner,4,0,,,,,,"",""
ball,2,2.6,Brisbane Heat,SD Heazlett,M Bryant,TH David,1,0,,,,,,"",""
ball,2,2.7,Brisbane Heat,M Bryant,SD Heazlett,TH David,0,0,,,,,,"",""
ball,2,3.1,Brisbane Heat,SD Heazlett,M Bryant,RP Meredith,0,0,,,,,,"",""
ball,2,3.2,Brisbane Heat,SD Heazlett,M Bryant,RP Meredith,0,0,,,,,,"",""
ball,2,3.3,Brisbane Heat,SD Heazlett,M Bryant,RP Meredith,1,0,,,,,,"",""
ball,2,3.4,Brisbane Heat,M Bryant,SD Heazlett,RP Meredith,0,0,,,,,,"",""
ball,2,3.5,Brisbane Heat,M Bryant,SD Heazlett,RP Meredith,4,0,,,,,,"",""
ball,2,3.6,Brisbane Heat,M Bryant,SD Heazlett,RP Meredith,1,0,,,,,,"",""
ball,2,4.1,Brisbane Heat,M Bryant,SD Heazlett,W Parker,1,0,,,,,,"",""
ball,2,4.2,Brisbane Heat,SD Heazlett,M Bryant,W Parker,6,0,,,,,,"",""
ball,2,4.3,Brisbane Heat,SD Heazlett,M Bryant,W Parker,6,0,,,,,,"",""
ball,2,4.4,Brisbane Heat,SD Heazlett,M Bryant,W Parker,6,0,,,,,,"",""
ball,2,4.5,Brisbane Heat,SD Heazlett,M Bryant,W Parker,1,0,,,,,,"",""
ball,2,4.6,Brisbane Heat,M Bryant,SD Heazlett,W Parker,1,0,,,,,,"",""
ball,2,5.1,Brisbane Heat,M Bryant,SD Heazlett,NT Ellis,2,0,,,,,,"",""
ball,2,5.2,Brisbane Heat,M Bryant,SD Heazlett,NT Ellis,2,0,,,,,,"",""
ball,2,5.3,Brisbane Heat,M Bryant,SD Heazlett,NT Ellis,0,0,,,,,,"",""
ball,2,5.4,Brisbane Heat,M Bryant,SD Heazlett,NT Ellis,1,0,,,,,,"",""
ball,2,5.5,Brisbane Heat,SD Heazlett,M Bryant,NT Ellis,1,0,,,,,,"",""
ball,2,5.6,Brisbane Heat,M Bryant,SD Heazlett,NT Ellis,0,0,,,,,,caught,M Bryant
ball,2,6.1,Brisbane Heat,SD Heazlett,DW Lawrence,DJM Short,0,0,,,,,,"",""
ball,2,6.2,Brisbane Heat,SD Heazlett,DW Lawrence,DJM Short,0,0,,,,,,"",""
ball,2,6.3,Brisbane Heat,SD Heazlett,DW Lawrence,DJM Short,2,0,,,,,,"",""
ball,2,6.4,Brisbane Heat,SD Heazlett,DW Lawrence,DJM Short,1,0,,,,,,"",""
ball,2,6.5,Brisbane Heat,DW Lawrence,SD Heazlett,DJM Short,0,0,,,,,,"",""
ball,2,6.6,Brisbane Heat,DW Lawrence,SD Heazlett,DJM Short,0,0,,,,,,bowled,DW Lawrence
ball,2,7.1,Brisbane Heat,SD Heazlett,TLW Cooper,NT Ellis,1,0,,,,,,"",""
ball,2,7.2,Brisbane Heat,TLW Cooper,SD Heazlett,NT Ellis,0,1,,,,1,,"",""
ball,2,7.3,Brisbane Heat,SD Heazlett,TLW Cooper,NT Ellis,1,0,,,,,,"",""
ball,2,7.4,Brisbane Heat,TLW Cooper,SD Heazlett,NT Ellis,4,0,,,,,,"",""
ball,2,7.5,Brisbane Heat,TLW Cooper,SD Heazlett,NT Ellis,1,0,,,,,,"",""
ball,2,7.6,Brisbane Heat,SD Heazlett,TLW Cooper,NT Ellis,1,0,,,,,,"",""
ball,2,8.1,Brisbane Heat,SD Heazlett,TLW Cooper,DJM Short,0,0,,,,,,"",""
ball,2,8.2,Brisbane Heat,SD Heazlett,TLW Cooper,DJM Short,2,0,,,,,,"",""
ball,2,8.3,Brisbane Heat,SD Heazlett,TLW Cooper,DJM Short,0,0,,,,,,caught,SD Heazlett
ball,2,8.4,Brisbane Heat,JD Wildermuth,TLW Cooper,DJM Short,0,0,,,,,,"",""
ball,2,8.5,Brisbane Heat,JD Wildermuth,TLW Cooper,DJM Short,1,0,,,,,,"",""
ball,2,8.6,Brisbane Heat,TLW Cooper,JD Wildermuth,DJM Short,1,0,,,,,,"",""
ball,2,9.1,Brisbane Heat,TLW Cooper,JD Wildermuth,W Parker,1,0,,,,,,"",""
ball,2,9.2,Brisbane Heat,JD Wildermuth,TLW Cooper,W Parker,2,0,,,,,,"",""
ball,2,9.3,Brisbane Heat,JD Wildermuth,TLW Cooper,W Parker,2,0,,,,,,"",""
ball,2,9.4,Brisbane Heat,JD Wildermuth,TLW Cooper,W Parker,1,0,,,,,,"",""
ball,2,9.5,Brisbane Heat,TLW Cooper,JD Wildermuth,W Parker,0,0,,,,,,"",""
ball,2,9.6,Brisbane Heat,TLW Cooper,JD Wildermuth,W Parker,0,0,,,,,,"",""
ball,2,10.1,Brisbane Heat,JD Wildermuth,TLW Cooper,DJM Short,0,0,,,,,,"",""
ball,2,10.2,Brisbane Heat,JD Wildermuth,TLW Cooper,DJM Short,0,0,,,,,,"",""
ball,2,10.3,Brisbane Heat,JD Wildermuth,TLW Cooper,DJM Short,1,0,,,,,,"",""
ball,2,10.4,Brisbane Heat,TLW Cooper,JD Wildermuth,DJM Short,0,0,,,,,,caught and bowled,TLW Cooper
ball,2,10.5,Brisbane Heat,L Gregory,JD Wildermuth,DJM Short,0,0,,,,,,"",""
ball,2,10.6,Brisbane Heat,L Gregory,JD Wildermuth,DJM Short,1,0,,,,,,"",""
ball,2,11.1,Brisbane Heat,L Gregory,JD Wildermuth,RP Meredith,0,1,,,,1,,"",""
ball,2,11.2,Brisbane Heat,JD Wildermuth,L Gregory,RP Meredith,1,0,,,,,,"",""
ball,2,11.3,Brisbane Heat,L Gregory,JD Wildermuth,RP Meredith,0,0,,,,,,bowled,L Gregory
ball,2,11.4,Brisbane Heat,JJ Peirson,JD Wildermuth,RP Meredith,3,0,,,,,,"",""
ball,2,11.5,Brisbane Heat,JD Wildermuth,JJ Peirson,RP Meredith,0,0,,,,,,caught,JD Wildermuth
ball,2,11.6,Brisbane Heat,JJ Bazley,JJ Peirson,RP Meredith,0,1,1,,,,,"",""
ball,2,11.7,Brisbane Heat,JJ Bazley,JJ Peirson,RP Meredith,0,2,,,,2,,"",""
ball,2,12.1,Brisbane Heat,JJ Peirson,JJ Bazley,DJM Short,0,0,,,,,,"",""
ball,2,12.2,Brisbane Heat,JJ Peirson,JJ Bazley,DJM Short,1,0,,,,,,"",""
ball,2,12.3,Brisbane Heat,JJ Bazley,JJ Peirson,DJM Short,1,0,,,,,,"",""
ball,2,12.4,Brisbane Heat,JJ Peirson,JJ Bazley,DJM Short,1,0,,,,,,"",""
ball,2,12.5,Brisbane Heat,JJ Bazley,JJ Peirson,DJM Short,6,0,,,,,,"",""
ball,2,12.6,Brisbane Heat,JJ Bazley,JJ Peirson,DJM Short,0,0,,,,,,"",""
ball,2,13.1,Brisbane Heat,JJ Peirson,JJ Bazley,RP Meredith,0,0,,,,,,"",""
ball,2,13.2,Brisbane Heat,JJ Peirson,JJ Bazley,RP Meredith,0,0,,,,,,"",""
ball,2,13.3,Brisbane Heat,JJ Peirson,JJ Bazley,RP Meredith,1,0,,,,,,"",""
ball,2,13.4,Brisbane Heat,JJ Bazley,JJ Peirson,RP Meredith,0,0,,,,,,"",""
ball,2,13.5,Brisbane Heat,JJ Bazley,JJ Peirson,RP Meredith,4,0,,,,,,"",""
ball,2,13.6,Brisbane Heat,JJ Bazley,JJ Peirson,RP Meredith,0,1,,,,1,,"",""
ball,2,14.1,Brisbane Heat,JJ Bazley,JJ Peirson,SM Boland,4,0,,,,,,"",""
ball,2,14.2,Brisbane Heat,JJ Bazley,JJ Peirson,SM Boland,1,0,,,,,,"",""
ball,2,14.3,Brisbane Heat,JJ Peirson,JJ Bazley,SM Boland,2,0,,,,,,"",""
ball,2,14.4,Brisbane Heat,JJ Peirson,JJ Bazley,SM Boland,0,0,,,,,,"",""
ball,2,14.5,Brisbane Heat,JJ Peirson,JJ Bazley,SM Boland,0,1,1,,,,,"",""
ball,2,14.6,Brisbane Heat,JJ Peirson,JJ Bazley,SM Boland,1,0,,,,,,"",""
ball,2,14.7,Brisbane Heat,JJ Bazley,JJ Peirson,SM Boland,1,0,,,,,,"",""
ball,2,15.1,Brisbane Heat,JJ Bazley,JJ Peirson,RP Meredith,0,0,,,,,,"",""
ball,2,15.2,Brisbane Heat,JJ Bazley,JJ Peirson,RP Meredith,0,0,,,,,,"",""
ball,2,15.3,Brisbane Heat,JJ Bazley,JJ Peirson,RP Meredith,0,0,,,,,,"",""
ball,2,15.4,Brisbane Heat,JJ Bazley,JJ Peirson,RP Meredith,1,0,,,,,,"",""
ball,2,15.5,Brisbane Heat,JJ Peirson,JJ Bazley,RP Meredith,1,0,,,,,,"",""
ball,2,15.6,Brisbane Heat,JJ Bazley,JJ Peirson,RP Meredith,6,0,,,,,,"",""
ball,2,16.1,Brisbane Heat,JJ Peirson,JJ Bazley,NT Ellis,1,0,,,,,,"",""
ball,2,16.2,Brisbane Heat,JJ Bazley,JJ Peirson,NT Ellis,1,0,,,,,,"",""
ball,2,16.3,Brisbane Heat,JJ Peirson,JJ Bazley,NT Ellis,1,0,,,,,,"",""
ball,2,16.4,Brisbane Heat,JJ Bazley,JJ Peirson,NT Ellis,0,1,1,,,,,"",""
ball,2,16.5,Brisbane Heat,JJ Bazley,JJ Peirson,NT Ellis,6,0,,,,,,"",""
ball,2,16.6,Brisbane Heat,JJ Bazley,JJ Peirson,NT Ellis,0,0,,,,,,"",""
ball,2,16.7,Brisbane Heat,JJ Bazley,JJ Peirson,NT Ellis,0,0,,,,,,"",""
ball,2,17.1,Brisbane Heat,JJ Peirson,JJ Bazley,SM Boland,0,0,,,,,,"",""
ball,2,17.2,Brisbane Heat,JJ Peirson,JJ Bazley,SM Boland,4,0,,,,,,"",""
