version,1.6.0
info,balls_per_over,6
info,team,Hobart Hurricanes
info,team,Adelaide Strikers
info,gender,male
info,season,2020/21
info,date,2020/12/15
info,event,Big Bash League
info,match_number,8
info,venue,Aurora Stadium
info,city,Launceston
info,toss_winner,Adelaide Strikers
info,toss_decision,field
info,player_of_match,PM Siddle
info,umpire,DM Koch
info,umpire,P Wilson
info,reserve_umpire,DR Close
info,tv_umpire,NR Johnstone
info,match_referee,Dave Gilbert
info,winner,Adelaide Strikers
info,winner_wickets,5
info,player,Hobart Hurricanes,DJM Short
info,player,Hobart Hurricanes,WG Jacks
info,player,Hobart Hurricanes,BR McDermott
info,player,Hobart Hurricanes,PSP Handscomb
info,player,Hobart Hurricanes,CA Ingram
info,player,Hobart Hurricanes,M Wright
info,player,Hobart Hurricanes,TH David
info,player,Hobart Hurricanes,JP Faulkner
info,player,Hobart Hurricanes,NT Ellis
info,player,Hobart Hurricanes,SM Boland
info,player,Hobart Hurricanes,RP Meredith
info,player,Hobart Hurricanes,J Botha
info,player,Adelaide Strikers,DR Briggs
info,player,Adelaide Strikers,PD Salt
info,player,Adelaide Strikers,J Weatherald
info,player,Adelaide Strikers,MT Renshaw
info,player,Adelaide Strikers,AT Carey
info,player,Adelaide Strikers,JW Wells
info,player,Adelaide Strikers,MW Short
info,player,Adelaide Strikers,RJ Gibson
info,player,Adelaide Strikers,Rashid Khan
info,player,Adelaide Strikers,DJ Worrall
info,player,Adelaide Strikers,PM Siddle
info,player,Adelaide Strikers,WA Agar
info,registry,people,AT Carey,69d03465
info,registry,people,BR McDermott,c41043e6
info,registry,people,CA Ingram,c995d726
info,registry,people,DJ Worrall,208f22ea
info,registry,people,DJM Short,1a156c88
info,registry,people,DM Koch,6d10c034
info,registry,people,DR Briggs,f3abd0c9
info,registry,people,DR Close,4cae2b0c
info,registry,people,Dave Gilbert,aa782370
info,registry,people,J Botha,7c503806
info,registry,people,J Weatherald,edc7ddb6
info,registry,people,JP Faulkner,808f425a
info,registry,people,JW Wells,8bdac857
info,registry,people,M Wright,bd920a2c
info,registry,people,MT Renshaw,218d4d78
info,registry,people,MW Short,a90e53ec
info,registry,people,NR Johnstone,ce274b6a
info,registry,people,NT Ellis,9eb1455b
info,registry,people,P Wilson,68304a36
info,registry,people,PD Salt,3d284ca3
info,registry,people,PM Siddle,bd93fea4
info,registry,people,PSP Handscomb,ada15e88
info,registry,people,RJ Gibson,50636767
info,registry,people,RP Meredith,64775749
info,registry,people,Rashid Khan,5f547c8b
info,registry,people,SM Boland,d167edd3
info,registry,people,TH David,f1f99156
info,registry,people,WA Agar,15de1f5d
info,registry,people,WG Jacks,9caf69a1
ball,1,0.1,Hobart Hurricanes,DJM Short,WG Jacks,DJ Worrall,0,0,,,,,,"",""
ball,1,0.2,Hobart Hurricanes,DJM Short,WG Jacks,DJ Worrall,1,0,,,,,,"",""
ball,1,0.3,Hobart Hurricanes,WG Jacks,DJM Short,DJ Worrall,0,0,,,,,,"",""
ball,1,0.4,Hobart Hurricanes,WG Jacks,DJM Short,DJ Worrall,0,0,,,,,,caught,WG Jacks
ball,1,0.5,Hobart Hurricanes,BR McDermott,DJM Short,DJ Worrall,3,0,,,,,,"",""
ball,1,0.6,Hobart Hurricanes,DJM Short,BR McDermott,DJ Worrall,0,0,,,,,,"",""
ball,1,1.1,Hobart Hurricanes,BR McDermott,DJM Short,PM Siddle,1,0,,,,,,"",""
ball,1,1.2,Hobart Hurricanes,DJM Short,BR McDermott,PM Siddle,1,0,,,,,,"",""
ball,1,1.3,Hobart Hurricanes,BR McDermott,DJM Short,PM Siddle,0,1,1,,,,,"",""
ball,1,1.4,Hobart Hurricanes,BR McDermott,DJM Short,PM Siddle,0,0,,,,,,"",""
ball,1,1.5,Hobart Hurricanes,BR McDermott,DJM Short,PM Siddle,1,0,,,,,,"",""
ball,1,1.6,Hobart Hurricanes,DJM Short,BR McDermott,PM Siddle,0,0,,,,,,caught,DJM Short
ball,1,1.7,Hobart Hurricanes,PSP Handscomb,BR McDermott,PM Siddle,0,0,,,,,,"",""
ball,1,2.1,Hobart Hurricanes,BR McDermott,PSP Handscomb,DJ Worrall,1,0,,,,,,"",""
ball,1,2.2,Hobart Hurricanes,PSP Handscomb,BR McDermott,DJ Worrall,2,0,,,,,,"",""
ball,1,2.3,Hobart Hurricanes,PSP Handscomb,BR McDermott,DJ Worrall,1,0,,,,,,"",""
ball,1,2.4,Hobart Hurricanes,BR McDermott,PSP Handscomb,DJ Worrall,0,1,,,,1,,"",""
ball,1,2.5,Hobart Hurricanes,PSP Handscomb,BR McDermott,DJ Worrall,1,0,,,,,,"",""
ball,1,2.6,Hobart Hurricanes,BR McDermott,PSP Handscomb,DJ Worrall,0,0,,,,,,"",""
ball,1,3.1,Hobart Hurricanes,PSP Handscomb,BR McDermott,WA Agar,1,0,,,,,,"",""
ball,1,3.2,Hobart Hurricanes,BR McDermott,PSP Handscomb,WA Agar,4,0,,,,,,"",""
ball,1,3.3,Hobart Hurricanes,BR McDermott,PSP Handscomb,WA Agar,1,0,,,,,,"",""
ball,1,3.4,Hobart Hurricanes,PSP Handscomb,BR McDermott,WA Agar,0,0,,,,,,caught,PSP Handscomb
ball,1,3.5,Hobart Hurricanes,CA Ingram,BR McDermott,WA Agar,0,0,,,,,,"",""
ball,1,3.6,Hobart Hurricanes,CA Ingram,BR McDermott,WA Agar,0,0,,,,,,"",""
ball,1,4.1,Hobart Hurricanes,BR McDermott,CA Ingram,DJ Worrall,1,0,,,,,,"",""
ball,1,4.2,Hobart Hurricanes,CA Ingram,BR McDermott,DJ Worrall,0,0,,,,,,"",""
ball,1,4.3,Hobart Hurricanes,CA Ingram,BR McDermott,DJ Worrall,0,0,,,,,,"",""
ball,1,4.4,Hobart Hurricanes,CA Ingram,BR McDermott,DJ Worrall,1,0,,,,,,"",""
ball,1,4.5,Hobart Hurricanes,BR McDermott,CA Ingram,DJ Worrall,0,0,,,,,,"",""
ball,1,4.6,Hobart Hurricanes,BR McDermott,CA Ingram,DJ Worrall,0,0,,,,,,"",""
ball,1,5.1,Hobart Hurricanes,CA Ingram,BR McDermott,MT Renshaw,1,0,,,,,,"",""
ball,1,5.2,Hobart Hurricanes,BR McDermott,CA Ingram,MT Renshaw,1,0,,,,,,"",""
ball,1,5.3,Hobart Hurricanes,CA Ingram,BR McDermott,MT Renshaw,1,0,,,,,,"",""
ball,1,5.4,Hobart Hurricanes,BR McDermott,CA Ingram,MT Renshaw,1,0,,,,,,"",""
ball,1,5.5,Hobart Hurricanes,CA Ingram,BR McDermott,MT Renshaw,1,0,,,,,,"",""
ball,1,5.6,Hobart Hurricanes,BR McDermott,CA Ingram,MT Renshaw,6,0,,,,,,"",""
ball,1,6.1,Hobart Hurricanes,CA Ingram,BR McDermott,DJ Worrall,4,0,,,,,,"",""
ball,1,6.2,Hobart Hurricanes,CA Ingram,BR McDermott,DJ Worrall,1,0,,,,,,"",""
ball,1,6.3,Hobart Hurricanes,BR McDermott,CA Ingram,DJ Worrall,1,0,,,,,,"",""
ball,1,6.4,Hobart Hurricanes,CA Ingram,BR McDermott,DJ Worrall,0,0,,,,,,"",""
ball,1,6.5,Hobart Hurricanes,CA Ingram,BR McDermott,DJ Worrall,4,0,,,,,,"",""
ball,1,6.6,Hobart Hurricanes,CA Ingram,BR McDermott,DJ Worrall,0,0,,,,,,"",""
ball,1,7.1,Hobart Hurricanes,BR McDermott,CA Ingram,Rashid Khan,1,0,,,,,,"",""
ball,1,7.2,Hobart Hurricanes,CA Ingram,BR McDermott,Rashid Khan,1,0,,,,,,"",""
ball,1,7.3,Hobart Hurricanes,BR McDermott,CA Ingram,Rashid Khan,2,0,,,,,,"",""
ball,1,7.4,Hobart Hurricanes,BR McDermott,CA Ingram,Rashid Khan,0,0,,,,,,"",""
ball,1,7.5,Hobart Hurricanes,BR McDermott,CA Ingram,Rashid Khan,0,0,,,,,,"",""
ball,1,7.6,Hobart Hurricanes,BR McDermott,CA Ingram,Rashid Khan,1,0,,,,,,"",""
ball,1,8.1,Hobart Hurricanes,BR McDermott,CA Ingram,DR Briggs,6,0,,,,,,"",""
ball,1,8.2,Hobart Hurricanes,BR McDermott,CA Ingram,DR Briggs,1,0,,,,,,"",""
ball,1,8.3,Hobart Hurricanes,CA Ingram,BR McDermott,DR Briggs,1,0,,,,,,"",""
ball,1,8.4,Hobart Hurricanes,BR McDermott,CA Ingram,DR Briggs,1,0,,,,,,"",""
ball,1,8.5,Hobart Hurricanes,CA Ingram,BR McDermott,DR Briggs,6,0,,,,,,"",""
ball,1,8.6,Hobart Hurricanes,CA Ingram,BR McDermott,DR Briggs,0,0,,,,,,"",""
ball,1,9.1,Hobart Hurricanes,BR McDermott,CA Ingram,WA Agar,1,0,,,,,,"",""
ball,1,9.2,Hobart Hurricanes,CA Ingram,BR McDermott,WA Agar,4,0,,,,,,"",""
ball,1,9.3,Hobart Hurricanes,CA Ingram,BR McDermott,WA Agar,0,1,1,,,,,"",""
ball,1,9.4,Hobart Hurricanes,CA Ingram,BR McDermott,WA Agar,0,0,,,,,,"",""
ball,1,9.5,Hobart Hurricanes,CA Ingram,BR McDermott,WA Agar,1,0,,,,,,"",""
ball,1,9.6,Hobart Hurricanes,BR McDermott,CA Ingram,WA Agar,0,0,,,,,,"",""
ball,1,9.7,Hobart Hurricanes,BR McDermott,CA Ingram,WA Agar,0,0,,,,,,"",""
ball,1,10.1,Hobart Hurricanes,CA Ingram,BR McDermott,MT Renshaw,1,0,,,,,,"",""
ball,1,10.2,Hobart Hurricanes,BR McDermott,CA Ingram,MT Renshaw,6,0,,,,,,"",""
ball,1,10.3,Hobart Hurricanes,BR McDermott,CA Ingram,MT Renshaw,1,0,,,,,,"",""
ball,1,10.4,Hobart Hurricanes,CA Ingram,BR McDermott,MT Renshaw,0,0,,,,,,"",""
ball,1,10.5,Hobart Hurricanes,CA Ingram,BR McDermott,MT Renshaw,0,1,1,,,,,"",""
ball,1,10.6,Hobart Hurricanes,CA Ingram,BR McDermott,MT Renshaw,6,0,,,,,,"",""
ball,1,10.7,Hobart Hurricanes,CA Ingram,BR McDermott,MT Renshaw,4,0,,,,,,"",""
ball,1,11.1,Hobart Hurricanes,BR McDermott,CA Ingram,Rashid Khan,0,0,,,,,,"",""
ball,1,11.2,Hobart Hurricanes,BR McDermott,CA Ingram,Rashid Khan,4,0,,,,,,"",""
ball,1,11.3,Hobart Hurricanes,BR McDermott,CA Ingram,Rashid Khan,1,0,,,,,,"",""
ball,1,11.4,Hobart Hurricanes,CA Ingram,BR McDermott,Rashid Khan,1,0,,,,,,"",""
ball,1,11.5,Hobart Hurricanes,BR McDermott,CA Ingram,Rashid Khan,0,0,,,,,,caught,BR McDermott
ball,1,11.6,Hobart Hurricanes,M Wright,CA Ingram,Rashid Khan,0,0,,,,,,"",""
ball,1,12.1,Hobart Hurricanes,CA Ingram,M Wright,PM Siddle,0,0,,,,,,"",""
ball,1,12.2,Hobart Hurricanes,CA Ingram,M Wright,PM Siddle,1,0,,,,,,"",""
ball,1,12.3,Hobart Hurricanes,M Wright,CA Ingram,PM Siddle,0,0,,,,,,"",""
ball,1,12.4,Hobart Hurricanes,M Wright,CA Ingram,PM Siddle,4,0,,,,,,"",""
ball,1,12.5,Hobart Hurricanes,M Wright,CA Ingram,PM Siddle,1,0,,,,,,"",""
ball,1,12.6,Hobart Hurricanes,CA Ingram,M Wright,PM Siddle,1,0,,,,,,"",""
ball,1,13.1,Hobart Hurricanes,CA Ingram,M Wright,Rashid Khan,1,0,,,,,,"",""
ball,1,13.2,Hobart Hurricanes,M Wright,CA Ingram,Rashid Khan,1,0,,,,,,"",""
ball,1,13.3,Hobart Hurricanes,CA Ingram,M Wright,Rashid Khan,1,0,,,,,,"",""
ball,1,13.4,Hobart Hurricanes,M Wright,CA Ingram,Rashid Khan,2,0,,,,,,"",""
ball,1,13.5,Hobart Hurricanes,M Wright,CA Ingram,Rashid Khan,0,0,,,,,,"",""
ball,1,13.6,Hobart Hurricanes,M Wright,CA Ingram,Rashid Khan,1,0,,,,,,"",""
ball,1,14.1,Hobart Hurricanes,M Wright,CA Ingram,MW Short,1,0,,,,,,"",""
ball,1,14.2,Hobart Hurricanes,CA Ingram,M Wright,MW Short,2,0,,,,,,"",""
ball,1,14.3,Hobart Hurricanes,CA Ingram,M Wright,MW Short,1,0,,,,,,"",""
ball,1,14.4,Hobart Hurricanes,M Wright,CA Ingram,MW Short,2,0,,,,,,"",""
ball,1,14.5,Hobart Hurricanes,M Wright,CA Ingram,MW Short,1,0,,,,,,"",""
ball,1,14.6,Hobart Hurricanes,CA Ingram,M Wright,MW Short,1,0,,,,,,"",""
ball,1,15.1,Hobart Hurricanes,CA Ingram,M Wright,WA Agar,0,0,,,,,,"",""
ball,1,15.2,Hobart Hurricanes,CA Ingram,M Wright,WA Agar,0,0,,,,,,caught,CA Ingram
ball,1,15.3,Hobart Hurricanes,TH David,M Wright,WA Agar,0,0,,,,,,"",""
ball,1,15.4,Hobart Hurricanes,TH David,M Wright,WA Agar,1,0,,,,,,"",""
ball,1,15.5,Hobart Hurricanes,M Wright,TH David,WA Agar,1,0,,,,,,"",""
ball,1,15.6,Hobart Hurricanes,TH David,M Wright,WA Agar,1,0,,,,,,"",""
ball,1,16.1,Hobart Hurricanes,TH David,M Wright,Rashid Khan,1,0,,,,,,"",""
ball,1,16.2,Hobart Hurricanes,M Wright,TH David,Rashid Khan,1,0,,,,,,"",""
ball,1,16.3,Hobart Hurricanes,TH David,M Wright,Rashid Khan,0,0,,,,,,"",""
ball,1,16.4,Hobart Hurricanes,TH David,M Wright,Rashid Khan,6,0,,,,,,"",""
ball,1,16.5,Hobart Hurricanes,TH David,M Wright,Rashid Khan,2,0,,,,,,"",""
ball,1,16.6,Hobart Hurricanes,TH David,M Wright,Rashid Khan,0,0,,,,,,"",""
ball,1,17.1,Hobart Hurricanes,M Wright,TH David,PM Siddle,0,0,,,,,,bowled,M Wright
ball,1,17.2,Hobart Hurricanes,JP Faulkner,TH David,PM Siddle,0,0,,,,,,"",""
ball,1,17.3,Hobart Hurricanes,JP Faulkner,TH David,PM Siddle,0,0,,,,,,"",""
ball,1,17.4,Hobart Hurricanes,JP Faulkner,TH David,PM Siddle,0,0,,,,,,caught,JP Faulkner
ball,1,17.5,Hobart Hurricanes,TH David,NT Ellis,PM Siddle,0,0,,,,,,"",""
ball,1,17.6,Hobart Hurricanes,TH David,NT Ellis,PM Siddle,4,0,,,,,,"",""
ball,1,18.1,Hobart Hurricanes,NT Ellis,TH David,WA Agar,0,0,,,,,,"",""
ball,1,18.2,Hobart Hurricanes,NT Ellis,TH David,WA Agar,0,1,1,,,,,"",""
ball,1,18.3,Hobart Hurricanes,NT Ellis,TH David,WA Agar,1,0,,,,,,"",""
ball,1,18.4,Hobart Hurricanes,TH David,NT Ellis,WA Agar,1,0,,,,,,run out,NT Ellis
ball,1,18.5,Hobart Hurricanes,TH David,SM Boland,WA Agar,0,0,,,,,,"",""
ball,1,18.6,Hobart Hurricanes,TH David,SM Boland,WA Agar,4,0,,,,,,"",""
ball,1,18.7,Hobart Hurricanes,TH David,SM Boland,WA Agar,0,1,1,,,,,"",""
ball,1,18.8,Hobart Hurricanes,TH David,SM Boland,WA Agar,4,0,,,,,,"",""
ball,1,19.1,Hobart Hurricanes,SM Boland,TH David,PM Siddle,1,0,,,,,,"",""
ball,1,19.2,Hobart Hurricanes,TH David,SM Boland,PM Siddle,0,0,,,,,,bowled,TH David
ball,1,19.3,Hobart Hurricanes,RP Meredith,SM Boland,PM Siddle,0,0,,,,,,bowled,RP Meredith
ball,2,0.1,Adelaide Strikers,PD Salt,J Weatherald,JP Faulkner,4,0,,,,,,"",""
ball,2,0.2,Adelaide Strikers,PD Salt,J Weatherald,JP Faulkner,2,0,,,,,,"",""
ball,2,0.3,Adelaide Strikers,PD Salt,J Weatherald,JP Faulkner,0,0,,,,,,bowled,PD Salt
ball,2,0.4,Adelaide Strikers,MT Renshaw,J Weatherald,JP Faulkner,0,0,,,,,,"",""
ball,2,0.5,Adelaide Strikers,MT Renshaw,J Weatherald,JP Faulkner,0,1,1,,,,,"",""
ball,2,0.6,Adelaide Strikers,MT Renshaw,J Weatherald,JP Faulkner,2,0,,,,,,"",""
ball,2,0.7,Adelaide Strikers,MT Renshaw,J Weatherald,JP Faulkner,0,0,,,,,,caught,MT Renshaw
ball,2,1.1,Adelaide Strikers,J Weatherald,AT Carey,SM Boland,0,0,,,,,,"",""
ball,2,1.2,Adelaide Strikers,J Weatherald,AT Carey,SM Boland,0,0,,,,,,"",""
ball,2,1.3,Adelaide Strikers,J Weatherald,AT Carey,SM Boland,0,0,,,,,,"",""
ball,2,1.4,Adelaide Strikers,J Weatherald,AT Carey,SM Boland,0,0,,,,,,"",""
ball,2,1.5,Adelaide Strikers,J Weatherald,AT Carey,SM Boland,1,0,,,,,,"",""
ball,2,1.6,Adelaide Strikers,AT Carey,J Weatherald,SM Boland,0,0,,,,,,"",""
ball,2,2.1,Adelaide Strikers,J Weatherald,AT Carey,JP Faulkner,2,0,,,,,,"",""
ball,2,2.2,Adelaide Strikers,J Weatherald,AT Carey,JP Faulkner,1,0,,,,,,"",""
ball,2,2.3,Adelaide Strikers,AT Carey,J Weatherald,JP Faulkner,1,0,,,,,,"",""
ball,2,2.4,Adelaide Strikers,J Weatherald,AT Carey,JP Faulkner,1,0,,,,,,"",""
ball,2,2.5,Adelaide Strikers,AT Carey,J Weatherald,JP Faulkner,0,0,,,,,,"",""
ball,2,2.6,Adelaide Strikers,AT Carey,J Weatherald,JP Faulkner,0,1,,,,1,,"",""
ball,2,3.1,Adelaide Strikers,AT Carey,J Weatherald,RP Meredith,3,0,,,,,,"",""
ball,2,3.2,Adelaide Strikers,J Weatherald,AT Carey,RP Meredith,0,0,,,,,,"",""
ball,2,3.3,Adelaide Strikers,J Weatherald,AT Carey,RP Meredith,4,0,,,,,,"",""
ball,2,3.4,Adelaide Strikers,J Weatherald,AT Carey,RP Meredith,0,0,,,,,,"",""
ball,2,3.5,Adelaide Strikers,J Weatherald,AT Carey,RP Meredith,0,0,,,,,,"",""
ball,2,3.6,Adelaide Strikers,J Weatherald,AT Carey,RP Meredith,1,0,,,,,,"",""
ball,2,4.1,Adelaide Strikers,J Weatherald,AT Carey,JP Faulkner,0,0,,,,,,"",""
ball,2,4.2,Adelaide Strikers,J Weatherald,AT Carey,JP Faulkner,1,0,,,,,,"",""
ball,2,4.3,Adelaide Strikers,AT Carey,J Weatherald,JP Faulkner,0,0,,,,,,"",""
ball,2,4.4,Adelaide Strikers,AT Carey,J Weatherald,JP Faulkner,0,0,,,,,,"",""
ball,2,4.5,Adelaide Strikers,AT Carey,J Weatherald,JP Faulkner,1,0,,,,,,"",""
ball,2,4.6,Adelaide Strikers,J Weatherald,AT Carey,JP Faulkner,4,0,,,,,,"",""
ball,2,5.1,Adelaide Strikers,AT Carey,J Weatherald,WG Jacks,4,0,,,,,,"",""
ball,2,5.2,Adelaide Strikers,AT Carey,J Weatherald,WG Jacks,0,0,,,,,,"",""
ball,2,5.3,Adelaide Strikers,AT Carey,J Weatherald,WG Jacks,1,0,,,,,,"",""
ball,2,5.4,Adelaide Strikers,J Weatherald,AT Carey,WG Jacks,1,0,,,,,,"",""
ball,2,5.5,Adelaide Strikers,AT Carey,J Weatherald,WG Jacks,6,0,,,,,,"",""
ball,2,5.6,Adelaide Strikers,AT Carey,J Weatherald,WG Jacks,1,0,,,,,,"",""
ball,2,6.1,Adelaide Strikers,AT Carey,J Weatherald,NT Ellis,0,0,,,,,,"",""
ball,2,6.2,Adelaide Strikers,AT Carey,J Weatherald,NT Ellis,0,0,,,,,,"",""
ball,2,6.3,Adelaide Strikers,AT Carey,J Weatherald,NT Ellis,2,0,,,,,,"",""
ball,2,6.4,Adelaide Strikers,AT Carey,J Weatherald,NT Ellis,1,0,,,,,,"",""
ball,2,6.5,Adelaide Strikers,J Weatherald,AT Carey,NT Ellis,1,0,,,,,,"",""
ball,2,6.6,Adelaide Strikers,AT Carey,J Weatherald,NT Ellis,4,0,,,,,,"",""
ball,2,7.1,Adelaide Strikers,J Weatherald,AT Carey,SM Boland,2,0,,,,,,"",""
ball,2,7.2,Adelaide Strikers,J Weatherald,AT Carey,SM Boland,1,0,,,,,,"",""
ball,2,7.3,Adelaide Strikers,AT Carey,J Weatherald,SM Boland,0,0,,,,,,"",""
ball,2,7.4,Adelaide Strikers,AT Carey,J Weatherald,SM Boland,2,0,,,,,,"",""
ball,2,7.5,Adelaide Strikers,AT Carey,J Weatherald,SM Boland,2,0,,,,,,"",""
ball,2,7.6,Adelaide Strikers,AT Carey,J Weatherald,SM Boland,1,0,,,,,,"",""
ball,2,8.1,Adelaide Strikers,AT Carey,J Weatherald,RP Meredith,1,0,,,,,,"",""
ball,2,8.2,Adelaide Strikers,J Weatherald,AT Carey,RP Meredith,0,0,,,,,,"",""
ball,2,8.3,Adelaide Strikers,J Weatherald,AT Carey,RP Meredith,1,0,,,,,,"",""
ball,2,8.4,Adelaide Strikers,AT Carey,J Weatherald,RP Meredith,4,0,,,,,,"",""
ball,2,8.5,Adelaide Strikers,AT Carey,J Weatherald,RP Meredith,0,1,1,,,,,"",""
ball,2,8.6,Adelaide Strikers,AT Carey,J Weatherald,RP Meredith,0,0,,,,,,"",""
ball,2,8.7,Adelaide Strikers,AT Carey,J Weatherald,RP Meredith,2,0,,,,,,"",""
ball,2,9.1,Adelaide Strikers,J Weatherald,AT Carey,DJM Short,1,0,,,,,,"",""
ball,2,9.2,Adelaide Strikers,AT Carey,J Weatherald,DJM Short,1,0,,,,,,"",""
ball,2,9.3,Adelaide Strikers,J Weatherald,AT Carey,DJM Short,1,0,,,,,,"",""
ball,2,9.4,Adelaide Strikers,AT Carey,J Weatherald,DJM Short,2,0,,,,,,"",""
ball,2,9.5,Adelaide Strikers,AT Carey,J Weatherald,DJM Short,0,0,,,,,,"",""
ball,2,9.6,Adelaide Strikers,AT Carey,J Weatherald,DJM Short,3,0,,,,,,"",""
ball,2,10.1,Adelaide Strikers,AT Carey,J Weatherald,JP Faulkner,2,0,,,,,,"",""
ball,2,10.2,Adelaide Strikers,AT Carey,J Weatherald,JP Faulkner,4,0,,,,,,"",""
ball,2,10.3,Adelaide Strikers,AT Carey,J Weatherald,JP Faulkner,1,0,,,,,,"",""
ball,2,10.4,Adelaide Strikers,J Weatherald,AT Carey,JP Faulkner,1,0,,,,,,"",""
ball,2,10.5,Adelaide Strikers,AT Carey,J Weatherald,JP Faulkner,1,0,,,,,,"",""
ball,2,10.6,Adelaide Strikers,J Weatherald,AT Carey,JP Faulkner,6,0,,,,,,"",""
ball,2,11.1,Adelaide Strikers,AT Carey,J Weatherald,NT Ellis,0,1,1,,,,,"",""
ball,2,11.2,Adelaide Strikers,AT Carey,J Weatherald,NT Ellis,1,0,,,,,,"",""
ball,2,11.3,Adelaide Strikers,J Weatherald,AT Carey,NT Ellis,1,0,,,,,,"",""
ball,2,11.4,Adelaide Strikers,AT Carey,J Weatherald,NT Ellis,1,0,,,,,,"",""
ball,2,11.5,Adelaide Strikers,J Weatherald,AT Carey,NT Ellis,2,0,,,,,,"",""
ball,2,11.6,Adelaide Strikers,J Weatherald,AT Carey,NT Ellis,4,0,,,,,,"",""
ball,2,11.7,Adelaide Strikers,J Weatherald,AT Carey,NT Ellis,6,0,,,,,,"",""
ball,2,12.1,Adelaide Strikers,AT Carey,J Weatherald,RP Meredith,3,0,,,,,,"",""
ball,2,12.2,Adelaide Strikers,J Weatherald,AT Carey,RP Meredith,4,0,,,,,,"",""
ball,2,12.3,Adelaide Strikers,J Weatherald,AT Carey,RP Meredith,0,0,,,,,,"",""
ball,2,12.4,Adelaide Strikers,J Weatherald,AT Carey,RP Meredith,1,0,,,,,,"",""
ball,2,12.5,Adelaide Strikers,AT Carey,J Weatherald,RP Meredith,0,0,,,,,,"",""
ball,2,12.6,Adelaide Strikers,AT Carey,J Weatherald,RP Meredith,0,0,,,,,,"",""
ball,2,13.1,Adelaide Strikers,J Weatherald,AT Carey,SM Boland,1,0,,,,,,"",""
ball,2,13.2,Adelaide Strikers,AT Carey,J Weatherald,SM Boland,0,0,,,,,,caught,AT Carey
ball,2,13.3,Adelaide Strikers,JW Wells,J Weatherald,SM Boland,1,0,,,,,,"",""
ball,2,13.4,Adelaide Strikers,J Weatherald,JW Wells,SM Boland,0,0,,,,,,"",""
ball,2,13.5,Adelaide Strikers,J Weatherald,JW Wells,SM Boland,0,0,,,,,,"",""
ball,2,13.6,Adelaide Strikers,J Weatherald,JW Wells,SM Boland,0,0,,,,,,"",""
ball,2,14.1,Adelaide Strikers,JW Wells,J Weatherald,DJM Short,1,0,,,,,,"",""
ball,2,14.2,Adelaide Strikers,J Weatherald,JW Wells,DJM Short,1,0,,,,,,"",""
ball,2,14.3,Adelaide Strikers,JW Wells,J Weatherald,DJM Short,1,0,,,,,,"",""
ball,2,14.4,Adelaide Strikers,J Weatherald,JW Wells,DJM Short,2,0,,,,,,"",""
ball,2,14.5,Adelaide Strikers,J Weatherald,JW Wells,DJM Short,1,0,,,,,,"",""
ball,2,14.6,Adelaide Strikers,JW Wells,J Weatherald,DJM Short,0,1,,,,1,,"",""
ball,2,15.1,Adelaide Strikers,JW Wells,J Weatherald,RP Meredith,0,0,,,,,,"",""
ball,2,15.2,Adelaide Strikers,JW Wells,J Weatherald,RP Meredith,0,0,,,,,,"",""
ball,2,15.3,Adelaide Strikers,JW Wells,J Weatherald,RP Meredith,1,0,,,,,,"",""
ball,2,15.4,Adelaide Strikers,J Weatherald,JW Wells,RP Meredith,0,0,,,,,,"",""
ball,2,15.5,Adelaide Strikers,J Weatherald,JW Wells,RP Meredith,0,0,,,,,,"",""
ball,2,15.6,Adelaide Strikers,J Weatherald,JW Wells,RP Meredith,6,0,,,,,,"",""
ball,2,16.1,Adelaide Strikers,JW Wells,J Weatherald,NT Ellis,1,0,,,,,,"",""
ball,2,16.2,Adelaide Strikers,J Weatherald,JW Wells,NT Ellis,1,0,,,,,,"",""
ball,2,16.3,Adelaide Strikers,JW Wells,J Weatherald,NT Ellis,0,1,1,,,,,"",""
ball,2,16.4,Adelaide Strikers,JW Wells,J Weatherald,NT Ellis,0,0,,,,,,"",""
ball,2,16.5,Adelaide Strikers,JW Wells,J Weatherald,NT Ellis,0,0,,,,,,"",""
ball,2,16.6,Adelaide Strikers,JW Wells,J Weatherald,NT Ellis,1,0,,,,,,"",""
ball,2,16.7,Adelaide Strikers,J Weatherald,JW Wells,NT Ellis,6,0,,,,,,"",""
ball,2,17.1,Adelaide Strikers,JW Wells,J Weatherald,SM Boland,0,0,,,,,,"",""
ball,2,17.2,Adelaide Strikers,JW Wells,J Weatherald,SM Boland,0,1,1,,,,,"",""
ball,2,17.3,Adelaide Strikers,JW Wells,J Weatherald,SM Boland,1,0,,,,,,"",""
ball,2,17.4,Adelaide Strikers,J Weatherald,JW Wells,SM Boland,1,0,,,,,,"",""
ball,2,17.5,Adelaide Strikers,JW Wells,J Weatherald,SM Boland,0,0,,,,,,"",""
ball,2,17.6,Adelaide Strikers,JW Wells,J Weatherald,SM Boland,1,0,,,,,,"",""
ball,2,17.7,Adelaide Strikers,J Weatherald,JW Wells,SM Boland,0,0,,,,,,"",""
ball,2,18.1,Adelaide Strikers,JW Wells,J Weatherald,NT Ellis,0,0,,,,,,caught,JW Wells
ball,2,18.2,Adelaide Strikers,J Weatherald,MW Short,NT Ellis,1,0,,,,,,"",""
ball,2,18.3,Adelaide Strikers,MW Short,J Weatherald,NT Ellis,0,0,,,,,,caught,MW Short
ball,2,18.4,Adelaide Strikers,RJ Gibson,J Weatherald,NT Ellis,1,0,,,,,,"",""
