version,1.6.0
info,balls_per_over,6
info,team,Adelaide Strikers
info,team,Brisbane Heat
info,gender,male
info,season,2020/21
info,date,2021/01/29
info,event,Big Bash League
info,venue,Brisbane Cricket Ground
info,city,Brisbane
info,toss_winner,Adelaide Strikers
info,toss_decision,bat
info,player_of_match,JJ Peirson
info,umpire,DM Koch
info,umpire,MW Graham-Smith
info,reserve_umpire,AK Wilds
info,tv_umpire,PJ Gillespie
info,match_referee,SJ Davis
info,winner,Brisbane Heat
info,winner_wickets,6
info,player,Adelaide Strikers,DJ Worrall
info,player,Adelaide Strikers,AT Carey
info,player,Adelaide Strikers,J Weatherald
info,player,Adelaide Strikers,TM Head
info,player,Adelaide Strikers,PD Salt
info,player,Adelaide Strikers,MT Renshaw
info,player,Adelaide Strikers,JW Wells
info,player,Adelaide Strikers,MG Neser
info,player,Adelaide Strikers,DR Briggs
info,player,Adelaide Strikers,WA Agar
info,player,Adelaide Strikers,LN O'Connor
info,player,Adelaide Strikers,PM Siddle
info,player,Brisbane Heat,XC Bartlett
info,player,Brisbane Heat,CA Lynn
info,player,Brisbane Heat,JL Denly
info,player,Brisbane Heat,M Labuschagne
info,player,Brisbane Heat,SD Heazlett
info,player,Brisbane Heat,JJ Peirson
info,player,Brisbane Heat,JA Burns
info,player,Brisbane Heat,L Gregory
info,player,Brisbane Heat,MT Steketee
info,player,Brisbane Heat,MJ Swepson
info,player,Brisbane Heat,B Laughlin
info,player,Brisbane Heat,M Morkel
info,registry,people,AK Wilds,de412f40
info,registry,people,AT Carey,69d03465
info,registry,people,B Laughlin,b2a79f17
info,registry,people,CA Lynn,45eda7c8
info,registry,people,DJ Worrall,208f22ea
info,registry,people,DM Koch,6d10c034
info,registry,people,DR Briggs,f3abd0c9
info,registry,people,J Weatherald,edc7ddb6
info,registry,people,JA Burns,7a5f232a
info,registry,people,JJ Peirson,2b55c3b4
info,registry,people,JL Denly,bdadf7da
info,registry,people,JW Wells,8bdac857
info,registry,people,L Gregory,06c2de82
info,registry,people,LN O'Connor,5456bd0c
info,registry,people,M Labuschagne,fa433be6
info,registry,people,M Morkel,5bb5a915
info,registry,people,MG Neser,0164b064
info,registry,people,MJ Swepson,86b4bf88
info,registry,people,MT Renshaw,218d4d78
info,registry,people,MT Steketee,903560ed
info,registry,people,MW Graham-Smith,18aca3ce
info,registry,people,PD Salt,3d284ca3
info,registry,people,PJ Gillespie,3e253a50
info,registry,people,PM Siddle,bd93fea4
info,registry,people,SD Heazlett,e00a9155
info,registry,people,SJ Davis,bc71b0b2
info,registry,people,TM Head,12b610c2
info,registry,people,WA Agar,15de1f5d
info,registry,people,XC Bartlett,3b53243a
ball,1,0.1,Adelaide Strikers,AT Carey,J Weatherald,XC Bartlett,1,0,,,,,,"",""
ball,1,0.2,Adelaide Strikers,J Weatherald,AT Carey,XC Bartlett,0,1,1,,,,,"",""
ball,1,0.3,Adelaide Strikers,J Weatherald,AT Carey,XC Bartlett,0,0,,,,,,"",""
ball,1,0.4,Adelaide Strikers,J Weatherald,AT Carey,XC Bartlett,0,1,1,,,,,"",""
ball,1,0.5,Adelaide Strikers,J Weatherald,AT Carey,XC Bartlett,0,0,,,,,,"",""
ball,1,0.6,Adelaide Strikers,J Weatherald,AT Carey,XC Bartlett,4,0,,,,,,"",""
ball,1,0.7,Adelaide Strikers,J Weatherald,AT Carey,XC Bartlett,2,0,,,,,,"",""
ball,1,0.8,Adelaide Strikers,J Weatherald,AT Carey,XC Bartlett,0,0,,,,,,"",""
ball,1,1.1,Adelaide Strikers,AT Carey,J Weatherald,MT Steketee,0,1,1,,,,,"",""
ball,1,1.2,Adelaide Strikers,AT Carey,J Weatherald,MT Steketee,1,0,,,,,,"",""
ball,1,1.3,Adelaide Strikers,J Weatherald,AT Carey,MT Steketee,6,0,,,,,,"",""
ball,1,1.4,Adelaide Strikers,J Weatherald,AT Carey,MT Steketee,0,0,,,,,,"",""
ball,1,1.5,Adelaide Strikers,J Weatherald,AT Carey,MT Steketee,1,0,,,,,,"",""
ball,1,1.6,Adelaide Strikers,AT Carey,J Weatherald,MT Steketee,0,0,,,,,,"",""
ball,1,1.7,Adelaide Strikers,AT Carey,J Weatherald,MT Steketee,0,0,,,,,,"",""
ball,1,2.1,Adelaide Strikers,J Weatherald,AT Carey,B Laughlin,1,0,,,,,,"",""
ball,1,2.2,Adelaide Strikers,AT Carey,J Weatherald,B Laughlin,0,0,,,,,,"",""
ball,1,2.3,Adelaide Strikers,AT Carey,J Weatherald,B Laughlin,0,0,,,,,,"",""
ball,1,2.4,Adelaide Strikers,AT Carey,J Weatherald,B Laughlin,0,0,,,,,,"",""
ball,1,2.5,Adelaide Strikers,AT Carey,J Weatherald,B Laughlin,1,0,,,,,,"",""
ball,1,2.6,Adelaide Strikers,J Weatherald,AT Carey,B Laughlin,1,0,,,,,,"",""
ball,1,3.1,Adelaide Strikers,J Weatherald,AT Carey,MT Steketee,0,0,,,,,,"",""
ball,1,3.2,Adelaide Strikers,J Weatherald,AT Carey,MT Steketee,1,0,,,,,,"",""
ball,1,3.3,Adelaide Strikers,AT Carey,J Weatherald,MT Steketee,0,0,,,,,,"",""
ball,1,3.4,Adelaide Strikers,AT Carey,J Weatherald,MT Steketee,0,0,,,,,,"",""
ball,1,3.5,Adelaide Strikers,AT Carey,J Weatherald,MT Steketee,1,0,,,,,,"",""
ball,1,3.6,Adelaide Strikers,J Weatherald,AT Carey,MT Steketee,1,0,,,,,,"",""
ball,1,4.1,Adelaide Strikers,J Weatherald,AT Carey,B Laughlin,1,0,,,,,,"",""
ball,1,4.2,Adelaide Strikers,AT Carey,J Weatherald,B Laughlin,1,0,,,,,,"",""
ball,1,4.3,Adelaide Strikers,J Weatherald,AT Carey,B Laughlin,0,0,,,,,,"",""
ball,1,4.4,Adelaide Strikers,J Weatherald,AT Carey,B Laughlin,1,0,,,,,,"",""
ball,1,4.5,Adelaide Strikers,AT Carey,J Weatherald,B Laughlin,1,0,,,,,,"",""
ball,1,4.6,Adelaide Strikers,J Weatherald,AT Carey,B Laughlin,1,0,,,,,,"",""
ball,1,5.1,Adelaide Strikers,J Weatherald,AT Carey,MJ Swepson,1,0,,,,,,"",""
ball,1,5.2,Adelaide Strikers,AT Carey,J Weatherald,MJ Swepson,0,0,,,,,,"",""
ball,1,5.3,Adelaide Strikers,AT Carey,J Weatherald,MJ Swepson,0,0,,,,,,"",""
ball,1,5.4,Adelaide Strikers,AT Carey,J Weatherald,MJ Swepson,0,0,,,,,,"",""
ball,1,5.5,Adelaide Strikers,AT Carey,J Weatherald,MJ Swepson,1,0,,,,,,"",""
ball,1,5.6,Adelaide Strikers,J Weatherald,AT Carey,MJ Swepson,3,0,,,,,,"",""
ball,1,6.1,Adelaide Strikers,J Weatherald,AT Carey,L Gregory,1,0,,,,,,"",""
ball,1,6.2,Adelaide Strikers,AT Carey,J Weatherald,L Gregory,1,0,,,,,,"",""
ball,1,6.3,Adelaide Strikers,J Weatherald,AT Carey,L Gregory,0,1,1,,,,,"",""
ball,1,6.4,Adelaide Strikers,J Weatherald,AT Carey,L Gregory,1,0,,,,,,"",""
ball,1,6.5,Adelaide Strikers,AT Carey,J Weatherald,L Gregory,0,0,,,,,,"",""
ball,1,6.6,Adelaide Strikers,AT Carey,J Weatherald,L Gregory,1,0,,,,,,"",""
ball,1,6.7,Adelaide Strikers,J Weatherald,AT Carey,L Gregory,1,0,,,,,,"",""
ball,1,7.1,Adelaide Strikers,J Weatherald,AT Carey,MJ Swepson,1,0,,,,,,"",""
ball,1,7.2,Adelaide Strikers,AT Carey,J Weatherald,MJ Swepson,4,0,,,,,,"",""
ball,1,7.3,Adelaide Strikers,AT Carey,J Weatherald,MJ Swepson,0,0,,,,,,caught,AT Carey
ball,1,7.4,Adelaide Strikers,TM Head,J Weatherald,MJ Swepson,0,1,1,,,,,"",""
ball,1,7.5,Adelaide Strikers,TM Head,J Weatherald,MJ Swepson,2,0,,,,,,"",""
ball,1,7.6,Adelaide Strikers,TM Head,J Weatherald,MJ Swepson,0,0,,,,,,"",""
ball,1,7.7,Adelaide Strikers,TM Head,J Weatherald,MJ Swepson,0,0,,,,,,"",""
ball,1,8.1,Adelaide Strikers,J Weatherald,TM Head,M Labuschagne,1,0,,,,,,"",""
ball,1,8.2,Adelaide Strikers,TM Head,J Weatherald,M Labuschagne,0,0,,,,,,"",""
ball,1,8.3,Adelaide Strikers,TM Head,J Weatherald,M Labuschagne,1,0,,,,,,"",""
ball,1,8.4,Adelaide Strikers,J Weatherald,TM Head,M Labuschagne,1,0,,,,,,"",""
ball,1,8.5,Adelaide Strikers,TM Head,J Weatherald,M Labuschagne,0,0,,,,,,"",""
ball,1,8.6,Adelaide Strikers,TM Head,J Weatherald,M Labuschagne,0,0,,,,,,"",""
ball,1,9.1,Adelaide Strikers,J Weatherald,TM Head,MJ Swepson,0,0,,,,,,"",""
ball,1,9.2,Adelaide Strikers,J Weatherald,TM Head,MJ Swepson,1,0,,,,,,"",""
ball,1,9.3,Adelaide Strikers,TM Head,J Weatherald,MJ Swepson,0,0,,,,,,"",""
ball,1,9.4,Adelaide Strikers,TM Head,J Weatherald,MJ Swepson,0,0,,,,,,"",""
ball,1,9.5,Adelaide Strikers,TM Head,J Weatherald,MJ Swepson,0,0,,,,,,"",""
ball,1,9.6,Adelaide Strikers,TM Head,J Weatherald,MJ Swepson,1,0,,,,,,"",""
ball,1,10.1,Adelaide Strikers,TM Head,J Weatherald,M Morkel,1,0,,,,,,"",""
ball,1,10.2,Adelaide Strikers,J Weatherald,TM Head,M Morkel,1,0,,,,,,run out,J Weatherald
ball,1,10.3,Adelaide Strikers,PD Salt,TM Head,M Morkel,2,0,,,,,,"",""
ball,1,10.4,Adelaide Strikers,PD Salt,TM Head,M Morkel,1,0,,,,,,"",""
ball,1,10.5,Adelaide Strikers,TM Head,PD Salt,M Morkel,1,0,,,,,,"",""
ball,1,10.6,Adelaide Strikers,PD Salt,TM Head,M Morkel,1,0,,,,,,"",""
ball,1,11.1,Adelaide Strikers,PD Salt,TM Head,MT Steketee,4,0,,,,,,"",""
ball,1,11.2,Adelaide Strikers,PD Salt,TM Head,MT Steketee,1,0,,,,,,"",""
ball,1,11.3,Adelaide Strikers,TM Head,PD Salt,MT Steketee,1,0,,,,,,"",""
ball,1,11.4,Adelaide Strikers,PD Salt,TM Head,MT Steketee,1,0,,,,,,"",""
ball,1,11.5,Adelaide Strikers,TM Head,PD Salt,MT Steketee,0,0,,,,,,"",""
ball,1,11.6,Adelaide Strikers,TM Head,PD Salt,MT Steketee,0,1,1,,,,,"",""
ball,1,11.7,Adelaide Strikers,TM Head,PD Salt,MT Steketee,1,0,,,,,,"",""
ball,1,12.1,Adelaide Strikers,TM Head,PD Salt,M Morkel,0,0,,,,,,"",""
ball,1,12.2,Adelaide Strikers,TM Head,PD Salt,M Morkel,1,0,,,,,,"",""
ball,1,12.3,Adelaide Strikers,PD Salt,TM Head,M Morkel,3,0,,,,,,"",""
ball,1,12.4,Adelaide Strikers,TM Head,PD Salt,M Morkel,1,0,,,,,,"",""
ball,1,12.5,Adelaide Strikers,PD Salt,TM Head,M Morkel,0,1,1,,,,,"",""
ball,1,12.6,Adelaide Strikers,PD Salt,TM Head,M Morkel,0,0,,,,,,"",""
ball,1,12.7,Adelaide Strikers,PD Salt,TM Head,M Morkel,1,0,,,,,,"",""
ball,1,13.1,Adelaide Strikers,PD Salt,TM Head,M Labuschagne,1,0,,,,,,"",""
ball,1,13.2,Adelaide Strikers,TM Head,PD Salt,M Labuschagne,2,0,,,,,,"",""
ball,1,13.3,Adelaide Strikers,TM Head,PD Salt,M Labuschagne,0,0,,,,,,caught,TM Head
ball,1,13.4,Adelaide Strikers,MT Renshaw,PD Salt,M Labuschagne,0,2,,,,2,,"",""
ball,1,13.5,Adelaide Strikers,MT Renshaw,PD Salt,M Labuschagne,1,0,,,,,,"",""
ball,1,13.6,Adelaide Strikers,PD Salt,MT Renshaw,M Labuschagne,2,0,,,,,,"",""
ball,1,14.1,Adelaide Strikers,MT Renshaw,PD Salt,M Morkel,0,1,,,,1,,"",""
ball,1,14.2,Adelaide Strikers,PD Salt,MT Renshaw,M Morkel,2,0,,,,,,"",""
ball,1,14.3,Adelaide Strikers,PD Salt,MT Renshaw,M Morkel,1,0,,,,,,"",""
ball,1,14.4,Adelaide Strikers,MT Renshaw,PD Salt,M Morkel,2,0,,,,,,"",""
ball,1,14.5,Adelaide Strikers,MT Renshaw,PD Salt,M Morkel,0,0,,,,,,"",""
ball,1,14.6,Adelaide Strikers,MT Renshaw,PD Salt,M Morkel,4,0,,,,,,"",""
ball,1,15.1,Adelaide Strikers,PD Salt,MT Renshaw,MJ Swepson,1,0,,,,,,"",""
ball,1,15.2,Adelaide Strikers,MT Renshaw,PD Salt,MJ Swepson,0,0,,,,,,"",""
ball,1,15.3,Adelaide Strikers,MT Renshaw,PD Salt,MJ Swepson,2,0,,,,,,"",""
ball,1,15.4,Adelaide Strikers,MT Renshaw,PD Salt,MJ Swepson,0,0,,,,,,caught,MT Renshaw
ball,1,15.5,Adelaide Strikers,PD Salt,JW Wells,MJ Swepson,1,0,,,,,,"",""
ball,1,15.6,Adelaide Strikers,JW Wells,PD Salt,MJ Swepson,4,0,,,,,,"",""
ball,1,16.1,Adelaide Strikers,PD Salt,JW Wells,B Laughlin,1,0,,,,,,"",""
ball,1,16.2,Adelaide Strikers,JW Wells,PD Salt,B Laughlin,1,0,,,,,,"",""
ball,1,16.3,Adelaide Strikers,PD Salt,JW Wells,B Laughlin,1,0,,,,,,"",""
ball,1,16.4,Adelaide Strikers,JW Wells,PD Salt,B Laughlin,1,0,,,,,,"",""
ball,1,16.5,Adelaide Strikers,PD Salt,JW Wells,B Laughlin,0,0,,,,,,"",""
ball,1,16.6,Adelaide Strikers,PD Salt,JW Wells,B Laughlin,1,0,,,,,,"",""
ball,1,17.1,Adelaide Strikers,PD Salt,JW Wells,M Labuschagne,1,0,,,,,,"",""
ball,1,17.2,Adelaide Strikers,JW Wells,PD Salt,M Labuschagne,1,0,,,,,,"",""
ball,1,17.3,Adelaide Strikers,PD Salt,JW Wells,M Labuschagne,0,0,,,,,,caught,PD Salt
ball,1,17.4,Adelaide Strikers,JW Wells,MG Neser,M Labuschagne,1,0,,,,,,"",""
ball,1,17.5,Adelaide Strikers,MG Neser,JW Wells,M Labuschagne,0,0,,,,,,caught,MG Neser
ball,1,17.6,Adelaide Strikers,JW Wells,DR Briggs,M Labuschagne,1,0,,,,,,"",""
ball,1,18.1,Adelaide Strikers,JW Wells,DR Briggs,M Morkel,1,0,,,,,,"",""
ball,1,18.2,Adelaide Strikers,DR Briggs,JW Wells,M Morkel,2,0,,,,,,"",""
ball,1,18.3,Adelaide Strikers,DR Briggs,JW Wells,M Morkel,0,0,,,,,,caught,DR Briggs
ball,1,18.4,Adelaide Strikers,JW Wells,WA Agar,M Morkel,4,0,,,,,,"",""
ball,1,18.5,Adelaide Strikers,JW Wells,WA Agar,M Morkel,0,0,,,,,,"",""
ball,1,18.6,Adelaide Strikers,JW Wells,WA Agar,M Morkel,1,0,,,,,,"",""
ball,1,19.1,Adelaide Strikers,JW Wells,WA Agar,B Laughlin,1,0,,,,,,"",""
ball,1,19.2,Adelaide Strikers,WA Agar,JW Wells,B Laughlin,4,0,,,,,,"",""
ball,1,19.3,Adelaide Strikers,WA Agar,JW Wells,B Laughlin,1,0,,,,,,"",""
ball,1,19.4,Adelaide Strikers,JW Wells,WA Agar,B Laughlin,4,0,,,,,,"",""
ball,1,19.5,Adelaide Strikers,JW Wells,WA Agar,B Laughlin,0,0,,,,,,"",""
ball,1,19.6,Adelaide Strikers,JW Wells,WA Agar,B Laughlin,0,1,,,1,,,"",""
ball,2,0.1,Brisbane Heat,CA Lynn,JL Denly,MG Neser,4,0,,,,,,"",""
ball,2,0.2,Brisbane Heat,CA Lynn,JL Denly,MG Neser,2,0,,,,,,"",""
ball,2,0.3,Brisbane Heat,CA Lynn,JL Denly,MG Neser,0,0,,,,,,"",""
ball,2,0.4,Brisbane Heat,CA Lynn,JL Denly,MG Neser,0,0,,,,,,bowled,CA Lynn
ball,2,0.5,Brisbane Heat,M Labuschagne,JL Denly,MG Neser,1,0,,,,,,"",""
ball,2,0.6,Brisbane Heat,JL Denly,M Labuschagne,MG Neser,0,0,,,,,,"",""
ball,2,1.1,Brisbane Heat,M Labuschagne,JL Denly,WA Agar,4,0,,,,,,"",""
ball,2,1.2,Brisbane Heat,M Labuschagne,JL Denly,WA Agar,0,1,1,,,,,"",""
ball,2,1.3,Brisbane Heat,M Labuschagne,JL Denly,WA Agar,0,0,,,,,,"",""
ball,2,1.4,Brisbane Heat,M Labuschagne,JL Denly,WA Agar,1,0,,,,,,"",""
ball,2,1.5,Brisbane Heat,JL Denly,M Labuschagne,WA Agar,0,0,,,,,,"",""
ball,2,1.6,Brisbane Heat,JL Denly,M Labuschagne,WA Agar,1,0,,,,,,"",""
ball,2,1.7,Brisbane Heat,M Labuschagne,JL Denly,WA Agar,0,0,,,,,,caught,M Labuschagne
ball,2,2.1,Brisbane Heat,JL Denly,SD Heazlett,MG Neser,0,0,,,,,,"",""
ball,2,2.2,Brisbane Heat,JL Denly,SD Heazlett,MG Neser,0,0,,,,,,"",""
ball,2,2.3,Brisbane Heat,JL Denly,SD Heazlett,MG Neser,0,0,,,,,,"",""
ball,2,2.4,Brisbane Heat,JL Denly,SD Heazlett,MG Neser,3,0,,,,,,"",""
ball,2,2.5,Brisbane Heat,SD Heazlett,JL Denly,MG Neser,0,0,,,,,,"",""
ball,2,2.6,Brisbane Heat,SD Heazlett,JL Denly,MG Neser,0,1,1,,,,,"",""
ball,2,2.7,Brisbane Heat,SD Heazlett,JL Denly,MG Neser,4,0,,,,,,"",""
ball,2,3.1,Brisbane Heat,JL Denly,SD Heazlett,PM Siddle,0,0,,,,,,"",""
ball,2,3.2,Brisbane Heat,JL Denly,SD Heazlett,PM Siddle,0,0,,,,,,"",""
ball,2,3.3,Brisbane Heat,JL Denly,SD Heazlett,PM Siddle,0,0,,,,,,"",""
ball,2,3.4,Brisbane Heat,JL Denly,SD Heazlett,PM Siddle,1,0,,,,,,"",""
ball,2,3.5,Brisbane Heat,SD Heazlett,JL Denly,PM Siddle,0,0,,,,,,lbw,SD Heazlett
ball,2,3.6,Brisbane Heat,JJ Peirson,JL Denly,PM Siddle,0,1,,,,1,,"",""
ball,2,4.1,Brisbane Heat,JJ Peirson,JL Denly,LN O'Connor,1,0,,,,,,"",""
ball,2,4.2,Brisbane Heat,JL Denly,JJ Peirson,LN O'Connor,0,0,,,,,,"",""
ball,2,4.3,Brisbane Heat,JL Denly,JJ Peirson,LN O'Connor,1,0,,,,,,"",""
ball,2,4.4,Brisbane Heat,JJ Peirson,JL Denly,LN O'Connor,1,0,,,,,,"",""
ball,2,4.5,Brisbane Heat,JL Denly,JJ Peirson,LN O'Connor,3,0,,,,,,"",""
ball,2,4.6,Brisbane Heat,JJ Peirson,JL Denly,LN O'Connor,2,0,,,,,,"",""
ball,2,5.1,Brisbane Heat,JL Denly,JJ Peirson,WA Agar,0,1,,,,1,,"",""
ball,2,5.2,Brisbane Heat,JJ Peirson,JL Denly,WA Agar,0,1,,,,1,,"",""
ball,2,5.3,Brisbane Heat,JL Denly,JJ Peirson,WA Agar,0,0,,,,,,"",""
ball,2,5.4,Brisbane Heat,JL Denly,JJ Peirson,WA Agar,0,0,,,,,,"",""
ball,2,5.5,Brisbane Heat,JL Denly,JJ Peirson,WA Agar,6,0,,,,,,"",""
ball,2,5.6,Brisbane Heat,JL Denly,JJ Peirson,WA Agar,4,0,,,,,,"",""
ball,2,6.1,Brisbane Heat,JJ Peirson,JL Denly,TM Head,1,0,,,,,,"",""
ball,2,6.2,Brisbane Heat,JL Denly,JJ Peirson,TM Head,1,0,,,,,,"",""
ball,2,6.3,Brisbane Heat,JJ Peirson,JL Denly,TM Head,1,0,,,,,,"",""
ball,2,6.4,Brisbane Heat,JL Denly,JJ Peirson,TM Head,1,0,,,,,,"",""
ball,2,6.5,Brisbane Heat,JJ Peirson,JL Denly,TM Head,0,0,,,,,,"",""
ball,2,6.6,Brisbane Heat,JJ Peirson,JL Denly,TM Head,1,0,,,,,,"",""
ball,2,7.1,Brisbane Heat,JJ Peirson,JL Denly,DR Briggs,0,0,,,,,,"",""
ball,2,7.2,Brisbane Heat,JJ Peirson,JL Denly,DR Briggs,0,1,,,,1,,"",""
ball,2,7.3,Brisbane Heat,JL Denly,JJ Peirson,DR Briggs,1,0,,,,,,"",""
ball,2,7.4,Brisbane Heat,JJ Peirson,JL Denly,DR Briggs,2,0,,,,,,"",""
ball,2,7.5,Brisbane Heat,JJ Peirson,JL Denly,DR Briggs,1,0,,,,,,"",""
ball,2,7.6,Brisbane Heat,JL Denly,JJ Peirson,DR Briggs,0,0,,,,,,"",""
ball,2,8.1,Brisbane Heat,JJ Peirson,JL Denly,TM Head,1,0,,,,,,"",""
ball,2,8.2,Brisbane Heat,JL Denly,JJ Peirson,TM Head,2,0,,,,,,"",""
ball,2,8.3,Brisbane Heat,JL Denly,JJ Peirson,TM Head,2,0,,,,,,"",""
ball,2,8.4,Brisbane Heat,JL Denly,JJ Peirson,TM Head,2,0,,,,,,"",""
ball,2,8.5,Brisbane Heat,JL Denly,JJ Peirson,TM Head,0,0,,,,,,"",""
ball,2,8.6,Brisbane Heat,JL Denly,JJ Peirson,TM Head,0,1,1,,,,,"",""
ball,2,8.7,Brisbane Heat,JL Denly,JJ Peirson,TM Head,0,0,,,,,,"",""
ball,2,9.1,Brisbane Heat,JJ Peirson,JL Denly,DR Briggs,1,0,,,,,,"",""
ball,2,9.2,Brisbane Heat,JL Denly,JJ Peirson,DR Briggs,1,0,,,,,,"",""
ball,2,9.3,Brisbane Heat,JJ Peirson,JL Denly,DR Briggs,1,0,,,,,,"",""
ball,2,9.4,Brisbane Heat,JL Denly,JJ Peirson,DR Briggs,2,0,,,,,,"",""
ball,2,9.5,Brisbane Heat,JL Denly,JJ Peirson,DR Briggs,0,0,,,,,,"",""
ball,2,9.6,Brisbane Heat,JL Denly,JJ Peirson,DR Briggs,1,0,,,,,,"",""
ball,2,10.1,Brisbane Heat,JL Denly,JJ Peirson,MG Neser,1,0,,,,,,"",""
ball,2,10.2,Brisbane Heat,JJ Peirson,JL Denly,MG Neser,1,0,,,,,,"",""
ball,2,10.3,Brisbane Heat,JL Denly,JJ Peirson,MG Neser,1,0,,,,,,"",""
ball,2,10.4,Brisbane Heat,JJ Peirson,JL Denly,MG Neser,2,0,,,,,,"",""
ball,2,10.5,Brisbane Heat,JJ Peirson,JL Denly,MG Neser,1,0,,,,,,"",""
ball,2,10.6,Brisbane Heat,JL Denly,JJ Peirson,MG Neser,0,0,,,,,,"",""
ball,2,11.1,Brisbane Heat,JJ Peirson,JL Denly,PM Siddle,2,0,,,,,,"",""
ball,2,11.2,Brisbane Heat,JJ Peirson,JL Denly,PM Siddle,1,0,,,,,,"",""
ball,2,11.3,Brisbane Heat,JL Denly,JJ Peirson,PM Siddle,1,0,,,,,,"",""
ball,2,11.4,Brisbane Heat,JJ Peirson,JL Denly,PM Siddle,0,0,,,,,,"",""
ball,2,11.5,Brisbane Heat,JJ Peirson,JL Denly,PM Siddle,0,0,,,,,,"",""
ball,2,11.6,Brisbane Heat,JJ Peirson,JL Denly,PM Siddle,1,0,,,,,,"",""
ball,2,12.1,Brisbane Heat,JJ Peirson,JL Denly,MG Neser,1,0,,,,,,"",""
ball,2,12.2,Brisbane Heat,JL Denly,JJ Peirson,MG Neser,4,0,,,,,,"",""
ball,2,12.3,Brisbane Heat,JL Denly,JJ Peirson,MG Neser,0,1,1,,,,,"",""
ball,2,12.4,Brisbane Heat,JL Denly,JJ Peirson,MG Neser,1,0,,,,,,"",""
ball,2,12.5,Brisbane Heat,JJ Peirson,JL Denly,MG Neser,1,0,,,,,,"",""
ball,2,12.6,Brisbane Heat,JL Denly,JJ Peirson,MG Neser,1,0,,,,,,"",""
ball,2,12.7,Brisbane Heat,JJ Peirson,JL Denly,MG Neser,1,0,,,,,,"",""
ball,2,13.1,Brisbane Heat,JJ Peirson,JL Denly,DR Briggs,0,0,,,,,,"",""
ball,2,13.2,Brisbane Heat,JJ Peirson,JL Denly,DR Briggs,2,0,,,,,,"",""
ball,2,13.3,Brisbane Heat,JJ Peirson,JL Denly,DR Briggs,1,0,,,,,,"",""
ball,2,13.4,Brisbane Heat,JL Denly,JJ Peirson,DR Briggs,0,0,,,,,,caught,JL Denly
ball,2,13.5,Brisbane Heat,JA Burns,JJ Peirson,DR Briggs,0,0,,,,,,"",""
ball,2,13.6,Brisbane Heat,JA Burns,JJ Peirson,DR Briggs,0,0,,,,,,"",""
ball,2,14.1,Brisbane Heat,JJ Peirson,JA Burns,LN O'Connor,1,0,,,,,,"",""
ball,2,14.2,Brisbane Heat,JA Burns,JJ Peirson,LN O'Connor,1,0,,,,,,"",""
ball,2,14.3,Brisbane Heat,JJ Peirson,JA Burns,LN O'Connor,2,0,,,,,,"",""
ball,2,14.4,Brisbane Heat,JJ Peirson,JA Burns,LN O'Connor,1,0,,,,,,"",""
ball,2,14.5,Brisbane Heat,JA Burns,JJ Peirson,LN O'Connor,1,0,,,,,,"",""
ball,2,14.6,Brisbane Heat,JJ Peirson,JA Burns,LN O'Connor,0,0,,,,,,"",""
ball,2,15.1,Brisbane Heat,JA Burns,JJ Peirson,DR Briggs,0,0,,,,,,"",""
ball,2,15.2,Brisbane Heat,JA Burns,JJ Peirson,DR Briggs,0,0,,,,,,"",""
ball,2,15.3,Brisbane Heat,JA Burns,JJ Peirson,DR Briggs,0,0,,,,,,"",""
ball,2,15.4,Brisbane Heat,JA Burns,JJ Peirson,DR Briggs,1,0,,,,,,"",""
ball,2,15.5,Brisbane Heat,JJ Peirson,JA Burns,DR Briggs,1,0,,,,,,"",""
ball,2,15.6,Brisbane Heat,JA Burns,JJ Peirson,DR Briggs,1,0,,,,,,"",""
ball,2,16.1,Brisbane Heat,JA Burns,JJ Peirson,TM Head,0,0,,,,,,"",""
ball,2,16.2,Brisbane Heat,JA Burns,JJ Peirson,TM Head,4,0,,,,,,"",""
ball,2,16.3,Brisbane Heat,JA Burns,JJ Peirson,TM Head,1,0,,,,,,"",""
ball,2,16.4,Brisbane Heat,JJ Peirson,JA Burns,TM Head,1,0,,,,,,"",""
ball,2,16.5,Brisbane Heat,JA Burns,JJ Peirson,TM Head,1,0,,,,,,"",""
ball,2,16.6,Brisbane Heat,JJ Peirson,JA Burns,TM Head,1,0,,,,,,"",""
ball,2,17.1,Brisbane Heat,JJ Peirson,JA Burns,PM Siddle,0,1,,,,1,,"",""
ball,2,17.2,Brisbane Heat,JA Burns,JJ Peirson,PM Siddle,4,0,,,,,,"",""
ball,2,17.3,Brisbane Heat,JA Burns,JJ Peirson,PM Siddle,1,0,,,,,,"",""
ball,2,17.4,Brisbane Heat,JJ Peirson,JA Burns,PM Siddle,1,0,,,,,,"",""
ball,2,17.5,Brisbane Heat,JA Burns,JJ Peirson,PM Siddle,1,0,,,,,,"",""
ball,2,17.6,Brisbane Heat,JJ Peirson,JA Burns,PM Siddle,1,0,,,,,,"",""
ball,2,18.1,Brisbane Heat,JJ Peirson,JA Burns,WA Agar,1,0,,,,,,"",""
ball,2,18.2,Brisbane Heat,JA Burns,JJ Peirson,WA Agar,1,0,,,,,,"",""
ball,2,18.3,Brisbane Heat,JJ Peirson,JA Burns,WA Agar,4,0,,,,,,"",""
ball,2,18.4,Brisbane Heat,JJ Peirson,JA Burns,WA Agar,0,1,1,,,,,"",""
ball,2,18.5,Brisbane Heat,JJ Peirson,JA Burns,WA Agar,4,0,,,,,,"",""
ball,2,18.6,Brisbane Heat,JJ Peirson,JA Burns,WA Agar,2,0,,,,,,"",""
