version,1.6.0
info,balls_per_over,6
info,team,Sydney Thunder
info,team,Hobart Hurricanes
info,gender,male
info,season,2020/21
info,date,2021/01/18
info,event,Big Bash League
info,match_number,43
info,venue,Manuka Oval
info,city,Canberra
info,toss_winner,Hobart Hurricanes
info,toss_decision,field
info,player_of_match,BR McDermott
info,umpire,GJ Davidson
info,umpire,AK Wilds
info,reserve_umpire,SA Lightbody
info,tv_umpire,GA Abood
info,match_referee,RW Stratford
info,winner,Hobart Hurricanes
info,winner_wickets,6
info,player,Sydney Thunder,UT Khawaja
info,player,Sydney Thunder,AD Hales
info,player,Sydney Thunder,O Davies
info,player,Sydney Thunder,CJ Ferguson
info,player,Sydney Thunder,SW Billings
info,player,Sydney Thunder,BCJ Cutting
info,player,Sydney Thunder,DR Sams
info,player,Sydney Thunder,CJ Green
info,player,Sydney Thunder,N McAndrew
info,player,Sydney Thunder,AF Milne
info,player,Sydney Thunder,T Sangha
info,player,Hobart Hurricanes,WG Jacks
info,player,Hobart Hurricanes,DJM Short
info,player,Hobart Hurricanes,BR McDermott
info,player,Hobart Hurricanes,DJ Malan
info,player,Hobart Hurricanes,PSP Handscomb
info,player,Hobart Hurricanes,TH David
info,player,Hobart Hurricanes,MJ Owen
info,player,Hobart Hurricanes,NT Ellis
info,player,Hobart Hurricanes,SM Boland
info,player,Hobart Hurricanes,RP Meredith
info,player,Hobart Hurricanes,S Lamichhane
info,registry,people,AD Hales,92aeac25
info,registry,people,AF Milne,350bb1b1
info,registry,people,AK Wilds,de412f40
info,registry,people,BCJ Cutting,2e11c706
info,registry,people,BR McDermott,c41043e6
info,registry,people,CJ Ferguson,9b4935c8
info,registry,people,CJ Green,19b9f399
info,registry,people,DJ Malan,ad9c32a2
info,registry,people,DJM Short,1a156c88
info,registry,people,DR Sams,caf69bf7
info,registry,people,GA Abood,a4af5528
info,registry,people,GJ Davidson,31ad5973
info,registry,people,MJ Owen,f2c936d7
info,registry,people,N McAndrew,38c276e1
info,registry,people,NT Ellis,9eb1455b
info,registry,people,O Davies,0ea54eca
info,registry,people,PSP Handscomb,ada15e88
info,registry,people,RP Meredith,64775749
info,registry,people,RW Stratford,85489579
info,registry,people,S Lamichhane,b410bd3d
info,registry,people,SA Lightbody,680b8cbf
info,registry,people,SM Boland,d167edd3
info,registry,people,SW Billings,c16d4035
info,registry,people,T Sangha,52c952d9
info,registry,people,TH David,f1f99156
info,registry,people,UT Khawaja,331ea488
info,registry,people,WG Jacks,9caf69a1
ball,1,0.1,Sydney Thunder,UT Khawaja,AD Hales,RP Meredith,0,0,,,,,,"",""
ball,1,0.2,Sydney Thunder,UT Khawaja,AD Hales,RP Meredith,4,0,,,,,,"",""
ball,1,0.3,Sydney Thunder,UT Khawaja,AD Hales,RP Meredith,1,0,,,,,,"",""
ball,1,0.4,Sydney Thunder,AD Hales,UT Khawaja,RP Meredith,0,0,,,,,,"",""
ball,1,0.5,Sydney Thunder,AD Hales,UT Khawaja,RP Meredith,0,0,,,,,,"",""
ball,1,0.6,Sydney Thunder,AD Hales,UT Khawaja,RP Meredith,1,0,,,,,,"",""
ball,1,1.1,Sydney Thunder,AD Hales,UT Khawaja,SM Boland,0,0,,,,,,"",""
ball,1,1.2,Sydney Thunder,AD Hales,UT Khawaja,SM Boland,6,0,,,,,,"",""
ball,1,1.3,Sydney Thunder,AD Hales,UT Khawaja,SM Boland,2,0,,,,,,"",""
ball,1,1.4,Sydney Thunder,AD Hales,UT Khawaja,SM Boland,2,0,,,,,,"",""
ball,1,1.5,Sydney Thunder,AD Hales,UT Khawaja,SM Boland,4,0,,,,,,"",""
ball,1,1.6,Sydney Thunder,AD Hales,UT Khawaja,SM Boland,0,4,,,4,,,"",""
ball,1,2.1,Sydney Thunder,UT Khawaja,AD Hales,RP Meredith,1,0,,,,,,"",""
ball,1,2.2,Sydney Thunder,AD Hales,UT Khawaja,RP Meredith,1,0,,,,,,"",""
ball,1,2.3,Sydney Thunder,UT Khawaja,AD Hales,RP Meredith,1,0,,,,,,"",""
ball,1,2.4,Sydney Thunder,AD Hales,UT Khawaja,RP Meredith,4,0,,,,,,"",""
ball,1,2.5,Sydney Thunder,AD Hales,UT Khawaja,RP Meredith,1,0,,,,,,"",""
ball,1,2.6,Sydney Thunder,UT Khawaja,AD Hales,RP Meredith,0,0,,,,,,"",""
ball,1,3.1,Sydney Thunder,AD Hales,UT Khawaja,NT Ellis,1,0,,,,,,"",""
ball,1,3.2,Sydney Thunder,UT Khawaja,AD Hales,NT Ellis,0,1,1,,,,,"",""
ball,1,3.3,Sydney Thunder,UT Khawaja,AD Hales,NT Ellis,0,1,,,,1,,"",""
ball,1,3.4,Sydney Thunder,AD Hales,UT Khawaja,NT Ellis,0,0,,,,,,"",""
ball,1,3.5,Sydney Thunder,AD Hales,UT Khawaja,NT Ellis,1,0,,,,,,"",""
ball,1,3.6,Sydney Thunder,UT Khawaja,AD Hales,NT Ellis,4,0,,,,,,"",""
ball,1,3.7,Sydney Thunder,UT Khawaja,AD Hales,NT Ellis,0,0,,,,,,"",""
ball,1,4.1,Sydney Thunder,AD Hales,UT Khawaja,S Lamichhane,0,0,,,,,,"",""
ball,1,4.2,Sydney Thunder,AD Hales,UT Khawaja,S Lamichhane,1,0,,,,,,"",""
ball,1,4.3,Sydney Thunder,UT Khawaja,AD Hales,S Lamichhane,1,0,,,,,,"",""
ball,1,4.4,Sydney Thunder,AD Hales,UT Khawaja,S Lamichhane,0,1,1,,,,,"",""
ball,1,4.5,Sydney Thunder,AD Hales,UT Khawaja,S Lamichhane,1,0,,,,,,"",""
ball,1,4.6,Sydney Thunder,UT Khawaja,AD Hales,S Lamichhane,0,0,,,,,,"",""
ball,1,4.7,Sydney Thunder,UT Khawaja,AD Hales,S Lamichhane,0,2,,,,2,,"",""
ball,1,5.1,Sydney Thunder,AD Hales,UT Khawaja,DJM Short,1,0,,,,,,"",""
ball,1,5.2,Sydney Thunder,UT Khawaja,AD Hales,DJM Short,2,0,,,,,,"",""
ball,1,5.3,Sydney Thunder,UT Khawaja,AD Hales,DJM Short,0,0,,,,,,"",""
ball,1,5.4,Sydney Thunder,UT Khawaja,AD Hales,DJM Short,1,0,,,,,,"",""
ball,1,5.5,Sydney Thunder,AD Hales,UT Khawaja,DJM Short,1,0,,,,,,"",""
ball,1,5.6,Sydney Thunder,UT Khawaja,AD Hales,DJM Short,4,0,,,,,,"",""
ball,1,6.1,Sydney Thunder,AD Hales,UT Khawaja,S Lamichhane,1,0,,,,,,"",""
ball,1,6.2,Sydney Thunder,UT Khawaja,AD Hales,S Lamichhane,2,0,,,,,,"",""
ball,1,6.3,Sydney Thunder,UT Khawaja,AD Hales,S Lamichhane,0,0,,,,,,"",""
ball,1,6.4,Sydney Thunder,UT Khawaja,AD Hales,S Lamichhane,4,0,,,,,,"",""
ball,1,6.5,Sydney Thunder,UT Khawaja,AD Hales,S Lamichhane,1,0,,,,,,"",""
ball,1,6.6,Sydney Thunder,AD Hales,UT Khawaja,S Lamichhane,1,0,,,,,,"",""
ball,1,7.1,Sydney Thunder,AD Hales,UT Khawaja,SM Boland,0,0,,,,,,caught,AD Hales
ball,1,7.2,Sydney Thunder,UT Khawaja,O Davies,SM Boland,1,0,,,,,,"",""
ball,1,7.3,Sydney Thunder,O Davies,UT Khawaja,SM Boland,0,0,,,,,,caught,O Davies
ball,1,7.4,Sydney Thunder,CJ Ferguson,UT Khawaja,SM Boland,1,0,,,,,,"",""
ball,1,7.5,Sydney Thunder,UT Khawaja,CJ Ferguson,SM Boland,0,0,,,,,,bowled,UT Khawaja
ball,1,7.6,Sydney Thunder,SW Billings,CJ Ferguson,SM Boland,0,0,,,,,,"",""
ball,1,8.1,Sydney Thunder,CJ Ferguson,SW Billings,DJM Short,2,0,,,,,,"",""
ball,1,8.2,Sydney Thunder,CJ Ferguson,SW Billings,DJM Short,1,0,,,,,,"",""
ball,1,8.3,Sydney Thunder,SW Billings,CJ Ferguson,DJM Short,1,0,,,,,,"",""
ball,1,8.4,Sydney Thunder,CJ Ferguson,SW Billings,DJM Short,1,0,,,,,,"",""
ball,1,8.5,Sydney Thunder,SW Billings,CJ Ferguson,DJM Short,1,0,,,,,,"",""
ball,1,8.6,Sydney Thunder,CJ Ferguson,SW Billings,DJM Short,1,0,,,,,,"",""
ball,1,9.1,Sydney Thunder,CJ Ferguson,SW Billings,S Lamichhane,0,0,,,,,,"",""
ball,1,9.2,Sydney Thunder,CJ Ferguson,SW Billings,S Lamichhane,1,0,,,,,,"",""
ball,1,9.3,Sydney Thunder,SW Billings,CJ Ferguson,S Lamichhane,1,0,,,,,,"",""
ball,1,9.4,Sydney Thunder,CJ Ferguson,SW Billings,S Lamichhane,1,0,,,,,,"",""
ball,1,9.5,Sydney Thunder,SW Billings,CJ Ferguson,S Lamichhane,1,0,,,,,,"",""
ball,1,9.6,Sydney Thunder,CJ Ferguson,SW Billings,S Lamichhane,1,0,,,,,,"",""
ball,1,10.1,Sydney Thunder,CJ Ferguson,SW Billings,RP Meredith,1,0,,,,,,"",""
ball,1,10.2,Sydney Thunder,SW Billings,CJ Ferguson,RP Meredith,1,0,,,,,,"",""
ball,1,10.3,Sydney Thunder,CJ Ferguson,SW Billings,RP Meredith,1,0,,,,,,"",""
ball,1,10.4,Sydney Thunder,SW Billings,CJ Ferguson,RP Meredith,0,0,,,,,,"",""
ball,1,10.5,Sydney Thunder,SW Billings,CJ Ferguson,RP Meredith,2,0,,,,,,"",""
ball,1,10.6,Sydney Thunder,SW Billings,CJ Ferguson,RP Meredith,1,0,,,,,,"",""
ball,1,11.1,Sydney Thunder,SW Billings,CJ Ferguson,DJM Short,0,0,,,,,,"",""
ball,1,11.2,Sydney Thunder,SW Billings,CJ Ferguson,DJM Short,4,0,,,,,,"",""
ball,1,11.3,Sydney Thunder,SW Billings,CJ Ferguson,DJM Short,0,0,,,,,,"",""
ball,1,11.4,Sydney Thunder,SW Billings,CJ Ferguson,DJM Short,1,0,,,,,,"",""
ball,1,11.5,Sydney Thunder,CJ Ferguson,SW Billings,DJM Short,1,0,,,,,,"",""
ball,1,11.6,Sydney Thunder,SW Billings,CJ Ferguson,DJM Short,1,0,,,,,,"",""
ball,1,12.1,Sydney Thunder,SW Billings,CJ Ferguson,S Lamichhane,1,0,,,,,,"",""
ball,1,12.2,Sydney Thunder,CJ Ferguson,SW Billings,S Lamichhane,4,0,,,,,,"",""
ball,1,12.3,Sydney Thunder,CJ Ferguson,SW Billings,S Lamichhane,1,0,,,,,,"",""
ball,1,12.4,Sydney Thunder,SW Billings,CJ Ferguson,S Lamichhane,1,0,,,,,,"",""
ball,1,12.5,Sydney Thunder,CJ Ferguson,SW Billings,S Lamichhane,0,1,1,,,,,"",""
ball,1,12.6,Sydney Thunder,CJ Ferguson,SW Billings,S Lamichhane,0,0,,,,,,"",""
ball,1,12.7,Sydney Thunder,CJ Ferguson,SW Billings,S Lamichhane,0,1,1,,,,,"",""
ball,1,12.8,Sydney Thunder,CJ Ferguson,SW Billings,S Lamichhane,1,0,,,,,,"",""
ball,1,13.1,Sydney Thunder,CJ Ferguson,SW Billings,DJM Short,1,0,,,,,,"",""
ball,1,13.2,Sydney Thunder,SW Billings,CJ Ferguson,DJM Short,2,0,,,,,,"",""
ball,1,13.3,Sydney Thunder,SW Billings,CJ Ferguson,DJM Short,4,0,,,,,,"",""
ball,1,13.4,Sydney Thunder,SW Billings,CJ Ferguson,DJM Short,2,0,,,,,,"",""
ball,1,13.5,Sydney Thunder,SW Billings,CJ Ferguson,DJM Short,6,0,,,,,,"",""
ball,1,13.6,Sydney Thunder,SW Billings,CJ Ferguson,DJM Short,0,0,,,,,,"",""
ball,1,14.1,Sydney Thunder,CJ Ferguson,SW Billings,NT Ellis,0,0,,,,,,"",""
ball,1,14.2,Sydney Thunder,CJ Ferguson,SW Billings,NT Ellis,1,0,,,,,,"",""
ball,1,14.3,Sydney Thunder,SW Billings,CJ Ferguson,NT Ellis,4,0,,,,,,"",""
ball,1,14.4,Sydney Thunder,SW Billings,CJ Ferguson,NT Ellis,0,0,,,,,,"",""
ball,1,14.5,Sydney Thunder,SW Billings,CJ Ferguson,NT Ellis,1,0,,,,,,"",""
ball,1,14.6,Sydney Thunder,CJ Ferguson,SW Billings,NT Ellis,0,0,,,,,,"",""
ball,1,15.1,Sydney Thunder,SW Billings,CJ Ferguson,SM Boland,2,0,,,,,,"",""
ball,1,15.2,Sydney Thunder,SW Billings,CJ Ferguson,SM Boland,1,0,,,,,,"",""
ball,1,15.3,Sydney Thunder,CJ Ferguson,SW Billings,SM Boland,1,0,,,,,,"",""
ball,1,15.4,Sydney Thunder,SW Billings,CJ Ferguson,SM Boland,2,0,,,,,,"",""
ball,1,15.5,Sydney Thunder,SW Billings,CJ Ferguson,SM Boland,3,0,,,,,,"",""
ball,1,15.6,Sydney Thunder,CJ Ferguson,SW Billings,SM Boland,1,0,,,,,,"",""
ball,1,16.1,Sydney Thunder,CJ Ferguson,SW Billings,NT Ellis,1,0,,,,,,"",""
ball,1,16.2,Sydney Thunder,SW Billings,CJ Ferguson,NT Ellis,0,1,,,,1,,"",""
ball,1,16.3,Sydney Thunder,CJ Ferguson,SW Billings,NT Ellis,0,0,,,,,,bowled,CJ Ferguson
ball,1,16.4,Sydney Thunder,BCJ Cutting,SW Billings,NT Ellis,1,0,,,,,,"",""
ball,1,16.5,Sydney Thunder,SW Billings,BCJ Cutting,NT Ellis,0,0,,,,,,"",""
ball,1,16.6,Sydney Thunder,SW Billings,BCJ Cutting,NT Ellis,0,1,1,,,,,"",""
ball,1,16.7,Sydney Thunder,SW Billings,BCJ Cutting,NT Ellis,1,0,,,,,,"",""
ball,1,17.1,Sydney Thunder,SW Billings,BCJ Cutting,SM Boland,2,0,,,,,,"",""
ball,1,17.2,Sydney Thunder,SW Billings,BCJ Cutting,SM Boland,4,0,,,,,,"",""
ball,1,17.3,Sydney Thunder,SW Billings,BCJ Cutting,SM Boland,0,0,,,,,,caught,SW Billings
ball,1,17.4,Sydney Thunder,BCJ Cutting,DR Sams,SM Boland,4,0,,,,,,"",""
ball,1,17.5,Sydney Thunder,BCJ Cutting,DR Sams,SM Boland,4,0,,,,,,"",""
ball,1,17.6,Sydney Thunder,BCJ Cutting,DR Sams,SM Boland,0,1,1,,,,,"",""
ball,1,17.7,Sydney Thunder,BCJ Cutting,DR Sams,SM Boland,0,0,,,,,,"",""
ball,1,18.1,Sydney Thunder,DR Sams,BCJ Cutting,NT Ellis,0,1,1,,,,,"",""
ball,1,18.2,Sydney Thunder,DR Sams,BCJ Cutting,NT Ellis,6,0,,,,,,"",""
ball,1,18.3,Sydney Thunder,DR Sams,BCJ Cutting,NT Ellis,2,0,,,,,,"",""
ball,1,18.4,Sydney Thunder,DR Sams,BCJ Cutting,NT Ellis,2,0,,,,,,"",""
ball,1,18.5,Sydney Thunder,DR Sams,BCJ Cutting,NT Ellis,1,0,,,,,,"",""
ball,1,18.6,Sydney Thunder,BCJ Cutting,DR Sams,NT Ellis,0,1,1,,,,,"",""
ball,1,18.7,Sydney Thunder,BCJ Cutting,DR Sams,NT Ellis,4,0,,,,,,"",""
ball,1,18.8,Sydney Thunder,BCJ Cutting,DR Sams,NT Ellis,1,0,,,,,,"",""
ball,1,19.1,Sydney Thunder,BCJ Cutting,DR Sams,RP Meredith,0,0,,,,,,"",""
ball,1,19.2,Sydney Thunder,BCJ Cutting,DR Sams,RP Meredith,0,0,,,,,,"",""
ball,1,19.3,Sydney Thunder,BCJ Cutting,DR Sams,RP Meredith,1,0,,,,,,"",""
ball,1,19.4,Sydney Thunder,DR Sams,BCJ Cutting,RP Meredith,2,0,,,,,,"",""
ball,1,19.5,Sydney Thunder,DR Sams,BCJ Cutting,RP Meredith,3,0,,,,,,"",""
ball,1,19.6,Sydney Thunder,BCJ Cutting,DR Sams,RP Meredith,0,1,,,,1,,"",""
ball,2,0.1,Hobart Hurricanes,WG Jacks,DJM Short,AF Milne,0,0,,,,,,bowled,WG Jacks
ball,2,0.2,Hobart Hurricanes,BR McDermott,DJM Short,AF Milne,1,0,,,,,,"",""
ball,2,0.3,Hobart Hurricanes,DJM Short,BR McDermott,AF Milne,4,0,,,,,,"",""
ball,2,0.4,Hobart Hurricanes,DJM Short,BR McDermott,AF Milne,2,0,,,,,,"",""
ball,2,0.5,Hobart Hurricanes,DJM Short,BR McDermott,AF Milne,0,0,,,,,,"",""
ball,2,0.6,Hobart Hurricanes,DJM Short,BR McDermott,AF Milne,0,0,,,,,,"",""
ball,2,1.1,Hobart Hurricanes,BR McDermott,DJM Short,DR Sams,0,0,,,,,,"",""
ball,2,1.2,Hobart Hurricanes,BR McDermott,DJM Short,DR Sams,0,0,,,,,,"",""
ball,2,1.3,Hobart Hurricanes,BR McDermott,DJM Short,DR Sams,0,0,,,,,,"",""
ball,2,1.4,Hobart Hurricanes,BR McDermott,DJM Short,DR Sams,0,0,,,,,,"",""
ball,2,1.5,Hobart Hurricanes,BR McDermott,DJM Short,DR Sams,0,0,,,,,,"",""
ball,2,1.6,Hobart Hurricanes,BR McDermott,DJM Short,DR Sams,1,0,,,,,,"",""
ball,2,2.1,Hobart Hurricanes,BR McDermott,DJM Short,N McAndrew,0,0,,,,,,"",""
ball,2,2.2,Hobart Hurricanes,BR McDermott,DJM Short,N McAndrew,4,0,,,,,,"",""
ball,2,2.3,Hobart Hurricanes,BR McDermott,DJM Short,N McAndrew,1,0,,,,,,"",""
ball,2,2.4,Hobart Hurricanes,DJM Short,BR McDermott,N McAndrew,0,0,,,,,,caught,DJM Short
ball,2,2.5,Hobart Hurricanes,DJ Malan,BR McDermott,N McAndrew,1,0,,,,,,"",""
ball,2,2.6,Hobart Hurricanes,BR McDermott,DJ Malan,N McAndrew,4,0,,,,,,"",""
ball,2,3.1,Hobart Hurricanes,DJ Malan,BR McDermott,AF Milne,1,0,,,,,,"",""
ball,2,3.2,Hobart Hurricanes,BR McDermott,DJ Malan,AF Milne,1,0,,,,,,"",""
ball,2,3.3,Hobart Hurricanes,DJ Malan,BR McDermott,AF Milne,1,0,,,,,,"",""
ball,2,3.4,Hobart Hurricanes,BR McDermott,DJ Malan,AF Milne,0,0,,,,,,"",""
ball,2,3.5,Hobart Hurricanes,BR McDermott,DJ Malan,AF Milne,1,0,,,,,,"",""
ball,2,3.6,Hobart Hurricanes,DJ Malan,BR McDermott,AF Milne,0,1,1,,,,,"",""
ball,2,3.7,Hobart Hurricanes,DJ Malan,BR McDermott,AF Milne,4,0,,,,,,"",""
ball,2,4.1,Hobart Hurricanes,BR McDermott,DJ Malan,BCJ Cutting,0,0,,,,,,"",""
ball,2,4.2,Hobart Hurricanes,BR McDermott,DJ Malan,BCJ Cutting,1,0,,,,,,"",""
ball,2,4.3,Hobart Hurricanes,DJ Malan,BR McDermott,BCJ Cutting,1,0,,,,,,"",""
ball,2,4.4,Hobart Hurricanes,BR McDermott,DJ Malan,BCJ Cutting,1,0,,,,,,"",""
ball,2,4.5,Hobart Hurricanes,DJ Malan,BR McDermott,BCJ Cutting,1,0,,,,,,"",""
ball,2,4.6,Hobart Hurricanes,BR McDermott,DJ Malan,BCJ Cutting,1,0,,,,,,"",""
ball,2,5.1,Hobart Hurricanes,BR McDermott,DJ Malan,T Sangha,1,0,,,,,,"",""
ball,2,5.2,Hobart Hurricanes,DJ Malan,BR McDermott,T Sangha,6,0,,,,,,"",""
ball,2,5.3,Hobart Hurricanes,DJ Malan,BR McDermott,T Sangha,0,0,,,,,,"",""
ball,2,5.4,Hobart Hurricanes,DJ Malan,BR McDermott,T Sangha,1,0,,,,,,"",""
ball,2,5.5,Hobart Hurricanes,BR McDermott,DJ Malan,T Sangha,4,0,,,,,,"",""
ball,2,5.6,Hobart Hurricanes,BR McDermott,DJ Malan,T Sangha,1,0,,,,,,"",""
ball,2,6.1,Hobart Hurricanes,BR McDermott,DJ Malan,N McAndrew,1,0,,,,,,"",""
ball,2,6.2,Hobart Hurricanes,DJ Malan,BR McDermott,N McAndrew,4,0,,,,,,"",""
ball,2,6.3,Hobart Hurricanes,DJ Malan,BR McDermott,N McAndrew,2,0,,,,,,"",""
ball,2,6.4,Hobart Hurricanes,DJ Malan,BR McDermott,N McAndrew,1,0,,,,,,"",""
ball,2,6.5,Hobart Hurricanes,BR McDermott,DJ Malan,N McAndrew,0,0,,,,,,"",""
ball,2,6.6,Hobart Hurricanes,BR McDermott,DJ Malan,N McAndrew,6,0,,,,,,"",""
ball,2,7.1,Hobart Hurricanes,DJ Malan,BR McDermott,CJ Green,1,0,,,,,,"",""
ball,2,7.2,Hobart Hurricanes,BR McDermott,DJ Malan,CJ Green,1,0,,,,,,"",""
ball,2,7.3,Hobart Hurricanes,DJ Malan,BR McDermott,CJ Green,0,0,,,,,,"",""
ball,2,7.4,Hobart Hurricanes,DJ Malan,BR McDermott,CJ Green,1,0,,,,,,"",""
ball,2,7.5,Hobart Hurricanes,BR McDermott,DJ Malan,CJ Green,4,0,,,,,,"",""
ball,2,7.6,Hobart Hurricanes,BR McDermott,DJ Malan,CJ Green,0,0,,,,,,"",""
ball,2,8.1,Hobart Hurricanes,DJ Malan,BR McDermott,BCJ Cutting,1,0,,,,,,"",""
ball,2,8.2,Hobart Hurricanes,BR McDermott,DJ Malan,BCJ Cutting,0,0,,,,,,"",""
ball,2,8.3,Hobart Hurricanes,BR McDermott,DJ Malan,BCJ Cutting,2,0,,,,,,"",""
ball,2,8.4,Hobart Hurricanes,BR McDermott,DJ Malan,BCJ Cutting,1,0,,,,,,"",""
ball,2,8.5,Hobart Hurricanes,DJ Malan,BR McDermott,BCJ Cutting,2,0,,,,,,"",""
ball,2,8.6,Hobart Hurricanes,DJ Malan,BR McDermott,BCJ Cutting,1,0,,,,,,"",""
ball,2,9.1,Hobart Hurricanes,DJ Malan,BR McDermott,DR Sams,1,0,,,,,,"",""
ball,2,9.2,Hobart Hurricanes,BR McDermott,DJ Malan,DR Sams,2,0,,,,,,"",""
ball,2,9.3,Hobart Hurricanes,BR McDermott,DJ Malan,DR Sams,1,0,,,,,,"",""
ball,2,9.4,Hobart Hurricanes,DJ Malan,BR McDermott,DR Sams,1,0,,,,,,"",""
ball,2,9.5,Hobart Hurricanes,BR McDermott,DJ Malan,DR Sams,4,0,,,,,,"",""
ball,2,9.6,Hobart Hurricanes,BR McDermott,DJ Malan,DR Sams,2,0,,,,,,"",""
ball,2,10.1,Hobart Hurricanes,DJ Malan,BR McDermott,AF Milne,4,0,,,,,,"",""
ball,2,10.2,Hobart Hurricanes,DJ Malan,BR McDermott,AF Milne,0,1,1,,,,,"",""
ball,2,10.3,Hobart Hurricanes,DJ Malan,BR McDermott,AF Milne,1,0,,,,,,"",""
ball,2,10.4,Hobart Hurricanes,BR McDermott,DJ Malan,AF Milne,0,0,,,,,,"",""
ball,2,10.5,Hobart Hurricanes,BR McDermott,DJ Malan,AF Milne,1,0,,,,,,"",""
ball,2,10.6,Hobart Hurricanes,DJ Malan,BR McDermott,AF Milne,1,0,,,,,,"",""
ball,2,10.7,Hobart Hurricanes,BR McDermott,DJ Malan,AF Milne,4,0,,,,,,"",""
ball,2,11.1,Hobart Hurricanes,DJ Malan,BR McDermott,DR Sams,0,1,,,,1,,"",""
ball,2,11.2,Hobart Hurricanes,BR McDermott,DJ Malan,DR Sams,6,0,,,,,,"",""
ball,2,11.3,Hobart Hurricanes,BR McDermott,DJ Malan,DR Sams,0,0,,,,,,"",""
ball,2,11.4,Hobart Hurricanes,BR McDermott,DJ Malan,DR Sams,6,0,,,,,,"",""
ball,2,11.5,Hobart Hurricanes,BR McDermott,DJ Malan,DR Sams,0,1,1,,,,,"",""
ball,2,11.6,Hobart Hurricanes,BR McDermott,DJ Malan,DR Sams,0,1,1,,,,,"",""
ball,2,11.7,Hobart Hurricanes,BR McDermott,DJ Malan,DR Sams,4,0,,,,,,"",""
ball,2,11.8,Hobart Hurricanes,BR McDermott,DJ Malan,DR Sams,0,0,,,,,,"",""
ball,2,12.1,Hobart Hurricanes,DJ Malan,BR McDermott,T Sangha,0,1,1,,,,,"",""
ball,2,12.2,Hobart Hurricanes,DJ Malan,BR McDermott,T Sangha,0,0,,,,,,"",""
ball,2,12.3,Hobart Hurricanes,DJ Malan,BR McDermott,T Sangha,1,0,,,,,,"",""
ball,2,12.4,Hobart Hurricanes,BR McDermott,DJ Malan,T Sangha,1,0,,,,,,"",""
ball,2,12.5,Hobart Hurricanes,DJ Malan,BR McDermott,T Sangha,4,0,,,,,,"",""
ball,2,12.6,Hobart Hurricanes,DJ Malan,BR McDermott,T Sangha,0,0,,,,,,caught,DJ Malan
ball,2,12.7,Hobart Hurricanes,PSP Handscomb,BR McDermott,T Sangha,0,0,,,,,,"",""
ball,2,13.1,Hobart Hurricanes,BR McDermott,PSP Handscomb,BCJ Cutting,1,0,,,,,,"",""
ball,2,13.2,Hobart Hurricanes,PSP Handscomb,BR McDermott,BCJ Cutting,0,1,,,,1,,"",""
ball,2,13.3,Hobart Hurricanes,BR McDermott,PSP Handscomb,BCJ Cutting,1,0,,,,,,"",""
ball,2,13.4,Hobart Hurricanes,PSP Handscomb,BR McDermott,BCJ Cutting,2,0,,,,,,"",""
ball,2,13.5,Hobart Hurricanes,PSP Handscomb,BR McDermott,BCJ Cutting,0,0,,,,,,"",""
ball,2,13.6,Hobart Hurricanes,PSP Handscomb,BR McDermott,BCJ Cutting,6,0,,,,,,"",""
ball,2,14.1,Hobart Hurricanes,BR McDermott,PSP Handscomb,T Sangha,0,1,1,,,,,"",""
ball,2,14.2,Hobart Hurricanes,BR McDermott,PSP Handscomb,T Sangha,1,0,,,,,,"",""
ball,2,14.3,Hobart Hurricanes,PSP Handscomb,BR McDermott,T Sangha,0,0,,,,,,"",""
ball,2,14.4,Hobart Hurricanes,PSP Handscomb,BR McDermott,T Sangha,1,0,,,,,,"",""
ball,2,14.5,Hobart Hurricanes,BR McDermott,PSP Handscomb,T Sangha,4,0,,,,,,"",""
ball,2,14.6,Hobart Hurricanes,BR McDermott,PSP Handscomb,T Sangha,2,0,,,,,,"",""
ball,2,14.7,Hobart Hurricanes,BR McDermott,PSP Handscomb,T Sangha,0,0,,,,,,"",""
ball,2,15.1,Hobart Hurricanes,PSP Handscomb,BR McDermott,CJ Green,0,1,1,,,,,"",""
ball,2,15.2,Hobart Hurricanes,PSP Handscomb,BR McDermott,CJ Green,2,0,,,,,,"",""
ball,2,15.3,Hobart Hurricanes,PSP Handscomb,BR McDermott,CJ Green,1,0,,,,,,"",""
ball,2,15.4,Hobart Hurricanes,BR McDermott,PSP Handscomb,CJ Green,6,0,,,,,,"",""
ball,2,15.5,Hobart Hurricanes,BR McDermott,PSP Handscomb,CJ Green,2,0,,,,,,"",""
ball,2,15.6,Hobart Hurricanes,BR McDermott,PSP Handscomb,CJ Green,2,0,,,,,,"",""
ball,2,15.7,Hobart Hurricanes,BR McDermott,PSP Handscomb,CJ Green,1,0,,,,,,"",""
ball,2,16.1,Hobart Hurricanes,BR McDermott,PSP Handscomb,T Sangha,6,0,,,,,,"",""
ball,2,16.2,Hobart Hurricanes,BR McDermott,PSP Handscomb,T Sangha,2,0,,,,,,"",""
ball,2,16.3,Hobart Hurricanes,BR McDermott,PSP Handscomb,T Sangha,0,0,,,,,,caught,BR McDermott
ball,2,16.4,Hobart Hurricanes,TH David,PSP Handscomb,T Sangha,1,0,,,,,,"",""
ball,2,16.5,Hobart Hurricanes,PSP Handscomb,TH David,T Sangha,1,0,,,,,,"",""
ball,2,16.6,Hobart Hurricanes,TH David,PSP Handscomb,T Sangha,6,0,,,,,,"",""
ball,2,17.1,Hobart Hurricanes,PSP Handscomb,TH David,AF Milne,0,0,,,,,,"",""
ball,2,17.2,Hobart Hurricanes,PSP Handscomb,TH David,AF Milne,0,0,,,,,,"",""
ball,2,17.3,Hobart Hurricanes,PSP Handscomb,TH David,AF Milne,0,0,,,,,,"",""
ball,2,17.4,Hobart Hurricanes,PSP Handscomb,TH David,AF Milne,0,0,,,,,,"",""
ball,2,17.5,Hobart Hurricanes,PSP Handscomb,TH David,AF Milne,4,0,,,,,,"",""
ball,2,17.6,Hobart Hurricanes,PSP Handscomb,TH David,AF Milne,4,0,,,,,,"",""
