version,1.6.0
info,balls_per_over,6
info,team,Brisbane Heat
info,team,Perth Scorchers
info,gender,male
info,season,2020/21
info,date,2021/01/26
info,event,Big Bash League
info,match_number,54
info,venue,Adelaide Oval
info,city,Adelaide
info,toss_winner,Perth Scorchers
info,toss_decision,field
info,player_of_match,M Labuschagne
info,umpire,GJ Davidson
info,umpire,AK Wilds
info,reserve_umpire,NR Johnstone
info,match_referee,SJ Davis
info,winner,Brisbane Heat
info,winner_runs,6
info,player,Brisbane Heat,XC Bartlett
info,player,Brisbane Heat,CA Lynn
info,player,Brisbane Heat,M Bryant
info,player,Brisbane Heat,M Labuschagne
info,player,Brisbane Heat,JL Denly
info,player,Brisbane Heat,JA Burns
info,player,Brisbane Heat,L Gregory
info,player,Brisbane Heat,JJ Peirson
info,player,Brisbane Heat,JD Wildermuth
info,player,Brisbane Heat,MT Steketee
info,player,Brisbane Heat,MJ Swepson
info,player,Brisbane Heat,B Laughlin
info,player,Perth Scorchers,JJ Roy
info,player,Perth Scorchers,LS Livingstone
info,player,Perth Scorchers,C Munro
info,player,Perth Scorchers,JP Inglis
info,player,Perth Scorchers,MR Marsh
info,player,Perth Scorchers,AJ Turner
info,player,Perth Scorchers,AM Hardie
info,player,Perth Scorchers,JA Richardson
info,player,Perth Scorchers,AJ Tye
info,player,Perth Scorchers,JP Behrendorff
info,player,Perth Scorchers,Fawad Ahmed
info,registry,people,AJ Turner,ff1e12a0
info,registry,people,AJ Tye,7c7d63a2
info,registry,people,AK Wilds,de412f40
info,registry,people,AM Hardie,d405c0d5
info,registry,people,B Laughlin,b2a79f17
info,registry,people,C Munro,af2c687b
info,registry,people,CA Lynn,45eda7c8
info,registry,people,Fawad Ahmed,22ae3041
info,registry,people,GJ Davidson,31ad5973
info,registry,people,JA Burns,7a5f232a
info,registry,people,JA Richardson,1ee08e9a
info,registry,people,JD Wildermuth,f1c61793
info,registry,people,JJ Peirson,2b55c3b4
info,registry,people,JJ Roy,d1c36f5c
info,registry,people,JL Denly,bdadf7da
info,registry,people,JP Behrendorff,4933f499
info,registry,people,JP Inglis,989889ff
info,registry,people,L Gregory,06c2de82
info,registry,people,LS Livingstone,50c6bc2b
info,registry,people,M Bryant,f32012f4
info,registry,people,M Labuschagne,fa433be6
info,registry,people,MJ Swepson,86b4bf88
info,registry,people,MR Marsh,3d8feaf8
info,registry,people,MT Steketee,903560ed
info,registry,people,NR Johnstone,ce274b6a
info,registry,people,SJ Davis,bc71b0b2
info,registry,people,XC Bartlett,3b53243a
ball,1,0.1,Brisbane Heat,CA Lynn,M Bryant,JA Richardson,2,0,,,,,,"",""
ball,1,0.2,Brisbane Heat,CA Lynn,M Bryant,JA Richardson,0,3,3,,,,,"",""
ball,1,0.3,Brisbane Heat,CA Lynn,M Bryant,JA Richardson,1,0,,,,,,"",""
ball,1,0.4,Brisbane Heat,M Bryant,CA Lynn,JA Richardson,0,5,5,,,,,"",""
ball,1,0.5,Brisbane Heat,M Bryant,CA Lynn,JA Richardson,1,0,,,,,,"",""
ball,1,0.6,Brisbane Heat,CA Lynn,M Bryant,JA Richardson,0,0,,,,,,"",""
ball,1,0.7,Brisbane Heat,CA Lynn,M Bryant,JA Richardson,1,0,,,,,,"",""
ball,1,0.8,Brisbane Heat,M Bryant,CA Lynn,JA Richardson,1,0,,,,,,"",""
ball,1,1.1,Brisbane Heat,M Bryant,CA Lynn,JP Behrendorff,0,0,,,,,,"",""
ball,1,1.2,Brisbane Heat,M Bryant,CA Lynn,JP Behrendorff,1,0,,,,,,"",""
ball,1,1.3,Brisbane Heat,CA Lynn,M Bryant,JP Behrendorff,1,0,,,,,,"",""
ball,1,1.4,Brisbane Heat,M Bryant,CA Lynn,JP Behrendorff,0,0,,,,,,"",""
ball,1,1.5,Brisbane Heat,M Bryant,CA Lynn,JP Behrendorff,0,0,,,,,,caught,M Bryant
ball,1,1.6,Brisbane Heat,M Labuschagne,CA Lynn,JP Behrendorff,0,0,,,,,,"",""
ball,1,2.1,Brisbane Heat,CA Lynn,M Labuschagne,JA Richardson,6,0,,,,,,"",""
ball,1,2.2,Brisbane Heat,CA Lynn,M Labuschagne,JA Richardson,1,0,,,,,,"",""
ball,1,2.3,Brisbane Heat,M Labuschagne,CA Lynn,JA Richardson,0,0,,,,,,"",""
ball,1,2.4,Brisbane Heat,M Labuschagne,CA Lynn,JA Richardson,0,0,,,,,,"",""
ball,1,2.5,Brisbane Heat,M Labuschagne,CA Lynn,JA Richardson,1,0,,,,,,"",""
ball,1,2.6,Brisbane Heat,CA Lynn,M Labuschagne,JA Richardson,4,0,,,,,,"",""
ball,1,3.1,Brisbane Heat,M Labuschagne,CA Lynn,JP Behrendorff,0,0,,,,,,"",""
ball,1,3.2,Brisbane Heat,M Labuschagne,CA Lynn,JP Behrendorff,1,0,,,,,,"",""
ball,1,3.3,Brisbane Heat,CA Lynn,M Labuschagne,JP Behrendorff,0,0,,,,,,"",""
ball,1,3.4,Brisbane Heat,CA Lynn,M Labuschagne,JP Behrendorff,6,0,,,,,,"",""
ball,1,3.5,Brisbane Heat,CA Lynn,M Labuschagne,JP Behrendorff,0,0,,,,,,"",""
ball,1,3.6,Brisbane Heat,CA Lynn,M Labuschagne,JP Behrendorff,0,0,,,,,,"",""
ball,1,4.1,Brisbane Heat,M Labuschagne,CA Lynn,Fawad Ahmed,4,0,,,,,,"",""
ball,1,4.2,Brisbane Heat,M Labuschagne,CA Lynn,Fawad Ahmed,1,0,,,,,,"",""
ball,1,4.3,Brisbane Heat,CA Lynn,M Labuschagne,Fawad Ahmed,2,0,,,,,,"",""
ball,1,4.4,Brisbane Heat,CA Lynn,M Labuschagne,Fawad Ahmed,0,0,,,,,,"",""
ball,1,4.5,Brisbane Heat,CA Lynn,M Labuschagne,Fawad Ahmed,4,0,,,,,,"",""
ball,1,4.6,Brisbane Heat,CA Lynn,M Labuschagne,Fawad Ahmed,0,0,,,,,,"",""
ball,1,5.1,Brisbane Heat,M Labuschagne,CA Lynn,LS Livingstone,0,0,,,,,,"",""
ball,1,5.2,Brisbane Heat,M Labuschagne,CA Lynn,LS Livingstone,1,0,,,,,,"",""
ball,1,5.3,Brisbane Heat,CA Lynn,M Labuschagne,LS Livingstone,1,0,,,,,,"",""
ball,1,5.4,Brisbane Heat,M Labuschagne,CA Lynn,LS Livingstone,1,0,,,,,,"",""
ball,1,5.5,Brisbane Heat,CA Lynn,M Labuschagne,LS Livingstone,0,0,,,,,,"",""
ball,1,5.6,Brisbane Heat,CA Lynn,M Labuschagne,LS Livingstone,4,0,,,,,,"",""
ball,1,6.1,Brisbane Heat,M Labuschagne,CA Lynn,Fawad Ahmed,1,0,,,,,,"",""
ball,1,6.2,Brisbane Heat,CA Lynn,M Labuschagne,Fawad Ahmed,0,0,,,,,,"",""
ball,1,6.3,Brisbane Heat,CA Lynn,M Labuschagne,Fawad Ahmed,6,0,,,,,,"",""
ball,1,6.4,Brisbane Heat,CA Lynn,M Labuschagne,Fawad Ahmed,6,0,,,,,,"",""
ball,1,6.5,Brisbane Heat,CA Lynn,M Labuschagne,Fawad Ahmed,0,1,1,,,,,"",""
ball,1,6.6,Brisbane Heat,CA Lynn,M Labuschagne,Fawad Ahmed,4,0,,,,,,"",""
ball,1,6.7,Brisbane Heat,CA Lynn,M Labuschagne,Fawad Ahmed,2,0,,,,,,"",""
ball,1,7.1,Brisbane Heat,M Labuschagne,CA Lynn,LS Livingstone,1,0,,,,,,"",""
ball,1,7.2,Brisbane Heat,CA Lynn,M Labuschagne,LS Livingstone,0,0,,,,,,caught,CA Lynn
ball,1,7.3,Brisbane Heat,M Labuschagne,JL Denly,LS Livingstone,1,0,,,,,,"",""
ball,1,7.4,Brisbane Heat,JL Denly,M Labuschagne,LS Livingstone,1,0,,,,,,"",""
ball,1,7.5,Brisbane Heat,M Labuschagne,JL Denly,LS Livingstone,2,0,,,,,,"",""
ball,1,7.6,Brisbane Heat,M Labuschagne,JL Denly,LS Livingstone,4,0,,,,,,"",""
ball,1,8.1,Brisbane Heat,JL Denly,M Labuschagne,AJ Tye,0,0,,,,,,"",""
ball,1,8.2,Brisbane Heat,JL Denly,M Labuschagne,AJ Tye,0,0,,,,,,"",""
ball,1,8.3,Brisbane Heat,JL Denly,M Labuschagne,AJ Tye,1,0,,,,,,"",""
ball,1,8.4,Brisbane Heat,M Labuschagne,JL Denly,AJ Tye,1,0,,,,,,"",""
ball,1,8.5,Brisbane Heat,JL Denly,M Labuschagne,AJ Tye,0,0,,,,,,"",""
ball,1,8.6,Brisbane Heat,JL Denly,M Labuschagne,AJ Tye,4,0,,,,,,"",""
ball,1,9.1,Brisbane Heat,M Labuschagne,JL Denly,AM Hardie,1,0,,,,,,"",""
ball,1,9.2,Brisbane Heat,JL Denly,M Labuschagne,AM Hardie,4,0,,,,,,"",""
ball,1,9.3,Brisbane Heat,JL Denly,M Labuschagne,AM Hardie,0,0,,,,,,"",""
ball,1,9.4,Brisbane Heat,JL Denly,M Labuschagne,AM Hardie,0,0,,,,,,"",""
ball,1,9.5,Brisbane Heat,JL Denly,M Labuschagne,AM Hardie,1,0,,,,,,"",""
ball,1,9.6,Brisbane Heat,M Labuschagne,JL Denly,AM Hardie,2,0,,,,,,"",""
ball,1,10.1,Brisbane Heat,JL Denly,M Labuschagne,AJ Tye,0,0,,,,,,caught,JL Denly
ball,1,10.2,Brisbane Heat,M Labuschagne,JA Burns,AJ Tye,0,0,,,,,,"",""
ball,1,10.3,Brisbane Heat,M Labuschagne,JA Burns,AJ Tye,1,0,,,,,,"",""
ball,1,10.4,Brisbane Heat,JA Burns,M Labuschagne,AJ Tye,1,0,,,,,,"",""
ball,1,10.5,Brisbane Heat,M Labuschagne,JA Burns,AJ Tye,1,0,,,,,,"",""
ball,1,10.6,Brisbane Heat,JA Burns,M Labuschagne,AJ Tye,1,0,,,,,,"",""
ball,1,11.1,Brisbane Heat,JA Burns,M Labuschagne,JP Behrendorff,0,0,,,,,,caught,JA Burns
ball,1,11.2,Brisbane Heat,L Gregory,M Labuschagne,JP Behrendorff,0,0,,,,,,"",""
ball,1,11.3,Brisbane Heat,L Gregory,M Labuschagne,JP Behrendorff,1,0,,,,,,"",""
ball,1,11.4,Brisbane Heat,M Labuschagne,L Gregory,JP Behrendorff,1,0,,,,,,"",""
ball,1,11.5,Brisbane Heat,L Gregory,M Labuschagne,JP Behrendorff,0,0,,,,,,"",""
ball,1,11.6,Brisbane Heat,L Gregory,M Labuschagne,JP Behrendorff,0,0,,,,,,"",""
ball,1,12.1,Brisbane Heat,M Labuschagne,L Gregory,AM Hardie,1,0,,,,,,"",""
ball,1,12.2,Brisbane Heat,L Gregory,M Labuschagne,AM Hardie,2,0,,,,,,"",""
ball,1,12.3,Brisbane Heat,L Gregory,M Labuschagne,AM Hardie,0,0,,,,,,"",""
ball,1,12.4,Brisbane Heat,L Gregory,M Labuschagne,AM Hardie,2,0,,,,,,"",""
ball,1,12.5,Brisbane Heat,L Gregory,M Labuschagne,AM Hardie,1,0,,,,,,"",""
ball,1,12.6,Brisbane Heat,M Labuschagne,L Gregory,AM Hardie,1,0,,,,,,"",""
ball,1,13.1,Brisbane Heat,M Labuschagne,L Gregory,Fawad Ahmed,1,0,,,,,,"",""
ball,1,13.2,Brisbane Heat,L Gregory,M Labuschagne,Fawad Ahmed,4,0,,,,,,"",""
ball,1,13.3,Brisbane Heat,L Gregory,M Labuschagne,Fawad Ahmed,1,0,,,,,,"",""
ball,1,13.4,Brisbane Heat,M Labuschagne,L Gregory,Fawad Ahmed,1,0,,,,,,"",""
ball,1,13.5,Brisbane Heat,L Gregory,M Labuschagne,Fawad Ahmed,1,0,,,,,,"",""
ball,1,13.6,Brisbane Heat,M Labuschagne,L Gregory,Fawad Ahmed,1,0,,,,,,"",""
ball,1,14.1,Brisbane Heat,M Labuschagne,L Gregory,JP Behrendorff,4,0,,,,,,"",""
ball,1,14.2,Brisbane Heat,M Labuschagne,L Gregory,JP Behrendorff,6,0,,,,,,"",""
ball,1,14.3,Brisbane Heat,M Labuschagne,L Gregory,JP Behrendorff,1,0,,,,,,"",""
ball,1,14.4,Brisbane Heat,L Gregory,M Labuschagne,JP Behrendorff,1,0,,,,,,"",""
ball,1,14.5,Brisbane Heat,M Labuschagne,L Gregory,JP Behrendorff,1,0,,,,,,"",""
ball,1,14.6,Brisbane Heat,L Gregory,M Labuschagne,JP Behrendorff,6,0,,,,,,"",""
ball,1,15.1,Brisbane Heat,M Labuschagne,L Gregory,Fawad Ahmed,1,0,,,,,,"",""
ball,1,15.2,Brisbane Heat,L Gregory,M Labuschagne,Fawad Ahmed,4,0,,,,,,"",""
ball,1,15.3,Brisbane Heat,L Gregory,M Labuschagne,Fawad Ahmed,4,0,,,,,,"",""
ball,1,15.4,Brisbane Heat,L Gregory,M Labuschagne,Fawad Ahmed,2,0,,,,,,"",""
ball,1,15.5,Brisbane Heat,L Gregory,M Labuschagne,Fawad Ahmed,0,0,,,,,,"",""
ball,1,15.6,Brisbane Heat,L Gregory,M Labuschagne,Fawad Ahmed,1,0,,,,,,"",""
ball,1,16.1,Brisbane Heat,L Gregory,M Labuschagne,JA Richardson,4,0,,,,,,"",""
ball,1,16.2,Brisbane Heat,L Gregory,M Labuschagne,JA Richardson,1,0,,,,,,"",""
ball,1,16.3,Brisbane Heat,M Labuschagne,L Gregory,JA Richardson,0,0,,,,,,"",""
ball,1,16.4,Brisbane Heat,M Labuschagne,L Gregory,JA Richardson,1,0,,,,,,"",""
ball,1,16.5,Brisbane Heat,L Gregory,M Labuschagne,JA Richardson,0,0,,,,,,"",""
ball,1,16.6,Brisbane Heat,L Gregory,M Labuschagne,JA Richardson,1,0,,,,,,"",""
ball,1,17.1,Brisbane Heat,L Gregory,M Labuschagne,AJ Tye,0,0,,,,,,bowled,L Gregory
ball,1,17.2,Brisbane Heat,JJ Peirson,M Labuschagne,AJ Tye,0,1,,,,1,,"",""
ball,1,17.3,Brisbane Heat,M Labuschagne,JJ Peirson,AJ Tye,1,0,,,,,,"",""
ball,1,17.4,Brisbane Heat,JJ Peirson,M Labuschagne,AJ Tye,1,0,,,,,,"",""
ball,1,17.5,Brisbane Heat,M Labuschagne,JJ Peirson,AJ Tye,1,0,,,,,,"",""
ball,1,17.6,Brisbane Heat,JJ Peirson,M Labuschagne,AJ Tye,0,0,,,,,,"",""
ball,1,18.1,Brisbane Heat,M Labuschagne,JJ Peirson,JA Richardson,0,0,,,,,,caught,M Labuschagne
ball,1,18.2,Brisbane Heat,JJ Peirson,JD Wildermuth,JA Richardson,4,0,,,,,,"",""
ball,1,18.3,Brisbane Heat,JJ Peirson,JD Wildermuth,JA Richardson,1,0,,,,,,"",""
ball,1,18.4,Brisbane Heat,JD Wildermuth,JJ Peirson,JA Richardson,1,0,,,,,,"",""
ball,1,18.5,Brisbane Heat,JJ Peirson,JD Wildermuth,JA Richardson,4,0,,,,,,"",""
ball,1,18.6,Brisbane Heat,JJ Peirson,JD Wildermuth,JA Richardson,1,0,,,,,,run out,JD Wildermuth
ball,1,19.1,Brisbane Heat,MT Steketee,JJ Peirson,AJ Tye,2,0,,,,,,"",""
ball,1,19.2,Brisbane Heat,MT Steketee,JJ Peirson,AJ Tye,0,0,,,,,,"",""
ball,1,19.3,Brisbane Heat,MT Steketee,JJ Peirson,AJ Tye,1,0,,,,,,"",""
ball,1,19.4,Brisbane Heat,JJ Peirson,MT Steketee,AJ Tye,4,0,,,,,,"",""
ball,1,19.5,Brisbane Heat,JJ Peirson,MT Steketee,AJ Tye,1,0,,,,,,"",""
ball,1,19.6,Brisbane Heat,MT Steketee,JJ Peirson,AJ Tye,2,0,,,,,,"",""
ball,2,0.1,Perth Scorchers,JJ Roy,LS Livingstone,JD Wildermuth,1,0,,,,,,"",""
ball,2,0.2,Perth Scorchers,LS Livingstone,JJ Roy,JD Wildermuth,0,0,,,,,,"",""
ball,2,0.3,Perth Scorchers,LS Livingstone,JJ Roy,JD Wildermuth,4,0,,,,,,"",""
ball,2,0.4,Perth Scorchers,LS Livingstone,JJ Roy,JD Wildermuth,0,0,,,,,,"",""
ball,2,0.5,Perth Scorchers,LS Livingstone,JJ Roy,JD Wildermuth,4,0,,,,,,"",""
ball,2,0.6,Perth Scorchers,LS Livingstone,JJ Roy,JD Wildermuth,1,0,,,,,,"",""
ball,2,1.1,Perth Scorchers,LS Livingstone,JJ Roy,MT Steketee,0,0,,,,,,"",""
ball,2,1.2,Perth Scorchers,LS Livingstone,JJ Roy,MT Steketee,0,0,,,,,,"",""
ball,2,1.3,Perth Scorchers,LS Livingstone,JJ Roy,MT Steketee,0,0,,,,,,"",""
ball,2,1.4,Perth Scorchers,LS Livingstone,JJ Roy,MT Steketee,4,0,,,,,,"",""
ball,2,1.5,Perth Scorchers,LS Livingstone,JJ Roy,MT Steketee,0,0,,,,,,"",""
ball,2,1.6,Perth Scorchers,LS Livingstone,JJ Roy,MT Steketee,6,0,,,,,,"",""
ball,2,2.1,Perth Scorchers,JJ Roy,LS Livingstone,JD Wildermuth,1,0,,,,,,"",""
ball,2,2.2,Perth Scorchers,LS Livingstone,JJ Roy,JD Wildermuth,1,0,,,,,,"",""
ball,2,2.3,Perth Scorchers,JJ Roy,LS Livingstone,JD Wildermuth,0,0,,,,,,"",""
ball,2,2.4,Perth Scorchers,JJ Roy,LS Livingstone,JD Wildermuth,0,0,,,,,,"",""
ball,2,2.5,Perth Scorchers,JJ Roy,LS Livingstone,JD Wildermuth,1,0,,,,,,"",""
ball,2,2.6,Perth Scorchers,LS Livingstone,JJ Roy,JD Wildermuth,0,0,,,,,,"",""
ball,2,3.1,Perth Scorchers,JJ Roy,LS Livingstone,MT Steketee,4,0,,,,,,"",""
ball,2,3.2,Perth Scorchers,JJ Roy,LS Livingstone,MT Steketee,0,0,,,,,,"",""
ball,2,3.3,Perth Scorchers,JJ Roy,LS Livingstone,MT Steketee,4,0,,,,,,"",""
ball,2,3.4,Perth Scorchers,JJ Roy,LS Livingstone,MT Steketee,1,0,,,,,,"",""
ball,2,3.5,Perth Scorchers,LS Livingstone,JJ Roy,MT Steketee,6,0,,,,,,"",""
ball,2,3.6,Perth Scorchers,LS Livingstone,JJ Roy,MT Steketee,0,1,,,,1,,"",""
ball,2,4.1,Perth Scorchers,LS Livingstone,JJ Roy,MJ Swepson,2,0,,,,,,"",""
ball,2,4.2,Perth Scorchers,LS Livingstone,JJ Roy,MJ Swepson,2,0,,,,,,"",""
ball,2,4.3,Perth Scorchers,LS Livingstone,JJ Roy,MJ Swepson,1,0,,,,,,"",""
ball,2,4.4,Perth Scorchers,JJ Roy,LS Livingstone,MJ Swepson,4,0,,,,,,"",""
ball,2,4.5,Perth Scorchers,JJ Roy,LS Livingstone,MJ Swepson,0,0,,,,,,"",""
ball,2,4.6,Perth Scorchers,JJ Roy,LS Livingstone,MJ Swepson,1,0,,,,,,"",""
ball,2,5.1,Perth Scorchers,JJ Roy,LS Livingstone,B Laughlin,2,0,,,,,,"",""
ball,2,5.2,Perth Scorchers,JJ Roy,LS Livingstone,B Laughlin,1,0,,,,,,"",""
ball,2,5.3,Perth Scorchers,LS Livingstone,JJ Roy,B Laughlin,0,0,,,,,,"",""
ball,2,5.4,Perth Scorchers,LS Livingstone,JJ Roy,B Laughlin,0,0,,,,,,"",""
ball,2,5.5,Perth Scorchers,LS Livingstone,JJ Roy,B Laughlin,1,0,,,,,,"",""
ball,2,5.6,Perth Scorchers,JJ Roy,LS Livingstone,B Laughlin,0,0,,,,,,"",""
ball,2,6.1,Perth Scorchers,LS Livingstone,JJ Roy,MJ Swepson,0,0,,,,,,bowled,LS Livingstone
ball,2,6.2,Perth Scorchers,C Munro,JJ Roy,MJ Swepson,0,0,,,,,,"",""
ball,2,6.3,Perth Scorchers,C Munro,JJ Roy,MJ Swepson,1,0,,,,,,"",""
ball,2,6.4,Perth Scorchers,JJ Roy,C Munro,MJ Swepson,1,0,,,,,,"",""
ball,2,6.5,Perth Scorchers,C Munro,JJ Roy,MJ Swepson,0,0,,,,,,"",""
ball,2,6.6,Perth Scorchers,C Munro,JJ Roy,MJ Swepson,1,0,,,,,,"",""
ball,2,7.1,Perth Scorchers,C Munro,JJ Roy,B Laughlin,1,0,,,,,,"",""
ball,2,7.2,Perth Scorchers,JJ Roy,C Munro,B Laughlin,0,0,,,,,,"",""
ball,2,7.3,Perth Scorchers,JJ Roy,C Munro,B Laughlin,1,0,,,,,,"",""
ball,2,7.4,Perth Scorchers,C Munro,JJ Roy,B Laughlin,0,0,,,,,,"",""
ball,2,7.5,Perth Scorchers,C Munro,JJ Roy,B Laughlin,1,0,,,,,,"",""
ball,2,7.6,Perth Scorchers,JJ Roy,C Munro,B Laughlin,2,0,,,,,,"",""
ball,2,8.1,Perth Scorchers,C Munro,JJ Roy,MJ Swepson,0,0,,,,,,"",""
ball,2,8.2,Perth Scorchers,C Munro,JJ Roy,MJ Swepson,0,0,,,,,,"",""
ball,2,8.3,Perth Scorchers,C Munro,JJ Roy,MJ Swepson,1,0,,,,,,"",""
ball,2,8.4,Perth Scorchers,JJ Roy,C Munro,MJ Swepson,1,0,,,,,,"",""
ball,2,8.5,Perth Scorchers,C Munro,JJ Roy,MJ Swepson,1,0,,,,,,"",""
ball,2,8.6,Perth Scorchers,JJ Roy,C Munro,MJ Swepson,0,0,,,,,,"",""
ball,2,9.1,Perth Scorchers,C Munro,JJ Roy,M Labuschagne,1,0,,,,,,"",""
ball,2,9.2,Perth Scorchers,JJ Roy,C Munro,M Labuschagne,1,0,,,,,,"",""
ball,2,9.3,Perth Scorchers,C Munro,JJ Roy,M Labuschagne,0,0,,,,,,"",""
ball,2,9.4,Perth Scorchers,C Munro,JJ Roy,M Labuschagne,0,0,,,,,,caught,C Munro
ball,2,9.5,Perth Scorchers,JJ Roy,JP Inglis,M Labuschagne,0,0,,,,,,"",""
ball,2,9.6,Perth Scorchers,JJ Roy,JP Inglis,M Labuschagne,1,0,,,,,,"",""
ball,2,10.1,Perth Scorchers,JJ Roy,JP Inglis,JL Denly,2,0,,,,,,"",""
ball,2,10.2,Perth Scorchers,JJ Roy,JP Inglis,JL Denly,1,0,,,,,,"",""
ball,2,10.3,Perth Scorchers,JP Inglis,JJ Roy,JL Denly,1,0,,,,,,"",""
ball,2,10.4,Perth Scorchers,JJ Roy,JP Inglis,JL Denly,1,0,,,,,,"",""
ball,2,10.5,Perth Scorchers,JP Inglis,JJ Roy,JL Denly,4,0,,,,,,"",""
ball,2,10.6,Perth Scorchers,JP Inglis,JJ Roy,JL Denly,1,0,,,,,,"",""
ball,2,11.1,Perth Scorchers,JP Inglis,JJ Roy,M Labuschagne,1,0,,,,,,"",""
ball,2,11.2,Perth Scorchers,JJ Roy,JP Inglis,M Labuschagne,4,0,,,,,,"",""
ball,2,11.3,Perth Scorchers,JJ Roy,JP Inglis,M Labuschagne,0,0,,,,,,"",""
ball,2,11.4,Perth Scorchers,JJ Roy,JP Inglis,M Labuschagne,0,1,,,1,,,"",""
ball,2,11.5,Perth Scorchers,JP Inglis,JJ Roy,M Labuschagne,1,0,,,,,,"",""
ball,2,11.6,Perth Scorchers,JJ Roy,JP Inglis,M Labuschagne,6,0,,,,,,"",""
ball,2,12.1,Perth Scorchers,JP Inglis,JJ Roy,MJ Swepson,0,0,,,,,,"",""
ball,2,12.2,Perth Scorchers,JP Inglis,JJ Roy,MJ Swepson,1,0,,,,,,"",""
ball,2,12.3,Perth Scorchers,JJ Roy,JP Inglis,MJ Swepson,0,0,,,,,,caught,JJ Roy
ball,2,12.4,Perth Scorchers,JP Inglis,MR Marsh,MJ Swepson,2,0,,,,,,"",""
ball,2,12.5,Perth Scorchers,JP Inglis,MR Marsh,MJ Swepson,0,0,,,,,,"",""
ball,2,12.6,Perth Scorchers,JP Inglis,MR Marsh,MJ Swepson,1,0,,,,,,"",""
ball,2,13.1,Perth Scorchers,JP Inglis,MR Marsh,M Labuschagne,0,0,,,,,,lbw,JP Inglis
ball,2,13.2,Perth Scorchers,AJ Turner,MR Marsh,M Labuschagne,0,0,,,,,,"",""
ball,2,13.3,Perth Scorchers,AJ Turner,MR Marsh,M Labuschagne,0,0,,,,,,"",""
ball,2,13.4,Perth Scorchers,AJ Turner,MR Marsh,M Labuschagne,0,0,,,,,,bowled,AJ Turner
ball,2,13.5,Perth Scorchers,AM Hardie,MR Marsh,M Labuschagne,0,0,,,,,,"",""
ball,2,13.6,Perth Scorchers,AM Hardie,MR Marsh,M Labuschagne,2,0,,,,,,"",""
ball,2,14.1,Perth Scorchers,MR Marsh,AM Hardie,JL Denly,0,0,,,,,,"",""
ball,2,14.2,Perth Scorchers,MR Marsh,AM Hardie,JL Denly,2,0,,,,,,"",""
ball,2,14.3,Perth Scorchers,MR Marsh,AM Hardie,JL Denly,0,0,,,,,,"",""
ball,2,14.4,Perth Scorchers,MR Marsh,AM Hardie,JL Denly,1,0,,,,,,"",""
ball,2,14.5,Perth Scorchers,AM Hardie,MR Marsh,JL Denly,1,0,,,,,,"",""
ball,2,14.6,Perth Scorchers,MR Marsh,AM Hardie,JL Denly,1,0,,,,,,"",""
ball,2,15.1,Perth Scorchers,MR Marsh,AM Hardie,M Labuschagne,4,0,,,,,,"",""
ball,2,15.2,Perth Scorchers,MR Marsh,AM Hardie,M Labuschagne,4,0,,,,,,"",""
ball,2,15.3,Perth Scorchers,MR Marsh,AM Hardie,M Labuschagne,6,0,,,,,,"",""
ball,2,15.4,Perth Scorchers,MR Marsh,AM Hardie,M Labuschagne,0,1,1,,,,,"",""
ball,2,15.5,Perth Scorchers,MR Marsh,AM Hardie,M Labuschagne,1,0,,,,,,"",""
ball,2,15.6,Perth Scorchers,AM Hardie,MR Marsh,M Labuschagne,1,0,,,,,,"",""
ball,2,15.7,Perth Scorchers,MR Marsh,AM Hardie,M Labuschagne,0,1,1,,,,,"",""
ball,2,15.8,Perth Scorchers,MR Marsh,AM Hardie,M Labuschagne,0,0,,,,,,"",""
ball,2,16.1,Perth Scorchers,AM Hardie,MR Marsh,MT Steketee,6,0,,,,,,"",""
ball,2,16.2,Perth Scorchers,AM Hardie,MR Marsh,MT Steketee,1,0,,,,,,"",""
ball,2,16.3,Perth Scorchers,MR Marsh,AM Hardie,MT Steketee,0,0,,,,,,run out,AM Hardie
ball,2,16.4,Perth Scorchers,JA Richardson,MR Marsh,MT Steketee,1,1,,1,,,,"",""
ball,2,16.5,Perth Scorchers,MR Marsh,JA Richardson,MT Steketee,2,0,,,,,,"",""
ball,2,16.6,Perth Scorchers,MR Marsh,JA Richardson,MT Steketee,1,0,,,,,,"",""
ball,2,16.7,Perth Scorchers,JA Richardson,MR Marsh,MT Steketee,0,0,,,,,,"",""
ball,2,17.1,Perth Scorchers,MR Marsh,JA Richardson,B Laughlin,1,0,,,,,,"",""
ball,2,17.2,Perth Scorchers,JA Richardson,MR Marsh,B Laughlin,1,0,,,,,,"",""
ball,2,17.3,Perth Scorchers,MR Marsh,JA Richardson,B Laughlin,4,0,,,,,,"",""
ball,2,17.4,Perth Scorchers,MR Marsh,JA Richardson,B Laughlin,4,0,,,,,,"",""
ball,2,17.5,Perth Scorchers,MR Marsh,JA Richardson,B Laughlin,6,0,,,,,,"",""
ball,2,17.6,Perth Scorchers,MR Marsh,JA Richardson,B Laughlin,1,0,,,,,,"",""
ball,2,18.1,Perth Scorchers,MR Marsh,JA Richardson,MT Steketee,2,0,,,,,,"",""
ball,2,18.2,Perth Scorchers,MR Marsh,JA Richardson,MT Steketee,2,0,,,,,,"",""
ball,2,18.3,Perth Scorchers,MR Marsh,JA Richardson,MT Steketee,6,0,,,,,,"",""
ball,2,18.4,Perth Scorchers,MR Marsh,JA Richardson,MT Steketee,1,0,,,,,,"",""
ball,2,18.5,Perth Scorchers,JA Richardson,MR Marsh,MT Steketee,2,0,,,,,,"",""
ball,2,18.6,Perth Scorchers,JA Richardson,MR Marsh,MT Steketee,4,0,,,,,,"",""
ball,2,19.1,Perth Scorchers,MR Marsh,JA Richardson,B Laughlin,2,0,,,,,,"",""
ball,2,19.2,Perth Scorchers,MR Marsh,JA Richardson,B Laughlin,1,0,,,,,,"",""
ball,2,19.3,Perth Scorchers,JA Richardson,MR Marsh,B Laughlin,4,0,,,,,,"",""
ball,2,19.4,Perth Scorchers,JA Richardson,MR Marsh,B Laughlin,1,0,,,,,,"",""
ball,2,19.5,Perth Scorchers,MR Marsh,JA Richardson,B Laughlin,2,0,,,,,,"",""
ball,2,19.6,Perth Scorchers,MR Marsh,JA Richardson,B Laughlin,0,0,,,,,,"",""
