version,1.6.0
info,balls_per_over,6
info,team,Perth Scorchers
info,team,Brisbane Heat
info,gender,male
info,season,2020/21
info,date,2021/01/19
info,event,Big Bash League
info,match_number,44
info,venue,Docklands Stadium
info,city,Melbourne
info,toss_winner,Brisbane Heat
info,toss_decision,field
info,player_of_match,C Munro
info,umpire,DR Close
info,umpire,MW Graham-Smith
info,reserve_umpire,DM Koch
info,tv_umpire,SAJ Craig
info,match_referee,RL Parry
info,winner,Perth Scorchers
info,winner_runs,59
info,player,Perth Scorchers,JJ Roy
info,player,Perth Scorchers,LS Livingstone
info,player,Perth Scorchers,C Munro
info,player,Perth Scorchers,JP Inglis
info,player,Perth Scorchers,CT Bancroft
info,player,Perth Scorchers,AJ Turner
info,player,Perth Scorchers,JA Richardson
info,player,Perth Scorchers,AM Hardie
info,player,Perth Scorchers,AJ Tye
info,player,Perth Scorchers,JP Behrendorff
info,player,Perth Scorchers,Fawad Ahmed
info,player,Brisbane Heat,M Bryant
info,player,Brisbane Heat,CA Lynn
info,player,Brisbane Heat,JL Denly
info,player,Brisbane Heat,JA Burns
info,player,Brisbane Heat,L Gregory
info,player,Brisbane Heat,JD Wildermuth
info,player,Brisbane Heat,JJ Peirson
info,player,Brisbane Heat,JJ Bazley
info,player,Brisbane Heat,MT Steketee
info,player,Brisbane Heat,MP Kuhnemann
info,player,Brisbane Heat,M Morkel
info,player,Brisbane Heat,XC Bartlett
info,registry,people,AJ Turner,ff1e12a0
info,registry,people,AJ Tye,7c7d63a2
info,registry,people,AM Hardie,d405c0d5
info,registry,people,C Munro,af2c687b
info,registry,people,CA Lynn,45eda7c8
info,registry,people,CT Bancroft,399b0b94
info,registry,people,DM Koch,6d10c034
info,registry,people,DR Close,4cae2b0c
info,registry,people,Fawad Ahmed,22ae3041
info,registry,people,JA Burns,7a5f232a
info,registry,people,JA Richardson,1ee08e9a
info,registry,people,JD Wildermuth,f1c61793
info,registry,people,JJ Bazley,003d49e6
info,registry,people,JJ Peirson,2b55c3b4
info,registry,people,JJ Roy,d1c36f5c
info,registry,people,JL Denly,bdadf7da
info,registry,people,JP Behrendorff,4933f499
info,registry,people,JP Inglis,989889ff
info,registry,people,L Gregory,06c2de82
info,registry,people,LS Livingstone,50c6bc2b
info,registry,people,M Bryant,f32012f4
info,registry,people,M Morkel,5bb5a915
info,registry,people,MP Kuhnemann,7b953689
info,registry,people,MT Steketee,903560ed
info,registry,people,MW Graham-Smith,18aca3ce
info,registry,people,RL Parry,86d151dc
info,registry,people,SAJ Craig,689f2eed
info,registry,people,XC Bartlett,3b53243a
ball,1,0.1,Perth Scorchers,JJ Roy,LS Livingstone,XC Bartlett,3,0,,,,,,"",""
ball,1,0.2,Perth Scorchers,LS Livingstone,JJ Roy,XC Bartlett,0,0,,,,,,"",""
ball,1,0.3,Perth Scorchers,LS Livingstone,JJ Roy,XC Bartlett,1,0,,,,,,"",""
ball,1,0.4,Perth Scorchers,JJ Roy,LS Livingstone,XC Bartlett,1,0,,,,,,"",""
ball,1,0.5,Perth Scorchers,LS Livingstone,JJ Roy,XC Bartlett,0,0,,,,,,"",""
ball,1,0.6,Perth Scorchers,LS Livingstone,JJ Roy,XC Bartlett,0,0,,,,,,"",""
ball,1,1.1,Perth Scorchers,JJ Roy,LS Livingstone,JD Wildermuth,0,0,,,,,,caught,JJ Roy
ball,1,1.2,Perth Scorchers,C Munro,LS Livingstone,JD Wildermuth,0,0,,,,,,"",""
ball,1,1.3,Perth Scorchers,C Munro,LS Livingstone,JD Wildermuth,0,0,,,,,,"",""
ball,1,1.4,Perth Scorchers,C Munro,LS Livingstone,JD Wildermuth,4,0,,,,,,"",""
ball,1,1.5,Perth Scorchers,C Munro,LS Livingstone,JD Wildermuth,1,0,,,,,,"",""
ball,1,1.6,Perth Scorchers,LS Livingstone,C Munro,JD Wildermuth,0,1,,,,1,,"",""
ball,1,2.1,Perth Scorchers,LS Livingstone,C Munro,MT Steketee,1,0,,,,,,"",""
ball,1,2.2,Perth Scorchers,C Munro,LS Livingstone,MT Steketee,3,0,,,,,,"",""
ball,1,2.3,Perth Scorchers,LS Livingstone,C Munro,MT Steketee,0,1,1,,,,,"",""
ball,1,2.4,Perth Scorchers,LS Livingstone,C Munro,MT Steketee,1,0,,,,,,"",""
ball,1,2.5,Perth Scorchers,C Munro,LS Livingstone,MT Steketee,0,0,,,,,,"",""
ball,1,2.6,Perth Scorchers,C Munro,LS Livingstone,MT Steketee,0,1,,,,1,,"",""
ball,1,2.7,Perth Scorchers,LS Livingstone,C Munro,MT Steketee,2,0,,,,,,"",""
ball,1,3.1,Perth Scorchers,C Munro,LS Livingstone,JD Wildermuth,4,0,,,,,,"",""
ball,1,3.2,Perth Scorchers,C Munro,LS Livingstone,JD Wildermuth,1,0,,,,,,"",""
ball,1,3.3,Perth Scorchers,LS Livingstone,C Munro,JD Wildermuth,6,0,,,,,,"",""
ball,1,3.4,Perth Scorchers,LS Livingstone,C Munro,JD Wildermuth,6,0,,,,,,"",""
ball,1,3.5,Perth Scorchers,LS Livingstone,C Munro,JD Wildermuth,0,0,,,,,,"",""
ball,1,3.6,Perth Scorchers,LS Livingstone,C Munro,JD Wildermuth,0,0,,,,,,caught,LS Livingstone
ball,1,4.1,Perth Scorchers,C Munro,JP Inglis,M Morkel,0,0,,,,,,"",""
ball,1,4.2,Perth Scorchers,C Munro,JP Inglis,M Morkel,1,0,,,,,,"",""
ball,1,4.3,Perth Scorchers,JP Inglis,C Munro,M Morkel,3,0,,,,,,"",""
ball,1,4.4,Perth Scorchers,C Munro,JP Inglis,M Morkel,0,0,,,,,,"",""
ball,1,4.5,Perth Scorchers,C Munro,JP Inglis,M Morkel,1,0,,,,,,"",""
ball,1,4.6,Perth Scorchers,JP Inglis,C Munro,M Morkel,0,0,,,,,,"",""
ball,1,5.1,Perth Scorchers,C Munro,JP Inglis,MP Kuhnemann,1,0,,,,,,"",""
ball,1,5.2,Perth Scorchers,JP Inglis,C Munro,MP Kuhnemann,1,0,,,,,,"",""
ball,1,5.3,Perth Scorchers,C Munro,JP Inglis,MP Kuhnemann,1,0,,,,,,"",""
ball,1,5.4,Perth Scorchers,JP Inglis,C Munro,MP Kuhnemann,1,0,,,,,,"",""
ball,1,5.5,Perth Scorchers,C Munro,JP Inglis,MP Kuhnemann,0,0,,,,,,"",""
ball,1,5.6,Perth Scorchers,C Munro,JP Inglis,MP Kuhnemann,0,0,,,,,,"",""
ball,1,6.1,Perth Scorchers,JP Inglis,C Munro,M Morkel,1,0,,,,,,"",""
ball,1,6.2,Perth Scorchers,C Munro,JP Inglis,M Morkel,1,0,,,,,,"",""
ball,1,6.3,Perth Scorchers,JP Inglis,C Munro,M Morkel,0,1,,,,1,,"",""
ball,1,6.4,Perth Scorchers,C Munro,JP Inglis,M Morkel,1,0,,,,,,"",""
ball,1,6.5,Perth Scorchers,JP Inglis,C Munro,M Morkel,0,0,,,,,,"",""
ball,1,6.6,Perth Scorchers,JP Inglis,C Munro,M Morkel,1,0,,,,,,"",""
ball,1,7.1,Perth Scorchers,JP Inglis,C Munro,L Gregory,0,0,,,,,,"",""
ball,1,7.2,Perth Scorchers,JP Inglis,C Munro,L Gregory,1,0,,,,,,"",""
ball,1,7.3,Perth Scorchers,C Munro,JP Inglis,L Gregory,1,0,,,,,,"",""
ball,1,7.4,Perth Scorchers,JP Inglis,C Munro,L Gregory,4,0,,,,,,"",""
ball,1,7.5,Perth Scorchers,JP Inglis,C Munro,L Gregory,1,0,,,,,,"",""
ball,1,7.6,Perth Scorchers,C Munro,JP Inglis,L Gregory,1,0,,,,,,"",""
ball,1,8.1,Perth Scorchers,C Munro,JP Inglis,MT Steketee,0,0,,,,,,"",""
ball,1,8.2,Perth Scorchers,C Munro,JP Inglis,MT Steketee,1,0,,,,,,"",""
ball,1,8.3,Perth Scorchers,JP Inglis,C Munro,MT Steketee,4,0,,,,,,"",""
ball,1,8.4,Perth Scorchers,JP Inglis,C Munro,MT Steketee,1,0,,,,,,"",""
ball,1,8.5,Perth Scorchers,C Munro,JP Inglis,MT Steketee,1,0,,,,,,"",""
ball,1,8.6,Perth Scorchers,JP Inglis,C Munro,MT Steketee,1,0,,,,,,"",""
ball,1,9.1,Perth Scorchers,JP Inglis,C Munro,JD Wildermuth,0,0,,,,,,"",""
ball,1,9.2,Perth Scorchers,JP Inglis,C Munro,JD Wildermuth,4,0,,,,,,"",""
ball,1,9.3,Perth Scorchers,JP Inglis,C Munro,JD Wildermuth,0,1,1,,,,,"",""
ball,1,9.4,Perth Scorchers,JP Inglis,C Munro,JD Wildermuth,1,0,,,,,,"",""
ball,1,9.5,Perth Scorchers,C Munro,JP Inglis,JD Wildermuth,1,0,,,,,,"",""
ball,1,9.6,Perth Scorchers,JP Inglis,C Munro,JD Wildermuth,1,0,,,,,,"",""
ball,1,9.7,Perth Scorchers,C Munro,JP Inglis,JD Wildermuth,1,0,,,,,,"",""
ball,1,10.1,Perth Scorchers,C Munro,JP Inglis,JJ Bazley,1,0,,,,,,"",""
ball,1,10.2,Perth Scorchers,JP Inglis,C Munro,JJ Bazley,0,0,,,,,,caught,JP Inglis
ball,1,10.3,Perth Scorchers,CT Bancroft,C Munro,JJ Bazley,1,0,,,,,,"",""
ball,1,10.4,Perth Scorchers,C Munro,CT Bancroft,JJ Bazley,4,0,,,,,,"",""
ball,1,10.5,Perth Scorchers,C Munro,CT Bancroft,JJ Bazley,1,0,,,,,,"",""
ball,1,10.6,Perth Scorchers,CT Bancroft,C Munro,JJ Bazley,1,0,,,,,,"",""
ball,1,11.1,Perth Scorchers,CT Bancroft,C Munro,L Gregory,1,0,,,,,,"",""
ball,1,11.2,Perth Scorchers,C Munro,CT Bancroft,L Gregory,2,0,,,,,,"",""
ball,1,11.3,Perth Scorchers,C Munro,CT Bancroft,L Gregory,1,0,,,,,,"",""
ball,1,11.4,Perth Scorchers,CT Bancroft,C Munro,L Gregory,1,0,,,,,,"",""
ball,1,11.5,Perth Scorchers,C Munro,CT Bancroft,L Gregory,1,0,,,,,,"",""
ball,1,11.6,Perth Scorchers,CT Bancroft,C Munro,L Gregory,1,0,,,,,,"",""
ball,1,12.1,Perth Scorchers,CT Bancroft,C Munro,JJ Bazley,0,0,,,,,,"",""
ball,1,12.2,Perth Scorchers,CT Bancroft,C Munro,JJ Bazley,1,0,,,,,,"",""
ball,1,12.3,Perth Scorchers,C Munro,CT Bancroft,JJ Bazley,4,0,,,,,,"",""
ball,1,12.4,Perth Scorchers,C Munro,CT Bancroft,JJ Bazley,6,0,,,,,,"",""
ball,1,12.5,Perth Scorchers,C Munro,CT Bancroft,JJ Bazley,0,1,,,,1,,"",""
ball,1,12.6,Perth Scorchers,CT Bancroft,C Munro,JJ Bazley,1,0,,,,,,"",""
ball,1,13.1,Perth Scorchers,CT Bancroft,C Munro,JD Wildermuth,0,0,,,,,,"",""
ball,1,13.2,Perth Scorchers,CT Bancroft,C Munro,JD Wildermuth,0,0,,,,,,"",""
ball,1,13.3,Perth Scorchers,CT Bancroft,C Munro,JD Wildermuth,1,0,,,,,,"",""
ball,1,13.4,Perth Scorchers,C Munro,CT Bancroft,JD Wildermuth,1,0,,,,,,"",""
ball,1,13.5,Perth Scorchers,CT Bancroft,C Munro,JD Wildermuth,1,0,,,,,,"",""
ball,1,13.6,Perth Scorchers,C Munro,CT Bancroft,JD Wildermuth,0,0,,,,,,"",""
ball,1,14.1,Perth Scorchers,CT Bancroft,C Munro,M Morkel,6,0,,,,,,"",""
ball,1,14.2,Perth Scorchers,CT Bancroft,C Munro,M Morkel,0,0,,,,,,caught,CT Bancroft
ball,1,14.3,Perth Scorchers,AJ Turner,C Munro,M Morkel,0,0,,,,,,"",""
ball,1,14.4,Perth Scorchers,AJ Turner,C Munro,M Morkel,1,0,,,,,,"",""
ball,1,14.5,Perth Scorchers,C Munro,AJ Turner,M Morkel,1,0,,,,,,"",""
ball,1,14.6,Perth Scorchers,AJ Turner,C Munro,M Morkel,2,0,,,,,,"",""
ball,1,15.1,Perth Scorchers,C Munro,AJ Turner,JJ Bazley,1,0,,,,,,"",""
ball,1,15.2,Perth Scorchers,AJ Turner,C Munro,JJ Bazley,1,0,,,,,,"",""
ball,1,15.3,Perth Scorchers,C Munro,AJ Turner,JJ Bazley,1,0,,,,,,"",""
ball,1,15.4,Perth Scorchers,AJ Turner,C Munro,JJ Bazley,2,0,,,,,,"",""
ball,1,15.5,Perth Scorchers,AJ Turner,C Munro,JJ Bazley,1,0,,,,,,"",""
ball,1,15.6,Perth Scorchers,C Munro,AJ Turner,JJ Bazley,1,0,,,,,,"",""
ball,1,16.1,Perth Scorchers,C Munro,AJ Turner,L Gregory,1,0,,,,,,"",""
ball,1,16.2,Perth Scorchers,AJ Turner,C Munro,L Gregory,1,0,,,,,,"",""
ball,1,16.3,Perth Scorchers,C Munro,AJ Turner,L Gregory,2,0,,,,,,"",""
ball,1,16.4,Perth Scorchers,C Munro,AJ Turner,L Gregory,6,0,,,,,,"",""
ball,1,16.5,Perth Scorchers,C Munro,AJ Turner,L Gregory,6,0,,,,,,"",""
ball,1,16.6,Perth Scorchers,C Munro,AJ Turner,L Gregory,2,0,,,,,,"",""
ball,1,17.1,Perth Scorchers,AJ Turner,C Munro,MT Steketee,0,0,,,,,,"",""
ball,1,17.2,Perth Scorchers,AJ Turner,C Munro,MT Steketee,1,0,,,,,,"",""
ball,1,17.3,Perth Scorchers,C Munro,AJ Turner,MT Steketee,4,0,,,,,,"",""
ball,1,17.4,Perth Scorchers,C Munro,AJ Turner,MT Steketee,0,0,,,,,,"",""
ball,1,17.5,Perth Scorchers,C Munro,AJ Turner,MT Steketee,6,0,,,,,,"",""
ball,1,17.6,Perth Scorchers,C Munro,AJ Turner,MT Steketee,2,0,,,,,,"",""
ball,1,18.1,Perth Scorchers,AJ Turner,C Munro,M Morkel,1,0,,,,,,"",""
ball,1,18.2,Perth Scorchers,C Munro,AJ Turner,M Morkel,0,0,,,,,,"",""
ball,1,18.3,Perth Scorchers,C Munro,AJ Turner,M Morkel,2,0,,,,,,"",""
ball,1,18.4,Perth Scorchers,C Munro,AJ Turner,M Morkel,1,0,,,,,,"",""
ball,1,18.5,Perth Scorchers,AJ Turner,C Munro,M Morkel,1,0,,,,,,"",""
ball,1,18.6,Perth Scorchers,C Munro,AJ Turner,M Morkel,0,0,,,,,,caught,C Munro
ball,1,19.1,Perth Scorchers,AJ Turner,JA Richardson,MT Steketee,4,0,,,,,,"",""
ball,1,19.2,Perth Scorchers,AJ Turner,JA Richardson,MT Steketee,1,0,,,,,,"",""
ball,1,19.3,Perth Scorchers,JA Richardson,AJ Turner,MT Steketee,0,0,,,,,,"",""
ball,1,19.4,Perth Scorchers,JA Richardson,AJ Turner,MT Steketee,0,1,,,1,,,"",""
ball,1,19.5,Perth Scorchers,AJ Turner,JA Richardson,MT Steketee,4,0,,,,,,"",""
ball,1,19.6,Perth Scorchers,AJ Turner,JA Richardson,MT Steketee,4,0,,,,,,"",""
ball,2,0.1,Brisbane Heat,M Bryant,CA Lynn,JA Richardson,0,0,,,,,,"",""
ball,2,0.2,Brisbane Heat,M Bryant,CA Lynn,JA Richardson,0,0,,,,,,"",""
ball,2,0.3,Brisbane Heat,M Bryant,CA Lynn,JA Richardson,1,0,,,,,,"",""
ball,2,0.4,Brisbane Heat,CA Lynn,M Bryant,JA Richardson,0,4,,,4,,,"",""
ball,2,0.5,Brisbane Heat,CA Lynn,M Bryant,JA Richardson,0,0,,,,,,"",""
ball,2,0.6,Brisbane Heat,CA Lynn,M Bryant,JA Richardson,0,0,,,,,,"",""
ball,2,1.1,Brisbane Heat,M Bryant,CA Lynn,JP Behrendorff,0,0,,,,,,"",""
ball,2,1.2,Brisbane Heat,M Bryant,CA Lynn,JP Behrendorff,4,0,,,,,,"",""
ball,2,1.3,Brisbane Heat,M Bryant,CA Lynn,JP Behrendorff,0,0,,,,,,"",""
ball,2,1.4,Brisbane Heat,M Bryant,CA Lynn,JP Behrendorff,0,0,,,,,,caught,M Bryant
ball,2,1.5,Brisbane Heat,JL Denly,CA Lynn,JP Behrendorff,0,0,,,,,,"",""
ball,2,1.6,Brisbane Heat,JL Denly,CA Lynn,JP Behrendorff,0,0,,,,,,"",""
ball,2,2.1,Brisbane Heat,CA Lynn,JL Denly,AM Hardie,2,0,,,,,,"",""
ball,2,2.2,Brisbane Heat,CA Lynn,JL Denly,AM Hardie,6,0,,,,,,"",""
ball,2,2.3,Brisbane Heat,CA Lynn,JL Denly,AM Hardie,2,0,,,,,,"",""
ball,2,2.4,Brisbane Heat,CA Lynn,JL Denly,AM Hardie,0,0,,,,,,"",""
ball,2,2.5,Brisbane Heat,CA Lynn,JL Denly,AM Hardie,4,0,,,,,,"",""
ball,2,2.6,Brisbane Heat,CA Lynn,JL Denly,AM Hardie,6,0,,,,,,"",""
ball,2,3.1,Brisbane Heat,JL Denly,CA Lynn,JP Behrendorff,1,0,,,,,,"",""
ball,2,3.2,Brisbane Heat,CA Lynn,JL Denly,JP Behrendorff,0,1,,1,,,,"",""
ball,2,3.3,Brisbane Heat,CA Lynn,JL Denly,JP Behrendorff,0,1,,,,1,,"",""
ball,2,3.4,Brisbane Heat,JL Denly,CA Lynn,JP Behrendorff,0,1,,,1,,,"",""
ball,2,3.5,Brisbane Heat,CA Lynn,JL Denly,JP Behrendorff,1,0,,,,,,"",""
ball,2,3.6,Brisbane Heat,JL Denly,CA Lynn,JP Behrendorff,0,0,,,,,,"",""
ball,2,3.7,Brisbane Heat,JL Denly,CA Lynn,JP Behrendorff,4,0,,,,,,"",""
ball,2,4.1,Brisbane Heat,CA Lynn,JL Denly,Fawad Ahmed,1,0,,,,,,"",""
ball,2,4.2,Brisbane Heat,JL Denly,CA Lynn,Fawad Ahmed,1,0,,,,,,"",""
ball,2,4.3,Brisbane Heat,CA Lynn,JL Denly,Fawad Ahmed,1,0,,,,,,"",""
ball,2,4.4,Brisbane Heat,JL Denly,CA Lynn,Fawad Ahmed,1,0,,,,,,"",""
ball,2,4.5,Brisbane Heat,CA Lynn,JL Denly,Fawad Ahmed,4,0,,,,,,"",""
ball,2,4.6,Brisbane Heat,CA Lynn,JL Denly,Fawad Ahmed,0,0,,,,,,stumped,CA Lynn
ball,2,5.1,Brisbane Heat,JL Denly,JA Burns,LS Livingstone,1,0,,,,,,"",""
ball,2,5.2,Brisbane Heat,JA Burns,JL Denly,LS Livingstone,1,0,,,,,,"",""
ball,2,5.3,Brisbane Heat,JL Denly,JA Burns,LS Livingstone,1,0,,,,,,"",""
ball,2,5.4,Brisbane Heat,JA Burns,JL Denly,LS Livingstone,0,0,,,,,,"",""
ball,2,5.5,Brisbane Heat,JA Burns,JL Denly,LS Livingstone,1,0,,,,,,"",""
ball,2,5.6,Brisbane Heat,JL Denly,JA Burns,LS Livingstone,1,0,,,,,,"",""
ball,2,6.1,Brisbane Heat,JL Denly,JA Burns,AJ Tye,1,0,,,,,,"",""
ball,2,6.2,Brisbane Heat,JA Burns,JL Denly,AJ Tye,0,0,,,,,,caught,JA Burns
ball,2,6.3,Brisbane Heat,JL Denly,L Gregory,AJ Tye,2,0,,,,,,"",""
ball,2,6.4,Brisbane Heat,JL Denly,L Gregory,AJ Tye,0,1,1,,,,,"",""
ball,2,6.5,Brisbane Heat,JL Denly,L Gregory,AJ Tye,1,0,,,,,,"",""
ball,2,6.6,Brisbane Heat,L Gregory,JL Denly,AJ Tye,0,0,,,,,,"",""
ball,2,6.7,Brisbane Heat,L Gregory,JL Denly,AJ Tye,0,0,,,,,,"",""
ball,2,7.1,Brisbane Heat,JL Denly,L Gregory,Fawad Ahmed,1,0,,,,,,"",""
ball,2,7.2,Brisbane Heat,L Gregory,JL Denly,Fawad Ahmed,1,0,,,,,,"",""
ball,2,7.3,Brisbane Heat,JL Denly,L Gregory,Fawad Ahmed,0,0,,,,,,"",""
ball,2,7.4,Brisbane Heat,JL Denly,L Gregory,Fawad Ahmed,1,0,,,,,,"",""
ball,2,7.5,Brisbane Heat,L Gregory,JL Denly,Fawad Ahmed,6,0,,,,,,"",""
ball,2,7.6,Brisbane Heat,L Gregory,JL Denly,Fawad Ahmed,2,0,,,,,,"",""
ball,2,8.1,Brisbane Heat,JL Denly,L Gregory,JA Richardson,0,0,,,,,,"",""
ball,2,8.2,Brisbane Heat,JL Denly,L Gregory,JA Richardson,1,0,,,,,,"",""
ball,2,8.3,Brisbane Heat,L Gregory,JL Denly,JA Richardson,0,2,,,,2,,"",""
ball,2,8.4,Brisbane Heat,L Gregory,JL Denly,JA Richardson,0,0,,,,,,"",""
ball,2,8.5,Brisbane Heat,L Gregory,JL Denly,JA Richardson,2,0,,,,,,"",""
ball,2,8.6,Brisbane Heat,L Gregory,JL Denly,JA Richardson,0,0,,,,,,"",""
ball,2,9.1,Brisbane Heat,JL Denly,L Gregory,AJ Tye,0,0,,,,,,"",""
ball,2,9.2,Brisbane Heat,JL Denly,L Gregory,AJ Tye,1,0,,,,,,"",""
ball,2,9.3,Brisbane Heat,L Gregory,JL Denly,AJ Tye,0,0,,,,,,"",""
ball,2,9.4,Brisbane Heat,L Gregory,JL Denly,AJ Tye,1,0,,,,,,"",""
ball,2,9.5,Brisbane Heat,JL Denly,L Gregory,AJ Tye,2,0,,,,,,"",""
ball,2,9.6,Brisbane Heat,JL Denly,L Gregory,AJ Tye,1,0,,,,,,"",""
ball,2,10.1,Brisbane Heat,JL Denly,L Gregory,AM Hardie,0,0,,,,,,"",""
ball,2,10.2,Brisbane Heat,JL Denly,L Gregory,AM Hardie,1,0,,,,,,"",""
ball,2,10.3,Brisbane Heat,L Gregory,JL Denly,AM Hardie,0,0,,,,,,"",""
ball,2,10.4,Brisbane Heat,L Gregory,JL Denly,AM Hardie,6,0,,,,,,"",""
ball,2,10.5,Brisbane Heat,L Gregory,JL Denly,AM Hardie,0,0,,,,,,"",""
ball,2,10.6,Brisbane Heat,L Gregory,JL Denly,AM Hardie,2,0,,,,,,"",""
ball,2,11.1,Brisbane Heat,JL Denly,L Gregory,JP Behrendorff,0,0,,,,,,"",""
ball,2,11.2,Brisbane Heat,JL Denly,L Gregory,JP Behrendorff,0,0,,,,,,"",""
ball,2,11.3,Brisbane Heat,JL Denly,L Gregory,JP Behrendorff,0,5,5,,,,,"",""
ball,2,11.4,Brisbane Heat,JL Denly,L Gregory,JP Behrendorff,1,0,,,,,,"",""
ball,2,11.5,Brisbane Heat,L Gregory,JL Denly,JP Behrendorff,0,4,,,,4,,"",""
ball,2,11.6,Brisbane Heat,L Gregory,JL Denly,JP Behrendorff,0,0,,,,,,bowled,L Gregory
ball,2,11.7,Brisbane Heat,JD Wildermuth,JL Denly,JP Behrendorff,0,0,,,,,,"",""
ball,2,12.1,Brisbane Heat,JL Denly,JD Wildermuth,Fawad Ahmed,2,0,,,,,,"",""
ball,2,12.2,Brisbane Heat,JL Denly,JD Wildermuth,Fawad Ahmed,1,0,,,,,,"",""
ball,2,12.3,Brisbane Heat,JD Wildermuth,JL Denly,Fawad Ahmed,0,0,,,,,,"",""
ball,2,12.4,Brisbane Heat,JD Wildermuth,JL Denly,Fawad Ahmed,1,0,,,,,,"",""
ball,2,12.5,Brisbane Heat,JL Denly,JD Wildermuth,Fawad Ahmed,0,0,,,,,,bowled,JL Denly
ball,2,12.6,Brisbane Heat,JJ Peirson,JD Wildermuth,Fawad Ahmed,1,0,,,,,,"",""
ball,2,13.1,Brisbane Heat,JJ Peirson,JD Wildermuth,LS Livingstone,1,0,,,,,,"",""
ball,2,13.2,Brisbane Heat,JD Wildermuth,JJ Peirson,LS Livingstone,0,0,,,,,,caught,JD Wildermuth
ball,2,13.3,Brisbane Heat,JJ Bazley,JJ Peirson,LS Livingstone,2,0,,,,,,"",""
ball,2,13.4,Brisbane Heat,JJ Bazley,JJ Peirson,LS Livingstone,1,0,,,,,,"",""
ball,2,13.5,Brisbane Heat,JJ Peirson,JJ Bazley,LS Livingstone,1,0,,,,,,"",""
ball,2,13.6,Brisbane Heat,JJ Bazley,JJ Peirson,LS Livingstone,0,0,,,,,,"",""
ball,2,14.1,Brisbane Heat,JJ Peirson,JJ Bazley,JA Richardson,1,0,,,,,,"",""
ball,2,14.2,Brisbane Heat,JJ Bazley,JJ Peirson,JA Richardson,1,0,,,,,,"",""
ball,2,14.3,Brisbane Heat,JJ Peirson,JJ Bazley,JA Richardson,4,0,,,,,,"",""
ball,2,14.4,Brisbane Heat,JJ Peirson,JJ Bazley,JA Richardson,0,0,,,,,,lbw,JJ Peirson
ball,2,14.5,Brisbane Heat,MT Steketee,JJ Bazley,JA Richardson,0,0,,,,,,"",""
ball,2,14.6,Brisbane Heat,MT Steketee,JJ Bazley,JA Richardson,0,0,,,,,,caught,MT Steketee
ball,2,15.1,Brisbane Heat,JJ Bazley,MP Kuhnemann,AJ Tye,0,0,,,,,,caught,JJ Bazley
ball,2,15.2,Brisbane Heat,M Morkel,MP Kuhnemann,AJ Tye,0,0,,,,,,"",""
ball,2,15.3,Brisbane Heat,M Morkel,MP Kuhnemann,AJ Tye,0,0,,,,,,"",""
ball,2,15.4,Brisbane Heat,M Morkel,MP Kuhnemann,AJ Tye,2,0,,,,,,"",""
ball,2,15.5,Brisbane Heat,M Morkel,MP Kuhnemann,AJ Tye,0,0,,,,,,"",""
ball,2,15.6,Brisbane Heat,M Morkel,MP Kuhnemann,AJ Tye,0,0,,,,,,"",""
ball,2,16.1,Brisbane Heat,MP Kuhnemann,M Morkel,Fawad Ahmed,0,0,,,,,,"",""
ball,2,16.2,Brisbane Heat,MP Kuhnemann,M Morkel,Fawad Ahmed,1,0,,,,,,"",""
ball,2,16.3,Brisbane Heat,M Morkel,MP Kuhnemann,Fawad Ahmed,0,0,,,,,,"",""
ball,2,16.4,Brisbane Heat,M Morkel,MP Kuhnemann,Fawad Ahmed,0,0,,,,,,caught,M Morkel
