version,1.6.0
info,balls_per_over,6
info,team,Perth Scorchers
info,team,Brisbane Heat
info,gender,male
info,season,2020/21
info,date,2021/02/04
info,event,Big Bash League
info,venue,Manuka Oval
info,city,Canberra
info,toss_winner,Brisbane Heat
info,toss_decision,field
info,player_of_match,LS Livingstone
info,umpire,GA Abood
info,umpire,SAJ Craig
info,reserve_umpire,SJ Nogajski
info,tv_umpire,P Wilson
info,match_referee,RW Stratford
info,winner,Perth Scorchers
info,winner_runs,49
info,method,D/L
info,player,Perth Scorchers,CT Bancroft
info,player,Perth Scorchers,LS Livingstone
info,player,Perth Scorchers,MR Marsh
info,player,Perth Scorchers,C Munro
info,player,Perth Scorchers,JP Inglis
info,player,Perth Scorchers,AJ Turner
info,player,Perth Scorchers,AM Hardie
info,player,Perth Scorchers,JA Richardson
info,player,Perth Scorchers,AJ Tye
info,player,Perth Scorchers,JP Behrendorff
info,player,Perth Scorchers,Fawad Ahmed
info,player,Brisbane Heat,CA Lynn
info,player,Brisbane Heat,JL Denly
info,player,Brisbane Heat,M Labuschagne
info,player,Brisbane Heat,SD Heazlett
info,player,Brisbane Heat,JJ Peirson
info,player,Brisbane Heat,JA Burns
info,player,Brisbane Heat,L Gregory
info,player,Brisbane Heat,XC Bartlett
info,player,Brisbane Heat,MJ Swepson
info,player,Brisbane Heat,M Morkel
info,player,Brisbane Heat,B Laughlin
info,player,Brisbane Heat,MT Steketee
info,registry,people,AJ Turner,ff1e12a0
info,registry,people,AJ Tye,7c7d63a2
info,registry,people,AM Hardie,d405c0d5
info,registry,people,B Laughlin,b2a79f17
info,registry,people,C Munro,af2c687b
info,registry,people,CA Lynn,45eda7c8
info,registry,people,CT Bancroft,399b0b94
info,registry,people,Fawad Ahmed,22ae3041
info,registry,people,GA Abood,a4af5528
info,registry,people,JA Burns,7a5f232a
info,registry,people,JA Richardson,1ee08e9a
info,registry,people,JJ Peirson,2b55c3b4
info,registry,people,JL Denly,bdadf7da
info,registry,people,JP Behrendorff,4933f499
info,registry,people,JP Inglis,989889ff
info,registry,people,L Gregory,06c2de82
info,registry,people,LS Livingstone,50c6bc2b
info,registry,people,M Labuschagne,fa433be6
info,registry,people,M Morkel,5bb5a915
info,registry,people,MJ Swepson,86b4bf88
info,registry,people,MR Marsh,3d8feaf8
info,registry,people,MT Steketee,903560ed
info,registry,people,P Wilson,68304a36
info,registry,people,RW Stratford,85489579
info,registry,people,SAJ Craig,689f2eed
info,registry,people,SD Heazlett,e00a9155
info,registry,people,SJ Nogajski,9b3f9323
info,registry,people,XC Bartlett,3b53243a
ball,1,0.1,Perth Scorchers,CT Bancroft,LS Livingstone,XC Bartlett,0,0,,,,,,"",""
ball,1,0.2,Perth Scorchers,CT Bancroft,LS Livingstone,XC Bartlett,0,0,,,,,,"",""
ball,1,0.3,Perth Scorchers,CT Bancroft,LS Livingstone,XC Bartlett,3,0,,,,,,"",""
ball,1,0.4,Perth Scorchers,LS Livingstone,CT Bancroft,XC Bartlett,0,0,,,,,,"",""
ball,1,0.5,Perth Scorchers,LS Livingstone,CT Bancroft,XC Bartlett,0,0,,,,,,"",""
ball,1,0.6,Perth Scorchers,LS Livingstone,CT Bancroft,XC Bartlett,1,0,,,,,,"",""
ball,1,1.1,Perth Scorchers,LS Livingstone,CT Bancroft,MT Steketee,6,0,,,,,,"",""
ball,1,1.2,Perth Scorchers,LS Livingstone,CT Bancroft,MT Steketee,4,0,,,,,,"",""
ball,1,1.3,Perth Scorchers,LS Livingstone,CT Bancroft,MT Steketee,1,0,,,,,,"",""
ball,1,1.4,Perth Scorchers,CT Bancroft,LS Livingstone,MT Steketee,0,0,,,,,,"",""
ball,1,1.5,Perth Scorchers,CT Bancroft,LS Livingstone,MT Steketee,2,0,,,,,,"",""
ball,1,1.6,Perth Scorchers,CT Bancroft,LS Livingstone,MT Steketee,0,0,,,,,,"",""
ball,1,2.1,Perth Scorchers,LS Livingstone,CT Bancroft,XC Bartlett,0,0,,,,,,"",""
ball,1,2.2,Perth Scorchers,LS Livingstone,CT Bancroft,XC Bartlett,0,0,,,,,,"",""
ball,1,2.3,Perth Scorchers,LS Livingstone,CT Bancroft,XC Bartlett,0,0,,,,,,"",""
ball,1,2.4,Perth Scorchers,LS Livingstone,CT Bancroft,XC Bartlett,0,0,,,,,,"",""
ball,1,2.5,Perth Scorchers,LS Livingstone,CT Bancroft,XC Bartlett,2,0,,,,,,"",""
ball,1,2.6,Perth Scorchers,LS Livingstone,CT Bancroft,XC Bartlett,4,0,,,,,,"",""
ball,1,3.1,Perth Scorchers,CT Bancroft,LS Livingstone,B Laughlin,4,0,,,,,,"",""
ball,1,3.2,Perth Scorchers,CT Bancroft,LS Livingstone,B Laughlin,4,0,,,,,,"",""
ball,1,3.3,Perth Scorchers,CT Bancroft,LS Livingstone,B Laughlin,1,0,,,,,,"",""
ball,1,3.4,Perth Scorchers,LS Livingstone,CT Bancroft,B Laughlin,1,0,,,,,,"",""
ball,1,3.5,Perth Scorchers,CT Bancroft,LS Livingstone,B Laughlin,0,0,,,,,,"",""
ball,1,3.6,Perth Scorchers,CT Bancroft,LS Livingstone,B Laughlin,0,0,,,,,,"",""
ball,1,4.1,Perth Scorchers,LS Livingstone,CT Bancroft,XC Bartlett,1,0,,,,,,"",""
ball,1,4.2,Perth Scorchers,CT Bancroft,LS Livingstone,XC Bartlett,1,0,,,,,,"",""
ball,1,4.3,Perth Scorchers,LS Livingstone,CT Bancroft,XC Bartlett,4,0,,,,,,"",""
ball,1,4.4,Perth Scorchers,LS Livingstone,CT Bancroft,XC Bartlett,6,0,,,,,,"",""
ball,1,4.5,Perth Scorchers,LS Livingstone,CT Bancroft,XC Bartlett,1,0,,,,,,"",""
ball,1,4.6,Perth Scorchers,CT Bancroft,LS Livingstone,XC Bartlett,1,0,,,,,,"",""
ball,1,5.1,Perth Scorchers,CT Bancroft,LS Livingstone,MJ Swepson,1,0,,,,,,"",""
ball,1,5.2,Perth Scorchers,LS Livingstone,CT Bancroft,MJ Swepson,6,0,,,,,,"",""
ball,1,5.3,Perth Scorchers,LS Livingstone,CT Bancroft,MJ Swepson,4,0,,,,,,"",""
ball,1,5.4,Perth Scorchers,LS Livingstone,CT Bancroft,MJ Swepson,0,0,,,,,,"",""
ball,1,5.5,Perth Scorchers,LS Livingstone,CT Bancroft,MJ Swepson,2,0,,,,,,"",""
ball,1,5.6,Perth Scorchers,LS Livingstone,CT Bancroft,MJ Swepson,1,0,,,,,,"",""
ball,1,6.1,Perth Scorchers,LS Livingstone,CT Bancroft,M Labuschagne,2,0,,,,,,"",""
ball,1,6.2,Perth Scorchers,LS Livingstone,CT Bancroft,M Labuschagne,1,0,,,,,,"",""
ball,1,6.3,Perth Scorchers,CT Bancroft,LS Livingstone,M Labuschagne,2,0,,,,,,"",""
ball,1,6.4,Perth Scorchers,CT Bancroft,LS Livingstone,M Labuschagne,0,0,,,,,,"",""
ball,1,6.5,Perth Scorchers,CT Bancroft,LS Livingstone,M Labuschagne,3,0,,,,,,"",""
ball,1,6.6,Perth Scorchers,LS Livingstone,CT Bancroft,M Labuschagne,1,0,,,,,,"",""
ball,1,7.1,Perth Scorchers,LS Livingstone,CT Bancroft,B Laughlin,1,0,,,,,,"",""
ball,1,7.2,Perth Scorchers,CT Bancroft,LS Livingstone,B Laughlin,1,0,,,,,,"",""
ball,1,7.3,Perth Scorchers,LS Livingstone,CT Bancroft,B Laughlin,1,0,,,,,,"",""
ball,1,7.4,Perth Scorchers,CT Bancroft,LS Livingstone,B Laughlin,4,0,,,,,,"",""
ball,1,7.5,Perth Scorchers,CT Bancroft,LS Livingstone,B Laughlin,0,0,,,,,,"",""
ball,1,7.6,Perth Scorchers,CT Bancroft,LS Livingstone,B Laughlin,1,0,,,,,,"",""
ball,1,8.1,Perth Scorchers,CT Bancroft,LS Livingstone,MJ Swepson,1,0,,,,,,"",""
ball,1,8.2,Perth Scorchers,LS Livingstone,CT Bancroft,MJ Swepson,0,0,,,,,,"",""
ball,1,8.3,Perth Scorchers,LS Livingstone,CT Bancroft,MJ Swepson,0,0,,,,,,"",""
ball,1,8.4,Perth Scorchers,LS Livingstone,CT Bancroft,MJ Swepson,0,0,,,,,,"",""
ball,1,8.5,Perth Scorchers,LS Livingstone,CT Bancroft,MJ Swepson,1,0,,,,,,"",""
ball,1,8.6,Perth Scorchers,CT Bancroft,LS Livingstone,MJ Swepson,1,0,,,,,,"",""
ball,1,9.1,Perth Scorchers,CT Bancroft,LS Livingstone,M Labuschagne,1,0,,,,,,"",""
ball,1,9.2,Perth Scorchers,LS Livingstone,CT Bancroft,M Labuschagne,6,0,,,,,,"",""
ball,1,9.3,Perth Scorchers,LS Livingstone,CT Bancroft,M Labuschagne,0,1,1,,,,,"",""
ball,1,9.4,Perth Scorchers,LS Livingstone,CT Bancroft,M Labuschagne,6,0,,,,,,"",""
ball,1,9.5,Perth Scorchers,LS Livingstone,CT Bancroft,M Labuschagne,6,0,,,,,,"",""
ball,1,9.6,Perth Scorchers,LS Livingstone,CT Bancroft,M Labuschagne,0,1,1,,,,,"",""
ball,1,9.7,Perth Scorchers,LS Livingstone,CT Bancroft,M Labuschagne,2,0,,,,,,"",""
ball,1,9.8,Perth Scorchers,LS Livingstone,CT Bancroft,M Labuschagne,4,0,,,,,,"",""
ball,1,10.1,Perth Scorchers,CT Bancroft,LS Livingstone,M Morkel,1,0,,,,,,"",""
ball,1,10.2,Perth Scorchers,LS Livingstone,CT Bancroft,M Morkel,1,0,,,,,,"",""
ball,1,10.3,Perth Scorchers,CT Bancroft,LS Livingstone,M Morkel,0,0,,,,,,"",""
ball,1,10.4,Perth Scorchers,CT Bancroft,LS Livingstone,M Morkel,2,0,,,,,,"",""
ball,1,10.5,Perth Scorchers,CT Bancroft,LS Livingstone,M Morkel,1,0,,,,,,"",""
ball,1,10.6,Perth Scorchers,LS Livingstone,CT Bancroft,M Morkel,1,0,,,,,,"",""
ball,1,11.1,Perth Scorchers,LS Livingstone,CT Bancroft,MJ Swepson,0,0,,,,,,caught,LS Livingstone
ball,1,11.2,Perth Scorchers,MR Marsh,CT Bancroft,MJ Swepson,0,0,,,,,,"",""
ball,1,11.3,Perth Scorchers,MR Marsh,CT Bancroft,MJ Swepson,1,0,,,,,,"",""
ball,1,11.4,Perth Scorchers,CT Bancroft,MR Marsh,MJ Swepson,1,0,,,,,,"",""
ball,1,11.5,Perth Scorchers,MR Marsh,CT Bancroft,MJ Swepson,2,0,,,,,,"",""
ball,1,11.6,Perth Scorchers,MR Marsh,CT Bancroft,MJ Swepson,0,0,,,,,,"",""
ball,1,12.1,Perth Scorchers,CT Bancroft,MR Marsh,M Morkel,1,0,,,,,,"",""
ball,1,12.2,Perth Scorchers,MR Marsh,CT Bancroft,M Morkel,0,0,,,,,,"",""
ball,1,12.3,Perth Scorchers,MR Marsh,CT Bancroft,M Morkel,1,0,,,,,,"",""
ball,1,12.4,Perth Scorchers,CT Bancroft,MR Marsh,M Morkel,0,0,,,,,,"",""
ball,1,12.5,Perth Scorchers,CT Bancroft,MR Marsh,M Morkel,1,0,,,,,,"",""
ball,1,12.6,Perth Scorchers,MR Marsh,CT Bancroft,M Morkel,1,0,,,,,,"",""
ball,1,13.1,Perth Scorchers,MR Marsh,CT Bancroft,MJ Swepson,2,0,,,,,,"",""
ball,1,13.2,Perth Scorchers,MR Marsh,CT Bancroft,MJ Swepson,0,0,,,,,,"",""
ball,1,13.3,Perth Scorchers,MR Marsh,CT Bancroft,MJ Swepson,1,0,,,,,,"",""
ball,1,13.4,Perth Scorchers,CT Bancroft,MR Marsh,MJ Swepson,1,0,,,,,,"",""
ball,1,13.5,Perth Scorchers,MR Marsh,CT Bancroft,MJ Swepson,0,0,,,,,,"",""
ball,1,13.6,Perth Scorchers,MR Marsh,CT Bancroft,MJ Swepson,1,0,,,,,,"",""
ball,1,14.1,Perth Scorchers,MR Marsh,CT Bancroft,M Morkel,4,0,,,,,,"",""
ball,1,14.2,Perth Scorchers,MR Marsh,CT Bancroft,M Morkel,4,0,,,,,,"",""
ball,1,14.3,Perth Scorchers,MR Marsh,CT Bancroft,M Morkel,2,0,,,,,,"",""
ball,1,14.4,Perth Scorchers,MR Marsh,CT Bancroft,M Morkel,0,1,1,,,,,"",""
ball,1,14.5,Perth Scorchers,MR Marsh,CT Bancroft,M Morkel,6,0,,,,,,"",""
ball,1,14.6,Perth Scorchers,MR Marsh,CT Bancroft,M Morkel,1,0,,,,,,"",""
ball,1,14.7,Perth Scorchers,CT Bancroft,MR Marsh,M Morkel,4,0,,,,,,"",""
ball,1,15.1,Perth Scorchers,MR Marsh,CT Bancroft,B Laughlin,2,0,,,,,,"",""
ball,1,15.2,Perth Scorchers,MR Marsh,CT Bancroft,B Laughlin,0,0,,,,,,"",""
ball,1,15.3,Perth Scorchers,MR Marsh,CT Bancroft,B Laughlin,0,1,1,,,,,"",""
ball,1,15.4,Perth Scorchers,MR Marsh,CT Bancroft,B Laughlin,4,0,,,,,,"",""
ball,1,15.5,Perth Scorchers,MR Marsh,CT Bancroft,B Laughlin,0,0,,,,,,"",""
ball,1,15.6,Perth Scorchers,MR Marsh,CT Bancroft,B Laughlin,4,0,,,,,,"",""
ball,1,15.7,Perth Scorchers,MR Marsh,CT Bancroft,B Laughlin,0,0,,,,,,"",""
ball,1,16.1,Perth Scorchers,CT Bancroft,MR Marsh,XC Bartlett,0,1,1,,,,,"",""
ball,1,16.2,Perth Scorchers,CT Bancroft,MR Marsh,XC Bartlett,2,0,,,,,,"",""
ball,1,16.3,Perth Scorchers,CT Bancroft,MR Marsh,XC Bartlett,2,0,,,,,,"",""
ball,1,16.4,Perth Scorchers,CT Bancroft,MR Marsh,XC Bartlett,1,0,,,,,,"",""
ball,1,16.5,Perth Scorchers,MR Marsh,CT Bancroft,XC Bartlett,0,0,,,,,,"",""
ball,1,16.6,Perth Scorchers,MR Marsh,CT Bancroft,XC Bartlett,4,0,,,,,,"",""
ball,1,16.7,Perth Scorchers,MR Marsh,CT Bancroft,XC Bartlett,2,0,,,,,,"",""
ball,1,17.1,Perth Scorchers,CT Bancroft,MR Marsh,M Morkel,1,0,,,,,,"",""
ball,1,17.2,Perth Scorchers,MR Marsh,CT Bancroft,M Morkel,1,0,,,,,,"",""
ball,1,17.3,Perth Scorchers,CT Bancroft,MR Marsh,M Morkel,0,0,,,,,,"",""
ball,1,17.4,Perth Scorchers,CT Bancroft,MR Marsh,M Morkel,4,0,,,,,,"",""
ball,1,17.5,Perth Scorchers,CT Bancroft,MR Marsh,M Morkel,1,0,,,,,,"",""
ball,1,17.6,Perth Scorchers,MR Marsh,CT Bancroft,M Morkel,6,0,,,,,,"",""
ball,1,18.1,Perth Scorchers,CT Bancroft,MR Marsh,B Laughlin,4,0,,,,,,"",""
ball,2,0.1,Brisbane Heat,CA Lynn,JL Denly,JA Richardson,0,0,,,,,,"",""
ball,2,0.2,Brisbane Heat,CA Lynn,JL Denly,JA Richardson,0,0,,,,,,"",""
ball,2,0.3,Brisbane Heat,CA Lynn,JL Denly,JA Richardson,0,0,,,,,,"",""
ball,2,0.4,Brisbane Heat,CA Lynn,JL Denly,JA Richardson,1,0,,,,,,"",""
ball,2,0.5,Brisbane Heat,JL Denly,CA Lynn,JA Richardson,2,0,,,,,,"",""
ball,2,0.6,Brisbane Heat,JL Denly,CA Lynn,JA Richardson,0,0,,,,,,"",""
ball,2,1.1,Brisbane Heat,CA Lynn,JL Denly,JP Behrendorff,0,0,,,,,,"",""
ball,2,1.2,Brisbane Heat,CA Lynn,JL Denly,JP Behrendorff,0,0,,,,,,"",""
ball,2,1.3,Brisbane Heat,CA Lynn,JL Denly,JP Behrendorff,4,0,,,,,,"",""
ball,2,1.4,Brisbane Heat,CA Lynn,JL Denly,JP Behrendorff,1,0,,,,,,"",""
ball,2,1.5,Brisbane Heat,JL Denly,CA Lynn,JP Behrendorff,0,0,,,,,,"",""
ball,2,1.6,Brisbane Heat,JL Denly,CA Lynn,JP Behrendorff,2,0,,,,,,"",""
ball,2,2.1,Brisbane Heat,CA Lynn,JL Denly,JA Richardson,4,0,,,,,,"",""
ball,2,2.2,Brisbane Heat,CA Lynn,JL Denly,JA Richardson,0,0,,,,,,"",""
ball,2,2.3,Brisbane Heat,CA Lynn,JL Denly,JA Richardson,0,1,1,,,,,"",""
ball,2,2.4,Brisbane Heat,CA Lynn,JL Denly,JA Richardson,6,0,,,,,,"",""
ball,2,2.5,Brisbane Heat,CA Lynn,JL Denly,JA Richardson,1,0,,,,,,"",""
ball,2,2.6,Brisbane Heat,JL Denly,CA Lynn,JA Richardson,6,0,,,,,,"",""
ball,2,2.7,Brisbane Heat,JL Denly,CA Lynn,JA Richardson,4,0,,,,,,"",""
ball,2,3.1,Brisbane Heat,CA Lynn,JL Denly,JP Behrendorff,0,0,,,,,,"",""
ball,2,3.2,Brisbane Heat,CA Lynn,JL Denly,JP Behrendorff,0,0,,,,,,"",""
ball,2,3.3,Brisbane Heat,CA Lynn,JL Denly,JP Behrendorff,4,0,,,,,,"",""
ball,2,3.4,Brisbane Heat,CA Lynn,JL Denly,JP Behrendorff,1,0,,,,,,"",""
ball,2,3.5,Brisbane Heat,JL Denly,CA Lynn,JP Behrendorff,0,0,,,,,,caught,JL Denly
ball,2,3.6,Brisbane Heat,CA Lynn,M Labuschagne,JP Behrendorff,0,0,,,,,,bowled,CA Lynn
ball,2,4.1,Brisbane Heat,M Labuschagne,SD Heazlett,AJ Tye,0,0,,,,,,"",""
ball,2,4.2,Brisbane Heat,M Labuschagne,SD Heazlett,AJ Tye,1,0,,,,,,"",""
ball,2,4.3,Brisbane Heat,SD Heazlett,M Labuschagne,AJ Tye,1,0,,,,,,"",""
ball,2,4.4,Brisbane Heat,M Labuschagne,SD Heazlett,AJ Tye,0,0,,,,,,"",""
ball,2,4.5,Brisbane Heat,M Labuschagne,SD Heazlett,AJ Tye,0,0,,,,,,"",""
ball,2,4.6,Brisbane Heat,M Labuschagne,SD Heazlett,AJ Tye,0,0,,,,,,"",""
ball,2,5.1,Brisbane Heat,SD Heazlett,M Labuschagne,Fawad Ahmed,0,0,,,,,,"",""
ball,2,5.2,Brisbane Heat,SD Heazlett,M Labuschagne,Fawad Ahmed,1,0,,,,,,"",""
ball,2,5.3,Brisbane Heat,M Labuschagne,SD Heazlett,Fawad Ahmed,1,0,,,,,,"",""
ball,2,5.4,Brisbane Heat,SD Heazlett,M Labuschagne,Fawad Ahmed,1,0,,,,,,"",""
ball,2,5.5,Brisbane Heat,M Labuschagne,SD Heazlett,Fawad Ahmed,0,0,,,,,,"",""
ball,2,5.6,Brisbane Heat,M Labuschagne,SD Heazlett,Fawad Ahmed,2,0,,,,,,"",""
ball,2,6.1,Brisbane Heat,SD Heazlett,M Labuschagne,AM Hardie,0,0,,,,,,caught,SD Heazlett
ball,2,6.2,Brisbane Heat,M Labuschagne,JJ Peirson,AM Hardie,2,0,,,,,,"",""
ball,2,6.3,Brisbane Heat,M Labuschagne,JJ Peirson,AM Hardie,4,0,,,,,,"",""
ball,2,6.4,Brisbane Heat,M Labuschagne,JJ Peirson,AM Hardie,1,0,,,,,,"",""
ball,2,6.5,Brisbane Heat,JJ Peirson,M Labuschagne,AM Hardie,0,0,,,,,,"",""
ball,2,6.6,Brisbane Heat,JJ Peirson,M Labuschagne,AM Hardie,2,0,,,,,,"",""
ball,2,7.1,Brisbane Heat,M Labuschagne,JJ Peirson,Fawad Ahmed,4,0,,,,,,"",""
ball,2,7.2,Brisbane Heat,M Labuschagne,JJ Peirson,Fawad Ahmed,0,0,,,,,,"",""
ball,2,7.3,Brisbane Heat,M Labuschagne,JJ Peirson,Fawad Ahmed,0,0,,,,,,bowled,M Labuschagne
ball,2,7.4,Brisbane Heat,JA Burns,JJ Peirson,Fawad Ahmed,1,0,,,,,,"",""
ball,2,7.5,Brisbane Heat,JJ Peirson,JA Burns,Fawad Ahmed,1,0,,,,,,"",""
ball,2,7.6,Brisbane Heat,JA Burns,JJ Peirson,Fawad Ahmed,0,0,,,,,,"",""
ball,2,8.1,Brisbane Heat,JJ Peirson,JA Burns,JP Behrendorff,1,0,,,,,,"",""
ball,2,8.2,Brisbane Heat,JA Burns,JJ Peirson,JP Behrendorff,1,0,,,,,,"",""
ball,2,8.3,Brisbane Heat,JJ Peirson,JA Burns,JP Behrendorff,0,1,1,,,,,"",""
ball,2,8.4,Brisbane Heat,JJ Peirson,JA Burns,JP Behrendorff,0,0,,,,,,"",""
ball,2,8.5,Brisbane Heat,JJ Peirson,JA Burns,JP Behrendorff,1,0,,,,,,"",""
ball,2,8.6,Brisbane Heat,JA Burns,JJ Peirson,JP Behrendorff,1,0,,,,,,"",""
ball,2,8.7,Brisbane Heat,JJ Peirson,JA Burns,JP Behrendorff,2,0,,,,,,"",""
ball,2,9.1,Brisbane Heat,JA Burns,JJ Peirson,JA Richardson,1,0,,,,,,"",""
ball,2,9.2,Brisbane Heat,JJ Peirson,JA Burns,JA Richardson,0,0,,,,,,"",""
ball,2,9.3,Brisbane Heat,JJ Peirson,JA Burns,JA Richardson,0,0,,,,,,"",""
ball,2,9.4,Brisbane Heat,JJ Peirson,JA Burns,JA Richardson,2,0,,,,,,"",""
ball,2,9.5,Brisbane Heat,JJ Peirson,JA Burns,JA Richardson,4,0,,,,,,"",""
ball,2,9.6,Brisbane Heat,JJ Peirson,JA Burns,JA Richardson,2,0,,,,,,"",""
ball,2,10.1,Brisbane Heat,JA Burns,JJ Peirson,AM Hardie,3,0,,,,,,"",""
ball,2,10.2,Brisbane Heat,JJ Peirson,JA Burns,AM Hardie,0,0,,,,,,caught,JJ Peirson
ball,2,10.3,Brisbane Heat,JA Burns,L Gregory,AM Hardie,0,1,1,,,,,"",""
ball,2,10.4,Brisbane Heat,JA Burns,L Gregory,AM Hardie,4,0,,,,,,"",""
ball,2,10.5,Brisbane Heat,JA Burns,L Gregory,AM Hardie,1,0,,,,,,"",""
ball,2,10.6,Brisbane Heat,L Gregory,JA Burns,AM Hardie,0,0,,,,,,"",""
ball,2,10.7,Brisbane Heat,L Gregory,JA Burns,AM Hardie,0,1,1,,,,,"",""
ball,2,10.8,Brisbane Heat,L Gregory,JA Burns,AM Hardie,2,0,,,,,,"",""
ball,2,11.1,Brisbane Heat,JA Burns,L Gregory,Fawad Ahmed,0,0,,,,,,"",""
ball,2,11.2,Brisbane Heat,JA Burns,L Gregory,Fawad Ahmed,1,0,,,,,,"",""
ball,2,11.3,Brisbane Heat,L Gregory,JA Burns,Fawad Ahmed,0,0,,,,,,lbw,L Gregory
ball,2,11.4,Brisbane Heat,XC Bartlett,JA Burns,Fawad Ahmed,0,0,,,,,,"",""
ball,2,11.5,Brisbane Heat,XC Bartlett,JA Burns,Fawad Ahmed,1,0,,,,,,"",""
ball,2,11.6,Brisbane Heat,JA Burns,XC Bartlett,Fawad Ahmed,0,1,1,,,,,"",""
ball,2,11.7,Brisbane Heat,JA Burns,XC Bartlett,Fawad Ahmed,1,0,,,,,,"",""
ball,2,12.1,Brisbane Heat,JA Burns,XC Bartlett,AJ Tye,1,0,,,,,,"",""
ball,2,12.2,Brisbane Heat,XC Bartlett,JA Burns,AJ Tye,1,0,,,,,,"",""
ball,2,12.3,Brisbane Heat,JA Burns,XC Bartlett,AJ Tye,4,0,,,,,,"",""
ball,2,12.4,Brisbane Heat,JA Burns,XC Bartlett,AJ Tye,1,0,,,,,,"",""
ball,2,12.5,Brisbane Heat,XC Bartlett,JA Burns,AJ Tye,3,0,,,,,,"",""
ball,2,12.6,Brisbane Heat,JA Burns,XC Bartlett,AJ Tye,1,0,,,,,,"",""
ball,2,13.1,Brisbane Heat,JA Burns,XC Bartlett,Fawad Ahmed,1,0,,,,,,"",""
ball,2,13.2,Brisbane Heat,XC Bartlett,JA Burns,Fawad Ahmed,0,0,,,,,,"",""
ball,2,13.3,Brisbane Heat,XC Bartlett,JA Burns,Fawad Ahmed,1,0,,,,,,"",""
ball,2,13.4,Brisbane Heat,JA Burns,XC Bartlett,Fawad Ahmed,6,0,,,,,,"",""
ball,2,13.5,Brisbane Heat,JA Burns,XC Bartlett,Fawad Ahmed,2,0,,,,,,"",""
ball,2,13.6,Brisbane Heat,JA Burns,XC Bartlett,Fawad Ahmed,1,0,,,,,,"",""
ball,2,14.1,Brisbane Heat,JA Burns,XC Bartlett,AJ Tye,1,0,,,,,,"",""
ball,2,14.2,Brisbane Heat,XC Bartlett,JA Burns,AJ Tye,1,0,,,,,,"",""
ball,2,14.3,Brisbane Heat,JA Burns,XC Bartlett,AJ Tye,2,0,,,,,,"",""
ball,2,14.4,Brisbane Heat,JA Burns,XC Bartlett,AJ Tye,4,0,,,,,,"",""
ball,2,14.5,Brisbane Heat,JA Burns,XC Bartlett,AJ Tye,0,0,,,,,,"",""
ball,2,14.6,Brisbane Heat,JA Burns,XC Bartlett,AJ Tye,0,0,,,,,,caught,JA Burns
ball,2,15.1,Brisbane Heat,MJ Swepson,XC Bartlett,AM Hardie,1,0,,,,,,"",""
ball,2,15.2,Brisbane Heat,XC Bartlett,MJ Swepson,AM Hardie,4,0,,,,,,"",""
ball,2,15.3,Brisbane Heat,XC Bartlett,MJ Swepson,AM Hardie,2,0,,,,,,"",""
ball,2,15.4,Brisbane Heat,XC Bartlett,MJ Swepson,AM Hardie,6,0,,,,,,"",""
ball,2,15.5,Brisbane Heat,XC Bartlett,MJ Swepson,AM Hardie,0,0,,,,,,caught,XC Bartlett
ball,2,15.6,Brisbane Heat,MJ Swepson,M Morkel,AM Hardie,2,0,,,,,,"",""
ball,2,16.1,Brisbane Heat,M Morkel,MJ Swepson,AJ Tye,0,0,,,,,,"",""
ball,2,16.2,Brisbane Heat,M Morkel,MJ Swepson,AJ Tye,2,0,,,,,,"",""
ball,2,16.3,Brisbane Heat,M Morkel,MJ Swepson,AJ Tye,0,0,,,,,,"",""
ball,2,16.4,Brisbane Heat,M Morkel,MJ Swepson,AJ Tye,0,0,,,,,,caught,M Morkel
ball,2,16.5,Brisbane Heat,B Laughlin,MJ Swepson,AJ Tye,0,1,1,,,,,"",""
ball,2,16.6,Brisbane Heat,B Laughlin,MJ Swepson,AJ Tye,0,0,,,,,,"",""
ball,2,16.7,Brisbane Heat,B Laughlin,MJ Swepson,AJ Tye,1,0,,,,,,"",""
ball,2,17.1,Brisbane Heat,B Laughlin,MJ Swepson,AM Hardie,1,0,,,,,,"",""
ball,2,17.2,Brisbane Heat,MJ Swepson,B Laughlin,AM Hardie,4,0,,,,,,"",""
ball,2,17.3,Brisbane Heat,MJ Swepson,B Laughlin,AM Hardie,0,0,,,,,,"",""
ball,2,17.4,Brisbane Heat,MJ Swepson,B Laughlin,AM Hardie,0,1,1,,,,,"",""
ball,2,17.5,Brisbane Heat,MJ Swepson,B Laughlin,AM Hardie,0,0,,,,,,"",""
ball,2,17.6,Brisbane Heat,MJ Swepson,B Laughlin,AM Hardie,0,0,,,,,,"",""
ball,2,17.7,Brisbane Heat,MJ Swepson,B Laughlin,AM Hardie,4,0,,,,,,"",""
