version,1.6.0
info,balls_per_over,6
info,team,Melbourne Renegades
info,team,Hobart Hurricanes
info,gender,male
info,season,2020/21
info,date,2020/12/19
info,event,Big Bash League
info,match_number,10
info,venue,Bellerive Oval
info,city,Hobart
info,toss_winner,Hobart Hurricanes
info,toss_decision,field
info,player_of_match,BR McDermott
info,umpire,DR Close
info,umpire,P Wilson
info,reserve_umpire,SJ Nogajski
info,tv_umpire,NR Johnstone
info,match_referee,Dave Gilbert
info,winner,Hobart Hurricanes
info,winner_wickets,6
info,player,Melbourne Renegades,P Hatzoglou
info,player,Melbourne Renegades,SE Marsh
info,player,Melbourne Renegades,J Fraser-McGurk
info,player,Melbourne Renegades,SB Harper
info,player,Melbourne Renegades,RR Rossouw
info,player,Melbourne Renegades,Mohammad Nabi
info,player,Melbourne Renegades,BJ Webster
info,player,Melbourne Renegades,W Sutherland
info,player,Melbourne Renegades,KW Richardson
info,player,Melbourne Renegades,JK Lalor
info,player,Melbourne Renegades,Noor Ahmad
info,player,Melbourne Renegades,MW Harvey
info,player,Hobart Hurricanes,DJM Short
info,player,Hobart Hurricanes,WG Jacks
info,player,Hobart Hurricanes,BR McDermott
info,player,Hobart Hurricanes,PSP Handscomb
info,player,Hobart Hurricanes,CA Ingram
info,player,Hobart Hurricanes,TH David
info,player,Hobart Hurricanes,KMA Paul
info,player,Hobart Hurricanes,JP Faulkner
info,player,Hobart Hurricanes,NT Ellis
info,player,Hobart Hurricanes,SM Boland
info,player,Hobart Hurricanes,RP Meredith
info,registry,people,BJ Webster,56b93d46
info,registry,people,BR McDermott,c41043e6
info,registry,people,CA Ingram,c995d726
info,registry,people,DJM Short,1a156c88
info,registry,people,DR Close,4cae2b0c
info,registry,people,Dave Gilbert,aa782370
info,registry,people,J Fraser-McGurk,9b6e1b3f
info,registry,people,JK Lalor,88209c84
info,registry,people,JP Faulkner,808f425a
info,registry,people,KMA Paul,75224f22
info,registry,people,KW Richardson,dfc4d8b5
info,registry,people,MW Harvey,47dc9794
info,registry,people,Mohammad Nabi,62af8546
info,registry,people,NR Johnstone,ce274b6a
info,registry,people,NT Ellis,9eb1455b
info,registry,people,Noor Ahmad,efc04be7
info,registry,people,P Hatzoglou,6f95e5fa
info,registry,people,P Wilson,68304a36
info,registry,people,PSP Handscomb,ada15e88
info,registry,people,RP Meredith,64775749
info,registry,people,RR Rossouw,cad00a4d
info,registry,people,SB Harper,a756e61a
info,registry,people,SE Marsh,508a1ea7
info,registry,people,SJ Nogajski,9b3f9323
info,registry,people,SM Boland,d167edd3
info,registry,people,TH David,f1f99156
info,registry,people,W Sutherland,bc2d4f2e
info,registry,people,WG Jacks,9caf69a1
ball,1,0.1,Melbourne Renegades,SE Marsh,J Fraser-McGurk,JP Faulkner,1,0,,,,,,"",""
ball,1,0.2,Melbourne Renegades,J Fraser-McGurk,SE Marsh,JP Faulkner,1,0,,,,,,"",""
ball,1,0.3,Melbourne Renegades,SE Marsh,J Fraser-McGurk,JP Faulkner,0,0,,,,,,caught,SE Marsh
ball,1,0.4,Melbourne Renegades,SB Harper,J Fraser-McGurk,JP Faulkner,0,0,,,,,,"",""
ball,1,0.5,Melbourne Renegades,SB Harper,J Fraser-McGurk,JP Faulkner,1,0,,,,,,"",""
ball,1,0.6,Melbourne Renegades,J Fraser-McGurk,SB Harper,JP Faulkner,1,0,,,,,,"",""
ball,1,1.1,Melbourne Renegades,J Fraser-McGurk,SB Harper,SM Boland,0,0,,,,,,"",""
ball,1,1.2,Melbourne Renegades,J Fraser-McGurk,SB Harper,SM Boland,0,0,,,,,,"",""
ball,1,1.3,Melbourne Renegades,J Fraser-McGurk,SB Harper,SM Boland,0,0,,,,,,"",""
ball,1,1.4,Melbourne Renegades,J Fraser-McGurk,SB Harper,SM Boland,0,0,,,,,,"",""
ball,1,1.5,Melbourne Renegades,J Fraser-McGurk,SB Harper,SM Boland,0,0,,,,,,caught,J Fraser-McGurk
ball,1,1.6,Melbourne Renegades,RR Rossouw,SB Harper,SM Boland,0,0,,,,,,"",""
ball,1,2.1,Melbourne Renegades,SB Harper,RR Rossouw,JP Faulkner,0,0,,,,,,"",""
ball,1,2.2,Melbourne Renegades,SB Harper,RR Rossouw,JP Faulkner,0,1,1,,,,,"",""
ball,1,2.3,Melbourne Renegades,SB Harper,RR Rossouw,JP Faulkner,4,0,,,,,,"",""
ball,1,2.4,Melbourne Renegades,SB Harper,RR Rossouw,JP Faulkner,0,0,,,,,,"",""
ball,1,2.5,Melbourne Renegades,SB Harper,RR Rossouw,JP Faulkner,1,0,,,,,,"",""
ball,1,2.6,Melbourne Renegades,RR Rossouw,SB Harper,JP Faulkner,0,0,,,,,,"",""
ball,1,2.7,Melbourne Renegades,RR Rossouw,SB Harper,JP Faulkner,0,0,,,,,,"",""
ball,1,3.1,Melbourne Renegades,SB Harper,RR Rossouw,SM Boland,0,0,,,,,,"",""
ball,1,3.2,Melbourne Renegades,SB Harper,RR Rossouw,SM Boland,0,0,,,,,,"",""
ball,1,3.3,Melbourne Renegades,SB Harper,RR Rossouw,SM Boland,0,0,,,,,,"",""
ball,1,3.4,Melbourne Renegades,SB Harper,RR Rossouw,SM Boland,1,0,,,,,,"",""
ball,1,3.5,Melbourne Renegades,RR Rossouw,SB Harper,SM Boland,0,0,,,,,,"",""
ball,1,3.6,Melbourne Renegades,RR Rossouw,SB Harper,SM Boland,1,0,,,,,,"",""
ball,1,4.1,Melbourne Renegades,RR Rossouw,SB Harper,JP Faulkner,4,0,,,,,,"",""
ball,1,4.2,Melbourne Renegades,RR Rossouw,SB Harper,JP Faulkner,0,0,,,,,,"",""
ball,1,4.3,Melbourne Renegades,RR Rossouw,SB Harper,JP Faulkner,0,0,,,,,,"",""
ball,1,4.4,Melbourne Renegades,RR Rossouw,SB Harper,JP Faulkner,4,0,,,,,,"",""
ball,1,4.5,Melbourne Renegades,RR Rossouw,SB Harper,JP Faulkner,1,0,,,,,,"",""
ball,1,4.6,Melbourne Renegades,SB Harper,RR Rossouw,JP Faulkner,1,0,,,,,,"",""
ball,1,5.1,Melbourne Renegades,SB Harper,RR Rossouw,RP Meredith,4,0,,,,,,"",""
ball,1,5.2,Melbourne Renegades,SB Harper,RR Rossouw,RP Meredith,1,0,,,,,,"",""
ball,1,5.3,Melbourne Renegades,RR Rossouw,SB Harper,RP Meredith,4,0,,,,,,"",""
ball,1,5.4,Melbourne Renegades,RR Rossouw,SB Harper,RP Meredith,0,0,,,,,,"",""
ball,1,5.5,Melbourne Renegades,RR Rossouw,SB Harper,RP Meredith,2,0,,,,,,"",""
ball,1,5.6,Melbourne Renegades,RR Rossouw,SB Harper,RP Meredith,1,0,,,,,,"",""
ball,1,6.1,Melbourne Renegades,RR Rossouw,SB Harper,NT Ellis,1,0,,,,,,"",""
ball,1,6.2,Melbourne Renegades,SB Harper,RR Rossouw,NT Ellis,0,0,,,,,,"",""
ball,1,6.3,Melbourne Renegades,SB Harper,RR Rossouw,NT Ellis,2,0,,,,,,"",""
ball,1,6.4,Melbourne Renegades,SB Harper,RR Rossouw,NT Ellis,1,0,,,,,,"",""
ball,1,6.5,Melbourne Renegades,RR Rossouw,SB Harper,NT Ellis,1,0,,,,,,"",""
ball,1,6.6,Melbourne Renegades,SB Harper,RR Rossouw,NT Ellis,0,0,,,,,,"",""
ball,1,7.1,Melbourne Renegades,RR Rossouw,SB Harper,KMA Paul,0,1,,,,1,,"",""
ball,1,7.2,Melbourne Renegades,SB Harper,RR Rossouw,KMA Paul,1,0,,,,,,"",""
ball,1,7.3,Melbourne Renegades,RR Rossouw,SB Harper,KMA Paul,0,0,,,,,,"",""
ball,1,7.4,Melbourne Renegades,RR Rossouw,SB Harper,KMA Paul,2,0,,,,,,"",""
ball,1,7.5,Melbourne Renegades,RR Rossouw,SB Harper,KMA Paul,4,0,,,,,,"",""
ball,1,7.6,Melbourne Renegades,RR Rossouw,SB Harper,KMA Paul,1,0,,,,,,"",""
ball,1,8.1,Melbourne Renegades,RR Rossouw,SB Harper,WG Jacks,1,0,,,,,,"",""
ball,1,8.2,Melbourne Renegades,SB Harper,RR Rossouw,WG Jacks,1,0,,,,,,"",""
ball,1,8.3,Melbourne Renegades,RR Rossouw,SB Harper,WG Jacks,1,0,,,,,,"",""
ball,1,8.4,Melbourne Renegades,SB Harper,RR Rossouw,WG Jacks,1,0,,,,,,"",""
ball,1,8.5,Melbourne Renegades,RR Rossouw,SB Harper,WG Jacks,4,0,,,,,,"",""
ball,1,8.6,Melbourne Renegades,RR Rossouw,SB Harper,WG Jacks,1,0,,,,,,"",""
ball,1,9.1,Melbourne Renegades,RR Rossouw,SB Harper,RP Meredith,1,0,,,,,,"",""
ball,1,9.2,Melbourne Renegades,SB Harper,RR Rossouw,RP Meredith,6,0,,,,,,"",""
ball,1,9.3,Melbourne Renegades,SB Harper,RR Rossouw,RP Meredith,1,0,,,,,,"",""
ball,1,9.4,Melbourne Renegades,RR Rossouw,SB Harper,RP Meredith,1,0,,,,,,"",""
ball,1,9.5,Melbourne Renegades,SB Harper,RR Rossouw,RP Meredith,2,0,,,,,,"",""
ball,1,9.6,Melbourne Renegades,SB Harper,RR Rossouw,RP Meredith,1,0,,,,,,"",""
ball,1,10.1,Melbourne Renegades,SB Harper,RR Rossouw,DJM Short,6,0,,,,,,"",""
ball,1,10.2,Melbourne Renegades,SB Harper,RR Rossouw,DJM Short,0,0,,,,,,"",""
ball,1,10.3,Melbourne Renegades,SB Harper,RR Rossouw,DJM Short,1,0,,,,,,"",""
ball,1,10.4,Melbourne Renegades,RR Rossouw,SB Harper,DJM Short,0,0,,,,,,"",""
ball,1,10.5,Melbourne Renegades,RR Rossouw,SB Harper,DJM Short,1,0,,,,,,"",""
ball,1,10.6,Melbourne Renegades,SB Harper,RR Rossouw,DJM Short,1,0,,,,,,"",""
ball,1,11.1,Melbourne Renegades,SB Harper,RR Rossouw,KMA Paul,2,0,,,,,,"",""
ball,1,11.2,Melbourne Renegades,SB Harper,RR Rossouw,KMA Paul,0,0,,,,,,"",""
ball,1,11.3,Melbourne Renegades,SB Harper,RR Rossouw,KMA Paul,3,0,,,,,,"",""
ball,1,11.4,Melbourne Renegades,RR Rossouw,SB Harper,KMA Paul,6,0,,,,,,"",""
ball,1,11.5,Melbourne Renegades,RR Rossouw,SB Harper,KMA Paul,4,0,,,,,,"",""
ball,1,11.6,Melbourne Renegades,RR Rossouw,SB Harper,KMA Paul,4,0,,,,,,"",""
ball,1,12.1,Melbourne Renegades,SB Harper,RR Rossouw,JP Faulkner,1,0,,,,,,"",""
ball,1,12.2,Melbourne Renegades,RR Rossouw,SB Harper,JP Faulkner,0,1,1,,,,,"",""
ball,1,12.3,Melbourne Renegades,RR Rossouw,SB Harper,JP Faulkner,1,0,,,,,,"",""
ball,1,12.4,Melbourne Renegades,SB Harper,RR Rossouw,JP Faulkner,1,0,,,,,,"",""
ball,1,12.5,Melbourne Renegades,RR Rossouw,SB Harper,JP Faulkner,1,0,,,,,,"",""
ball,1,12.6,Melbourne Renegades,SB Harper,RR Rossouw,JP Faulkner,1,0,,,,,,"",""
ball,1,12.7,Melbourne Renegades,RR Rossouw,SB Harper,JP Faulkner,4,0,,,,,,"",""
ball,1,13.1,Melbourne Renegades,SB Harper,RR Rossouw,WG Jacks,0,0,,,,,,"",""
ball,1,13.2,Melbourne Renegades,SB Harper,RR Rossouw,WG Jacks,1,0,,,,,,"",""
ball,1,13.3,Melbourne Renegades,RR Rossouw,SB Harper,WG Jacks,1,0,,,,,,"",""
ball,1,13.4,Melbourne Renegades,SB Harper,RR Rossouw,WG Jacks,0,0,,,,,,"",""
ball,1,13.5,Melbourne Renegades,SB Harper,RR Rossouw,WG Jacks,1,0,,,,,,"",""
ball,1,13.6,Melbourne Renegades,RR Rossouw,SB Harper,WG Jacks,1,0,,,,,,"",""
ball,1,14.1,Melbourne Renegades,RR Rossouw,SB Harper,NT Ellis,0,0,,,,,,"",""
ball,1,14.2,Melbourne Renegades,RR Rossouw,SB Harper,NT Ellis,1,0,,,,,,"",""
ball,1,14.3,Melbourne Renegades,SB Harper,RR Rossouw,NT Ellis,1,0,,,,,,"",""
ball,1,14.4,Melbourne Renegades,RR Rossouw,SB Harper,NT Ellis,0,0,,,,,,bowled,RR Rossouw
ball,1,14.5,Melbourne Renegades,Mohammad Nabi,SB Harper,NT Ellis,0,0,,,,,,"",""
ball,1,14.6,Melbourne Renegades,Mohammad Nabi,SB Harper,NT Ellis,1,0,,,,,,"",""
ball,1,15.1,Melbourne Renegades,Mohammad Nabi,SB Harper,SM Boland,0,0,,,,,,"",""
ball,1,15.2,Melbourne Renegades,Mohammad Nabi,SB Harper,SM Boland,0,0,,,,,,"",""
ball,1,15.3,Melbourne Renegades,Mohammad Nabi,SB Harper,SM Boland,1,0,,,,,,"",""
ball,1,15.4,Melbourne Renegades,SB Harper,Mohammad Nabi,SM Boland,0,0,,,,,,"",""
ball,1,15.5,Melbourne Renegades,SB Harper,Mohammad Nabi,SM Boland,1,0,,,,,,"",""
ball,1,15.6,Melbourne Renegades,Mohammad Nabi,SB Harper,SM Boland,1,0,,,,,,"",""
ball,1,16.1,Melbourne Renegades,Mohammad Nabi,SB Harper,NT Ellis,4,0,,,,,,"",""
ball,1,16.2,Melbourne Renegades,Mohammad Nabi,SB Harper,NT Ellis,1,0,,,,,,"",""
ball,1,16.3,Melbourne Renegades,SB Harper,Mohammad Nabi,NT Ellis,1,0,,,,,,"",""
ball,1,16.4,Melbourne Renegades,Mohammad Nabi,SB Harper,NT Ellis,4,0,,,,,,"",""
ball,1,16.5,Melbourne Renegades,Mohammad Nabi,SB Harper,NT Ellis,1,1,,1,,,,"",""
ball,1,16.6,Melbourne Renegades,SB Harper,Mohammad Nabi,NT Ellis,1,0,,,,,,"",""
ball,1,16.7,Melbourne Renegades,Mohammad Nabi,SB Harper,NT Ellis,1,0,,,,,,"",""
ball,1,17.1,Melbourne Renegades,Mohammad Nabi,SB Harper,SM Boland,0,0,,,,,,lbw,Mohammad Nabi
ball,1,17.2,Melbourne Renegades,BJ Webster,SB Harper,SM Boland,1,0,,,,,,"",""
ball,1,17.3,Melbourne Renegades,SB Harper,BJ Webster,SM Boland,4,0,,,,,,"",""
ball,1,17.4,Melbourne Renegades,SB Harper,BJ Webster,SM Boland,4,0,,,,,,"",""
ball,1,17.5,Melbourne Renegades,SB Harper,BJ Webster,SM Boland,1,0,,,,,,"",""
ball,1,17.6,Melbourne Renegades,BJ Webster,SB Harper,SM Boland,4,0,,,,,,"",""
ball,1,18.1,Melbourne Renegades,SB Harper,BJ Webster,NT Ellis,1,0,,,,,,"",""
ball,1,18.2,Melbourne Renegades,BJ Webster,SB Harper,NT Ellis,0,0,,,,,,"",""
ball,1,18.3,Melbourne Renegades,BJ Webster,SB Harper,NT Ellis,2,0,,,,,,"",""
ball,1,18.4,Melbourne Renegades,BJ Webster,SB Harper,NT Ellis,1,0,,,,,,"",""
ball,1,18.5,Melbourne Renegades,SB Harper,BJ Webster,NT Ellis,2,0,,,,,,"",""
ball,1,18.6,Melbourne Renegades,SB Harper,BJ Webster,NT Ellis,0,0,,,,,,"",""
ball,1,19.1,Melbourne Renegades,BJ Webster,SB Harper,RP Meredith,2,0,,,,,,"",""
ball,1,19.2,Melbourne Renegades,BJ Webster,SB Harper,RP Meredith,0,1,,,,1,,"",""
ball,1,19.3,Melbourne Renegades,SB Harper,BJ Webster,RP Meredith,2,0,,,,,,"",""
ball,1,19.4,Melbourne Renegades,SB Harper,BJ Webster,RP Meredith,0,0,,,,,,"",""
ball,1,19.5,Melbourne Renegades,SB Harper,BJ Webster,RP Meredith,1,0,,,,,,"",""
ball,1,19.6,Melbourne Renegades,BJ Webster,SB Harper,RP Meredith,0,0,,,,,,bowled,BJ Webster
ball,2,0.1,Hobart Hurricanes,DJM Short,WG Jacks,JK Lalor,1,0,,,,,,"",""
ball,2,0.2,Hobart Hurricanes,WG Jacks,DJM Short,JK Lalor,1,0,,,,,,"",""
ball,2,0.3,Hobart Hurricanes,DJM Short,WG Jacks,JK Lalor,0,0,,,,,,bowled,DJM Short
ball,2,0.4,Hobart Hurricanes,BR McDermott,WG Jacks,JK Lalor,4,0,,,,,,"",""
ball,2,0.5,Hobart Hurricanes,BR McDermott,WG Jacks,JK Lalor,0,0,,,,,,"",""
ball,2,0.6,Hobart Hurricanes,BR McDermott,WG Jacks,JK Lalor,0,0,,,,,,"",""
ball,2,1.1,Hobart Hurricanes,WG Jacks,BR McDermott,KW Richardson,0,0,,,,,,"",""
ball,2,1.2,Hobart Hurricanes,WG Jacks,BR McDermott,KW Richardson,2,0,,,,,,"",""
ball,2,1.3,Hobart Hurricanes,WG Jacks,BR McDermott,KW Richardson,4,0,,,,,,"",""
ball,2,1.4,Hobart Hurricanes,WG Jacks,BR McDermott,KW Richardson,1,0,,,,,,"",""
ball,2,1.5,Hobart Hurricanes,BR McDermott,WG Jacks,KW Richardson,0,0,,,,,,"",""
ball,2,1.6,Hobart Hurricanes,BR McDermott,WG Jacks,KW Richardson,0,0,,,,,,"",""
ball,2,2.1,Hobart Hurricanes,WG Jacks,BR McDermott,Mohammad Nabi,1,0,,,,,,"",""
ball,2,2.2,Hobart Hurricanes,BR McDermott,WG Jacks,Mohammad Nabi,1,0,,,,,,"",""
ball,2,2.3,Hobart Hurricanes,WG Jacks,BR McDermott,Mohammad Nabi,1,0,,,,,,"",""
ball,2,2.4,Hobart Hurricanes,BR McDermott,WG Jacks,Mohammad Nabi,4,0,,,,,,"",""
ball,2,2.5,Hobart Hurricanes,BR McDermott,WG Jacks,Mohammad Nabi,4,0,,,,,,"",""
ball,2,2.6,Hobart Hurricanes,BR McDermott,WG Jacks,Mohammad Nabi,1,0,,,,,,"",""
ball,2,3.1,Hobart Hurricanes,BR McDermott,WG Jacks,JK Lalor,0,0,,,,,,run out,WG Jacks
ball,2,3.2,Hobart Hurricanes,PSP Handscomb,BR McDermott,JK Lalor,0,0,,,,,,"",""
ball,2,3.3,Hobart Hurricanes,PSP Handscomb,BR McDermott,JK Lalor,0,0,,,,,,"",""
ball,2,3.4,Hobart Hurricanes,PSP Handscomb,BR McDermott,JK Lalor,4,0,,,,,,"",""
ball,2,3.5,Hobart Hurricanes,PSP Handscomb,BR McDermott,JK Lalor,0,0,,,,,,"",""
ball,2,3.6,Hobart Hurricanes,PSP Handscomb,BR McDermott,JK Lalor,4,0,,,,,,"",""
ball,2,4.1,Hobart Hurricanes,BR McDermott,PSP Handscomb,W Sutherland,0,0,,,,,,"",""
ball,2,4.2,Hobart Hurricanes,BR McDermott,PSP Handscomb,W Sutherland,2,0,,,,,,"",""
ball,2,4.3,Hobart Hurricanes,BR McDermott,PSP Handscomb,W Sutherland,1,0,,,,,,"",""
ball,2,4.4,Hobart Hurricanes,PSP Handscomb,BR McDermott,W Sutherland,0,0,,,,,,"",""
ball,2,4.5,Hobart Hurricanes,PSP Handscomb,BR McDermott,W Sutherland,1,0,,,,,,"",""
ball,2,4.6,Hobart Hurricanes,BR McDermott,PSP Handscomb,W Sutherland,0,0,,,,,,"",""
ball,2,5.1,Hobart Hurricanes,PSP Handscomb,BR McDermott,Noor Ahmad,1,0,,,,,,"",""
ball,2,5.2,Hobart Hurricanes,BR McDermott,PSP Handscomb,Noor Ahmad,1,0,,,,,,"",""
ball,2,5.3,Hobart Hurricanes,PSP Handscomb,BR McDermott,Noor Ahmad,1,0,,,,,,"",""
ball,2,5.4,Hobart Hurricanes,BR McDermott,PSP Handscomb,Noor Ahmad,0,0,,,,,,"",""
ball,2,5.5,Hobart Hurricanes,BR McDermott,PSP Handscomb,Noor Ahmad,1,1,,1,,,,"",""
ball,2,5.6,Hobart Hurricanes,PSP Handscomb,BR McDermott,Noor Ahmad,1,0,,,,,,"",""
ball,2,5.7,Hobart Hurricanes,BR McDermott,PSP Handscomb,Noor Ahmad,0,0,,,,,,"",""
ball,2,6.1,Hobart Hurricanes,PSP Handscomb,BR McDermott,W Sutherland,0,0,,,,,,"",""
ball,2,6.2,Hobart Hurricanes,PSP Handscomb,BR McDermott,W Sutherland,0,0,,,,,,"",""
ball,2,6.3,Hobart Hurricanes,PSP Handscomb,BR McDermott,W Sutherland,0,0,,,,,,"",""
ball,2,6.4,Hobart Hurricanes,PSP Handscomb,BR McDermott,W Sutherland,1,0,,,,,,"",""
ball,2,6.5,Hobart Hurricanes,BR McDermott,PSP Handscomb,W Sutherland,6,0,,,,,,"",""
ball,2,6.6,Hobart Hurricanes,BR McDermott,PSP Handscomb,W Sutherland,1,0,,,,,,"",""
ball,2,7.1,Hobart Hurricanes,BR McDermott,PSP Handscomb,Noor Ahmad,0,0,,,,,,"",""
ball,2,7.2,Hobart Hurricanes,BR McDermott,PSP Handscomb,Noor Ahmad,6,0,,,,,,"",""
ball,2,7.3,Hobart Hurricanes,BR McDermott,PSP Handscomb,Noor Ahmad,0,0,,,,,,"",""
ball,2,7.4,Hobart Hurricanes,BR McDermott,PSP Handscomb,Noor Ahmad,1,0,,,,,,"",""
ball,2,7.5,Hobart Hurricanes,PSP Handscomb,BR McDermott,Noor Ahmad,0,0,,,,,,caught,PSP Handscomb
ball,2,7.6,Hobart Hurricanes,CA Ingram,BR McDermott,Noor Ahmad,0,0,,,,,,"",""
ball,2,8.1,Hobart Hurricanes,BR McDermott,CA Ingram,Mohammad Nabi,2,0,,,,,,"",""
ball,2,8.2,Hobart Hurricanes,BR McDermott,CA Ingram,Mohammad Nabi,1,0,,,,,,"",""
ball,2,8.3,Hobart Hurricanes,CA Ingram,BR McDermott,Mohammad Nabi,0,0,,,,,,"",""
ball,2,8.4,Hobart Hurricanes,CA Ingram,BR McDermott,Mohammad Nabi,1,0,,,,,,"",""
ball,2,8.5,Hobart Hurricanes,BR McDermott,CA Ingram,Mohammad Nabi,3,0,,,,,,"",""
ball,2,8.6,Hobart Hurricanes,CA Ingram,BR McDermott,Mohammad Nabi,0,0,,,,,,"",""
ball,2,9.1,Hobart Hurricanes,BR McDermott,CA Ingram,Noor Ahmad,1,0,,,,,,"",""
ball,2,9.2,Hobart Hurricanes,CA Ingram,BR McDermott,Noor Ahmad,0,0,,,,,,"",""
ball,2,9.3,Hobart Hurricanes,CA Ingram,BR McDermott,Noor Ahmad,0,0,,,,,,"",""
ball,2,9.4,Hobart Hurricanes,CA Ingram,BR McDermott,Noor Ahmad,6,0,,,,,,"",""
ball,2,9.5,Hobart Hurricanes,CA Ingram,BR McDermott,Noor Ahmad,1,0,,,,,,"",""
ball,2,9.6,Hobart Hurricanes,BR McDermott,CA Ingram,Noor Ahmad,0,0,,,,,,"",""
ball,2,10.1,Hobart Hurricanes,CA Ingram,BR McDermott,JK Lalor,0,0,,,,,,"",""
ball,2,10.2,Hobart Hurricanes,CA Ingram,BR McDermott,JK Lalor,1,0,,,,,,"",""
ball,2,10.3,Hobart Hurricanes,BR McDermott,CA Ingram,JK Lalor,1,0,,,,,,"",""
ball,2,10.4,Hobart Hurricanes,CA Ingram,BR McDermott,JK Lalor,4,1,,1,,,,"",""
ball,2,10.5,Hobart Hurricanes,CA Ingram,BR McDermott,JK Lalor,0,2,2,,,,,"",""
ball,2,10.6,Hobart Hurricanes,BR McDermott,CA Ingram,JK Lalor,2,0,,,,,,"",""
ball,2,10.7,Hobart Hurricanes,BR McDermott,CA Ingram,JK Lalor,4,1,,1,,,,"",""
ball,2,10.8,Hobart Hurricanes,BR McDermott,CA Ingram,JK Lalor,6,0,,,,,,"",""
ball,2,10.9,Hobart Hurricanes,BR McDermott,CA Ingram,JK Lalor,1,0,,,,,,"",""
ball,2,11.1,Hobart Hurricanes,BR McDermott,CA Ingram,Noor Ahmad,4,0,,,,,,"",""
ball,2,11.2,Hobart Hurricanes,BR McDermott,CA Ingram,Noor Ahmad,0,0,,,,,,"",""
ball,2,11.3,Hobart Hurricanes,BR McDermott,CA Ingram,Noor Ahmad,1,0,,,,,,"",""
ball,2,11.4,Hobart Hurricanes,CA Ingram,BR McDermott,Noor Ahmad,0,0,,,,,,"",""
ball,2,11.5,Hobart Hurricanes,CA Ingram,BR McDermott,Noor Ahmad,1,0,,,,,,"",""
ball,2,11.6,Hobart Hurricanes,BR McDermott,CA Ingram,Noor Ahmad,0,0,,,,,,"",""
ball,2,12.1,Hobart Hurricanes,CA Ingram,BR McDermott,Mohammad Nabi,1,0,,,,,,"",""
ball,2,12.2,Hobart Hurricanes,BR McDermott,CA Ingram,Mohammad Nabi,4,0,,,,,,"",""
ball,2,12.3,Hobart Hurricanes,BR McDermott,CA Ingram,Mohammad Nabi,0,0,,,,,,"",""
ball,2,12.4,Hobart Hurricanes,BR McDermott,CA Ingram,Mohammad Nabi,0,0,,,,,,"",""
ball,2,12.5,Hobart Hurricanes,BR McDermott,CA Ingram,Mohammad Nabi,2,0,,,,,,"",""
ball,2,12.6,Hobart Hurricanes,BR McDermott,CA Ingram,Mohammad Nabi,0,0,,,,,,"",""
ball,2,13.1,Hobart Hurricanes,CA Ingram,BR McDermott,KW Richardson,4,0,,,,,,"",""
ball,2,13.2,Hobart Hurricanes,CA Ingram,BR McDermott,KW Richardson,0,0,,,,,,"",""
ball,2,13.3,Hobart Hurricanes,CA Ingram,BR McDermott,KW Richardson,0,0,,,,,,"",""
ball,2,13.4,Hobart Hurricanes,CA Ingram,BR McDermott,KW Richardson,0,0,,,,,,caught,CA Ingram
ball,2,13.5,Hobart Hurricanes,TH David,BR McDermott,KW Richardson,1,0,,,,,,"",""
ball,2,13.6,Hobart Hurricanes,BR McDermott,TH David,KW Richardson,4,0,,,,,,"",""
ball,2,14.1,Hobart Hurricanes,TH David,BR McDermott,W Sutherland,1,0,,,,,,"",""
ball,2,14.2,Hobart Hurricanes,BR McDermott,TH David,W Sutherland,0,0,,,,,,"",""
ball,2,14.3,Hobart Hurricanes,BR McDermott,TH David,W Sutherland,6,0,,,,,,"",""
ball,2,14.4,Hobart Hurricanes,BR McDermott,TH David,W Sutherland,6,0,,,,,,"",""
ball,2,14.5,Hobart Hurricanes,BR McDermott,TH David,W Sutherland,0,1,1,,,,,"",""
ball,2,14.6,Hobart Hurricanes,BR McDermott,TH David,W Sutherland,0,1,1,,,,,"",""
ball,2,14.7,Hobart Hurricanes,BR McDermott,TH David,W Sutherland,0,1,,,,1,,"",""
ball,2,14.8,Hobart Hurricanes,TH David,BR McDermott,W Sutherland,1,0,,,,,,"",""
ball,2,15.1,Hobart Hurricanes,TH David,BR McDermott,KW Richardson,1,0,,,,,,"",""
ball,2,15.2,Hobart Hurricanes,BR McDermott,TH David,KW Richardson,0,0,,,,,,"",""
ball,2,15.3,Hobart Hurricanes,BR McDermott,TH David,KW Richardson,0,0,,,,,,"",""
ball,2,15.4,Hobart Hurricanes,BR McDermott,TH David,KW Richardson,3,0,,,,,,"",""
ball,2,15.5,Hobart Hurricanes,TH David,BR McDermott,KW Richardson,0,0,,,,,,"",""
ball,2,15.6,Hobart Hurricanes,TH David,BR McDermott,KW Richardson,1,0,,,,,,"",""
ball,2,16.1,Hobart Hurricanes,TH David,BR McDermott,JK Lalor,1,0,,,,,,"",""
ball,2,16.2,Hobart Hurricanes,BR McDermott,TH David,JK Lalor,1,0,,,,,,"",""
ball,2,16.3,Hobart Hurricanes,TH David,BR McDermott,JK Lalor,1,0,,,,,,"",""
ball,2,16.4,Hobart Hurricanes,BR McDermott,TH David,JK Lalor,2,0,,,,,,"",""
ball,2,16.5,Hobart Hurricanes,BR McDermott,TH David,JK Lalor,1,0,,,,,,"",""
ball,2,16.6,Hobart Hurricanes,TH David,BR McDermott,JK Lalor,1,0,,,,,,"",""
ball,2,17.1,Hobart Hurricanes,TH David,BR McDermott,KW Richardson,1,0,,,,,,"",""
ball,2,17.2,Hobart Hurricanes,BR McDermott,TH David,KW Richardson,1,0,,,,,,"",""
ball,2,17.3,Hobart Hurricanes,TH David,BR McDermott,KW Richardson,6,0,,,,,,"",""
ball,2,17.4,Hobart Hurricanes,TH David,BR McDermott,KW Richardson,6,0,,,,,,"",""
