version,1.6.0
info,balls_per_over,6
info,team,Perth Scorchers
info,team,Sydney Sixers
info,gender,male
info,season,2020/21
info,date,2021/01/30
info,event,Big Bash League
info,venue,Manuka Oval
info,city,Canberra
info,toss_winner,Perth Scorchers
info,toss_decision,bat
info,player_of_match,JM Vince
info,umpire,P Wilson
info,umpire,SJ Nogajski
info,reserve_umpire,GA Abood
info,tv_umpire,SAJ Craig
info,match_referee,RW Stratford
info,winner,Sydney Sixers
info,winner_wickets,9
info,player,Perth Scorchers,JJ Roy
info,player,Perth Scorchers,LS Livingstone
info,player,Perth Scorchers,C Munro
info,player,Perth Scorchers,JP Inglis
info,player,Perth Scorchers,MR Marsh
info,player,Perth Scorchers,AJ Turner
info,player,Perth Scorchers,JA Richardson
info,player,Perth Scorchers,AM Hardie
info,player,Perth Scorchers,AJ Tye
info,player,Perth Scorchers,JP Behrendorff
info,player,Perth Scorchers,Fawad Ahmed
info,player,Sydney Sixers,JR Philippe
info,player,Sydney Sixers,JM Vince
info,player,Sydney Sixers,DP Hughes
info,player,Sydney Sixers,MC Henriques
info,player,Sydney Sixers,JC Silk
info,player,Sydney Sixers,DT Christian
info,player,Sydney Sixers,CR Brathwaite
info,player,Sydney Sixers,SA Abbott
info,player,Sydney Sixers,BJ Dwarshuis
info,player,Sydney Sixers,SNJ O'Keefe
info,player,Sydney Sixers,JM Bird
info,registry,people,AJ Turner,ff1e12a0
info,registry,people,AJ Tye,7c7d63a2
info,registry,people,AM Hardie,d405c0d5
info,registry,people,BJ Dwarshuis,e1b9f3a9
info,registry,people,C Munro,af2c687b
info,registry,people,CR Brathwaite,e342e5fb
info,registry,people,DP Hughes,f3982af9
info,registry,people,DT Christian,2a2e6343
info,registry,people,Fawad Ahmed,22ae3041
info,registry,people,GA Abood,a4af5528
info,registry,people,JA Richardson,1ee08e9a
info,registry,people,JC Silk,7a6dc294
info,registry,people,JJ Roy,d1c36f5c
info,registry,people,JM Bird,bc773eeb
info,registry,people,JM Vince,a15618fe
info,registry,people,JP Behrendorff,4933f499
info,registry,people,JP Inglis,989889ff
info,registry,people,JR Philippe,39086549
info,registry,people,LS Livingstone,50c6bc2b
info,registry,people,MC Henriques,32198ae0
info,registry,people,MR Marsh,3d8feaf8
info,registry,people,P Wilson,68304a36
info,registry,people,RW Stratford,85489579
info,registry,people,SA Abbott,1a2676c5
info,registry,people,SAJ Craig,689f2eed
info,registry,people,SJ Nogajski,9b3f9323
info,registry,people,SNJ O'Keefe,3540beff
ball,1,0.1,Perth Scorchers,JJ Roy,LS Livingstone,BJ Dwarshuis,0,0,,,,,,"",""
ball,1,0.2,Perth Scorchers,JJ Roy,LS Livingstone,BJ Dwarshuis,0,0,,,,,,"",""
ball,1,0.3,Perth Scorchers,JJ Roy,LS Livingstone,BJ Dwarshuis,0,0,,,,,,"",""
ball,1,0.4,Perth Scorchers,JJ Roy,LS Livingstone,BJ Dwarshuis,0,0,,,,,,"",""
ball,1,0.5,Perth Scorchers,JJ Roy,LS Livingstone,BJ Dwarshuis,1,0,,,,,,"",""
ball,1,0.6,Perth Scorchers,LS Livingstone,JJ Roy,BJ Dwarshuis,0,0,,,,,,"",""
ball,1,1.1,Perth Scorchers,JJ Roy,LS Livingstone,JM Bird,1,0,,,,,,"",""
ball,1,1.2,Perth Scorchers,LS Livingstone,JJ Roy,JM Bird,1,0,,,,,,"",""
ball,1,1.3,Perth Scorchers,JJ Roy,LS Livingstone,JM Bird,0,0,,,,,,"",""
ball,1,1.4,Perth Scorchers,JJ Roy,LS Livingstone,JM Bird,1,0,,,,,,"",""
ball,1,1.5,Perth Scorchers,LS Livingstone,JJ Roy,JM Bird,0,0,,,,,,"",""
ball,1,1.6,Perth Scorchers,LS Livingstone,JJ Roy,JM Bird,0,0,,,,,,"",""
ball,1,2.1,Perth Scorchers,JJ Roy,LS Livingstone,SA Abbott,0,1,1,,,,,"",""
ball,1,2.2,Perth Scorchers,JJ Roy,LS Livingstone,SA Abbott,0,0,,,,,,caught and bowled,JJ Roy
ball,1,2.3,Perth Scorchers,C Munro,LS Livingstone,SA Abbott,0,0,,,,,,"",""
ball,1,2.4,Perth Scorchers,C Munro,LS Livingstone,SA Abbott,0,0,,,,,,"",""
ball,1,2.5,Perth Scorchers,C Munro,LS Livingstone,SA Abbott,4,0,,,,,,"",""
ball,1,2.6,Perth Scorchers,C Munro,LS Livingstone,SA Abbott,1,0,,,,,,"",""
ball,1,2.7,Perth Scorchers,LS Livingstone,C Munro,SA Abbott,1,0,,,,,,"",""
ball,1,3.1,Perth Scorchers,LS Livingstone,C Munro,BJ Dwarshuis,6,0,,,,,,"",""
ball,1,3.2,Perth Scorchers,LS Livingstone,C Munro,BJ Dwarshuis,1,0,,,,,,"",""
ball,1,3.3,Perth Scorchers,C Munro,LS Livingstone,BJ Dwarshuis,6,0,,,,,,"",""
ball,1,3.4,Perth Scorchers,C Munro,LS Livingstone,BJ Dwarshuis,4,0,,,,,,"",""
ball,1,3.5,Perth Scorchers,C Munro,LS Livingstone,BJ Dwarshuis,1,0,,,,,,"",""
ball,1,3.6,Perth Scorchers,LS Livingstone,C Munro,BJ Dwarshuis,1,0,,,,,,"",""
ball,1,4.1,Perth Scorchers,LS Livingstone,C Munro,SNJ O'Keefe,1,0,,,,,,"",""
ball,1,4.2,Perth Scorchers,C Munro,LS Livingstone,SNJ O'Keefe,1,0,,,,,,"",""
ball,1,4.3,Perth Scorchers,LS Livingstone,C Munro,SNJ O'Keefe,1,0,,,,,,"",""
ball,1,4.4,Perth Scorchers,C Munro,LS Livingstone,SNJ O'Keefe,1,0,,,,,,"",""
ball,1,4.5,Perth Scorchers,LS Livingstone,C Munro,SNJ O'Keefe,1,0,,,,,,"",""
ball,1,4.6,Perth Scorchers,C Munro,LS Livingstone,SNJ O'Keefe,1,0,,,,,,"",""
ball,1,5.1,Perth Scorchers,C Munro,LS Livingstone,CR Brathwaite,1,0,,,,,,"",""
ball,1,5.2,Perth Scorchers,LS Livingstone,C Munro,CR Brathwaite,2,0,,,,,,"",""
ball,1,5.3,Perth Scorchers,LS Livingstone,C Munro,CR Brathwaite,0,0,,,,,,"",""
ball,1,5.4,Perth Scorchers,LS Livingstone,C Munro,CR Brathwaite,0,0,,,,,,caught,LS Livingstone
ball,1,5.5,Perth Scorchers,JP Inglis,C Munro,CR Brathwaite,1,0,,,,,,"",""
ball,1,5.6,Perth Scorchers,C Munro,JP Inglis,CR Brathwaite,1,0,,,,,,"",""
ball,1,6.1,Perth Scorchers,C Munro,JP Inglis,SNJ O'Keefe,1,0,,,,,,"",""
ball,1,6.2,Perth Scorchers,JP Inglis,C Munro,SNJ O'Keefe,1,0,,,,,,"",""
ball,1,6.3,Perth Scorchers,C Munro,JP Inglis,SNJ O'Keefe,0,0,,,,,,"",""
ball,1,6.4,Perth Scorchers,C Munro,JP Inglis,SNJ O'Keefe,0,0,,,,,,"",""
ball,1,6.5,Perth Scorchers,C Munro,JP Inglis,SNJ O'Keefe,1,0,,,,,,"",""
ball,1,6.6,Perth Scorchers,JP Inglis,C Munro,SNJ O'Keefe,1,0,,,,,,"",""
ball,1,7.1,Perth Scorchers,JP Inglis,C Munro,JM Bird,4,0,,,,,,"",""
ball,1,7.2,Perth Scorchers,JP Inglis,C Munro,JM Bird,2,0,,,,,,"",""
ball,1,7.3,Perth Scorchers,JP Inglis,C Munro,JM Bird,0,0,,,,,,"",""
ball,1,7.4,Perth Scorchers,JP Inglis,C Munro,JM Bird,4,0,,,,,,"",""
ball,1,7.5,Perth Scorchers,JP Inglis,C Munro,JM Bird,1,0,,,,,,"",""
ball,1,7.6,Perth Scorchers,C Munro,JP Inglis,JM Bird,0,0,,,,,,"",""
ball,1,8.1,Perth Scorchers,JP Inglis,C Munro,DT Christian,2,0,,,,,,"",""
ball,1,8.2,Perth Scorchers,JP Inglis,C Munro,DT Christian,1,0,,,,,,"",""
ball,1,8.3,Perth Scorchers,C Munro,JP Inglis,DT Christian,1,0,,,,,,"",""
ball,1,8.4,Perth Scorchers,JP Inglis,C Munro,DT Christian,4,0,,,,,,"",""
ball,1,8.5,Perth Scorchers,JP Inglis,C Munro,DT Christian,0,0,,,,,,"",""
ball,1,8.6,Perth Scorchers,JP Inglis,C Munro,DT Christian,1,0,,,,,,"",""
ball,1,9.1,Perth Scorchers,JP Inglis,C Munro,SA Abbott,0,0,,,,,,"",""
ball,1,9.2,Perth Scorchers,JP Inglis,C Munro,SA Abbott,1,0,,,,,,"",""
ball,1,9.3,Perth Scorchers,C Munro,JP Inglis,SA Abbott,4,0,,,,,,"",""
ball,1,9.4,Perth Scorchers,C Munro,JP Inglis,SA Abbott,1,0,,,,,,"",""
ball,1,9.5,Perth Scorchers,JP Inglis,C Munro,SA Abbott,2,0,,,,,,"",""
ball,1,9.6,Perth Scorchers,JP Inglis,C Munro,SA Abbott,1,0,,,,,,"",""
ball,1,10.1,Perth Scorchers,JP Inglis,C Munro,CR Brathwaite,2,0,,,,,,"",""
ball,1,10.2,Perth Scorchers,JP Inglis,C Munro,CR Brathwaite,0,0,,,,,,"",""
ball,1,10.3,Perth Scorchers,JP Inglis,C Munro,CR Brathwaite,1,0,,,,,,"",""
ball,1,10.4,Perth Scorchers,C Munro,JP Inglis,CR Brathwaite,0,0,,,,,,"",""
ball,1,10.5,Perth Scorchers,C Munro,JP Inglis,CR Brathwaite,1,0,,,,,,"",""
ball,1,10.6,Perth Scorchers,JP Inglis,C Munro,CR Brathwaite,0,1,1,,,,,"",""
ball,1,10.7,Perth Scorchers,JP Inglis,C Munro,CR Brathwaite,0,1,,,,1,,"",""
ball,1,11.1,Perth Scorchers,JP Inglis,C Munro,JM Bird,1,0,,,,,,"",""
ball,1,11.2,Perth Scorchers,C Munro,JP Inglis,JM Bird,0,0,,,,,,"",""
ball,1,11.3,Perth Scorchers,C Munro,JP Inglis,JM Bird,0,0,,,,,,"",""
ball,1,11.4,Perth Scorchers,C Munro,JP Inglis,JM Bird,0,0,,,,,,caught,C Munro
ball,1,11.5,Perth Scorchers,JP Inglis,MR Marsh,JM Bird,1,0,,,,,,"",""
ball,1,11.6,Perth Scorchers,MR Marsh,JP Inglis,JM Bird,1,0,,,,,,"",""
ball,1,12.1,Perth Scorchers,MR Marsh,JP Inglis,SNJ O'Keefe,0,0,,,,,,"",""
ball,1,12.2,Perth Scorchers,MR Marsh,JP Inglis,SNJ O'Keefe,0,0,,,,,,"",""
ball,1,12.3,Perth Scorchers,MR Marsh,JP Inglis,SNJ O'Keefe,1,0,,,,,,"",""
ball,1,12.4,Perth Scorchers,JP Inglis,MR Marsh,SNJ O'Keefe,1,0,,,,,,"",""
ball,1,12.5,Perth Scorchers,MR Marsh,JP Inglis,SNJ O'Keefe,0,0,,,,,,caught,MR Marsh
ball,1,12.6,Perth Scorchers,AJ Turner,JP Inglis,SNJ O'Keefe,1,0,,,,,,"",""
ball,1,13.1,Perth Scorchers,AJ Turner,JP Inglis,CR Brathwaite,0,0,,,,,,"",""
ball,1,13.2,Perth Scorchers,AJ Turner,JP Inglis,CR Brathwaite,0,0,,,,,,"",""
ball,1,13.3,Perth Scorchers,AJ Turner,JP Inglis,CR Brathwaite,0,0,,,,,,"",""
ball,1,13.4,Perth Scorchers,AJ Turner,JP Inglis,CR Brathwaite,2,0,,,,,,"",""
ball,1,13.5,Perth Scorchers,AJ Turner,JP Inglis,CR Brathwaite,2,0,,,,,,"",""
ball,1,13.6,Perth Scorchers,AJ Turner,JP Inglis,CR Brathwaite,0,1,,,,1,,"",""
ball,1,14.1,Perth Scorchers,AJ Turner,JP Inglis,SNJ O'Keefe,1,0,,,,,,"",""
ball,1,14.2,Perth Scorchers,JP Inglis,AJ Turner,SNJ O'Keefe,2,0,,,,,,"",""
ball,1,14.3,Perth Scorchers,JP Inglis,AJ Turner,SNJ O'Keefe,1,0,,,,,,"",""
ball,1,14.4,Perth Scorchers,AJ Turner,JP Inglis,SNJ O'Keefe,1,0,,,,,,"",""
ball,1,14.5,Perth Scorchers,JP Inglis,AJ Turner,SNJ O'Keefe,1,0,,,,,,"",""
ball,1,14.6,Perth Scorchers,AJ Turner,JP Inglis,SNJ O'Keefe,1,0,,,,,,"",""
ball,1,15.1,Perth Scorchers,AJ Turner,JP Inglis,SA Abbott,6,0,,,,,,"",""
ball,1,15.2,Perth Scorchers,AJ Turner,JP Inglis,SA Abbott,4,0,,,,,,"",""
ball,1,15.3,Perth Scorchers,AJ Turner,JP Inglis,SA Abbott,6,0,,,,,,"",""
ball,1,15.4,Perth Scorchers,AJ Turner,JP Inglis,SA Abbott,1,0,,,,,,"",""
ball,1,15.5,Perth Scorchers,JP Inglis,AJ Turner,SA Abbott,4,0,,,,,,"",""
ball,1,15.6,Perth Scorchers,JP Inglis,AJ Turner,SA Abbott,1,0,,,,,,"",""
ball,1,16.1,Perth Scorchers,JP Inglis,AJ Turner,BJ Dwarshuis,4,0,,,,,,"",""
ball,1,16.2,Perth Scorchers,JP Inglis,AJ Turner,BJ Dwarshuis,0,1,1,,,,,"",""
ball,1,16.3,Perth Scorchers,JP Inglis,AJ Turner,BJ Dwarshuis,1,0,,,,,,"",""
ball,1,16.4,Perth Scorchers,AJ Turner,JP Inglis,BJ Dwarshuis,0,1,1,,,,,"",""
ball,1,16.5,Perth Scorchers,AJ Turner,JP Inglis,BJ Dwarshuis,2,0,,,,,,"",""
ball,1,16.6,Perth Scorchers,AJ Turner,JP Inglis,BJ Dwarshuis,1,0,,,,,,"",""
ball,1,16.7,Perth Scorchers,JP Inglis,AJ Turner,BJ Dwarshuis,1,0,,,,,,"",""
ball,1,16.8,Perth Scorchers,AJ Turner,JP Inglis,BJ Dwarshuis,1,0,,,,,,"",""
ball,1,17.1,Perth Scorchers,AJ Turner,JP Inglis,CR Brathwaite,3,0,,,,,,"",""
ball,1,17.2,Perth Scorchers,JP Inglis,AJ Turner,CR Brathwaite,0,0,,,,,,"",""
ball,1,17.3,Perth Scorchers,JP Inglis,AJ Turner,CR Brathwaite,3,0,,,,,,"",""
ball,1,17.4,Perth Scorchers,AJ Turner,JP Inglis,CR Brathwaite,1,0,,,,,,"",""
ball,1,17.5,Perth Scorchers,JP Inglis,AJ Turner,CR Brathwaite,2,0,,,,,,"",""
ball,1,17.6,Perth Scorchers,JP Inglis,AJ Turner,CR Brathwaite,2,0,,,,,,"",""
ball,1,18.1,Perth Scorchers,AJ Turner,JP Inglis,BJ Dwarshuis,0,0,,,,,,"",""
ball,1,18.2,Perth Scorchers,AJ Turner,JP Inglis,BJ Dwarshuis,0,1,1,,,,,"",""
ball,1,18.3,Perth Scorchers,AJ Turner,JP Inglis,BJ Dwarshuis,0,0,,,,,,"",""
ball,1,18.4,Perth Scorchers,AJ Turner,JP Inglis,BJ Dwarshuis,0,0,,,,,,caught,AJ Turner
ball,1,18.5,Perth Scorchers,JP Inglis,JA Richardson,BJ Dwarshuis,1,0,,,,,,"",""
ball,1,18.6,Perth Scorchers,JA Richardson,JP Inglis,BJ Dwarshuis,0,0,,,,,,caught,JA Richardson
ball,1,18.7,Perth Scorchers,JP Inglis,AM Hardie,BJ Dwarshuis,6,0,,,,,,"",""
ball,1,19.1,Perth Scorchers,AM Hardie,JP Inglis,JM Bird,6,0,,,,,,"",""
ball,1,19.2,Perth Scorchers,AM Hardie,JP Inglis,JM Bird,1,0,,,,,,"",""
ball,1,19.3,Perth Scorchers,JP Inglis,AM Hardie,JM Bird,6,0,,,,,,"",""
ball,1,19.4,Perth Scorchers,JP Inglis,AM Hardie,JM Bird,1,0,,,,,,"",""
ball,1,19.5,Perth Scorchers,AM Hardie,JP Inglis,JM Bird,1,0,,,,,,"",""
ball,1,19.6,Perth Scorchers,JP Inglis,AM Hardie,JM Bird,1,0,,,,,,"",""
ball,2,0.1,Sydney Sixers,JR Philippe,JM Vince,JA Richardson,0,0,,,,,,"",""
ball,2,0.2,Sydney Sixers,JR Philippe,JM Vince,JA Richardson,2,0,,,,,,"",""
ball,2,0.3,Sydney Sixers,JR Philippe,JM Vince,JA Richardson,4,0,,,,,,"",""
ball,2,0.4,Sydney Sixers,JR Philippe,JM Vince,JA Richardson,6,0,,,,,,"",""
ball,2,0.5,Sydney Sixers,JR Philippe,JM Vince,JA Richardson,1,0,,,,,,"",""
ball,2,0.6,Sydney Sixers,JM Vince,JR Philippe,JA Richardson,0,0,,,,,,"",""
ball,2,1.1,Sydney Sixers,JR Philippe,JM Vince,JP Behrendorff,1,0,,,,,,"",""
ball,2,1.2,Sydney Sixers,JM Vince,JR Philippe,JP Behrendorff,4,0,,,,,,"",""
ball,2,1.3,Sydney Sixers,JM Vince,JR Philippe,JP Behrendorff,0,0,,,,,,"",""
ball,2,1.4,Sydney Sixers,JM Vince,JR Philippe,JP Behrendorff,4,0,,,,,,"",""
ball,2,1.5,Sydney Sixers,JM Vince,JR Philippe,JP Behrendorff,0,1,,,,1,,"",""
ball,2,1.6,Sydney Sixers,JR Philippe,JM Vince,JP Behrendorff,0,0,,,,,,"",""
ball,2,2.1,Sydney Sixers,JM Vince,JR Philippe,AJ Tye,1,0,,,,,,"",""
ball,2,2.2,Sydney Sixers,JR Philippe,JM Vince,AJ Tye,0,0,,,,,,"",""
ball,2,2.3,Sydney Sixers,JR Philippe,JM Vince,AJ Tye,1,0,,,,,,"",""
ball,2,2.4,Sydney Sixers,JM Vince,JR Philippe,AJ Tye,3,0,,,,,,"",""
ball,2,2.5,Sydney Sixers,JR Philippe,JM Vince,AJ Tye,4,0,,,,,,"",""
ball,2,2.6,Sydney Sixers,JR Philippe,JM Vince,AJ Tye,1,0,,,,,,"",""
ball,2,3.1,Sydney Sixers,JR Philippe,JM Vince,JP Behrendorff,0,1,,,,1,,"",""
ball,2,3.2,Sydney Sixers,JM Vince,JR Philippe,JP Behrendorff,3,0,,,,,,"",""
ball,2,3.3,Sydney Sixers,JR Philippe,JM Vince,JP Behrendorff,0,0,,,,,,"",""
ball,2,3.4,Sydney Sixers,JR Philippe,JM Vince,JP Behrendorff,2,0,,,,,,"",""
ball,2,3.5,Sydney Sixers,JR Philippe,JM Vince,JP Behrendorff,0,0,,,,,,"",""
ball,2,3.6,Sydney Sixers,JR Philippe,JM Vince,JP Behrendorff,4,0,,,,,,"",""
ball,2,4.1,Sydney Sixers,JM Vince,JR Philippe,JA Richardson,4,0,,,,,,"",""
ball,2,4.2,Sydney Sixers,JM Vince,JR Philippe,JA Richardson,2,0,,,,,,"",""
ball,2,4.3,Sydney Sixers,JM Vince,JR Philippe,JA Richardson,0,0,,,,,,"",""
ball,2,4.4,Sydney Sixers,JM Vince,JR Philippe,JA Richardson,0,0,,,,,,"",""
ball,2,4.5,Sydney Sixers,JM Vince,JR Philippe,JA Richardson,0,0,,,,,,"",""
ball,2,4.6,Sydney Sixers,JM Vince,JR Philippe,JA Richardson,0,0,,,,,,"",""
ball,2,5.1,Sydney Sixers,JR Philippe,JM Vince,Fawad Ahmed,2,0,,,,,,"",""
ball,2,5.2,Sydney Sixers,JR Philippe,JM Vince,Fawad Ahmed,1,0,,,,,,"",""
ball,2,5.3,Sydney Sixers,JM Vince,JR Philippe,Fawad Ahmed,1,0,,,,,,"",""
ball,2,5.4,Sydney Sixers,JR Philippe,JM Vince,Fawad Ahmed,1,0,,,,,,"",""
ball,2,5.5,Sydney Sixers,JM Vince,JR Philippe,Fawad Ahmed,1,0,,,,,,"",""
ball,2,5.6,Sydney Sixers,JR Philippe,JM Vince,Fawad Ahmed,1,0,,,,,,"",""
ball,2,6.1,Sydney Sixers,JR Philippe,JM Vince,AM Hardie,1,0,,,,,,"",""
ball,2,6.2,Sydney Sixers,JM Vince,JR Philippe,AM Hardie,2,0,,,,,,"",""
ball,2,6.3,Sydney Sixers,JM Vince,JR Philippe,AM Hardie,4,0,,,,,,"",""
ball,2,6.4,Sydney Sixers,JM Vince,JR Philippe,AM Hardie,4,0,,,,,,"",""
ball,2,6.5,Sydney Sixers,JM Vince,JR Philippe,AM Hardie,4,0,,,,,,"",""
ball,2,6.6,Sydney Sixers,JM Vince,JR Philippe,AM Hardie,0,0,,,,,,"",""
ball,2,7.1,Sydney Sixers,JR Philippe,JM Vince,Fawad Ahmed,0,0,,,,,,"",""
ball,2,7.2,Sydney Sixers,JR Philippe,JM Vince,Fawad Ahmed,1,0,,,,,,"",""
ball,2,7.3,Sydney Sixers,JM Vince,JR Philippe,Fawad Ahmed,1,0,,,,,,"",""
ball,2,7.4,Sydney Sixers,JR Philippe,JM Vince,Fawad Ahmed,4,0,,,,,,"",""
ball,2,7.5,Sydney Sixers,JR Philippe,JM Vince,Fawad Ahmed,6,0,,,,,,"",""
ball,2,7.6,Sydney Sixers,JR Philippe,JM Vince,Fawad Ahmed,1,0,,,,,,"",""
ball,2,8.1,Sydney Sixers,JR Philippe,JM Vince,LS Livingstone,1,0,,,,,,"",""
ball,2,8.2,Sydney Sixers,JM Vince,JR Philippe,LS Livingstone,4,0,,,,,,"",""
ball,2,8.3,Sydney Sixers,JM Vince,JR Philippe,LS Livingstone,2,0,,,,,,"",""
ball,2,8.4,Sydney Sixers,JM Vince,JR Philippe,LS Livingstone,1,0,,,,,,"",""
ball,2,8.5,Sydney Sixers,JR Philippe,JM Vince,LS Livingstone,0,0,,,,,,caught,JR Philippe
ball,2,8.6,Sydney Sixers,DP Hughes,JM Vince,LS Livingstone,1,0,,,,,,"",""
ball,2,9.1,Sydney Sixers,DP Hughes,JM Vince,AJ Turner,0,0,,,,,,"",""
ball,2,9.2,Sydney Sixers,DP Hughes,JM Vince,AJ Turner,1,0,,,,,,"",""
ball,2,9.3,Sydney Sixers,JM Vince,DP Hughes,AJ Turner,6,0,,,,,,"",""
ball,2,9.4,Sydney Sixers,JM Vince,DP Hughes,AJ Turner,1,0,,,,,,"",""
ball,2,9.5,Sydney Sixers,DP Hughes,JM Vince,AJ Turner,1,0,,,,,,"",""
ball,2,9.6,Sydney Sixers,JM Vince,DP Hughes,AJ Turner,2,0,,,,,,"",""
ball,2,10.1,Sydney Sixers,DP Hughes,JM Vince,AJ Tye,1,0,,,,,,"",""
ball,2,10.2,Sydney Sixers,JM Vince,DP Hughes,AJ Tye,2,0,,,,,,"",""
ball,2,10.3,Sydney Sixers,JM Vince,DP Hughes,AJ Tye,0,0,,,,,,"",""
ball,2,10.4,Sydney Sixers,JM Vince,DP Hughes,AJ Tye,4,0,,,,,,"",""
ball,2,10.5,Sydney Sixers,JM Vince,DP Hughes,AJ Tye,0,0,,,,,,"",""
ball,2,10.6,Sydney Sixers,JM Vince,DP Hughes,AJ Tye,1,0,,,,,,"",""
ball,2,11.1,Sydney Sixers,JM Vince,DP Hughes,JP Behrendorff,4,0,,,,,,"",""
ball,2,11.2,Sydney Sixers,JM Vince,DP Hughes,JP Behrendorff,2,0,,,,,,"",""
ball,2,11.3,Sydney Sixers,JM Vince,DP Hughes,JP Behrendorff,1,0,,,,,,"",""
ball,2,11.4,Sydney Sixers,DP Hughes,JM Vince,JP Behrendorff,0,0,,,,,,"",""
ball,2,11.5,Sydney Sixers,DP Hughes,JM Vince,JP Behrendorff,1,0,,,,,,"",""
ball,2,11.6,Sydney Sixers,JM Vince,DP Hughes,JP Behrendorff,4,0,,,,,,"",""
ball,2,12.1,Sydney Sixers,DP Hughes,JM Vince,JA Richardson,3,0,,,,,,"",""
ball,2,12.2,Sydney Sixers,JM Vince,DP Hughes,JA Richardson,1,0,,,,,,"",""
ball,2,12.3,Sydney Sixers,DP Hughes,JM Vince,JA Richardson,1,0,,,,,,"",""
ball,2,12.4,Sydney Sixers,JM Vince,DP Hughes,JA Richardson,1,0,,,,,,"",""
ball,2,12.5,Sydney Sixers,DP Hughes,JM Vince,JA Richardson,1,0,,,,,,"",""
ball,2,12.6,Sydney Sixers,JM Vince,DP Hughes,JA Richardson,0,1,1,,,,,"",""
ball,2,12.7,Sydney Sixers,JM Vince,DP Hughes,JA Richardson,0,0,,,,,,"",""
ball,2,13.1,Sydney Sixers,DP Hughes,JM Vince,Fawad Ahmed,1,0,,,,,,"",""
ball,2,13.2,Sydney Sixers,JM Vince,DP Hughes,Fawad Ahmed,4,0,,,,,,"",""
ball,2,13.3,Sydney Sixers,JM Vince,DP Hughes,Fawad Ahmed,0,0,,,,,,"",""
ball,2,13.4,Sydney Sixers,JM Vince,DP Hughes,Fawad Ahmed,1,0,,,,,,"",""
ball,2,13.5,Sydney Sixers,DP Hughes,JM Vince,Fawad Ahmed,1,0,,,,,,"",""
ball,2,13.6,Sydney Sixers,JM Vince,DP Hughes,Fawad Ahmed,0,0,,,,,,"",""
ball,2,14.1,Sydney Sixers,DP Hughes,JM Vince,AJ Tye,1,0,,,,,,"",""
ball,2,14.2,Sydney Sixers,JM Vince,DP Hughes,AJ Tye,4,0,,,,,,"",""
ball,2,14.3,Sydney Sixers,JM Vince,DP Hughes,AJ Tye,4,0,,,,,,"",""
ball,2,14.4,Sydney Sixers,JM Vince,DP Hughes,AJ Tye,2,0,,,,,,"",""
ball,2,14.5,Sydney Sixers,JM Vince,DP Hughes,AJ Tye,1,0,,,,,,"",""
ball,2,14.6,Sydney Sixers,DP Hughes,JM Vince,AJ Tye,0,0,,,,,,"",""
ball,2,15.1,Sydney Sixers,JM Vince,DP Hughes,LS Livingstone,1,0,,,,,,"",""
ball,2,15.2,Sydney Sixers,DP Hughes,JM Vince,LS Livingstone,1,0,,,,,,"",""
ball,2,15.3,Sydney Sixers,JM Vince,DP Hughes,LS Livingstone,1,0,,,,,,"",""
ball,2,15.4,Sydney Sixers,DP Hughes,JM Vince,LS Livingstone,1,0,,,,,,"",""
ball,2,15.5,Sydney Sixers,JM Vince,DP Hughes,LS Livingstone,1,0,,,,,,"",""
ball,2,15.6,Sydney Sixers,DP Hughes,JM Vince,LS Livingstone,2,0,,,,,,"",""
ball,2,16.1,Sydney Sixers,JM Vince,DP Hughes,JA Richardson,4,0,,,,,,"",""
ball,2,16.2,Sydney Sixers,JM Vince,DP Hughes,JA Richardson,1,0,,,,,,"",""
ball,2,16.3,Sydney Sixers,DP Hughes,JM Vince,JA Richardson,4,0,,,,,,"",""
ball,2,16.4,Sydney Sixers,DP Hughes,JM Vince,JA Richardson,0,0,,,,,,"",""
ball,2,16.5,Sydney Sixers,DP Hughes,JM Vince,JA Richardson,0,0,,,,,,"",""
ball,2,16.6,Sydney Sixers,DP Hughes,JM Vince,JA Richardson,0,0,,,,,,"",""
ball,2,17.1,Sydney Sixers,JM Vince,DP Hughes,AJ Tye,0,1,1,,,,,"",""
