version,1.6.0
info,balls_per_over,6
info,team,Adelaide Strikers
info,team,Perth Scorchers
info,gender,male
info,season,2020/21
info,date,2020/12/31
info,event,Big Bash League
info,match_number,21
info,venue,Adelaide Oval
info,city,Adelaide
info,toss_winner,Perth Scorchers
info,toss_decision,field
info,player_of_match,JA Richardson
info,umpire,DR Close
info,umpire,MW Graham-Smith
info,reserve_umpire,Eloise Sheridan
info,tv_umpire,SJ Nogajski
info,match_referee,SJ Davis
info,winner,Perth Scorchers
info,winner_wickets,7
info,player,Adelaide Strikers,J Weatherald
info,player,Adelaide Strikers,PD Salt
info,player,Adelaide Strikers,MT Renshaw
info,player,Adelaide Strikers,AT Carey
info,player,Adelaide Strikers,JW Wells
info,player,Adelaide Strikers,MW Short
info,player,Adelaide Strikers,Rashid Khan
info,player,Adelaide Strikers,DJ Worrall
info,player,Adelaide Strikers,DR Briggs
info,player,Adelaide Strikers,WA Agar
info,player,Adelaide Strikers,PM Siddle
info,player,Perth Scorchers,JJ Roy
info,player,Perth Scorchers,LS Livingstone
info,player,Perth Scorchers,C Munro
info,player,Perth Scorchers,JP Inglis
info,player,Perth Scorchers,MR Marsh
info,player,Perth Scorchers,AJ Turner
info,player,Perth Scorchers,AM Hardie
info,player,Perth Scorchers,JA Richardson
info,player,Perth Scorchers,AJ Tye
info,player,Perth Scorchers,JP Behrendorff
info,player,Perth Scorchers,Fawad Ahmed
info,registry,people,AJ Turner,ff1e12a0
info,registry,people,AJ Tye,7c7d63a2
info,registry,people,AM Hardie,d405c0d5
info,registry,people,AT Carey,69d03465
info,registry,people,C Munro,af2c687b
info,registry,people,DJ Worrall,208f22ea
info,registry,people,DR Briggs,f3abd0c9
info,registry,people,DR Close,4cae2b0c
info,registry,people,Eloise Sheridan,d8d43840
info,registry,people,Fawad Ahmed,22ae3041
info,registry,people,J Weatherald,edc7ddb6
info,registry,people,JA Richardson,1ee08e9a
info,registry,people,JJ Roy,d1c36f5c
info,registry,people,JP Behrendorff,4933f499
info,registry,people,JP Inglis,989889ff
info,registry,people,JW Wells,8bdac857
info,registry,people,LS Livingstone,50c6bc2b
info,registry,people,MR Marsh,3d8feaf8
info,registry,people,MT Renshaw,218d4d78
info,registry,people,MW Graham-Smith,18aca3ce
info,registry,people,MW Short,a90e53ec
info,registry,people,PD Salt,3d284ca3
info,registry,people,PM Siddle,bd93fea4
info,registry,people,Rashid Khan,5f547c8b
info,registry,people,SJ Davis,bc71b0b2
info,registry,people,SJ Nogajski,9b3f9323
info,registry,people,WA Agar,15de1f5d
ball,1,0.1,Adelaide Strikers,J Weatherald,PD Salt,JA Richardson,0,0,,,,,,"",""
ball,1,0.2,Adelaide Strikers,J Weatherald,PD Salt,JA Richardson,0,4,,,,4,,"",""
ball,1,0.3,Adelaide Strikers,J Weatherald,PD Salt,JA Richardson,0,0,,,,,,"",""
ball,1,0.4,Adelaide Strikers,J Weatherald,PD Salt,JA Richardson,1,0,,,,,,"",""
ball,1,0.5,Adelaide Strikers,PD Salt,J Weatherald,JA Richardson,4,0,,,,,,"",""
ball,1,0.6,Adelaide Strikers,PD Salt,J Weatherald,JA Richardson,0,0,,,,,,caught,PD Salt
ball,1,1.1,Adelaide Strikers,J Weatherald,MT Renshaw,JP Behrendorff,1,0,,,,,,"",""
ball,1,1.2,Adelaide Strikers,MT Renshaw,J Weatherald,JP Behrendorff,0,0,,,,,,"",""
ball,1,1.3,Adelaide Strikers,MT Renshaw,J Weatherald,JP Behrendorff,1,0,,,,,,"",""
ball,1,1.4,Adelaide Strikers,J Weatherald,MT Renshaw,JP Behrendorff,0,0,,,,,,"",""
ball,1,1.5,Adelaide Strikers,J Weatherald,MT Renshaw,JP Behrendorff,4,0,,,,,,"",""
ball,1,1.6,Adelaide Strikers,J Weatherald,MT Renshaw,JP Behrendorff,0,0,,,,,,"",""
ball,1,2.1,Adelaide Strikers,MT Renshaw,J Weatherald,AM Hardie,1,0,,,,,,"",""
ball,1,2.2,Adelaide Strikers,J Weatherald,MT Renshaw,AM Hardie,0,0,,,,,,"",""
ball,1,2.3,Adelaide Strikers,J Weatherald,MT Renshaw,AM Hardie,0,0,,,,,,caught,J Weatherald
ball,1,2.4,Adelaide Strikers,MT Renshaw,AT Carey,AM Hardie,1,0,,,,,,"",""
ball,1,2.5,Adelaide Strikers,AT Carey,MT Renshaw,AM Hardie,0,0,,,,,,"",""
ball,1,2.6,Adelaide Strikers,AT Carey,MT Renshaw,AM Hardie,1,0,,,,,,"",""
ball,1,3.1,Adelaide Strikers,AT Carey,MT Renshaw,JP Behrendorff,1,0,,,,,,"",""
ball,1,3.2,Adelaide Strikers,MT Renshaw,AT Carey,JP Behrendorff,4,0,,,,,,"",""
ball,1,3.3,Adelaide Strikers,MT Renshaw,AT Carey,JP Behrendorff,0,0,,,,,,"",""
ball,1,3.4,Adelaide Strikers,MT Renshaw,AT Carey,JP Behrendorff,4,0,,,,,,"",""
ball,1,3.5,Adelaide Strikers,MT Renshaw,AT Carey,JP Behrendorff,0,0,,,,,,"",""
ball,1,3.6,Adelaide Strikers,MT Renshaw,AT Carey,JP Behrendorff,2,0,,,,,,"",""
ball,1,4.1,Adelaide Strikers,AT Carey,MT Renshaw,AJ Turner,1,0,,,,,,"",""
ball,1,4.2,Adelaide Strikers,MT Renshaw,AT Carey,AJ Turner,0,1,1,,,,,"",""
ball,1,4.3,Adelaide Strikers,MT Renshaw,AT Carey,AJ Turner,1,0,,,,,,"",""
ball,1,4.4,Adelaide Strikers,AT Carey,MT Renshaw,AJ Turner,1,0,,,,,,"",""
ball,1,4.5,Adelaide Strikers,MT Renshaw,AT Carey,AJ Turner,1,0,,,,,,"",""
ball,1,4.6,Adelaide Strikers,AT Carey,MT Renshaw,AJ Turner,0,0,,,,,,"",""
ball,1,4.7,Adelaide Strikers,AT Carey,MT Renshaw,AJ Turner,4,0,,,,,,"",""
ball,1,5.1,Adelaide Strikers,MT Renshaw,AT Carey,JP Behrendorff,0,0,,,,,,"",""
ball,1,5.2,Adelaide Strikers,MT Renshaw,AT Carey,JP Behrendorff,1,0,,,,,,"",""
ball,1,5.3,Adelaide Strikers,AT Carey,MT Renshaw,JP Behrendorff,0,0,,,,,,"",""
ball,1,5.4,Adelaide Strikers,AT Carey,MT Renshaw,JP Behrendorff,0,0,,,,,,"",""
ball,1,5.5,Adelaide Strikers,AT Carey,MT Renshaw,JP Behrendorff,1,0,,,,,,"",""
ball,1,5.6,Adelaide Strikers,MT Renshaw,AT Carey,JP Behrendorff,1,1,,1,,,,"",""
ball,1,5.7,Adelaide Strikers,AT Carey,MT Renshaw,JP Behrendorff,1,0,,,,,,"",""
ball,1,6.1,Adelaide Strikers,AT Carey,MT Renshaw,AJ Tye,4,0,,,,,,"",""
ball,1,6.2,Adelaide Strikers,AT Carey,MT Renshaw,AJ Tye,4,0,,,,,,"",""
ball,1,6.3,Adelaide Strikers,AT Carey,MT Renshaw,AJ Tye,0,0,,,,,,"",""
ball,1,6.4,Adelaide Strikers,AT Carey,MT Renshaw,AJ Tye,0,0,,,,,,"",""
ball,1,6.5,Adelaide Strikers,AT Carey,MT Renshaw,AJ Tye,4,0,,,,,,"",""
ball,1,6.6,Adelaide Strikers,AT Carey,MT Renshaw,AJ Tye,1,0,,,,,,"",""
ball,1,7.1,Adelaide Strikers,AT Carey,MT Renshaw,MR Marsh,1,0,,,,,,"",""
ball,1,7.2,Adelaide Strikers,MT Renshaw,AT Carey,MR Marsh,1,0,,,,,,"",""
ball,1,7.3,Adelaide Strikers,AT Carey,MT Renshaw,MR Marsh,0,0,,,,,,"",""
ball,1,7.4,Adelaide Strikers,AT Carey,MT Renshaw,MR Marsh,1,0,,,,,,"",""
ball,1,7.5,Adelaide Strikers,MT Renshaw,AT Carey,MR Marsh,1,0,,,,,,"",""
ball,1,7.6,Adelaide Strikers,AT Carey,MT Renshaw,MR Marsh,4,0,,,,,,"",""
ball,1,8.1,Adelaide Strikers,MT Renshaw,AT Carey,AM Hardie,0,0,,,,,,caught,MT Renshaw
ball,1,8.2,Adelaide Strikers,AT Carey,JW Wells,AM Hardie,2,0,,,,,,"",""
ball,1,8.3,Adelaide Strikers,AT Carey,JW Wells,AM Hardie,1,0,,,,,,"",""
ball,1,8.4,Adelaide Strikers,JW Wells,AT Carey,AM Hardie,0,0,,,,,,"",""
ball,1,8.5,Adelaide Strikers,JW Wells,AT Carey,AM Hardie,1,0,,,,,,"",""
ball,1,8.6,Adelaide Strikers,AT Carey,JW Wells,AM Hardie,0,0,,,,,,"",""
ball,1,9.1,Adelaide Strikers,JW Wells,AT Carey,MR Marsh,0,0,,,,,,"",""
ball,1,9.2,Adelaide Strikers,JW Wells,AT Carey,MR Marsh,1,0,,,,,,"",""
ball,1,9.3,Adelaide Strikers,AT Carey,JW Wells,MR Marsh,4,0,,,,,,"",""
ball,1,9.4,Adelaide Strikers,AT Carey,JW Wells,MR Marsh,0,0,,,,,,"",""
ball,1,9.5,Adelaide Strikers,AT Carey,JW Wells,MR Marsh,0,0,,,,,,run out,JW Wells
ball,1,9.6,Adelaide Strikers,MW Short,AT Carey,MR Marsh,2,0,,,,,,"",""
ball,1,10.1,Adelaide Strikers,AT Carey,MW Short,Fawad Ahmed,1,0,,,,,,"",""
ball,1,10.2,Adelaide Strikers,MW Short,AT Carey,Fawad Ahmed,1,0,,,,,,"",""
ball,1,10.3,Adelaide Strikers,AT Carey,MW Short,Fawad Ahmed,0,0,,,,,,"",""
ball,1,10.4,Adelaide Strikers,AT Carey,MW Short,Fawad Ahmed,4,0,,,,,,"",""
ball,1,10.5,Adelaide Strikers,AT Carey,MW Short,Fawad Ahmed,0,0,,,,,,"",""
ball,1,10.6,Adelaide Strikers,AT Carey,MW Short,Fawad Ahmed,1,0,,,,,,"",""
ball,1,11.1,Adelaide Strikers,AT Carey,MW Short,JA Richardson,1,0,,,,,,"",""
ball,1,11.2,Adelaide Strikers,MW Short,AT Carey,JA Richardson,1,0,,,,,,"",""
ball,1,11.3,Adelaide Strikers,AT Carey,MW Short,JA Richardson,1,0,,,,,,"",""
ball,1,11.4,Adelaide Strikers,MW Short,AT Carey,JA Richardson,1,0,,,,,,"",""
ball,1,11.5,Adelaide Strikers,AT Carey,MW Short,JA Richardson,0,0,,,,,,"",""
ball,1,11.6,Adelaide Strikers,AT Carey,MW Short,JA Richardson,0,0,,,,,,"",""
ball,1,12.1,Adelaide Strikers,MW Short,AT Carey,Fawad Ahmed,0,0,,,,,,"",""
ball,1,12.2,Adelaide Strikers,MW Short,AT Carey,Fawad Ahmed,1,0,,,,,,"",""
ball,1,12.3,Adelaide Strikers,AT Carey,MW Short,Fawad Ahmed,1,0,,,,,,"",""
ball,1,12.4,Adelaide Strikers,MW Short,AT Carey,Fawad Ahmed,0,1,1,,,,,"",""
ball,1,12.5,Adelaide Strikers,MW Short,AT Carey,Fawad Ahmed,0,0,,,,,,caught,MW Short
ball,1,12.6,Adelaide Strikers,Rashid Khan,AT Carey,Fawad Ahmed,1,0,,,,,,"",""
ball,1,12.7,Adelaide Strikers,AT Carey,Rashid Khan,Fawad Ahmed,0,0,,,,,,"",""
ball,1,13.1,Adelaide Strikers,Rashid Khan,AT Carey,AM Hardie,2,0,,,,,,"",""
ball,1,13.2,Adelaide Strikers,Rashid Khan,AT Carey,AM Hardie,0,0,,,,,,"",""
ball,1,13.3,Adelaide Strikers,Rashid Khan,AT Carey,AM Hardie,1,0,,,,,,"",""
ball,1,13.4,Adelaide Strikers,AT Carey,Rashid Khan,AM Hardie,1,0,,,,,,"",""
ball,1,13.5,Adelaide Strikers,Rashid Khan,AT Carey,AM Hardie,1,0,,,,,,"",""
ball,1,13.6,Adelaide Strikers,AT Carey,Rashid Khan,AM Hardie,1,0,,,,,,"",""
ball,1,14.1,Adelaide Strikers,AT Carey,Rashid Khan,Fawad Ahmed,1,0,,,,,,"",""
ball,1,14.2,Adelaide Strikers,Rashid Khan,AT Carey,Fawad Ahmed,1,0,,,,,,"",""
ball,1,14.3,Adelaide Strikers,AT Carey,Rashid Khan,Fawad Ahmed,2,0,,,,,,"",""
ball,1,14.4,Adelaide Strikers,AT Carey,Rashid Khan,Fawad Ahmed,1,0,,,,,,"",""
ball,1,14.5,Adelaide Strikers,Rashid Khan,AT Carey,Fawad Ahmed,1,0,,,,,,"",""
ball,1,14.6,Adelaide Strikers,AT Carey,Rashid Khan,Fawad Ahmed,4,0,,,,,,"",""
ball,1,15.1,Adelaide Strikers,Rashid Khan,AT Carey,AJ Tye,1,0,,,,,,"",""
ball,1,15.2,Adelaide Strikers,AT Carey,Rashid Khan,AJ Tye,1,0,,,,,,"",""
ball,1,15.3,Adelaide Strikers,Rashid Khan,AT Carey,AJ Tye,0,0,,,,,,caught,Rashid Khan
ball,1,15.4,Adelaide Strikers,AT Carey,DJ Worrall,AJ Tye,0,0,,,,,,"",""
ball,1,15.5,Adelaide Strikers,AT Carey,DJ Worrall,AJ Tye,0,0,,,,,,"",""
ball,1,15.6,Adelaide Strikers,AT Carey,DJ Worrall,AJ Tye,4,0,,,,,,"",""
ball,1,16.1,Adelaide Strikers,DJ Worrall,AT Carey,JA Richardson,1,0,,,,,,"",""
ball,1,16.2,Adelaide Strikers,AT Carey,DJ Worrall,JA Richardson,1,0,,,,,,"",""
ball,1,16.3,Adelaide Strikers,DJ Worrall,AT Carey,JA Richardson,0,0,,,,,,"",""
ball,1,16.4,Adelaide Strikers,DJ Worrall,AT Carey,JA Richardson,0,0,,,,,,caught,DJ Worrall
ball,1,16.5,Adelaide Strikers,AT Carey,DR Briggs,JA Richardson,0,0,,,,,,"",""
ball,1,16.6,Adelaide Strikers,AT Carey,DR Briggs,JA Richardson,4,0,,,,,,"",""
ball,1,17.1,Adelaide Strikers,DR Briggs,AT Carey,AJ Tye,1,0,,,,,,"",""
ball,1,17.2,Adelaide Strikers,AT Carey,DR Briggs,AJ Tye,4,0,,,,,,"",""
ball,1,17.3,Adelaide Strikers,AT Carey,DR Briggs,AJ Tye,0,0,,,,,,"",""
ball,1,17.4,Adelaide Strikers,AT Carey,DR Briggs,AJ Tye,4,0,,,,,,"",""
ball,1,17.5,Adelaide Strikers,AT Carey,DR Briggs,AJ Tye,6,0,,,,,,"",""
ball,1,17.6,Adelaide Strikers,AT Carey,DR Briggs,AJ Tye,1,0,,,,,,"",""
ball,1,18.1,Adelaide Strikers,AT Carey,DR Briggs,JA Richardson,0,0,,,,,,"",""
ball,1,18.2,Adelaide Strikers,AT Carey,DR Briggs,JA Richardson,2,0,,,,,,"",""
ball,1,18.3,Adelaide Strikers,AT Carey,DR Briggs,JA Richardson,0,0,,,,,,caught,AT Carey
ball,1,18.4,Adelaide Strikers,DR Briggs,WA Agar,JA Richardson,2,0,,,,,,"",""
ball,1,18.5,Adelaide Strikers,DR Briggs,WA Agar,JA Richardson,0,0,,,,,,"",""
ball,1,18.6,Adelaide Strikers,DR Briggs,WA Agar,JA Richardson,0,0,,,,,,"",""
ball,1,19.1,Adelaide Strikers,WA Agar,DR Briggs,AM Hardie,0,0,,,,,,"",""
ball,1,19.2,Adelaide Strikers,WA Agar,DR Briggs,AM Hardie,1,0,,,,,,"",""
ball,1,19.3,Adelaide Strikers,DR Briggs,WA Agar,AM Hardie,0,0,,,,,,"",""
ball,1,19.4,Adelaide Strikers,DR Briggs,WA Agar,AM Hardie,2,0,,,,,,"",""
ball,1,19.5,Adelaide Strikers,DR Briggs,WA Agar,AM Hardie,4,0,,,,,,"",""
ball,1,19.6,Adelaide Strikers,DR Briggs,WA Agar,AM Hardie,1,0,,,,,,run out,DR Briggs
ball,2,0.1,Perth Scorchers,JJ Roy,LS Livingstone,DJ Worrall,0,0,,,,,,"",""
ball,2,0.2,Perth Scorchers,JJ Roy,LS Livingstone,DJ Worrall,0,0,,,,,,"",""
ball,2,0.3,Perth Scorchers,JJ Roy,LS Livingstone,DJ Worrall,0,0,,,,,,"",""
ball,2,0.4,Perth Scorchers,JJ Roy,LS Livingstone,DJ Worrall,4,0,,,,,,"",""
ball,2,0.5,Perth Scorchers,JJ Roy,LS Livingstone,DJ Worrall,1,0,,,,,,"",""
ball,2,0.6,Perth Scorchers,LS Livingstone,JJ Roy,DJ Worrall,0,0,,,,,,"",""
ball,2,1.1,Perth Scorchers,JJ Roy,LS Livingstone,PM Siddle,0,0,,,,,,"",""
ball,2,1.2,Perth Scorchers,JJ Roy,LS Livingstone,PM Siddle,4,0,,,,,,"",""
ball,2,1.3,Perth Scorchers,JJ Roy,LS Livingstone,PM Siddle,0,0,,,,,,"",""
ball,2,1.4,Perth Scorchers,JJ Roy,LS Livingstone,PM Siddle,1,0,,,,,,"",""
ball,2,1.5,Perth Scorchers,LS Livingstone,JJ Roy,PM Siddle,1,0,,,,,,"",""
ball,2,1.6,Perth Scorchers,JJ Roy,LS Livingstone,PM Siddle,1,0,,,,,,"",""
ball,2,2.1,Perth Scorchers,JJ Roy,LS Livingstone,DJ Worrall,2,0,,,,,,"",""
ball,2,2.2,Perth Scorchers,JJ Roy,LS Livingstone,DJ Worrall,4,0,,,,,,"",""
ball,2,2.3,Perth Scorchers,JJ Roy,LS Livingstone,DJ Worrall,4,0,,,,,,"",""
ball,2,2.4,Perth Scorchers,JJ Roy,LS Livingstone,DJ Worrall,1,0,,,,,,"",""
ball,2,2.5,Perth Scorchers,LS Livingstone,JJ Roy,DJ Worrall,0,0,,,,,,"",""
ball,2,2.6,Perth Scorchers,LS Livingstone,JJ Roy,DJ Worrall,0,0,,,,,,"",""
ball,2,3.1,Perth Scorchers,JJ Roy,LS Livingstone,WA Agar,0,0,,,,,,"",""
ball,2,3.2,Perth Scorchers,JJ Roy,LS Livingstone,WA Agar,4,0,,,,,,"",""
ball,2,3.3,Perth Scorchers,JJ Roy,LS Livingstone,WA Agar,0,0,,,,,,"",""
ball,2,3.4,Perth Scorchers,JJ Roy,LS Livingstone,WA Agar,0,0,,,,,,"",""
ball,2,3.5,Perth Scorchers,JJ Roy,LS Livingstone,WA Agar,1,0,,,,,,"",""
ball,2,3.6,Perth Scorchers,LS Livingstone,JJ Roy,WA Agar,4,0,,,,,,"",""
ball,2,4.1,Perth Scorchers,JJ Roy,LS Livingstone,Rashid Khan,4,0,,,,,,"",""
ball,2,4.2,Perth Scorchers,JJ Roy,LS Livingstone,Rashid Khan,0,0,,,,,,"",""
ball,2,4.3,Perth Scorchers,JJ Roy,LS Livingstone,Rashid Khan,0,0,,,,,,"",""
ball,2,4.4,Perth Scorchers,JJ Roy,LS Livingstone,Rashid Khan,1,0,,,,,,"",""
ball,2,4.5,Perth Scorchers,LS Livingstone,JJ Roy,Rashid Khan,0,0,,,,,,"",""
ball,2,4.6,Perth Scorchers,LS Livingstone,JJ Roy,Rashid Khan,1,0,,,,,,"",""
ball,2,5.1,Perth Scorchers,LS Livingstone,JJ Roy,DJ Worrall,1,0,,,,,,"",""
ball,2,5.2,Perth Scorchers,JJ Roy,LS Livingstone,DJ Worrall,6,0,,,,,,"",""
ball,2,5.3,Perth Scorchers,JJ Roy,LS Livingstone,DJ Worrall,2,0,,,,,,"",""
ball,2,5.4,Perth Scorchers,JJ Roy,LS Livingstone,DJ Worrall,1,0,,,,,,"",""
ball,2,5.5,Perth Scorchers,LS Livingstone,JJ Roy,DJ Worrall,0,0,,,,,,"",""
ball,2,5.6,Perth Scorchers,LS Livingstone,JJ Roy,DJ Worrall,0,0,,,,,,"",""
ball,2,6.1,Perth Scorchers,JJ Roy,LS Livingstone,DR Briggs,1,0,,,,,,"",""
ball,2,6.2,Perth Scorchers,LS Livingstone,JJ Roy,DR Briggs,1,0,,,,,,"",""
ball,2,6.3,Perth Scorchers,JJ Roy,LS Livingstone,DR Briggs,2,0,,,,,,"",""
ball,2,6.4,Perth Scorchers,JJ Roy,LS Livingstone,DR Briggs,0,0,,,,,,"",""
ball,2,6.5,Perth Scorchers,JJ Roy,LS Livingstone,DR Briggs,1,0,,,,,,"",""
ball,2,6.6,Perth Scorchers,LS Livingstone,JJ Roy,DR Briggs,0,0,,,,,,"",""
ball,2,7.1,Perth Scorchers,JJ Roy,LS Livingstone,WA Agar,4,0,,,,,,"",""
ball,2,7.2,Perth Scorchers,JJ Roy,LS Livingstone,WA Agar,0,0,,,,,,caught,JJ Roy
ball,2,7.3,Perth Scorchers,C Munro,LS Livingstone,WA Agar,1,0,,,,,,"",""
ball,2,7.4,Perth Scorchers,LS Livingstone,C Munro,WA Agar,0,0,,,,,,caught,LS Livingstone
ball,2,7.5,Perth Scorchers,JP Inglis,C Munro,WA Agar,0,0,,,,,,"",""
ball,2,7.6,Perth Scorchers,JP Inglis,C Munro,WA Agar,1,0,,,,,,"",""
ball,2,8.1,Perth Scorchers,JP Inglis,C Munro,Rashid Khan,1,0,,,,,,"",""
ball,2,8.2,Perth Scorchers,C Munro,JP Inglis,Rashid Khan,0,1,,,,1,,"",""
ball,2,8.3,Perth Scorchers,JP Inglis,C Munro,Rashid Khan,0,0,,,,,,"",""
ball,2,8.4,Perth Scorchers,JP Inglis,C Munro,Rashid Khan,0,0,,,,,,"",""
ball,2,8.5,Perth Scorchers,JP Inglis,C Munro,Rashid Khan,2,0,,,,,,"",""
ball,2,8.6,Perth Scorchers,JP Inglis,C Munro,Rashid Khan,4,0,,,,,,"",""
ball,2,9.1,Perth Scorchers,C Munro,JP Inglis,DJ Worrall,1,0,,,,,,"",""
ball,2,9.2,Perth Scorchers,JP Inglis,C Munro,DJ Worrall,0,0,,,,,,"",""
ball,2,9.3,Perth Scorchers,JP Inglis,C Munro,DJ Worrall,2,0,,,,,,"",""
ball,2,9.4,Perth Scorchers,JP Inglis,C Munro,DJ Worrall,2,0,,,,,,"",""
ball,2,9.5,Perth Scorchers,JP Inglis,C Munro,DJ Worrall,0,0,,,,,,"",""
ball,2,9.6,Perth Scorchers,JP Inglis,C Munro,DJ Worrall,4,0,,,,,,"",""
ball,2,10.1,Perth Scorchers,C Munro,JP Inglis,Rashid Khan,0,0,,,,,,"",""
ball,2,10.2,Perth Scorchers,C Munro,JP Inglis,Rashid Khan,4,0,,,,,,"",""
ball,2,10.3,Perth Scorchers,C Munro,JP Inglis,Rashid Khan,0,0,,,,,,lbw,C Munro
ball,2,10.4,Perth Scorchers,MR Marsh,JP Inglis,Rashid Khan,2,0,,,,,,"",""
ball,2,10.5,Perth Scorchers,MR Marsh,JP Inglis,Rashid Khan,2,0,,,,,,"",""
ball,2,10.6,Perth Scorchers,MR Marsh,JP Inglis,Rashid Khan,1,0,,,,,,"",""
ball,2,11.1,Perth Scorchers,MR Marsh,JP Inglis,PM Siddle,0,0,,,,,,"",""
ball,2,11.2,Perth Scorchers,MR Marsh,JP Inglis,PM Siddle,1,0,,,,,,"",""
ball,2,11.3,Perth Scorchers,JP Inglis,MR Marsh,PM Siddle,1,0,,,,,,"",""
ball,2,11.4,Perth Scorchers,MR Marsh,JP Inglis,PM Siddle,1,0,,,,,,"",""
ball,2,11.5,Perth Scorchers,JP Inglis,MR Marsh,PM Siddle,1,0,,,,,,"",""
ball,2,11.6,Perth Scorchers,MR Marsh,JP Inglis,PM Siddle,0,0,,,,,,"",""
ball,2,12.1,Perth Scorchers,JP Inglis,MR Marsh,DR Briggs,1,0,,,,,,"",""
ball,2,12.2,Perth Scorchers,MR Marsh,JP Inglis,DR Briggs,1,0,,,,,,"",""
ball,2,12.3,Perth Scorchers,JP Inglis,MR Marsh,DR Briggs,4,0,,,,,,"",""
ball,2,12.4,Perth Scorchers,JP Inglis,MR Marsh,DR Briggs,1,0,,,,,,"",""
ball,2,12.5,Perth Scorchers,MR Marsh,JP Inglis,DR Briggs,1,0,,,,,,"",""
ball,2,12.6,Perth Scorchers,JP Inglis,MR Marsh,DR Briggs,1,0,,,,,,"",""
ball,2,13.1,Perth Scorchers,JP Inglis,MR Marsh,WA Agar,1,0,,,,,,"",""
ball,2,13.2,Perth Scorchers,MR Marsh,JP Inglis,WA Agar,0,0,,,,,,"",""
ball,2,13.3,Perth Scorchers,MR Marsh,JP Inglis,WA Agar,6,0,,,,,,"",""
ball,2,13.4,Perth Scorchers,MR Marsh,JP Inglis,WA Agar,2,0,,,,,,"",""
ball,2,13.5,Perth Scorchers,MR Marsh,JP Inglis,WA Agar,4,0,,,,,,"",""
ball,2,13.6,Perth Scorchers,MR Marsh,JP Inglis,WA Agar,2,0,,,,,,"",""
ball,2,14.1,Perth Scorchers,JP Inglis,MR Marsh,Rashid Khan,1,0,,,,,,"",""
ball,2,14.2,Perth Scorchers,MR Marsh,JP Inglis,Rashid Khan,1,0,,,,,,"",""
ball,2,14.3,Perth Scorchers,JP Inglis,MR Marsh,Rashid Khan,1,0,,,,,,"",""
ball,2,14.4,Perth Scorchers,MR Marsh,JP Inglis,Rashid Khan,0,0,,,,,,"",""
ball,2,14.5,Perth Scorchers,MR Marsh,JP Inglis,Rashid Khan,4,0,,,,,,"",""
ball,2,14.6,Perth Scorchers,MR Marsh,JP Inglis,Rashid Khan,0,0,,,,,,"",""
ball,2,15.1,Perth Scorchers,JP Inglis,MR Marsh,WA Agar,4,0,,,,,,"",""
ball,2,15.2,Perth Scorchers,JP Inglis,MR Marsh,WA Agar,1,0,,,,,,"",""
ball,2,15.3,Perth Scorchers,MR Marsh,JP Inglis,WA Agar,4,0,,,,,,"",""
ball,2,15.4,Perth Scorchers,MR Marsh,JP Inglis,WA Agar,4,0,,,,,,"",""
ball,2,15.5,Perth Scorchers,MR Marsh,JP Inglis,WA Agar,0,0,,,,,,"",""
ball,2,15.6,Perth Scorchers,MR Marsh,JP Inglis,WA Agar,0,0,,,,,,"",""
ball,2,16.1,Perth Scorchers,JP Inglis,MR Marsh,PM Siddle,0,0,,,,,,"",""
ball,2,16.2,Perth Scorchers,JP Inglis,MR Marsh,PM Siddle,1,0,,,,,,"",""
ball,2,16.3,Perth Scorchers,MR Marsh,JP Inglis,PM Siddle,1,0,,,,,,"",""
ball,2,16.4,Perth Scorchers,JP Inglis,MR Marsh,PM Siddle,0,0,,,,,,"",""
ball,2,16.5,Perth Scorchers,JP Inglis,MR Marsh,PM Siddle,0,0,,,,,,"",""
ball,2,16.6,Perth Scorchers,JP Inglis,MR Marsh,PM Siddle,0,1,1,,,,,"",""
ball,2,16.7,Perth Scorchers,JP Inglis,MR Marsh,PM Siddle,1,0,,,,,,"",""
ball,2,17.1,Perth Scorchers,JP Inglis,MR Marsh,DR Briggs,1,0,,,,,,"",""
ball,2,17.2,Perth Scorchers,MR Marsh,JP Inglis,DR Briggs,1,0,,,,,,"",""
ball,2,17.3,Perth Scorchers,JP Inglis,MR Marsh,DR Briggs,4,0,,,,,,"",""
ball,2,17.4,Perth Scorchers,JP Inglis,MR Marsh,DR Briggs,4,0,,,,,,"",""
