version,1.6.0
info,balls_per_over,6
info,team,Sydney Sixers
info,team,Adelaide Strikers
info,gender,male
info,season,2020/21
info,date,2020/12/20
info,event,Big Bash League
info,match_number,11
info,venue,Bellerive Oval
info,city,Hobart
info,toss_winner,Adelaide Strikers
info,toss_decision,field
info,player_of_match,DT Christian
info,umpire,MW Graham-Smith
info,umpire,SJ Nogajski
info,reserve_umpire,NR Johnstone
info,tv_umpire,DR Close
info,match_referee,David Johnston
info,winner,Sydney Sixers
info,winner_runs,38
info,player,Sydney Sixers,JR Philippe
info,player,Sydney Sixers,J Edwards
info,player,Sydney Sixers,JM Vince
info,player,Sydney Sixers,DP Hughes
info,player,Sydney Sixers,DT Christian
info,player,Sydney Sixers,JC Silk
info,player,Sydney Sixers,JO Holder
info,player,Sydney Sixers,CR Brathwaite
info,player,Sydney Sixers,BJ Dwarshuis
info,player,Sydney Sixers,BAD Manenti
info,player,Sydney Sixers,SNJ O'Keefe
info,player,Adelaide Strikers,DR Briggs
info,player,Adelaide Strikers,PD Salt
info,player,Adelaide Strikers,J Weatherald
info,player,Adelaide Strikers,MT Renshaw
info,player,Adelaide Strikers,AT Carey
info,player,Adelaide Strikers,JW Wells
info,player,Adelaide Strikers,MW Short
info,player,Adelaide Strikers,L Scott
info,player,Adelaide Strikers,Rashid Khan
info,player,Adelaide Strikers,DJ Worrall
info,player,Adelaide Strikers,PM Siddle
info,player,Adelaide Strikers,WA Agar
info,registry,people,AT Carey,69d03465
info,registry,people,BAD Manenti,ab21795b
info,registry,people,BJ Dwarshuis,e1b9f3a9
info,registry,people,CR Brathwaite,e342e5fb
info,registry,people,DJ Worrall,208f22ea
info,registry,people,DP Hughes,f3982af9
info,registry,people,DR Briggs,f3abd0c9
info,registry,people,DR Close,4cae2b0c
info,registry,people,DT Christian,2a2e6343
info,registry,people,David Johnston,92cef862
info,registry,people,J Edwards,f787e0eb
info,registry,people,J Weatherald,edc7ddb6
info,registry,people,JC Silk,7a6dc294
info,registry,people,JM Vince,a15618fe
info,registry,people,JO Holder,0f721006
info,registry,people,JR Philippe,39086549
info,registry,people,JW Wells,8bdac857
info,registry,people,L Scott,0ebb3444
info,registry,people,MT Renshaw,218d4d78
info,registry,people,MW Graham-Smith,18aca3ce
info,registry,people,MW Short,a90e53ec
info,registry,people,NR Johnstone,ce274b6a
info,registry,people,PD Salt,3d284ca3
info,registry,people,PM Siddle,bd93fea4
info,registry,people,Rashid Khan,5f547c8b
info,registry,people,SJ Nogajski,9b3f9323
info,registry,people,SNJ O'Keefe,3540beff
info,registry,people,WA Agar,15de1f5d
ball,1,0.1,Sydney Sixers,JR Philippe,J Edwards,DJ Worrall,0,0,,,,,,"",""
ball,1,0.2,Sydney Sixers,JR Philippe,J Edwards,DJ Worrall,0,0,,,,,,"",""
ball,1,0.3,Sydney Sixers,JR Philippe,J Edwards,DJ Worrall,0,0,,,,,,"",""
ball,1,0.4,Sydney Sixers,JR Philippe,J Edwards,DJ Worrall,0,0,,,,,,"",""
ball,1,0.5,Sydney Sixers,JR Philippe,J Edwards,DJ Worrall,2,0,,,,,,"",""
ball,1,0.6,Sydney Sixers,JR Philippe,J Edwards,DJ Worrall,0,0,,,,,,"",""
ball,1,1.1,Sydney Sixers,J Edwards,JR Philippe,PM Siddle,0,0,,,,,,"",""
ball,1,1.2,Sydney Sixers,J Edwards,JR Philippe,PM Siddle,0,0,,,,,,"",""
ball,1,1.3,Sydney Sixers,J Edwards,JR Philippe,PM Siddle,0,0,,,,,,"",""
ball,1,1.4,Sydney Sixers,J Edwards,JR Philippe,PM Siddle,4,0,,,,,,"",""
ball,1,1.5,Sydney Sixers,J Edwards,JR Philippe,PM Siddle,0,0,,,,,,"",""
ball,1,1.6,Sydney Sixers,J Edwards,JR Philippe,PM Siddle,2,0,,,,,,"",""
ball,1,2.1,Sydney Sixers,JR Philippe,J Edwards,DJ Worrall,0,0,,,,,,"",""
ball,1,2.2,Sydney Sixers,JR Philippe,J Edwards,DJ Worrall,0,0,,,,,,"",""
ball,1,2.3,Sydney Sixers,JR Philippe,J Edwards,DJ Worrall,4,0,,,,,,"",""
ball,1,2.4,Sydney Sixers,JR Philippe,J Edwards,DJ Worrall,0,0,,,,,,"",""
ball,1,2.5,Sydney Sixers,JR Philippe,J Edwards,DJ Worrall,0,0,,,,,,"",""
ball,1,2.6,Sydney Sixers,JR Philippe,J Edwards,DJ Worrall,0,0,,,,,,caught,JR Philippe
ball,1,3.1,Sydney Sixers,J Edwards,JM Vince,WA Agar,1,0,,,,,,"",""
ball,1,3.2,Sydney Sixers,JM Vince,J Edwards,WA Agar,0,0,,,,,,"",""
ball,1,3.3,Sydney Sixers,JM Vince,J Edwards,WA Agar,1,0,,,,,,"",""
ball,1,3.4,Sydney Sixers,J Edwards,JM Vince,WA Agar,0,0,,,,,,"",""
ball,1,3.5,Sydney Sixers,J Edwards,JM Vince,WA Agar,4,0,,,,,,"",""
ball,1,3.6,Sydney Sixers,J Edwards,JM Vince,WA Agar,1,0,,,,,,"",""
ball,1,4.1,Sydney Sixers,J Edwards,JM Vince,DJ Worrall,2,0,,,,,,"",""
ball,1,4.2,Sydney Sixers,J Edwards,JM Vince,DJ Worrall,0,0,,,,,,"",""
ball,1,4.3,Sydney Sixers,J Edwards,JM Vince,DJ Worrall,0,0,,,,,,"",""
ball,1,4.4,Sydney Sixers,J Edwards,JM Vince,DJ Worrall,1,0,,,,,,"",""
ball,1,4.5,Sydney Sixers,JM Vince,J Edwards,DJ Worrall,0,0,,,,,,"",""
ball,1,4.6,Sydney Sixers,JM Vince,J Edwards,DJ Worrall,2,0,,,,,,"",""
ball,1,5.1,Sydney Sixers,J Edwards,JM Vince,DR Briggs,1,0,,,,,,"",""
ball,1,5.2,Sydney Sixers,JM Vince,J Edwards,DR Briggs,2,0,,,,,,"",""
ball,1,5.3,Sydney Sixers,JM Vince,J Edwards,DR Briggs,1,0,,,,,,"",""
ball,1,5.4,Sydney Sixers,J Edwards,JM Vince,DR Briggs,1,0,,,,,,"",""
ball,1,5.5,Sydney Sixers,JM Vince,J Edwards,DR Briggs,0,0,,,,,,"",""
ball,1,5.6,Sydney Sixers,JM Vince,J Edwards,DR Briggs,0,0,,,,,,"",""
ball,1,6.1,Sydney Sixers,J Edwards,JM Vince,DJ Worrall,0,0,,,,,,"",""
ball,1,6.2,Sydney Sixers,J Edwards,JM Vince,DJ Worrall,0,0,,,,,,caught,J Edwards
ball,1,6.3,Sydney Sixers,DP Hughes,JM Vince,DJ Worrall,0,0,,,,,,"",""
ball,1,6.4,Sydney Sixers,DP Hughes,JM Vince,DJ Worrall,0,0,,,,,,"",""
ball,1,6.5,Sydney Sixers,DP Hughes,JM Vince,DJ Worrall,0,0,,,,,,"",""
ball,1,6.6,Sydney Sixers,DP Hughes,JM Vince,DJ Worrall,1,0,,,,,,"",""
ball,1,7.1,Sydney Sixers,DP Hughes,JM Vince,MW Short,2,0,,,,,,"",""
ball,1,7.2,Sydney Sixers,DP Hughes,JM Vince,MW Short,4,0,,,,,,"",""
ball,1,7.3,Sydney Sixers,DP Hughes,JM Vince,MW Short,2,0,,,,,,"",""
ball,1,7.4,Sydney Sixers,DP Hughes,JM Vince,MW Short,0,0,,,,,,"",""
ball,1,7.5,Sydney Sixers,DP Hughes,JM Vince,MW Short,1,0,,,,,,"",""
ball,1,7.6,Sydney Sixers,JM Vince,DP Hughes,MW Short,0,0,,,,,,"",""
ball,1,8.1,Sydney Sixers,DP Hughes,JM Vince,WA Agar,1,0,,,,,,"",""
ball,1,8.2,Sydney Sixers,JM Vince,DP Hughes,WA Agar,2,0,,,,,,"",""
ball,1,8.3,Sydney Sixers,JM Vince,DP Hughes,WA Agar,1,0,,,,,,"",""
ball,1,8.4,Sydney Sixers,DP Hughes,JM Vince,WA Agar,0,0,,,,,,"",""
ball,1,8.5,Sydney Sixers,DP Hughes,JM Vince,WA Agar,0,0,,,,,,"",""
ball,1,8.6,Sydney Sixers,DP Hughes,JM Vince,WA Agar,0,0,,,,,,"",""
ball,1,9.1,Sydney Sixers,JM Vince,DP Hughes,Rashid Khan,1,0,,,,,,"",""
ball,1,9.2,Sydney Sixers,DP Hughes,JM Vince,Rashid Khan,1,0,,,,,,"",""
ball,1,9.3,Sydney Sixers,JM Vince,DP Hughes,Rashid Khan,0,0,,,,,,"",""
ball,1,9.4,Sydney Sixers,JM Vince,DP Hughes,Rashid Khan,6,0,,,,,,"",""
ball,1,9.5,Sydney Sixers,JM Vince,DP Hughes,Rashid Khan,1,0,,,,,,"",""
ball,1,9.6,Sydney Sixers,DP Hughes,JM Vince,Rashid Khan,0,0,,,,,,"",""
ball,1,10.1,Sydney Sixers,JM Vince,DP Hughes,L Scott,0,1,1,,,,,"",""
ball,1,10.2,Sydney Sixers,JM Vince,DP Hughes,L Scott,0,0,,,,,,"",""
ball,1,10.3,Sydney Sixers,JM Vince,DP Hughes,L Scott,1,0,,,,,,"",""
ball,1,10.4,Sydney Sixers,DP Hughes,JM Vince,L Scott,1,0,,,,,,"",""
ball,1,10.5,Sydney Sixers,JM Vince,DP Hughes,L Scott,1,0,,,,,,"",""
ball,1,10.6,Sydney Sixers,DP Hughes,JM Vince,L Scott,2,0,,,,,,"",""
ball,1,10.7,Sydney Sixers,DP Hughes,JM Vince,L Scott,0,0,,,,,,"",""
ball,1,11.1,Sydney Sixers,JM Vince,DP Hughes,Rashid Khan,0,0,,,,,,bowled,JM Vince
ball,1,11.2,Sydney Sixers,DT Christian,DP Hughes,Rashid Khan,1,0,,,,,,"",""
ball,1,11.3,Sydney Sixers,DP Hughes,DT Christian,Rashid Khan,0,0,,,,,,"",""
ball,1,11.4,Sydney Sixers,DP Hughes,DT Christian,Rashid Khan,1,0,,,,,,"",""
ball,1,11.5,Sydney Sixers,DT Christian,DP Hughes,Rashid Khan,1,0,,,,,,"",""
ball,1,11.6,Sydney Sixers,DP Hughes,DT Christian,Rashid Khan,0,0,,,,,,"",""
ball,1,12.1,Sydney Sixers,DT Christian,DP Hughes,L Scott,6,0,,,,,,"",""
ball,1,12.2,Sydney Sixers,DT Christian,DP Hughes,L Scott,0,0,,,,,,"",""
ball,1,12.3,Sydney Sixers,DT Christian,DP Hughes,L Scott,6,0,,,,,,"",""
ball,1,12.4,Sydney Sixers,DT Christian,DP Hughes,L Scott,4,0,,,,,,"",""
ball,1,12.5,Sydney Sixers,DT Christian,DP Hughes,L Scott,6,0,,,,,,"",""
ball,1,12.6,Sydney Sixers,DT Christian,DP Hughes,L Scott,0,0,,,,,,"",""
ball,1,13.1,Sydney Sixers,DP Hughes,DT Christian,Rashid Khan,1,0,,,,,,"",""
ball,1,13.2,Sydney Sixers,DT Christian,DP Hughes,Rashid Khan,6,0,,,,,,"",""
ball,1,13.3,Sydney Sixers,DT Christian,DP Hughes,Rashid Khan,1,0,,,,,,"",""
ball,1,13.4,Sydney Sixers,DP Hughes,DT Christian,Rashid Khan,1,0,,,,,,"",""
ball,1,13.5,Sydney Sixers,DT Christian,DP Hughes,Rashid Khan,6,0,,,,,,"",""
ball,1,13.6,Sydney Sixers,DT Christian,DP Hughes,Rashid Khan,1,0,,,,,,"",""
ball,1,14.1,Sydney Sixers,DT Christian,DP Hughes,WA Agar,4,0,,,,,,"",""
ball,1,14.2,Sydney Sixers,DT Christian,DP Hughes,WA Agar,0,5,5,,,,,"",""
ball,1,14.3,Sydney Sixers,DT Christian,DP Hughes,WA Agar,4,0,,,,,,"",""
ball,1,14.4,Sydney Sixers,DT Christian,DP Hughes,WA Agar,4,0,,,,,,"",""
ball,1,14.5,Sydney Sixers,DT Christian,DP Hughes,WA Agar,0,0,,,,,,caught,DT Christian
ball,1,14.6,Sydney Sixers,DP Hughes,JC Silk,WA Agar,0,1,1,,,,,"",""
ball,1,14.7,Sydney Sixers,DP Hughes,JC Silk,WA Agar,6,0,,,,,,"",""
ball,1,14.8,Sydney Sixers,DP Hughes,JC Silk,WA Agar,1,0,,,,,,"",""
ball,1,15.1,Sydney Sixers,DP Hughes,JC Silk,PM Siddle,2,0,,,,,,"",""
ball,1,15.2,Sydney Sixers,DP Hughes,JC Silk,PM Siddle,0,1,,,,1,,"",""
ball,1,15.3,Sydney Sixers,JC Silk,DP Hughes,PM Siddle,0,3,3,,,,,"",""
ball,1,15.4,Sydney Sixers,JC Silk,DP Hughes,PM Siddle,1,0,,,,,,"",""
ball,1,15.5,Sydney Sixers,DP Hughes,JC Silk,PM Siddle,0,0,,,,,,"",""
ball,1,15.6,Sydney Sixers,DP Hughes,JC Silk,PM Siddle,1,0,,,,,,"",""
ball,1,15.7,Sydney Sixers,JC Silk,DP Hughes,PM Siddle,1,0,,,,,,"",""
ball,1,16.1,Sydney Sixers,JC Silk,DP Hughes,Rashid Khan,1,0,,,,,,"",""
ball,1,16.2,Sydney Sixers,DP Hughes,JC Silk,Rashid Khan,1,0,,,,,,"",""
ball,1,16.3,Sydney Sixers,JC Silk,DP Hughes,Rashid Khan,1,0,,,,,,"",""
ball,1,16.4,Sydney Sixers,DP Hughes,JC Silk,Rashid Khan,2,0,,,,,,"",""
ball,1,16.5,Sydney Sixers,DP Hughes,JC Silk,Rashid Khan,0,0,,,,,,"",""
ball,1,16.6,Sydney Sixers,DP Hughes,JC Silk,Rashid Khan,1,0,,,,,,"",""
ball,1,17.1,Sydney Sixers,DP Hughes,JC Silk,PM Siddle,1,0,,,,,,"",""
ball,1,17.2,Sydney Sixers,JC Silk,DP Hughes,PM Siddle,1,0,,,,,,"",""
ball,1,17.3,Sydney Sixers,DP Hughes,JC Silk,PM Siddle,0,1,,,,1,,"",""
ball,1,17.4,Sydney Sixers,JC Silk,DP Hughes,PM Siddle,0,0,,,,,,"",""
ball,1,17.5,Sydney Sixers,JC Silk,DP Hughes,PM Siddle,4,0,,,,,,"",""
ball,1,17.6,Sydney Sixers,JC Silk,DP Hughes,PM Siddle,6,0,,,,,,"",""
ball,1,18.1,Sydney Sixers,DP Hughes,JC Silk,WA Agar,1,0,,,,,,"",""
ball,1,18.2,Sydney Sixers,JC Silk,DP Hughes,WA Agar,0,0,,,,,,caught,JC Silk
ball,1,18.3,Sydney Sixers,DP Hughes,JO Holder,WA Agar,2,0,,,,,,"",""
ball,1,18.4,Sydney Sixers,DP Hughes,JO Holder,WA Agar,1,0,,,,,,"",""
ball,1,18.5,Sydney Sixers,JO Holder,DP Hughes,WA Agar,6,0,,,,,,"",""
ball,1,18.6,Sydney Sixers,JO Holder,DP Hughes,WA Agar,1,0,,,,,,"",""
ball,1,19.1,Sydney Sixers,JO Holder,DP Hughes,PM Siddle,0,1,,,,1,,"",""
ball,1,19.2,Sydney Sixers,DP Hughes,JO Holder,PM Siddle,6,0,,,,,,"",""
ball,1,19.3,Sydney Sixers,DP Hughes,JO Holder,PM Siddle,2,0,,,,,,"",""
ball,1,19.4,Sydney Sixers,DP Hughes,JO Holder,PM Siddle,1,0,,,,,,"",""
ball,1,19.5,Sydney Sixers,JO Holder,DP Hughes,PM Siddle,0,0,,,,,,"",""
ball,1,19.6,Sydney Sixers,JO Holder,DP Hughes,PM Siddle,4,0,,,,,,"",""
ball,2,0.1,Adelaide Strikers,PD Salt,J Weatherald,BJ Dwarshuis,0,0,,,,,,"",""
ball,2,0.2,Adelaide Strikers,PD Salt,J Weatherald,BJ Dwarshuis,0,0,,,,,,"",""
ball,2,0.3,Adelaide Strikers,PD Salt,J Weatherald,BJ Dwarshuis,4,0,,,,,,"",""
ball,2,0.4,Adelaide Strikers,PD Salt,J Weatherald,BJ Dwarshuis,0,0,,,,,,"",""
ball,2,0.5,Adelaide Strikers,PD Salt,J Weatherald,BJ Dwarshuis,4,0,,,,,,"",""
ball,2,0.6,Adelaide Strikers,PD Salt,J Weatherald,BJ Dwarshuis,0,0,,,,,,"",""
ball,2,1.1,Adelaide Strikers,J Weatherald,PD Salt,JO Holder,4,0,,,,,,"",""
ball,2,1.2,Adelaide Strikers,J Weatherald,PD Salt,JO Holder,0,0,,,,,,"",""
ball,2,1.3,Adelaide Strikers,J Weatherald,PD Salt,JO Holder,4,0,,,,,,"",""
ball,2,1.4,Adelaide Strikers,J Weatherald,PD Salt,JO Holder,0,0,,,,,,"",""
ball,2,1.5,Adelaide Strikers,J Weatherald,PD Salt,JO Holder,0,0,,,,,,"",""
ball,2,1.6,Adelaide Strikers,J Weatherald,PD Salt,JO Holder,0,0,,,,,,"",""
ball,2,2.1,Adelaide Strikers,PD Salt,J Weatherald,BAD Manenti,1,0,,,,,,"",""
ball,2,2.2,Adelaide Strikers,J Weatherald,PD Salt,BAD Manenti,1,0,,,,,,"",""
ball,2,2.3,Adelaide Strikers,PD Salt,J Weatherald,BAD Manenti,0,0,,,,,,"",""
ball,2,2.4,Adelaide Strikers,PD Salt,J Weatherald,BAD Manenti,1,0,,,,,,"",""
ball,2,2.5,Adelaide Strikers,J Weatherald,PD Salt,BAD Manenti,4,0,,,,,,"",""
ball,2,2.6,Adelaide Strikers,J Weatherald,PD Salt,BAD Manenti,6,0,,,,,,"",""
ball,2,3.1,Adelaide Strikers,PD Salt,J Weatherald,JO Holder,4,0,,,,,,"",""
ball,2,3.2,Adelaide Strikers,PD Salt,J Weatherald,JO Holder,0,0,,,,,,"",""
ball,2,3.3,Adelaide Strikers,PD Salt,J Weatherald,JO Holder,6,0,,,,,,"",""
ball,2,3.4,Adelaide Strikers,PD Salt,J Weatherald,JO Holder,0,0,,,,,,"",""
ball,2,3.5,Adelaide Strikers,PD Salt,J Weatherald,JO Holder,4,0,,,,,,"",""
ball,2,3.6,Adelaide Strikers,PD Salt,J Weatherald,JO Holder,4,0,,,,,,"",""
ball,2,4.1,Adelaide Strikers,J Weatherald,PD Salt,DT Christian,4,0,,,,,,"",""
ball,2,4.2,Adelaide Strikers,J Weatherald,PD Salt,DT Christian,1,0,,,,,,"",""
ball,2,4.3,Adelaide Strikers,PD Salt,J Weatherald,DT Christian,0,0,,,,,,caught,PD Salt
ball,2,4.4,Adelaide Strikers,MT Renshaw,J Weatherald,DT Christian,0,0,,,,,,"",""
ball,2,4.5,Adelaide Strikers,MT Renshaw,J Weatherald,DT Christian,1,0,,,,,,"",""
ball,2,4.6,Adelaide Strikers,J Weatherald,MT Renshaw,DT Christian,1,0,,,,,,"",""
ball,2,5.1,Adelaide Strikers,J Weatherald,MT Renshaw,BAD Manenti,1,0,,,,,,"",""
ball,2,5.2,Adelaide Strikers,MT Renshaw,J Weatherald,BAD Manenti,1,0,,,,,,"",""
ball,2,5.3,Adelaide Strikers,J Weatherald,MT Renshaw,BAD Manenti,1,0,,,,,,"",""
ball,2,5.4,Adelaide Strikers,MT Renshaw,J Weatherald,BAD Manenti,1,0,,,,,,"",""
ball,2,5.5,Adelaide Strikers,J Weatherald,MT Renshaw,BAD Manenti,0,0,,,,,,caught,J Weatherald
ball,2,5.6,Adelaide Strikers,MT Renshaw,AT Carey,BAD Manenti,1,0,,,,,,"",""
ball,2,6.1,Adelaide Strikers,MT Renshaw,AT Carey,BJ Dwarshuis,1,0,,,,,,"",""
ball,2,6.2,Adelaide Strikers,AT Carey,MT Renshaw,BJ Dwarshuis,1,0,,,,,,"",""
ball,2,6.3,Adelaide Strikers,MT Renshaw,AT Carey,BJ Dwarshuis,0,0,,,,,,"",""
ball,2,6.4,Adelaide Strikers,MT Renshaw,AT Carey,BJ Dwarshuis,0,0,,,,,,"",""
ball,2,6.5,Adelaide Strikers,MT Renshaw,AT Carey,BJ Dwarshuis,1,0,,,,,,"",""
ball,2,6.6,Adelaide Strikers,AT Carey,MT Renshaw,BJ Dwarshuis,4,0,,,,,,"",""
ball,2,7.1,Adelaide Strikers,MT Renshaw,AT Carey,BAD Manenti,0,0,,,,,,caught,MT Renshaw
ball,2,7.2,Adelaide Strikers,JW Wells,AT Carey,BAD Manenti,0,0,,,,,,"",""
ball,2,7.3,Adelaide Strikers,JW Wells,AT Carey,BAD Manenti,0,0,,,,,,"",""
ball,2,7.4,Adelaide Strikers,JW Wells,AT Carey,BAD Manenti,1,0,,,,,,"",""
ball,2,7.5,Adelaide Strikers,AT Carey,JW Wells,BAD Manenti,0,0,,,,,,"",""
ball,2,7.6,Adelaide Strikers,AT Carey,JW Wells,BAD Manenti,0,0,,,,,,"",""
ball,2,8.1,Adelaide Strikers,JW Wells,AT Carey,DT Christian,1,0,,,,,,"",""
ball,2,8.2,Adelaide Strikers,AT Carey,JW Wells,DT Christian,1,0,,,,,,"",""
ball,2,8.3,Adelaide Strikers,JW Wells,AT Carey,DT Christian,1,0,,,,,,"",""
ball,2,8.4,Adelaide Strikers,AT Carey,JW Wells,DT Christian,1,0,,,,,,"",""
ball,2,8.5,Adelaide Strikers,JW Wells,AT Carey,DT Christian,0,0,,,,,,"",""
ball,2,8.6,Adelaide Strikers,JW Wells,AT Carey,DT Christian,1,0,,,,,,"",""
ball,2,9.1,Adelaide Strikers,JW Wells,AT Carey,BAD Manenti,1,0,,,,,,"",""
ball,2,9.2,Adelaide Strikers,AT Carey,JW Wells,BAD Manenti,1,0,,,,,,"",""
ball,2,9.3,Adelaide Strikers,JW Wells,AT Carey,BAD Manenti,0,0,,,,,,"",""
ball,2,9.4,Adelaide Strikers,JW Wells,AT Carey,BAD Manenti,1,0,,,,,,"",""
ball,2,9.5,Adelaide Strikers,AT Carey,JW Wells,BAD Manenti,1,0,,,,,,"",""
ball,2,9.6,Adelaide Strikers,JW Wells,AT Carey,BAD Manenti,0,0,,,,,,"",""
ball,2,10.1,Adelaide Strikers,AT Carey,JW Wells,CR Brathwaite,0,0,,,,,,bowled,AT Carey
ball,2,10.2,Adelaide Strikers,MW Short,JW Wells,CR Brathwaite,0,0,,,,,,"",""
ball,2,10.3,Adelaide Strikers,MW Short,JW Wells,CR Brathwaite,1,0,,,,,,"",""
ball,2,10.4,Adelaide Strikers,JW Wells,MW Short,CR Brathwaite,1,0,,,,,,"",""
ball,2,10.5,Adelaide Strikers,MW Short,JW Wells,CR Brathwaite,1,0,,,,,,"",""
ball,2,10.6,Adelaide Strikers,JW Wells,MW Short,CR Brathwaite,0,0,,,,,,"",""
ball,2,11.1,Adelaide Strikers,MW Short,JW Wells,SNJ O'Keefe,0,0,,,,,,"",""
ball,2,11.2,Adelaide Strikers,MW Short,JW Wells,SNJ O'Keefe,1,0,,,,,,"",""
ball,2,11.3,Adelaide Strikers,JW Wells,MW Short,SNJ O'Keefe,0,0,,,,,,"",""
ball,2,11.4,Adelaide Strikers,JW Wells,MW Short,SNJ O'Keefe,1,0,,,,,,"",""
ball,2,11.5,Adelaide Strikers,MW Short,JW Wells,SNJ O'Keefe,0,0,,,,,,caught,MW Short
ball,2,11.6,Adelaide Strikers,L Scott,JW Wells,SNJ O'Keefe,1,0,,,,,,"",""
ball,2,12.1,Adelaide Strikers,L Scott,JW Wells,CR Brathwaite,0,0,,,,,,"",""
ball,2,12.2,Adelaide Strikers,L Scott,JW Wells,CR Brathwaite,1,0,,,,,,"",""
ball,2,12.3,Adelaide Strikers,JW Wells,L Scott,CR Brathwaite,2,0,,,,,,"",""
ball,2,12.4,Adelaide Strikers,JW Wells,L Scott,CR Brathwaite,2,0,,,,,,"",""
ball,2,12.5,Adelaide Strikers,JW Wells,L Scott,CR Brathwaite,1,0,,,,,,"",""
ball,2,12.6,Adelaide Strikers,L Scott,JW Wells,CR Brathwaite,0,0,,,,,,"",""
ball,2,13.1,Adelaide Strikers,JW Wells,L Scott,BJ Dwarshuis,0,0,,,,,,"",""
ball,2,13.2,Adelaide Strikers,JW Wells,L Scott,BJ Dwarshuis,1,0,,,,,,"",""
ball,2,13.3,Adelaide Strikers,L Scott,JW Wells,BJ Dwarshuis,1,0,,,,,,"",""
ball,2,13.4,Adelaide Strikers,JW Wells,L Scott,BJ Dwarshuis,1,0,,,,,,"",""
ball,2,13.5,Adelaide Strikers,L Scott,JW Wells,BJ Dwarshuis,0,1,1,,,,,"",""
ball,2,13.6,Adelaide Strikers,L Scott,JW Wells,BJ Dwarshuis,1,0,,,,,,"",""
ball,2,13.7,Adelaide Strikers,JW Wells,L Scott,BJ Dwarshuis,4,0,,,,,,"",""
ball,2,14.1,Adelaide Strikers,L Scott,JW Wells,DT Christian,0,1,1,,,,,"",""
ball,2,14.2,Adelaide Strikers,L Scott,JW Wells,DT Christian,4,0,,,,,,"",""
ball,2,14.3,Adelaide Strikers,L Scott,JW Wells,DT Christian,0,0,,,,,,"",""
ball,2,14.4,Adelaide Strikers,L Scott,JW Wells,DT Christian,1,0,,,,,,"",""
ball,2,14.5,Adelaide Strikers,JW Wells,L Scott,DT Christian,0,0,,,,,,"",""
ball,2,14.6,Adelaide Strikers,JW Wells,L Scott,DT Christian,0,0,,,,,,"",""
ball,2,14.7,Adelaide Strikers,JW Wells,L Scott,DT Christian,1,0,,,,,,"",""
ball,2,15.1,Adelaide Strikers,JW Wells,L Scott,SNJ O'Keefe,2,0,,,,,,"",""
ball,2,15.2,Adelaide Strikers,JW Wells,L Scott,SNJ O'Keefe,1,0,,,,,,"",""
ball,2,15.3,Adelaide Strikers,L Scott,JW Wells,SNJ O'Keefe,0,0,,,,,,"",""
ball,2,15.4,Adelaide Strikers,L Scott,JW Wells,SNJ O'Keefe,1,0,,,,,,"",""
ball,2,15.5,Adelaide Strikers,JW Wells,L Scott,SNJ O'Keefe,1,0,,,,,,"",""
ball,2,15.6,Adelaide Strikers,L Scott,JW Wells,SNJ O'Keefe,0,0,,,,,,lbw,L Scott
ball,2,16.1,Adelaide Strikers,JW Wells,Rashid Khan,CR Brathwaite,1,0,,,,,,"",""
ball,2,16.2,Adelaide Strikers,Rashid Khan,JW Wells,CR Brathwaite,0,0,,,,,,"",""
ball,2,16.3,Adelaide Strikers,Rashid Khan,JW Wells,CR Brathwaite,1,0,,,,,,"",""
ball,2,16.4,Adelaide Strikers,JW Wells,Rashid Khan,CR Brathwaite,1,0,,,,,,"",""
ball,2,16.5,Adelaide Strikers,Rashid Khan,JW Wells,CR Brathwaite,4,0,,,,,,"",""
ball,2,16.6,Adelaide Strikers,Rashid Khan,JW Wells,CR Brathwaite,0,1,,,,1,,"",""
ball,2,17.1,Adelaide Strikers,Rashid Khan,JW Wells,BJ Dwarshuis,0,0,,,,,,"",""
ball,2,17.2,Adelaide Strikers,Rashid Khan,JW Wells,BJ Dwarshuis,0,0,,,,,,"",""
ball,2,17.3,Adelaide Strikers,Rashid Khan,JW Wells,BJ Dwarshuis,0,0,,,,,,"",""
ball,2,17.4,Adelaide Strikers,Rashid Khan,JW Wells,BJ Dwarshuis,0,0,,,,,,"",""
ball,2,17.5,Adelaide Strikers,Rashid Khan,JW Wells,BJ Dwarshuis,0,1,1,,,,,"",""
ball,2,17.6,Adelaide Strikers,Rashid Khan,JW Wells,BJ Dwarshuis,1,0,,,,,,"",""
ball,2,17.7,Adelaide Strikers,JW Wells,Rashid Khan,BJ Dwarshuis,4,0,,,,,,"",""
ball,2,18.1,Adelaide Strikers,Rashid Khan,JW Wells,DT Christian,0,1,,,,1,,"",""
ball,2,18.2,Adelaide Strikers,JW Wells,Rashid Khan,DT Christian,0,1,,,,1,,"",""
ball,2,18.3,Adelaide Strikers,Rashid Khan,JW Wells,DT Christian,4,0,,,,,,"",""
ball,2,18.4,Adelaide Strikers,Rashid Khan,JW Wells,DT Christian,1,0,,,,,,"",""
ball,2,18.5,Adelaide Strikers,JW Wells,Rashid Khan,DT Christian,0,0,,,,,,"",""
ball,2,18.6,Adelaide Strikers,JW Wells,Rashid Khan,DT Christian,1,0,,,,,,"",""
ball,2,19.1,Adelaide Strikers,JW Wells,Rashid Khan,CR Brathwaite,0,1,1,,,,,"",""
ball,2,19.2,Adelaide Strikers,JW Wells,Rashid Khan,CR Brathwaite,4,0,,,,,,"",""
ball,2,19.3,Adelaide Strikers,JW Wells,Rashid Khan,CR Brathwaite,0,1,,,1,,,"",""
ball,2,19.4,Adelaide Strikers,Rashid Khan,JW Wells,CR Brathwaite,0,0,,,,,,caught,Rashid Khan
ball,2,19.5,Adelaide Strikers,JW Wells,DJ Worrall,CR Brathwaite,0,0,,,,,,"",""
ball,2,19.6,Adelaide Strikers,JW Wells,DJ Worrall,CR Brathwaite,1,0,,,,,,"",""
ball,2,19.7,Adelaide Strikers,DJ Worrall,JW Wells,CR Brathwaite,1,0,,,,,,"",""
