version,1.6.0
info,balls_per_over,6
info,team,Melbourne Renegades
info,team,Sydney Sixers
info,gender,male
info,season,2020/21
info,date,2020/12/29
info,event,Big Bash League
info,match_number,18
info,venue,Carrara Oval
info,city,Carrara
info,toss_winner,Melbourne Renegades
info,toss_decision,bat
info,player_of_match,JO Holder
info,umpire,PJ Gillespie
info,umpire,AK Wilds
info,reserve_umpire,Steven Farrell
info,tv_umpire,D Taylor
info,match_referee,Kepler Wessels
info,winner,Sydney Sixers
info,winner_wickets,2
info,player,Melbourne Renegades,AJ Finch
info,player,Melbourne Renegades,SE Marsh
info,player,Melbourne Renegades,SB Harper
info,player,Melbourne Renegades,RR Rossouw
info,player,Melbourne Renegades,Mohammad Nabi
info,player,Melbourne Renegades,MW Harvey
info,player,Melbourne Renegades,Imad Wasim
info,player,Melbourne Renegades,W Sutherland
info,player,Melbourne Renegades,KW Richardson
info,player,Melbourne Renegades,Z Evans
info,player,Melbourne Renegades,P Hatzoglou
info,player,Sydney Sixers,JR Philippe
info,player,Sydney Sixers,J Edwards
info,player,Sydney Sixers,JM Vince
info,player,Sydney Sixers,DP Hughes
info,player,Sydney Sixers,JC Silk
info,player,Sydney Sixers,DT Christian
info,player,Sydney Sixers,JO Holder
info,player,Sydney Sixers,CR Brathwaite
info,player,Sydney Sixers,BJ Dwarshuis
info,player,Sydney Sixers,BAD Manenti
info,player,Sydney Sixers,SNJ O'Keefe
info,registry,people,AJ Finch,b8d490fd
info,registry,people,AK Wilds,de412f40
info,registry,people,BAD Manenti,ab21795b
info,registry,people,BJ Dwarshuis,e1b9f3a9
info,registry,people,CR Brathwaite,e342e5fb
info,registry,people,D Taylor,b940a2b2
info,registry,people,DP Hughes,f3982af9
info,registry,people,DT Christian,2a2e6343
info,registry,people,Imad Wasim,9cb8d7a6
info,registry,people,J Edwards,f787e0eb
info,registry,people,JC Silk,7a6dc294
info,registry,people,JM Vince,a15618fe
info,registry,people,JO Holder,0f721006
info,registry,people,JR Philippe,39086549
info,registry,people,KW Richardson,dfc4d8b5
info,registry,people,Kepler Wessels,3bedaff0
info,registry,people,MW Harvey,47dc9794
info,registry,people,Mohammad Nabi,62af8546
info,registry,people,P Hatzoglou,6f95e5fa
info,registry,people,PJ Gillespie,3e253a50
info,registry,people,RR Rossouw,cad00a4d
info,registry,people,SB Harper,a756e61a
info,registry,people,SE Marsh,508a1ea7
info,registry,people,SNJ O'Keefe,3540beff
info,registry,people,Steven Farrell,512226fb
info,registry,people,W Sutherland,bc2d4f2e
info,registry,people,Z Evans,8528effb
ball,1,0.1,Melbourne Renegades,AJ Finch,SE Marsh,JO Holder,1,0,,,,,,"",""
ball,1,0.2,Melbourne Renegades,SE Marsh,AJ Finch,JO Holder,1,0,,,,,,"",""
ball,1,0.3,Melbourne Renegades,AJ Finch,SE Marsh,JO Holder,0,0,,,,,,"",""
ball,1,0.4,Melbourne Renegades,AJ Finch,SE Marsh,JO Holder,2,0,,,,,,"",""
ball,1,0.5,Melbourne Renegades,AJ Finch,SE Marsh,JO Holder,1,0,,,,,,"",""
ball,1,0.6,Melbourne Renegades,SE Marsh,AJ Finch,JO Holder,1,0,,,,,,"",""
ball,1,1.1,Melbourne Renegades,SE Marsh,AJ Finch,BJ Dwarshuis,4,0,,,,,,"",""
ball,1,1.2,Melbourne Renegades,SE Marsh,AJ Finch,BJ Dwarshuis,0,0,,,,,,"",""
ball,1,1.3,Melbourne Renegades,SE Marsh,AJ Finch,BJ Dwarshuis,0,0,,,,,,"",""
ball,1,1.4,Melbourne Renegades,SE Marsh,AJ Finch,BJ Dwarshuis,0,0,,,,,,"",""
ball,1,1.5,Melbourne Renegades,SE Marsh,AJ Finch,BJ Dwarshuis,0,0,,,,,,"",""
ball,1,1.6,Melbourne Renegades,SE Marsh,AJ Finch,BJ Dwarshuis,4,0,,,,,,"",""
ball,1,2.1,Melbourne Renegades,AJ Finch,SE Marsh,JO Holder,0,0,,,,,,"",""
ball,1,2.2,Melbourne Renegades,AJ Finch,SE Marsh,JO Holder,0,0,,,,,,"",""
ball,1,2.3,Melbourne Renegades,AJ Finch,SE Marsh,JO Holder,2,0,,,,,,"",""
ball,1,2.4,Melbourne Renegades,AJ Finch,SE Marsh,JO Holder,0,0,,,,,,"",""
ball,1,2.5,Melbourne Renegades,AJ Finch,SE Marsh,JO Holder,4,0,,,,,,"",""
ball,1,2.6,Melbourne Renegades,AJ Finch,SE Marsh,JO Holder,1,0,,,,,,"",""
ball,1,3.1,Melbourne Renegades,AJ Finch,SE Marsh,BAD Manenti,0,1,1,,,,,"",""
ball,1,3.2,Melbourne Renegades,AJ Finch,SE Marsh,BAD Manenti,2,0,,,,,,"",""
ball,1,3.3,Melbourne Renegades,AJ Finch,SE Marsh,BAD Manenti,4,0,,,,,,"",""
ball,1,3.4,Melbourne Renegades,AJ Finch,SE Marsh,BAD Manenti,4,0,,,,,,"",""
ball,1,3.5,Melbourne Renegades,AJ Finch,SE Marsh,BAD Manenti,1,0,,,,,,"",""
ball,1,3.6,Melbourne Renegades,SE Marsh,AJ Finch,BAD Manenti,1,0,,,,,,"",""
ball,1,3.7,Melbourne Renegades,AJ Finch,SE Marsh,BAD Manenti,0,0,,,,,,"",""
ball,1,4.1,Melbourne Renegades,SE Marsh,AJ Finch,CR Brathwaite,0,0,,,,,,"",""
ball,1,4.2,Melbourne Renegades,SE Marsh,AJ Finch,CR Brathwaite,1,0,,,,,,"",""
ball,1,4.3,Melbourne Renegades,AJ Finch,SE Marsh,CR Brathwaite,0,0,,,,,,"",""
ball,1,4.4,Melbourne Renegades,AJ Finch,SE Marsh,CR Brathwaite,1,0,,,,,,"",""
ball,1,4.5,Melbourne Renegades,SE Marsh,AJ Finch,CR Brathwaite,4,0,,,,,,"",""
ball,1,4.6,Melbourne Renegades,SE Marsh,AJ Finch,CR Brathwaite,1,0,,,,,,"",""
ball,1,5.1,Melbourne Renegades,SE Marsh,AJ Finch,BJ Dwarshuis,0,1,,,,1,,"",""
ball,1,5.2,Melbourne Renegades,AJ Finch,SE Marsh,BJ Dwarshuis,0,0,,,,,,"",""
ball,1,5.3,Melbourne Renegades,AJ Finch,SE Marsh,BJ Dwarshuis,1,0,,,,,,"",""
ball,1,5.4,Melbourne Renegades,SE Marsh,AJ Finch,BJ Dwarshuis,1,0,,,,,,"",""
ball,1,5.5,Melbourne Renegades,AJ Finch,SE Marsh,BJ Dwarshuis,1,0,,,,,,"",""
ball,1,5.6,Melbourne Renegades,SE Marsh,AJ Finch,BJ Dwarshuis,1,0,,,,,,"",""
ball,1,6.1,Melbourne Renegades,SE Marsh,AJ Finch,SNJ O'Keefe,1,0,,,,,,"",""
ball,1,6.2,Melbourne Renegades,AJ Finch,SE Marsh,SNJ O'Keefe,1,0,,,,,,"",""
ball,1,6.3,Melbourne Renegades,SE Marsh,AJ Finch,SNJ O'Keefe,0,0,,,,,,"",""
ball,1,6.4,Melbourne Renegades,SE Marsh,AJ Finch,SNJ O'Keefe,1,0,,,,,,"",""
ball,1,6.5,Melbourne Renegades,AJ Finch,SE Marsh,SNJ O'Keefe,1,0,,,,,,"",""
ball,1,6.6,Melbourne Renegades,SE Marsh,AJ Finch,SNJ O'Keefe,1,0,,,,,,"",""
ball,1,7.1,Melbourne Renegades,SE Marsh,AJ Finch,CR Brathwaite,1,0,,,,,,"",""
ball,1,7.2,Melbourne Renegades,AJ Finch,SE Marsh,CR Brathwaite,4,0,,,,,,"",""
ball,1,7.3,Melbourne Renegades,AJ Finch,SE Marsh,CR Brathwaite,0,2,,,,2,,"",""
ball,1,7.4,Melbourne Renegades,AJ Finch,SE Marsh,CR Brathwaite,2,0,,,,,,"",""
ball,1,7.5,Melbourne Renegades,AJ Finch,SE Marsh,CR Brathwaite,1,0,,,,,,"",""
ball,1,7.6,Melbourne Renegades,SE Marsh,AJ Finch,CR Brathwaite,1,0,,,,,,"",""
ball,1,8.1,Melbourne Renegades,SE Marsh,AJ Finch,SNJ O'Keefe,1,0,,,,,,"",""
ball,1,8.2,Melbourne Renegades,AJ Finch,SE Marsh,SNJ O'Keefe,1,0,,,,,,"",""
ball,1,8.3,Melbourne Renegades,SE Marsh,AJ Finch,SNJ O'Keefe,1,0,,,,,,"",""
ball,1,8.4,Melbourne Renegades,AJ Finch,SE Marsh,SNJ O'Keefe,1,0,,,,,,"",""
ball,1,8.5,Melbourne Renegades,SE Marsh,AJ Finch,SNJ O'Keefe,1,0,,,,,,"",""
ball,1,8.6,Melbourne Renegades,AJ Finch,SE Marsh,SNJ O'Keefe,1,0,,,,,,"",""
ball,1,9.1,Melbourne Renegades,AJ Finch,SE Marsh,DT Christian,0,1,1,,,,,"",""
ball,1,9.2,Melbourne Renegades,AJ Finch,SE Marsh,DT Christian,1,0,,,,,,"",""
ball,1,9.3,Melbourne Renegades,SE Marsh,AJ Finch,DT Christian,1,0,,,,,,"",""
ball,1,9.4,Melbourne Renegades,AJ Finch,SE Marsh,DT Christian,1,0,,,,,,"",""
ball,1,9.5,Melbourne Renegades,SE Marsh,AJ Finch,DT Christian,2,0,,,,,,"",""
ball,1,9.6,Melbourne Renegades,SE Marsh,AJ Finch,DT Christian,1,0,,,,,,"",""
ball,1,9.7,Melbourne Renegades,AJ Finch,SE Marsh,DT Christian,0,0,,,,,,caught,AJ Finch
ball,1,10.1,Melbourne Renegades,SE Marsh,SB Harper,SNJ O'Keefe,2,0,,,,,,"",""
ball,1,10.2,Melbourne Renegades,SE Marsh,SB Harper,SNJ O'Keefe,6,0,,,,,,"",""
ball,1,10.3,Melbourne Renegades,SE Marsh,SB Harper,SNJ O'Keefe,0,0,,,,,,"",""
ball,1,10.4,Melbourne Renegades,SE Marsh,SB Harper,SNJ O'Keefe,1,0,,,,,,"",""
ball,1,10.5,Melbourne Renegades,SB Harper,SE Marsh,SNJ O'Keefe,1,0,,,,,,"",""
ball,1,10.6,Melbourne Renegades,SE Marsh,SB Harper,SNJ O'Keefe,4,0,,,,,,"",""
ball,1,11.1,Melbourne Renegades,SB Harper,SE Marsh,DT Christian,1,0,,,,,,"",""
ball,1,11.2,Melbourne Renegades,SE Marsh,SB Harper,DT Christian,0,0,,,,,,"",""
ball,1,11.3,Melbourne Renegades,SE Marsh,SB Harper,DT Christian,1,0,,,,,,"",""
ball,1,11.4,Melbourne Renegades,SB Harper,SE Marsh,DT Christian,2,0,,,,,,"",""
ball,1,11.5,Melbourne Renegades,SB Harper,SE Marsh,DT Christian,1,0,,,,,,"",""
ball,1,11.6,Melbourne Renegades,SE Marsh,SB Harper,DT Christian,2,0,,,,,,"",""
ball,1,12.1,Melbourne Renegades,SB Harper,SE Marsh,SNJ O'Keefe,1,0,,,,,,"",""
ball,1,12.2,Melbourne Renegades,SE Marsh,SB Harper,SNJ O'Keefe,2,0,,,,,,"",""
ball,1,12.3,Melbourne Renegades,SE Marsh,SB Harper,SNJ O'Keefe,2,0,,,,,,"",""
ball,1,12.4,Melbourne Renegades,SE Marsh,SB Harper,SNJ O'Keefe,1,0,,,,,,"",""
ball,1,12.5,Melbourne Renegades,SB Harper,SE Marsh,SNJ O'Keefe,1,0,,,,,,"",""
ball,1,12.6,Melbourne Renegades,SE Marsh,SB Harper,SNJ O'Keefe,1,0,,,,,,"",""
ball,1,13.1,Melbourne Renegades,SE Marsh,SB Harper,JO Holder,1,0,,,,,,"",""
ball,1,13.2,Melbourne Renegades,SB Harper,SE Marsh,JO Holder,1,0,,,,,,"",""
ball,1,13.3,Melbourne Renegades,SE Marsh,SB Harper,JO Holder,1,0,,,,,,"",""
ball,1,13.4,Melbourne Renegades,SB Harper,SE Marsh,JO Holder,1,0,,,,,,"",""
ball,1,13.5,Melbourne Renegades,SE Marsh,SB Harper,JO Holder,4,0,,,,,,"",""
ball,1,13.6,Melbourne Renegades,SE Marsh,SB Harper,JO Holder,1,0,,,,,,"",""
ball,1,14.1,Melbourne Renegades,SE Marsh,SB Harper,CR Brathwaite,0,0,,,,,,"",""
ball,1,14.2,Melbourne Renegades,SE Marsh,SB Harper,CR Brathwaite,6,0,,,,,,"",""
ball,1,14.3,Melbourne Renegades,SE Marsh,SB Harper,CR Brathwaite,1,0,,,,,,"",""
ball,1,14.4,Melbourne Renegades,SB Harper,SE Marsh,CR Brathwaite,1,0,,,,,,"",""
ball,1,14.5,Melbourne Renegades,SE Marsh,SB Harper,CR Brathwaite,0,0,,,,,,caught,SE Marsh
ball,1,14.6,Melbourne Renegades,SB Harper,RR Rossouw,CR Brathwaite,1,0,,,,,,"",""
ball,1,15.1,Melbourne Renegades,SB Harper,RR Rossouw,BAD Manenti,1,0,,,,,,"",""
ball,1,15.2,Melbourne Renegades,RR Rossouw,SB Harper,BAD Manenti,1,0,,,,,,"",""
ball,1,15.3,Melbourne Renegades,SB Harper,RR Rossouw,BAD Manenti,4,0,,,,,,"",""
ball,1,15.4,Melbourne Renegades,SB Harper,RR Rossouw,BAD Manenti,0,0,,,,,,"",""
ball,1,15.5,Melbourne Renegades,SB Harper,RR Rossouw,BAD Manenti,2,0,,,,,,"",""
ball,1,15.6,Melbourne Renegades,SB Harper,RR Rossouw,BAD Manenti,0,0,,,,,,caught,SB Harper
ball,1,16.1,Melbourne Renegades,Mohammad Nabi,RR Rossouw,BJ Dwarshuis,0,1,1,,,,,"",""
ball,1,16.2,Melbourne Renegades,Mohammad Nabi,RR Rossouw,BJ Dwarshuis,0,0,,,,,,"",""
ball,1,16.3,Melbourne Renegades,Mohammad Nabi,RR Rossouw,BJ Dwarshuis,1,0,,,,,,"",""
ball,1,16.4,Melbourne Renegades,RR Rossouw,Mohammad Nabi,BJ Dwarshuis,1,0,,,,,,"",""
ball,1,16.5,Melbourne Renegades,Mohammad Nabi,RR Rossouw,BJ Dwarshuis,1,0,,,,,,"",""
ball,1,16.6,Melbourne Renegades,RR Rossouw,Mohammad Nabi,BJ Dwarshuis,1,0,,,,,,"",""
ball,1,16.7,Melbourne Renegades,Mohammad Nabi,RR Rossouw,BJ Dwarshuis,1,0,,,,,,"",""
ball,1,17.1,Melbourne Renegades,Mohammad Nabi,RR Rossouw,DT Christian,1,0,,,,,,"",""
ball,1,17.2,Melbourne Renegades,RR Rossouw,Mohammad Nabi,DT Christian,0,0,,,,,,lbw,RR Rossouw
ball,1,17.3,Melbourne Renegades,MW Harvey,Mohammad Nabi,DT Christian,1,0,,,,,,"",""
ball,1,17.4,Melbourne Renegades,Mohammad Nabi,MW Harvey,DT Christian,1,0,,,,,,"",""
ball,1,17.5,Melbourne Renegades,MW Harvey,Mohammad Nabi,DT Christian,1,0,,,,,,"",""
ball,1,17.6,Melbourne Renegades,Mohammad Nabi,MW Harvey,DT Christian,1,0,,,,,,"",""
ball,1,18.1,Melbourne Renegades,Mohammad Nabi,MW Harvey,CR Brathwaite,6,0,,,,,,"",""
ball,1,18.2,Melbourne Renegades,Mohammad Nabi,MW Harvey,CR Brathwaite,0,1,,,,1,,"",""
ball,1,18.3,Melbourne Renegades,MW Harvey,Mohammad Nabi,CR Brathwaite,4,0,,,,,,"",""
ball,1,18.4,Melbourne Renegades,MW Harvey,Mohammad Nabi,CR Brathwaite,1,0,,,,,,"",""
ball,1,18.5,Melbourne Renegades,Mohammad Nabi,MW Harvey,CR Brathwaite,6,0,,,,,,"",""
ball,1,18.6,Melbourne Renegades,Mohammad Nabi,MW Harvey,CR Brathwaite,0,0,,,,,,caught,Mohammad Nabi
ball,1,19.1,Melbourne Renegades,Imad Wasim,MW Harvey,JO Holder,0,0,,,,,,bowled,Imad Wasim
ball,1,19.2,Melbourne Renegades,W Sutherland,MW Harvey,JO Holder,1,0,,,,,,"",""
ball,1,19.3,Melbourne Renegades,MW Harvey,W Sutherland,JO Holder,1,0,,,,,,"",""
ball,1,19.4,Melbourne Renegades,W Sutherland,MW Harvey,JO Holder,2,0,,,,,,"",""
ball,1,19.5,Melbourne Renegades,W Sutherland,MW Harvey,JO Holder,4,0,,,,,,"",""
ball,1,19.6,Melbourne Renegades,W Sutherland,MW Harvey,JO Holder,1,0,,,,,,"",""
ball,2,0.1,Sydney Sixers,JR Philippe,J Edwards,KW Richardson,0,0,,,,,,"",""
ball,2,0.2,Sydney Sixers,JR Philippe,J Edwards,KW Richardson,0,0,,,,,,"",""
ball,2,0.3,Sydney Sixers,JR Philippe,J Edwards,KW Richardson,0,0,,,,,,"",""
ball,2,0.4,Sydney Sixers,JR Philippe,J Edwards,KW Richardson,0,0,,,,,,"",""
ball,2,0.5,Sydney Sixers,JR Philippe,J Edwards,KW Richardson,4,0,,,,,,"",""
ball,2,0.6,Sydney Sixers,JR Philippe,J Edwards,KW Richardson,2,0,,,,,,"",""
ball,2,1.1,Sydney Sixers,J Edwards,JR Philippe,W Sutherland,4,0,,,,,,"",""
ball,2,1.2,Sydney Sixers,J Edwards,JR Philippe,W Sutherland,0,0,,,,,,"",""
ball,2,1.3,Sydney Sixers,J Edwards,JR Philippe,W Sutherland,1,0,,,,,,"",""
ball,2,1.4,Sydney Sixers,JR Philippe,J Edwards,W Sutherland,2,0,,,,,,"",""
ball,2,1.5,Sydney Sixers,JR Philippe,J Edwards,W Sutherland,1,0,,,,,,"",""
ball,2,1.6,Sydney Sixers,J Edwards,JR Philippe,W Sutherland,1,0,,,,,,"",""
ball,2,2.1,Sydney Sixers,J Edwards,JR Philippe,KW Richardson,4,0,,,,,,"",""
ball,2,2.2,Sydney Sixers,J Edwards,JR Philippe,KW Richardson,0,0,,,,,,"",""
ball,2,2.3,Sydney Sixers,J Edwards,JR Philippe,KW Richardson,4,0,,,,,,"",""
ball,2,2.4,Sydney Sixers,J Edwards,JR Philippe,KW Richardson,0,0,,,,,,"",""
ball,2,2.5,Sydney Sixers,J Edwards,JR Philippe,KW Richardson,0,0,,,,,,"",""
ball,2,2.6,Sydney Sixers,J Edwards,JR Philippe,KW Richardson,0,0,,,,,,"",""
ball,2,3.1,Sydney Sixers,JR Philippe,J Edwards,W Sutherland,0,0,,,,,,"",""
ball,2,3.2,Sydney Sixers,JR Philippe,J Edwards,W Sutherland,4,0,,,,,,"",""
ball,2,3.3,Sydney Sixers,JR Philippe,J Edwards,W Sutherland,4,0,,,,,,"",""
ball,2,3.4,Sydney Sixers,JR Philippe,J Edwards,W Sutherland,4,0,,,,,,"",""
ball,2,3.5,Sydney Sixers,JR Philippe,J Edwards,W Sutherland,4,0,,,,,,"",""
ball,2,3.6,Sydney Sixers,JR Philippe,J Edwards,W Sutherland,4,0,,,,,,"",""
ball,2,4.1,Sydney Sixers,J Edwards,JR Philippe,P Hatzoglou,2,0,,,,,,"",""
ball,2,4.2,Sydney Sixers,J Edwards,JR Philippe,P Hatzoglou,1,0,,,,,,"",""
ball,2,4.3,Sydney Sixers,JR Philippe,J Edwards,P Hatzoglou,1,0,,,,,,"",""
ball,2,4.4,Sydney Sixers,J Edwards,JR Philippe,P Hatzoglou,1,0,,,,,,"",""
ball,2,4.5,Sydney Sixers,JR Philippe,J Edwards,P Hatzoglou,1,0,,,,,,"",""
ball,2,4.6,Sydney Sixers,J Edwards,JR Philippe,P Hatzoglou,1,0,,,,,,"",""
ball,2,5.1,Sydney Sixers,J Edwards,JR Philippe,Imad Wasim,1,0,,,,,,"",""
ball,2,5.2,Sydney Sixers,JR Philippe,J Edwards,Imad Wasim,0,0,,,,,,"",""
ball,2,5.3,Sydney Sixers,JR Philippe,J Edwards,Imad Wasim,0,0,,,,,,"",""
ball,2,5.4,Sydney Sixers,JR Philippe,J Edwards,Imad Wasim,1,0,,,,,,"",""
ball,2,5.5,Sydney Sixers,J Edwards,JR Philippe,Imad Wasim,0,0,,,,,,"",""
ball,2,5.6,Sydney Sixers,J Edwards,JR Philippe,Imad Wasim,1,0,,,,,,"",""
ball,2,6.1,Sydney Sixers,J Edwards,JR Philippe,P Hatzoglou,0,0,,,,,,"",""
ball,2,6.2,Sydney Sixers,J Edwards,JR Philippe,P Hatzoglou,0,0,,,,,,caught,J Edwards
ball,2,6.3,Sydney Sixers,JR Philippe,JM Vince,P Hatzoglou,2,0,,,,,,"",""
ball,2,6.4,Sydney Sixers,JR Philippe,JM Vince,P Hatzoglou,1,0,,,,,,"",""
ball,2,6.5,Sydney Sixers,JM Vince,JR Philippe,P Hatzoglou,1,0,,,,,,"",""
ball,2,6.6,Sydney Sixers,JR Philippe,JM Vince,P Hatzoglou,0,0,,,,,,"",""
ball,2,7.1,Sydney Sixers,JM Vince,JR Philippe,Imad Wasim,0,0,,,,,,"",""
ball,2,7.2,Sydney Sixers,JM Vince,JR Philippe,Imad Wasim,1,0,,,,,,"",""
ball,2,7.3,Sydney Sixers,JR Philippe,JM Vince,Imad Wasim,1,0,,,,,,"",""
ball,2,7.4,Sydney Sixers,JM Vince,JR Philippe,Imad Wasim,1,0,,,,,,"",""
ball,2,7.5,Sydney Sixers,JR Philippe,JM Vince,Imad Wasim,2,0,,,,,,"",""
ball,2,7.6,Sydney Sixers,JR Philippe,JM Vince,Imad Wasim,1,0,,,,,,"",""
ball,2,8.1,Sydney Sixers,JR Philippe,JM Vince,Z Evans,0,1,,,,1,,"",""
ball,2,8.2,Sydney Sixers,JM Vince,JR Philippe,Z Evans,1,0,,,,,,"",""
ball,2,8.3,Sydney Sixers,JR Philippe,JM Vince,Z Evans,4,0,,,,,,"",""
ball,2,8.4,Sydney Sixers,JR Philippe,JM Vince,Z Evans,1,0,,,,,,"",""
ball,2,8.5,Sydney Sixers,JM Vince,JR Philippe,Z Evans,1,0,,,,,,"",""
ball,2,8.6,Sydney Sixers,JR Philippe,JM Vince,Z Evans,4,0,,,,,,"",""
ball,2,9.1,Sydney Sixers,JM Vince,JR Philippe,Imad Wasim,1,0,,,,,,"",""
ball,2,9.2,Sydney Sixers,JR Philippe,JM Vince,Imad Wasim,0,0,,,,,,caught,JR Philippe
ball,2,9.3,Sydney Sixers,JM Vince,DP Hughes,Imad Wasim,0,0,,,,,,"",""
ball,2,9.4,Sydney Sixers,JM Vince,DP Hughes,Imad Wasim,1,0,,,,,,"",""
ball,2,9.5,Sydney Sixers,DP Hughes,JM Vince,Imad Wasim,0,0,,,,,,"",""
ball,2,9.6,Sydney Sixers,DP Hughes,JM Vince,Imad Wasim,1,0,,,,,,"",""
ball,2,10.1,Sydney Sixers,DP Hughes,JM Vince,Mohammad Nabi,1,0,,,,,,"",""
ball,2,10.2,Sydney Sixers,JM Vince,DP Hughes,Mohammad Nabi,1,0,,,,,,"",""
ball,2,10.3,Sydney Sixers,DP Hughes,JM Vince,Mohammad Nabi,0,0,,,,,,lbw,DP Hughes
ball,2,10.4,Sydney Sixers,JC Silk,JM Vince,Mohammad Nabi,0,0,,,,,,"",""
ball,2,10.5,Sydney Sixers,JC Silk,JM Vince,Mohammad Nabi,1,0,,,,,,"",""
ball,2,10.6,Sydney Sixers,JM Vince,JC Silk,Mohammad Nabi,0,0,,,,,,"",""
ball,2,11.1,Sydney Sixers,JC Silk,JM Vince,Z Evans,1,0,,,,,,"",""
ball,2,11.2,Sydney Sixers,JM Vince,JC Silk,Z Evans,0,1,,,,1,,"",""
ball,2,11.3,Sydney Sixers,JC Silk,JM Vince,Z Evans,2,0,,,,,,"",""
ball,2,11.4,Sydney Sixers,JC Silk,JM Vince,Z Evans,0,0,,,,,,"",""
ball,2,11.5,Sydney Sixers,JC Silk,JM Vince,Z Evans,2,0,,,,,,"",""
ball,2,11.6,Sydney Sixers,JC Silk,JM Vince,Z Evans,4,0,,,,,,"",""
ball,2,12.1,Sydney Sixers,JM Vince,JC Silk,Mohammad Nabi,1,0,,,,,,"",""
ball,2,12.2,Sydney Sixers,JC Silk,JM Vince,Mohammad Nabi,1,0,,,,,,"",""
ball,2,12.3,Sydney Sixers,JM Vince,JC Silk,Mohammad Nabi,4,0,,,,,,"",""
ball,2,12.4,Sydney Sixers,JM Vince,JC Silk,Mohammad Nabi,0,0,,,,,,caught,JM Vince
ball,2,12.5,Sydney Sixers,DT Christian,JC Silk,Mohammad Nabi,1,0,,,,,,"",""
ball,2,12.6,Sydney Sixers,JC Silk,DT Christian,Mohammad Nabi,1,0,,,,,,"",""
ball,2,13.1,Sydney Sixers,JC Silk,DT Christian,P Hatzoglou,1,0,,,,,,"",""
ball,2,13.2,Sydney Sixers,DT Christian,JC Silk,P Hatzoglou,0,1,1,,,,,"",""
ball,2,13.3,Sydney Sixers,DT Christian,JC Silk,P Hatzoglou,1,0,,,,,,"",""
ball,2,13.4,Sydney Sixers,JC Silk,DT Christian,P Hatzoglou,4,0,,,,,,"",""
ball,2,13.5,Sydney Sixers,JC Silk,DT Christian,P Hatzoglou,4,0,,,,,,"",""
ball,2,13.6,Sydney Sixers,JC Silk,DT Christian,P Hatzoglou,1,0,,,,,,"",""
ball,2,13.7,Sydney Sixers,DT Christian,JC Silk,P Hatzoglou,0,1,,,,1,,"",""
ball,2,14.1,Sydney Sixers,DT Christian,JC Silk,Imad Wasim,6,0,,,,,,"",""
ball,2,14.2,Sydney Sixers,DT Christian,JC Silk,Imad Wasim,0,0,,,,,,caught,DT Christian
ball,2,14.3,Sydney Sixers,JC Silk,JO Holder,Imad Wasim,0,0,,,,,,"",""
ball,2,14.4,Sydney Sixers,JC Silk,JO Holder,Imad Wasim,1,0,,,,,,"",""
ball,2,14.5,Sydney Sixers,JO Holder,JC Silk,Imad Wasim,1,0,,,,,,"",""
ball,2,14.6,Sydney Sixers,JC Silk,JO Holder,Imad Wasim,0,0,,,,,,"",""
ball,2,15.1,Sydney Sixers,JO Holder,JC Silk,KW Richardson,0,0,,,,,,"",""
ball,2,15.2,Sydney Sixers,JO Holder,JC Silk,KW Richardson,0,0,,,,,,"",""
ball,2,15.3,Sydney Sixers,JO Holder,JC Silk,KW Richardson,0,0,,,,,,"",""
ball,2,15.4,Sydney Sixers,JO Holder,JC Silk,KW Richardson,1,0,,,,,,"",""
ball,2,15.5,Sydney Sixers,JC Silk,JO Holder,KW Richardson,1,0,,,,,,"",""
ball,2,15.6,Sydney Sixers,JO Holder,JC Silk,KW Richardson,0,0,,,,,,"",""
ball,2,16.1,Sydney Sixers,JC Silk,JO Holder,P Hatzoglou,2,0,,,,,,"",""
ball,2,16.2,Sydney Sixers,JC Silk,JO Holder,P Hatzoglou,0,0,,,,,,"",""
ball,2,16.3,Sydney Sixers,JC Silk,JO Holder,P Hatzoglou,1,0,,,,,,"",""
ball,2,16.4,Sydney Sixers,JO Holder,JC Silk,P Hatzoglou,6,0,,,,,,"",""
ball,2,16.5,Sydney Sixers,JO Holder,JC Silk,P Hatzoglou,4,0,,,,,,"",""
ball,2,16.6,Sydney Sixers,JO Holder,JC Silk,P Hatzoglou,1,0,,,,,,"",""
ball,2,17.1,Sydney Sixers,JO Holder,JC Silk,W Sutherland,1,0,,,,,,"",""
ball,2,17.2,Sydney Sixers,JC Silk,JO Holder,W Sutherland,0,1,1,,,,,"",""
ball,2,17.3,Sydney Sixers,JC Silk,JO Holder,W Sutherland,4,0,,,,,,"",""
ball,2,17.4,Sydney Sixers,JC Silk,JO Holder,W Sutherland,0,1,1,,,,,"",""
ball,2,17.5,Sydney Sixers,JC Silk,JO Holder,W Sutherland,0,0,,,,,,"",""
ball,2,17.6,Sydney Sixers,JC Silk,JO Holder,W Sutherland,0,0,,,,,,caught,JC Silk
ball,2,17.7,Sydney Sixers,CR Brathwaite,JO Holder,W Sutherland,4,0,,,,,,"",""
ball,2,17.8,Sydney Sixers,CR Brathwaite,JO Holder,W Sutherland,0,1,,1,,,,"",""
ball,2,17.9,Sydney Sixers,CR Brathwaite,JO Holder,W Sutherland,0,0,,,,,,"",""
ball,2,18.1,Sydney Sixers,JO Holder,CR Brathwaite,KW Richardson,1,0,,,,,,"",""
ball,2,18.2,Sydney Sixers,CR Brathwaite,JO Holder,KW Richardson,0,0,,,,,,caught,CR Brathwaite
ball,2,18.3,Sydney Sixers,JO Holder,BJ Dwarshuis,KW Richardson,1,0,,,,,,"",""
ball,2,18.4,Sydney Sixers,BJ Dwarshuis,JO Holder,KW Richardson,2,0,,,,,,"",""
ball,2,18.5,Sydney Sixers,BJ Dwarshuis,JO Holder,KW Richardson,0,0,,,,,,caught,BJ Dwarshuis
ball,2,18.6,Sydney Sixers,JO Holder,BAD Manenti,KW Richardson,1,0,,,,,,"",""
ball,2,19.1,Sydney Sixers,JO Holder,BAD Manenti,W Sutherland,0,0,,,,,,"",""
ball,2,19.2,Sydney Sixers,JO Holder,BAD Manenti,W Sutherland,2,0,,,,,,"",""
ball,2,19.3,Sydney Sixers,JO Holder,BAD Manenti,W Sutherland,4,0,,,,,,"",""
ball,2,19.4,Sydney Sixers,JO Holder,BAD Manenti,W Sutherland,4,0,,,,,,"",""
ball,2,19.5,Sydney Sixers,JO Holder,BAD Manenti,W Sutherland,6,0,,,,,,"",""
