version,1.6.0
info,balls_per_over,6
info,team,Perth Scorchers
info,team,Sydney Sixers
info,gender,male
info,season,2020/21
info,date,2021/01/06
info,event,Big Bash League
info,match_number,30
info,venue,Perth Stadium
info,city,Perth
info,toss_winner,Sydney Sixers
info,toss_decision,field
info,player_of_match,MR Marsh
info,umpire,DM Koch
info,umpire,MW Graham-Smith
info,reserve_umpire,NR Johnstone
info,tv_umpire,SA Lightbody
info,match_referee,SD Fry
info,winner,Perth Scorchers
info,winner_runs,86
info,player,Perth Scorchers,JJ Roy
info,player,Perth Scorchers,LS Livingstone
info,player,Perth Scorchers,C Munro
info,player,Perth Scorchers,JP Inglis
info,player,Perth Scorchers,MR Marsh
info,player,Perth Scorchers,AJ Turner
info,player,Perth Scorchers,AM Hardie
info,player,Perth Scorchers,JA Richardson
info,player,Perth Scorchers,AJ Tye
info,player,Perth Scorchers,JP Behrendorff
info,player,Perth Scorchers,Fawad Ahmed
info,player,Sydney Sixers,BJ Dwarshuis
info,player,Sydney Sixers,JR Philippe
info,player,Sydney Sixers,J Edwards
info,player,Sydney Sixers,JM Vince
info,player,Sydney Sixers,DP Hughes
info,player,Sydney Sixers,JC Silk
info,player,Sydney Sixers,DT Christian
info,player,Sydney Sixers,CR Brathwaite
info,player,Sydney Sixers,SNJ O'Keefe
info,player,Sydney Sixers,JM Bird
info,player,Sydney Sixers,JT Ball
info,player,Sydney Sixers,L Pope
info,registry,people,AJ Turner,ff1e12a0
info,registry,people,AJ Tye,7c7d63a2
info,registry,people,AM Hardie,d405c0d5
info,registry,people,BJ Dwarshuis,e1b9f3a9
info,registry,people,C Munro,af2c687b
info,registry,people,CR Brathwaite,e342e5fb
info,registry,people,DM Koch,6d10c034
info,registry,people,DP Hughes,f3982af9
info,registry,people,DT Christian,2a2e6343
info,registry,people,Fawad Ahmed,22ae3041
info,registry,people,J Edwards,f787e0eb
info,registry,people,JA Richardson,1ee08e9a
info,registry,people,JC Silk,7a6dc294
info,registry,people,JJ Roy,d1c36f5c
info,registry,people,JM Bird,bc773eeb
info,registry,people,JM Vince,a15618fe
info,registry,people,JP Behrendorff,4933f499
info,registry,people,JP Inglis,989889ff
info,registry,people,JR Philippe,39086549
info,registry,people,JT Ball,3d0ed2f9
info,registry,people,L Pope,616a8149
info,registry,people,LS Livingstone,50c6bc2b
info,registry,people,MR Marsh,3d8feaf8
info,registry,people,MW Graham-Smith,18aca3ce
info,registry,people,NR Johnstone,ce274b6a
info,registry,people,SA Lightbody,680b8cbf
info,registry,people,SD Fry,6b725ed1
info,registry,people,SNJ O'Keefe,3540beff
ball,1,0.1,Perth Scorchers,JJ Roy,LS Livingstone,JM Bird,0,0,,,,,,"",""
ball,1,0.2,Perth Scorchers,JJ Roy,LS Livingstone,JM Bird,0,0,,,,,,"",""
ball,1,0.3,Perth Scorchers,JJ Roy,LS Livingstone,JM Bird,4,0,,,,,,"",""
ball,1,0.4,Perth Scorchers,JJ Roy,LS Livingstone,JM Bird,0,1,1,,,,,"",""
ball,1,0.5,Perth Scorchers,JJ Roy,LS Livingstone,JM Bird,1,0,,,,,,"",""
ball,1,0.6,Perth Scorchers,LS Livingstone,JJ Roy,JM Bird,0,0,,,,,,"",""
ball,1,0.7,Perth Scorchers,LS Livingstone,JJ Roy,JM Bird,1,0,,,,,,"",""
ball,1,1.1,Perth Scorchers,LS Livingstone,JJ Roy,SNJ O'Keefe,0,0,,,,,,"",""
ball,1,1.2,Perth Scorchers,LS Livingstone,JJ Roy,SNJ O'Keefe,0,0,,,,,,"",""
ball,1,1.3,Perth Scorchers,LS Livingstone,JJ Roy,SNJ O'Keefe,0,0,,,,,,"",""
ball,1,1.4,Perth Scorchers,LS Livingstone,JJ Roy,SNJ O'Keefe,1,0,,,,,,"",""
ball,1,1.5,Perth Scorchers,JJ Roy,LS Livingstone,SNJ O'Keefe,0,0,,,,,,"",""
ball,1,1.6,Perth Scorchers,JJ Roy,LS Livingstone,SNJ O'Keefe,0,0,,,,,,"",""
ball,1,2.1,Perth Scorchers,LS Livingstone,JJ Roy,JM Bird,4,0,,,,,,"",""
ball,1,2.2,Perth Scorchers,LS Livingstone,JJ Roy,JM Bird,4,0,,,,,,"",""
ball,1,2.3,Perth Scorchers,LS Livingstone,JJ Roy,JM Bird,6,0,,,,,,"",""
ball,1,2.4,Perth Scorchers,LS Livingstone,JJ Roy,JM Bird,0,0,,,,,,"",""
ball,1,2.5,Perth Scorchers,LS Livingstone,JJ Roy,JM Bird,0,0,,,,,,"",""
ball,1,2.6,Perth Scorchers,LS Livingstone,JJ Roy,JM Bird,0,0,,,,,,"",""
ball,1,3.1,Perth Scorchers,JJ Roy,LS Livingstone,SNJ O'Keefe,1,0,,,,,,"",""
ball,1,3.2,Perth Scorchers,LS Livingstone,JJ Roy,SNJ O'Keefe,0,0,,,,,,caught,LS Livingstone
ball,1,3.3,Perth Scorchers,JJ Roy,C Munro,SNJ O'Keefe,1,0,,,,,,"",""
ball,1,3.4,Perth Scorchers,C Munro,JJ Roy,SNJ O'Keefe,0,0,,,,,,"",""
ball,1,3.5,Perth Scorchers,C Munro,JJ Roy,SNJ O'Keefe,1,0,,,,,,"",""
ball,1,3.6,Perth Scorchers,JJ Roy,C Munro,SNJ O'Keefe,1,0,,,,,,"",""
ball,1,4.1,Perth Scorchers,JJ Roy,C Munro,JT Ball,1,0,,,,,,"",""
ball,1,4.2,Perth Scorchers,C Munro,JJ Roy,JT Ball,1,0,,,,,,"",""
ball,1,4.3,Perth Scorchers,JJ Roy,C Munro,JT Ball,1,0,,,,,,"",""
ball,1,4.4,Perth Scorchers,C Munro,JJ Roy,JT Ball,4,0,,,,,,"",""
ball,1,4.5,Perth Scorchers,C Munro,JJ Roy,JT Ball,1,0,,,,,,"",""
ball,1,4.6,Perth Scorchers,JJ Roy,C Munro,JT Ball,0,0,,,,,,"",""
ball,1,5.1,Perth Scorchers,C Munro,JJ Roy,SNJ O'Keefe,0,0,,,,,,"",""
ball,1,5.2,Perth Scorchers,C Munro,JJ Roy,SNJ O'Keefe,1,0,,,,,,"",""
ball,1,5.3,Perth Scorchers,JJ Roy,C Munro,SNJ O'Keefe,1,0,,,,,,"",""
ball,1,5.4,Perth Scorchers,C Munro,JJ Roy,SNJ O'Keefe,0,0,,,,,,"",""
ball,1,5.5,Perth Scorchers,C Munro,JJ Roy,SNJ O'Keefe,6,0,,,,,,"",""
ball,1,5.6,Perth Scorchers,C Munro,JJ Roy,SNJ O'Keefe,1,0,,,,,,"",""
ball,1,6.1,Perth Scorchers,C Munro,JJ Roy,JM Bird,0,0,,,,,,"",""
ball,1,6.2,Perth Scorchers,C Munro,JJ Roy,JM Bird,0,0,,,,,,"",""
ball,1,6.3,Perth Scorchers,C Munro,JJ Roy,JM Bird,1,0,,,,,,"",""
ball,1,6.4,Perth Scorchers,JJ Roy,C Munro,JM Bird,1,0,,,,,,"",""
ball,1,6.5,Perth Scorchers,C Munro,JJ Roy,JM Bird,2,0,,,,,,"",""
ball,1,6.6,Perth Scorchers,C Munro,JJ Roy,JM Bird,1,0,,,,,,"",""
ball,1,7.1,Perth Scorchers,C Munro,JJ Roy,BJ Dwarshuis,1,0,,,,,,"",""
ball,1,7.2,Perth Scorchers,JJ Roy,C Munro,BJ Dwarshuis,1,0,,,,,,"",""
ball,1,7.3,Perth Scorchers,C Munro,JJ Roy,BJ Dwarshuis,4,0,,,,,,"",""
ball,1,7.4,Perth Scorchers,C Munro,JJ Roy,BJ Dwarshuis,1,0,,,,,,"",""
ball,1,7.5,Perth Scorchers,JJ Roy,C Munro,BJ Dwarshuis,4,0,,,,,,"",""
ball,1,7.6,Perth Scorchers,JJ Roy,C Munro,BJ Dwarshuis,1,0,,,,,,"",""
ball,1,8.1,Perth Scorchers,JJ Roy,C Munro,DT Christian,1,0,,,,,,"",""
ball,1,8.2,Perth Scorchers,C Munro,JJ Roy,DT Christian,0,0,,,,,,"",""
ball,1,8.3,Perth Scorchers,C Munro,JJ Roy,DT Christian,0,0,,,,,,"",""
ball,1,8.4,Perth Scorchers,C Munro,JJ Roy,DT Christian,1,0,,,,,,"",""
ball,1,8.5,Perth Scorchers,JJ Roy,C Munro,DT Christian,0,0,,,,,,"",""
ball,1,8.6,Perth Scorchers,JJ Roy,C Munro,DT Christian,0,0,,,,,,"",""
ball,1,9.1,Perth Scorchers,C Munro,JJ Roy,CR Brathwaite,0,0,,,,,,"",""
ball,1,9.2,Perth Scorchers,C Munro,JJ Roy,CR Brathwaite,1,0,,,,,,"",""
ball,1,9.3,Perth Scorchers,JJ Roy,C Munro,CR Brathwaite,1,0,,,,,,"",""
ball,1,9.4,Perth Scorchers,C Munro,JJ Roy,CR Brathwaite,4,0,,,,,,"",""
ball,1,9.5,Perth Scorchers,C Munro,JJ Roy,CR Brathwaite,2,0,,,,,,"",""
ball,1,9.6,Perth Scorchers,C Munro,JJ Roy,CR Brathwaite,1,0,,,,,,"",""
ball,1,10.1,Perth Scorchers,C Munro,JJ Roy,JM Bird,1,0,,,,,,"",""
ball,1,10.2,Perth Scorchers,JJ Roy,C Munro,JM Bird,1,0,,,,,,"",""
ball,1,10.3,Perth Scorchers,C Munro,JJ Roy,JM Bird,2,0,,,,,,"",""
ball,1,10.4,Perth Scorchers,C Munro,JJ Roy,JM Bird,4,0,,,,,,"",""
ball,1,10.5,Perth Scorchers,C Munro,JJ Roy,JM Bird,0,0,,,,,,"",""
ball,1,10.6,Perth Scorchers,C Munro,JJ Roy,JM Bird,1,0,,,,,,"",""
ball,1,11.1,Perth Scorchers,C Munro,JJ Roy,L Pope,6,0,,,,,,"",""
ball,1,11.2,Perth Scorchers,C Munro,JJ Roy,L Pope,2,0,,,,,,"",""
ball,1,11.3,Perth Scorchers,C Munro,JJ Roy,L Pope,0,0,,,,,,caught,C Munro
ball,1,11.4,Perth Scorchers,JP Inglis,JJ Roy,L Pope,1,0,,,,,,"",""
ball,1,11.5,Perth Scorchers,JJ Roy,JP Inglis,L Pope,0,0,,,,,,"",""
ball,1,11.6,Perth Scorchers,JJ Roy,JP Inglis,L Pope,1,0,,,,,,"",""
ball,1,12.1,Perth Scorchers,JJ Roy,JP Inglis,DT Christian,1,0,,,,,,"",""
ball,1,12.2,Perth Scorchers,JP Inglis,JJ Roy,DT Christian,1,0,,,,,,"",""
ball,1,12.3,Perth Scorchers,JJ Roy,JP Inglis,DT Christian,2,0,,,,,,"",""
ball,1,12.4,Perth Scorchers,JJ Roy,JP Inglis,DT Christian,1,0,,,,,,"",""
ball,1,12.5,Perth Scorchers,JP Inglis,JJ Roy,DT Christian,1,0,,,,,,"",""
ball,1,12.6,Perth Scorchers,JJ Roy,JP Inglis,DT Christian,0,0,,,,,,"",""
ball,1,13.1,Perth Scorchers,JP Inglis,JJ Roy,L Pope,0,0,,,,,,"",""
ball,1,13.2,Perth Scorchers,JP Inglis,JJ Roy,L Pope,1,0,,,,,,"",""
ball,1,13.3,Perth Scorchers,JJ Roy,JP Inglis,L Pope,1,0,,,,,,"",""
ball,1,13.4,Perth Scorchers,JP Inglis,JJ Roy,L Pope,1,0,,,,,,"",""
ball,1,13.5,Perth Scorchers,JJ Roy,JP Inglis,L Pope,0,0,,,,,,"",""
ball,1,13.6,Perth Scorchers,JJ Roy,JP Inglis,L Pope,0,0,,,,,,caught,JJ Roy
ball,1,14.1,Perth Scorchers,MR Marsh,JP Inglis,JT Ball,4,0,,,,,,"",""
ball,1,14.2,Perth Scorchers,MR Marsh,JP Inglis,JT Ball,1,0,,,,,,"",""
ball,1,14.3,Perth Scorchers,JP Inglis,MR Marsh,JT Ball,1,0,,,,,,"",""
ball,1,14.4,Perth Scorchers,MR Marsh,JP Inglis,JT Ball,2,0,,,,,,"",""
ball,1,14.5,Perth Scorchers,MR Marsh,JP Inglis,JT Ball,0,0,,,,,,"",""
ball,1,14.6,Perth Scorchers,MR Marsh,JP Inglis,JT Ball,0,0,,,,,,"",""
ball,1,15.1,Perth Scorchers,JP Inglis,MR Marsh,DT Christian,4,0,,,,,,"",""
ball,1,15.2,Perth Scorchers,JP Inglis,MR Marsh,DT Christian,0,1,,,,1,,"",""
ball,1,15.3,Perth Scorchers,MR Marsh,JP Inglis,DT Christian,2,0,,,,,,"",""
ball,1,15.4,Perth Scorchers,MR Marsh,JP Inglis,DT Christian,4,0,,,,,,"",""
ball,1,15.5,Perth Scorchers,MR Marsh,JP Inglis,DT Christian,0,1,1,,,,,"",""
ball,1,15.6,Perth Scorchers,MR Marsh,JP Inglis,DT Christian,4,0,,,,,,"",""
ball,1,15.7,Perth Scorchers,MR Marsh,JP Inglis,DT Christian,1,0,,,,,,"",""
ball,1,16.1,Perth Scorchers,MR Marsh,JP Inglis,JT Ball,4,0,,,,,,"",""
ball,1,16.2,Perth Scorchers,MR Marsh,JP Inglis,JT Ball,2,0,,,,,,"",""
ball,1,16.3,Perth Scorchers,MR Marsh,JP Inglis,JT Ball,6,0,,,,,,"",""
ball,1,16.4,Perth Scorchers,MR Marsh,JP Inglis,JT Ball,0,0,,,,,,"",""
ball,1,16.5,Perth Scorchers,MR Marsh,JP Inglis,JT Ball,0,0,,,,,,"",""
ball,1,16.6,Perth Scorchers,MR Marsh,JP Inglis,JT Ball,1,0,,,,,,"",""
ball,1,17.1,Perth Scorchers,MR Marsh,JP Inglis,SNJ O'Keefe,2,0,,,,,,"",""
ball,1,17.2,Perth Scorchers,MR Marsh,JP Inglis,SNJ O'Keefe,6,0,,,,,,"",""
ball,1,17.3,Perth Scorchers,MR Marsh,JP Inglis,SNJ O'Keefe,1,0,,,,,,"",""
ball,1,17.4,Perth Scorchers,JP Inglis,MR Marsh,SNJ O'Keefe,4,0,,,,,,"",""
ball,1,17.5,Perth Scorchers,JP Inglis,MR Marsh,SNJ O'Keefe,6,0,,,,,,"",""
ball,1,17.6,Perth Scorchers,JP Inglis,MR Marsh,SNJ O'Keefe,0,0,,,,,,caught,JP Inglis
ball,1,18.1,Perth Scorchers,MR Marsh,AJ Turner,DT Christian,1,0,,,,,,"",""
ball,1,18.2,Perth Scorchers,AJ Turner,MR Marsh,DT Christian,1,0,,,,,,"",""
ball,1,18.3,Perth Scorchers,MR Marsh,AJ Turner,DT Christian,0,2,,1,,1,,"",""
ball,1,18.4,Perth Scorchers,AJ Turner,MR Marsh,DT Christian,1,0,,,,,,"",""
ball,1,18.5,Perth Scorchers,MR Marsh,AJ Turner,DT Christian,2,0,,,,,,"",""
ball,1,18.6,Perth Scorchers,MR Marsh,AJ Turner,DT Christian,4,0,,,,,,"",""
ball,1,18.7,Perth Scorchers,MR Marsh,AJ Turner,DT Christian,1,0,,,,,,"",""
ball,1,19.1,Perth Scorchers,MR Marsh,AJ Turner,JT Ball,1,0,,,,,,"",""
ball,1,19.2,Perth Scorchers,AJ Turner,MR Marsh,JT Ball,4,0,,,,,,"",""
ball,1,19.3,Perth Scorchers,AJ Turner,MR Marsh,JT Ball,1,0,,,,,,"",""
ball,1,19.4,Perth Scorchers,MR Marsh,AJ Turner,JT Ball,4,0,,,,,,"",""
ball,1,19.5,Perth Scorchers,MR Marsh,AJ Turner,JT Ball,4,0,,,,,,"",""
ball,1,19.6,Perth Scorchers,MR Marsh,AJ Turner,JT Ball,0,1,,,,1,,"",""
ball,2,0.1,Sydney Sixers,JR Philippe,J Edwards,JA Richardson,1,0,,,,,,"",""
ball,2,0.2,Sydney Sixers,J Edwards,JR Philippe,JA Richardson,0,0,,,,,,"",""
ball,2,0.3,Sydney Sixers,J Edwards,JR Philippe,JA Richardson,2,0,,,,,,"",""
ball,2,0.4,Sydney Sixers,J Edwards,JR Philippe,JA Richardson,0,0,,,,,,"",""
ball,2,0.5,Sydney Sixers,J Edwards,JR Philippe,JA Richardson,0,0,,,,,,"",""
ball,2,0.6,Sydney Sixers,J Edwards,JR Philippe,JA Richardson,1,0,,,,,,"",""
ball,2,1.1,Sydney Sixers,J Edwards,JR Philippe,JP Behrendorff,1,0,,,,,,"",""
ball,2,1.2,Sydney Sixers,JR Philippe,J Edwards,JP Behrendorff,4,0,,,,,,"",""
ball,2,1.3,Sydney Sixers,JR Philippe,J Edwards,JP Behrendorff,0,0,,,,,,"",""
ball,2,1.4,Sydney Sixers,JR Philippe,J Edwards,JP Behrendorff,0,0,,,,,,"",""
ball,2,1.5,Sydney Sixers,JR Philippe,J Edwards,JP Behrendorff,0,0,,,,,,"",""
ball,2,1.6,Sydney Sixers,JR Philippe,J Edwards,JP Behrendorff,0,0,,,,,,caught,JR Philippe
ball,2,2.1,Sydney Sixers,J Edwards,JM Vince,JA Richardson,1,0,,,,,,"",""
ball,2,2.2,Sydney Sixers,JM Vince,J Edwards,JA Richardson,0,0,,,,,,"",""
ball,2,2.3,Sydney Sixers,JM Vince,J Edwards,JA Richardson,0,0,,,,,,"",""
ball,2,2.4,Sydney Sixers,JM Vince,J Edwards,JA Richardson,0,0,,,,,,caught,JM Vince
ball,2,2.5,Sydney Sixers,DP Hughes,J Edwards,JA Richardson,0,0,,,,,,"",""
ball,2,2.6,Sydney Sixers,DP Hughes,J Edwards,JA Richardson,4,0,,,,,,"",""
ball,2,3.1,Sydney Sixers,J Edwards,DP Hughes,JP Behrendorff,0,0,,,,,,"",""
ball,2,3.2,Sydney Sixers,J Edwards,DP Hughes,JP Behrendorff,1,0,,,,,,"",""
ball,2,3.3,Sydney Sixers,DP Hughes,J Edwards,JP Behrendorff,1,0,,,,,,"",""
ball,2,3.4,Sydney Sixers,J Edwards,DP Hughes,JP Behrendorff,4,0,,,,,,"",""
ball,2,3.5,Sydney Sixers,J Edwards,DP Hughes,JP Behrendorff,4,0,,,,,,"",""
ball,2,3.6,Sydney Sixers,J Edwards,DP Hughes,JP Behrendorff,1,0,,,,,,"",""
ball,2,4.1,Sydney Sixers,J Edwards,DP Hughes,Fawad Ahmed,1,0,,,,,,"",""
ball,2,4.2,Sydney Sixers,DP Hughes,J Edwards,Fawad Ahmed,1,0,,,,,,"",""
ball,2,4.3,Sydney Sixers,J Edwards,DP Hughes,Fawad Ahmed,1,0,,,,,,"",""
ball,2,4.4,Sydney Sixers,DP Hughes,J Edwards,Fawad Ahmed,2,0,,,,,,"",""
ball,2,4.5,Sydney Sixers,DP Hughes,J Edwards,Fawad Ahmed,0,0,,,,,,"",""
ball,2,4.6,Sydney Sixers,DP Hughes,J Edwards,Fawad Ahmed,0,0,,,,,,"",""
ball,2,5.1,Sydney Sixers,J Edwards,DP Hughes,AM Hardie,2,0,,,,,,"",""
ball,2,5.2,Sydney Sixers,J Edwards,DP Hughes,AM Hardie,1,0,,,,,,"",""
ball,2,5.3,Sydney Sixers,DP Hughes,J Edwards,AM Hardie,0,0,,,,,,"",""
ball,2,5.4,Sydney Sixers,DP Hughes,J Edwards,AM Hardie,1,0,,,,,,"",""
ball,2,5.5,Sydney Sixers,J Edwards,DP Hughes,AM Hardie,1,0,,,,,,"",""
ball,2,5.6,Sydney Sixers,DP Hughes,J Edwards,AM Hardie,4,0,,,,,,"",""
ball,2,6.1,Sydney Sixers,J Edwards,DP Hughes,AJ Tye,0,0,,,,,,"",""
ball,2,6.2,Sydney Sixers,J Edwards,DP Hughes,AJ Tye,1,0,,,,,,"",""
ball,2,6.3,Sydney Sixers,DP Hughes,J Edwards,AJ Tye,1,0,,,,,,"",""
ball,2,6.4,Sydney Sixers,J Edwards,DP Hughes,AJ Tye,2,0,,,,,,"",""
ball,2,6.5,Sydney Sixers,J Edwards,DP Hughes,AJ Tye,1,0,,,,,,"",""
ball,2,6.6,Sydney Sixers,DP Hughes,J Edwards,AJ Tye,0,0,,,,,,caught,DP Hughes
ball,2,7.1,Sydney Sixers,J Edwards,JC Silk,MR Marsh,0,0,,,,,,"",""
ball,2,7.2,Sydney Sixers,J Edwards,JC Silk,MR Marsh,0,0,,,,,,"",""
ball,2,7.3,Sydney Sixers,J Edwards,JC Silk,MR Marsh,2,0,,,,,,"",""
ball,2,7.4,Sydney Sixers,J Edwards,JC Silk,MR Marsh,1,0,,,,,,"",""
ball,2,7.5,Sydney Sixers,JC Silk,J Edwards,MR Marsh,0,0,,,,,,caught,JC Silk
ball,2,7.6,Sydney Sixers,DT Christian,J Edwards,MR Marsh,0,0,,,,,,"",""
ball,2,8.1,Sydney Sixers,J Edwards,DT Christian,AJ Tye,0,0,,,,,,"",""
ball,2,8.2,Sydney Sixers,J Edwards,DT Christian,AJ Tye,4,0,,,,,,"",""
ball,2,8.3,Sydney Sixers,J Edwards,DT Christian,AJ Tye,0,0,,,,,,"",""
ball,2,8.4,Sydney Sixers,J Edwards,DT Christian,AJ Tye,1,0,,,,,,"",""
ball,2,8.5,Sydney Sixers,DT Christian,J Edwards,AJ Tye,0,0,,,,,,caught,DT Christian
ball,2,8.6,Sydney Sixers,J Edwards,CR Brathwaite,AJ Tye,1,0,,,,,,"",""
ball,2,9.1,Sydney Sixers,J Edwards,CR Brathwaite,JA Richardson,1,0,,,,,,"",""
ball,2,9.2,Sydney Sixers,CR Brathwaite,J Edwards,JA Richardson,1,0,,,,,,"",""
ball,2,9.3,Sydney Sixers,J Edwards,CR Brathwaite,JA Richardson,1,0,,,,,,"",""
ball,2,9.4,Sydney Sixers,CR Brathwaite,J Edwards,JA Richardson,1,0,,,,,,"",""
ball,2,9.5,Sydney Sixers,J Edwards,CR Brathwaite,JA Richardson,1,0,,,,,,"",""
ball,2,9.6,Sydney Sixers,CR Brathwaite,J Edwards,JA Richardson,0,0,,,,,,caught,CR Brathwaite
ball,2,10.1,Sydney Sixers,J Edwards,SNJ O'Keefe,Fawad Ahmed,1,0,,,,,,"",""
ball,2,10.2,Sydney Sixers,SNJ O'Keefe,J Edwards,Fawad Ahmed,0,0,,,,,,"",""
ball,2,10.3,Sydney Sixers,SNJ O'Keefe,J Edwards,Fawad Ahmed,4,0,,,,,,"",""
ball,2,10.4,Sydney Sixers,SNJ O'Keefe,J Edwards,Fawad Ahmed,0,0,,,,,,"",""
ball,2,10.5,Sydney Sixers,SNJ O'Keefe,J Edwards,Fawad Ahmed,1,0,,,,,,"",""
ball,2,10.6,Sydney Sixers,J Edwards,SNJ O'Keefe,Fawad Ahmed,1,0,,,,,,"",""
ball,2,11.1,Sydney Sixers,J Edwards,SNJ O'Keefe,MR Marsh,4,0,,,,,,"",""
ball,2,11.2,Sydney Sixers,J Edwards,SNJ O'Keefe,MR Marsh,1,0,,,,,,"",""
ball,2,11.3,Sydney Sixers,SNJ O'Keefe,J Edwards,MR Marsh,0,0,,,,,,"",""
ball,2,11.4,Sydney Sixers,SNJ O'Keefe,J Edwards,MR Marsh,0,0,,,,,,"",""
ball,2,11.5,Sydney Sixers,SNJ O'Keefe,J Edwards,MR Marsh,0,0,,,,,,"",""
ball,2,11.6,Sydney Sixers,SNJ O'Keefe,J Edwards,MR Marsh,4,0,,,,,,"",""
ball,2,12.1,Sydney Sixers,J Edwards,SNJ O'Keefe,Fawad Ahmed,0,0,,,,,,caught,J Edwards
ball,2,12.2,Sydney Sixers,JM Bird,SNJ O'Keefe,Fawad Ahmed,1,0,,,,,,"",""
ball,2,12.3,Sydney Sixers,SNJ O'Keefe,JM Bird,Fawad Ahmed,2,0,,,,,,"",""
ball,2,12.4,Sydney Sixers,SNJ O'Keefe,JM Bird,Fawad Ahmed,1,0,,,,,,"",""
ball,2,12.5,Sydney Sixers,JM Bird,SNJ O'Keefe,Fawad Ahmed,0,0,,,,,,"",""
ball,2,12.6,Sydney Sixers,JM Bird,SNJ O'Keefe,Fawad Ahmed,1,0,,,,,,"",""
ball,2,13.1,Sydney Sixers,JM Bird,SNJ O'Keefe,AM Hardie,1,0,,,,,,"",""
ball,2,13.2,Sydney Sixers,SNJ O'Keefe,JM Bird,AM Hardie,2,0,,,,,,"",""
ball,2,13.3,Sydney Sixers,SNJ O'Keefe,JM Bird,AM Hardie,1,0,,,,,,"",""
ball,2,13.4,Sydney Sixers,JM Bird,SNJ O'Keefe,AM Hardie,1,0,,,,,,"",""
ball,2,13.5,Sydney Sixers,SNJ O'Keefe,JM Bird,AM Hardie,1,0,,,,,,"",""
ball,2,13.6,Sydney Sixers,JM Bird,SNJ O'Keefe,AM Hardie,2,0,,,,,,"",""
ball,2,14.1,Sydney Sixers,SNJ O'Keefe,JM Bird,AJ Tye,0,0,,,,,,bowled,SNJ O'Keefe
ball,2,14.2,Sydney Sixers,JT Ball,JM Bird,AJ Tye,0,0,,,,,,"",""
ball,2,14.3,Sydney Sixers,JT Ball,JM Bird,AJ Tye,0,0,,,,,,"",""
ball,2,14.4,Sydney Sixers,JT Ball,JM Bird,AJ Tye,4,0,,,,,,"",""
ball,2,14.5,Sydney Sixers,JT Ball,JM Bird,AJ Tye,0,0,,,,,,"",""
ball,2,14.6,Sydney Sixers,JT Ball,JM Bird,AJ Tye,0,0,,,,,,"",""
ball,2,15.1,Sydney Sixers,JM Bird,JT Ball,JA Richardson,0,0,,,,,,"",""
ball,2,15.2,Sydney Sixers,JM Bird,JT Ball,JA Richardson,1,0,,,,,,"",""
ball,2,15.3,Sydney Sixers,JT Ball,JM Bird,JA Richardson,0,0,,,,,,bowled,JT Ball
ball,2,15.4,Sydney Sixers,L Pope,JM Bird,JA Richardson,0,0,,,,,,"",""
ball,2,15.5,Sydney Sixers,L Pope,JM Bird,JA Richardson,0,0,,,,,,"",""
ball,2,15.6,Sydney Sixers,L Pope,JM Bird,JA Richardson,0,0,,,,,,"",""
ball,2,16.1,Sydney Sixers,JM Bird,L Pope,AJ Tye,4,0,,,,,,"",""
ball,2,16.2,Sydney Sixers,JM Bird,L Pope,AJ Tye,0,0,,,,,,"",""
ball,2,16.3,Sydney Sixers,JM Bird,L Pope,AJ Tye,1,0,,,,,,"",""
ball,2,16.4,Sydney Sixers,L Pope,JM Bird,AJ Tye,0,0,,,,,,caught and bowled,L Pope
