version,1.6.0
info,balls_per_over,6
info,team,Melbourne Renegades
info,team,Sydney Thunder
info,gender,male
info,season,2020/21
info,date,2021/01/01
info,event,Big Bash League
info,match_number,22
info,venue,Carrara Oval
info,city,Carrara
info,toss_winner,Sydney Thunder
info,toss_decision,field
info,player_of_match,AD Hales
info,umpire,D Taylor
info,umpire,PJ Gillespie
info,reserve_umpire,Steven Farrell
info,tv_umpire,DM Koch
info,match_referee,Kepler Wessels
info,winner,Sydney Thunder
info,winner_runs,7
info,method,D/L
info,player,Melbourne Renegades,AJ Finch
info,player,Melbourne Renegades,SE Marsh
info,player,Melbourne Renegades,SB Harper
info,player,Melbourne Renegades,RR Rossouw
info,player,Melbourne Renegades,Mohammad Nabi
info,player,Melbourne Renegades,Imad Wasim
info,player,Melbourne Renegades,MW Harvey
info,player,Melbourne Renegades,W Sutherland
info,player,Melbourne Renegades,KW Richardson
info,player,Melbourne Renegades,P Hatzoglou
info,player,Melbourne Renegades,M Perry
info,player,Sydney Thunder,UT Khawaja
info,player,Sydney Thunder,AD Hales
info,player,Sydney Thunder,CJ Ferguson
info,player,Sydney Thunder,SW Billings
info,player,Sydney Thunder,O Davies
info,player,Sydney Thunder,DR Sams
info,player,Sydney Thunder,BCJ Cutting
info,player,Sydney Thunder,CJ Green
info,player,Sydney Thunder,N McAndrew
info,player,Sydney Thunder,CP Tremain
info,player,Sydney Thunder,T Sangha
info,registry,people,AD Hales,92aeac25
info,registry,people,AJ Finch,b8d490fd
info,registry,people,BCJ Cutting,2e11c706
info,registry,people,CJ Ferguson,9b4935c8
info,registry,people,CJ Green,19b9f399
info,registry,people,CP Tremain,96824e68
info,registry,people,D Taylor,b940a2b2
info,registry,people,DM Koch,6d10c034
info,registry,people,DR Sams,caf69bf7
info,registry,people,Imad Wasim,9cb8d7a6
info,registry,people,KW Richardson,dfc4d8b5
info,registry,people,Kepler Wessels,3bedaff0
info,registry,people,M Perry,442461fa
info,registry,people,MW Harvey,47dc9794
info,registry,people,Mohammad Nabi,62af8546
info,registry,people,N McAndrew,38c276e1
info,registry,people,O Davies,0ea54eca
info,registry,people,P Hatzoglou,6f95e5fa
info,registry,people,PJ Gillespie,3e253a50
info,registry,people,RR Rossouw,cad00a4d
info,registry,people,SB Harper,a756e61a
info,registry,people,SE Marsh,508a1ea7
info,registry,people,SW Billings,c16d4035
info,registry,people,Steven Farrell,512226fb
info,registry,people,T Sangha,52c952d9
info,registry,people,UT Khawaja,331ea488
info,registry,people,W Sutherland,bc2d4f2e
ball,1,0.1,Melbourne Renegades,AJ Finch,SE Marsh,DR Sams,0,0,,,,,,"",""
ball,1,0.2,Melbourne Renegades,AJ Finch,SE Marsh,DR Sams,0,0,,,,,,"",""
ball,1,0.3,Melbourne Renegades,AJ Finch,SE Marsh,DR Sams,2,0,,,,,,"",""
ball,1,0.4,Melbourne Renegades,AJ Finch,SE Marsh,DR Sams,1,0,,,,,,"",""
ball,1,0.5,Melbourne Renegades,SE Marsh,AJ Finch,DR Sams,1,0,,,,,,"",""
ball,1,0.6,Melbourne Renegades,AJ Finch,SE Marsh,DR Sams,1,0,,,,,,"",""
ball,1,1.1,Melbourne Renegades,AJ Finch,SE Marsh,CP Tremain,6,0,,,,,,"",""
ball,1,1.2,Melbourne Renegades,AJ Finch,SE Marsh,CP Tremain,2,0,,,,,,"",""
ball,1,1.3,Melbourne Renegades,AJ Finch,SE Marsh,CP Tremain,0,0,,,,,,"",""
ball,1,1.4,Melbourne Renegades,AJ Finch,SE Marsh,CP Tremain,0,0,,,,,,"",""
ball,1,1.5,Melbourne Renegades,AJ Finch,SE Marsh,CP Tremain,4,0,,,,,,"",""
ball,1,1.6,Melbourne Renegades,AJ Finch,SE Marsh,CP Tremain,1,0,,,,,,"",""
ball,1,2.1,Melbourne Renegades,AJ Finch,SE Marsh,N McAndrew,1,0,,,,,,"",""
ball,1,2.2,Melbourne Renegades,SE Marsh,AJ Finch,N McAndrew,1,0,,,,,,"",""
ball,1,2.3,Melbourne Renegades,AJ Finch,SE Marsh,N McAndrew,0,0,,,,,,caught,AJ Finch
ball,1,2.4,Melbourne Renegades,SE Marsh,SB Harper,N McAndrew,4,0,,,,,,"",""
ball,1,2.5,Melbourne Renegades,SE Marsh,SB Harper,N McAndrew,4,0,,,,,,"",""
ball,1,2.6,Melbourne Renegades,SE Marsh,SB Harper,N McAndrew,0,0,,,,,,"",""
ball,1,3.1,Melbourne Renegades,SB Harper,SE Marsh,CJ Green,1,0,,,,,,"",""
ball,1,3.2,Melbourne Renegades,SE Marsh,SB Harper,CJ Green,2,0,,,,,,"",""
ball,1,3.3,Melbourne Renegades,SE Marsh,SB Harper,CJ Green,1,0,,,,,,"",""
ball,1,3.4,Melbourne Renegades,SB Harper,SE Marsh,CJ Green,1,0,,,,,,"",""
ball,1,3.5,Melbourne Renegades,SE Marsh,SB Harper,CJ Green,1,0,,,,,,"",""
ball,1,3.6,Melbourne Renegades,SB Harper,SE Marsh,CJ Green,1,0,,,,,,"",""
ball,1,4.1,Melbourne Renegades,SB Harper,SE Marsh,CP Tremain,4,0,,,,,,"",""
ball,1,4.2,Melbourne Renegades,SB Harper,SE Marsh,CP Tremain,0,0,,,,,,"",""
ball,1,4.3,Melbourne Renegades,SB Harper,SE Marsh,CP Tremain,0,0,,,,,,caught,SB Harper
ball,1,4.4,Melbourne Renegades,SE Marsh,RR Rossouw,CP Tremain,0,1,,,,1,,"",""
ball,1,4.5,Melbourne Renegades,RR Rossouw,SE Marsh,CP Tremain,1,0,,,,,,"",""
ball,1,4.6,Melbourne Renegades,SE Marsh,RR Rossouw,CP Tremain,1,0,,,,,,"",""
ball,1,5.1,Melbourne Renegades,SE Marsh,RR Rossouw,CJ Green,4,0,,,,,,"",""
ball,1,5.2,Melbourne Renegades,SE Marsh,RR Rossouw,CJ Green,1,0,,,,,,"",""
ball,1,5.3,Melbourne Renegades,RR Rossouw,SE Marsh,CJ Green,1,0,,,,,,"",""
ball,1,5.4,Melbourne Renegades,SE Marsh,RR Rossouw,CJ Green,0,0,,,,,,"",""
ball,1,5.5,Melbourne Renegades,SE Marsh,RR Rossouw,CJ Green,2,0,,,,,,"",""
ball,1,5.6,Melbourne Renegades,SE Marsh,RR Rossouw,CJ Green,6,0,,,,,,"",""
ball,1,6.1,Melbourne Renegades,RR Rossouw,SE Marsh,T Sangha,1,0,,,,,,"",""
ball,1,6.2,Melbourne Renegades,SE Marsh,RR Rossouw,T Sangha,1,0,,,,,,"",""
ball,1,6.3,Melbourne Renegades,RR Rossouw,SE Marsh,T Sangha,0,0,,,,,,caught,RR Rossouw
ball,1,6.4,Melbourne Renegades,SE Marsh,Mohammad Nabi,T Sangha,1,0,,,,,,"",""
ball,1,6.5,Melbourne Renegades,Mohammad Nabi,SE Marsh,T Sangha,0,0,,,,,,"",""
ball,1,6.6,Melbourne Renegades,Mohammad Nabi,SE Marsh,T Sangha,0,0,,,,,,"",""
ball,1,7.1,Melbourne Renegades,SE Marsh,Mohammad Nabi,DR Sams,0,0,,,,,,"",""
ball,1,7.2,Melbourne Renegades,SE Marsh,Mohammad Nabi,DR Sams,2,0,,,,,,"",""
ball,1,7.3,Melbourne Renegades,SE Marsh,Mohammad Nabi,DR Sams,1,0,,,,,,"",""
ball,1,7.4,Melbourne Renegades,Mohammad Nabi,SE Marsh,DR Sams,0,0,,,,,,"",""
ball,1,7.5,Melbourne Renegades,Mohammad Nabi,SE Marsh,DR Sams,0,0,,,,,,"",""
ball,1,7.6,Melbourne Renegades,Mohammad Nabi,SE Marsh,DR Sams,0,0,,,,,,"",""
ball,1,8.1,Melbourne Renegades,SE Marsh,Mohammad Nabi,T Sangha,6,0,,,,,,"",""
ball,1,8.2,Melbourne Renegades,SE Marsh,Mohammad Nabi,T Sangha,0,0,,,,,,"",""
ball,1,8.3,Melbourne Renegades,SE Marsh,Mohammad Nabi,T Sangha,0,0,,,,,,"",""
ball,1,8.4,Melbourne Renegades,SE Marsh,Mohammad Nabi,T Sangha,2,0,,,,,,"",""
ball,1,8.5,Melbourne Renegades,SE Marsh,Mohammad Nabi,T Sangha,6,0,,,,,,"",""
ball,1,8.6,Melbourne Renegades,SE Marsh,Mohammad Nabi,T Sangha,0,0,,,,,,"",""
ball,1,9.1,Melbourne Renegades,Mohammad Nabi,SE Marsh,N McAndrew,0,0,,,,,,"",""
ball,1,9.2,Melbourne Renegades,Mohammad Nabi,SE Marsh,N McAndrew,0,0,,,,,,"",""
ball,1,9.3,Melbourne Renegades,Mohammad Nabi,SE Marsh,N McAndrew,0,0,,,,,,"",""
ball,1,9.4,Melbourne Renegades,Mohammad Nabi,SE Marsh,N McAndrew,1,0,,,,,,"",""
ball,1,9.5,Melbourne Renegades,SE Marsh,Mohammad Nabi,N McAndrew,0,1,,,,1,,"",""
ball,1,9.6,Melbourne Renegades,Mohammad Nabi,SE Marsh,N McAndrew,1,0,,,,,,"",""
ball,1,10.1,Melbourne Renegades,Mohammad Nabi,SE Marsh,BCJ Cutting,1,0,,,,,,"",""
ball,1,10.2,Melbourne Renegades,SE Marsh,Mohammad Nabi,BCJ Cutting,0,0,,,,,,"",""
ball,1,10.3,Melbourne Renegades,SE Marsh,Mohammad Nabi,BCJ Cutting,4,0,,,,,,"",""
ball,1,10.4,Melbourne Renegades,SE Marsh,Mohammad Nabi,BCJ Cutting,1,0,,,,,,"",""
ball,1,10.5,Melbourne Renegades,Mohammad Nabi,SE Marsh,BCJ Cutting,1,0,,,,,,"",""
ball,1,10.6,Melbourne Renegades,SE Marsh,Mohammad Nabi,BCJ Cutting,1,0,,,,,,"",""
ball,1,11.1,Melbourne Renegades,SE Marsh,Mohammad Nabi,CP Tremain,2,0,,,,,,"",""
ball,1,11.2,Melbourne Renegades,SE Marsh,Mohammad Nabi,CP Tremain,1,0,,,,,,"",""
ball,1,11.3,Melbourne Renegades,Mohammad Nabi,SE Marsh,CP Tremain,0,1,1,,,,,"",""
ball,1,11.4,Melbourne Renegades,Mohammad Nabi,SE Marsh,CP Tremain,0,1,,,,1,,"",""
ball,1,11.5,Melbourne Renegades,SE Marsh,Mohammad Nabi,CP Tremain,1,0,,,,,,"",""
ball,1,11.6,Melbourne Renegades,Mohammad Nabi,SE Marsh,CP Tremain,0,0,,,,,,"",""
ball,1,11.7,Melbourne Renegades,Mohammad Nabi,SE Marsh,CP Tremain,6,0,,,,,,"",""
ball,1,12.1,Melbourne Renegades,SE Marsh,Mohammad Nabi,DR Sams,2,0,,,,,,"",""
ball,1,12.2,Melbourne Renegades,SE Marsh,Mohammad Nabi,DR Sams,6,0,,,,,,"",""
ball,1,12.3,Melbourne Renegades,SE Marsh,Mohammad Nabi,DR Sams,1,0,,,,,,"",""
ball,1,12.4,Melbourne Renegades,Mohammad Nabi,SE Marsh,DR Sams,1,0,,,,,,"",""
ball,1,12.5,Melbourne Renegades,SE Marsh,Mohammad Nabi,DR Sams,1,0,,,,,,"",""
ball,1,12.6,Melbourne Renegades,Mohammad Nabi,SE Marsh,DR Sams,0,1,1,,,,,"",""
ball,1,12.7,Melbourne Renegades,Mohammad Nabi,SE Marsh,DR Sams,2,0,,,,,,"",""
ball,1,13.1,Melbourne Renegades,SE Marsh,Mohammad Nabi,N McAndrew,2,0,,,,,,"",""
ball,1,13.2,Melbourne Renegades,SE Marsh,Mohammad Nabi,N McAndrew,1,0,,,,,,"",""
ball,1,13.3,Melbourne Renegades,Mohammad Nabi,SE Marsh,N McAndrew,1,0,,,,,,"",""
ball,1,13.4,Melbourne Renegades,SE Marsh,Mohammad Nabi,N McAndrew,6,1,,1,,,,"",""
ball,1,13.5,Melbourne Renegades,SE Marsh,Mohammad Nabi,N McAndrew,2,0,,,,,,"",""
ball,1,13.6,Melbourne Renegades,SE Marsh,Mohammad Nabi,N McAndrew,1,0,,,,,,"",""
ball,1,13.7,Melbourne Renegades,Mohammad Nabi,SE Marsh,N McAndrew,4,0,,,,,,"",""
ball,1,14.1,Melbourne Renegades,SE Marsh,Mohammad Nabi,CJ Green,1,0,,,,,,"",""
ball,1,14.2,Melbourne Renegades,Mohammad Nabi,SE Marsh,CJ Green,2,0,,,,,,"",""
ball,1,14.3,Melbourne Renegades,Mohammad Nabi,SE Marsh,CJ Green,6,0,,,,,,"",""
ball,1,14.4,Melbourne Renegades,Mohammad Nabi,SE Marsh,CJ Green,1,0,,,,,,"",""
ball,1,14.5,Melbourne Renegades,SE Marsh,Mohammad Nabi,CJ Green,4,0,,,,,,"",""
ball,1,14.6,Melbourne Renegades,SE Marsh,Mohammad Nabi,CJ Green,1,0,,,,,,"",""
ball,1,15.1,Melbourne Renegades,SE Marsh,Mohammad Nabi,N McAndrew,2,0,,,,,,"",""
ball,1,15.2,Melbourne Renegades,SE Marsh,Mohammad Nabi,N McAndrew,0,0,,,,,,caught,SE Marsh
ball,1,15.3,Melbourne Renegades,Mohammad Nabi,Imad Wasim,N McAndrew,6,0,,,,,,"",""
ball,1,15.4,Melbourne Renegades,Mohammad Nabi,Imad Wasim,N McAndrew,0,1,1,,,,,"",""
ball,1,15.5,Melbourne Renegades,Mohammad Nabi,Imad Wasim,N McAndrew,0,0,,,,,,caught,Mohammad Nabi
ball,1,15.6,Melbourne Renegades,Imad Wasim,MW Harvey,N McAndrew,1,0,,,,,,"",""
ball,1,15.7,Melbourne Renegades,MW Harvey,Imad Wasim,N McAndrew,1,0,,,,,,"",""
ball,1,16.1,Melbourne Renegades,MW Harvey,Imad Wasim,DR Sams,0,0,,,,,,bowled,MW Harvey
ball,1,16.2,Melbourne Renegades,W Sutherland,Imad Wasim,DR Sams,0,1,,,,1,,"",""
ball,1,16.3,Melbourne Renegades,Imad Wasim,W Sutherland,DR Sams,4,0,,,,,,"",""
ball,1,16.4,Melbourne Renegades,Imad Wasim,W Sutherland,DR Sams,1,0,,,,,,"",""
ball,1,16.5,Melbourne Renegades,W Sutherland,Imad Wasim,DR Sams,1,0,,,,,,"",""
ball,1,16.6,Melbourne Renegades,Imad Wasim,W Sutherland,DR Sams,2,0,,,,,,"",""
ball,2,0.1,Sydney Thunder,UT Khawaja,AD Hales,KW Richardson,1,0,,,,,,"",""
ball,2,0.2,Sydney Thunder,AD Hales,UT Khawaja,KW Richardson,0,0,,,,,,"",""
ball,2,0.3,Sydney Thunder,AD Hales,UT Khawaja,KW Richardson,0,0,,,,,,"",""
ball,2,0.4,Sydney Thunder,AD Hales,UT Khawaja,KW Richardson,4,0,,,,,,"",""
ball,2,0.5,Sydney Thunder,AD Hales,UT Khawaja,KW Richardson,1,0,,,,,,"",""
ball,2,0.6,Sydney Thunder,UT Khawaja,AD Hales,KW Richardson,4,0,,,,,,"",""
ball,2,1.1,Sydney Thunder,AD Hales,UT Khawaja,Imad Wasim,4,0,,,,,,"",""
ball,2,1.2,Sydney Thunder,AD Hales,UT Khawaja,Imad Wasim,4,0,,,,,,"",""
ball,2,1.3,Sydney Thunder,AD Hales,UT Khawaja,Imad Wasim,0,0,,,,,,"",""
ball,2,1.4,Sydney Thunder,AD Hales,UT Khawaja,Imad Wasim,0,0,,,,,,"",""
ball,2,1.5,Sydney Thunder,AD Hales,UT Khawaja,Imad Wasim,4,0,,,,,,"",""
ball,2,1.6,Sydney Thunder,AD Hales,UT Khawaja,Imad Wasim,4,0,,,,,,"",""
ball,2,2.1,Sydney Thunder,UT Khawaja,AD Hales,KW Richardson,0,0,,,,,,"",""
ball,2,2.2,Sydney Thunder,UT Khawaja,AD Hales,KW Richardson,1,0,,,,,,"",""
ball,2,2.3,Sydney Thunder,AD Hales,UT Khawaja,KW Richardson,0,0,,,,,,"",""
ball,2,2.4,Sydney Thunder,AD Hales,UT Khawaja,KW Richardson,1,0,,,,,,"",""
ball,2,2.5,Sydney Thunder,UT Khawaja,AD Hales,KW Richardson,1,0,,,,,,"",""
ball,2,2.6,Sydney Thunder,AD Hales,UT Khawaja,KW Richardson,1,0,,,,,,"",""
ball,2,3.1,Sydney Thunder,AD Hales,UT Khawaja,M Perry,4,0,,,,,,"",""
ball,2,3.2,Sydney Thunder,AD Hales,UT Khawaja,M Perry,2,0,,,,,,"",""
ball,2,3.3,Sydney Thunder,AD Hales,UT Khawaja,M Perry,6,0,,,,,,"",""
ball,2,3.4,Sydney Thunder,AD Hales,UT Khawaja,M Perry,4,0,,,,,,"",""
ball,2,3.5,Sydney Thunder,AD Hales,UT Khawaja,M Perry,6,0,,,,,,"",""
ball,2,3.6,Sydney Thunder,AD Hales,UT Khawaja,M Perry,0,0,,,,,,caught,AD Hales
ball,2,4.1,Sydney Thunder,UT Khawaja,CJ Ferguson,P Hatzoglou,0,0,,,,,,"",""
ball,2,4.2,Sydney Thunder,UT Khawaja,CJ Ferguson,P Hatzoglou,0,0,,,,,,"",""
ball,2,4.3,Sydney Thunder,UT Khawaja,CJ Ferguson,P Hatzoglou,1,0,,,,,,"",""
ball,2,4.4,Sydney Thunder,CJ Ferguson,UT Khawaja,P Hatzoglou,1,0,,,,,,"",""
ball,2,4.5,Sydney Thunder,UT Khawaja,CJ Ferguson,P Hatzoglou,0,1,1,,,,,"",""
ball,2,4.6,Sydney Thunder,UT Khawaja,CJ Ferguson,P Hatzoglou,0,0,,,,,,"",""
ball,2,4.7,Sydney Thunder,UT Khawaja,CJ Ferguson,P Hatzoglou,2,0,,,,,,"",""
ball,2,5.1,Sydney Thunder,CJ Ferguson,UT Khawaja,M Perry,4,0,,,,,,"",""
ball,2,5.2,Sydney Thunder,CJ Ferguson,UT Khawaja,M Perry,1,0,,,,,,"",""
ball,2,5.3,Sydney Thunder,UT Khawaja,CJ Ferguson,M Perry,1,0,,,,,,"",""
ball,2,5.4,Sydney Thunder,CJ Ferguson,UT Khawaja,M Perry,1,0,,,,,,"",""
ball,2,5.5,Sydney Thunder,UT Khawaja,CJ Ferguson,M Perry,4,0,,,,,,"",""
ball,2,5.6,Sydney Thunder,UT Khawaja,CJ Ferguson,M Perry,0,1,,,,1,,"",""
ball,2,6.1,Sydney Thunder,UT Khawaja,CJ Ferguson,P Hatzoglou,0,0,,,,,,"",""
ball,2,6.2,Sydney Thunder,UT Khawaja,CJ Ferguson,P Hatzoglou,1,0,,,,,,"",""
ball,2,6.3,Sydney Thunder,CJ Ferguson,UT Khawaja,P Hatzoglou,1,0,,,,,,"",""
ball,2,6.4,Sydney Thunder,UT Khawaja,CJ Ferguson,P Hatzoglou,1,0,,,,,,"",""
ball,2,6.5,Sydney Thunder,CJ Ferguson,UT Khawaja,P Hatzoglou,1,0,,,,,,"",""
ball,2,6.6,Sydney Thunder,UT Khawaja,CJ Ferguson,P Hatzoglou,1,0,,,,,,"",""
ball,2,7.1,Sydney Thunder,UT Khawaja,CJ Ferguson,Imad Wasim,1,0,,,,,,"",""
ball,2,7.2,Sydney Thunder,CJ Ferguson,UT Khawaja,Imad Wasim,1,0,,,,,,"",""
ball,2,7.3,Sydney Thunder,UT Khawaja,CJ Ferguson,Imad Wasim,1,0,,,,,,"",""
ball,2,7.4,Sydney Thunder,CJ Ferguson,UT Khawaja,Imad Wasim,1,0,,,,,,"",""
ball,2,7.5,Sydney Thunder,UT Khawaja,CJ Ferguson,Imad Wasim,0,1,1,,,,,"",""
ball,2,7.6,Sydney Thunder,UT Khawaja,CJ Ferguson,Imad Wasim,1,0,,,,,,"",""
ball,2,7.7,Sydney Thunder,CJ Ferguson,UT Khawaja,Imad Wasim,0,0,,,,,,lbw,CJ Ferguson
ball,2,8.1,Sydney Thunder,UT Khawaja,SW Billings,Mohammad Nabi,1,0,,,,,,"",""
ball,2,8.2,Sydney Thunder,SW Billings,UT Khawaja,Mohammad Nabi,1,0,,,,,,"",""
ball,2,8.3,Sydney Thunder,UT Khawaja,SW Billings,Mohammad Nabi,2,0,,,,,,"",""
ball,2,8.4,Sydney Thunder,UT Khawaja,SW Billings,Mohammad Nabi,4,0,,,,,,"",""
ball,2,8.5,Sydney Thunder,UT Khawaja,SW Billings,Mohammad Nabi,1,0,,,,,,"",""
ball,2,8.6,Sydney Thunder,SW Billings,UT Khawaja,Mohammad Nabi,1,0,,,,,,"",""
ball,2,9.1,Sydney Thunder,SW Billings,UT Khawaja,Imad Wasim,1,0,,,,,,"",""
ball,2,9.2,Sydney Thunder,UT Khawaja,SW Billings,Imad Wasim,4,0,,,,,,"",""
ball,2,9.3,Sydney Thunder,UT Khawaja,SW Billings,Imad Wasim,4,0,,,,,,"",""
ball,2,9.4,Sydney Thunder,UT Khawaja,SW Billings,Imad Wasim,2,0,,,,,,"",""
ball,2,9.5,Sydney Thunder,UT Khawaja,SW Billings,Imad Wasim,1,0,,,,,,"",""
ball,2,9.6,Sydney Thunder,SW Billings,UT Khawaja,Imad Wasim,0,0,,,,,,"",""
ball,2,10.1,Sydney Thunder,UT Khawaja,SW Billings,P Hatzoglou,2,0,,,,,,"",""
ball,2,10.2,Sydney Thunder,UT Khawaja,SW Billings,P Hatzoglou,1,0,,,,,,"",""
ball,2,10.3,Sydney Thunder,SW Billings,UT Khawaja,P Hatzoglou,1,0,,,,,,"",""
ball,2,10.4,Sydney Thunder,UT Khawaja,SW Billings,P Hatzoglou,1,0,,,,,,"",""
ball,2,10.5,Sydney Thunder,SW Billings,UT Khawaja,P Hatzoglou,4,0,,,,,,"",""
ball,2,10.6,Sydney Thunder,SW Billings,UT Khawaja,P Hatzoglou,1,0,,,,,,"",""
ball,2,11.1,Sydney Thunder,SW Billings,UT Khawaja,W Sutherland,0,0,,,,,,"",""
ball,2,11.2,Sydney Thunder,SW Billings,UT Khawaja,W Sutherland,0,0,,,,,,"",""
ball,2,11.3,Sydney Thunder,SW Billings,UT Khawaja,W Sutherland,1,0,,,,,,"",""
ball,2,11.4,Sydney Thunder,UT Khawaja,SW Billings,W Sutherland,4,0,,,,,,"",""
ball,2,11.5,Sydney Thunder,UT Khawaja,SW Billings,W Sutherland,0,0,,,,,,"",""
ball,2,11.6,Sydney Thunder,UT Khawaja,SW Billings,W Sutherland,0,0,,,,,,"",""
