version,1.6.0
info,balls_per_over,6
info,team,Perth Scorchers
info,team,Melbourne Renegades
info,gender,male
info,season,2020/21
info,date,2021/01/03
info,event,Big Bash League
info,match_number,25
info,venue,Perth Stadium
info,city,Perth
info,toss_winner,Melbourne Renegades
info,toss_decision,field
info,player_of_match,JP Inglis
info,umpire,MW Graham-Smith
info,umpire,SA Lightbody
info,reserve_umpire,Ashlee Gibbons
info,tv_umpire,DM Koch
info,match_referee,SD Fry
info,winner,Perth Scorchers
info,winner_runs,96
info,player,Perth Scorchers,JJ Roy
info,player,Perth Scorchers,LS Livingstone
info,player,Perth Scorchers,JP Inglis
info,player,Perth Scorchers,C Munro
info,player,Perth Scorchers,MR Marsh
info,player,Perth Scorchers,AJ Turner
info,player,Perth Scorchers,AM Hardie
info,player,Perth Scorchers,JA Richardson
info,player,Perth Scorchers,AJ Tye
info,player,Perth Scorchers,JP Behrendorff
info,player,Perth Scorchers,Fawad Ahmed
info,player,Melbourne Renegades,SB Harper
info,player,Melbourne Renegades,SE Marsh
info,player,Melbourne Renegades,AJ Finch
info,player,Melbourne Renegades,BJ Webster
info,player,Melbourne Renegades,Mohammad Nabi
info,player,Melbourne Renegades,RR Rossouw
info,player,Melbourne Renegades,JA Prestwidge
info,player,Melbourne Renegades,KW Richardson
info,player,Melbourne Renegades,JK Lalor
info,player,Melbourne Renegades,P Hatzoglou
info,player,Melbourne Renegades,Noor Ahmad
info,registry,people,AJ Finch,b8d490fd
info,registry,people,AJ Turner,ff1e12a0
info,registry,people,AJ Tye,7c7d63a2
info,registry,people,AM Hardie,d405c0d5
info,registry,people,Ashlee Gibbons,b81712f7
info,registry,people,BJ Webster,56b93d46
info,registry,people,C Munro,af2c687b
info,registry,people,DM Koch,6d10c034
info,registry,people,Fawad Ahmed,22ae3041
info,registry,people,JA Prestwidge,5f317fd4
info,registry,people,JA Richardson,1ee08e9a
info,registry,people,JJ Roy,d1c36f5c
info,registry,people,JK Lalor,88209c84
info,registry,people,JP Behrendorff,4933f499
info,registry,people,JP Inglis,989889ff
info,registry,people,KW Richardson,dfc4d8b5
info,registry,people,LS Livingstone,50c6bc2b
info,registry,people,MR Marsh,3d8feaf8
info,registry,people,MW Graham-Smith,18aca3ce
info,registry,people,Mohammad Nabi,62af8546
info,registry,people,Noor Ahmad,efc04be7
info,registry,people,P Hatzoglou,6f95e5fa
info,registry,people,RR Rossouw,cad00a4d
info,registry,people,SA Lightbody,680b8cbf
info,registry,people,SB Harper,a756e61a
info,registry,people,SD Fry,6b725ed1
info,registry,people,SE Marsh,508a1ea7
ball,1,0.1,Perth Scorchers,JJ Roy,LS Livingstone,JK Lalor,0,1,,,,1,,"",""
ball,1,0.2,Perth Scorchers,LS Livingstone,JJ Roy,JK Lalor,1,0,,,,,,"",""
ball,1,0.3,Perth Scorchers,JJ Roy,LS Livingstone,JK Lalor,0,0,,,,,,"",""
ball,1,0.4,Perth Scorchers,JJ Roy,LS Livingstone,JK Lalor,2,0,,,,,,"",""
ball,1,0.5,Perth Scorchers,JJ Roy,LS Livingstone,JK Lalor,1,0,,,,,,"",""
ball,1,0.6,Perth Scorchers,LS Livingstone,JJ Roy,JK Lalor,0,0,,,,,,"",""
ball,1,1.1,Perth Scorchers,JJ Roy,LS Livingstone,KW Richardson,0,0,,,,,,"",""
ball,1,1.2,Perth Scorchers,JJ Roy,LS Livingstone,KW Richardson,0,1,,,,1,,"",""
ball,1,1.3,Perth Scorchers,LS Livingstone,JJ Roy,KW Richardson,1,0,,,,,,"",""
ball,1,1.4,Perth Scorchers,JJ Roy,LS Livingstone,KW Richardson,1,0,,,,,,"",""
ball,1,1.5,Perth Scorchers,LS Livingstone,JJ Roy,KW Richardson,1,0,,,,,,"",""
ball,1,1.6,Perth Scorchers,JJ Roy,LS Livingstone,KW Richardson,2,0,,,,,,"",""
ball,1,2.1,Perth Scorchers,LS Livingstone,JJ Roy,JK Lalor,6,0,,,,,,"",""
ball,1,2.2,Perth Scorchers,LS Livingstone,JJ Roy,JK Lalor,1,0,,,,,,"",""
ball,1,2.3,Perth Scorchers,JJ Roy,LS Livingstone,JK Lalor,2,0,,,,,,"",""
ball,1,2.4,Perth Scorchers,JJ Roy,LS Livingstone,JK Lalor,1,0,,,,,,"",""
ball,1,2.5,Perth Scorchers,LS Livingstone,JJ Roy,JK Lalor,1,0,,,,,,"",""
ball,1,2.6,Perth Scorchers,JJ Roy,LS Livingstone,JK Lalor,1,0,,,,,,"",""
ball,1,3.1,Perth Scorchers,JJ Roy,LS Livingstone,KW Richardson,0,0,,,,,,"",""
ball,1,3.2,Perth Scorchers,JJ Roy,LS Livingstone,KW Richardson,4,0,,,,,,"",""
ball,1,3.3,Perth Scorchers,JJ Roy,LS Livingstone,KW Richardson,1,0,,,,,,"",""
ball,1,3.4,Perth Scorchers,LS Livingstone,JJ Roy,KW Richardson,0,0,,,,,,"",""
ball,1,3.5,Perth Scorchers,LS Livingstone,JJ Roy,KW Richardson,0,0,,,,,,"",""
ball,1,3.6,Perth Scorchers,LS Livingstone,JJ Roy,KW Richardson,1,0,,,,,,"",""
ball,1,4.1,Perth Scorchers,LS Livingstone,JJ Roy,P Hatzoglou,1,0,,,,,,"",""
ball,1,4.2,Perth Scorchers,JJ Roy,LS Livingstone,P Hatzoglou,0,0,,,,,,"",""
ball,1,4.3,Perth Scorchers,JJ Roy,LS Livingstone,P Hatzoglou,1,0,,,,,,"",""
ball,1,4.4,Perth Scorchers,LS Livingstone,JJ Roy,P Hatzoglou,2,0,,,,,,"",""
ball,1,4.5,Perth Scorchers,LS Livingstone,JJ Roy,P Hatzoglou,0,0,,,,,,"",""
ball,1,4.6,Perth Scorchers,LS Livingstone,JJ Roy,P Hatzoglou,0,0,,,,,,"",""
ball,1,5.1,Perth Scorchers,JJ Roy,LS Livingstone,Noor Ahmad,0,0,,,,,,"",""
ball,1,5.2,Perth Scorchers,JJ Roy,LS Livingstone,Noor Ahmad,1,0,,,,,,"",""
ball,1,5.3,Perth Scorchers,LS Livingstone,JJ Roy,Noor Ahmad,4,1,,1,,,,"",""
ball,1,5.4,Perth Scorchers,LS Livingstone,JJ Roy,Noor Ahmad,1,0,,,,,,"",""
ball,1,5.5,Perth Scorchers,JJ Roy,LS Livingstone,Noor Ahmad,1,0,,,,,,"",""
ball,1,5.6,Perth Scorchers,LS Livingstone,JJ Roy,Noor Ahmad,0,0,,,,,,stumped,LS Livingstone
ball,1,5.7,Perth Scorchers,JP Inglis,JJ Roy,Noor Ahmad,0,0,,,,,,"",""
ball,1,6.1,Perth Scorchers,JJ Roy,JP Inglis,P Hatzoglou,1,0,,,,,,"",""
ball,1,6.2,Perth Scorchers,JP Inglis,JJ Roy,P Hatzoglou,1,0,,,,,,"",""
ball,1,6.3,Perth Scorchers,JJ Roy,JP Inglis,P Hatzoglou,0,0,,,,,,"",""
ball,1,6.4,Perth Scorchers,JJ Roy,JP Inglis,P Hatzoglou,0,0,,,,,,"",""
ball,1,6.5,Perth Scorchers,JJ Roy,JP Inglis,P Hatzoglou,0,0,,,,,,"",""
ball,1,6.6,Perth Scorchers,JJ Roy,JP Inglis,P Hatzoglou,1,0,,,,,,"",""
ball,1,7.1,Perth Scorchers,JJ Roy,JP Inglis,Noor Ahmad,1,0,,,,,,"",""
ball,1,7.2,Perth Scorchers,JP Inglis,JJ Roy,Noor Ahmad,1,0,,,,,,"",""
ball,1,7.3,Perth Scorchers,JJ Roy,JP Inglis,Noor Ahmad,0,0,,,,,,"",""
ball,1,7.4,Perth Scorchers,JJ Roy,JP Inglis,Noor Ahmad,1,0,,,,,,"",""
ball,1,7.5,Perth Scorchers,JP Inglis,JJ Roy,Noor Ahmad,0,1,,1,,,,"",""
ball,1,7.6,Perth Scorchers,JP Inglis,JJ Roy,Noor Ahmad,1,0,,,,,,"",""
ball,1,7.7,Perth Scorchers,JJ Roy,JP Inglis,Noor Ahmad,4,0,,,,,,"",""
ball,1,8.1,Perth Scorchers,JP Inglis,JJ Roy,JA Prestwidge,1,0,,,,,,"",""
ball,1,8.2,Perth Scorchers,JJ Roy,JP Inglis,JA Prestwidge,0,0,,,,,,"",""
ball,1,8.3,Perth Scorchers,JJ Roy,JP Inglis,JA Prestwidge,1,0,,,,,,"",""
ball,1,8.4,Perth Scorchers,JP Inglis,JJ Roy,JA Prestwidge,1,0,,,,,,"",""
ball,1,8.5,Perth Scorchers,JJ Roy,JP Inglis,JA Prestwidge,0,0,,,,,,"",""
ball,1,8.6,Perth Scorchers,JJ Roy,JP Inglis,JA Prestwidge,0,0,,,,,,caught,JJ Roy
ball,1,9.1,Perth Scorchers,JP Inglis,C Munro,Mohammad Nabi,1,0,,,,,,"",""
ball,1,9.2,Perth Scorchers,C Munro,JP Inglis,Mohammad Nabi,1,0,,,,,,"",""
ball,1,9.3,Perth Scorchers,JP Inglis,C Munro,Mohammad Nabi,1,0,,,,,,"",""
ball,1,9.4,Perth Scorchers,C Munro,JP Inglis,Mohammad Nabi,2,0,,,,,,"",""
ball,1,9.5,Perth Scorchers,C Munro,JP Inglis,Mohammad Nabi,1,0,,,,,,"",""
ball,1,9.6,Perth Scorchers,JP Inglis,C Munro,Mohammad Nabi,1,0,,,,,,"",""
ball,1,10.1,Perth Scorchers,JP Inglis,C Munro,JA Prestwidge,2,0,,,,,,"",""
ball,1,10.2,Perth Scorchers,JP Inglis,C Munro,JA Prestwidge,6,0,,,,,,"",""
ball,1,10.3,Perth Scorchers,JP Inglis,C Munro,JA Prestwidge,1,0,,,,,,"",""
ball,1,10.4,Perth Scorchers,C Munro,JP Inglis,JA Prestwidge,0,1,1,,,,,"",""
ball,1,10.5,Perth Scorchers,C Munro,JP Inglis,JA Prestwidge,0,0,,,,,,"",""
ball,1,10.6,Perth Scorchers,C Munro,JP Inglis,JA Prestwidge,1,0,,,,,,"",""
ball,1,10.7,Perth Scorchers,JP Inglis,C Munro,JA Prestwidge,1,0,,,,,,"",""
ball,1,11.1,Perth Scorchers,JP Inglis,C Munro,Mohammad Nabi,1,0,,,,,,"",""
ball,1,11.2,Perth Scorchers,C Munro,JP Inglis,Mohammad Nabi,0,0,,,,,,"",""
ball,1,11.3,Perth Scorchers,C Munro,JP Inglis,Mohammad Nabi,1,0,,,,,,"",""
ball,1,11.4,Perth Scorchers,JP Inglis,C Munro,Mohammad Nabi,1,0,,,,,,"",""
ball,1,11.5,Perth Scorchers,C Munro,JP Inglis,Mohammad Nabi,6,0,,,,,,"",""
ball,1,11.6,Perth Scorchers,C Munro,JP Inglis,Mohammad Nabi,1,0,,,,,,"",""
ball,1,12.1,Perth Scorchers,C Munro,JP Inglis,P Hatzoglou,1,0,,,,,,"",""
ball,1,12.2,Perth Scorchers,JP Inglis,C Munro,P Hatzoglou,3,0,,,,,,"",""
ball,1,12.3,Perth Scorchers,C Munro,JP Inglis,P Hatzoglou,0,0,,,,,,"",""
ball,1,12.4,Perth Scorchers,C Munro,JP Inglis,P Hatzoglou,6,0,,,,,,"",""
ball,1,12.5,Perth Scorchers,C Munro,JP Inglis,P Hatzoglou,2,0,,,,,,"",""
ball,1,12.6,Perth Scorchers,C Munro,JP Inglis,P Hatzoglou,4,0,,,,,,"",""
ball,1,13.1,Perth Scorchers,JP Inglis,C Munro,KW Richardson,1,0,,,,,,"",""
ball,1,13.2,Perth Scorchers,C Munro,JP Inglis,KW Richardson,1,0,,,,,,"",""
ball,1,13.3,Perth Scorchers,JP Inglis,C Munro,KW Richardson,4,0,,,,,,"",""
ball,1,13.4,Perth Scorchers,JP Inglis,C Munro,KW Richardson,4,0,,,,,,"",""
ball,1,13.5,Perth Scorchers,JP Inglis,C Munro,KW Richardson,0,0,,,,,,"",""
ball,1,13.6,Perth Scorchers,JP Inglis,C Munro,KW Richardson,0,0,,,,,,"",""
ball,1,14.1,Perth Scorchers,C Munro,JP Inglis,P Hatzoglou,6,0,,,,,,"",""
ball,1,14.2,Perth Scorchers,C Munro,JP Inglis,P Hatzoglou,1,0,,,,,,"",""
ball,1,14.3,Perth Scorchers,JP Inglis,C Munro,P Hatzoglou,1,0,,,,,,"",""
ball,1,14.4,Perth Scorchers,C Munro,JP Inglis,P Hatzoglou,1,0,,,,,,"",""
ball,1,14.5,Perth Scorchers,JP Inglis,C Munro,P Hatzoglou,1,0,,,,,,"",""
ball,1,14.6,Perth Scorchers,C Munro,JP Inglis,P Hatzoglou,0,0,,,,,,"",""
ball,1,15.1,Perth Scorchers,JP Inglis,C Munro,Noor Ahmad,1,0,,,,,,"",""
ball,1,15.2,Perth Scorchers,C Munro,JP Inglis,Noor Ahmad,1,0,,,,,,"",""
ball,1,15.3,Perth Scorchers,JP Inglis,C Munro,Noor Ahmad,4,0,,,,,,"",""
ball,1,15.4,Perth Scorchers,JP Inglis,C Munro,Noor Ahmad,1,0,,,,,,"",""
ball,1,15.5,Perth Scorchers,C Munro,JP Inglis,Noor Ahmad,6,0,,,,,,"",""
ball,1,15.6,Perth Scorchers,C Munro,JP Inglis,Noor Ahmad,6,0,,,,,,"",""
ball,1,16.1,Perth Scorchers,JP Inglis,C Munro,JK Lalor,1,0,,,,,,"",""
ball,1,16.2,Perth Scorchers,C Munro,JP Inglis,JK Lalor,0,1,,,,1,,"",""
ball,1,16.3,Perth Scorchers,JP Inglis,C Munro,JK Lalor,4,0,,,,,,"",""
ball,1,16.4,Perth Scorchers,JP Inglis,C Munro,JK Lalor,6,0,,,,,,"",""
ball,1,16.5,Perth Scorchers,JP Inglis,C Munro,JK Lalor,4,0,,,,,,"",""
ball,1,16.6,Perth Scorchers,JP Inglis,C Munro,JK Lalor,2,0,,,,,,"",""
ball,1,17.1,Perth Scorchers,C Munro,JP Inglis,JA Prestwidge,2,0,,,,,,"",""
ball,1,17.2,Perth Scorchers,C Munro,JP Inglis,JA Prestwidge,0,1,,1,,,,"",""
ball,1,17.3,Perth Scorchers,C Munro,JP Inglis,JA Prestwidge,0,0,,,,,,"",""
ball,1,17.4,Perth Scorchers,C Munro,JP Inglis,JA Prestwidge,0,0,,,,,,"",""
ball,1,17.5,Perth Scorchers,C Munro,JP Inglis,JA Prestwidge,1,0,,,,,,"",""
ball,1,17.6,Perth Scorchers,JP Inglis,C Munro,JA Prestwidge,0,0,,,,,,"",""
ball,1,17.7,Perth Scorchers,JP Inglis,C Munro,JA Prestwidge,1,0,,,,,,"",""
ball,1,18.1,Perth Scorchers,JP Inglis,C Munro,KW Richardson,2,0,,,,,,"",""
ball,1,18.2,Perth Scorchers,JP Inglis,C Munro,KW Richardson,4,0,,,,,,"",""
ball,1,18.3,Perth Scorchers,JP Inglis,C Munro,KW Richardson,2,0,,,,,,"",""
ball,1,18.4,Perth Scorchers,JP Inglis,C Munro,KW Richardson,1,0,,,,,,"",""
ball,1,18.5,Perth Scorchers,C Munro,JP Inglis,KW Richardson,0,0,,,,,,"",""
ball,1,18.6,Perth Scorchers,C Munro,JP Inglis,KW Richardson,1,0,,,,,,"",""
ball,1,19.1,Perth Scorchers,C Munro,JP Inglis,JA Prestwidge,0,0,,,,,,caught,C Munro
ball,1,19.2,Perth Scorchers,MR Marsh,JP Inglis,JA Prestwidge,1,0,,,,,,"",""
ball,1,19.3,Perth Scorchers,JP Inglis,MR Marsh,JA Prestwidge,0,0,,,,,,"",""
ball,1,19.4,Perth Scorchers,JP Inglis,MR Marsh,JA Prestwidge,4,0,,,,,,"",""
ball,1,19.5,Perth Scorchers,JP Inglis,MR Marsh,JA Prestwidge,1,0,,,,,,"",""
ball,1,19.6,Perth Scorchers,MR Marsh,JP Inglis,JA Prestwidge,6,0,,,,,,"",""
ball,2,0.1,Melbourne Renegades,SB Harper,SE Marsh,JA Richardson,4,0,,,,,,"",""
ball,2,0.2,Melbourne Renegades,SB Harper,SE Marsh,JA Richardson,0,0,,,,,,bowled,SB Harper
ball,2,0.3,Melbourne Renegades,AJ Finch,SE Marsh,JA Richardson,1,0,,,,,,"",""
ball,2,0.4,Melbourne Renegades,SE Marsh,AJ Finch,JA Richardson,0,1,,,,1,,"",""
ball,2,0.5,Melbourne Renegades,AJ Finch,SE Marsh,JA Richardson,0,0,,,,,,"",""
ball,2,0.6,Melbourne Renegades,AJ Finch,SE Marsh,JA Richardson,1,0,,,,,,"",""
ball,2,1.1,Melbourne Renegades,AJ Finch,SE Marsh,JP Behrendorff,0,0,,,,,,"",""
ball,2,1.2,Melbourne Renegades,AJ Finch,SE Marsh,JP Behrendorff,1,0,,,,,,"",""
ball,2,1.3,Melbourne Renegades,SE Marsh,AJ Finch,JP Behrendorff,1,0,,,,,,"",""
ball,2,1.4,Melbourne Renegades,AJ Finch,SE Marsh,JP Behrendorff,4,0,,,,,,"",""
ball,2,1.5,Melbourne Renegades,AJ Finch,SE Marsh,JP Behrendorff,0,1,1,,,,,"",""
ball,2,1.6,Melbourne Renegades,AJ Finch,SE Marsh,JP Behrendorff,1,0,,,,,,"",""
ball,2,1.7,Melbourne Renegades,SE Marsh,AJ Finch,JP Behrendorff,0,0,,,,,,run out,AJ Finch
ball,2,2.1,Melbourne Renegades,BJ Webster,SE Marsh,JA Richardson,0,0,,,,,,"",""
ball,2,2.2,Melbourne Renegades,BJ Webster,SE Marsh,JA Richardson,2,0,,,,,,"",""
ball,2,2.3,Melbourne Renegades,BJ Webster,SE Marsh,JA Richardson,0,0,,,,,,"",""
ball,2,2.4,Melbourne Renegades,BJ Webster,SE Marsh,JA Richardson,0,1,,,,1,,"",""
ball,2,2.5,Melbourne Renegades,SE Marsh,BJ Webster,JA Richardson,6,0,,,,,,"",""
ball,2,2.6,Melbourne Renegades,SE Marsh,BJ Webster,JA Richardson,1,0,,,,,,"",""
ball,2,3.1,Melbourne Renegades,SE Marsh,BJ Webster,JP Behrendorff,0,1,,,,1,,"",""
ball,2,3.2,Melbourne Renegades,BJ Webster,SE Marsh,JP Behrendorff,0,0,,,,,,caught,BJ Webster
ball,2,3.3,Melbourne Renegades,Mohammad Nabi,SE Marsh,JP Behrendorff,0,0,,,,,,"",""
ball,2,3.4,Melbourne Renegades,Mohammad Nabi,SE Marsh,JP Behrendorff,0,1,,,,1,,"",""
ball,2,3.5,Melbourne Renegades,SE Marsh,Mohammad Nabi,JP Behrendorff,4,0,,,,,,"",""
ball,2,3.6,Melbourne Renegades,SE Marsh,Mohammad Nabi,JP Behrendorff,1,0,,,,,,"",""
ball,2,4.1,Melbourne Renegades,SE Marsh,Mohammad Nabi,AM Hardie,0,0,,,,,,"",""
ball,2,4.2,Melbourne Renegades,SE Marsh,Mohammad Nabi,AM Hardie,1,0,,,,,,"",""
ball,2,4.3,Melbourne Renegades,Mohammad Nabi,SE Marsh,AM Hardie,1,0,,,,,,"",""
ball,2,4.4,Melbourne Renegades,SE Marsh,Mohammad Nabi,AM Hardie,0,0,,,,,,caught,SE Marsh
ball,2,4.5,Melbourne Renegades,RR Rossouw,Mohammad Nabi,AM Hardie,0,0,,,,,,"",""
ball,2,4.6,Melbourne Renegades,RR Rossouw,Mohammad Nabi,AM Hardie,4,0,,,,,,"",""
ball,2,5.1,Melbourne Renegades,Mohammad Nabi,RR Rossouw,AJ Tye,1,0,,,,,,"",""
ball,2,5.2,Melbourne Renegades,RR Rossouw,Mohammad Nabi,AJ Tye,2,0,,,,,,"",""
ball,2,5.3,Melbourne Renegades,RR Rossouw,Mohammad Nabi,AJ Tye,0,0,,,,,,caught,RR Rossouw
ball,2,5.4,Melbourne Renegades,Mohammad Nabi,JA Prestwidge,AJ Tye,1,0,,,,,,"",""
ball,2,5.5,Melbourne Renegades,JA Prestwidge,Mohammad Nabi,AJ Tye,0,0,,,,,,"",""
ball,2,5.6,Melbourne Renegades,JA Prestwidge,Mohammad Nabi,AJ Tye,1,0,,,,,,"",""
ball,2,6.1,Melbourne Renegades,JA Prestwidge,Mohammad Nabi,AM Hardie,1,0,,,,,,"",""
ball,2,6.2,Melbourne Renegades,Mohammad Nabi,JA Prestwidge,AM Hardie,2,0,,,,,,"",""
ball,2,6.3,Melbourne Renegades,Mohammad Nabi,JA Prestwidge,AM Hardie,0,0,,,,,,"",""
ball,2,6.4,Melbourne Renegades,Mohammad Nabi,JA Prestwidge,AM Hardie,0,0,,,,,,"",""
ball,2,6.5,Melbourne Renegades,Mohammad Nabi,JA Prestwidge,AM Hardie,0,0,,,,,,caught,Mohammad Nabi
ball,2,6.6,Melbourne Renegades,JA Prestwidge,KW Richardson,AM Hardie,1,0,,,,,,"",""
ball,2,7.1,Melbourne Renegades,JA Prestwidge,KW Richardson,JA Richardson,1,0,,,,,,"",""
ball,2,7.2,Melbourne Renegades,KW Richardson,JA Prestwidge,JA Richardson,4,0,,,,,,"",""
ball,2,7.3,Melbourne Renegades,KW Richardson,JA Prestwidge,JA Richardson,0,1,1,,,,,"",""
ball,2,7.4,Melbourne Renegades,KW Richardson,JA Prestwidge,JA Richardson,1,0,,,,,,"",""
ball,2,7.5,Melbourne Renegades,JA Prestwidge,KW Richardson,JA Richardson,0,0,,,,,,"",""
ball,2,7.6,Melbourne Renegades,JA Prestwidge,KW Richardson,JA Richardson,1,0,,,,,,"",""
ball,2,7.7,Melbourne Renegades,KW Richardson,JA Prestwidge,JA Richardson,4,0,,,,,,"",""
ball,2,8.1,Melbourne Renegades,JA Prestwidge,KW Richardson,Fawad Ahmed,0,0,,,,,,"",""
ball,2,8.2,Melbourne Renegades,JA Prestwidge,KW Richardson,Fawad Ahmed,0,0,,,,,,run out,KW Richardson
ball,2,8.3,Melbourne Renegades,JK Lalor,JA Prestwidge,Fawad Ahmed,0,0,,,,,,"",""
ball,2,8.4,Melbourne Renegades,JK Lalor,JA Prestwidge,Fawad Ahmed,0,0,,,,,,"",""
ball,2,8.5,Melbourne Renegades,JK Lalor,JA Prestwidge,Fawad Ahmed,0,0,,,,,,caught,JK Lalor
ball,2,8.6,Melbourne Renegades,P Hatzoglou,JA Prestwidge,Fawad Ahmed,0,0,,,,,,"",""
ball,2,9.1,Melbourne Renegades,JA Prestwidge,P Hatzoglou,JA Richardson,2,0,,,,,,"",""
ball,2,9.2,Melbourne Renegades,JA Prestwidge,P Hatzoglou,JA Richardson,0,1,1,,,,,"",""
ball,2,9.3,Melbourne Renegades,JA Prestwidge,P Hatzoglou,JA Richardson,6,0,,,,,,"",""
ball,2,9.4,Melbourne Renegades,JA Prestwidge,P Hatzoglou,JA Richardson,0,0,,,,,,"",""
ball,2,9.5,Melbourne Renegades,JA Prestwidge,P Hatzoglou,JA Richardson,2,0,,,,,,"",""
ball,2,9.6,Melbourne Renegades,JA Prestwidge,P Hatzoglou,JA Richardson,1,0,,,,,,"",""
ball,2,9.7,Melbourne Renegades,P Hatzoglou,JA Prestwidge,JA Richardson,0,0,,,,,,"",""
ball,2,10.1,Melbourne Renegades,JA Prestwidge,P Hatzoglou,Fawad Ahmed,0,0,,,,,,"",""
ball,2,10.2,Melbourne Renegades,JA Prestwidge,P Hatzoglou,Fawad Ahmed,0,0,,,,,,"",""
ball,2,10.3,Melbourne Renegades,JA Prestwidge,P Hatzoglou,Fawad Ahmed,0,0,,,,,,"",""
ball,2,10.4,Melbourne Renegades,JA Prestwidge,P Hatzoglou,Fawad Ahmed,4,0,,,,,,"",""
ball,2,10.5,Melbourne Renegades,JA Prestwidge,P Hatzoglou,Fawad Ahmed,1,0,,,,,,"",""
ball,2,10.6,Melbourne Renegades,P Hatzoglou,JA Prestwidge,Fawad Ahmed,0,0,,,,,,"",""
ball,2,11.1,Melbourne Renegades,JA Prestwidge,P Hatzoglou,LS Livingstone,0,0,,,,,,"",""
ball,2,11.2,Melbourne Renegades,JA Prestwidge,P Hatzoglou,LS Livingstone,6,0,,,,,,"",""
ball,2,11.3,Melbourne Renegades,JA Prestwidge,P Hatzoglou,LS Livingstone,0,0,,,,,,"",""
ball,2,11.4,Melbourne Renegades,JA Prestwidge,P Hatzoglou,LS Livingstone,6,0,,,,,,"",""
ball,2,11.5,Melbourne Renegades,JA Prestwidge,P Hatzoglou,LS Livingstone,0,0,,,,,,caught,JA Prestwidge
ball,2,11.6,Melbourne Renegades,P Hatzoglou,Noor Ahmad,LS Livingstone,1,0,,,,,,"",""
ball,2,12.1,Melbourne Renegades,P Hatzoglou,Noor Ahmad,Fawad Ahmed,0,0,,,,,,"",""
ball,2,12.2,Melbourne Renegades,P Hatzoglou,Noor Ahmad,Fawad Ahmed,0,0,,,,,,"",""
ball,2,12.3,Melbourne Renegades,P Hatzoglou,Noor Ahmad,Fawad Ahmed,0,0,,,,,,"",""
ball,2,12.4,Melbourne Renegades,P Hatzoglou,Noor Ahmad,Fawad Ahmed,0,0,,,,,,"",""
ball,2,12.5,Melbourne Renegades,P Hatzoglou,Noor Ahmad,Fawad Ahmed,0,0,,,,,,caught,P Hatzoglou
