version,1.6.0
info,balls_per_over,6
info,team,Brisbane Heat
info,team,Sydney Sixers
info,gender,male
info,season,2020/21
info,date,2021/01/10
info,event,Big Bash League
info,match_number,35
info,venue,Carrara Oval
info,city,Carrara
info,toss_winner,Sydney Sixers
info,toss_decision,field
info,player_of_match,DT Christian
info,umpire,GJ Davidson
info,umpire,AK Wilds
info,reserve_umpire,PJ Gillespie
info,tv_umpire,GA Abood
info,match_referee,RW Stratford
info,winner,Sydney Sixers
info,winner_wickets,3
info,player,Brisbane Heat,M Bryant
info,player,Brisbane Heat,CA Lynn
info,player,Brisbane Heat,JL Denly
info,player,Brisbane Heat,JA Burns
info,player,Brisbane Heat,JJ Peirson
info,player,Brisbane Heat,L Gregory
info,player,Brisbane Heat,JJ Bazley
info,player,Brisbane Heat,JD Wildermuth
info,player,Brisbane Heat,MT Steketee
info,player,Brisbane Heat,XC Bartlett
info,player,Brisbane Heat,Mujeeb Ur Rahman
info,player,Sydney Sixers,JR Philippe
info,player,Sydney Sixers,J Edwards
info,player,Sydney Sixers,JM Vince
info,player,Sydney Sixers,DP Hughes
info,player,Sydney Sixers,JC Silk
info,player,Sydney Sixers,DT Christian
info,player,Sydney Sixers,CR Brathwaite
info,player,Sydney Sixers,SNJ O'Keefe
info,player,Sydney Sixers,JM Bird
info,player,Sydney Sixers,JT Ball
info,player,Sydney Sixers,L Pope
info,registry,people,AK Wilds,de412f40
info,registry,people,CA Lynn,45eda7c8
info,registry,people,CR Brathwaite,e342e5fb
info,registry,people,DP Hughes,f3982af9
info,registry,people,DT Christian,2a2e6343
info,registry,people,GA Abood,a4af5528
info,registry,people,GJ Davidson,31ad5973
info,registry,people,J Edwards,f787e0eb
info,registry,people,JA Burns,7a5f232a
info,registry,people,JC Silk,7a6dc294
info,registry,people,JD Wildermuth,f1c61793
info,registry,people,JJ Bazley,003d49e6
info,registry,people,JJ Peirson,2b55c3b4
info,registry,people,JL Denly,bdadf7da
info,registry,people,JM Bird,bc773eeb
info,registry,people,JM Vince,a15618fe
info,registry,people,JR Philippe,39086549
info,registry,people,JT Ball,3d0ed2f9
info,registry,people,L Gregory,06c2de82
info,registry,people,L Pope,616a8149
info,registry,people,M Bryant,f32012f4
info,registry,people,MT Steketee,903560ed
info,registry,people,Mujeeb Ur Rahman,7d92277a
info,registry,people,PJ Gillespie,3e253a50
info,registry,people,RW Stratford,85489579
info,registry,people,SD Heazlett,e00a9155
info,registry,people,SNJ O'Keefe,3540beff
info,registry,people,XC Bartlett,3b53243a
ball,1,0.1,Brisbane Heat,M Bryant,CA Lynn,SNJ O'Keefe,0,0,,,,,,"",""
ball,1,0.2,Brisbane Heat,M Bryant,CA Lynn,SNJ O'Keefe,4,0,,,,,,"",""
ball,1,0.3,Brisbane Heat,M Bryant,CA Lynn,SNJ O'Keefe,0,0,,,,,,"",""
ball,1,0.4,Brisbane Heat,M Bryant,CA Lynn,SNJ O'Keefe,0,0,,,,,,"",""
ball,1,0.5,Brisbane Heat,M Bryant,CA Lynn,SNJ O'Keefe,4,0,,,,,,"",""
ball,1,0.6,Brisbane Heat,M Bryant,CA Lynn,SNJ O'Keefe,0,0,,,,,,"",""
ball,1,1.1,Brisbane Heat,CA Lynn,M Bryant,JM Bird,0,0,,,,,,"",""
ball,1,1.2,Brisbane Heat,CA Lynn,M Bryant,JM Bird,4,0,,,,,,"",""
ball,1,1.3,Brisbane Heat,CA Lynn,M Bryant,JM Bird,0,4,,,,4,,"",""
ball,1,1.4,Brisbane Heat,CA Lynn,M Bryant,JM Bird,1,0,,,,,,"",""
ball,1,1.5,Brisbane Heat,M Bryant,CA Lynn,JM Bird,2,0,,,,,,"",""
ball,1,1.6,Brisbane Heat,M Bryant,CA Lynn,JM Bird,0,0,,,,,,caught,M Bryant
ball,1,2.1,Brisbane Heat,CA Lynn,JL Denly,SNJ O'Keefe,1,0,,,,,,"",""
ball,1,2.2,Brisbane Heat,JL Denly,CA Lynn,SNJ O'Keefe,0,0,,,,,,"",""
ball,1,2.3,Brisbane Heat,JL Denly,CA Lynn,SNJ O'Keefe,0,0,,,,,,"",""
ball,1,2.4,Brisbane Heat,JL Denly,CA Lynn,SNJ O'Keefe,4,0,,,,,,"",""
ball,1,2.5,Brisbane Heat,JL Denly,CA Lynn,SNJ O'Keefe,0,0,,,,,,"",""
ball,1,2.6,Brisbane Heat,JL Denly,CA Lynn,SNJ O'Keefe,2,0,,,,,,"",""
ball,1,3.1,Brisbane Heat,CA Lynn,JL Denly,JM Bird,1,0,,,,,,"",""
ball,1,3.2,Brisbane Heat,JL Denly,CA Lynn,JM Bird,1,0,,,,,,"",""
ball,1,3.3,Brisbane Heat,CA Lynn,JL Denly,JM Bird,1,0,,,,,,"",""
ball,1,3.4,Brisbane Heat,JL Denly,CA Lynn,JM Bird,0,0,,,,,,caught,JL Denly
ball,1,3.5,Brisbane Heat,JA Burns,CA Lynn,JM Bird,0,0,,,,,,"",""
ball,1,3.6,Brisbane Heat,JA Burns,CA Lynn,JM Bird,0,0,,,,,,"",""
ball,1,4.1,Brisbane Heat,CA Lynn,JA Burns,SNJ O'Keefe,1,0,,,,,,"",""
ball,1,4.2,Brisbane Heat,JA Burns,CA Lynn,SNJ O'Keefe,0,0,,,,,,"",""
ball,1,4.3,Brisbane Heat,JA Burns,CA Lynn,SNJ O'Keefe,1,0,,,,,,"",""
ball,1,4.4,Brisbane Heat,CA Lynn,JA Burns,SNJ O'Keefe,0,0,,,,,,"",""
ball,1,4.5,Brisbane Heat,CA Lynn,JA Burns,SNJ O'Keefe,0,0,,,,,,"",""
ball,1,4.6,Brisbane Heat,CA Lynn,JA Burns,SNJ O'Keefe,1,0,,,,,,"",""
ball,1,5.1,Brisbane Heat,CA Lynn,JA Burns,JM Bird,1,0,,,,,,"",""
ball,1,5.2,Brisbane Heat,JA Burns,CA Lynn,JM Bird,4,0,,,,,,"",""
ball,1,5.3,Brisbane Heat,JA Burns,CA Lynn,JM Bird,1,0,,,,,,"",""
ball,1,5.4,Brisbane Heat,CA Lynn,JA Burns,JM Bird,0,1,1,,,,,"",""
ball,1,5.5,Brisbane Heat,CA Lynn,JA Burns,JM Bird,1,0,,,,,,"",""
ball,1,5.6,Brisbane Heat,JA Burns,CA Lynn,JM Bird,0,0,,,,,,"",""
ball,1,5.7,Brisbane Heat,JA Burns,CA Lynn,JM Bird,0,0,,,,,,"",""
ball,1,6.1,Brisbane Heat,CA Lynn,JA Burns,CR Brathwaite,1,0,,,,,,"",""
ball,1,6.2,Brisbane Heat,JA Burns,CA Lynn,CR Brathwaite,1,0,,,,,,"",""
ball,1,6.3,Brisbane Heat,CA Lynn,JA Burns,CR Brathwaite,1,0,,,,,,"",""
ball,1,6.4,Brisbane Heat,JA Burns,CA Lynn,CR Brathwaite,0,0,,,,,,"",""
ball,1,6.5,Brisbane Heat,JA Burns,CA Lynn,CR Brathwaite,0,0,,,,,,"",""
ball,1,6.6,Brisbane Heat,JA Burns,CA Lynn,CR Brathwaite,0,0,,,,,,caught,JA Burns
ball,1,7.1,Brisbane Heat,CA Lynn,JJ Peirson,JM Bird,1,0,,,,,,"",""
ball,1,7.2,Brisbane Heat,JJ Peirson,CA Lynn,JM Bird,1,0,,,,,,"",""
ball,1,7.3,Brisbane Heat,CA Lynn,JJ Peirson,JM Bird,1,0,,,,,,"",""
ball,1,7.4,Brisbane Heat,JJ Peirson,CA Lynn,JM Bird,0,0,,,,,,"",""
ball,1,7.5,Brisbane Heat,JJ Peirson,CA Lynn,JM Bird,0,0,,,,,,"",""
ball,1,7.6,Brisbane Heat,JJ Peirson,CA Lynn,JM Bird,1,0,,,,,,"",""
ball,1,8.1,Brisbane Heat,JJ Peirson,CA Lynn,SNJ O'Keefe,1,0,,,,,,"",""
ball,1,8.2,Brisbane Heat,CA Lynn,JJ Peirson,SNJ O'Keefe,0,0,,,,,,"",""
ball,1,8.3,Brisbane Heat,CA Lynn,JJ Peirson,SNJ O'Keefe,1,0,,,,,,"",""
ball,1,8.4,Brisbane Heat,JJ Peirson,CA Lynn,SNJ O'Keefe,1,0,,,,,,"",""
ball,1,8.5,Brisbane Heat,CA Lynn,JJ Peirson,SNJ O'Keefe,1,0,,,,,,"",""
ball,1,8.6,Brisbane Heat,JJ Peirson,CA Lynn,SNJ O'Keefe,1,0,,,,,,"",""
ball,1,9.1,Brisbane Heat,JJ Peirson,CA Lynn,CR Brathwaite,1,0,,,,,,"",""
ball,1,9.2,Brisbane Heat,CA Lynn,JJ Peirson,CR Brathwaite,0,0,,,,,,"",""
ball,1,9.3,Brisbane Heat,CA Lynn,JJ Peirson,CR Brathwaite,4,0,,,,,,"",""
ball,1,9.4,Brisbane Heat,CA Lynn,JJ Peirson,CR Brathwaite,2,0,,,,,,"",""
ball,1,9.5,Brisbane Heat,CA Lynn,JJ Peirson,CR Brathwaite,0,0,,,,,,"",""
ball,1,9.6,Brisbane Heat,CA Lynn,JJ Peirson,CR Brathwaite,0,0,,,,,,"",""
ball,1,10.1,Brisbane Heat,JJ Peirson,CA Lynn,L Pope,1,0,,,,,,"",""
ball,1,10.2,Brisbane Heat,CA Lynn,JJ Peirson,L Pope,1,0,,,,,,"",""
ball,1,10.3,Brisbane Heat,JJ Peirson,CA Lynn,L Pope,0,0,,,,,,"",""
ball,1,10.4,Brisbane Heat,JJ Peirson,CA Lynn,L Pope,0,0,,,,,,"",""
ball,1,10.5,Brisbane Heat,JJ Peirson,CA Lynn,L Pope,1,0,,,,,,"",""
ball,1,10.6,Brisbane Heat,CA Lynn,JJ Peirson,L Pope,1,0,,,,,,"",""
ball,1,11.1,Brisbane Heat,CA Lynn,JJ Peirson,DT Christian,4,0,,,,,,"",""
ball,1,11.2,Brisbane Heat,CA Lynn,JJ Peirson,DT Christian,4,0,,,,,,"",""
ball,1,11.3,Brisbane Heat,CA Lynn,JJ Peirson,DT Christian,0,0,,,,,,"",""
ball,1,11.4,Brisbane Heat,CA Lynn,JJ Peirson,DT Christian,0,0,,,,,,"",""
ball,1,11.5,Brisbane Heat,CA Lynn,JJ Peirson,DT Christian,0,0,,,,,,"",""
ball,1,11.6,Brisbane Heat,CA Lynn,JJ Peirson,DT Christian,0,0,,,,,,"",""
ball,1,12.1,Brisbane Heat,JJ Peirson,CA Lynn,L Pope,1,0,,,,,,"",""
ball,1,12.2,Brisbane Heat,CA Lynn,JJ Peirson,L Pope,0,1,,,,1,,"",""
ball,1,12.3,Brisbane Heat,JJ Peirson,CA Lynn,L Pope,1,0,,,,,,"",""
ball,1,12.4,Brisbane Heat,CA Lynn,JJ Peirson,L Pope,1,0,,,,,,"",""
ball,1,12.5,Brisbane Heat,JJ Peirson,CA Lynn,L Pope,1,0,,,,,,"",""
ball,1,12.6,Brisbane Heat,CA Lynn,JJ Peirson,L Pope,1,0,,,,,,"",""
ball,1,13.1,Brisbane Heat,CA Lynn,JJ Peirson,DT Christian,2,0,,,,,,"",""
ball,1,13.2,Brisbane Heat,CA Lynn,JJ Peirson,DT Christian,4,0,,,,,,"",""
ball,1,13.3,Brisbane Heat,CA Lynn,JJ Peirson,DT Christian,0,1,,,,1,,"",""
ball,1,13.4,Brisbane Heat,JJ Peirson,CA Lynn,DT Christian,0,1,1,,,,,"",""
ball,1,13.5,Brisbane Heat,JJ Peirson,CA Lynn,DT Christian,1,0,,,,,,"",""
ball,1,13.6,Brisbane Heat,CA Lynn,JJ Peirson,DT Christian,0,0,,,,,,"",""
ball,1,13.7,Brisbane Heat,CA Lynn,JJ Peirson,DT Christian,4,0,,,,,,"",""
ball,1,14.1,Brisbane Heat,JJ Peirson,CA Lynn,JT Ball,4,0,,,,,,"",""
ball,1,14.2,Brisbane Heat,JJ Peirson,CA Lynn,JT Ball,0,0,,,,,,caught,JJ Peirson
ball,1,14.3,Brisbane Heat,L Gregory,CA Lynn,JT Ball,4,0,,,,,,"",""
ball,1,14.4,Brisbane Heat,L Gregory,CA Lynn,JT Ball,1,0,,,,,,"",""
ball,1,14.5,Brisbane Heat,CA Lynn,L Gregory,JT Ball,4,0,,,,,,"",""
ball,1,14.6,Brisbane Heat,CA Lynn,L Gregory,JT Ball,6,0,,,,,,"",""
ball,1,15.1,Brisbane Heat,L Gregory,CA Lynn,CR Brathwaite,1,0,,,,,,"",""
ball,1,15.2,Brisbane Heat,CA Lynn,L Gregory,CR Brathwaite,0,0,,,,,,caught,CA Lynn
ball,1,15.3,Brisbane Heat,L Gregory,JJ Bazley,CR Brathwaite,1,0,,,,,,"",""
ball,1,15.4,Brisbane Heat,JJ Bazley,L Gregory,CR Brathwaite,0,0,,,,,,caught,JJ Bazley
ball,1,15.5,Brisbane Heat,JD Wildermuth,L Gregory,CR Brathwaite,1,0,,,,,,"",""
ball,1,15.6,Brisbane Heat,L Gregory,JD Wildermuth,CR Brathwaite,1,0,,,,,,"",""
ball,1,16.1,Brisbane Heat,L Gregory,JD Wildermuth,L Pope,1,0,,,,,,"",""
ball,1,16.2,Brisbane Heat,JD Wildermuth,L Gregory,L Pope,1,0,,,,,,"",""
ball,1,16.3,Brisbane Heat,L Gregory,JD Wildermuth,L Pope,1,0,,,,,,"",""
ball,1,16.4,Brisbane Heat,JD Wildermuth,L Gregory,L Pope,6,0,,,,,,"",""
ball,1,16.5,Brisbane Heat,JD Wildermuth,L Gregory,L Pope,1,0,,,,,,"",""
ball,1,16.6,Brisbane Heat,L Gregory,JD Wildermuth,L Pope,1,0,,,,,,"",""
ball,1,17.1,Brisbane Heat,L Gregory,JD Wildermuth,DT Christian,6,0,,,,,,"",""
ball,1,17.2,Brisbane Heat,L Gregory,JD Wildermuth,DT Christian,6,0,,,,,,"",""
ball,1,17.3,Brisbane Heat,L Gregory,JD Wildermuth,DT Christian,1,0,,,,,,"",""
ball,1,17.4,Brisbane Heat,JD Wildermuth,L Gregory,DT Christian,0,0,,,,,,bowled,JD Wildermuth
ball,1,17.5,Brisbane Heat,MT Steketee,L Gregory,DT Christian,1,0,,,,,,"",""
ball,1,17.6,Brisbane Heat,L Gregory,MT Steketee,DT Christian,0,0,,,,,,"",""
ball,1,18.1,Brisbane Heat,MT Steketee,L Gregory,CR Brathwaite,0,0,,,,,,"",""
ball,1,18.2,Brisbane Heat,MT Steketee,L Gregory,CR Brathwaite,1,0,,,,,,"",""
ball,1,18.3,Brisbane Heat,L Gregory,MT Steketee,CR Brathwaite,1,0,,,,,,"",""
ball,1,18.4,Brisbane Heat,MT Steketee,L Gregory,CR Brathwaite,0,0,,,,,,caught,MT Steketee
ball,1,18.5,Brisbane Heat,XC Bartlett,L Gregory,CR Brathwaite,1,0,,,,,,"",""
ball,1,18.6,Brisbane Heat,L Gregory,XC Bartlett,CR Brathwaite,1,0,,,,,,"",""
ball,1,19.1,Brisbane Heat,L Gregory,XC Bartlett,JT Ball,0,0,,,,,,caught,L Gregory
ball,1,19.2,Brisbane Heat,XC Bartlett,Mujeeb Ur Rahman,JT Ball,1,0,,,,,,"",""
ball,1,19.3,Brisbane Heat,Mujeeb Ur Rahman,XC Bartlett,JT Ball,0,1,1,,,,,"",""
ball,1,19.4,Brisbane Heat,Mujeeb Ur Rahman,XC Bartlett,JT Ball,1,0,,,,,,"",""
ball,1,19.5,Brisbane Heat,XC Bartlett,Mujeeb Ur Rahman,JT Ball,1,0,,,,,,"",""
ball,1,19.6,Brisbane Heat,Mujeeb Ur Rahman,XC Bartlett,JT Ball,2,0,,,,,,"",""
ball,1,19.7,Brisbane Heat,Mujeeb Ur Rahman,XC Bartlett,JT Ball,0,0,,,,,,bowled,Mujeeb Ur Rahman
ball,2,0.1,Sydney Sixers,JR Philippe,J Edwards,XC Bartlett,2,0,,,,,,"",""
ball,2,0.2,Sydney Sixers,JR Philippe,J Edwards,XC Bartlett,0,0,,,,,,"",""
ball,2,0.3,Sydney Sixers,JR Philippe,J Edwards,XC Bartlett,1,0,,,,,,"",""
ball,2,0.4,Sydney Sixers,J Edwards,JR Philippe,XC Bartlett,0,0,,,,,,"",""
ball,2,0.5,Sydney Sixers,J Edwards,JR Philippe,XC Bartlett,0,0,,,,,,"",""
ball,2,0.6,Sydney Sixers,J Edwards,JR Philippe,XC Bartlett,0,0,,,,,,"",""
ball,2,1.1,Sydney Sixers,JR Philippe,J Edwards,JD Wildermuth,0,0,,,,,,"",""
ball,2,1.2,Sydney Sixers,JR Philippe,J Edwards,JD Wildermuth,0,0,,,,,,"",""
ball,2,1.3,Sydney Sixers,JR Philippe,J Edwards,JD Wildermuth,0,0,,,,,,"",""
ball,2,1.4,Sydney Sixers,JR Philippe,J Edwards,JD Wildermuth,4,0,,,,,,"",""
ball,2,1.5,Sydney Sixers,JR Philippe,J Edwards,JD Wildermuth,0,0,,,,,,caught,JR Philippe
ball,2,1.6,Sydney Sixers,JM Vince,J Edwards,JD Wildermuth,0,0,,,,,,"",""
ball,2,2.1,Sydney Sixers,J Edwards,JM Vince,XC Bartlett,1,0,,,,,,"",""
ball,2,2.2,Sydney Sixers,JM Vince,J Edwards,XC Bartlett,2,0,,,,,,"",""
ball,2,2.3,Sydney Sixers,JM Vince,J Edwards,XC Bartlett,0,0,,,,,,"",""
ball,2,2.4,Sydney Sixers,JM Vince,J Edwards,XC Bartlett,0,0,,,,,,"",""
ball,2,2.5,Sydney Sixers,JM Vince,J Edwards,XC Bartlett,4,0,,,,,,"",""
ball,2,2.6,Sydney Sixers,JM Vince,J Edwards,XC Bartlett,4,0,,,,,,"",""
ball,2,3.1,Sydney Sixers,J Edwards,JM Vince,JD Wildermuth,0,0,,,,,,"",""
ball,2,3.2,Sydney Sixers,J Edwards,JM Vince,JD Wildermuth,1,0,,,,,,"",""
ball,2,3.3,Sydney Sixers,JM Vince,J Edwards,JD Wildermuth,1,0,,,,,,"",""
ball,2,3.4,Sydney Sixers,J Edwards,JM Vince,JD Wildermuth,1,0,,,,,,"",""
ball,2,3.5,Sydney Sixers,JM Vince,J Edwards,JD Wildermuth,4,0,,,,,,"",""
ball,2,3.6,Sydney Sixers,JM Vince,J Edwards,JD Wildermuth,0,0,,,,,,"",""
ball,2,4.1,Sydney Sixers,J Edwards,JM Vince,Mujeeb Ur Rahman,1,0,,,,,,"",""
ball,2,4.2,Sydney Sixers,JM Vince,J Edwards,Mujeeb Ur Rahman,0,0,,,,,,caught,JM Vince
ball,2,4.3,Sydney Sixers,J Edwards,DP Hughes,Mujeeb Ur Rahman,2,0,,,,,,"",""
ball,2,4.4,Sydney Sixers,J Edwards,DP Hughes,Mujeeb Ur Rahman,0,0,,,,,,"",""
ball,2,4.5,Sydney Sixers,J Edwards,DP Hughes,Mujeeb Ur Rahman,2,0,,,,,,"",""
ball,2,4.6,Sydney Sixers,J Edwards,DP Hughes,Mujeeb Ur Rahman,0,0,,,,,,"",""
ball,2,5.1,Sydney Sixers,DP Hughes,J Edwards,JD Wildermuth,4,0,,,,,,"",""
ball,2,5.2,Sydney Sixers,DP Hughes,J Edwards,JD Wildermuth,1,0,,,,,,"",""
ball,2,5.3,Sydney Sixers,J Edwards,DP Hughes,JD Wildermuth,2,0,,,,,,"",""
ball,2,5.4,Sydney Sixers,J Edwards,DP Hughes,JD Wildermuth,0,0,,,,,,lbw,J Edwards
ball,2,5.5,Sydney Sixers,JC Silk,DP Hughes,JD Wildermuth,0,0,,,,,,"",""
ball,2,5.6,Sydney Sixers,JC Silk,DP Hughes,JD Wildermuth,1,0,,,,,,"",""
ball,2,6.1,Sydney Sixers,JC Silk,DP Hughes,Mujeeb Ur Rahman,1,0,,,,,,"",""
ball,2,6.2,Sydney Sixers,DP Hughes,JC Silk,Mujeeb Ur Rahman,4,0,,,,,,"",""
ball,2,6.3,Sydney Sixers,DP Hughes,JC Silk,Mujeeb Ur Rahman,0,0,,,,,,"",""
ball,2,6.4,Sydney Sixers,DP Hughes,JC Silk,Mujeeb Ur Rahman,2,0,,,,,,"",""
ball,2,6.5,Sydney Sixers,DP Hughes,JC Silk,Mujeeb Ur Rahman,1,0,,,,,,"",""
ball,2,6.6,Sydney Sixers,JC Silk,DP Hughes,Mujeeb Ur Rahman,0,0,,,,,,"",""
ball,2,7.1,Sydney Sixers,DP Hughes,JC Silk,JD Wildermuth,1,0,,,,,,"",""
ball,2,7.2,Sydney Sixers,JC Silk,DP Hughes,JD Wildermuth,1,0,,,,,,"",""
ball,2,7.3,Sydney Sixers,DP Hughes,JC Silk,JD Wildermuth,0,0,,,,,,"",""
ball,2,7.4,Sydney Sixers,DP Hughes,JC Silk,JD Wildermuth,4,0,,,,,,"",""
ball,2,7.5,Sydney Sixers,DP Hughes,JC Silk,JD Wildermuth,0,0,,,,,,"",""
ball,2,7.6,Sydney Sixers,DP Hughes,JC Silk,JD Wildermuth,1,0,,,,,,"",""
ball,2,8.1,Sydney Sixers,DP Hughes,JC Silk,Mujeeb Ur Rahman,0,0,,,,,,"",""
ball,2,8.2,Sydney Sixers,DP Hughes,JC Silk,Mujeeb Ur Rahman,1,0,,,,,,"",""
ball,2,8.3,Sydney Sixers,JC Silk,DP Hughes,Mujeeb Ur Rahman,0,0,,,,,,"",""
ball,2,8.4,Sydney Sixers,JC Silk,DP Hughes,Mujeeb Ur Rahman,0,0,,,,,,bowled,JC Silk
ball,2,8.5,Sydney Sixers,DT Christian,DP Hughes,Mujeeb Ur Rahman,0,0,,,,,,"",""
ball,2,8.6,Sydney Sixers,DT Christian,DP Hughes,Mujeeb Ur Rahman,0,0,,,,,,"",""
ball,2,9.1,Sydney Sixers,DP Hughes,DT Christian,MT Steketee,1,0,,,,,,"",""
ball,2,9.2,Sydney Sixers,DT Christian,DP Hughes,MT Steketee,0,0,,,,,,"",""
ball,2,9.3,Sydney Sixers,DT Christian,DP Hughes,MT Steketee,1,0,,,,,,"",""
ball,2,9.4,Sydney Sixers,DP Hughes,DT Christian,MT Steketee,2,0,,,,,,"",""
ball,2,9.5,Sydney Sixers,DP Hughes,DT Christian,MT Steketee,0,0,,,,,,"",""
ball,2,9.6,Sydney Sixers,DP Hughes,DT Christian,MT Steketee,2,0,,,,,,"",""
ball,2,10.1,Sydney Sixers,DT Christian,DP Hughes,Mujeeb Ur Rahman,1,0,,,,,,"",""
ball,2,10.2,Sydney Sixers,DP Hughes,DT Christian,Mujeeb Ur Rahman,0,0,,,,,,"",""
ball,2,10.3,Sydney Sixers,DP Hughes,DT Christian,Mujeeb Ur Rahman,1,0,,,,,,"",""
ball,2,10.4,Sydney Sixers,DT Christian,DP Hughes,Mujeeb Ur Rahman,0,0,,,,,,"",""
ball,2,10.5,Sydney Sixers,DT Christian,DP Hughes,Mujeeb Ur Rahman,0,0,,,,,,"",""
ball,2,10.6,Sydney Sixers,DT Christian,DP Hughes,Mujeeb Ur Rahman,0,0,,,,,,"",""
ball,2,11.1,Sydney Sixers,DP Hughes,DT Christian,MT Steketee,1,0,,,,,,"",""
ball,2,11.2,Sydney Sixers,DT Christian,DP Hughes,MT Steketee,1,0,,,,,,"",""
ball,2,11.3,Sydney Sixers,DP Hughes,DT Christian,MT Steketee,1,0,,,,,,"",""
ball,2,11.4,Sydney Sixers,DT Christian,DP Hughes,MT Steketee,6,0,,,,,,"",""
ball,2,11.5,Sydney Sixers,DT Christian,DP Hughes,MT Steketee,0,0,,,,,,"",""
ball,2,11.6,Sydney Sixers,DT Christian,DP Hughes,MT Steketee,1,0,,,,,,"",""
ball,2,12.1,Sydney Sixers,DT Christian,DP Hughes,L Gregory,1,0,,,,,,"",""
ball,2,12.2,Sydney Sixers,DP Hughes,DT Christian,L Gregory,2,0,,,,,,"",""
ball,2,12.3,Sydney Sixers,DP Hughes,DT Christian,L Gregory,1,0,,,,,,"",""
ball,2,12.4,Sydney Sixers,DT Christian,DP Hughes,L Gregory,1,0,,,,,,"",""
ball,2,12.5,Sydney Sixers,DP Hughes,DT Christian,L Gregory,1,0,,,,,,"",""
ball,2,12.6,Sydney Sixers,DT Christian,DP Hughes,L Gregory,1,0,,,,,,"",""
ball,2,13.1,Sydney Sixers,DT Christian,DP Hughes,JJ Bazley,0,1,,,,1,,"",""
ball,2,13.2,Sydney Sixers,DP Hughes,DT Christian,JJ Bazley,2,0,,,,,,"",""
ball,2,13.3,Sydney Sixers,DP Hughes,DT Christian,JJ Bazley,2,0,,,,,,"",""
ball,2,13.4,Sydney Sixers,DP Hughes,DT Christian,JJ Bazley,1,0,,,,,,"",""
ball,2,13.5,Sydney Sixers,DT Christian,DP Hughes,JJ Bazley,0,1,1,,,,,"",""
ball,2,13.6,Sydney Sixers,DT Christian,DP Hughes,JJ Bazley,0,0,,,,,,"",""
ball,2,13.7,Sydney Sixers,DT Christian,DP Hughes,JJ Bazley,1,0,,,,,,"",""
ball,2,14.1,Sydney Sixers,DT Christian,DP Hughes,L Gregory,4,0,,,,,,"",""
ball,2,14.2,Sydney Sixers,DT Christian,DP Hughes,L Gregory,1,0,,,,,,"",""
ball,2,14.3,Sydney Sixers,DP Hughes,DT Christian,L Gregory,4,0,,,,,,"",""
ball,2,14.4,Sydney Sixers,DP Hughes,DT Christian,L Gregory,0,0,,,,,,"",""
ball,2,14.5,Sydney Sixers,DP Hughes,DT Christian,L Gregory,4,0,,,,,,"",""
ball,2,14.6,Sydney Sixers,DP Hughes,DT Christian,L Gregory,4,0,,,,,,"",""
ball,2,15.1,Sydney Sixers,DT Christian,DP Hughes,MT Steketee,6,0,,,,,,"",""
ball,2,15.2,Sydney Sixers,DT Christian,DP Hughes,MT Steketee,6,0,,,,,,"",""
ball,2,15.3,Sydney Sixers,DT Christian,DP Hughes,MT Steketee,1,0,,,,,,"",""
ball,2,15.4,Sydney Sixers,DP Hughes,DT Christian,MT Steketee,1,0,,,,,,"",""
ball,2,15.5,Sydney Sixers,DT Christian,DP Hughes,MT Steketee,6,0,,,,,,"",""
ball,2,15.6,Sydney Sixers,DT Christian,DP Hughes,MT Steketee,0,0,,,,,,"",""
ball,2,16.1,Sydney Sixers,DP Hughes,DT Christian,JJ Bazley,2,0,,,,,,"",""
ball,2,16.2,Sydney Sixers,DP Hughes,DT Christian,JJ Bazley,0,0,,,,,,"",""
ball,2,16.3,Sydney Sixers,DP Hughes,DT Christian,JJ Bazley,0,0,,,,,,caught,DP Hughes
ball,2,16.4,Sydney Sixers,DT Christian,CR Brathwaite,JJ Bazley,1,0,,,,,,"",""
ball,2,16.5,Sydney Sixers,CR Brathwaite,DT Christian,JJ Bazley,0,0,,,,,,"",""
ball,2,16.6,Sydney Sixers,CR Brathwaite,DT Christian,JJ Bazley,1,0,,,,,,"",""
ball,2,17.1,Sydney Sixers,CR Brathwaite,DT Christian,MT Steketee,1,0,,,,,,"",""
ball,2,17.2,Sydney Sixers,DT Christian,CR Brathwaite,MT Steketee,1,0,,,,,,"",""
ball,2,17.3,Sydney Sixers,CR Brathwaite,DT Christian,MT Steketee,0,0,,,,,,caught,CR Brathwaite
ball,2,17.4,Sydney Sixers,DT Christian,SNJ O'Keefe,MT Steketee,1,0,,,,,,"",""
ball,2,17.5,Sydney Sixers,SNJ O'Keefe,DT Christian,MT Steketee,0,1,1,,,,,"",""
ball,2,17.6,Sydney Sixers,SNJ O'Keefe,DT Christian,MT Steketee,0,0,,,,,,"",""
ball,2,17.7,Sydney Sixers,SNJ O'Keefe,DT Christian,MT Steketee,0,0,,,,,,"",""
ball,2,18.1,Sydney Sixers,DT Christian,SNJ O'Keefe,JJ Bazley,1,0,,,,,,"",""
ball,2,18.2,Sydney Sixers,SNJ O'Keefe,DT Christian,JJ Bazley,0,0,,,,,,"",""
ball,2,18.3,Sydney Sixers,SNJ O'Keefe,DT Christian,JJ Bazley,0,0,,,,,,caught,SNJ O'Keefe
ball,2,18.4,Sydney Sixers,DT Christian,JM Bird,JJ Bazley,0,0,,,,,,"",""
ball,2,18.5,Sydney Sixers,DT Christian,JM Bird,JJ Bazley,4,0,,,,,,"",""
ball,2,18.6,Sydney Sixers,DT Christian,JM Bird,JJ Bazley,1,0,,,,,,"",""
ball,2,19.1,Sydney Sixers,DT Christian,JM Bird,XC Bartlett,6,0,,,,,,"",""
ball,2,19.2,Sydney Sixers,DT Christian,JM Bird,XC Bartlett,0,0,,,,,,"",""
ball,2,19.3,Sydney Sixers,DT Christian,JM Bird,XC Bartlett,0,0,,,,,,"",""
ball,2,19.4,Sydney Sixers,DT Christian,JM Bird,XC Bartlett,2,0,,,,,,"",""
ball,2,19.5,Sydney Sixers,DT Christian,JM Bird,XC Bartlett,2,0,,,,,,"",""
ball,2,19.6,Sydney Sixers,DT Christian,JM Bird,XC Bartlett,4,0,,,,,,"",""
