version,1.6.0
info,balls_per_over,6
info,team,Perth Scorchers
info,team,Sydney Sixers
info,gender,male
info,season,2020/21
info,date,2021/01/16
info,event,Big Bash League
info,match_number,41
info,venue,Manuka Oval
info,city,Canberra
info,toss_winner,Perth Scorchers
info,toss_decision,bat
info,player_of_match,JR Philippe
info,umpire,GA Abood
info,umpire,AK Wilds
info,reserve_umpire,SA Lightbody
info,tv_umpire,GJ Davidson
info,match_referee,RW Stratford
info,winner,Sydney Sixers
info,winner_wickets,7
info,player,Perth Scorchers,JJ Roy
info,player,Perth Scorchers,LS Livingstone
info,player,Perth Scorchers,C Munro
info,player,Perth Scorchers,AJ Turner
info,player,Perth Scorchers,JP Inglis
info,player,Perth Scorchers,CT Bancroft
info,player,Perth Scorchers,AM Hardie
info,player,Perth Scorchers,JA Richardson
info,player,Perth Scorchers,AJ Tye
info,player,Perth Scorchers,JP Behrendorff
info,player,Perth Scorchers,Fawad Ahmed
info,player,Sydney Sixers,JR Philippe
info,player,Sydney Sixers,J Avendano
info,player,Sydney Sixers,JM Vince
info,player,Sydney Sixers,DP Hughes
info,player,Sydney Sixers,DT Christian
info,player,Sydney Sixers,JC Silk
info,player,Sydney Sixers,CR Brathwaite
info,player,Sydney Sixers,SNJ O'Keefe
info,player,Sydney Sixers,JM Bird
info,player,Sydney Sixers,JT Ball
info,player,Sydney Sixers,L Pope
info,registry,people,AJ Turner,ff1e12a0
info,registry,people,AJ Tye,7c7d63a2
info,registry,people,AK Wilds,de412f40
info,registry,people,AM Hardie,d405c0d5
info,registry,people,C Munro,af2c687b
info,registry,people,CR Brathwaite,e342e5fb
info,registry,people,CT Bancroft,399b0b94
info,registry,people,DP Hughes,f3982af9
info,registry,people,DT Christian,2a2e6343
info,registry,people,Fawad Ahmed,22ae3041
info,registry,people,GA Abood,a4af5528
info,registry,people,GJ Davidson,31ad5973
info,registry,people,J Avendano,0af4a90b
info,registry,people,JA Richardson,1ee08e9a
info,registry,people,JC Silk,7a6dc294
info,registry,people,JJ Roy,d1c36f5c
info,registry,people,JM Bird,bc773eeb
info,registry,people,JM Vince,a15618fe
info,registry,people,JP Behrendorff,4933f499
info,registry,people,JP Inglis,989889ff
info,registry,people,JR Philippe,39086549
info,registry,people,JT Ball,3d0ed2f9
info,registry,people,L Pope,616a8149
info,registry,people,LS Livingstone,50c6bc2b
info,registry,people,RW Stratford,85489579
info,registry,people,SA Lightbody,680b8cbf
info,registry,people,SNJ O'Keefe,3540beff
ball,1,0.1,Perth Scorchers,JJ Roy,LS Livingstone,JM Bird,0,0,,,,,,"",""
ball,1,0.2,Perth Scorchers,JJ Roy,LS Livingstone,JM Bird,0,0,,,,,,"",""
ball,1,0.3,Perth Scorchers,JJ Roy,LS Livingstone,JM Bird,1,0,,,,,,"",""
ball,1,0.4,Perth Scorchers,LS Livingstone,JJ Roy,JM Bird,0,0,,,,,,"",""
ball,1,0.5,Perth Scorchers,LS Livingstone,JJ Roy,JM Bird,1,0,,,,,,"",""
ball,1,0.6,Perth Scorchers,JJ Roy,LS Livingstone,JM Bird,4,0,,,,,,"",""
ball,1,1.1,Perth Scorchers,LS Livingstone,JJ Roy,SNJ O'Keefe,0,0,,,,,,"",""
ball,1,1.2,Perth Scorchers,LS Livingstone,JJ Roy,SNJ O'Keefe,0,0,,,,,,"",""
ball,1,1.3,Perth Scorchers,LS Livingstone,JJ Roy,SNJ O'Keefe,0,0,,,,,,"",""
ball,1,1.4,Perth Scorchers,LS Livingstone,JJ Roy,SNJ O'Keefe,1,0,,,,,,"",""
ball,1,1.5,Perth Scorchers,JJ Roy,LS Livingstone,SNJ O'Keefe,1,0,,,,,,"",""
ball,1,1.6,Perth Scorchers,LS Livingstone,JJ Roy,SNJ O'Keefe,1,0,,,,,,"",""
ball,1,2.1,Perth Scorchers,LS Livingstone,JJ Roy,JM Bird,0,0,,,,,,"",""
ball,1,2.2,Perth Scorchers,LS Livingstone,JJ Roy,JM Bird,6,0,,,,,,"",""
ball,1,2.3,Perth Scorchers,LS Livingstone,JJ Roy,JM Bird,4,0,,,,,,"",""
ball,1,2.4,Perth Scorchers,LS Livingstone,JJ Roy,JM Bird,2,0,,,,,,"",""
ball,1,2.5,Perth Scorchers,LS Livingstone,JJ Roy,JM Bird,1,0,,,,,,"",""
ball,1,2.6,Perth Scorchers,JJ Roy,LS Livingstone,JM Bird,4,0,,,,,,"",""
ball,1,3.1,Perth Scorchers,LS Livingstone,JJ Roy,SNJ O'Keefe,6,0,,,,,,"",""
ball,1,3.2,Perth Scorchers,LS Livingstone,JJ Roy,SNJ O'Keefe,0,1,1,,,,,"",""
ball,1,3.3,Perth Scorchers,LS Livingstone,JJ Roy,SNJ O'Keefe,6,0,,,,,,"",""
ball,1,3.4,Perth Scorchers,LS Livingstone,JJ Roy,SNJ O'Keefe,4,0,,,,,,"",""
ball,1,3.5,Perth Scorchers,LS Livingstone,JJ Roy,SNJ O'Keefe,0,0,,,,,,"",""
ball,1,3.6,Perth Scorchers,LS Livingstone,JJ Roy,SNJ O'Keefe,4,0,,,,,,"",""
ball,1,3.7,Perth Scorchers,LS Livingstone,JJ Roy,SNJ O'Keefe,6,0,,,,,,"",""
ball,1,4.1,Perth Scorchers,JJ Roy,LS Livingstone,L Pope,0,0,,,,,,"",""
ball,1,4.2,Perth Scorchers,JJ Roy,LS Livingstone,L Pope,4,0,,,,,,"",""
ball,1,4.3,Perth Scorchers,JJ Roy,LS Livingstone,L Pope,0,0,,,,,,"",""
ball,1,4.4,Perth Scorchers,JJ Roy,LS Livingstone,L Pope,4,0,,,,,,"",""
ball,1,4.5,Perth Scorchers,JJ Roy,LS Livingstone,L Pope,0,0,,,,,,"",""
ball,1,4.6,Perth Scorchers,JJ Roy,LS Livingstone,L Pope,1,0,,,,,,"",""
ball,1,5.1,Perth Scorchers,JJ Roy,LS Livingstone,CR Brathwaite,1,0,,,,,,"",""
ball,1,5.2,Perth Scorchers,LS Livingstone,JJ Roy,CR Brathwaite,0,0,,,,,,"",""
ball,1,5.3,Perth Scorchers,LS Livingstone,JJ Roy,CR Brathwaite,0,0,,,,,,"",""
ball,1,5.4,Perth Scorchers,LS Livingstone,JJ Roy,CR Brathwaite,2,0,,,,,,"",""
ball,1,5.5,Perth Scorchers,LS Livingstone,JJ Roy,CR Brathwaite,1,0,,,,,,"",""
ball,1,5.6,Perth Scorchers,JJ Roy,LS Livingstone,CR Brathwaite,0,0,,,,,,"",""
ball,1,6.1,Perth Scorchers,LS Livingstone,JJ Roy,JT Ball,0,0,,,,,,"",""
ball,1,6.2,Perth Scorchers,LS Livingstone,JJ Roy,JT Ball,0,0,,,,,,"",""
ball,1,6.3,Perth Scorchers,LS Livingstone,JJ Roy,JT Ball,0,1,,,,1,,"",""
ball,1,6.4,Perth Scorchers,JJ Roy,LS Livingstone,JT Ball,1,0,,,,,,"",""
ball,1,6.5,Perth Scorchers,LS Livingstone,JJ Roy,JT Ball,6,0,,,,,,"",""
ball,1,6.6,Perth Scorchers,LS Livingstone,JJ Roy,JT Ball,2,0,,,,,,"",""
ball,1,7.1,Perth Scorchers,JJ Roy,LS Livingstone,DT Christian,0,0,,,,,,bowled,JJ Roy
ball,1,7.2,Perth Scorchers,C Munro,LS Livingstone,DT Christian,0,0,,,,,,"",""
ball,1,7.3,Perth Scorchers,C Munro,LS Livingstone,DT Christian,1,0,,,,,,"",""
ball,1,7.4,Perth Scorchers,LS Livingstone,C Munro,DT Christian,2,0,,,,,,"",""
ball,1,7.5,Perth Scorchers,LS Livingstone,C Munro,DT Christian,1,0,,,,,,"",""
ball,1,7.6,Perth Scorchers,C Munro,LS Livingstone,DT Christian,1,0,,,,,,"",""
ball,1,8.1,Perth Scorchers,C Munro,LS Livingstone,L Pope,0,4,4,,,,,"",""
ball,1,8.2,Perth Scorchers,LS Livingstone,C Munro,L Pope,1,0,,,,,,"",""
ball,1,8.3,Perth Scorchers,C Munro,LS Livingstone,L Pope,4,0,,,,,,"",""
ball,1,8.4,Perth Scorchers,C Munro,LS Livingstone,L Pope,1,0,,,,,,"",""
ball,1,8.5,Perth Scorchers,LS Livingstone,C Munro,L Pope,6,0,,,,,,"",""
ball,1,8.6,Perth Scorchers,LS Livingstone,C Munro,L Pope,0,0,,,,,,"",""
ball,1,8.7,Perth Scorchers,LS Livingstone,C Munro,L Pope,1,0,,,,,,"",""
ball,1,9.1,Perth Scorchers,LS Livingstone,C Munro,DT Christian,1,0,,,,,,"",""
ball,1,9.2,Perth Scorchers,C Munro,LS Livingstone,DT Christian,1,0,,,,,,"",""
ball,1,9.3,Perth Scorchers,LS Livingstone,C Munro,DT Christian,1,0,,,,,,"",""
ball,1,9.4,Perth Scorchers,C Munro,LS Livingstone,DT Christian,1,0,,,,,,"",""
ball,1,9.5,Perth Scorchers,LS Livingstone,C Munro,DT Christian,0,0,,,,,,"",""
ball,1,9.6,Perth Scorchers,LS Livingstone,C Munro,DT Christian,1,0,,,,,,"",""
ball,1,10.1,Perth Scorchers,LS Livingstone,C Munro,JT Ball,0,0,,,,,,caught,LS Livingstone
ball,1,10.2,Perth Scorchers,AJ Turner,C Munro,JT Ball,1,0,,,,,,"",""
ball,1,10.3,Perth Scorchers,C Munro,AJ Turner,JT Ball,1,0,,,,,,"",""
ball,1,10.4,Perth Scorchers,AJ Turner,C Munro,JT Ball,0,0,,,,,,"",""
ball,1,10.5,Perth Scorchers,AJ Turner,C Munro,JT Ball,0,1,1,,,,,"",""
ball,1,10.6,Perth Scorchers,AJ Turner,C Munro,JT Ball,0,0,,,,,,"",""
ball,1,10.7,Perth Scorchers,AJ Turner,C Munro,JT Ball,0,0,,,,,,caught,AJ Turner
ball,1,11.1,Perth Scorchers,JP Inglis,C Munro,DT Christian,0,0,,,,,,"",""
ball,1,11.2,Perth Scorchers,JP Inglis,C Munro,DT Christian,1,0,,,,,,"",""
ball,1,11.3,Perth Scorchers,C Munro,JP Inglis,DT Christian,4,0,,,,,,"",""
ball,1,11.4,Perth Scorchers,C Munro,JP Inglis,DT Christian,0,0,,,,,,"",""
ball,1,11.5,Perth Scorchers,C Munro,JP Inglis,DT Christian,1,0,,,,,,"",""
ball,1,11.6,Perth Scorchers,JP Inglis,C Munro,DT Christian,0,0,,,,,,"",""
ball,1,12.1,Perth Scorchers,C Munro,JP Inglis,SNJ O'Keefe,0,0,,,,,,"",""
ball,1,12.2,Perth Scorchers,C Munro,JP Inglis,SNJ O'Keefe,0,0,,,,,,"",""
ball,1,12.3,Perth Scorchers,C Munro,JP Inglis,SNJ O'Keefe,1,0,,,,,,"",""
ball,1,12.4,Perth Scorchers,JP Inglis,C Munro,SNJ O'Keefe,1,0,,,,,,"",""
ball,1,12.5,Perth Scorchers,C Munro,JP Inglis,SNJ O'Keefe,1,0,,,,,,"",""
ball,1,12.6,Perth Scorchers,JP Inglis,C Munro,SNJ O'Keefe,0,0,,,,,,caught,JP Inglis
ball,1,13.1,Perth Scorchers,C Munro,CT Bancroft,CR Brathwaite,1,0,,,,,,"",""
ball,1,13.2,Perth Scorchers,CT Bancroft,C Munro,CR Brathwaite,0,1,,,,1,,"",""
ball,1,13.3,Perth Scorchers,C Munro,CT Bancroft,CR Brathwaite,1,0,,,,,,"",""
ball,1,13.4,Perth Scorchers,CT Bancroft,C Munro,CR Brathwaite,0,1,1,,,,,"",""
ball,1,13.5,Perth Scorchers,CT Bancroft,C Munro,CR Brathwaite,1,0,,,,,,"",""
ball,1,13.6,Perth Scorchers,C Munro,CT Bancroft,CR Brathwaite,1,0,,,,,,"",""
ball,1,13.7,Perth Scorchers,CT Bancroft,C Munro,CR Brathwaite,0,0,,,,,,caught,CT Bancroft
ball,1,14.1,Perth Scorchers,C Munro,AM Hardie,SNJ O'Keefe,0,0,,,,,,"",""
ball,1,14.2,Perth Scorchers,C Munro,AM Hardie,SNJ O'Keefe,0,0,,,,,,"",""
ball,1,14.3,Perth Scorchers,C Munro,AM Hardie,SNJ O'Keefe,0,0,,,,,,"",""
ball,1,14.4,Perth Scorchers,C Munro,AM Hardie,SNJ O'Keefe,1,0,,,,,,"",""
ball,1,14.5,Perth Scorchers,AM Hardie,C Munro,SNJ O'Keefe,1,0,,,,,,"",""
ball,1,14.6,Perth Scorchers,C Munro,AM Hardie,SNJ O'Keefe,1,0,,,,,,"",""
ball,1,15.1,Perth Scorchers,C Munro,AM Hardie,JM Bird,0,0,,,,,,"",""
ball,1,15.2,Perth Scorchers,C Munro,AM Hardie,JM Bird,2,0,,,,,,"",""
ball,1,15.3,Perth Scorchers,C Munro,AM Hardie,JM Bird,0,0,,,,,,"",""
ball,1,15.4,Perth Scorchers,C Munro,AM Hardie,JM Bird,4,0,,,,,,"",""
ball,1,15.5,Perth Scorchers,C Munro,AM Hardie,JM Bird,1,0,,,,,,"",""
ball,1,15.6,Perth Scorchers,AM Hardie,C Munro,JM Bird,1,0,,,,,,"",""
ball,1,16.1,Perth Scorchers,AM Hardie,C Munro,JT Ball,1,0,,,,,,"",""
ball,1,16.2,Perth Scorchers,C Munro,AM Hardie,JT Ball,1,0,,,,,,"",""
ball,1,16.3,Perth Scorchers,AM Hardie,C Munro,JT Ball,2,0,,,,,,"",""
ball,1,16.4,Perth Scorchers,AM Hardie,C Munro,JT Ball,1,0,,,,,,"",""
ball,1,16.5,Perth Scorchers,C Munro,AM Hardie,JT Ball,4,0,,,,,,"",""
ball,1,16.6,Perth Scorchers,C Munro,AM Hardie,JT Ball,0,0,,,,,,"",""
ball,1,17.1,Perth Scorchers,AM Hardie,C Munro,CR Brathwaite,1,0,,,,,,"",""
ball,1,17.2,Perth Scorchers,C Munro,AM Hardie,CR Brathwaite,0,0,,,,,,caught,C Munro
ball,1,17.3,Perth Scorchers,AM Hardie,JA Richardson,CR Brathwaite,0,0,,,,,,"",""
ball,1,17.4,Perth Scorchers,AM Hardie,JA Richardson,CR Brathwaite,1,0,,,,,,"",""
ball,1,17.5,Perth Scorchers,JA Richardson,AM Hardie,CR Brathwaite,0,0,,,,,,"",""
ball,1,17.6,Perth Scorchers,JA Richardson,AM Hardie,CR Brathwaite,1,0,,,,,,"",""
ball,1,18.1,Perth Scorchers,JA Richardson,AM Hardie,DT Christian,1,0,,,,,,"",""
ball,1,18.2,Perth Scorchers,AM Hardie,JA Richardson,DT Christian,4,0,,,,,,"",""
ball,1,18.3,Perth Scorchers,AM Hardie,JA Richardson,DT Christian,0,0,,,,,,"",""
ball,1,18.4,Perth Scorchers,AM Hardie,JA Richardson,DT Christian,0,0,,,,,,"",""
ball,1,18.5,Perth Scorchers,AM Hardie,JA Richardson,DT Christian,0,0,,,,,,caught,AM Hardie
ball,1,18.6,Perth Scorchers,JA Richardson,AJ Tye,DT Christian,1,0,,,,,,"",""
ball,1,19.1,Perth Scorchers,JA Richardson,AJ Tye,JT Ball,0,1,1,,,,,"",""
ball,1,19.2,Perth Scorchers,JA Richardson,AJ Tye,JT Ball,1,0,,,,,,"",""
ball,1,19.3,Perth Scorchers,AJ Tye,JA Richardson,JT Ball,2,0,,,,,,"",""
ball,1,19.4,Perth Scorchers,AJ Tye,JA Richardson,JT Ball,6,0,,,,,,"",""
ball,1,19.5,Perth Scorchers,AJ Tye,JA Richardson,JT Ball,0,0,,,,,,"",""
ball,1,19.6,Perth Scorchers,AJ Tye,JA Richardson,JT Ball,0,1,,,,1,,"",""
ball,1,19.7,Perth Scorchers,JA Richardson,AJ Tye,JT Ball,2,0,,,,,,"",""
ball,2,0.1,Sydney Sixers,JR Philippe,J Avendano,JA Richardson,0,0,,,,,,"",""
ball,2,0.2,Sydney Sixers,JR Philippe,J Avendano,JA Richardson,4,0,,,,,,"",""
ball,2,0.3,Sydney Sixers,JR Philippe,J Avendano,JA Richardson,2,0,,,,,,"",""
ball,2,0.4,Sydney Sixers,JR Philippe,J Avendano,JA Richardson,1,0,,,,,,"",""
ball,2,0.5,Sydney Sixers,J Avendano,JR Philippe,JA Richardson,4,0,,,,,,"",""
ball,2,0.6,Sydney Sixers,J Avendano,JR Philippe,JA Richardson,0,0,,,,,,"",""
ball,2,1.1,Sydney Sixers,JR Philippe,J Avendano,JP Behrendorff,0,0,,,,,,"",""
ball,2,1.2,Sydney Sixers,JR Philippe,J Avendano,JP Behrendorff,0,0,,,,,,"",""
ball,2,1.3,Sydney Sixers,JR Philippe,J Avendano,JP Behrendorff,1,0,,,,,,"",""
ball,2,1.4,Sydney Sixers,J Avendano,JR Philippe,JP Behrendorff,0,0,,,,,,"",""
ball,2,1.5,Sydney Sixers,J Avendano,JR Philippe,JP Behrendorff,0,0,,,,,,"",""
ball,2,1.6,Sydney Sixers,J Avendano,JR Philippe,JP Behrendorff,0,0,,,,,,"",""
ball,2,2.1,Sydney Sixers,JR Philippe,J Avendano,AJ Tye,3,0,,,,,,"",""
ball,2,2.2,Sydney Sixers,J Avendano,JR Philippe,AJ Tye,1,0,,,,,,"",""
ball,2,2.3,Sydney Sixers,JR Philippe,J Avendano,AJ Tye,4,0,,,,,,"",""
ball,2,2.4,Sydney Sixers,JR Philippe,J Avendano,AJ Tye,4,0,,,,,,"",""
ball,2,2.5,Sydney Sixers,JR Philippe,J Avendano,AJ Tye,4,0,,,,,,"",""
ball,2,2.6,Sydney Sixers,JR Philippe,J Avendano,AJ Tye,1,0,,,,,,"",""
ball,2,3.1,Sydney Sixers,JR Philippe,J Avendano,JP Behrendorff,1,0,,,,,,"",""
ball,2,3.2,Sydney Sixers,J Avendano,JR Philippe,JP Behrendorff,0,0,,,,,,"",""
ball,2,3.3,Sydney Sixers,J Avendano,JR Philippe,JP Behrendorff,1,0,,,,,,"",""
ball,2,3.4,Sydney Sixers,JR Philippe,J Avendano,JP Behrendorff,4,0,,,,,,"",""
ball,2,3.5,Sydney Sixers,JR Philippe,J Avendano,JP Behrendorff,0,0,,,,,,"",""
ball,2,3.6,Sydney Sixers,JR Philippe,J Avendano,JP Behrendorff,1,0,,,,,,"",""
ball,2,4.1,Sydney Sixers,JR Philippe,J Avendano,AM Hardie,1,0,,,,,,"",""
ball,2,4.2,Sydney Sixers,J Avendano,JR Philippe,AM Hardie,0,0,,,,,,"",""
ball,2,4.3,Sydney Sixers,J Avendano,JR Philippe,AM Hardie,0,0,,,,,,"",""
ball,2,4.4,Sydney Sixers,J Avendano,JR Philippe,AM Hardie,1,0,,,,,,"",""
ball,2,4.5,Sydney Sixers,JR Philippe,J Avendano,AM Hardie,1,0,,,,,,"",""
ball,2,4.6,Sydney Sixers,J Avendano,JR Philippe,AM Hardie,1,0,,,,,,"",""
ball,2,5.1,Sydney Sixers,J Avendano,JR Philippe,JP Behrendorff,0,0,,,,,,caught,J Avendano
ball,2,5.2,Sydney Sixers,JR Philippe,JM Vince,JP Behrendorff,1,0,,,,,,"",""
ball,2,5.3,Sydney Sixers,JM Vince,JR Philippe,JP Behrendorff,0,0,,,,,,"",""
ball,2,5.4,Sydney Sixers,JM Vince,JR Philippe,JP Behrendorff,0,0,,,,,,"",""
ball,2,5.5,Sydney Sixers,JM Vince,JR Philippe,JP Behrendorff,0,0,,,,,,"",""
ball,2,5.6,Sydney Sixers,JM Vince,JR Philippe,JP Behrendorff,1,0,,,,,,"",""
ball,2,6.1,Sydney Sixers,JM Vince,JR Philippe,Fawad Ahmed,0,0,,,,,,"",""
ball,2,6.2,Sydney Sixers,JM Vince,JR Philippe,Fawad Ahmed,0,0,,,,,,"",""
ball,2,6.3,Sydney Sixers,JM Vince,JR Philippe,Fawad Ahmed,1,0,,,,,,"",""
ball,2,6.4,Sydney Sixers,JR Philippe,JM Vince,Fawad Ahmed,1,0,,,,,,"",""
ball,2,6.5,Sydney Sixers,JM Vince,JR Philippe,Fawad Ahmed,1,0,,,,,,"",""
ball,2,6.6,Sydney Sixers,JR Philippe,JM Vince,Fawad Ahmed,1,0,,,,,,"",""
ball,2,7.1,Sydney Sixers,JR Philippe,JM Vince,AM Hardie,1,0,,,,,,"",""
ball,2,7.2,Sydney Sixers,JM Vince,JR Philippe,AM Hardie,1,0,,,,,,"",""
ball,2,7.3,Sydney Sixers,JR Philippe,JM Vince,AM Hardie,1,0,,,,,,"",""
ball,2,7.4,Sydney Sixers,JM Vince,JR Philippe,AM Hardie,1,0,,,,,,"",""
ball,2,7.5,Sydney Sixers,JR Philippe,JM Vince,AM Hardie,2,0,,,,,,"",""
ball,2,7.6,Sydney Sixers,JR Philippe,JM Vince,AM Hardie,0,0,,,,,,"",""
ball,2,8.1,Sydney Sixers,JM Vince,JR Philippe,Fawad Ahmed,1,0,,,,,,"",""
ball,2,8.2,Sydney Sixers,JR Philippe,JM Vince,Fawad Ahmed,2,0,,,,,,"",""
ball,2,8.3,Sydney Sixers,JR Philippe,JM Vince,Fawad Ahmed,1,0,,,,,,"",""
ball,2,8.4,Sydney Sixers,JM Vince,JR Philippe,Fawad Ahmed,4,0,,,,,,"",""
ball,2,8.5,Sydney Sixers,JM Vince,JR Philippe,Fawad Ahmed,1,0,,,,,,"",""
ball,2,8.6,Sydney Sixers,JR Philippe,JM Vince,Fawad Ahmed,1,0,,,,,,"",""
ball,2,9.1,Sydney Sixers,JR Philippe,JM Vince,AJ Tye,2,0,,,,,,"",""
ball,2,9.2,Sydney Sixers,JR Philippe,JM Vince,AJ Tye,4,0,,,,,,"",""
ball,2,9.3,Sydney Sixers,JR Philippe,JM Vince,AJ Tye,1,0,,,,,,"",""
ball,2,9.4,Sydney Sixers,JM Vince,JR Philippe,AJ Tye,1,0,,,,,,"",""
ball,2,9.5,Sydney Sixers,JR Philippe,JM Vince,AJ Tye,1,0,,,,,,"",""
ball,2,9.6,Sydney Sixers,JM Vince,JR Philippe,AJ Tye,1,0,,,,,,"",""
ball,2,10.1,Sydney Sixers,JM Vince,JR Philippe,JP Behrendorff,1,0,,,,,,"",""
ball,2,10.2,Sydney Sixers,JR Philippe,JM Vince,JP Behrendorff,1,0,,,,,,"",""
ball,2,10.3,Sydney Sixers,JM Vince,JR Philippe,JP Behrendorff,1,0,,,,,,"",""
ball,2,10.4,Sydney Sixers,JR Philippe,JM Vince,JP Behrendorff,0,0,,,,,,"",""
ball,2,10.5,Sydney Sixers,JR Philippe,JM Vince,JP Behrendorff,0,1,1,,,,,"",""
ball,2,10.6,Sydney Sixers,JR Philippe,JM Vince,JP Behrendorff,1,0,,,,,,"",""
ball,2,10.7,Sydney Sixers,JM Vince,JR Philippe,JP Behrendorff,4,0,,,,,,"",""
ball,2,11.1,Sydney Sixers,JR Philippe,JM Vince,AM Hardie,6,0,,,,,,"",""
ball,2,11.2,Sydney Sixers,JR Philippe,JM Vince,AM Hardie,1,0,,,,,,"",""
ball,2,11.3,Sydney Sixers,JM Vince,JR Philippe,AM Hardie,1,0,,,,,,"",""
ball,2,11.4,Sydney Sixers,JR Philippe,JM Vince,AM Hardie,4,0,,,,,,"",""
ball,2,11.5,Sydney Sixers,JR Philippe,JM Vince,AM Hardie,1,0,,,,,,"",""
ball,2,11.6,Sydney Sixers,JM Vince,JR Philippe,AM Hardie,1,0,,,,,,"",""
ball,2,12.1,Sydney Sixers,JM Vince,JR Philippe,JA Richardson,1,0,,,,,,"",""
ball,2,12.2,Sydney Sixers,JR Philippe,JM Vince,JA Richardson,1,0,,,,,,"",""
ball,2,12.3,Sydney Sixers,JM Vince,JR Philippe,JA Richardson,1,0,,,,,,"",""
ball,2,12.4,Sydney Sixers,JR Philippe,JM Vince,JA Richardson,0,1,,,,1,,"",""
ball,2,12.5,Sydney Sixers,JM Vince,JR Philippe,JA Richardson,4,0,,,,,,"",""
ball,2,12.6,Sydney Sixers,JM Vince,JR Philippe,JA Richardson,2,0,,,,,,"",""
ball,2,13.1,Sydney Sixers,JR Philippe,JM Vince,Fawad Ahmed,0,0,,,,,,"",""
ball,2,13.2,Sydney Sixers,JR Philippe,JM Vince,Fawad Ahmed,4,0,,,,,,"",""
ball,2,13.3,Sydney Sixers,JR Philippe,JM Vince,Fawad Ahmed,2,0,,,,,,"",""
ball,2,13.4,Sydney Sixers,JR Philippe,JM Vince,Fawad Ahmed,4,0,,,,,,"",""
ball,2,13.5,Sydney Sixers,JR Philippe,JM Vince,Fawad Ahmed,1,0,,,,,,"",""
ball,2,13.6,Sydney Sixers,JM Vince,JR Philippe,Fawad Ahmed,2,0,,,,,,"",""
ball,2,14.1,Sydney Sixers,JR Philippe,JM Vince,AM Hardie,1,0,,,,,,"",""
ball,2,14.2,Sydney Sixers,JM Vince,JR Philippe,AM Hardie,6,0,,,,,,"",""
ball,2,14.3,Sydney Sixers,JM Vince,JR Philippe,AM Hardie,0,0,,,,,,"",""
ball,2,14.4,Sydney Sixers,JM Vince,JR Philippe,AM Hardie,4,0,,,,,,"",""
ball,2,14.5,Sydney Sixers,JM Vince,JR Philippe,AM Hardie,1,0,,,,,,"",""
ball,2,14.6,Sydney Sixers,JR Philippe,JM Vince,AM Hardie,1,0,,,,,,"",""
ball,2,15.1,Sydney Sixers,JR Philippe,JM Vince,AJ Tye,4,0,,,,,,"",""
ball,2,15.2,Sydney Sixers,JR Philippe,JM Vince,AJ Tye,1,0,,,,,,"",""
ball,2,15.3,Sydney Sixers,JM Vince,JR Philippe,AJ Tye,4,0,,,,,,"",""
ball,2,15.4,Sydney Sixers,JM Vince,JR Philippe,AJ Tye,2,0,,,,,,"",""
ball,2,15.5,Sydney Sixers,JM Vince,JR Philippe,AJ Tye,2,0,,,,,,"",""
ball,2,15.6,Sydney Sixers,JM Vince,JR Philippe,AJ Tye,1,0,,,,,,"",""
ball,2,16.1,Sydney Sixers,JM Vince,JR Philippe,JA Richardson,1,0,,,,,,"",""
ball,2,16.2,Sydney Sixers,JR Philippe,JM Vince,JA Richardson,0,0,,,,,,"",""
ball,2,16.3,Sydney Sixers,JR Philippe,JM Vince,JA Richardson,0,0,,,,,,bowled,JR Philippe
ball,2,16.4,Sydney Sixers,DP Hughes,JM Vince,JA Richardson,0,0,,,,,,"",""
ball,2,16.5,Sydney Sixers,DP Hughes,JM Vince,JA Richardson,2,0,,,,,,"",""
ball,2,16.6,Sydney Sixers,DP Hughes,JM Vince,JA Richardson,0,0,,,,,,"",""
ball,2,17.1,Sydney Sixers,JM Vince,DP Hughes,Fawad Ahmed,0,0,,,,,,bowled,JM Vince
ball,2,17.2,Sydney Sixers,DT Christian,DP Hughes,Fawad Ahmed,0,0,,,,,,"",""
ball,2,17.3,Sydney Sixers,DT Christian,DP Hughes,Fawad Ahmed,1,0,,,,,,"",""
ball,2,17.4,Sydney Sixers,DP Hughes,DT Christian,Fawad Ahmed,1,0,,,,,,"",""
ball,2,17.5,Sydney Sixers,DT Christian,DP Hughes,Fawad Ahmed,4,0,,,,,,"",""
ball,2,17.6,Sydney Sixers,DT Christian,DP Hughes,Fawad Ahmed,2,0,,,,,,"",""
ball,2,18.1,Sydney Sixers,DP Hughes,DT Christian,JA Richardson,4,0,,,,,,"",""
ball,2,18.2,Sydney Sixers,DP Hughes,DT Christian,JA Richardson,0,0,,,,,,"",""
ball,2,18.3,Sydney Sixers,DP Hughes,DT Christian,JA Richardson,2,0,,,,,,"",""
ball,2,18.4,Sydney Sixers,DP Hughes,DT Christian,JA Richardson,0,0,,,,,,"",""
ball,2,18.5,Sydney Sixers,DP Hughes,DT Christian,JA Richardson,2,0,,,,,,"",""
