version,1.7.0
info,balls_per_over,6
info,team,Sydney Thunder
info,team,Melbourne Renegades
info,gender,male
info,season,2021/22
info,date,2022/01/19
info,event,Big Bash League
info,match_number,55
info,venue,Melbourne Cricket Ground
info,city,Melbourne
info,toss_winner,Melbourne Renegades
info,toss_decision,field
info,player_of_match,CJ Boyce
info,umpire,SA Lightbody
info,umpire,AK Wilds
info,reserve_umpire,C Grant
info,tv_umpire,SAJ Craig
info,match_referee,SJ Davis
info,winner,Sydney Thunder
info,winner_runs,1
info,player,Sydney Thunder,AD Hales
info,player,Sydney Thunder,UT Khawaja
info,player,Sydney Thunder,JJS Sangha
info,player,Sydney Thunder,AI Ross
info,player,Sydney Thunder,DR Sams
info,player,Sydney Thunder,M Gilkes
info,player,Sydney Thunder,BCJ Cutting
info,player,Sydney Thunder,N McAndrew
info,player,Sydney Thunder,CJ Green
info,player,Sydney Thunder,GS Sandhu
info,player,Sydney Thunder,T Sangha
info,player,Melbourne Renegades,J Seymour
info,player,Melbourne Renegades,AJ Finch
info,player,Melbourne Renegades,SE Marsh
info,player,Melbourne Renegades,UBT Chand
info,player,Melbourne Renegades,J Merlo
info,player,Melbourne Renegades,SB Harper
info,player,Melbourne Renegades,W Sutherland
info,player,Melbourne Renegades,CJ Boyce
info,player,Melbourne Renegades,Z Evans
info,player,Melbourne Renegades,JK Lalor
info,player,Melbourne Renegades,Zahir Khan
info,registry,people,AD Hales,92aeac25
info,registry,people,AI Ross,fb0d68b4
info,registry,people,AJ Finch,b8d490fd
info,registry,people,AK Wilds,de412f40
info,registry,people,BCJ Cutting,2e11c706
info,registry,people,C Grant,876ed858
info,registry,people,CJ Boyce,51a60c16
info,registry,people,CJ Green,19b9f399
info,registry,people,DR Sams,caf69bf7
info,registry,people,GS Sandhu,1558d83b
info,registry,people,J Merlo,02ba80a0
info,registry,people,J Seymour,cb54a1d6
info,registry,people,JJS Sangha,8e3cb0e9
info,registry,people,JK Lalor,88209c84
info,registry,people,M Gilkes,d85b0f8b
info,registry,people,N McAndrew,38c276e1
info,registry,people,SA Lightbody,680b8cbf
info,registry,people,SAJ Craig,689f2eed
info,registry,people,SB Harper,a756e61a
info,registry,people,SE Marsh,508a1ea7
info,registry,people,SJ Davis,bc71b0b2
info,registry,people,T Sangha,52c952d9
info,registry,people,UBT Chand,0c94f480
info,registry,people,UT Khawaja,331ea488
info,registry,people,W Sutherland,bc2d4f2e
info,registry,people,Z Evans,8528effb
info,registry,people,Zahir Khan,786b7fe8
ball,1,0.1,Sydney Thunder,AD Hales,UT Khawaja,JK Lalor,0,0,,,,,,"",""
ball,1,0.2,Sydney Thunder,AD Hales,UT Khawaja,JK Lalor,1,0,,,,,,"",""
ball,1,0.3,Sydney Thunder,UT Khawaja,AD Hales,JK Lalor,0,0,,,,,,"",""
ball,1,0.4,Sydney Thunder,UT Khawaja,AD Hales,JK Lalor,1,0,,,,,,"",""
ball,1,0.5,Sydney Thunder,AD Hales,UT Khawaja,JK Lalor,4,0,,,,,,"",""
ball,1,0.6,Sydney Thunder,AD Hales,UT Khawaja,JK Lalor,4,0,,,,,,"",""
ball,1,1.1,Sydney Thunder,UT Khawaja,AD Hales,Z Evans,1,0,,,,,,"",""
ball,1,1.2,Sydney Thunder,AD Hales,UT Khawaja,Z Evans,6,0,,,,,,"",""
ball,1,1.3,Sydney Thunder,AD Hales,UT Khawaja,Z Evans,2,0,,,,,,"",""
ball,1,1.4,Sydney Thunder,AD Hales,UT Khawaja,Z Evans,0,0,,,,,,"",""
ball,1,1.5,Sydney Thunder,AD Hales,UT Khawaja,Z Evans,0,1,1,,,,,"",""
ball,1,1.6,Sydney Thunder,AD Hales,UT Khawaja,Z Evans,0,0,,,,,,"",""
ball,1,1.7,Sydney Thunder,AD Hales,UT Khawaja,Z Evans,4,0,,,,,,"",""
ball,1,2.1,Sydney Thunder,UT Khawaja,AD Hales,W Sutherland,4,0,,,,,,"",""
ball,1,2.2,Sydney Thunder,UT Khawaja,AD Hales,W Sutherland,1,0,,,,,,"",""
ball,1,2.3,Sydney Thunder,AD Hales,UT Khawaja,W Sutherland,1,0,,,,,,"",""
ball,1,2.4,Sydney Thunder,UT Khawaja,AD Hales,W Sutherland,4,0,,,,,,"",""
ball,1,2.5,Sydney Thunder,UT Khawaja,AD Hales,W Sutherland,1,0,,,,,,"",""
ball,1,2.6,Sydney Thunder,AD Hales,UT Khawaja,W Sutherland,4,0,,,,,,"",""
ball,1,3.1,Sydney Thunder,UT Khawaja,AD Hales,JK Lalor,6,0,,,,,,"",""
ball,1,3.2,Sydney Thunder,UT Khawaja,AD Hales,JK Lalor,1,0,,,,,,"",""
ball,1,3.3,Sydney Thunder,AD Hales,UT Khawaja,JK Lalor,0,0,,,,,,"",""
ball,1,3.4,Sydney Thunder,AD Hales,UT Khawaja,JK Lalor,4,0,,,,,,"",""
ball,1,3.5,Sydney Thunder,AD Hales,UT Khawaja,JK Lalor,0,0,,,,,,"",""
ball,1,3.6,Sydney Thunder,AD Hales,UT Khawaja,JK Lalor,4,0,,,,,,"",""
ball,1,4.1,Sydney Thunder,UT Khawaja,AD Hales,Zahir Khan,2,0,,,,,,"",""
ball,1,4.2,Sydney Thunder,UT Khawaja,AD Hales,Zahir Khan,1,0,,,,,,"",""
ball,1,4.3,Sydney Thunder,AD Hales,UT Khawaja,Zahir Khan,1,0,,,,,,"",""
ball,1,4.4,Sydney Thunder,UT Khawaja,AD Hales,Zahir Khan,0,0,,,,,,"",""
ball,1,4.5,Sydney Thunder,UT Khawaja,AD Hales,Zahir Khan,1,0,,,,,,"",""
ball,1,4.6,Sydney Thunder,AD Hales,UT Khawaja,Zahir Khan,0,0,,,,,,"",""
ball,1,5.1,Sydney Thunder,UT Khawaja,AD Hales,W Sutherland,4,0,,,,,,"",""
ball,1,5.2,Sydney Thunder,UT Khawaja,AD Hales,W Sutherland,2,0,,,,,,"",""
ball,1,5.3,Sydney Thunder,UT Khawaja,AD Hales,W Sutherland,1,0,,,,,,"",""
ball,1,5.4,Sydney Thunder,AD Hales,UT Khawaja,W Sutherland,0,1,1,,,,,"",""
ball,1,5.5,Sydney Thunder,AD Hales,UT Khawaja,W Sutherland,4,0,,,,,,"",""
ball,1,5.6,Sydney Thunder,AD Hales,UT Khawaja,W Sutherland,2,0,,,,,,"",""
ball,1,5.7,Sydney Thunder,AD Hales,UT Khawaja,W Sutherland,2,0,,,,,,"",""
ball,1,6.1,Sydney Thunder,UT Khawaja,AD Hales,CJ Boyce,1,0,,,,,,"",""
ball,1,6.2,Sydney Thunder,AD Hales,UT Khawaja,CJ Boyce,1,0,,,,,,"",""
ball,1,6.3,Sydney Thunder,UT Khawaja,AD Hales,CJ Boyce,2,0,,,,,,"",""
ball,1,6.4,Sydney Thunder,UT Khawaja,AD Hales,CJ Boyce,0,0,,,,,,"",""
ball,1,6.5,Sydney Thunder,UT Khawaja,AD Hales,CJ Boyce,1,0,,,,,,"",""
ball,1,6.6,Sydney Thunder,AD Hales,UT Khawaja,CJ Boyce,0,0,,,,,,caught,AD Hales
ball,1,7.1,Sydney Thunder,JJS Sangha,UT Khawaja,J Merlo,1,0,,,,,,"",""
ball,1,7.2,Sydney Thunder,UT Khawaja,JJS Sangha,J Merlo,1,0,,,,,,"",""
ball,1,7.3,Sydney Thunder,JJS Sangha,UT Khawaja,J Merlo,0,0,,,,,,"",""
ball,1,7.4,Sydney Thunder,JJS Sangha,UT Khawaja,J Merlo,0,0,,,,,,"",""
ball,1,7.5,Sydney Thunder,JJS Sangha,UT Khawaja,J Merlo,1,0,,,,,,"",""
ball,1,7.6,Sydney Thunder,UT Khawaja,JJS Sangha,J Merlo,2,0,,,,,,"",""
ball,1,8.1,Sydney Thunder,JJS Sangha,UT Khawaja,CJ Boyce,0,0,,,,,,stumped,JJS Sangha
ball,1,8.2,Sydney Thunder,AI Ross,UT Khawaja,CJ Boyce,0,0,,,,,,lbw,AI Ross
ball,1,8.3,Sydney Thunder,DR Sams,UT Khawaja,CJ Boyce,0,0,,,,,,lbw,DR Sams
ball,1,8.4,Sydney Thunder,M Gilkes,UT Khawaja,CJ Boyce,1,0,,,,,,"",""
ball,1,8.5,Sydney Thunder,UT Khawaja,M Gilkes,CJ Boyce,0,0,,,,,,"",""
ball,1,8.6,Sydney Thunder,UT Khawaja,M Gilkes,CJ Boyce,1,0,,,,,,"",""
ball,1,9.1,Sydney Thunder,UT Khawaja,M Gilkes,Zahir Khan,0,0,,,,,,"",""
ball,1,9.2,Sydney Thunder,UT Khawaja,M Gilkes,Zahir Khan,1,0,,,,,,"",""
ball,1,9.3,Sydney Thunder,M Gilkes,UT Khawaja,Zahir Khan,0,0,,,,,,"",""
ball,1,9.4,Sydney Thunder,M Gilkes,UT Khawaja,Zahir Khan,0,0,,,,,,"",""
ball,1,9.5,Sydney Thunder,M Gilkes,UT Khawaja,Zahir Khan,1,0,,,,,,"",""
ball,1,9.6,Sydney Thunder,UT Khawaja,M Gilkes,Zahir Khan,4,0,,,,,,"",""
ball,1,10.1,Sydney Thunder,M Gilkes,UT Khawaja,CJ Boyce,0,0,,,,,,caught,M Gilkes
ball,1,10.2,Sydney Thunder,BCJ Cutting,UT Khawaja,CJ Boyce,0,0,,,,,,"",""
ball,1,10.3,Sydney Thunder,BCJ Cutting,UT Khawaja,CJ Boyce,6,0,,,,,,"",""
ball,1,10.4,Sydney Thunder,BCJ Cutting,UT Khawaja,CJ Boyce,1,0,,,,,,"",""
ball,1,10.5,Sydney Thunder,UT Khawaja,BCJ Cutting,CJ Boyce,0,0,,,,,,"",""
ball,1,10.6,Sydney Thunder,UT Khawaja,BCJ Cutting,CJ Boyce,1,0,,,,,,"",""
ball,1,11.1,Sydney Thunder,UT Khawaja,BCJ Cutting,J Seymour,1,0,,,,,,"",""
ball,1,11.2,Sydney Thunder,BCJ Cutting,UT Khawaja,J Seymour,0,0,,,,,,"",""
ball,1,11.3,Sydney Thunder,BCJ Cutting,UT Khawaja,J Seymour,1,0,,,,,,"",""
ball,1,11.4,Sydney Thunder,UT Khawaja,BCJ Cutting,J Seymour,1,0,,,,,,"",""
ball,1,11.5,Sydney Thunder,BCJ Cutting,UT Khawaja,J Seymour,2,0,,,,,,"",""
ball,1,11.6,Sydney Thunder,BCJ Cutting,UT Khawaja,J Seymour,1,0,,,,,,"",""
ball,1,12.1,Sydney Thunder,BCJ Cutting,UT Khawaja,Zahir Khan,1,0,,,,,,"",""
ball,1,12.2,Sydney Thunder,UT Khawaja,BCJ Cutting,Zahir Khan,1,0,,,,,,"",""
ball,1,12.3,Sydney Thunder,BCJ Cutting,UT Khawaja,Zahir Khan,0,0,,,,,,"",""
ball,1,12.4,Sydney Thunder,BCJ Cutting,UT Khawaja,Zahir Khan,0,0,,,,,,"",""
ball,1,12.5,Sydney Thunder,BCJ Cutting,UT Khawaja,Zahir Khan,0,1,1,,,,,"",""
ball,1,12.6,Sydney Thunder,BCJ Cutting,UT Khawaja,Zahir Khan,0,0,,,,,,"",""
ball,1,12.7,Sydney Thunder,BCJ Cutting,UT Khawaja,Zahir Khan,0,0,,,,,,"",""
ball,1,13.1,Sydney Thunder,UT Khawaja,BCJ Cutting,AJ Finch,2,0,,,,,,"",""
ball,1,13.2,Sydney Thunder,UT Khawaja,BCJ Cutting,AJ Finch,1,0,,,,,,"",""
ball,1,13.3,Sydney Thunder,BCJ Cutting,UT Khawaja,AJ Finch,1,0,,,,,,"",""
ball,1,13.4,Sydney Thunder,UT Khawaja,BCJ Cutting,AJ Finch,4,0,,,,,,"",""
ball,1,13.5,Sydney Thunder,UT Khawaja,BCJ Cutting,AJ Finch,1,0,,,,,,"",""
ball,1,13.6,Sydney Thunder,BCJ Cutting,UT Khawaja,AJ Finch,1,0,,,,,,"",""
ball,1,14.1,Sydney Thunder,BCJ Cutting,UT Khawaja,Zahir Khan,0,0,,,,,,"",""
ball,1,14.2,Sydney Thunder,BCJ Cutting,UT Khawaja,Zahir Khan,1,0,,,,,,"",""
ball,1,14.3,Sydney Thunder,UT Khawaja,BCJ Cutting,Zahir Khan,0,0,,,,,,"",""
ball,1,14.4,Sydney Thunder,UT Khawaja,BCJ Cutting,Zahir Khan,1,0,,,,,,"",""
ball,1,14.5,Sydney Thunder,BCJ Cutting,UT Khawaja,Zahir Khan,1,0,,,,,,"",""
ball,1,14.6,Sydney Thunder,UT Khawaja,BCJ Cutting,Zahir Khan,0,1,1,,,,,"",""
ball,1,14.7,Sydney Thunder,UT Khawaja,BCJ Cutting,Zahir Khan,0,0,,,,,,"",""
ball,1,15.1,Sydney Thunder,BCJ Cutting,UT Khawaja,Z Evans,2,0,,,,,,"",""
ball,1,15.2,Sydney Thunder,BCJ Cutting,UT Khawaja,Z Evans,0,0,,,,,,"",""
ball,1,15.3,Sydney Thunder,BCJ Cutting,UT Khawaja,Z Evans,0,0,,,,,,"",""
ball,1,15.4,Sydney Thunder,BCJ Cutting,UT Khawaja,Z Evans,1,0,,,,,,"",""
ball,1,15.5,Sydney Thunder,UT Khawaja,BCJ Cutting,Z Evans,4,0,,,,,,"",""
ball,1,15.6,Sydney Thunder,UT Khawaja,BCJ Cutting,Z Evans,4,0,,,,,,"",""
ball,1,16.1,Sydney Thunder,BCJ Cutting,UT Khawaja,CJ Boyce,1,0,,,,,,"",""
ball,1,16.2,Sydney Thunder,UT Khawaja,BCJ Cutting,CJ Boyce,0,0,,,,,,run out,BCJ Cutting
ball,1,16.3,Sydney Thunder,UT Khawaja,N McAndrew,CJ Boyce,1,0,,,,,,"",""
ball,1,16.4,Sydney Thunder,N McAndrew,UT Khawaja,CJ Boyce,1,0,,,,,,"",""
ball,1,16.5,Sydney Thunder,UT Khawaja,N McAndrew,CJ Boyce,2,0,,,,,,"",""
ball,1,16.6,Sydney Thunder,UT Khawaja,N McAndrew,CJ Boyce,1,0,,,,,,"",""
ball,1,17.1,Sydney Thunder,UT Khawaja,N McAndrew,JK Lalor,0,0,,,,,,"",""
ball,1,17.2,Sydney Thunder,UT Khawaja,N McAndrew,JK Lalor,1,0,,,,,,"",""
ball,1,17.3,Sydney Thunder,N McAndrew,UT Khawaja,JK Lalor,1,0,,,,,,"",""
ball,1,17.4,Sydney Thunder,UT Khawaja,N McAndrew,JK Lalor,4,0,,,,,,"",""
ball,1,17.5,Sydney Thunder,UT Khawaja,N McAndrew,JK Lalor,2,0,,,,,,"",""
ball,1,17.6,Sydney Thunder,UT Khawaja,N McAndrew,JK Lalor,2,0,,,,,,"",""
ball,1,18.1,Sydney Thunder,N McAndrew,UT Khawaja,Z Evans,1,0,,,,,,"",""
ball,1,18.2,Sydney Thunder,UT Khawaja,N McAndrew,Z Evans,0,0,,,,,,bowled,UT Khawaja
ball,1,18.3,Sydney Thunder,CJ Green,N McAndrew,Z Evans,1,0,,,,,,"",""
ball,1,18.4,Sydney Thunder,N McAndrew,CJ Green,Z Evans,1,0,,,,,,"",""
ball,1,18.5,Sydney Thunder,CJ Green,N McAndrew,Z Evans,2,0,,,,,,"",""
ball,1,18.6,Sydney Thunder,CJ Green,N McAndrew,Z Evans,1,0,,,,,,"",""
ball,1,19.1,Sydney Thunder,CJ Green,N McAndrew,JK Lalor,0,1,1,,,,,"",""
ball,1,19.2,Sydney Thunder,CJ Green,N McAndrew,JK Lalor,2,0,,,,,,"",""
ball,1,19.3,Sydney Thunder,CJ Green,N McAndrew,JK Lalor,1,0,,,,,,"",""
ball,1,19.4,Sydney Thunder,N McAndrew,CJ Green,JK Lalor,3,0,,,,,,"",""
ball,1,19.5,Sydney Thunder,CJ Green,N McAndrew,JK Lalor,0,0,,,,,,caught,CJ Green
ball,1,19.6,Sydney Thunder,N McAndrew,GS Sandhu,JK Lalor,2,0,,,,,,"",""
ball,1,19.7,Sydney Thunder,N McAndrew,GS Sandhu,JK Lalor,4,0,,,,,,"",""
ball,2,0.1,Melbourne Renegades,J Seymour,AJ Finch,GS Sandhu,2,0,,,,,,"",""
ball,2,0.2,Melbourne Renegades,J Seymour,AJ Finch,GS Sandhu,0,0,,,,,,caught,J Seymour
ball,2,0.3,Melbourne Renegades,SE Marsh,AJ Finch,GS Sandhu,0,0,,,,,,"",""
ball,2,0.4,Melbourne Renegades,SE Marsh,AJ Finch,GS Sandhu,0,0,,,,,,"",""
ball,2,0.5,Melbourne Renegades,SE Marsh,AJ Finch,GS Sandhu,1,0,,,,,,"",""
ball,2,0.6,Melbourne Renegades,AJ Finch,SE Marsh,GS Sandhu,1,0,,,,,,"",""
ball,2,1.1,Melbourne Renegades,AJ Finch,SE Marsh,N McAndrew,0,0,,,,,,"",""
ball,2,1.2,Melbourne Renegades,AJ Finch,SE Marsh,N McAndrew,1,0,,,,,,"",""
ball,2,1.3,Melbourne Renegades,SE Marsh,AJ Finch,N McAndrew,0,0,,,,,,"",""
ball,2,1.4,Melbourne Renegades,SE Marsh,AJ Finch,N McAndrew,0,0,,,,,,"",""
ball,2,1.5,Melbourne Renegades,SE Marsh,AJ Finch,N McAndrew,4,0,,,,,,"",""
ball,2,1.6,Melbourne Renegades,SE Marsh,AJ Finch,N McAndrew,4,0,,,,,,"",""
ball,2,2.1,Melbourne Renegades,AJ Finch,SE Marsh,DR Sams,0,0,,,,,,"",""
ball,2,2.2,Melbourne Renegades,AJ Finch,SE Marsh,DR Sams,1,0,,,,,,"",""
ball,2,2.3,Melbourne Renegades,SE Marsh,AJ Finch,DR Sams,3,0,,,,,,"",""
ball,2,2.4,Melbourne Renegades,AJ Finch,SE Marsh,DR Sams,0,0,,,,,,"",""
ball,2,2.5,Melbourne Renegades,AJ Finch,SE Marsh,DR Sams,0,0,,,,,,"",""
ball,2,2.6,Melbourne Renegades,AJ Finch,SE Marsh,DR Sams,1,0,,,,,,"",""
ball,2,3.1,Melbourne Renegades,AJ Finch,SE Marsh,GS Sandhu,0,5,5,,,,,"",""
ball,2,3.2,Melbourne Renegades,AJ Finch,SE Marsh,GS Sandhu,2,0,,,,,,"",""
ball,2,3.3,Melbourne Renegades,AJ Finch,SE Marsh,GS Sandhu,2,0,,,,,,"",""
ball,2,3.4,Melbourne Renegades,AJ Finch,SE Marsh,GS Sandhu,4,0,,,,,,"",""
ball,2,3.5,Melbourne Renegades,AJ Finch,SE Marsh,GS Sandhu,1,0,,,,,,"",""
ball,2,3.6,Melbourne Renegades,SE Marsh,AJ Finch,GS Sandhu,0,0,,,,,,"",""
ball,2,3.7,Melbourne Renegades,SE Marsh,AJ Finch,GS Sandhu,2,0,,,,,,"",""
ball,2,4.1,Melbourne Renegades,AJ Finch,SE Marsh,CJ Green,1,0,,,,,,"",""
ball,2,4.2,Melbourne Renegades,SE Marsh,AJ Finch,CJ Green,1,0,,,,,,"",""
ball,2,4.3,Melbourne Renegades,AJ Finch,SE Marsh,CJ Green,1,0,,,,,,"",""
ball,2,4.4,Melbourne Renegades,SE Marsh,AJ Finch,CJ Green,1,0,,,,,,"",""
ball,2,4.5,Melbourne Renegades,AJ Finch,SE Marsh,CJ Green,0,0,,,,,,"",""
ball,2,4.6,Melbourne Renegades,AJ Finch,SE Marsh,CJ Green,1,0,,,,,,"",""
ball,2,5.1,Melbourne Renegades,AJ Finch,SE Marsh,T Sangha,0,1,1,,,,,"",""
ball,2,5.2,Melbourne Renegades,AJ Finch,SE Marsh,T Sangha,1,0,,,,,,"",""
ball,2,5.3,Melbourne Renegades,SE Marsh,AJ Finch,T Sangha,1,0,,,,,,"",""
ball,2,5.4,Melbourne Renegades,AJ Finch,SE Marsh,T Sangha,0,0,,,,,,"",""
ball,2,5.5,Melbourne Renegades,AJ Finch,SE Marsh,T Sangha,1,0,,,,,,"",""
ball,2,5.6,Melbourne Renegades,SE Marsh,AJ Finch,T Sangha,1,0,,,,,,"",""
ball,2,5.7,Melbourne Renegades,AJ Finch,SE Marsh,T Sangha,1,0,,,,,,"",""
ball,2,6.1,Melbourne Renegades,AJ Finch,SE Marsh,N McAndrew,0,0,,,,,,"",""
ball,2,6.2,Melbourne Renegades,AJ Finch,SE Marsh,N McAndrew,2,0,,,,,,"",""
ball,2,6.3,Melbourne Renegades,AJ Finch,SE Marsh,N McAndrew,1,0,,,,,,"",""
ball,2,6.4,Melbourne Renegades,SE Marsh,AJ Finch,N McAndrew,1,0,,,,,,"",""
ball,2,6.5,Melbourne Renegades,AJ Finch,SE Marsh,N McAndrew,0,1,1,,,,,"",""
ball,2,6.6,Melbourne Renegades,AJ Finch,SE Marsh,N McAndrew,6,0,,,,,,"",""
ball,2,6.7,Melbourne Renegades,AJ Finch,SE Marsh,N McAndrew,1,0,,,,,,"",""
ball,2,7.1,Melbourne Renegades,AJ Finch,SE Marsh,T Sangha,0,0,,,,,,"",""
ball,2,7.2,Melbourne Renegades,AJ Finch,SE Marsh,T Sangha,2,0,,,,,,"",""
ball,2,7.3,Melbourne Renegades,AJ Finch,SE Marsh,T Sangha,0,1,1,,,,,"",""
ball,2,7.4,Melbourne Renegades,AJ Finch,SE Marsh,T Sangha,1,0,,,,,,"",""
ball,2,7.5,Melbourne Renegades,SE Marsh,AJ Finch,T Sangha,0,0,,,,,,caught,SE Marsh
ball,2,7.6,Melbourne Renegades,AJ Finch,UBT Chand,T Sangha,0,0,,,,,,"",""
ball,2,7.7,Melbourne Renegades,AJ Finch,UBT Chand,T Sangha,1,0,,,,,,"",""
ball,2,8.1,Melbourne Renegades,AJ Finch,UBT Chand,DR Sams,0,0,,,,,,"",""
ball,2,8.2,Melbourne Renegades,AJ Finch,UBT Chand,DR Sams,1,0,,,,,,"",""
ball,2,8.3,Melbourne Renegades,UBT Chand,AJ Finch,DR Sams,0,0,,,,,,"",""
ball,2,8.4,Melbourne Renegades,UBT Chand,AJ Finch,DR Sams,6,0,,,,,,"",""
ball,2,8.5,Melbourne Renegades,UBT Chand,AJ Finch,DR Sams,0,0,,,,,,"",""
ball,2,8.6,Melbourne Renegades,UBT Chand,AJ Finch,DR Sams,1,0,,,,,,"",""
ball,2,9.1,Melbourne Renegades,UBT Chand,AJ Finch,T Sangha,1,0,,,,,,"",""
ball,2,9.2,Melbourne Renegades,AJ Finch,UBT Chand,T Sangha,1,0,,,,,,"",""
ball,2,9.3,Melbourne Renegades,UBT Chand,AJ Finch,T Sangha,1,0,,,,,,"",""
ball,2,9.4,Melbourne Renegades,AJ Finch,UBT Chand,T Sangha,1,0,,,,,,"",""
ball,2,9.5,Melbourne Renegades,UBT Chand,AJ Finch,T Sangha,0,1,1,,,,,"",""
ball,2,9.6,Melbourne Renegades,UBT Chand,AJ Finch,T Sangha,1,0,,,,,,"",""
ball,2,9.7,Melbourne Renegades,AJ Finch,UBT Chand,T Sangha,1,0,,,,,,"",""
ball,2,10.1,Melbourne Renegades,AJ Finch,UBT Chand,CJ Green,1,0,,,,,,"",""
ball,2,10.2,Melbourne Renegades,UBT Chand,AJ Finch,CJ Green,1,0,,,,,,"",""
ball,2,10.3,Melbourne Renegades,AJ Finch,UBT Chand,CJ Green,1,0,,,,,,"",""
ball,2,10.4,Melbourne Renegades,UBT Chand,AJ Finch,CJ Green,0,0,,,,,,"",""
ball,2,10.5,Melbourne Renegades,UBT Chand,AJ Finch,CJ Green,1,0,,,,,,"",""
ball,2,10.6,Melbourne Renegades,AJ Finch,UBT Chand,CJ Green,4,0,,,,,,"",""
ball,2,11.1,Melbourne Renegades,UBT Chand,AJ Finch,JJS Sangha,1,0,,,,,,"",""
ball,2,11.2,Melbourne Renegades,AJ Finch,UBT Chand,JJS Sangha,6,0,,,,,,"",""
ball,2,11.3,Melbourne Renegades,AJ Finch,UBT Chand,JJS Sangha,2,0,,,,,,"",""
ball,2,11.4,Melbourne Renegades,AJ Finch,UBT Chand,JJS Sangha,1,0,,,,,,"",""
ball,2,11.5,Melbourne Renegades,UBT Chand,AJ Finch,JJS Sangha,0,0,,,,,,"",""
ball,2,11.6,Melbourne Renegades,UBT Chand,AJ Finch,JJS Sangha,1,0,,,,,,"",""
ball,2,12.1,Melbourne Renegades,UBT Chand,AJ Finch,GS Sandhu,1,0,,,,,,"",""
ball,2,12.2,Melbourne Renegades,AJ Finch,UBT Chand,GS Sandhu,2,0,,,,,,"",""
ball,2,12.3,Melbourne Renegades,AJ Finch,UBT Chand,GS Sandhu,1,0,,,,,,"",""
ball,2,12.4,Melbourne Renegades,UBT Chand,AJ Finch,GS Sandhu,1,0,,,,,,"",""
ball,2,12.5,Melbourne Renegades,AJ Finch,UBT Chand,GS Sandhu,0,0,,,,,,"",""
ball,2,12.6,Melbourne Renegades,AJ Finch,UBT Chand,GS Sandhu,1,0,,,,,,"",""
ball,2,13.1,Melbourne Renegades,AJ Finch,UBT Chand,N McAndrew,2,0,,,,,,"",""
ball,2,13.2,Melbourne Renegades,AJ Finch,UBT Chand,N McAndrew,1,0,,,,,,"",""
ball,2,13.3,Melbourne Renegades,UBT Chand,AJ Finch,N McAndrew,2,0,,,,,,"",""
ball,2,13.4,Melbourne Renegades,UBT Chand,AJ Finch,N McAndrew,6,0,,,,,,"",""
ball,2,13.5,Melbourne Renegades,UBT Chand,AJ Finch,N McAndrew,0,0,,,,,,"",""
ball,2,13.6,Melbourne Renegades,UBT Chand,AJ Finch,N McAndrew,0,1,1,,,,,"",""
ball,2,13.7,Melbourne Renegades,UBT Chand,AJ Finch,N McAndrew,4,0,,,,,,"",""
ball,2,14.1,Melbourne Renegades,AJ Finch,UBT Chand,DR Sams,1,0,,,,,,"",""
ball,2,14.2,Melbourne Renegades,UBT Chand,AJ Finch,DR Sams,1,0,,,,,,"",""
ball,2,14.3,Melbourne Renegades,AJ Finch,UBT Chand,DR Sams,0,0,,,,,,"",""
ball,2,14.4,Melbourne Renegades,AJ Finch,UBT Chand,DR Sams,0,1,1,,,,,"",""
ball,2,14.5,Melbourne Renegades,AJ Finch,UBT Chand,DR Sams,2,0,,,,,,"",""
ball,2,14.6,Melbourne Renegades,AJ Finch,UBT Chand,DR Sams,1,0,,,,,,"",""
ball,2,14.7,Melbourne Renegades,UBT Chand,AJ Finch,DR Sams,0,0,,,,,,"",""
ball,2,15.1,Melbourne Renegades,AJ Finch,UBT Chand,T Sangha,4,0,,,,,,"",""
ball,2,15.2,Melbourne Renegades,AJ Finch,UBT Chand,T Sangha,1,0,,,,,,"",""
ball,2,15.3,Melbourne Renegades,UBT Chand,AJ Finch,T Sangha,0,0,,,,,,caught,UBT Chand
ball,2,15.4,Melbourne Renegades,J Merlo,AJ Finch,T Sangha,4,0,,,,,,"",""
ball,2,15.5,Melbourne Renegades,J Merlo,AJ Finch,T Sangha,4,0,,,,,,"",""
ball,2,15.6,Melbourne Renegades,J Merlo,AJ Finch,T Sangha,1,0,,,,,,"",""
ball,2,16.1,Melbourne Renegades,J Merlo,AJ Finch,CJ Green,1,0,,,,,,"",""
ball,2,16.2,Melbourne Renegades,AJ Finch,J Merlo,CJ Green,2,0,,,,,,"",""
ball,2,16.3,Melbourne Renegades,AJ Finch,J Merlo,CJ Green,1,0,,,,,,"",""
ball,2,16.4,Melbourne Renegades,J Merlo,AJ Finch,CJ Green,2,0,,,,,,"",""
ball,2,16.5,Melbourne Renegades,J Merlo,AJ Finch,CJ Green,1,0,,,,,,"",""
ball,2,16.6,Melbourne Renegades,AJ Finch,J Merlo,CJ Green,1,0,,,,,,"",""
ball,2,17.1,Melbourne Renegades,AJ Finch,J Merlo,N McAndrew,2,0,,,,,,"",""
ball,2,17.2,Melbourne Renegades,AJ Finch,J Merlo,N McAndrew,0,1,1,,,,,"",""
ball,2,17.3,Melbourne Renegades,AJ Finch,J Merlo,N McAndrew,4,0,,,,,,"",""
ball,2,17.4,Melbourne Renegades,AJ Finch,J Merlo,N McAndrew,1,0,,,,,,"",""
ball,2,17.5,Melbourne Renegades,J Merlo,AJ Finch,N McAndrew,1,0,,,,,,"",""
ball,2,17.6,Melbourne Renegades,AJ Finch,J Merlo,N McAndrew,2,0,,,,,,"",""
ball,2,17.7,Melbourne Renegades,AJ Finch,J Merlo,N McAndrew,0,1,,,,1,,"",""
ball,2,18.1,Melbourne Renegades,AJ Finch,J Merlo,DR Sams,1,0,,,,,,"",""
ball,2,18.2,Melbourne Renegades,J Merlo,AJ Finch,DR Sams,1,0,,,,,,"",""
ball,2,18.3,Melbourne Renegades,AJ Finch,J Merlo,DR Sams,0,1,,,1,,,"",""
ball,2,18.4,Melbourne Renegades,J Merlo,AJ Finch,DR Sams,0,0,,,,,,bowled,J Merlo
ball,2,18.5,Melbourne Renegades,SB Harper,AJ Finch,DR Sams,0,0,,,,,,"",""
ball,2,18.6,Melbourne Renegades,SB Harper,AJ Finch,DR Sams,1,0,,,,,,"",""
ball,2,19.1,Melbourne Renegades,SB Harper,AJ Finch,GS Sandhu,0,0,,,,,,"",""
ball,2,19.2,Melbourne Renegades,SB Harper,AJ Finch,GS Sandhu,0,0,,,,,,run out,SB Harper
ball,2,19.3,Melbourne Renegades,AJ Finch,W Sutherland,GS Sandhu,0,0,,,,,,caught,AJ Finch
ball,2,19.4,Melbourne Renegades,W Sutherland,CJ Boyce,GS Sandhu,6,0,,,,,,"",""
ball,2,19.5,Melbourne Renegades,W Sutherland,CJ Boyce,GS Sandhu,1,0,,,,,,"",""
ball,2,19.6,Melbourne Renegades,CJ Boyce,W Sutherland,GS Sandhu,0,0,,,,,,caught,CJ Boyce
