version,1.7.0
info,balls_per_over,6
info,team,Sydney Sixers
info,team,Sydney Thunder
info,gender,male
info,season,2021/22
info,date,2021/12/26
info,event,Big Bash League
info,match_number,20
info,venue,Sydney Showground Stadium
info,city,Sydney
info,toss_winner,Sydney Thunder
info,toss_decision,field
info,player_of_match,DT Christian
info,umpire,BNJ Oxenford
info,umpire,GJ Davidson
info,reserve_umpire,BC Treloar
info,tv_umpire,D Taylor
info,match_referee,SR Bernard
info,winner,Sydney Sixers
info,winner_runs,30
info,method,D/L
info,player,Sydney Sixers,T Murphy
info,player,Sydney Sixers,JR Philippe
info,player,Sydney Sixers,JM Vince
info,player,Sydney Sixers,DP Hughes
info,player,Sydney Sixers,MC Henriques
info,player,Sydney Sixers,JC Silk
info,player,Sydney Sixers,DT Christian
info,player,Sydney Sixers,SA Abbott
info,player,Sydney Sixers,H Kerr
info,player,Sydney Sixers,BJ Dwarshuis
info,player,Sydney Sixers,L Pope
info,player,Sydney Sixers,MW Edwards
info,player,Sydney Thunder,M Gilkes
info,player,Sydney Thunder,AD Hales
info,player,Sydney Thunder,JJS Sangha
info,player,Sydney Thunder,SW Billings
info,player,Sydney Thunder,AI Ross
info,player,Sydney Thunder,DR Sams
info,player,Sydney Thunder,BCJ Cutting
info,player,Sydney Thunder,N McAndrew
info,player,Sydney Thunder,CJ Green
info,player,Sydney Thunder,S Mahmood
info,player,Sydney Thunder,T Sangha
info,registry,people,AD Hales,92aeac25
info,registry,people,AI Ross,fb0d68b4
info,registry,people,BC Treloar,f7e8ee52
info,registry,people,BCJ Cutting,2e11c706
info,registry,people,BJ Dwarshuis,e1b9f3a9
info,registry,people,BNJ Oxenford,c1add349
info,registry,people,CJ Green,19b9f399
info,registry,people,D Taylor,b940a2b2
info,registry,people,DP Hughes,f3982af9
info,registry,people,DR Sams,caf69bf7
info,registry,people,DT Christian,2a2e6343
info,registry,people,GJ Davidson,31ad5973
info,registry,people,H Kerr,f422728b
info,registry,people,JC Silk,7a6dc294
info,registry,people,JJS Sangha,8e3cb0e9
info,registry,people,JM Vince,a15618fe
info,registry,people,JR Philippe,39086549
info,registry,people,L Pope,616a8149
info,registry,people,M Gilkes,d85b0f8b
info,registry,people,MC Henriques,32198ae0
info,registry,people,MW Edwards,5f222a64
info,registry,people,N McAndrew,38c276e1
info,registry,people,S Mahmood,0f6db197
info,registry,people,SA Abbott,1a2676c5
info,registry,people,SR Bernard,800187dc
info,registry,people,SW Billings,c16d4035
info,registry,people,T Murphy,ac2e7ec0
info,registry,people,T Sangha,52c952d9
ball,1,0.1,Sydney Sixers,JR Philippe,JM Vince,S Mahmood,0,0,,,,,,"",""
ball,1,0.2,Sydney Sixers,JR Philippe,JM Vince,S Mahmood,1,0,,,,,,"",""
ball,1,0.3,Sydney Sixers,JM Vince,JR Philippe,S Mahmood,0,0,,,,,,"",""
ball,1,0.4,Sydney Sixers,JM Vince,JR Philippe,S Mahmood,0,0,,,,,,"",""
ball,1,0.5,Sydney Sixers,JM Vince,JR Philippe,S Mahmood,0,0,,,,,,"",""
ball,1,0.6,Sydney Sixers,JM Vince,JR Philippe,S Mahmood,0,0,,,,,,"",""
ball,1,1.1,Sydney Sixers,JR Philippe,JM Vince,N McAndrew,0,1,1,,,,,"",""
ball,1,1.2,Sydney Sixers,JR Philippe,JM Vince,N McAndrew,0,0,,,,,,"",""
ball,1,1.3,Sydney Sixers,JR Philippe,JM Vince,N McAndrew,3,0,,,,,,"",""
ball,1,1.4,Sydney Sixers,JM Vince,JR Philippe,N McAndrew,0,0,,,,,,"",""
ball,1,1.5,Sydney Sixers,JM Vince,JR Philippe,N McAndrew,4,0,,,,,,"",""
ball,1,1.6,Sydney Sixers,JM Vince,JR Philippe,N McAndrew,1,0,,,,,,"",""
ball,1,1.7,Sydney Sixers,JR Philippe,JM Vince,N McAndrew,0,0,,,,,,"",""
ball,1,2.1,Sydney Sixers,JM Vince,JR Philippe,S Mahmood,0,0,,,,,,"",""
ball,1,2.2,Sydney Sixers,JM Vince,JR Philippe,S Mahmood,1,0,,,,,,"",""
ball,1,2.3,Sydney Sixers,JR Philippe,JM Vince,S Mahmood,0,0,,,,,,"",""
ball,1,2.4,Sydney Sixers,JR Philippe,JM Vince,S Mahmood,6,0,,,,,,"",""
ball,1,2.5,Sydney Sixers,JR Philippe,JM Vince,S Mahmood,3,0,,,,,,"",""
ball,1,2.6,Sydney Sixers,JM Vince,JR Philippe,S Mahmood,4,0,,,,,,"",""
ball,1,3.1,Sydney Sixers,JR Philippe,JM Vince,DR Sams,0,0,,,,,,"",""
ball,1,3.2,Sydney Sixers,JR Philippe,JM Vince,DR Sams,0,0,,,,,,caught,JR Philippe
ball,1,3.3,Sydney Sixers,DP Hughes,JM Vince,DR Sams,0,0,,,,,,"",""
ball,1,3.4,Sydney Sixers,DP Hughes,JM Vince,DR Sams,1,0,,,,,,"",""
ball,1,3.5,Sydney Sixers,JM Vince,DP Hughes,DR Sams,4,0,,,,,,"",""
ball,1,3.6,Sydney Sixers,JM Vince,DP Hughes,DR Sams,0,0,,,,,,"",""
ball,1,4.1,Sydney Sixers,DP Hughes,JM Vince,CJ Green,0,0,,,,,,"",""
ball,1,4.2,Sydney Sixers,DP Hughes,JM Vince,CJ Green,1,0,,,,,,"",""
ball,1,4.3,Sydney Sixers,JM Vince,DP Hughes,CJ Green,1,0,,,,,,"",""
ball,1,4.4,Sydney Sixers,DP Hughes,JM Vince,CJ Green,1,0,,,,,,"",""
ball,1,4.5,Sydney Sixers,JM Vince,DP Hughes,CJ Green,1,0,,,,,,"",""
ball,1,4.6,Sydney Sixers,DP Hughes,JM Vince,CJ Green,0,0,,,,,,"",""
ball,1,5.1,Sydney Sixers,JM Vince,DP Hughes,T Sangha,4,0,,,,,,"",""
ball,1,5.2,Sydney Sixers,JM Vince,DP Hughes,T Sangha,0,0,,,,,,"",""
ball,1,5.3,Sydney Sixers,JM Vince,DP Hughes,T Sangha,0,0,,,,,,"",""
ball,1,5.4,Sydney Sixers,JM Vince,DP Hughes,T Sangha,0,0,,,,,,"",""
ball,1,5.5,Sydney Sixers,JM Vince,DP Hughes,T Sangha,1,0,,,,,,"",""
ball,1,5.6,Sydney Sixers,DP Hughes,JM Vince,T Sangha,2,0,,,,,,"",""
ball,1,6.1,Sydney Sixers,JM Vince,DP Hughes,CJ Green,2,0,,,,,,"",""
ball,1,6.2,Sydney Sixers,JM Vince,DP Hughes,CJ Green,1,0,,,,,,"",""
ball,1,6.3,Sydney Sixers,DP Hughes,JM Vince,CJ Green,4,0,,,,,,"",""
ball,1,6.4,Sydney Sixers,DP Hughes,JM Vince,CJ Green,0,0,,,,,,"",""
ball,1,6.5,Sydney Sixers,DP Hughes,JM Vince,CJ Green,1,0,,,,,,"",""
ball,1,6.6,Sydney Sixers,JM Vince,DP Hughes,CJ Green,1,0,,,,,,"",""
ball,1,7.1,Sydney Sixers,JM Vince,DP Hughes,N McAndrew,1,0,,,,,,"",""
ball,1,7.2,Sydney Sixers,DP Hughes,JM Vince,N McAndrew,6,0,,,,,,"",""
ball,1,7.3,Sydney Sixers,DP Hughes,JM Vince,N McAndrew,1,0,,,,,,"",""
ball,1,7.4,Sydney Sixers,JM Vince,DP Hughes,N McAndrew,0,0,,,,,,"",""
ball,1,7.5,Sydney Sixers,JM Vince,DP Hughes,N McAndrew,0,0,,,,,,"",""
ball,1,7.6,Sydney Sixers,JM Vince,DP Hughes,N McAndrew,1,0,,,,,,"",""
ball,1,8.1,Sydney Sixers,JM Vince,DP Hughes,DR Sams,4,0,,,,,,"",""
ball,1,8.2,Sydney Sixers,JM Vince,DP Hughes,DR Sams,0,0,,,,,,"",""
ball,1,8.3,Sydney Sixers,JM Vince,DP Hughes,DR Sams,0,0,,,,,,caught,JM Vince
ball,1,8.4,Sydney Sixers,MC Henriques,DP Hughes,DR Sams,6,0,,,,,,"",""
ball,1,8.5,Sydney Sixers,MC Henriques,DP Hughes,DR Sams,0,1,,,,1,,"",""
ball,1,8.6,Sydney Sixers,DP Hughes,MC Henriques,DR Sams,2,0,,,,,,"",""
ball,1,9.1,Sydney Sixers,MC Henriques,DP Hughes,CJ Green,4,0,,,,,,"",""
ball,1,9.2,Sydney Sixers,MC Henriques,DP Hughes,CJ Green,0,0,,,,,,caught,MC Henriques
ball,1,9.3,Sydney Sixers,JC Silk,DP Hughes,CJ Green,0,0,,,,,,"",""
ball,1,9.4,Sydney Sixers,JC Silk,DP Hughes,CJ Green,1,0,,,,,,"",""
ball,1,9.5,Sydney Sixers,DP Hughes,JC Silk,CJ Green,0,0,,,,,,"",""
ball,1,9.6,Sydney Sixers,DP Hughes,JC Silk,CJ Green,1,0,,,,,,"",""
ball,1,10.1,Sydney Sixers,DP Hughes,JC Silk,T Sangha,6,0,,,,,,"",""
ball,1,10.2,Sydney Sixers,DP Hughes,JC Silk,T Sangha,6,0,,,,,,"",""
ball,1,10.3,Sydney Sixers,DP Hughes,JC Silk,T Sangha,2,0,,,,,,"",""
ball,1,10.4,Sydney Sixers,DP Hughes,JC Silk,T Sangha,0,0,,,,,,"",""
ball,1,10.5,Sydney Sixers,DP Hughes,JC Silk,T Sangha,1,0,,,,,,"",""
ball,1,10.6,Sydney Sixers,JC Silk,DP Hughes,T Sangha,4,0,,,,,,"",""
ball,1,11.1,Sydney Sixers,DP Hughes,JC Silk,BCJ Cutting,6,0,,,,,,"",""
ball,1,11.2,Sydney Sixers,DP Hughes,JC Silk,BCJ Cutting,1,0,,,,,,"",""
ball,1,11.3,Sydney Sixers,JC Silk,DP Hughes,BCJ Cutting,0,1,,,,1,,"",""
ball,1,11.4,Sydney Sixers,DP Hughes,JC Silk,BCJ Cutting,0,0,,,,,,"",""
ball,1,11.5,Sydney Sixers,DP Hughes,JC Silk,BCJ Cutting,6,0,,,,,,"",""
ball,1,11.6,Sydney Sixers,DP Hughes,JC Silk,BCJ Cutting,2,0,,,,,,"",""
ball,1,12.1,Sydney Sixers,JC Silk,DP Hughes,S Mahmood,0,0,,,,,,"",""
ball,1,12.2,Sydney Sixers,JC Silk,DP Hughes,S Mahmood,4,0,,,,,,"",""
ball,1,12.3,Sydney Sixers,JC Silk,DP Hughes,S Mahmood,1,0,,,,,,"",""
ball,1,12.4,Sydney Sixers,DP Hughes,JC Silk,S Mahmood,0,0,,,,,,bowled,DP Hughes
ball,1,12.5,Sydney Sixers,DT Christian,JC Silk,S Mahmood,0,0,,,,,,"",""
ball,1,12.6,Sydney Sixers,DT Christian,JC Silk,S Mahmood,1,0,,,,,,"",""
ball,1,13.1,Sydney Sixers,DT Christian,JC Silk,DR Sams,1,0,,,,,,"",""
ball,1,13.2,Sydney Sixers,JC Silk,DT Christian,DR Sams,4,0,,,,,,"",""
ball,1,13.3,Sydney Sixers,JC Silk,DT Christian,DR Sams,0,0,,,,,,"",""
ball,1,13.4,Sydney Sixers,JC Silk,DT Christian,DR Sams,2,1,,1,,,,"",""
ball,1,13.5,Sydney Sixers,JC Silk,DT Christian,DR Sams,1,0,,,,,,"",""
ball,1,13.6,Sydney Sixers,DT Christian,JC Silk,DR Sams,2,0,,,,,,"",""
ball,1,13.7,Sydney Sixers,DT Christian,JC Silk,DR Sams,1,0,,,,,,"",""
ball,1,14.1,Sydney Sixers,DT Christian,JC Silk,S Mahmood,6,0,,,,,,"",""
ball,1,14.2,Sydney Sixers,DT Christian,JC Silk,S Mahmood,4,0,,,,,,"",""
ball,1,14.3,Sydney Sixers,DT Christian,JC Silk,S Mahmood,0,0,,,,,,"",""
ball,1,14.4,Sydney Sixers,DT Christian,JC Silk,S Mahmood,4,0,,,,,,"",""
ball,1,14.5,Sydney Sixers,DT Christian,JC Silk,S Mahmood,2,0,,,,,,"",""
ball,1,14.6,Sydney Sixers,DT Christian,JC Silk,S Mahmood,1,0,,,,,,"",""
ball,1,15.1,Sydney Sixers,DT Christian,JC Silk,N McAndrew,4,0,,,,,,"",""
ball,1,15.2,Sydney Sixers,DT Christian,JC Silk,N McAndrew,1,0,,,,,,"",""
ball,1,15.3,Sydney Sixers,JC Silk,DT Christian,N McAndrew,1,0,,,,,,"",""
ball,1,15.4,Sydney Sixers,DT Christian,JC Silk,N McAndrew,4,1,,1,,,,"",""
ball,1,15.5,Sydney Sixers,DT Christian,JC Silk,N McAndrew,2,0,,,,,,"",""
ball,1,15.6,Sydney Sixers,DT Christian,JC Silk,N McAndrew,6,0,,,,,,"",""
ball,1,15.7,Sydney Sixers,DT Christian,JC Silk,N McAndrew,2,0,,,,,,"",""
ball,2,0.1,Sydney Thunder,M Gilkes,AD Hales,BJ Dwarshuis,0,0,,,,,,"",""
ball,2,0.2,Sydney Thunder,M Gilkes,AD Hales,BJ Dwarshuis,4,0,,,,,,"",""
ball,2,0.3,Sydney Thunder,M Gilkes,AD Hales,BJ Dwarshuis,2,0,,,,,,"",""
ball,2,0.4,Sydney Thunder,M Gilkes,AD Hales,BJ Dwarshuis,0,0,,,,,,"",""
ball,2,0.5,Sydney Thunder,M Gilkes,AD Hales,BJ Dwarshuis,0,0,,,,,,"",""
ball,2,0.6,Sydney Thunder,M Gilkes,AD Hales,BJ Dwarshuis,0,0,,,,,,caught,M Gilkes
ball,2,1.1,Sydney Thunder,JJS Sangha,AD Hales,SA Abbott,1,0,,,,,,"",""
ball,2,1.2,Sydney Thunder,AD Hales,JJS Sangha,SA Abbott,0,0,,,,,,"",""
ball,2,1.3,Sydney Thunder,AD Hales,JJS Sangha,SA Abbott,1,0,,,,,,"",""
ball,2,1.4,Sydney Thunder,JJS Sangha,AD Hales,SA Abbott,0,0,,,,,,"",""
ball,2,1.5,Sydney Thunder,JJS Sangha,AD Hales,SA Abbott,4,0,,,,,,"",""
ball,2,1.6,Sydney Thunder,JJS Sangha,AD Hales,SA Abbott,0,0,,,,,,"",""
ball,2,2.1,Sydney Thunder,AD Hales,JJS Sangha,H Kerr,1,0,,,,,,"",""
ball,2,2.2,Sydney Thunder,JJS Sangha,AD Hales,H Kerr,4,0,,,,,,"",""
ball,2,2.3,Sydney Thunder,JJS Sangha,AD Hales,H Kerr,4,0,,,,,,"",""
ball,2,2.4,Sydney Thunder,JJS Sangha,AD Hales,H Kerr,0,0,,,,,,"",""
ball,2,2.5,Sydney Thunder,JJS Sangha,AD Hales,H Kerr,4,0,,,,,,"",""
ball,2,2.6,Sydney Thunder,JJS Sangha,AD Hales,H Kerr,1,0,,,,,,"",""
ball,2,3.1,Sydney Thunder,JJS Sangha,AD Hales,SA Abbott,1,0,,,,,,"",""
ball,2,3.2,Sydney Thunder,AD Hales,JJS Sangha,SA Abbott,6,0,,,,,,"",""
ball,2,3.3,Sydney Thunder,AD Hales,JJS Sangha,SA Abbott,6,0,,,,,,"",""
ball,2,3.4,Sydney Thunder,AD Hales,JJS Sangha,SA Abbott,0,0,,,,,,caught,AD Hales
ball,2,3.5,Sydney Thunder,JJS Sangha,SW Billings,SA Abbott,1,0,,,,,,"",""
ball,2,3.6,Sydney Thunder,SW Billings,JJS Sangha,SA Abbott,0,0,,,,,,"",""
ball,2,4.1,Sydney Thunder,JJS Sangha,SW Billings,MW Edwards,0,1,1,,,,,"",""
ball,2,4.2,Sydney Thunder,JJS Sangha,SW Billings,MW Edwards,0,0,,,,,,"",""
ball,2,4.3,Sydney Thunder,JJS Sangha,SW Billings,MW Edwards,0,0,,,,,,"",""
ball,2,4.4,Sydney Thunder,JJS Sangha,SW Billings,MW Edwards,6,0,,,,,,"",""
ball,2,4.5,Sydney Thunder,JJS Sangha,SW Billings,MW Edwards,0,0,,,,,,"",""
ball,2,4.6,Sydney Thunder,JJS Sangha,SW Billings,MW Edwards,1,0,,,,,,"",""
ball,2,4.7,Sydney Thunder,SW Billings,JJS Sangha,MW Edwards,1,0,,,,,,"",""
ball,2,5.1,Sydney Thunder,SW Billings,JJS Sangha,L Pope,1,0,,,,,,"",""
ball,2,5.2,Sydney Thunder,JJS Sangha,SW Billings,L Pope,1,0,,,,,,"",""
ball,2,5.3,Sydney Thunder,SW Billings,JJS Sangha,L Pope,6,0,,,,,,"",""
ball,2,5.4,Sydney Thunder,SW Billings,JJS Sangha,L Pope,1,0,,,,,,"",""
ball,2,5.5,Sydney Thunder,JJS Sangha,SW Billings,L Pope,1,0,,,,,,"",""
ball,2,5.6,Sydney Thunder,SW Billings,JJS Sangha,L Pope,0,0,,,,,,caught,SW Billings
ball,2,6.1,Sydney Thunder,JJS Sangha,AI Ross,BJ Dwarshuis,1,0,,,,,,"",""
ball,2,6.2,Sydney Thunder,AI Ross,JJS Sangha,BJ Dwarshuis,4,0,,,,,,"",""
ball,2,6.3,Sydney Thunder,AI Ross,JJS Sangha,BJ Dwarshuis,1,0,,,,,,"",""
ball,2,6.4,Sydney Thunder,JJS Sangha,AI Ross,BJ Dwarshuis,1,0,,,,,,"",""
ball,2,6.5,Sydney Thunder,AI Ross,JJS Sangha,BJ Dwarshuis,1,0,,,,,,"",""
ball,2,6.6,Sydney Thunder,JJS Sangha,AI Ross,BJ Dwarshuis,1,0,,,,,,"",""
ball,2,7.1,Sydney Thunder,JJS Sangha,AI Ross,L Pope,1,0,,,,,,"",""
ball,2,7.2,Sydney Thunder,AI Ross,JJS Sangha,L Pope,0,0,,,,,,"",""
ball,2,7.3,Sydney Thunder,AI Ross,JJS Sangha,L Pope,1,0,,,,,,"",""
ball,2,7.4,Sydney Thunder,JJS Sangha,AI Ross,L Pope,4,0,,,,,,"",""
ball,2,7.5,Sydney Thunder,JJS Sangha,AI Ross,L Pope,1,0,,,,,,"",""
ball,2,7.6,Sydney Thunder,AI Ross,JJS Sangha,L Pope,2,0,,,,,,"",""
ball,2,8.1,Sydney Thunder,JJS Sangha,AI Ross,DT Christian,1,0,,,,,,"",""
ball,2,8.2,Sydney Thunder,AI Ross,JJS Sangha,DT Christian,0,1,,,,1,,"",""
ball,2,8.3,Sydney Thunder,JJS Sangha,AI Ross,DT Christian,0,1,1,,,,,"",""
ball,2,8.4,Sydney Thunder,JJS Sangha,AI Ross,DT Christian,4,0,,,,,,"",""
ball,2,8.5,Sydney Thunder,JJS Sangha,AI Ross,DT Christian,2,0,,,,,,"",""
ball,2,8.6,Sydney Thunder,JJS Sangha,AI Ross,DT Christian,1,0,,,,,,"",""
ball,2,8.7,Sydney Thunder,AI Ross,JJS Sangha,DT Christian,1,0,,,,,,"",""
ball,2,9.1,Sydney Thunder,AI Ross,JJS Sangha,H Kerr,1,0,,,,,,"",""
ball,2,9.2,Sydney Thunder,JJS Sangha,AI Ross,H Kerr,1,0,,,,,,"",""
ball,2,9.3,Sydney Thunder,AI Ross,JJS Sangha,H Kerr,2,0,,,,,,"",""
ball,2,9.4,Sydney Thunder,AI Ross,JJS Sangha,H Kerr,1,0,,,,,,"",""
ball,2,9.5,Sydney Thunder,JJS Sangha,AI Ross,H Kerr,0,0,,,,,,caught,JJS Sangha
ball,2,9.6,Sydney Thunder,AI Ross,DR Sams,H Kerr,1,0,,,,,,"",""
ball,2,10.1,Sydney Thunder,AI Ross,DR Sams,L Pope,1,0,,,,,,"",""
ball,2,10.2,Sydney Thunder,DR Sams,AI Ross,L Pope,6,0,,,,,,"",""
ball,2,10.3,Sydney Thunder,DR Sams,AI Ross,L Pope,6,0,,,,,,"",""
ball,2,10.4,Sydney Thunder,DR Sams,AI Ross,L Pope,1,0,,,,,,"",""
ball,2,10.5,Sydney Thunder,AI Ross,DR Sams,L Pope,0,0,,,,,,stumped,AI Ross
ball,2,10.6,Sydney Thunder,BCJ Cutting,DR Sams,L Pope,0,0,,,,,,"",""
ball,2,11.1,Sydney Thunder,DR Sams,BCJ Cutting,SA Abbott,1,0,,,,,,"",""
ball,2,11.2,Sydney Thunder,BCJ Cutting,DR Sams,SA Abbott,1,0,,,,,,"",""
ball,2,11.3,Sydney Thunder,DR Sams,BCJ Cutting,SA Abbott,0,0,,,,,,"",""
ball,2,11.4,Sydney Thunder,DR Sams,BCJ Cutting,SA Abbott,6,0,,,,,,"",""
ball,2,11.5,Sydney Thunder,DR Sams,BCJ Cutting,SA Abbott,0,0,,,,,,"",""
ball,2,11.6,Sydney Thunder,DR Sams,BCJ Cutting,SA Abbott,1,0,,,,,,"",""
ball,2,12.1,Sydney Thunder,DR Sams,BCJ Cutting,MW Edwards,6,0,,,,,,"",""
ball,2,12.2,Sydney Thunder,DR Sams,BCJ Cutting,MW Edwards,1,0,,,,,,"",""
ball,2,12.3,Sydney Thunder,BCJ Cutting,DR Sams,MW Edwards,1,0,,,,,,"",""
ball,2,12.4,Sydney Thunder,DR Sams,BCJ Cutting,MW Edwards,0,0,,,,,,caught,DR Sams
ball,2,12.5,Sydney Thunder,BCJ Cutting,N McAndrew,MW Edwards,1,0,,,,,,"",""
ball,2,12.6,Sydney Thunder,N McAndrew,BCJ Cutting,MW Edwards,1,0,,,,,,"",""
ball,2,13.1,Sydney Thunder,N McAndrew,BCJ Cutting,H Kerr,0,0,,,,,,caught,N McAndrew
ball,2,13.2,Sydney Thunder,BCJ Cutting,CJ Green,H Kerr,2,0,,,,,,"",""
ball,2,13.3,Sydney Thunder,BCJ Cutting,CJ Green,H Kerr,1,0,,,,,,"",""
ball,2,13.4,Sydney Thunder,CJ Green,BCJ Cutting,H Kerr,0,0,,,,,,"",""
ball,2,13.5,Sydney Thunder,CJ Green,BCJ Cutting,H Kerr,6,0,,,,,,"",""
ball,2,13.6,Sydney Thunder,CJ Green,BCJ Cutting,H Kerr,0,0,,,,,,caught,CJ Green
ball,2,14.1,Sydney Thunder,BCJ Cutting,S Mahmood,BJ Dwarshuis,4,0,,,,,,"",""
ball,2,14.2,Sydney Thunder,BCJ Cutting,S Mahmood,BJ Dwarshuis,0,0,,,,,,"",""
ball,2,14.3,Sydney Thunder,BCJ Cutting,S Mahmood,BJ Dwarshuis,0,0,,,,,,caught,BCJ Cutting
ball,2,14.4,Sydney Thunder,S Mahmood,T Sangha,BJ Dwarshuis,0,0,,,,,,"",""
ball,2,14.5,Sydney Thunder,S Mahmood,T Sangha,BJ Dwarshuis,2,0,,,,,,"",""
ball,2,14.6,Sydney Thunder,S Mahmood,T Sangha,BJ Dwarshuis,0,0,,,,,,"",""
ball,2,15.1,Sydney Thunder,T Sangha,S Mahmood,SA Abbott,0,0,,,,,,caught,T Sangha
