version,1.7.0
info,balls_per_over,6
info,team,Brisbane Heat
info,team,Perth Scorchers
info,gender,male
info,season,2021/22
info,date,2022/01/17
info,event,Big Bash League
info,match_number,52
info,venue,"Docklands Stadium, Melbourne"
info,city,Melbourne
info,toss_winner,Brisbane Heat
info,toss_decision,bat
info,player_of_match,MR Marsh
info,umpire,BC Treloar
info,umpire,SAJ Craig
info,reserve_umpire,D Brigham
info,tv_umpire,AK Wilds
info,match_referee,RW Stratford
info,winner,Perth Scorchers
info,winner_wickets,6
info,player,Brisbane Heat,M Bryant
info,player,Brisbane Heat,CA Lynn
info,player,Brisbane Heat,BM Duckett
info,player,Brisbane Heat,SD Heazlett
info,player,Brisbane Heat,NA McSweeney
info,player,Brisbane Heat,JJ Peirson
info,player,Brisbane Heat,JJ Bazley
info,player,Brisbane Heat,MG Neser
info,player,Brisbane Heat,MT Steketee
info,player,Brisbane Heat,MP Kuhnemann
info,player,Brisbane Heat,MJ Swepson
info,player,Perth Scorchers,KR Patterson
info,player,Perth Scorchers,JP Inglis
info,player,Perth Scorchers,MR Marsh
info,player,Perth Scorchers,C Munro
info,player,Perth Scorchers,AJ Turner
info,player,Perth Scorchers,AM Hardie
info,player,Perth Scorchers,AC Agar
info,player,Perth Scorchers,AJ Tye
info,player,Perth Scorchers,JP Behrendorff
info,player,Perth Scorchers,P Hatzoglou
info,player,Perth Scorchers,LR Morris
info,registry,people,AC Agar,a2421394
info,registry,people,AJ Turner,ff1e12a0
info,registry,people,AJ Tye,7c7d63a2
info,registry,people,AK Wilds,de412f40
info,registry,people,AM Hardie,d405c0d5
info,registry,people,BC Treloar,f7e8ee52
info,registry,people,BM Duckett,5f26f677
info,registry,people,C Munro,af2c687b
info,registry,people,CA Lynn,45eda7c8
info,registry,people,D Brigham,464daf41
info,registry,people,JJ Bazley,003d49e6
info,registry,people,JJ Peirson,2b55c3b4
info,registry,people,JP Behrendorff,4933f499
info,registry,people,JP Inglis,989889ff
info,registry,people,KR Patterson,e3bf8356
info,registry,people,LR Morris,b08e58e2
info,registry,people,M Bryant,f32012f4
info,registry,people,MG Neser,0164b064
info,registry,people,MJ Swepson,86b4bf88
info,registry,people,MP Kuhnemann,7b953689
info,registry,people,MR Marsh,3d8feaf8
info,registry,people,MT Steketee,903560ed
info,registry,people,NA McSweeney,e94d2d50
info,registry,people,P Hatzoglou,6f95e5fa
info,registry,people,RW Stratford,85489579
info,registry,people,SAJ Craig,689f2eed
info,registry,people,SD Heazlett,e00a9155
ball,1,0.1,Brisbane Heat,M Bryant,CA Lynn,JP Behrendorff,0,0,,,,,,"",""
ball,1,0.2,Brisbane Heat,M Bryant,CA Lynn,JP Behrendorff,4,0,,,,,,"",""
ball,1,0.3,Brisbane Heat,M Bryant,CA Lynn,JP Behrendorff,1,0,,,,,,"",""
ball,1,0.4,Brisbane Heat,CA Lynn,M Bryant,JP Behrendorff,0,0,,,,,,"",""
ball,1,0.5,Brisbane Heat,CA Lynn,M Bryant,JP Behrendorff,1,0,,,,,,"",""
ball,1,0.6,Brisbane Heat,M Bryant,CA Lynn,JP Behrendorff,1,0,,,,,,"",""
ball,1,1.1,Brisbane Heat,M Bryant,CA Lynn,LR Morris,4,0,,,,,,"",""
ball,1,1.2,Brisbane Heat,M Bryant,CA Lynn,LR Morris,0,0,,,,,,"",""
ball,1,1.3,Brisbane Heat,M Bryant,CA Lynn,LR Morris,0,0,,,,,,"",""
ball,1,1.4,Brisbane Heat,M Bryant,CA Lynn,LR Morris,2,0,,,,,,"",""
ball,1,1.5,Brisbane Heat,M Bryant,CA Lynn,LR Morris,1,0,,,,,,"",""
ball,1,1.6,Brisbane Heat,CA Lynn,M Bryant,LR Morris,1,0,,,,,,"",""
ball,1,2.1,Brisbane Heat,CA Lynn,M Bryant,AC Agar,1,0,,,,,,"",""
ball,1,2.2,Brisbane Heat,M Bryant,CA Lynn,AC Agar,4,0,,,,,,"",""
ball,1,2.3,Brisbane Heat,M Bryant,CA Lynn,AC Agar,0,0,,,,,,"",""
ball,1,2.4,Brisbane Heat,M Bryant,CA Lynn,AC Agar,4,0,,,,,,"",""
ball,1,2.5,Brisbane Heat,M Bryant,CA Lynn,AC Agar,1,0,,,,,,"",""
ball,1,2.6,Brisbane Heat,CA Lynn,M Bryant,AC Agar,1,0,,,,,,"",""
ball,1,3.1,Brisbane Heat,CA Lynn,M Bryant,LR Morris,0,0,,,,,,"",""
ball,1,3.2,Brisbane Heat,CA Lynn,M Bryant,LR Morris,1,0,,,,,,"",""
ball,1,3.3,Brisbane Heat,M Bryant,CA Lynn,LR Morris,0,0,,,,,,"",""
ball,1,3.4,Brisbane Heat,M Bryant,CA Lynn,LR Morris,6,0,,,,,,"",""
ball,1,3.5,Brisbane Heat,M Bryant,CA Lynn,LR Morris,0,0,,,,,,"",""
ball,1,3.6,Brisbane Heat,M Bryant,CA Lynn,LR Morris,6,0,,,,,,"",""
ball,1,4.1,Brisbane Heat,CA Lynn,M Bryant,P Hatzoglou,1,0,,,,,,"",""
ball,1,4.2,Brisbane Heat,M Bryant,CA Lynn,P Hatzoglou,1,0,,,,,,"",""
ball,1,4.3,Brisbane Heat,CA Lynn,M Bryant,P Hatzoglou,1,0,,,,,,"",""
ball,1,4.4,Brisbane Heat,M Bryant,CA Lynn,P Hatzoglou,0,0,,,,,,"",""
ball,1,4.5,Brisbane Heat,M Bryant,CA Lynn,P Hatzoglou,0,1,,,,1,,"",""
ball,1,4.6,Brisbane Heat,CA Lynn,M Bryant,P Hatzoglou,0,0,,,,,,"",""
ball,1,5.1,Brisbane Heat,M Bryant,CA Lynn,MR Marsh,0,0,,,,,,"",""
ball,1,5.2,Brisbane Heat,M Bryant,CA Lynn,MR Marsh,1,0,,,,,,"",""
ball,1,5.3,Brisbane Heat,CA Lynn,M Bryant,MR Marsh,0,0,,,,,,caught,CA Lynn
ball,1,5.4,Brisbane Heat,M Bryant,BM Duckett,MR Marsh,1,0,,,,,,"",""
ball,1,5.5,Brisbane Heat,BM Duckett,M Bryant,MR Marsh,0,0,,,,,,"",""
ball,1,5.6,Brisbane Heat,BM Duckett,M Bryant,MR Marsh,0,0,,,,,,"",""
ball,1,6.1,Brisbane Heat,M Bryant,BM Duckett,JP Behrendorff,1,0,,,,,,"",""
ball,1,6.2,Brisbane Heat,BM Duckett,M Bryant,JP Behrendorff,0,0,,,,,,"",""
ball,1,6.3,Brisbane Heat,BM Duckett,M Bryant,JP Behrendorff,1,0,,,,,,"",""
ball,1,6.4,Brisbane Heat,M Bryant,BM Duckett,JP Behrendorff,1,0,,,,,,"",""
ball,1,6.5,Brisbane Heat,BM Duckett,M Bryant,JP Behrendorff,0,0,,,,,,"",""
ball,1,6.6,Brisbane Heat,BM Duckett,M Bryant,JP Behrendorff,0,0,,,,,,"",""
ball,1,7.1,Brisbane Heat,M Bryant,BM Duckett,MR Marsh,1,0,,,,,,"",""
ball,1,7.2,Brisbane Heat,BM Duckett,M Bryant,MR Marsh,0,0,,,,,,"",""
ball,1,7.3,Brisbane Heat,BM Duckett,M Bryant,MR Marsh,2,0,,,,,,"",""
ball,1,7.4,Brisbane Heat,BM Duckett,M Bryant,MR Marsh,1,0,,,,,,"",""
ball,1,7.5,Brisbane Heat,M Bryant,BM Duckett,MR Marsh,4,0,,,,,,"",""
ball,1,7.6,Brisbane Heat,M Bryant,BM Duckett,MR Marsh,0,1,,,,1,,"",""
ball,1,8.1,Brisbane Heat,M Bryant,BM Duckett,AJ Tye,6,0,,,,,,"",""
ball,1,8.2,Brisbane Heat,M Bryant,BM Duckett,AJ Tye,4,0,,,,,,"",""
ball,1,8.3,Brisbane Heat,M Bryant,BM Duckett,AJ Tye,1,0,,,,,,"",""
ball,1,8.4,Brisbane Heat,BM Duckett,M Bryant,AJ Tye,1,0,,,,,,"",""
ball,1,8.5,Brisbane Heat,M Bryant,BM Duckett,AJ Tye,1,0,,,,,,"",""
ball,1,8.6,Brisbane Heat,BM Duckett,M Bryant,AJ Tye,1,0,,,,,,"",""
ball,1,9.1,Brisbane Heat,BM Duckett,M Bryant,P Hatzoglou,0,0,,,,,,caught,BM Duckett
ball,1,9.2,Brisbane Heat,M Bryant,SD Heazlett,P Hatzoglou,1,0,,,,,,"",""
ball,1,9.3,Brisbane Heat,SD Heazlett,M Bryant,P Hatzoglou,0,0,,,,,,"",""
ball,1,9.4,Brisbane Heat,SD Heazlett,M Bryant,P Hatzoglou,4,0,,,,,,"",""
ball,1,9.5,Brisbane Heat,SD Heazlett,M Bryant,P Hatzoglou,1,0,,,,,,"",""
ball,1,9.6,Brisbane Heat,M Bryant,SD Heazlett,P Hatzoglou,0,0,,,,,,"",""
ball,1,10.1,Brisbane Heat,SD Heazlett,M Bryant,AC Agar,1,0,,,,,,"",""
ball,1,10.2,Brisbane Heat,M Bryant,SD Heazlett,AC Agar,0,0,,,,,,"",""
ball,1,10.3,Brisbane Heat,M Bryant,SD Heazlett,AC Agar,1,0,,,,,,"",""
ball,1,10.4,Brisbane Heat,SD Heazlett,M Bryant,AC Agar,1,0,,,,,,"",""
ball,1,10.5,Brisbane Heat,M Bryant,SD Heazlett,AC Agar,1,0,,,,,,"",""
ball,1,10.6,Brisbane Heat,SD Heazlett,M Bryant,AC Agar,1,0,,,,,,"",""
ball,1,11.1,Brisbane Heat,SD Heazlett,M Bryant,P Hatzoglou,1,0,,,,,,"",""
ball,1,11.2,Brisbane Heat,M Bryant,SD Heazlett,P Hatzoglou,0,0,,,,,,"",""
ball,1,11.3,Brisbane Heat,M Bryant,SD Heazlett,P Hatzoglou,1,0,,,,,,"",""
ball,1,11.4,Brisbane Heat,SD Heazlett,M Bryant,P Hatzoglou,1,0,,,,,,"",""
ball,1,11.5,Brisbane Heat,M Bryant,SD Heazlett,P Hatzoglou,0,0,,,,,,"",""
ball,1,11.6,Brisbane Heat,M Bryant,SD Heazlett,P Hatzoglou,0,0,,,,,,"",""
ball,1,12.1,Brisbane Heat,SD Heazlett,M Bryant,AC Agar,0,0,,,,,,caught,SD Heazlett
ball,1,12.2,Brisbane Heat,NA McSweeney,M Bryant,AC Agar,0,0,,,,,,"",""
ball,1,12.3,Brisbane Heat,NA McSweeney,M Bryant,AC Agar,1,0,,,,,,"",""
ball,1,12.4,Brisbane Heat,M Bryant,NA McSweeney,AC Agar,1,0,,,,,,"",""
ball,1,12.5,Brisbane Heat,NA McSweeney,M Bryant,AC Agar,4,0,,,,,,"",""
ball,1,12.6,Brisbane Heat,NA McSweeney,M Bryant,AC Agar,0,0,,,,,,"",""
ball,1,13.1,Brisbane Heat,M Bryant,NA McSweeney,P Hatzoglou,1,0,,,,,,"",""
ball,1,13.2,Brisbane Heat,NA McSweeney,M Bryant,P Hatzoglou,1,0,,,,,,"",""
ball,1,13.3,Brisbane Heat,M Bryant,NA McSweeney,P Hatzoglou,1,0,,,,,,"",""
ball,1,13.4,Brisbane Heat,NA McSweeney,M Bryant,P Hatzoglou,0,0,,,,,,caught,NA McSweeney
ball,1,13.5,Brisbane Heat,JJ Peirson,M Bryant,P Hatzoglou,1,0,,,,,,"",""
ball,1,13.6,Brisbane Heat,M Bryant,JJ Peirson,P Hatzoglou,1,0,,,,,,"",""
ball,1,14.1,Brisbane Heat,M Bryant,JJ Peirson,AC Agar,0,0,,,,,,"",""
ball,1,14.2,Brisbane Heat,M Bryant,JJ Peirson,AC Agar,0,0,,,,,,"",""
ball,1,14.3,Brisbane Heat,M Bryant,JJ Peirson,AC Agar,1,0,,,,,,"",""
ball,1,14.4,Brisbane Heat,JJ Peirson,M Bryant,AC Agar,0,0,,,,,,"",""
ball,1,14.5,Brisbane Heat,JJ Peirson,M Bryant,AC Agar,2,0,,,,,,"",""
ball,1,14.6,Brisbane Heat,JJ Peirson,M Bryant,AC Agar,1,0,,,,,,"",""
ball,1,15.1,Brisbane Heat,JJ Peirson,M Bryant,MR Marsh,2,0,,,,,,"",""
ball,1,15.2,Brisbane Heat,JJ Peirson,M Bryant,MR Marsh,1,0,,,,,,"",""
ball,1,15.3,Brisbane Heat,M Bryant,JJ Peirson,MR Marsh,6,0,,,,,,"",""
ball,1,15.4,Brisbane Heat,M Bryant,JJ Peirson,MR Marsh,0,0,,,,,,"",""
ball,1,15.5,Brisbane Heat,M Bryant,JJ Peirson,MR Marsh,2,0,,,,,,"",""
ball,1,15.6,Brisbane Heat,M Bryant,JJ Peirson,MR Marsh,0,1,1,,,,,"",""
ball,1,15.7,Brisbane Heat,M Bryant,JJ Peirson,MR Marsh,4,0,,,,,,"",""
ball,1,16.1,Brisbane Heat,JJ Peirson,M Bryant,AJ Tye,4,0,,,,,,"",""
ball,1,16.2,Brisbane Heat,JJ Peirson,M Bryant,AJ Tye,6,0,,,,,,"",""
ball,1,16.3,Brisbane Heat,JJ Peirson,M Bryant,AJ Tye,0,0,,,,,,"",""
ball,1,16.4,Brisbane Heat,JJ Peirson,M Bryant,AJ Tye,1,0,,,,,,"",""
ball,1,16.5,Brisbane Heat,M Bryant,JJ Peirson,AJ Tye,0,0,,,,,,"",""
ball,1,16.6,Brisbane Heat,M Bryant,JJ Peirson,AJ Tye,3,0,,,,,,"",""
ball,1,17.1,Brisbane Heat,M Bryant,JJ Peirson,JP Behrendorff,1,0,,,,,,"",""
ball,1,17.2,Brisbane Heat,JJ Peirson,M Bryant,JP Behrendorff,1,0,,,,,,"",""
ball,1,17.3,Brisbane Heat,M Bryant,JJ Peirson,JP Behrendorff,0,0,,,,,,caught,M Bryant
ball,1,17.4,Brisbane Heat,JJ Peirson,JJ Bazley,JP Behrendorff,1,0,,,,,,"",""
ball,1,17.5,Brisbane Heat,JJ Bazley,JJ Peirson,JP Behrendorff,1,0,,,,,,"",""
ball,1,17.6,Brisbane Heat,JJ Peirson,JJ Bazley,JP Behrendorff,1,0,,,,,,"",""
ball,1,18.1,Brisbane Heat,JJ Peirson,JJ Bazley,AJ Tye,1,0,,,,,,"",""
ball,1,18.2,Brisbane Heat,JJ Bazley,JJ Peirson,AJ Tye,4,0,,,,,,"",""
ball,1,18.3,Brisbane Heat,JJ Bazley,JJ Peirson,AJ Tye,4,0,,,,,,"",""
ball,1,18.4,Brisbane Heat,JJ Bazley,JJ Peirson,AJ Tye,0,0,,,,,,"",""
ball,1,18.5,Brisbane Heat,JJ Bazley,JJ Peirson,AJ Tye,0,0,,,,,,caught,JJ Bazley
ball,1,18.6,Brisbane Heat,JJ Peirson,MG Neser,AJ Tye,0,0,,,,,,"",""
ball,1,19.1,Brisbane Heat,MG Neser,JJ Peirson,JP Behrendorff,0,0,,,,,,caught,MG Neser
ball,1,19.2,Brisbane Heat,JJ Peirson,MT Steketee,JP Behrendorff,0,1,1,,,,,"",""
ball,1,19.3,Brisbane Heat,JJ Peirson,MT Steketee,JP Behrendorff,0,0,,,,,,"",""
ball,1,19.4,Brisbane Heat,JJ Peirson,MT Steketee,JP Behrendorff,1,0,,,,,,"",""
ball,1,19.5,Brisbane Heat,MT Steketee,JJ Peirson,JP Behrendorff,0,1,,,1,,,"",""
ball,1,19.6,Brisbane Heat,JJ Peirson,MT Steketee,JP Behrendorff,2,0,,,,,,"",""
ball,1,19.7,Brisbane Heat,JJ Peirson,MT Steketee,JP Behrendorff,6,0,,,,,,"",""
ball,2,0.1,Perth Scorchers,KR Patterson,JP Inglis,MG Neser,0,0,,,,,,"",""
ball,2,0.2,Perth Scorchers,KR Patterson,JP Inglis,MG Neser,0,0,,,,,,"",""
ball,2,0.3,Perth Scorchers,KR Patterson,JP Inglis,MG Neser,0,0,,,,,,"",""
ball,2,0.4,Perth Scorchers,KR Patterson,JP Inglis,MG Neser,0,0,,,,,,"",""
ball,2,0.5,Perth Scorchers,KR Patterson,JP Inglis,MG Neser,6,0,,,,,,"",""
ball,2,0.6,Perth Scorchers,KR Patterson,JP Inglis,MG Neser,4,0,,,,,,"",""
ball,2,1.1,Perth Scorchers,JP Inglis,KR Patterson,MT Steketee,1,0,,,,,,"",""
ball,2,1.2,Perth Scorchers,KR Patterson,JP Inglis,MT Steketee,0,0,,,,,,"",""
ball,2,1.3,Perth Scorchers,KR Patterson,JP Inglis,MT Steketee,0,0,,,,,,"",""
ball,2,1.4,Perth Scorchers,KR Patterson,JP Inglis,MT Steketee,1,0,,,,,,"",""
ball,2,1.5,Perth Scorchers,JP Inglis,KR Patterson,MT Steketee,0,0,,,,,,"",""
ball,2,1.6,Perth Scorchers,JP Inglis,KR Patterson,MT Steketee,1,0,,,,,,"",""
ball,2,2.1,Perth Scorchers,JP Inglis,KR Patterson,JJ Bazley,0,0,,,,,,"",""
ball,2,2.2,Perth Scorchers,JP Inglis,KR Patterson,JJ Bazley,1,0,,,,,,"",""
ball,2,2.3,Perth Scorchers,KR Patterson,JP Inglis,JJ Bazley,0,0,,,,,,"",""
ball,2,2.4,Perth Scorchers,KR Patterson,JP Inglis,JJ Bazley,0,0,,,,,,"",""
ball,2,2.5,Perth Scorchers,KR Patterson,JP Inglis,JJ Bazley,1,0,,,,,,"",""
ball,2,2.6,Perth Scorchers,JP Inglis,KR Patterson,JJ Bazley,4,0,,,,,,"",""
ball,2,3.1,Perth Scorchers,KR Patterson,JP Inglis,MT Steketee,6,0,,,,,,"",""
ball,2,3.2,Perth Scorchers,KR Patterson,JP Inglis,MT Steketee,6,0,,,,,,"",""
ball,2,3.3,Perth Scorchers,KR Patterson,JP Inglis,MT Steketee,0,0,,,,,,"",""
ball,2,3.4,Perth Scorchers,KR Patterson,JP Inglis,MT Steketee,0,1,,,,1,,"",""
ball,2,3.5,Perth Scorchers,JP Inglis,KR Patterson,MT Steketee,0,0,,,,,,"",""
ball,2,3.6,Perth Scorchers,JP Inglis,KR Patterson,MT Steketee,0,1,1,,,,,"",""
ball,2,3.7,Perth Scorchers,JP Inglis,KR Patterson,MT Steketee,1,0,,,,,,"",""
ball,2,4.1,Perth Scorchers,JP Inglis,KR Patterson,MJ Swepson,4,0,,,,,,"",""
ball,2,4.2,Perth Scorchers,JP Inglis,KR Patterson,MJ Swepson,1,0,,,,,,"",""
ball,2,4.3,Perth Scorchers,KR Patterson,JP Inglis,MJ Swepson,1,0,,,,,,"",""
ball,2,4.4,Perth Scorchers,JP Inglis,KR Patterson,MJ Swepson,0,0,,,,,,"",""
ball,2,4.5,Perth Scorchers,JP Inglis,KR Patterson,MJ Swepson,4,0,,,,,,"",""
ball,2,4.6,Perth Scorchers,JP Inglis,KR Patterson,MJ Swepson,1,0,,,,,,"",""
ball,2,5.1,Perth Scorchers,JP Inglis,KR Patterson,MG Neser,0,0,,,,,,"",""
ball,2,5.2,Perth Scorchers,JP Inglis,KR Patterson,MG Neser,0,0,,,,,,caught,JP Inglis
ball,2,5.3,Perth Scorchers,KR Patterson,MR Marsh,MG Neser,0,0,,,,,,"",""
ball,2,5.4,Perth Scorchers,KR Patterson,MR Marsh,MG Neser,1,0,,,,,,"",""
ball,2,5.5,Perth Scorchers,MR Marsh,KR Patterson,MG Neser,0,0,,,,,,"",""
ball,2,5.6,Perth Scorchers,MR Marsh,KR Patterson,MG Neser,1,0,,,,,,"",""
ball,2,6.1,Perth Scorchers,MR Marsh,KR Patterson,MJ Swepson,1,0,,,,,,"",""
ball,2,6.2,Perth Scorchers,KR Patterson,MR Marsh,MJ Swepson,0,0,,,,,,lbw,KR Patterson
ball,2,6.3,Perth Scorchers,C Munro,MR Marsh,MJ Swepson,0,0,,,,,,"",""
ball,2,6.4,Perth Scorchers,C Munro,MR Marsh,MJ Swepson,0,0,,,,,,"",""
ball,2,6.5,Perth Scorchers,C Munro,MR Marsh,MJ Swepson,1,0,,,,,,"",""
ball,2,6.6,Perth Scorchers,MR Marsh,C Munro,MJ Swepson,0,0,,,,,,"",""
ball,2,7.1,Perth Scorchers,C Munro,MR Marsh,MP Kuhnemann,1,0,,,,,,"",""
ball,2,7.2,Perth Scorchers,MR Marsh,C Munro,MP Kuhnemann,1,0,,,,,,"",""
ball,2,7.3,Perth Scorchers,C Munro,MR Marsh,MP Kuhnemann,1,0,,,,,,"",""
ball,2,7.4,Perth Scorchers,MR Marsh,C Munro,MP Kuhnemann,1,0,,,,,,"",""
ball,2,7.5,Perth Scorchers,C Munro,MR Marsh,MP Kuhnemann,0,0,,,,,,"",""
ball,2,7.6,Perth Scorchers,C Munro,MR Marsh,MP Kuhnemann,0,0,,,,,,"",""
ball,2,8.1,Perth Scorchers,MR Marsh,C Munro,JJ Bazley,1,0,,,,,,"",""
ball,2,8.2,Perth Scorchers,C Munro,MR Marsh,JJ Bazley,4,0,,,,,,"",""
ball,2,8.3,Perth Scorchers,C Munro,MR Marsh,JJ Bazley,2,0,,,,,,"",""
ball,2,8.4,Perth Scorchers,C Munro,MR Marsh,JJ Bazley,1,0,,,,,,"",""
ball,2,8.5,Perth Scorchers,MR Marsh,C Munro,JJ Bazley,1,0,,,,,,"",""
ball,2,8.6,Perth Scorchers,C Munro,MR Marsh,JJ Bazley,1,0,,,,,,"",""
ball,2,9.1,Perth Scorchers,C Munro,MR Marsh,MJ Swepson,1,0,,,,,,"",""
ball,2,9.2,Perth Scorchers,MR Marsh,C Munro,MJ Swepson,1,0,,,,,,"",""
ball,2,9.3,Perth Scorchers,C Munro,MR Marsh,MJ Swepson,1,0,,,,,,"",""
ball,2,9.4,Perth Scorchers,MR Marsh,C Munro,MJ Swepson,1,0,,,,,,"",""
ball,2,9.5,Perth Scorchers,C Munro,MR Marsh,MJ Swepson,0,0,,,,,,"",""
ball,2,9.6,Perth Scorchers,C Munro,MR Marsh,MJ Swepson,0,0,,,,,,"",""
ball,2,10.1,Perth Scorchers,MR Marsh,C Munro,MP Kuhnemann,0,0,,,,,,"",""
ball,2,10.2,Perth Scorchers,MR Marsh,C Munro,MP Kuhnemann,6,0,,,,,,"",""
ball,2,10.3,Perth Scorchers,MR Marsh,C Munro,MP Kuhnemann,1,0,,,,,,"",""
ball,2,10.4,Perth Scorchers,C Munro,MR Marsh,MP Kuhnemann,0,0,,,,,,"",""
ball,2,10.5,Perth Scorchers,C Munro,MR Marsh,MP Kuhnemann,1,0,,,,,,"",""
ball,2,10.6,Perth Scorchers,MR Marsh,C Munro,MP Kuhnemann,1,0,,,,,,"",""
ball,2,11.1,Perth Scorchers,MR Marsh,C Munro,MG Neser,1,0,,,,,,"",""
ball,2,11.2,Perth Scorchers,C Munro,MR Marsh,MG Neser,1,0,,,,,,"",""
ball,2,11.3,Perth Scorchers,MR Marsh,C Munro,MG Neser,0,0,,,,,,"",""
ball,2,11.4,Perth Scorchers,MR Marsh,C Munro,MG Neser,1,0,,,,,,"",""
ball,2,11.5,Perth Scorchers,C Munro,MR Marsh,MG Neser,6,0,,,,,,"",""
ball,2,11.6,Perth Scorchers,C Munro,MR Marsh,MG Neser,0,1,1,,,,,"",""
ball,2,11.7,Perth Scorchers,C Munro,MR Marsh,MG Neser,0,0,,,,,,"",""
ball,2,12.1,Perth Scorchers,MR Marsh,C Munro,MT Steketee,4,0,,,,,,"",""
ball,2,12.2,Perth Scorchers,MR Marsh,C Munro,MT Steketee,6,0,,,,,,"",""
ball,2,12.3,Perth Scorchers,MR Marsh,C Munro,MT Steketee,0,0,,,,,,"",""
ball,2,12.4,Perth Scorchers,MR Marsh,C Munro,MT Steketee,2,0,,,,,,"",""
ball,2,12.5,Perth Scorchers,MR Marsh,C Munro,MT Steketee,0,0,,,,,,"",""
ball,2,12.6,Perth Scorchers,MR Marsh,C Munro,MT Steketee,1,0,,,,,,"",""
ball,2,13.1,Perth Scorchers,MR Marsh,C Munro,JJ Bazley,6,0,,,,,,"",""
ball,2,13.2,Perth Scorchers,MR Marsh,C Munro,JJ Bazley,0,1,1,,,,,"",""
ball,2,13.3,Perth Scorchers,MR Marsh,C Munro,JJ Bazley,0,0,,,,,,"",""
ball,2,13.4,Perth Scorchers,MR Marsh,C Munro,JJ Bazley,4,0,,,,,,"",""
ball,2,13.5,Perth Scorchers,MR Marsh,C Munro,JJ Bazley,4,0,,,,,,"",""
ball,2,13.6,Perth Scorchers,MR Marsh,C Munro,JJ Bazley,4,0,,,,,,"",""
ball,2,13.7,Perth Scorchers,MR Marsh,C Munro,JJ Bazley,4,0,,,,,,"",""
ball,2,14.1,Perth Scorchers,C Munro,MR Marsh,MP Kuhnemann,1,0,,,,,,"",""
ball,2,14.2,Perth Scorchers,MR Marsh,C Munro,MP Kuhnemann,4,0,,,,,,"",""
ball,2,14.3,Perth Scorchers,MR Marsh,C Munro,MP Kuhnemann,2,0,,,,,,"",""
ball,2,14.4,Perth Scorchers,MR Marsh,C Munro,MP Kuhnemann,0,1,,,1,,,"",""
ball,2,14.5,Perth Scorchers,C Munro,MR Marsh,MP Kuhnemann,0,0,,,,,,"",""
ball,2,14.6,Perth Scorchers,C Munro,MR Marsh,MP Kuhnemann,1,0,,,,,,"",""
ball,2,15.1,Perth Scorchers,C Munro,MR Marsh,MJ Swepson,0,0,,,,,,"",""
ball,2,15.2,Perth Scorchers,C Munro,MR Marsh,MJ Swepson,0,0,,,,,,"",""
ball,2,15.3,Perth Scorchers,C Munro,MR Marsh,MJ Swepson,1,0,,,,,,"",""
ball,2,15.4,Perth Scorchers,MR Marsh,C Munro,MJ Swepson,0,0,,,,,,"",""
ball,2,15.5,Perth Scorchers,MR Marsh,C Munro,MJ Swepson,0,0,,,,,,caught,MR Marsh
ball,2,15.6,Perth Scorchers,AJ Turner,C Munro,MJ Swepson,1,0,,,,,,"",""
ball,2,16.1,Perth Scorchers,AJ Turner,C Munro,NA McSweeney,0,0,,,,,,"",""
ball,2,16.2,Perth Scorchers,AJ Turner,C Munro,NA McSweeney,6,0,,,,,,"",""
ball,2,16.3,Perth Scorchers,AJ Turner,C Munro,NA McSweeney,0,0,,,,,,"",""
ball,2,16.4,Perth Scorchers,AJ Turner,C Munro,NA McSweeney,0,0,,,,,,"",""
ball,2,16.5,Perth Scorchers,AJ Turner,C Munro,NA McSweeney,1,0,,,,,,"",""
ball,2,16.6,Perth Scorchers,C Munro,AJ Turner,NA McSweeney,0,0,,,,,,"",""
ball,2,17.1,Perth Scorchers,AJ Turner,C Munro,MP Kuhnemann,0,0,,,,,,"",""
ball,2,17.2,Perth Scorchers,AJ Turner,C Munro,MP Kuhnemann,0,0,,,,,,"",""
ball,2,17.3,Perth Scorchers,AJ Turner,C Munro,MP Kuhnemann,6,0,,,,,,"",""
ball,2,17.4,Perth Scorchers,AJ Turner,C Munro,MP Kuhnemann,0,0,,,,,,"",""
ball,2,17.5,Perth Scorchers,AJ Turner,C Munro,MP Kuhnemann,1,0,,,,,,"",""
ball,2,17.6,Perth Scorchers,C Munro,AJ Turner,MP Kuhnemann,0,0,,,,,,caught,C Munro
ball,2,18.1,Perth Scorchers,AJ Turner,AM Hardie,MT Steketee,2,0,,,,,,"",""
ball,2,18.2,Perth Scorchers,AJ Turner,AM Hardie,MT Steketee,0,0,,,,,,"",""
ball,2,18.3,Perth Scorchers,AJ Turner,AM Hardie,MT Steketee,1,0,,,,,,"",""
ball,2,18.4,Perth Scorchers,AM Hardie,AJ Turner,MT Steketee,6,0,,,,,,"",""
