version,1.7.0
info,balls_per_over,6
info,team,Perth Scorchers
info,team,Sydney Sixers
info,gender,male
info,season,2021/22
info,date,2022/01/04
info,event,Big Bash League
info,match_number,38
info,venue,Carrara Oval
info,city,Carrara
info,toss_winner,Perth Scorchers
info,toss_decision,bat
info,player_of_match,AM Hardie
info,umpire,GA Abood
info,umpire,Troy Penman
info,reserve_umpire,Steven Farrell
info,tv_umpire,D Taylor
info,match_referee,Kepler Wessels
info,winner,Perth Scorchers
info,winner_runs,10
info,player,Perth Scorchers,KR Patterson
info,player,Perth Scorchers,CT Bancroft
info,player,Perth Scorchers,C Munro
info,player,Perth Scorchers,LJ Evans
info,player,Perth Scorchers,AJ Turner
info,player,Perth Scorchers,AM Hardie
info,player,Perth Scorchers,AC Agar
info,player,Perth Scorchers,AJ Tye
info,player,Perth Scorchers,P Hatzoglou
info,player,Perth Scorchers,TS Mills
info,player,Perth Scorchers,LR Morris
info,player,Sydney Sixers,JR Philippe
info,player,Sydney Sixers,JM Vince
info,player,Sydney Sixers,J Edwards
info,player,Sydney Sixers,MC Henriques
info,player,Sydney Sixers,JC Silk
info,player,Sydney Sixers,DT Christian
info,player,Sydney Sixers,SA Abbott
info,player,Sydney Sixers,H Kerr
info,player,Sydney Sixers,BJ Dwarshuis
info,player,Sydney Sixers,JM Bird
info,player,Sydney Sixers,SNJ O'Keefe
info,registry,people,AC Agar,a2421394
info,registry,people,AJ Turner,ff1e12a0
info,registry,people,AJ Tye,7c7d63a2
info,registry,people,AM Hardie,d405c0d5
info,registry,people,BJ Dwarshuis,e1b9f3a9
info,registry,people,C Munro,af2c687b
info,registry,people,CJM Sabburg,9fc73711
info,registry,people,CT Bancroft,399b0b94
info,registry,people,D Taylor,b940a2b2
info,registry,people,DT Christian,2a2e6343
info,registry,people,GA Abood,a4af5528
info,registry,people,H Kerr,f422728b
info,registry,people,J Edwards,f787e0eb
info,registry,people,JC Silk,7a6dc294
info,registry,people,JM Bird,bc773eeb
info,registry,people,JM Vince,a15618fe
info,registry,people,JR Philippe,39086549
info,registry,people,KR Patterson,e3bf8356
info,registry,people,Kepler Wessels,3bedaff0
info,registry,people,LJ Evans,1c513d54
info,registry,people,LR Morris,b08e58e2
info,registry,people,MC Henriques,32198ae0
info,registry,people,P Hatzoglou,6f95e5fa
info,registry,people,SA Abbott,1a2676c5
info,registry,people,SNJ O'Keefe,3540beff
info,registry,people,Steven Farrell,512226fb
info,registry,people,TS Mills,245c97cb
info,registry,people,Troy Penman,0aa42c26
ball,1,0.1,Perth Scorchers,KR Patterson,CT Bancroft,JM Bird,1,0,,,,,,"",""
ball,1,0.2,Perth Scorchers,CT Bancroft,KR Patterson,JM Bird,1,0,,,,,,"",""
ball,1,0.3,Perth Scorchers,KR Patterson,CT Bancroft,JM Bird,1,0,,,,,,"",""
ball,1,0.4,Perth Scorchers,CT Bancroft,KR Patterson,JM Bird,0,0,,,,,,"",""
ball,1,0.5,Perth Scorchers,CT Bancroft,KR Patterson,JM Bird,4,0,,,,,,"",""
ball,1,0.6,Perth Scorchers,CT Bancroft,KR Patterson,JM Bird,0,0,,,,,,"",""
ball,1,1.1,Perth Scorchers,KR Patterson,CT Bancroft,SA Abbott,4,0,,,,,,"",""
ball,1,1.2,Perth Scorchers,KR Patterson,CT Bancroft,SA Abbott,0,0,,,,,,"",""
ball,1,1.3,Perth Scorchers,KR Patterson,CT Bancroft,SA Abbott,0,1,,,,1,,"",""
ball,1,1.4,Perth Scorchers,CT Bancroft,KR Patterson,SA Abbott,0,1,,,,1,,"",""
ball,1,1.5,Perth Scorchers,KR Patterson,CT Bancroft,SA Abbott,1,0,,,,,,"",""
ball,1,1.6,Perth Scorchers,CT Bancroft,KR Patterson,SA Abbott,1,0,,,,,,"",""
ball,1,2.1,Perth Scorchers,CT Bancroft,KR Patterson,JM Bird,0,0,,,,,,caught,CT Bancroft
ball,1,2.2,Perth Scorchers,C Munro,KR Patterson,JM Bird,0,0,,,,,,"",""
ball,1,2.3,Perth Scorchers,C Munro,KR Patterson,JM Bird,0,1,1,,,,,"",""
ball,1,2.4,Perth Scorchers,C Munro,KR Patterson,JM Bird,0,0,,,,,,"",""
ball,1,2.5,Perth Scorchers,C Munro,KR Patterson,JM Bird,1,0,,,,,,"",""
ball,1,2.6,Perth Scorchers,KR Patterson,C Munro,JM Bird,2,0,,,,,,"",""
ball,1,2.7,Perth Scorchers,KR Patterson,C Munro,JM Bird,2,0,,,,,,"",""
ball,1,3.1,Perth Scorchers,C Munro,KR Patterson,SA Abbott,0,0,,,,,,"",""
ball,1,3.2,Perth Scorchers,C Munro,KR Patterson,SA Abbott,1,0,,,,,,"",""
ball,1,3.3,Perth Scorchers,KR Patterson,C Munro,SA Abbott,0,0,,,,,,"",""
ball,1,3.4,Perth Scorchers,KR Patterson,C Munro,SA Abbott,1,0,,,,,,"",""
ball,1,3.5,Perth Scorchers,C Munro,KR Patterson,SA Abbott,0,0,,,,,,"",""
ball,1,3.6,Perth Scorchers,C Munro,KR Patterson,SA Abbott,0,0,,,,,,"",""
ball,1,4.1,Perth Scorchers,KR Patterson,C Munro,BJ Dwarshuis,0,0,,,,,,"",""
ball,1,4.2,Perth Scorchers,KR Patterson,C Munro,BJ Dwarshuis,1,0,,,,,,"",""
ball,1,4.3,Perth Scorchers,C Munro,KR Patterson,BJ Dwarshuis,2,0,,,,,,"",""
ball,1,4.4,Perth Scorchers,C Munro,KR Patterson,BJ Dwarshuis,0,0,,,,,,"",""
ball,1,4.5,Perth Scorchers,C Munro,KR Patterson,BJ Dwarshuis,0,0,,,,,,"",""
ball,1,4.6,Perth Scorchers,C Munro,KR Patterson,BJ Dwarshuis,1,0,,,,,,"",""
ball,1,5.1,Perth Scorchers,C Munro,KR Patterson,H Kerr,1,0,,,,,,"",""
ball,1,5.2,Perth Scorchers,KR Patterson,C Munro,H Kerr,0,1,,,,1,,"",""
ball,1,5.3,Perth Scorchers,C Munro,KR Patterson,H Kerr,0,0,,,,,,"",""
ball,1,5.4,Perth Scorchers,C Munro,KR Patterson,H Kerr,2,0,,,,,,"",""
ball,1,5.5,Perth Scorchers,C Munro,KR Patterson,H Kerr,0,1,1,,,,,"",""
ball,1,5.6,Perth Scorchers,C Munro,KR Patterson,H Kerr,1,0,,,,,,"",""
ball,1,5.7,Perth Scorchers,KR Patterson,C Munro,H Kerr,2,0,,,,,,"",""
ball,1,6.1,Perth Scorchers,C Munro,KR Patterson,JM Bird,1,0,,,,,,"",""
ball,1,6.2,Perth Scorchers,KR Patterson,C Munro,JM Bird,0,0,,,,,,"",""
ball,1,6.3,Perth Scorchers,KR Patterson,C Munro,JM Bird,1,0,,,,,,"",""
ball,1,6.4,Perth Scorchers,C Munro,KR Patterson,JM Bird,0,0,,,,,,"",""
ball,1,6.5,Perth Scorchers,C Munro,KR Patterson,JM Bird,1,0,,,,,,"",""
ball,1,6.6,Perth Scorchers,KR Patterson,C Munro,JM Bird,6,0,,,,,,"",""
ball,1,7.1,Perth Scorchers,C Munro,KR Patterson,SNJ O'Keefe,0,0,,,,,,"",""
ball,1,7.2,Perth Scorchers,C Munro,KR Patterson,SNJ O'Keefe,1,0,,,,,,"",""
ball,1,7.3,Perth Scorchers,KR Patterson,C Munro,SNJ O'Keefe,1,0,,,,,,"",""
ball,1,7.4,Perth Scorchers,C Munro,KR Patterson,SNJ O'Keefe,1,0,,,,,,"",""
ball,1,7.5,Perth Scorchers,KR Patterson,C Munro,SNJ O'Keefe,1,0,,,,,,"",""
ball,1,7.6,Perth Scorchers,C Munro,KR Patterson,SNJ O'Keefe,1,0,,,,,,"",""
ball,1,8.1,Perth Scorchers,C Munro,KR Patterson,DT Christian,1,0,,,,,,"",""
ball,1,8.2,Perth Scorchers,KR Patterson,C Munro,DT Christian,1,0,,,,,,"",""
ball,1,8.3,Perth Scorchers,C Munro,KR Patterson,DT Christian,0,0,,,,,,"",""
ball,1,8.4,Perth Scorchers,C Munro,KR Patterson,DT Christian,0,0,,,,,,"",""
ball,1,8.5,Perth Scorchers,C Munro,KR Patterson,DT Christian,1,0,,,,,,"",""
ball,1,8.6,Perth Scorchers,KR Patterson,C Munro,DT Christian,0,0,,,,,,"",""
ball,1,9.1,Perth Scorchers,C Munro,KR Patterson,SNJ O'Keefe,1,0,,,,,,"",""
ball,1,9.2,Perth Scorchers,KR Patterson,C Munro,SNJ O'Keefe,0,0,,,,,,"",""
ball,1,9.3,Perth Scorchers,KR Patterson,C Munro,SNJ O'Keefe,1,0,,,,,,"",""
ball,1,9.4,Perth Scorchers,C Munro,KR Patterson,SNJ O'Keefe,6,0,,,,,,"",""
ball,1,9.5,Perth Scorchers,C Munro,KR Patterson,SNJ O'Keefe,1,0,,,,,,"",""
ball,1,9.6,Perth Scorchers,KR Patterson,C Munro,SNJ O'Keefe,1,0,,,,,,"",""
ball,1,10.1,Perth Scorchers,KR Patterson,C Munro,DT Christian,0,0,,,,,,caught,KR Patterson
ball,1,10.2,Perth Scorchers,LJ Evans,C Munro,DT Christian,0,0,,,,,,"",""
ball,1,10.3,Perth Scorchers,LJ Evans,C Munro,DT Christian,0,0,,,,,,"",""
ball,1,10.4,Perth Scorchers,LJ Evans,C Munro,DT Christian,0,0,,,,,,caught,LJ Evans
ball,1,10.5,Perth Scorchers,AJ Turner,C Munro,DT Christian,1,0,,,,,,"",""
ball,1,10.6,Perth Scorchers,C Munro,AJ Turner,DT Christian,1,0,,,,,,"",""
ball,1,11.1,Perth Scorchers,C Munro,AJ Turner,BJ Dwarshuis,0,1,,,,1,,"",""
ball,1,11.2,Perth Scorchers,AJ Turner,C Munro,BJ Dwarshuis,1,0,,,,,,"",""
ball,1,11.3,Perth Scorchers,C Munro,AJ Turner,BJ Dwarshuis,0,0,,,,,,"",""
ball,1,11.4,Perth Scorchers,C Munro,AJ Turner,BJ Dwarshuis,0,0,,,,,,"",""
ball,1,11.5,Perth Scorchers,C Munro,AJ Turner,BJ Dwarshuis,0,0,,,,,,"",""
ball,1,11.6,Perth Scorchers,C Munro,AJ Turner,BJ Dwarshuis,2,0,,,,,,"",""
ball,1,12.1,Perth Scorchers,AJ Turner,C Munro,H Kerr,0,0,,,,,,"",""
ball,1,12.2,Perth Scorchers,AJ Turner,C Munro,H Kerr,0,0,,,,,,caught,AJ Turner
ball,1,12.3,Perth Scorchers,AM Hardie,C Munro,H Kerr,0,0,,,,,,"",""
ball,1,12.4,Perth Scorchers,AM Hardie,C Munro,H Kerr,1,0,,,,,,"",""
ball,1,12.5,Perth Scorchers,C Munro,AM Hardie,H Kerr,0,0,,,,,,caught,C Munro
ball,1,12.6,Perth Scorchers,AC Agar,AM Hardie,H Kerr,0,0,,,,,,"",""
ball,1,13.1,Perth Scorchers,AM Hardie,AC Agar,DT Christian,1,0,,,,,,"",""
ball,1,13.2,Perth Scorchers,AC Agar,AM Hardie,DT Christian,0,0,,,,,,"",""
ball,1,13.3,Perth Scorchers,AC Agar,AM Hardie,DT Christian,0,0,,,,,,"",""
ball,1,13.4,Perth Scorchers,AC Agar,AM Hardie,DT Christian,1,0,,,,,,"",""
ball,1,13.5,Perth Scorchers,AM Hardie,AC Agar,DT Christian,1,0,,,,,,"",""
ball,1,13.6,Perth Scorchers,AC Agar,AM Hardie,DT Christian,1,0,,,,,,"",""
ball,1,14.1,Perth Scorchers,AC Agar,AM Hardie,SA Abbott,2,0,,,,,,"",""
ball,1,14.2,Perth Scorchers,AC Agar,AM Hardie,SA Abbott,1,0,,,,,,"",""
ball,1,14.3,Perth Scorchers,AM Hardie,AC Agar,SA Abbott,1,0,,,,,,"",""
ball,1,14.4,Perth Scorchers,AC Agar,AM Hardie,SA Abbott,1,0,,,,,,"",""
ball,1,14.5,Perth Scorchers,AM Hardie,AC Agar,SA Abbott,4,0,,,,,,"",""
ball,1,14.6,Perth Scorchers,AM Hardie,AC Agar,SA Abbott,0,1,,,,1,,"",""
ball,1,15.1,Perth Scorchers,AM Hardie,AC Agar,BJ Dwarshuis,6,0,,,,,,"",""
ball,1,15.2,Perth Scorchers,AM Hardie,AC Agar,BJ Dwarshuis,1,0,,,,,,"",""
ball,1,15.3,Perth Scorchers,AC Agar,AM Hardie,BJ Dwarshuis,6,0,,,,,,"",""
ball,1,15.4,Perth Scorchers,AC Agar,AM Hardie,BJ Dwarshuis,6,0,,,,,,"",""
ball,1,15.5,Perth Scorchers,AC Agar,AM Hardie,BJ Dwarshuis,0,0,,,,,,"",""
ball,1,15.6,Perth Scorchers,AC Agar,AM Hardie,BJ Dwarshuis,1,0,,,,,,"",""
ball,1,16.1,Perth Scorchers,AC Agar,AM Hardie,DT Christian,0,0,,,,,,"",""
ball,1,16.2,Perth Scorchers,AC Agar,AM Hardie,DT Christian,0,0,,,,,,"",""
ball,1,16.3,Perth Scorchers,AC Agar,AM Hardie,DT Christian,1,0,,,,,,"",""
ball,1,16.4,Perth Scorchers,AM Hardie,AC Agar,DT Christian,1,0,,,,,,"",""
ball,1,16.5,Perth Scorchers,AC Agar,AM Hardie,DT Christian,1,0,,,,,,"",""
ball,1,16.6,Perth Scorchers,AM Hardie,AC Agar,DT Christian,2,0,,,,,,"",""
ball,1,17.1,Perth Scorchers,AC Agar,AM Hardie,H Kerr,1,0,,,,,,"",""
ball,1,17.2,Perth Scorchers,AM Hardie,AC Agar,H Kerr,1,0,,,,,,"",""
ball,1,17.3,Perth Scorchers,AC Agar,AM Hardie,H Kerr,1,0,,,,,,"",""
ball,1,17.4,Perth Scorchers,AM Hardie,AC Agar,H Kerr,1,0,,,,,,"",""
ball,1,17.5,Perth Scorchers,AC Agar,AM Hardie,H Kerr,6,0,,,,,,"",""
ball,1,17.6,Perth Scorchers,AC Agar,AM Hardie,H Kerr,0,0,,,,,,caught,AC Agar
ball,1,18.1,Perth Scorchers,AJ Tye,AM Hardie,SA Abbott,0,0,,,,,,caught,AJ Tye
ball,1,18.2,Perth Scorchers,AM Hardie,P Hatzoglou,SA Abbott,4,0,,,,,,"",""
ball,1,18.3,Perth Scorchers,AM Hardie,P Hatzoglou,SA Abbott,2,0,,,,,,"",""
ball,1,18.4,Perth Scorchers,AM Hardie,P Hatzoglou,SA Abbott,2,0,,,,,,"",""
ball,1,18.5,Perth Scorchers,AM Hardie,P Hatzoglou,SA Abbott,2,0,,,,,,"",""
ball,1,18.6,Perth Scorchers,AM Hardie,P Hatzoglou,SA Abbott,1,0,,,,,,"",""
ball,1,19.1,Perth Scorchers,AM Hardie,P Hatzoglou,H Kerr,0,0,,,,,,"",""
ball,1,19.2,Perth Scorchers,AM Hardie,P Hatzoglou,H Kerr,2,0,,,,,,"",""
ball,1,19.3,Perth Scorchers,AM Hardie,P Hatzoglou,H Kerr,4,0,,,,,,"",""
ball,1,19.4,Perth Scorchers,AM Hardie,P Hatzoglou,H Kerr,6,0,,,,,,"",""
ball,1,19.5,Perth Scorchers,AM Hardie,P Hatzoglou,H Kerr,2,0,,,,,,"",""
ball,1,19.6,Perth Scorchers,AM Hardie,P Hatzoglou,H Kerr,0,0,,,,,,caught,AM Hardie
ball,2,0.1,Sydney Sixers,JR Philippe,JM Vince,LR Morris,0,0,,,,,,"",""
ball,2,0.2,Sydney Sixers,JR Philippe,JM Vince,LR Morris,0,0,,,,,,"",""
ball,2,0.3,Sydney Sixers,JR Philippe,JM Vince,LR Morris,0,0,,,,,,caught,JR Philippe
ball,2,0.4,Sydney Sixers,J Edwards,JM Vince,LR Morris,1,0,,,,,,"",""
ball,2,0.5,Sydney Sixers,JM Vince,J Edwards,LR Morris,3,0,,,,,,"",""
ball,2,0.6,Sydney Sixers,J Edwards,JM Vince,LR Morris,0,0,,,,,,"",""
ball,2,1.1,Sydney Sixers,JM Vince,J Edwards,TS Mills,0,1,,,,1,,"",""
ball,2,1.2,Sydney Sixers,J Edwards,JM Vince,TS Mills,0,0,,,,,,caught,J Edwards
ball,2,1.3,Sydney Sixers,MC Henriques,JM Vince,TS Mills,0,0,,,,,,"",""
ball,2,1.4,Sydney Sixers,MC Henriques,JM Vince,TS Mills,0,1,1,,,,,"",""
ball,2,1.5,Sydney Sixers,MC Henriques,JM Vince,TS Mills,0,0,,,,,,"",""
ball,2,1.6,Sydney Sixers,MC Henriques,JM Vince,TS Mills,0,1,1,,,,,"",""
ball,2,1.7,Sydney Sixers,MC Henriques,JM Vince,TS Mills,4,0,,,,,,"",""
ball,2,1.8,Sydney Sixers,MC Henriques,JM Vince,TS Mills,0,0,,,,,,"",""
ball,2,2.1,Sydney Sixers,JM Vince,MC Henriques,LR Morris,0,0,,,,,,"",""
ball,2,2.2,Sydney Sixers,JM Vince,MC Henriques,LR Morris,0,0,,,,,,"",""
ball,2,2.3,Sydney Sixers,JM Vince,MC Henriques,LR Morris,1,0,,,,,,"",""
ball,2,2.4,Sydney Sixers,MC Henriques,JM Vince,LR Morris,0,0,,,,,,"",""
ball,2,2.5,Sydney Sixers,MC Henriques,JM Vince,LR Morris,1,1,,1,,,,"",""
ball,2,2.6,Sydney Sixers,JM Vince,MC Henriques,LR Morris,0,1,1,,,,,"",""
ball,2,2.7,Sydney Sixers,JM Vince,MC Henriques,LR Morris,1,0,,,,,,"",""
ball,2,2.8,Sydney Sixers,MC Henriques,JM Vince,LR Morris,0,0,,,,,,caught,MC Henriques
ball,2,3.1,Sydney Sixers,JM Vince,JC Silk,TS Mills,0,0,,,,,,"",""
ball,2,3.2,Sydney Sixers,JM Vince,JC Silk,TS Mills,0,0,,,,,,"",""
ball,2,3.3,Sydney Sixers,JM Vince,JC Silk,TS Mills,0,0,,,,,,bowled,JM Vince
ball,2,3.4,Sydney Sixers,DT Christian,JC Silk,TS Mills,0,0,,,,,,"",""
ball,2,3.5,Sydney Sixers,DT Christian,JC Silk,TS Mills,4,0,,,,,,"",""
ball,2,3.6,Sydney Sixers,DT Christian,JC Silk,TS Mills,0,0,,,,,,"",""
ball,2,4.1,Sydney Sixers,JC Silk,DT Christian,LR Morris,0,0,,,,,,"",""
ball,2,4.2,Sydney Sixers,JC Silk,DT Christian,LR Morris,0,0,,,,,,"",""
ball,2,4.3,Sydney Sixers,JC Silk,DT Christian,LR Morris,1,0,,,,,,"",""
ball,2,4.4,Sydney Sixers,DT Christian,JC Silk,LR Morris,1,0,,,,,,"",""
ball,2,4.5,Sydney Sixers,JC Silk,DT Christian,LR Morris,1,0,,,,,,"",""
ball,2,4.6,Sydney Sixers,DT Christian,JC Silk,LR Morris,0,0,,,,,,"",""
ball,2,5.1,Sydney Sixers,JC Silk,DT Christian,AJ Tye,1,0,,,,,,"",""
ball,2,5.2,Sydney Sixers,DT Christian,JC Silk,AJ Tye,0,0,,,,,,"",""
ball,2,5.3,Sydney Sixers,DT Christian,JC Silk,AJ Tye,0,0,,,,,,"",""
ball,2,5.4,Sydney Sixers,DT Christian,JC Silk,AJ Tye,0,0,,,,,,"",""
ball,2,5.5,Sydney Sixers,DT Christian,JC Silk,AJ Tye,1,0,,,,,,"",""
ball,2,5.6,Sydney Sixers,JC Silk,DT Christian,AJ Tye,0,0,,,,,,"",""
ball,2,6.1,Sydney Sixers,DT Christian,JC Silk,P Hatzoglou,0,0,,,,,,"",""
ball,2,6.2,Sydney Sixers,DT Christian,JC Silk,P Hatzoglou,0,0,,,,,,"",""
ball,2,6.3,Sydney Sixers,DT Christian,JC Silk,P Hatzoglou,0,0,,,,,,"",""
ball,2,6.4,Sydney Sixers,DT Christian,JC Silk,P Hatzoglou,2,0,,,,,,"",""
ball,2,6.5,Sydney Sixers,DT Christian,JC Silk,P Hatzoglou,1,0,,,,,,"",""
ball,2,6.6,Sydney Sixers,JC Silk,DT Christian,P Hatzoglou,0,0,,,,,,"",""
ball,2,7.1,Sydney Sixers,DT Christian,JC Silk,AJ Tye,1,0,,,,,,"",""
ball,2,7.2,Sydney Sixers,JC Silk,DT Christian,AJ Tye,1,0,,,,,,"",""
ball,2,7.3,Sydney Sixers,DT Christian,JC Silk,AJ Tye,0,0,,,,,,"",""
ball,2,7.4,Sydney Sixers,DT Christian,JC Silk,AJ Tye,0,0,,,,,,"",""
ball,2,7.5,Sydney Sixers,DT Christian,JC Silk,AJ Tye,0,0,,,,,,"",""
ball,2,7.6,Sydney Sixers,DT Christian,JC Silk,AJ Tye,0,0,,,,,,"",""
ball,2,8.1,Sydney Sixers,JC Silk,DT Christian,P Hatzoglou,1,0,,,,,,"",""
ball,2,8.2,Sydney Sixers,DT Christian,JC Silk,P Hatzoglou,4,0,,,,,,"",""
ball,2,8.3,Sydney Sixers,DT Christian,JC Silk,P Hatzoglou,1,0,,,,,,"",""
ball,2,8.4,Sydney Sixers,JC Silk,DT Christian,P Hatzoglou,1,0,,,,,,"",""
ball,2,8.5,Sydney Sixers,DT Christian,JC Silk,P Hatzoglou,0,0,,,,,,"",""
ball,2,8.6,Sydney Sixers,DT Christian,JC Silk,P Hatzoglou,1,0,,,,,,"",""
ball,2,9.1,Sydney Sixers,DT Christian,JC Silk,AC Agar,0,0,,,,,,"",""
ball,2,9.2,Sydney Sixers,DT Christian,JC Silk,AC Agar,0,0,,,,,,"",""
ball,2,9.3,Sydney Sixers,DT Christian,JC Silk,AC Agar,1,0,,,,,,"",""
ball,2,9.4,Sydney Sixers,JC Silk,DT Christian,AC Agar,1,0,,,,,,"",""
ball,2,9.5,Sydney Sixers,DT Christian,JC Silk,AC Agar,1,0,,,,,,"",""
ball,2,9.6,Sydney Sixers,JC Silk,DT Christian,AC Agar,0,0,,,,,,"",""
ball,2,10.1,Sydney Sixers,DT Christian,JC Silk,P Hatzoglou,1,0,,,,,,"",""
ball,2,10.2,Sydney Sixers,JC Silk,DT Christian,P Hatzoglou,0,0,,,,,,"",""
ball,2,10.3,Sydney Sixers,JC Silk,DT Christian,P Hatzoglou,4,0,,,,,,"",""
ball,2,10.4,Sydney Sixers,JC Silk,DT Christian,P Hatzoglou,1,0,,,,,,"",""
ball,2,10.5,Sydney Sixers,DT Christian,JC Silk,P Hatzoglou,1,0,,,,,,"",""
ball,2,10.6,Sydney Sixers,JC Silk,DT Christian,P Hatzoglou,1,0,,,,,,"",""
ball,2,11.1,Sydney Sixers,JC Silk,DT Christian,TS Mills,2,0,,,,,,"",""
ball,2,11.2,Sydney Sixers,JC Silk,DT Christian,TS Mills,1,0,,,,,,"",""
ball,2,11.3,Sydney Sixers,DT Christian,JC Silk,TS Mills,0,0,,,,,,"",""
ball,2,11.4,Sydney Sixers,DT Christian,JC Silk,TS Mills,0,1,1,,,,,"",""
ball,2,11.5,Sydney Sixers,DT Christian,JC Silk,TS Mills,0,0,,,,,,"",""
ball,2,11.6,Sydney Sixers,DT Christian,JC Silk,TS Mills,6,0,,,,,,"",""
ball,2,11.7,Sydney Sixers,DT Christian,JC Silk,TS Mills,2,0,,,,,,"",""
ball,2,12.1,Sydney Sixers,JC Silk,DT Christian,AJ Tye,0,0,,,,,,caught,JC Silk
ball,2,12.2,Sydney Sixers,DT Christian,SA Abbott,AJ Tye,0,1,1,,,,,"",""
ball,2,12.3,Sydney Sixers,DT Christian,SA Abbott,AJ Tye,0,0,,,,,,"",""
ball,2,12.4,Sydney Sixers,DT Christian,SA Abbott,AJ Tye,1,0,,,,,,"",""
ball,2,12.5,Sydney Sixers,SA Abbott,DT Christian,AJ Tye,4,0,,,,,,"",""
ball,2,12.6,Sydney Sixers,SA Abbott,DT Christian,AJ Tye,0,0,,,,,,caught,SA Abbott
ball,2,12.7,Sydney Sixers,H Kerr,DT Christian,AJ Tye,0,0,,,,,,"",""
ball,2,13.1,Sydney Sixers,DT Christian,H Kerr,AC Agar,1,0,,,,,,"",""
ball,2,13.2,Sydney Sixers,H Kerr,DT Christian,AC Agar,1,0,,,,,,"",""
ball,2,13.3,Sydney Sixers,DT Christian,H Kerr,AC Agar,2,0,,,,,,"",""
ball,2,13.4,Sydney Sixers,DT Christian,H Kerr,AC Agar,1,0,,,,,,"",""
ball,2,13.5,Sydney Sixers,H Kerr,DT Christian,AC Agar,1,0,,,,,,"",""
ball,2,13.6,Sydney Sixers,DT Christian,H Kerr,AC Agar,0,0,,,,,,"",""
ball,2,14.1,Sydney Sixers,H Kerr,DT Christian,P Hatzoglou,0,1,,,,1,,"",""
ball,2,14.2,Sydney Sixers,DT Christian,H Kerr,P Hatzoglou,0,0,,,,,,"",""
ball,2,14.3,Sydney Sixers,DT Christian,H Kerr,P Hatzoglou,2,0,,,,,,"",""
ball,2,14.4,Sydney Sixers,DT Christian,H Kerr,P Hatzoglou,4,0,,,,,,"",""
ball,2,14.5,Sydney Sixers,DT Christian,H Kerr,P Hatzoglou,4,0,,,,,,"",""
ball,2,14.6,Sydney Sixers,DT Christian,H Kerr,P Hatzoglou,1,0,,,,,,"",""
ball,2,15.1,Sydney Sixers,DT Christian,H Kerr,AC Agar,0,0,,,,,,"",""
ball,2,15.2,Sydney Sixers,DT Christian,H Kerr,AC Agar,0,0,,,,,,"",""
ball,2,15.3,Sydney Sixers,DT Christian,H Kerr,AC Agar,2,0,,,,,,"",""
ball,2,15.4,Sydney Sixers,DT Christian,H Kerr,AC Agar,1,0,,,,,,"",""
ball,2,15.5,Sydney Sixers,H Kerr,DT Christian,AC Agar,1,0,,,,,,"",""
ball,2,15.6,Sydney Sixers,DT Christian,H Kerr,AC Agar,0,0,,,,,,"",""
ball,2,16.1,Sydney Sixers,H Kerr,DT Christian,LR Morris,4,0,,,,,,"",""
ball,2,16.2,Sydney Sixers,H Kerr,DT Christian,LR Morris,2,0,,,,,,"",""
ball,2,16.3,Sydney Sixers,H Kerr,DT Christian,LR Morris,1,0,,,,,,"",""
ball,2,16.4,Sydney Sixers,DT Christian,H Kerr,LR Morris,0,0,,,,,,"",""
ball,2,16.5,Sydney Sixers,DT Christian,H Kerr,LR Morris,6,0,,,,,,"",""
ball,2,16.6,Sydney Sixers,DT Christian,H Kerr,LR Morris,0,0,,,,,,"",""
ball,2,17.1,Sydney Sixers,H Kerr,DT Christian,AC Agar,1,0,,,,,,"",""
ball,2,17.2,Sydney Sixers,DT Christian,H Kerr,AC Agar,6,0,,,,,,"",""
ball,2,17.3,Sydney Sixers,DT Christian,H Kerr,AC Agar,6,0,,,,,,"",""
ball,2,17.4,Sydney Sixers,DT Christian,H Kerr,AC Agar,0,0,,,,,,"",""
ball,2,17.5,Sydney Sixers,DT Christian,H Kerr,AC Agar,2,0,,,,,,"",""
ball,2,17.6,Sydney Sixers,DT Christian,H Kerr,AC Agar,1,0,,,,,,"",""
ball,2,18.1,Sydney Sixers,DT Christian,H Kerr,AJ Tye,1,0,,,,,,"",""
ball,2,18.2,Sydney Sixers,H Kerr,DT Christian,AJ Tye,0,1,,,,1,,"",""
ball,2,18.3,Sydney Sixers,DT Christian,H Kerr,AJ Tye,0,0,,,,,,"",""
ball,2,18.4,Sydney Sixers,DT Christian,H Kerr,AJ Tye,4,0,,,,,,"",""
ball,2,18.5,Sydney Sixers,DT Christian,H Kerr,AJ Tye,0,0,,,,,,caught,DT Christian
ball,2,18.6,Sydney Sixers,H Kerr,BJ Dwarshuis,AJ Tye,2,0,,,,,,"",""
ball,2,19.1,Sydney Sixers,BJ Dwarshuis,H Kerr,TS Mills,2,0,,,,,,"",""
ball,2,19.2,Sydney Sixers,BJ Dwarshuis,H Kerr,TS Mills,0,0,,,,,,"",""
ball,2,19.3,Sydney Sixers,BJ Dwarshuis,H Kerr,TS Mills,2,0,,,,,,"",""
ball,2,19.4,Sydney Sixers,BJ Dwarshuis,H Kerr,TS Mills,2,0,,,,,,"",""
ball,2,19.5,Sydney Sixers,BJ Dwarshuis,H Kerr,TS Mills,0,0,,,,,,bowled,BJ Dwarshuis
ball,2,19.6,Sydney Sixers,JM Bird,H Kerr,TS Mills,1,0,,,,,,"",""
