version,1.7.0
info,balls_per_over,6
info,team,Melbourne Renegades
info,team,Perth Scorchers
info,gender,male
info,season,2021/22
info,date,2021/12/26
info,event,Big Bash League
info,match_number,21
info,venue,"Docklands Stadium, Melbourne"
info,city,Melbourne
info,toss_winner,Melbourne Renegades
info,toss_decision,bat
info,player_of_match,MR Marsh
info,umpire,NR Johnstone
info,umpire,PJ Gillespie
info,reserve_umpire,Greg Azzopardi
info,tv_umpire,DM Koch
info,match_referee,Kent Hannam
info,winner,Perth Scorchers
info,winner_wickets,8
info,player,Melbourne Renegades,AJ Finch
info,player,Melbourne Renegades,MW Harvey
info,player,Melbourne Renegades,SB Harper
info,player,Melbourne Renegades,NJ Maddinson
info,player,Melbourne Renegades,J Fraser-McGurk
info,player,Melbourne Renegades,Mohammad Nabi
info,player,Melbourne Renegades,W Sutherland
info,player,Melbourne Renegades,JA Prestwidge
info,player,Melbourne Renegades,JL Pattinson
info,player,Melbourne Renegades,RJW Topley
info,player,Melbourne Renegades,Zahir Khan
info,player,Perth Scorchers,CT Bancroft
info,player,Perth Scorchers,JP Inglis
info,player,Perth Scorchers,MR Marsh
info,player,Perth Scorchers,C Munro
info,player,Perth Scorchers,AJ Turner
info,player,Perth Scorchers,LJ Evans
info,player,Perth Scorchers,AC Agar
info,player,Perth Scorchers,AJ Tye
info,player,Perth Scorchers,JP Behrendorff
info,player,Perth Scorchers,P Hatzoglou
info,player,Perth Scorchers,TS Mills
info,registry,people,AC Agar,a2421394
info,registry,people,AJ Finch,b8d490fd
info,registry,people,AJ Turner,ff1e12a0
info,registry,people,AJ Tye,7c7d63a2
info,registry,people,C Munro,af2c687b
info,registry,people,CT Bancroft,399b0b94
info,registry,people,DM Koch,6d10c034
info,registry,people,Greg Azzopardi,e950350e
info,registry,people,J Fraser-McGurk,9b6e1b3f
info,registry,people,JA Prestwidge,5f317fd4
info,registry,people,JL Pattinson,f752db61
info,registry,people,JP Behrendorff,4933f499
info,registry,people,JP Inglis,989889ff
info,registry,people,Kent Hannam,8cc171e7
info,registry,people,LJ Evans,1c513d54
info,registry,people,MR Marsh,3d8feaf8
info,registry,people,MW Harvey,47dc9794
info,registry,people,Mohammad Nabi,62af8546
info,registry,people,NJ Maddinson,44afbf2d
info,registry,people,NR Johnstone,ce274b6a
info,registry,people,P Hatzoglou,6f95e5fa
info,registry,people,PJ Gillespie,3e253a50
info,registry,people,RJW Topley,8db7f47f
info,registry,people,SB Harper,a756e61a
info,registry,people,TS Mills,245c97cb
info,registry,people,W Sutherland,bc2d4f2e
info,registry,people,Zahir Khan,786b7fe8
ball,1,0.1,Melbourne Renegades,AJ Finch,MW Harvey,JP Behrendorff,1,0,,,,,,"",""
ball,1,0.2,Melbourne Renegades,MW Harvey,AJ Finch,JP Behrendorff,0,0,,,,,,"",""
ball,1,0.3,Melbourne Renegades,MW Harvey,AJ Finch,JP Behrendorff,1,0,,,,,,"",""
ball,1,0.4,Melbourne Renegades,AJ Finch,MW Harvey,JP Behrendorff,1,0,,,,,,"",""
ball,1,0.5,Melbourne Renegades,MW Harvey,AJ Finch,JP Behrendorff,1,0,,,,,,"",""
ball,1,0.6,Melbourne Renegades,AJ Finch,MW Harvey,JP Behrendorff,1,0,,,,,,"",""
ball,1,1.1,Melbourne Renegades,AJ Finch,MW Harvey,TS Mills,0,1,1,,,,,"",""
ball,1,1.2,Melbourne Renegades,AJ Finch,MW Harvey,TS Mills,0,0,,,,,,"",""
ball,1,1.3,Melbourne Renegades,AJ Finch,MW Harvey,TS Mills,4,0,,,,,,"",""
ball,1,1.4,Melbourne Renegades,AJ Finch,MW Harvey,TS Mills,1,0,,,,,,"",""
ball,1,1.5,Melbourne Renegades,MW Harvey,AJ Finch,TS Mills,1,0,,,,,,"",""
ball,1,1.6,Melbourne Renegades,AJ Finch,MW Harvey,TS Mills,0,0,,,,,,caught,AJ Finch
ball,1,1.7,Melbourne Renegades,MW Harvey,SB Harper,TS Mills,0,0,,,,,,"",""
ball,1,2.1,Melbourne Renegades,SB Harper,MW Harvey,JP Behrendorff,4,0,,,,,,"",""
ball,1,2.2,Melbourne Renegades,SB Harper,MW Harvey,JP Behrendorff,1,0,,,,,,"",""
ball,1,2.3,Melbourne Renegades,MW Harvey,SB Harper,JP Behrendorff,1,0,,,,,,"",""
ball,1,2.4,Melbourne Renegades,SB Harper,MW Harvey,JP Behrendorff,0,0,,,,,,"",""
ball,1,2.5,Melbourne Renegades,SB Harper,MW Harvey,JP Behrendorff,4,0,,,,,,"",""
ball,1,2.6,Melbourne Renegades,SB Harper,MW Harvey,JP Behrendorff,1,0,,,,,,"",""
ball,1,3.1,Melbourne Renegades,SB Harper,MW Harvey,MR Marsh,0,0,,,,,,"",""
ball,1,3.2,Melbourne Renegades,SB Harper,MW Harvey,MR Marsh,0,0,,,,,,"",""
ball,1,3.3,Melbourne Renegades,SB Harper,MW Harvey,MR Marsh,1,0,,,,,,"",""
ball,1,3.4,Melbourne Renegades,MW Harvey,SB Harper,MR Marsh,0,0,,,,,,"",""
ball,1,3.5,Melbourne Renegades,MW Harvey,SB Harper,MR Marsh,0,0,,,,,,"",""
ball,1,3.6,Melbourne Renegades,MW Harvey,SB Harper,MR Marsh,4,0,,,,,,"",""
ball,1,4.1,Melbourne Renegades,SB Harper,MW Harvey,AC Agar,0,0,,,,,,"",""
ball,1,4.2,Melbourne Renegades,SB Harper,MW Harvey,AC Agar,1,0,,,,,,"",""
ball,1,4.3,Melbourne Renegades,MW Harvey,SB Harper,AC Agar,1,0,,,,,,"",""
ball,1,4.4,Melbourne Renegades,SB Harper,MW Harvey,AC Agar,1,0,,,,,,"",""
ball,1,4.5,Melbourne Renegades,MW Harvey,SB Harper,AC Agar,2,0,,,,,,"",""
ball,1,4.6,Melbourne Renegades,MW Harvey,SB Harper,AC Agar,2,0,,,,,,"",""
ball,1,5.1,Melbourne Renegades,SB Harper,MW Harvey,AJ Tye,1,0,,,,,,"",""
ball,1,5.2,Melbourne Renegades,MW Harvey,SB Harper,AJ Tye,1,0,,,,,,"",""
ball,1,5.3,Melbourne Renegades,SB Harper,MW Harvey,AJ Tye,1,0,,,,,,"",""
ball,1,5.4,Melbourne Renegades,MW Harvey,SB Harper,AJ Tye,1,0,,,,,,"",""
ball,1,5.5,Melbourne Renegades,SB Harper,MW Harvey,AJ Tye,4,0,,,,,,"",""
ball,1,5.6,Melbourne Renegades,SB Harper,MW Harvey,AJ Tye,4,0,,,,,,"",""
ball,1,6.1,Melbourne Renegades,MW Harvey,SB Harper,MR Marsh,0,0,,,,,,"",""
ball,1,6.2,Melbourne Renegades,MW Harvey,SB Harper,MR Marsh,1,0,,,,,,"",""
ball,1,6.3,Melbourne Renegades,SB Harper,MW Harvey,MR Marsh,2,0,,,,,,"",""
ball,1,6.4,Melbourne Renegades,SB Harper,MW Harvey,MR Marsh,2,0,,,,,,"",""
ball,1,6.5,Melbourne Renegades,SB Harper,MW Harvey,MR Marsh,0,1,,,,1,,"",""
ball,1,6.6,Melbourne Renegades,MW Harvey,SB Harper,MR Marsh,2,0,,,,,,"",""
ball,1,7.1,Melbourne Renegades,SB Harper,MW Harvey,P Hatzoglou,0,0,,,,,,"",""
ball,1,7.2,Melbourne Renegades,SB Harper,MW Harvey,P Hatzoglou,2,0,,,,,,"",""
ball,1,7.3,Melbourne Renegades,SB Harper,MW Harvey,P Hatzoglou,0,0,,,,,,"",""
ball,1,7.4,Melbourne Renegades,SB Harper,MW Harvey,P Hatzoglou,1,0,,,,,,"",""
ball,1,7.5,Melbourne Renegades,MW Harvey,SB Harper,P Hatzoglou,1,0,,,,,,"",""
ball,1,7.6,Melbourne Renegades,SB Harper,MW Harvey,P Hatzoglou,1,0,,,,,,"",""
ball,1,8.1,Melbourne Renegades,SB Harper,MW Harvey,AC Agar,1,0,,,,,,"",""
ball,1,8.2,Melbourne Renegades,MW Harvey,SB Harper,AC Agar,6,0,,,,,,"",""
ball,1,8.3,Melbourne Renegades,MW Harvey,SB Harper,AC Agar,0,0,,,,,,"",""
ball,1,8.4,Melbourne Renegades,MW Harvey,SB Harper,AC Agar,1,0,,,,,,"",""
ball,1,8.5,Melbourne Renegades,SB Harper,MW Harvey,AC Agar,0,0,,,,,,caught,SB Harper
ball,1,8.6,Melbourne Renegades,NJ Maddinson,MW Harvey,AC Agar,1,0,,,,,,"",""
ball,1,9.1,Melbourne Renegades,NJ Maddinson,MW Harvey,AJ Tye,0,0,,,,,,"",""
ball,1,9.2,Melbourne Renegades,NJ Maddinson,MW Harvey,AJ Tye,1,0,,,,,,"",""
ball,1,9.3,Melbourne Renegades,MW Harvey,NJ Maddinson,AJ Tye,1,0,,,,,,"",""
ball,1,9.4,Melbourne Renegades,NJ Maddinson,MW Harvey,AJ Tye,1,0,,,,,,"",""
ball,1,9.5,Melbourne Renegades,MW Harvey,NJ Maddinson,AJ Tye,1,0,,,,,,"",""
ball,1,9.6,Melbourne Renegades,NJ Maddinson,MW Harvey,AJ Tye,0,0,,,,,,"",""
ball,1,10.1,Melbourne Renegades,MW Harvey,NJ Maddinson,TS Mills,0,0,,,,,,"",""
ball,1,10.2,Melbourne Renegades,MW Harvey,NJ Maddinson,TS Mills,2,0,,,,,,"",""
ball,1,10.3,Melbourne Renegades,MW Harvey,NJ Maddinson,TS Mills,1,0,,,,,,"",""
ball,1,10.4,Melbourne Renegades,NJ Maddinson,MW Harvey,TS Mills,0,0,,,,,,bowled,NJ Maddinson
ball,1,10.5,Melbourne Renegades,J Fraser-McGurk,MW Harvey,TS Mills,0,0,,,,,,"",""
ball,1,10.6,Melbourne Renegades,J Fraser-McGurk,MW Harvey,TS Mills,6,0,,,,,,"",""
ball,1,11.1,Melbourne Renegades,MW Harvey,J Fraser-McGurk,JP Behrendorff,1,0,,,,,,"",""
ball,1,11.2,Melbourne Renegades,J Fraser-McGurk,MW Harvey,JP Behrendorff,0,0,,,,,,"",""
ball,1,11.3,Melbourne Renegades,J Fraser-McGurk,MW Harvey,JP Behrendorff,0,0,,,,,,caught,J Fraser-McGurk
ball,1,11.4,Melbourne Renegades,Mohammad Nabi,MW Harvey,JP Behrendorff,0,0,,,,,,"",""
ball,1,11.5,Melbourne Renegades,Mohammad Nabi,MW Harvey,JP Behrendorff,0,0,,,,,,"",""
ball,1,11.6,Melbourne Renegades,Mohammad Nabi,MW Harvey,JP Behrendorff,0,0,,,,,,"",""
ball,1,12.1,Melbourne Renegades,MW Harvey,Mohammad Nabi,AC Agar,1,0,,,,,,"",""
ball,1,12.2,Melbourne Renegades,Mohammad Nabi,MW Harvey,AC Agar,0,0,,,,,,"",""
ball,1,12.3,Melbourne Renegades,Mohammad Nabi,MW Harvey,AC Agar,1,0,,,,,,"",""
ball,1,12.4,Melbourne Renegades,MW Harvey,Mohammad Nabi,AC Agar,1,0,,,,,,"",""
ball,1,12.5,Melbourne Renegades,Mohammad Nabi,MW Harvey,AC Agar,1,0,,,,,,"",""
ball,1,12.6,Melbourne Renegades,MW Harvey,Mohammad Nabi,AC Agar,0,0,,,,,,"",""
ball,1,13.1,Melbourne Renegades,Mohammad Nabi,MW Harvey,TS Mills,0,0,,,,,,"",""
ball,1,13.2,Melbourne Renegades,Mohammad Nabi,MW Harvey,TS Mills,2,0,,,,,,"",""
ball,1,13.3,Melbourne Renegades,Mohammad Nabi,MW Harvey,TS Mills,1,0,,,,,,"",""
ball,1,13.4,Melbourne Renegades,MW Harvey,Mohammad Nabi,TS Mills,2,0,,,,,,"",""
ball,1,13.5,Melbourne Renegades,MW Harvey,Mohammad Nabi,TS Mills,1,0,,,,,,"",""
ball,1,13.6,Melbourne Renegades,Mohammad Nabi,MW Harvey,TS Mills,0,0,,,,,,"",""
ball,1,14.1,Melbourne Renegades,MW Harvey,Mohammad Nabi,AJ Tye,2,0,,,,,,"",""
ball,1,14.2,Melbourne Renegades,MW Harvey,Mohammad Nabi,AJ Tye,0,0,,,,,,"",""
ball,1,14.3,Melbourne Renegades,MW Harvey,Mohammad Nabi,AJ Tye,1,0,,,,,,"",""
ball,1,14.4,Melbourne Renegades,Mohammad Nabi,MW Harvey,AJ Tye,1,0,,,,,,"",""
ball,1,14.5,Melbourne Renegades,MW Harvey,Mohammad Nabi,AJ Tye,1,0,,,,,,"",""
ball,1,14.6,Melbourne Renegades,Mohammad Nabi,MW Harvey,AJ Tye,1,0,,,,,,"",""
ball,1,15.1,Melbourne Renegades,Mohammad Nabi,MW Harvey,MR Marsh,0,0,,,,,,caught,Mohammad Nabi
ball,1,15.2,Melbourne Renegades,W Sutherland,MW Harvey,MR Marsh,1,0,,,,,,"",""
ball,1,15.3,Melbourne Renegades,MW Harvey,W Sutherland,MR Marsh,2,0,,,,,,"",""
ball,1,15.4,Melbourne Renegades,MW Harvey,W Sutherland,MR Marsh,1,0,,,,,,"",""
ball,1,15.5,Melbourne Renegades,W Sutherland,MW Harvey,MR Marsh,1,0,,,,,,"",""
ball,1,15.6,Melbourne Renegades,MW Harvey,W Sutherland,MR Marsh,1,0,,,,,,"",""
ball,1,16.1,Melbourne Renegades,MW Harvey,W Sutherland,JP Behrendorff,0,0,,,,,,run out,MW Harvey
ball,1,16.2,Melbourne Renegades,W Sutherland,JA Prestwidge,JP Behrendorff,0,0,,,,,,caught,W Sutherland
ball,1,16.3,Melbourne Renegades,JL Pattinson,JA Prestwidge,JP Behrendorff,1,0,,,,,,"",""
ball,1,16.4,Melbourne Renegades,JA Prestwidge,JL Pattinson,JP Behrendorff,0,0,,,,,,"",""
ball,1,16.5,Melbourne Renegades,JA Prestwidge,JL Pattinson,JP Behrendorff,0,0,,,,,,"",""
ball,1,16.6,Melbourne Renegades,JA Prestwidge,JL Pattinson,JP Behrendorff,1,0,,,,,,"",""
ball,1,17.1,Melbourne Renegades,JA Prestwidge,JL Pattinson,P Hatzoglou,1,0,,,,,,"",""
ball,1,17.2,Melbourne Renegades,JL Pattinson,JA Prestwidge,P Hatzoglou,0,0,,,,,,"",""
ball,1,17.3,Melbourne Renegades,JL Pattinson,JA Prestwidge,P Hatzoglou,0,0,,,,,,"",""
ball,1,17.4,Melbourne Renegades,JL Pattinson,JA Prestwidge,P Hatzoglou,4,0,,,,,,"",""
ball,1,17.5,Melbourne Renegades,JL Pattinson,JA Prestwidge,P Hatzoglou,1,0,,,,,,"",""
ball,1,17.6,Melbourne Renegades,JA Prestwidge,JL Pattinson,P Hatzoglou,6,0,,,,,,"",""
ball,1,18.1,Melbourne Renegades,JL Pattinson,JA Prestwidge,AC Agar,6,0,,,,,,"",""
ball,1,18.2,Melbourne Renegades,JL Pattinson,JA Prestwidge,AC Agar,4,0,,,,,,"",""
ball,1,18.3,Melbourne Renegades,JL Pattinson,JA Prestwidge,AC Agar,0,0,,,,,,bowled,JL Pattinson
ball,1,18.4,Melbourne Renegades,RJW Topley,JA Prestwidge,AC Agar,6,0,,,,,,"",""
ball,1,18.5,Melbourne Renegades,RJW Topley,JA Prestwidge,AC Agar,0,0,,,,,,"",""
ball,1,18.6,Melbourne Renegades,RJW Topley,JA Prestwidge,AC Agar,2,0,,,,,,"",""
ball,1,19.1,Melbourne Renegades,JA Prestwidge,RJW Topley,TS Mills,0,0,,,,,,"",""
ball,1,19.2,Melbourne Renegades,JA Prestwidge,RJW Topley,TS Mills,4,0,,,,,,"",""
ball,1,19.3,Melbourne Renegades,JA Prestwidge,RJW Topley,TS Mills,4,0,,,,,,"",""
ball,1,19.4,Melbourne Renegades,JA Prestwidge,RJW Topley,TS Mills,2,0,,,,,,"",""
ball,1,19.5,Melbourne Renegades,JA Prestwidge,RJW Topley,TS Mills,2,0,,,,,,"",""
ball,1,19.6,Melbourne Renegades,JA Prestwidge,RJW Topley,TS Mills,2,0,,,,,,"",""
ball,2,0.1,Perth Scorchers,CT Bancroft,JP Inglis,RJW Topley,0,0,,,,,,"",""
ball,2,0.2,Perth Scorchers,CT Bancroft,JP Inglis,RJW Topley,0,0,,,,,,"",""
ball,2,0.3,Perth Scorchers,CT Bancroft,JP Inglis,RJW Topley,0,1,,,,1,,"",""
ball,2,0.4,Perth Scorchers,JP Inglis,CT Bancroft,RJW Topley,0,0,,,,,,"",""
ball,2,0.5,Perth Scorchers,JP Inglis,CT Bancroft,RJW Topley,0,0,,,,,,"",""
ball,2,0.6,Perth Scorchers,JP Inglis,CT Bancroft,RJW Topley,1,0,,,,,,"",""
ball,2,1.1,Perth Scorchers,JP Inglis,CT Bancroft,JL Pattinson,0,1,,,,1,,"",""
ball,2,1.2,Perth Scorchers,CT Bancroft,JP Inglis,JL Pattinson,1,0,,,,,,"",""
ball,2,1.3,Perth Scorchers,JP Inglis,CT Bancroft,JL Pattinson,2,0,,,,,,"",""
ball,2,1.4,Perth Scorchers,JP Inglis,CT Bancroft,JL Pattinson,6,0,,,,,,"",""
ball,2,1.5,Perth Scorchers,JP Inglis,CT Bancroft,JL Pattinson,0,0,,,,,,"",""
ball,2,1.6,Perth Scorchers,JP Inglis,CT Bancroft,JL Pattinson,1,0,,,,,,"",""
ball,2,2.1,Perth Scorchers,JP Inglis,CT Bancroft,RJW Topley,6,0,,,,,,"",""
ball,2,2.2,Perth Scorchers,JP Inglis,CT Bancroft,RJW Topley,1,0,,,,,,"",""
ball,2,2.3,Perth Scorchers,CT Bancroft,JP Inglis,RJW Topley,1,0,,,,,,"",""
ball,2,2.4,Perth Scorchers,JP Inglis,CT Bancroft,RJW Topley,0,0,,,,,,"",""
ball,2,2.5,Perth Scorchers,JP Inglis,CT Bancroft,RJW Topley,1,0,,,,,,"",""
ball,2,2.6,Perth Scorchers,CT Bancroft,JP Inglis,RJW Topley,0,0,,,,,,"",""
ball,2,3.1,Perth Scorchers,JP Inglis,CT Bancroft,Zahir Khan,1,0,,,,,,"",""
ball,2,3.2,Perth Scorchers,CT Bancroft,JP Inglis,Zahir Khan,4,0,,,,,,"",""
ball,2,3.3,Perth Scorchers,CT Bancroft,JP Inglis,Zahir Khan,0,0,,,,,,"",""
ball,2,3.4,Perth Scorchers,CT Bancroft,JP Inglis,Zahir Khan,1,0,,,,,,"",""
ball,2,3.5,Perth Scorchers,JP Inglis,CT Bancroft,Zahir Khan,1,0,,,,,,"",""
ball,2,3.6,Perth Scorchers,CT Bancroft,JP Inglis,Zahir Khan,1,0,,,,,,"",""
ball,2,4.1,Perth Scorchers,CT Bancroft,JP Inglis,JL Pattinson,1,0,,,,,,"",""
ball,2,4.2,Perth Scorchers,JP Inglis,CT Bancroft,JL Pattinson,1,0,,,,,,"",""
ball,2,4.3,Perth Scorchers,CT Bancroft,JP Inglis,JL Pattinson,1,0,,,,,,"",""
ball,2,4.4,Perth Scorchers,JP Inglis,CT Bancroft,JL Pattinson,1,1,,1,,,,"",""
ball,2,4.5,Perth Scorchers,CT Bancroft,JP Inglis,JL Pattinson,6,0,,,,,,"",""
ball,2,4.6,Perth Scorchers,CT Bancroft,JP Inglis,JL Pattinson,2,0,,,,,,"",""
ball,2,4.7,Perth Scorchers,CT Bancroft,JP Inglis,JL Pattinson,0,0,,,,,,"",""
ball,2,5.1,Perth Scorchers,JP Inglis,CT Bancroft,Zahir Khan,1,0,,,,,,"",""
ball,2,5.2,Perth Scorchers,CT Bancroft,JP Inglis,Zahir Khan,0,0,,,,,,"",""
ball,2,5.3,Perth Scorchers,CT Bancroft,JP Inglis,Zahir Khan,4,0,,,,,,"",""
ball,2,5.4,Perth Scorchers,CT Bancroft,JP Inglis,Zahir Khan,1,0,,,,,,"",""
ball,2,5.5,Perth Scorchers,JP Inglis,CT Bancroft,Zahir Khan,0,0,,,,,,stumped,JP Inglis
ball,2,5.6,Perth Scorchers,MR Marsh,CT Bancroft,Zahir Khan,1,0,,,,,,"",""
ball,2,6.1,Perth Scorchers,MR Marsh,CT Bancroft,NJ Maddinson,2,0,,,,,,"",""
ball,2,6.2,Perth Scorchers,MR Marsh,CT Bancroft,NJ Maddinson,0,0,,,,,,"",""
ball,2,6.3,Perth Scorchers,MR Marsh,CT Bancroft,NJ Maddinson,1,0,,,,,,"",""
ball,2,6.4,Perth Scorchers,CT Bancroft,MR Marsh,NJ Maddinson,0,0,,,,,,lbw,CT Bancroft
ball,2,6.5,Perth Scorchers,C Munro,MR Marsh,NJ Maddinson,1,0,,,,,,"",""
ball,2,6.6,Perth Scorchers,MR Marsh,C Munro,NJ Maddinson,1,0,,,,,,"",""
ball,2,7.1,Perth Scorchers,MR Marsh,C Munro,Zahir Khan,0,0,,,,,,"",""
ball,2,7.2,Perth Scorchers,MR Marsh,C Munro,Zahir Khan,4,0,,,,,,"",""
ball,2,7.3,Perth Scorchers,MR Marsh,C Munro,Zahir Khan,2,0,,,,,,"",""
ball,2,7.4,Perth Scorchers,MR Marsh,C Munro,Zahir Khan,1,0,,,,,,"",""
ball,2,7.5,Perth Scorchers,C Munro,MR Marsh,Zahir Khan,1,0,,,,,,"",""
ball,2,7.6,Perth Scorchers,MR Marsh,C Munro,Zahir Khan,2,0,,,,,,"",""
ball,2,8.1,Perth Scorchers,C Munro,MR Marsh,JA Prestwidge,0,0,,,,,,"",""
ball,2,8.2,Perth Scorchers,C Munro,MR Marsh,JA Prestwidge,1,0,,,,,,"",""
ball,2,8.3,Perth Scorchers,MR Marsh,C Munro,JA Prestwidge,2,0,,,,,,"",""
ball,2,8.4,Perth Scorchers,MR Marsh,C Munro,JA Prestwidge,1,0,,,,,,"",""
ball,2,8.5,Perth Scorchers,C Munro,MR Marsh,JA Prestwidge,4,0,,,,,,"",""
ball,2,8.6,Perth Scorchers,C Munro,MR Marsh,JA Prestwidge,0,0,,,,,,"",""
ball,2,9.1,Perth Scorchers,MR Marsh,C Munro,W Sutherland,0,0,,,,,,"",""
ball,2,9.2,Perth Scorchers,MR Marsh,C Munro,W Sutherland,1,0,,,,,,"",""
ball,2,9.3,Perth Scorchers,C Munro,MR Marsh,W Sutherland,1,0,,,,,,"",""
ball,2,9.4,Perth Scorchers,MR Marsh,C Munro,W Sutherland,4,0,,,,,,"",""
ball,2,9.5,Perth Scorchers,MR Marsh,C Munro,W Sutherland,0,0,,,,,,"",""
ball,2,9.6,Perth Scorchers,MR Marsh,C Munro,W Sutherland,1,0,,,,,,"",""
ball,2,10.1,Perth Scorchers,MR Marsh,C Munro,JA Prestwidge,0,0,,,,,,"",""
ball,2,10.2,Perth Scorchers,MR Marsh,C Munro,JA Prestwidge,1,0,,,,,,"",""
ball,2,10.3,Perth Scorchers,C Munro,MR Marsh,JA Prestwidge,1,0,,,,,,"",""
ball,2,10.4,Perth Scorchers,MR Marsh,C Munro,JA Prestwidge,1,0,,,,,,"",""
ball,2,10.5,Perth Scorchers,C Munro,MR Marsh,JA Prestwidge,2,0,,,,,,"",""
ball,2,10.6,Perth Scorchers,C Munro,MR Marsh,JA Prestwidge,1,0,,,,,,"",""
ball,2,11.1,Perth Scorchers,C Munro,MR Marsh,W Sutherland,0,0,,,,,,"",""
ball,2,11.2,Perth Scorchers,C Munro,MR Marsh,W Sutherland,3,0,,,,,,"",""
ball,2,11.3,Perth Scorchers,MR Marsh,C Munro,W Sutherland,6,0,,,,,,"",""
ball,2,11.4,Perth Scorchers,MR Marsh,C Munro,W Sutherland,1,0,,,,,,"",""
ball,2,11.5,Perth Scorchers,C Munro,MR Marsh,W Sutherland,1,0,,,,,,"",""
ball,2,11.6,Perth Scorchers,MR Marsh,C Munro,W Sutherland,1,0,,,,,,"",""
ball,2,12.1,Perth Scorchers,MR Marsh,C Munro,RJW Topley,1,0,,,,,,"",""
ball,2,12.2,Perth Scorchers,C Munro,MR Marsh,RJW Topley,4,0,,,,,,"",""
ball,2,12.3,Perth Scorchers,C Munro,MR Marsh,RJW Topley,1,0,,,,,,"",""
ball,2,12.4,Perth Scorchers,MR Marsh,C Munro,RJW Topley,1,0,,,,,,"",""
ball,2,12.5,Perth Scorchers,C Munro,MR Marsh,RJW Topley,1,0,,,,,,"",""
ball,2,12.6,Perth Scorchers,MR Marsh,C Munro,RJW Topley,2,0,,,,,,"",""
ball,2,13.1,Perth Scorchers,C Munro,MR Marsh,Zahir Khan,2,0,,,,,,"",""
ball,2,13.2,Perth Scorchers,C Munro,MR Marsh,Zahir Khan,1,0,,,,,,"",""
ball,2,13.3,Perth Scorchers,MR Marsh,C Munro,Zahir Khan,1,0,,,,,,"",""
ball,2,13.4,Perth Scorchers,C Munro,MR Marsh,Zahir Khan,0,0,,,,,,"",""
ball,2,13.5,Perth Scorchers,C Munro,MR Marsh,Zahir Khan,0,0,,,,,,"",""
ball,2,13.6,Perth Scorchers,C Munro,MR Marsh,Zahir Khan,1,0,,,,,,"",""
ball,2,14.1,Perth Scorchers,C Munro,MR Marsh,JL Pattinson,1,0,,,,,,"",""
ball,2,14.2,Perth Scorchers,MR Marsh,C Munro,JL Pattinson,0,1,1,,,,,"",""
ball,2,14.3,Perth Scorchers,MR Marsh,C Munro,JL Pattinson,0,0,,,,,,"",""
ball,2,14.4,Perth Scorchers,MR Marsh,C Munro,JL Pattinson,1,0,,,,,,"",""
ball,2,14.5,Perth Scorchers,C Munro,MR Marsh,JL Pattinson,1,0,,,,,,"",""
ball,2,14.6,Perth Scorchers,MR Marsh,C Munro,JL Pattinson,0,1,1,,,,,"",""
ball,2,14.7,Perth Scorchers,MR Marsh,C Munro,JL Pattinson,1,0,,,,,,"",""
ball,2,14.8,Perth Scorchers,C Munro,MR Marsh,JL Pattinson,6,0,,,,,,"",""
ball,2,15.1,Perth Scorchers,MR Marsh,C Munro,RJW Topley,1,0,,,,,,"",""
ball,2,15.2,Perth Scorchers,C Munro,MR Marsh,RJW Topley,0,0,,,,,,"",""
ball,2,15.3,Perth Scorchers,C Munro,MR Marsh,RJW Topley,4,0,,,,,,"",""
ball,2,15.4,Perth Scorchers,C Munro,MR Marsh,RJW Topley,6,0,,,,,,"",""
ball,2,15.5,Perth Scorchers,C Munro,MR Marsh,RJW Topley,4,0,,,,,,"",""
ball,2,15.6,Perth Scorchers,C Munro,MR Marsh,RJW Topley,1,0,,,,,,"",""
ball,2,16.1,Perth Scorchers,C Munro,MR Marsh,JA Prestwidge,4,0,,,,,,"",""
ball,2,16.2,Perth Scorchers,C Munro,MR Marsh,JA Prestwidge,4,0,,,,,,"",""
ball,2,16.3,Perth Scorchers,C Munro,MR Marsh,JA Prestwidge,1,0,,,,,,"",""
ball,2,16.4,Perth Scorchers,MR Marsh,C Munro,JA Prestwidge,0,0,,,,,,"",""
ball,2,16.5,Perth Scorchers,MR Marsh,C Munro,JA Prestwidge,0,1,1,,,,,"",""
ball,2,16.6,Perth Scorchers,MR Marsh,C Munro,JA Prestwidge,1,0,,,,,,"",""
