version,1.7.0
info,balls_per_over,6
info,team,Adelaide Strikers
info,team,Melbourne Stars
info,gender,male
info,season,2021/22
info,date,2022/01/10
info,event,Big Bash League
info,match_number,44
info,venue,Melbourne Cricket Ground
info,city,Melbourne
info,toss_winner,Melbourne Stars
info,toss_decision,field
info,player_of_match,JM Clarke
info,umpire,NR Johnstone
info,umpire,Troy Penman
info,reserve_umpire,D Brigham
info,tv_umpire,SA Lightbody
info,match_referee,Kent Hannam
info,winner,Melbourne Stars
info,winner_wickets,5
info,player,Adelaide Strikers,MW Short
info,player,Adelaide Strikers,HJ Hunt
info,player,Adelaide Strikers,J Weatherald
info,player,Adelaide Strikers,JW Wells
info,player,Adelaide Strikers,T Kelly
info,player,Adelaide Strikers,RJ Gibson
info,player,Adelaide Strikers,HJ Nielsen
info,player,Adelaide Strikers,Rashid Khan
info,player,Adelaide Strikers,PM Siddle
info,player,Adelaide Strikers,HNA Conway
info,player,Adelaide Strikers,Fawad Ahmed
info,player,Melbourne Stars,JM Clarke
info,player,Melbourne Stars,CD Hinchliffe
info,player,Melbourne Stars,NCR Larkin
info,player,Melbourne Stars,JA Burns
info,player,Melbourne Stars,HWR Cartwright
info,player,Melbourne Stars,BJ Webster
info,player,Melbourne Stars,Qais Ahmad
info,player,Melbourne Stars,XA Crone
info,player,Melbourne Stars,A Zampa
info,player,Melbourne Stars,Haris Rauf
info,player,Melbourne Stars,BL Couch
info,registry,people,A Zampa,14f96089
info,registry,people,BJ Webster,56b93d46
info,registry,people,BL Couch,be69e09d
info,registry,people,CD Hinchliffe,8891669e
info,registry,people,D Brigham,464daf41
info,registry,people,Fawad Ahmed,22ae3041
info,registry,people,HJ Hunt,62ef4abe
info,registry,people,HJ Nielsen,0ea1455a
info,registry,people,HNA Conway,272fc5ad
info,registry,people,HWR Cartwright,ab965cad
info,registry,people,Haris Rauf,24bb1c2f
info,registry,people,J Weatherald,edc7ddb6
info,registry,people,JA Burns,7a5f232a
info,registry,people,JM Clarke,2eca67f5
info,registry,people,JW Wells,8bdac857
info,registry,people,Kent Hannam,8cc171e7
info,registry,people,MW Short,a90e53ec
info,registry,people,NCR Larkin,02bce9a8
info,registry,people,NR Johnstone,ce274b6a
info,registry,people,PM Siddle,bd93fea4
info,registry,people,Qais Ahmad,8d5d991e
info,registry,people,RJ Gibson,50636767
info,registry,people,Rashid Khan,5f547c8b
info,registry,people,SA Lightbody,680b8cbf
info,registry,people,T Kelly,6ceb94d0
info,registry,people,Troy Penman,0aa42c26
info,registry,people,XA Crone,e5ee7c83
ball,1,0.1,Adelaide Strikers,MW Short,HJ Hunt,Haris Rauf,0,1,1,,,,,"",""
ball,1,0.2,Adelaide Strikers,MW Short,HJ Hunt,Haris Rauf,4,0,,,,,,"",""
ball,1,0.3,Adelaide Strikers,MW Short,HJ Hunt,Haris Rauf,0,0,,,,,,"",""
ball,1,0.4,Adelaide Strikers,MW Short,HJ Hunt,Haris Rauf,0,1,1,,,,,"",""
ball,1,0.5,Adelaide Strikers,MW Short,HJ Hunt,Haris Rauf,1,0,,,,,,"",""
ball,1,0.6,Adelaide Strikers,HJ Hunt,MW Short,Haris Rauf,0,0,,,,,,"",""
ball,1,0.7,Adelaide Strikers,HJ Hunt,MW Short,Haris Rauf,0,0,,,,,,"",""
ball,1,0.8,Adelaide Strikers,HJ Hunt,MW Short,Haris Rauf,6,0,,,,,,"",""
ball,1,1.1,Adelaide Strikers,MW Short,HJ Hunt,Qais Ahmad,0,0,,,,,,"",""
ball,1,1.2,Adelaide Strikers,MW Short,HJ Hunt,Qais Ahmad,1,0,,,,,,"",""
ball,1,1.3,Adelaide Strikers,HJ Hunt,MW Short,Qais Ahmad,0,0,,,,,,"",""
ball,1,1.4,Adelaide Strikers,HJ Hunt,MW Short,Qais Ahmad,1,0,,,,,,"",""
ball,1,1.5,Adelaide Strikers,MW Short,HJ Hunt,Qais Ahmad,1,0,,,,,,"",""
ball,1,1.6,Adelaide Strikers,HJ Hunt,MW Short,Qais Ahmad,1,0,,,,,,"",""
ball,1,2.1,Adelaide Strikers,HJ Hunt,MW Short,BL Couch,0,0,,,,,,"",""
ball,1,2.2,Adelaide Strikers,HJ Hunt,MW Short,BL Couch,4,0,,,,,,"",""
ball,1,2.3,Adelaide Strikers,HJ Hunt,MW Short,BL Couch,0,0,,,,,,lbw,HJ Hunt
ball,1,2.4,Adelaide Strikers,J Weatherald,MW Short,BL Couch,1,0,,,,,,"",""
ball,1,2.5,Adelaide Strikers,MW Short,J Weatherald,BL Couch,1,0,,,,,,"",""
ball,1,2.6,Adelaide Strikers,J Weatherald,MW Short,BL Couch,1,0,,,,,,"",""
ball,1,3.1,Adelaide Strikers,J Weatherald,MW Short,A Zampa,4,0,,,,,,"",""
ball,1,3.2,Adelaide Strikers,J Weatherald,MW Short,A Zampa,1,0,,,,,,"",""
ball,1,3.3,Adelaide Strikers,MW Short,J Weatherald,A Zampa,0,0,,,,,,caught,MW Short
ball,1,3.4,Adelaide Strikers,JW Wells,J Weatherald,A Zampa,1,0,,,,,,"",""
ball,1,3.5,Adelaide Strikers,J Weatherald,JW Wells,A Zampa,0,0,,,,,,"",""
ball,1,3.6,Adelaide Strikers,J Weatherald,JW Wells,A Zampa,0,0,,,,,,"",""
ball,1,4.1,Adelaide Strikers,JW Wells,J Weatherald,CD Hinchliffe,1,0,,,,,,"",""
ball,1,4.2,Adelaide Strikers,J Weatherald,JW Wells,CD Hinchliffe,1,0,,,,,,"",""
ball,1,4.3,Adelaide Strikers,JW Wells,J Weatherald,CD Hinchliffe,0,0,,,,,,"",""
ball,1,4.4,Adelaide Strikers,JW Wells,J Weatherald,CD Hinchliffe,0,0,,,,,,"",""
ball,1,4.5,Adelaide Strikers,JW Wells,J Weatherald,CD Hinchliffe,0,0,,,,,,"",""
ball,1,4.6,Adelaide Strikers,JW Wells,J Weatherald,CD Hinchliffe,1,0,,,,,,"",""
ball,1,5.1,Adelaide Strikers,JW Wells,J Weatherald,Qais Ahmad,1,0,,,,,,"",""
ball,1,5.2,Adelaide Strikers,J Weatherald,JW Wells,Qais Ahmad,0,0,,,,,,"",""
ball,1,5.3,Adelaide Strikers,J Weatherald,JW Wells,Qais Ahmad,0,0,,,,,,caught,J Weatherald
ball,1,5.4,Adelaide Strikers,JW Wells,T Kelly,Qais Ahmad,0,0,,,,,,"",""
ball,1,5.5,Adelaide Strikers,JW Wells,T Kelly,Qais Ahmad,0,0,,,,,,"",""
ball,1,5.6,Adelaide Strikers,JW Wells,T Kelly,Qais Ahmad,0,0,,,,,,"",""
ball,1,6.1,Adelaide Strikers,T Kelly,JW Wells,A Zampa,1,0,,,,,,"",""
ball,1,6.2,Adelaide Strikers,JW Wells,T Kelly,A Zampa,1,0,,,,,,"",""
ball,1,6.3,Adelaide Strikers,T Kelly,JW Wells,A Zampa,1,0,,,,,,"",""
ball,1,6.4,Adelaide Strikers,JW Wells,T Kelly,A Zampa,0,0,,,,,,"",""
ball,1,6.5,Adelaide Strikers,JW Wells,T Kelly,A Zampa,1,0,,,,,,"",""
ball,1,6.6,Adelaide Strikers,T Kelly,JW Wells,A Zampa,1,0,,,,,,"",""
ball,1,7.1,Adelaide Strikers,T Kelly,JW Wells,XA Crone,1,0,,,,,,"",""
ball,1,7.2,Adelaide Strikers,JW Wells,T Kelly,XA Crone,0,0,,,,,,"",""
ball,1,7.3,Adelaide Strikers,JW Wells,T Kelly,XA Crone,1,0,,,,,,"",""
ball,1,7.4,Adelaide Strikers,T Kelly,JW Wells,XA Crone,1,0,,,,,,"",""
ball,1,7.5,Adelaide Strikers,JW Wells,T Kelly,XA Crone,6,0,,,,,,"",""
ball,1,7.6,Adelaide Strikers,JW Wells,T Kelly,XA Crone,4,0,,,,,,"",""
ball,1,8.1,Adelaide Strikers,T Kelly,JW Wells,Haris Rauf,0,1,,,,1,,"",""
ball,1,8.2,Adelaide Strikers,JW Wells,T Kelly,Haris Rauf,0,0,,,,,,"",""
ball,1,8.3,Adelaide Strikers,JW Wells,T Kelly,Haris Rauf,0,0,,,,,,"",""
ball,1,8.4,Adelaide Strikers,JW Wells,T Kelly,Haris Rauf,1,0,,,,,,"",""
ball,1,8.5,Adelaide Strikers,T Kelly,JW Wells,Haris Rauf,1,0,,,,,,"",""
ball,1,8.6,Adelaide Strikers,JW Wells,T Kelly,Haris Rauf,1,0,,,,,,"",""
ball,1,9.1,Adelaide Strikers,JW Wells,T Kelly,Qais Ahmad,4,0,,,,,,"",""
ball,1,9.2,Adelaide Strikers,JW Wells,T Kelly,Qais Ahmad,1,0,,,,,,"",""
ball,1,9.3,Adelaide Strikers,T Kelly,JW Wells,Qais Ahmad,1,0,,,,,,"",""
ball,1,9.4,Adelaide Strikers,JW Wells,T Kelly,Qais Ahmad,2,0,,,,,,"",""
ball,1,9.5,Adelaide Strikers,JW Wells,T Kelly,Qais Ahmad,0,0,,,,,,"",""
ball,1,9.6,Adelaide Strikers,JW Wells,T Kelly,Qais Ahmad,2,0,,,,,,"",""
ball,1,10.1,Adelaide Strikers,T Kelly,JW Wells,CD Hinchliffe,0,0,,,,,,"",""
ball,1,10.2,Adelaide Strikers,T Kelly,JW Wells,CD Hinchliffe,1,0,,,,,,"",""
ball,1,10.3,Adelaide Strikers,JW Wells,T Kelly,CD Hinchliffe,1,0,,,,,,"",""
ball,1,10.4,Adelaide Strikers,T Kelly,JW Wells,CD Hinchliffe,1,0,,,,,,"",""
ball,1,10.5,Adelaide Strikers,JW Wells,T Kelly,CD Hinchliffe,2,0,,,,,,"",""
ball,1,10.6,Adelaide Strikers,JW Wells,T Kelly,CD Hinchliffe,1,0,,,,,,"",""
ball,1,11.1,Adelaide Strikers,JW Wells,T Kelly,BL Couch,1,0,,,,,,"",""
ball,1,11.2,Adelaide Strikers,T Kelly,JW Wells,BL Couch,1,0,,,,,,"",""
ball,1,11.3,Adelaide Strikers,JW Wells,T Kelly,BL Couch,3,0,,,,,,"",""
ball,1,11.4,Adelaide Strikers,T Kelly,JW Wells,BL Couch,2,0,,,,,,"",""
ball,1,11.5,Adelaide Strikers,T Kelly,JW Wells,BL Couch,1,0,,,,,,"",""
ball,1,11.6,Adelaide Strikers,JW Wells,T Kelly,BL Couch,0,1,1,,,,,"",""
ball,1,11.7,Adelaide Strikers,JW Wells,T Kelly,BL Couch,0,0,,,,,,"",""
ball,1,12.1,Adelaide Strikers,T Kelly,JW Wells,CD Hinchliffe,0,0,,,,,,caught,T Kelly
ball,1,12.2,Adelaide Strikers,JW Wells,RJ Gibson,CD Hinchliffe,0,0,,,,,,"",""
ball,1,12.3,Adelaide Strikers,JW Wells,RJ Gibson,CD Hinchliffe,2,0,,,,,,"",""
ball,1,12.4,Adelaide Strikers,JW Wells,RJ Gibson,CD Hinchliffe,0,0,,,,,,"",""
ball,1,12.5,Adelaide Strikers,JW Wells,RJ Gibson,CD Hinchliffe,1,0,,,,,,"",""
ball,1,12.6,Adelaide Strikers,RJ Gibson,JW Wells,CD Hinchliffe,0,0,,,,,,"",""
ball,1,13.1,Adelaide Strikers,JW Wells,RJ Gibson,Qais Ahmad,0,0,,,,,,"",""
ball,1,13.2,Adelaide Strikers,JW Wells,RJ Gibson,Qais Ahmad,2,0,,,,,,"",""
ball,1,13.3,Adelaide Strikers,JW Wells,RJ Gibson,Qais Ahmad,4,0,,,,,,"",""
ball,1,13.4,Adelaide Strikers,JW Wells,RJ Gibson,Qais Ahmad,0,0,,,,,,"",""
ball,1,13.5,Adelaide Strikers,JW Wells,RJ Gibson,Qais Ahmad,0,1,,,,1,,"",""
ball,1,13.6,Adelaide Strikers,RJ Gibson,JW Wells,Qais Ahmad,0,0,,,,,,stumped,RJ Gibson
ball,1,14.1,Adelaide Strikers,JW Wells,HJ Nielsen,CD Hinchliffe,1,0,,,,,,"",""
ball,1,14.2,Adelaide Strikers,HJ Nielsen,JW Wells,CD Hinchliffe,0,0,,,,,,"",""
ball,1,14.3,Adelaide Strikers,HJ Nielsen,JW Wells,CD Hinchliffe,1,0,,,,,,"",""
ball,1,14.4,Adelaide Strikers,JW Wells,HJ Nielsen,CD Hinchliffe,2,0,,,,,,"",""
ball,1,14.5,Adelaide Strikers,JW Wells,HJ Nielsen,CD Hinchliffe,4,0,,,,,,"",""
ball,1,14.6,Adelaide Strikers,JW Wells,HJ Nielsen,CD Hinchliffe,1,0,,,,,,"",""
ball,1,15.1,Adelaide Strikers,JW Wells,HJ Nielsen,A Zampa,1,0,,,,,,"",""
ball,1,15.2,Adelaide Strikers,HJ Nielsen,JW Wells,A Zampa,0,0,,,,,,"",""
ball,1,15.3,Adelaide Strikers,HJ Nielsen,JW Wells,A Zampa,1,0,,,,,,"",""
ball,1,15.4,Adelaide Strikers,JW Wells,HJ Nielsen,A Zampa,1,0,,,,,,"",""
ball,1,15.5,Adelaide Strikers,HJ Nielsen,JW Wells,A Zampa,0,0,,,,,,"",""
ball,1,15.6,Adelaide Strikers,HJ Nielsen,JW Wells,A Zampa,1,0,,,,,,"",""
ball,1,16.1,Adelaide Strikers,HJ Nielsen,JW Wells,Haris Rauf,0,1,,,,1,,"",""
ball,1,16.2,Adelaide Strikers,JW Wells,HJ Nielsen,Haris Rauf,1,0,,,,,,"",""
ball,1,16.3,Adelaide Strikers,HJ Nielsen,JW Wells,Haris Rauf,0,1,,,1,,,"",""
ball,1,16.4,Adelaide Strikers,JW Wells,HJ Nielsen,Haris Rauf,1,0,,,,,,"",""
ball,1,16.5,Adelaide Strikers,HJ Nielsen,JW Wells,Haris Rauf,1,0,,,,,,"",""
ball,1,16.6,Adelaide Strikers,JW Wells,HJ Nielsen,Haris Rauf,2,0,,,,,,"",""
ball,1,17.1,Adelaide Strikers,HJ Nielsen,JW Wells,BL Couch,0,0,,,,,,"",""
ball,1,17.2,Adelaide Strikers,HJ Nielsen,JW Wells,BL Couch,0,1,1,,,,,"",""
ball,1,17.3,Adelaide Strikers,HJ Nielsen,JW Wells,BL Couch,3,0,,,,,,"",""
ball,1,17.4,Adelaide Strikers,JW Wells,HJ Nielsen,BL Couch,2,0,,,,,,"",""
ball,1,17.5,Adelaide Strikers,JW Wells,HJ Nielsen,BL Couch,4,0,,,,,,"",""
ball,1,17.6,Adelaide Strikers,JW Wells,HJ Nielsen,BL Couch,1,0,,,,,,"",""
ball,1,17.7,Adelaide Strikers,HJ Nielsen,JW Wells,BL Couch,4,0,,,,,,"",""
ball,1,18.1,Adelaide Strikers,JW Wells,HJ Nielsen,A Zampa,2,0,,,,,,"",""
ball,1,18.2,Adelaide Strikers,JW Wells,HJ Nielsen,A Zampa,0,0,,,,,,"",""
ball,1,18.3,Adelaide Strikers,JW Wells,HJ Nielsen,A Zampa,0,0,,,,,,caught,JW Wells
ball,1,18.4,Adelaide Strikers,Rashid Khan,HJ Nielsen,A Zampa,4,0,,,,,,"",""
ball,1,18.5,Adelaide Strikers,Rashid Khan,HJ Nielsen,A Zampa,1,0,,,,,,"",""
ball,1,18.6,Adelaide Strikers,HJ Nielsen,Rashid Khan,A Zampa,2,0,,,,,,"",""
ball,1,19.1,Adelaide Strikers,Rashid Khan,HJ Nielsen,Haris Rauf,1,0,,,,,,"",""
ball,1,19.2,Adelaide Strikers,HJ Nielsen,Rashid Khan,Haris Rauf,1,0,,,,,,"",""
ball,1,19.3,Adelaide Strikers,Rashid Khan,HJ Nielsen,Haris Rauf,1,0,,,,,,"",""
ball,1,19.4,Adelaide Strikers,HJ Nielsen,Rashid Khan,Haris Rauf,0,0,,,,,,bowled,HJ Nielsen
ball,1,19.5,Adelaide Strikers,PM Siddle,Rashid Khan,Haris Rauf,0,0,,,,,,bowled,PM Siddle
ball,1,19.6,Adelaide Strikers,HNA Conway,Rashid Khan,Haris Rauf,1,0,,,,,,run out,HNA Conway
ball,2,0.1,Melbourne Stars,JM Clarke,CD Hinchliffe,MW Short,1,0,,,,,,"",""
ball,2,0.2,Melbourne Stars,CD Hinchliffe,JM Clarke,MW Short,0,1,1,,,,,"",""
ball,2,0.3,Melbourne Stars,CD Hinchliffe,JM Clarke,MW Short,0,0,,,,,,"",""
ball,2,0.4,Melbourne Stars,CD Hinchliffe,JM Clarke,MW Short,0,0,,,,,,"",""
ball,2,0.5,Melbourne Stars,CD Hinchliffe,JM Clarke,MW Short,1,0,,,,,,"",""
ball,2,0.6,Melbourne Stars,JM Clarke,CD Hinchliffe,MW Short,1,0,,,,,,"",""
ball,2,0.7,Melbourne Stars,CD Hinchliffe,JM Clarke,MW Short,0,0,,,,,,"",""
ball,2,1.1,Melbourne Stars,JM Clarke,CD Hinchliffe,HNA Conway,1,0,,,,,,"",""
ball,2,1.2,Melbourne Stars,CD Hinchliffe,JM Clarke,HNA Conway,1,0,,,,,,"",""
ball,2,1.3,Melbourne Stars,JM Clarke,CD Hinchliffe,HNA Conway,1,0,,,,,,"",""
ball,2,1.4,Melbourne Stars,CD Hinchliffe,JM Clarke,HNA Conway,0,0,,,,,,lbw,CD Hinchliffe
ball,2,1.5,Melbourne Stars,NCR Larkin,JM Clarke,HNA Conway,0,0,,,,,,"",""
ball,2,1.6,Melbourne Stars,NCR Larkin,JM Clarke,HNA Conway,0,0,,,,,,"",""
ball,2,2.1,Melbourne Stars,JM Clarke,NCR Larkin,Rashid Khan,0,0,,,,,,"",""
ball,2,2.2,Melbourne Stars,JM Clarke,NCR Larkin,Rashid Khan,0,0,,,,,,"",""
ball,2,2.3,Melbourne Stars,JM Clarke,NCR Larkin,Rashid Khan,1,0,,,,,,"",""
ball,2,2.4,Melbourne Stars,NCR Larkin,JM Clarke,Rashid Khan,0,0,,,,,,"",""
ball,2,2.5,Melbourne Stars,NCR Larkin,JM Clarke,Rashid Khan,0,0,,,,,,"",""
ball,2,2.6,Melbourne Stars,NCR Larkin,JM Clarke,Rashid Khan,0,0,,,,,,"",""
ball,2,3.1,Melbourne Stars,JM Clarke,NCR Larkin,HNA Conway,6,0,,,,,,"",""
ball,2,3.2,Melbourne Stars,JM Clarke,NCR Larkin,HNA Conway,0,0,,,,,,"",""
ball,2,3.3,Melbourne Stars,JM Clarke,NCR Larkin,HNA Conway,4,0,,,,,,"",""
ball,2,3.4,Melbourne Stars,JM Clarke,NCR Larkin,HNA Conway,1,0,,,,,,"",""
ball,2,3.5,Melbourne Stars,NCR Larkin,JM Clarke,HNA Conway,3,0,,,,,,"",""
ball,2,3.6,Melbourne Stars,JM Clarke,NCR Larkin,HNA Conway,2,0,,,,,,"",""
ball,2,4.1,Melbourne Stars,NCR Larkin,JM Clarke,Fawad Ahmed,0,1,1,,,,,stumped,NCR Larkin
ball,2,4.2,Melbourne Stars,JA Burns,JM Clarke,Fawad Ahmed,1,0,,,,,,"",""
ball,2,4.3,Melbourne Stars,JM Clarke,JA Burns,Fawad Ahmed,1,0,,,,,,"",""
ball,2,4.4,Melbourne Stars,JA Burns,JM Clarke,Fawad Ahmed,1,0,,,,,,"",""
ball,2,4.5,Melbourne Stars,JM Clarke,JA Burns,Fawad Ahmed,2,0,,,,,,"",""
ball,2,4.6,Melbourne Stars,JM Clarke,JA Burns,Fawad Ahmed,1,0,,,,,,"",""
ball,2,4.7,Melbourne Stars,JA Burns,JM Clarke,Fawad Ahmed,1,0,,,,,,"",""
ball,2,5.1,Melbourne Stars,JA Burns,JM Clarke,PM Siddle,0,0,,,,,,"",""
ball,2,5.2,Melbourne Stars,JA Burns,JM Clarke,PM Siddle,1,0,,,,,,"",""
ball,2,5.3,Melbourne Stars,JM Clarke,JA Burns,PM Siddle,1,0,,,,,,"",""
ball,2,5.4,Melbourne Stars,JA Burns,JM Clarke,PM Siddle,4,0,,,,,,"",""
ball,2,5.5,Melbourne Stars,JA Burns,JM Clarke,PM Siddle,0,0,,,,,,"",""
ball,2,5.6,Melbourne Stars,JA Burns,JM Clarke,PM Siddle,0,0,,,,,,"",""
ball,2,6.1,Melbourne Stars,JM Clarke,JA Burns,Fawad Ahmed,0,1,1,,,,,"",""
ball,2,6.2,Melbourne Stars,JM Clarke,JA Burns,Fawad Ahmed,1,0,,,,,,"",""
ball,2,6.3,Melbourne Stars,JA Burns,JM Clarke,Fawad Ahmed,1,0,,,,,,"",""
ball,2,6.4,Melbourne Stars,JM Clarke,JA Burns,Fawad Ahmed,0,0,,,,,,"",""
ball,2,6.5,Melbourne Stars,JM Clarke,JA Burns,Fawad Ahmed,0,0,,,,,,"",""
ball,2,6.6,Melbourne Stars,JM Clarke,JA Burns,Fawad Ahmed,1,0,,,,,,"",""
ball,2,6.7,Melbourne Stars,JA Burns,JM Clarke,Fawad Ahmed,0,0,,,,,,"",""
ball,2,7.1,Melbourne Stars,JM Clarke,JA Burns,Rashid Khan,1,0,,,,,,"",""
ball,2,7.2,Melbourne Stars,JA Burns,JM Clarke,Rashid Khan,0,0,,,,,,"",""
ball,2,7.3,Melbourne Stars,JA Burns,JM Clarke,Rashid Khan,0,0,,,,,,"",""
ball,2,7.4,Melbourne Stars,JA Burns,JM Clarke,Rashid Khan,0,0,,,,,,"",""
ball,2,7.5,Melbourne Stars,JA Burns,JM Clarke,Rashid Khan,0,0,,,,,,caught,JA Burns
ball,2,7.6,Melbourne Stars,JM Clarke,HWR Cartwright,Rashid Khan,1,0,,,,,,"",""
ball,2,8.1,Melbourne Stars,JM Clarke,HWR Cartwright,MW Short,2,0,,,,,,"",""
ball,2,8.2,Melbourne Stars,JM Clarke,HWR Cartwright,MW Short,0,0,,,,,,"",""
ball,2,8.3,Melbourne Stars,JM Clarke,HWR Cartwright,MW Short,1,0,,,,,,"",""
ball,2,8.4,Melbourne Stars,HWR Cartwright,JM Clarke,MW Short,4,0,,,,,,"",""
ball,2,8.5,Melbourne Stars,HWR Cartwright,JM Clarke,MW Short,1,0,,,,,,"",""
ball,2,8.6,Melbourne Stars,JM Clarke,HWR Cartwright,MW Short,1,0,,,,,,"",""
ball,2,9.1,Melbourne Stars,JM Clarke,HWR Cartwright,Fawad Ahmed,0,1,1,,,,,"",""
ball,2,9.2,Melbourne Stars,JM Clarke,HWR Cartwright,Fawad Ahmed,6,0,,,,,,"",""
ball,2,9.3,Melbourne Stars,JM Clarke,HWR Cartwright,Fawad Ahmed,2,0,,,,,,"",""
ball,2,9.4,Melbourne Stars,JM Clarke,HWR Cartwright,Fawad Ahmed,1,0,,,,,,"",""
ball,2,9.5,Melbourne Stars,HWR Cartwright,JM Clarke,Fawad Ahmed,6,0,,,,,,"",""
ball,2,9.6,Melbourne Stars,HWR Cartwright,JM Clarke,Fawad Ahmed,0,0,,,,,,"",""
ball,2,9.7,Melbourne Stars,HWR Cartwright,JM Clarke,Fawad Ahmed,0,0,,,,,,"",""
ball,2,10.1,Melbourne Stars,JM Clarke,HWR Cartwright,MW Short,1,0,,,,,,"",""
ball,2,10.2,Melbourne Stars,HWR Cartwright,JM Clarke,MW Short,2,0,,,,,,"",""
ball,2,10.3,Melbourne Stars,HWR Cartwright,JM Clarke,MW Short,0,0,,,,,,"",""
ball,2,10.4,Melbourne Stars,HWR Cartwright,JM Clarke,MW Short,2,0,,,,,,"",""
ball,2,10.5,Melbourne Stars,HWR Cartwright,JM Clarke,MW Short,1,0,,,,,,"",""
ball,2,10.6,Melbourne Stars,JM Clarke,HWR Cartwright,MW Short,1,0,,,,,,"",""
ball,2,11.1,Melbourne Stars,JM Clarke,HWR Cartwright,PM Siddle,4,0,,,,,,"",""
ball,2,11.2,Melbourne Stars,JM Clarke,HWR Cartwright,PM Siddle,0,0,,,,,,"",""
ball,2,11.3,Melbourne Stars,JM Clarke,HWR Cartwright,PM Siddle,1,0,,,,,,"",""
ball,2,11.4,Melbourne Stars,HWR Cartwright,JM Clarke,PM Siddle,1,0,,,,,,"",""
ball,2,11.5,Melbourne Stars,JM Clarke,HWR Cartwright,PM Siddle,1,0,,,,,,"",""
ball,2,11.6,Melbourne Stars,HWR Cartwright,JM Clarke,PM Siddle,0,0,,,,,,caught,HWR Cartwright
ball,2,12.1,Melbourne Stars,BJ Webster,JM Clarke,Rashid Khan,0,0,,,,,,"",""
ball,2,12.2,Melbourne Stars,BJ Webster,JM Clarke,Rashid Khan,4,0,,,,,,"",""
ball,2,12.3,Melbourne Stars,BJ Webster,JM Clarke,Rashid Khan,0,0,,,,,,"",""
ball,2,12.4,Melbourne Stars,BJ Webster,JM Clarke,Rashid Khan,0,0,,,,,,"",""
ball,2,12.5,Melbourne Stars,BJ Webster,JM Clarke,Rashid Khan,1,0,,,,,,"",""
ball,2,12.6,Melbourne Stars,JM Clarke,BJ Webster,Rashid Khan,2,0,,,,,,"",""
ball,2,13.1,Melbourne Stars,BJ Webster,JM Clarke,HNA Conway,0,0,,,,,,"",""
ball,2,13.2,Melbourne Stars,BJ Webster,JM Clarke,HNA Conway,0,0,,,,,,"",""
ball,2,13.3,Melbourne Stars,BJ Webster,JM Clarke,HNA Conway,0,0,,,,,,"",""
ball,2,13.4,Melbourne Stars,BJ Webster,JM Clarke,HNA Conway,1,0,,,,,,"",""
ball,2,13.5,Melbourne Stars,JM Clarke,BJ Webster,HNA Conway,2,0,,,,,,"",""
ball,2,13.6,Melbourne Stars,JM Clarke,BJ Webster,HNA Conway,1,0,,,,,,"",""
ball,2,14.1,Melbourne Stars,JM Clarke,BJ Webster,Rashid Khan,1,0,,,,,,"",""
ball,2,14.2,Melbourne Stars,BJ Webster,JM Clarke,Rashid Khan,0,0,,,,,,"",""
ball,2,14.3,Melbourne Stars,BJ Webster,JM Clarke,Rashid Khan,1,0,,,,,,"",""
ball,2,14.4,Melbourne Stars,JM Clarke,BJ Webster,Rashid Khan,0,0,,,,,,"",""
ball,2,14.5,Melbourne Stars,JM Clarke,BJ Webster,Rashid Khan,2,0,,,,,,"",""
ball,2,14.6,Melbourne Stars,JM Clarke,BJ Webster,Rashid Khan,2,0,,,,,,"",""
ball,2,15.1,Melbourne Stars,BJ Webster,JM Clarke,PM Siddle,0,0,,,,,,"",""
ball,2,15.2,Melbourne Stars,BJ Webster,JM Clarke,PM Siddle,1,0,,,,,,"",""
ball,2,15.3,Melbourne Stars,JM Clarke,BJ Webster,PM Siddle,0,0,,,,,,"",""
ball,2,15.4,Melbourne Stars,JM Clarke,BJ Webster,PM Siddle,0,0,,,,,,"",""
ball,2,15.5,Melbourne Stars,JM Clarke,BJ Webster,PM Siddle,1,0,,,,,,"",""
ball,2,15.6,Melbourne Stars,BJ Webster,JM Clarke,PM Siddle,1,0,,,,,,"",""
ball,2,16.1,Melbourne Stars,BJ Webster,JM Clarke,Fawad Ahmed,1,0,,,,,,"",""
ball,2,16.2,Melbourne Stars,JM Clarke,BJ Webster,Fawad Ahmed,0,0,,,,,,"",""
ball,2,16.3,Melbourne Stars,JM Clarke,BJ Webster,Fawad Ahmed,1,0,,,,,,"",""
ball,2,16.4,Melbourne Stars,BJ Webster,JM Clarke,Fawad Ahmed,1,0,,,,,,"",""
ball,2,16.5,Melbourne Stars,JM Clarke,BJ Webster,Fawad Ahmed,2,0,,,,,,"",""
ball,2,16.6,Melbourne Stars,JM Clarke,BJ Webster,Fawad Ahmed,1,0,,,,,,"",""
ball,2,17.1,Melbourne Stars,JM Clarke,BJ Webster,HNA Conway,4,0,,,,,,"",""
ball,2,17.2,Melbourne Stars,JM Clarke,BJ Webster,HNA Conway,1,0,,,,,,"",""
ball,2,17.3,Melbourne Stars,BJ Webster,JM Clarke,HNA Conway,1,0,,,,,,"",""
ball,2,17.4,Melbourne Stars,JM Clarke,BJ Webster,HNA Conway,1,0,,,,,,"",""
ball,2,17.5,Melbourne Stars,BJ Webster,JM Clarke,HNA Conway,1,0,,,,,,"",""
ball,2,17.6,Melbourne Stars,JM Clarke,BJ Webster,HNA Conway,6,0,,,,,,"",""
ball,2,18.1,Melbourne Stars,BJ Webster,JM Clarke,PM Siddle,1,0,,,,,,"",""
ball,2,18.2,Melbourne Stars,JM Clarke,BJ Webster,PM Siddle,2,0,,,,,,"",""
ball,2,18.3,Melbourne Stars,JM Clarke,BJ Webster,PM Siddle,0,1,,1,,,,"",""
ball,2,18.4,Melbourne Stars,JM Clarke,BJ Webster,PM Siddle,0,0,,,,,,"",""
ball,2,18.5,Melbourne Stars,JM Clarke,BJ Webster,PM Siddle,6,0,,,,,,"",""
ball,2,18.6,Melbourne Stars,JM Clarke,BJ Webster,PM Siddle,0,0,,,,,,caught,JM Clarke
ball,2,18.7,Melbourne Stars,BJ Webster,Qais Ahmad,PM Siddle,0,0,,,,,,"",""
ball,2,19.1,Melbourne Stars,Qais Ahmad,BJ Webster,MW Short,6,0,,,,,,"",""
ball,2,19.2,Melbourne Stars,Qais Ahmad,BJ Webster,MW Short,0,1,1,,,,,"",""
