version,1.7.0
info,balls_per_over,6
info,team,Sydney Thunder
info,team,Brisbane Heat
info,gender,male
info,season,2021/22
info,date,2021/12/19
info,event,Big Bash League
info,match_number,14
info,venue,"Brisbane Cricket Ground, Woolloongabba, Brisbane"
info,city,Brisbane
info,toss_winner,Brisbane Heat
info,toss_decision,field
info,player_of_match,S Mahmood
info,umpire,DR Close
info,umpire,DM Koch
info,reserve_umpire,SE Dionysius
info,tv_umpire,BC Treloar
info,match_referee,Kepler Wessels
info,winner,Sydney Thunder
info,winner_runs,53
info,player,Sydney Thunder,M Gilkes
info,player,Sydney Thunder,AD Hales
info,player,Sydney Thunder,JJS Sangha
info,player,Sydney Thunder,SW Billings
info,player,Sydney Thunder,DR Sams
info,player,Sydney Thunder,BCJ Cutting
info,player,Sydney Thunder,AI Ross
info,player,Sydney Thunder,N McAndrew
info,player,Sydney Thunder,CJ Green
info,player,Sydney Thunder,S Mahmood
info,player,Sydney Thunder,T Sangha
info,player,Brisbane Heat,TB Abell
info,player,Brisbane Heat,CA Lynn
info,player,Brisbane Heat,M Bryant
info,player,Brisbane Heat,BM Duckett
info,player,Brisbane Heat,SD Heazlett
info,player,Brisbane Heat,TLW Cooper
info,player,Brisbane Heat,JJ Peirson
info,player,Brisbane Heat,JJ Bazley
info,player,Brisbane Heat,XC Bartlett
info,player,Brisbane Heat,MT Steketee
info,player,Brisbane Heat,MJ Swepson
info,player,Brisbane Heat,Mujeeb Ur Rahman
info,registry,people,AD Hales,92aeac25
info,registry,people,AI Ross,fb0d68b4
info,registry,people,BC Treloar,f7e8ee52
info,registry,people,BCJ Cutting,2e11c706
info,registry,people,BM Duckett,5f26f677
info,registry,people,CA Lynn,45eda7c8
info,registry,people,CJ Green,19b9f399
info,registry,people,DM Koch,6d10c034
info,registry,people,DR Close,4cae2b0c
info,registry,people,DR Sams,caf69bf7
info,registry,people,JJ Bazley,003d49e6
info,registry,people,JJ Peirson,2b55c3b4
info,registry,people,JJS Sangha,8e3cb0e9
info,registry,people,Kepler Wessels,3bedaff0
info,registry,people,M Bryant,f32012f4
info,registry,people,M Gilkes,d85b0f8b
info,registry,people,MJ Swepson,86b4bf88
info,registry,people,MT Steketee,903560ed
info,registry,people,Mujeeb Ur Rahman,7d92277a
info,registry,people,N McAndrew,38c276e1
info,registry,people,S Mahmood,0f6db197
info,registry,people,SD Heazlett,e00a9155
info,registry,people,SE Dionysius,ac886e6f
info,registry,people,SW Billings,c16d4035
info,registry,people,T Sangha,52c952d9
info,registry,people,TB Abell,ba9258a7
info,registry,people,TLW Cooper,2318ba22
info,registry,people,XC Bartlett,3b53243a
ball,1,0.1,Sydney Thunder,M Gilkes,AD Hales,XC Bartlett,0,1,,,,1,,"",""
ball,1,0.2,Sydney Thunder,AD Hales,M Gilkes,XC Bartlett,1,0,,,,,,"",""
ball,1,0.3,Sydney Thunder,M Gilkes,AD Hales,XC Bartlett,0,0,,,,,,"",""
ball,1,0.4,Sydney Thunder,M Gilkes,AD Hales,XC Bartlett,4,0,,,,,,"",""
ball,1,0.5,Sydney Thunder,M Gilkes,AD Hales,XC Bartlett,0,1,1,,,,,"",""
ball,1,0.6,Sydney Thunder,M Gilkes,AD Hales,XC Bartlett,1,0,,,,,,"",""
ball,1,0.7,Sydney Thunder,AD Hales,M Gilkes,XC Bartlett,0,0,,,,,,"",""
ball,1,1.1,Sydney Thunder,M Gilkes,AD Hales,MT Steketee,0,0,,,,,,"",""
ball,1,1.2,Sydney Thunder,M Gilkes,AD Hales,MT Steketee,6,0,,,,,,"",""
ball,1,1.3,Sydney Thunder,M Gilkes,AD Hales,MT Steketee,0,0,,,,,,"",""
ball,1,1.4,Sydney Thunder,M Gilkes,AD Hales,MT Steketee,0,0,,,,,,"",""
ball,1,1.5,Sydney Thunder,M Gilkes,AD Hales,MT Steketee,0,0,,,,,,"",""
ball,1,1.6,Sydney Thunder,M Gilkes,AD Hales,MT Steketee,1,0,,,,,,"",""
ball,1,2.1,Sydney Thunder,M Gilkes,AD Hales,XC Bartlett,0,0,,,,,,"",""
ball,1,2.2,Sydney Thunder,M Gilkes,AD Hales,XC Bartlett,1,0,,,,,,"",""
ball,1,2.3,Sydney Thunder,AD Hales,M Gilkes,XC Bartlett,6,0,,,,,,"",""
ball,1,2.4,Sydney Thunder,AD Hales,M Gilkes,XC Bartlett,4,0,,,,,,"",""
ball,1,2.5,Sydney Thunder,AD Hales,M Gilkes,XC Bartlett,0,1,,,,1,,"",""
ball,1,2.6,Sydney Thunder,M Gilkes,AD Hales,XC Bartlett,4,0,,,,,,"",""
ball,1,3.1,Sydney Thunder,AD Hales,M Gilkes,Mujeeb Ur Rahman,0,0,,,,,,"",""
ball,1,3.2,Sydney Thunder,AD Hales,M Gilkes,Mujeeb Ur Rahman,1,0,,,,,,"",""
ball,1,3.3,Sydney Thunder,M Gilkes,AD Hales,Mujeeb Ur Rahman,0,0,,,,,,"",""
ball,1,3.4,Sydney Thunder,M Gilkes,AD Hales,Mujeeb Ur Rahman,3,0,,,,,,"",""
ball,1,3.5,Sydney Thunder,AD Hales,M Gilkes,Mujeeb Ur Rahman,4,0,,,,,,"",""
ball,1,3.6,Sydney Thunder,AD Hales,M Gilkes,Mujeeb Ur Rahman,0,0,,,,,,"",""
ball,1,4.1,Sydney Thunder,M Gilkes,AD Hales,JJ Bazley,1,0,,,,,,"",""
ball,1,4.2,Sydney Thunder,AD Hales,M Gilkes,JJ Bazley,1,0,,,,,,"",""
ball,1,4.3,Sydney Thunder,M Gilkes,AD Hales,JJ Bazley,1,0,,,,,,"",""
ball,1,4.4,Sydney Thunder,AD Hales,M Gilkes,JJ Bazley,4,0,,,,,,"",""
ball,1,4.5,Sydney Thunder,AD Hales,M Gilkes,JJ Bazley,0,1,1,,,,,"",""
ball,1,4.6,Sydney Thunder,AD Hales,M Gilkes,JJ Bazley,0,1,,,,1,,"",""
ball,1,4.7,Sydney Thunder,M Gilkes,AD Hales,JJ Bazley,3,0,,,,,,"",""
ball,1,5.1,Sydney Thunder,M Gilkes,AD Hales,MJ Swepson,1,0,,,,,,"",""
ball,1,5.2,Sydney Thunder,AD Hales,M Gilkes,MJ Swepson,1,0,,,,,,"",""
ball,1,5.3,Sydney Thunder,M Gilkes,AD Hales,MJ Swepson,2,0,,,,,,"",""
ball,1,5.4,Sydney Thunder,M Gilkes,AD Hales,MJ Swepson,0,0,,,,,,"",""
ball,1,5.5,Sydney Thunder,M Gilkes,AD Hales,MJ Swepson,0,0,,,,,,caught,M Gilkes
ball,1,5.6,Sydney Thunder,AD Hales,JJS Sangha,MJ Swepson,1,0,,,,,,"",""
ball,1,6.1,Sydney Thunder,AD Hales,JJS Sangha,MT Steketee,1,0,,,,,,"",""
ball,1,6.2,Sydney Thunder,JJS Sangha,AD Hales,MT Steketee,0,0,,,,,,"",""
ball,1,6.3,Sydney Thunder,JJS Sangha,AD Hales,MT Steketee,1,0,,,,,,"",""
ball,1,6.4,Sydney Thunder,AD Hales,JJS Sangha,MT Steketee,1,0,,,,,,"",""
ball,1,6.5,Sydney Thunder,JJS Sangha,AD Hales,MT Steketee,0,0,,,,,,"",""
ball,1,6.6,Sydney Thunder,JJS Sangha,AD Hales,MT Steketee,0,0,,,,,,"",""
ball,1,7.1,Sydney Thunder,AD Hales,JJS Sangha,MJ Swepson,1,0,,,,,,"",""
ball,1,7.2,Sydney Thunder,JJS Sangha,AD Hales,MJ Swepson,2,0,,,,,,"",""
ball,1,7.3,Sydney Thunder,JJS Sangha,AD Hales,MJ Swepson,1,0,,,,,,"",""
ball,1,7.4,Sydney Thunder,AD Hales,JJS Sangha,MJ Swepson,0,0,,,,,,"",""
ball,1,7.5,Sydney Thunder,AD Hales,JJS Sangha,MJ Swepson,0,0,,,,,,"",""
ball,1,7.6,Sydney Thunder,AD Hales,JJS Sangha,MJ Swepson,1,0,,,,,,"",""
ball,1,8.1,Sydney Thunder,AD Hales,JJS Sangha,JJ Bazley,0,0,,,,,,"",""
ball,1,8.2,Sydney Thunder,AD Hales,JJS Sangha,JJ Bazley,6,0,,,,,,"",""
ball,1,8.3,Sydney Thunder,AD Hales,JJS Sangha,JJ Bazley,1,0,,,,,,"",""
ball,1,8.4,Sydney Thunder,JJS Sangha,AD Hales,JJ Bazley,0,0,,,,,,"",""
ball,1,8.5,Sydney Thunder,JJS Sangha,AD Hales,JJ Bazley,2,0,,,,,,"",""
ball,1,8.6,Sydney Thunder,JJS Sangha,AD Hales,JJ Bazley,1,0,,,,,,"",""
ball,1,9.1,Sydney Thunder,JJS Sangha,AD Hales,Mujeeb Ur Rahman,0,0,,,,,,"",""
ball,1,9.2,Sydney Thunder,JJS Sangha,AD Hales,Mujeeb Ur Rahman,4,0,,,,,,"",""
ball,1,9.3,Sydney Thunder,JJS Sangha,AD Hales,Mujeeb Ur Rahman,1,0,,,,,,"",""
ball,1,9.4,Sydney Thunder,AD Hales,JJS Sangha,Mujeeb Ur Rahman,0,1,1,,,,,"",""
ball,1,9.5,Sydney Thunder,AD Hales,JJS Sangha,Mujeeb Ur Rahman,1,0,,,,,,"",""
ball,1,9.6,Sydney Thunder,JJS Sangha,AD Hales,Mujeeb Ur Rahman,0,0,,,,,,"",""
ball,1,9.7,Sydney Thunder,JJS Sangha,AD Hales,Mujeeb Ur Rahman,0,0,,,,,,"",""
ball,1,10.1,Sydney Thunder,AD Hales,JJS Sangha,XC Bartlett,0,0,,,,,,"",""
ball,1,10.2,Sydney Thunder,AD Hales,JJS Sangha,XC Bartlett,0,0,,,,,,caught,AD Hales
ball,1,10.3,Sydney Thunder,JJS Sangha,SW Billings,XC Bartlett,0,1,1,,,,,"",""
ball,1,10.4,Sydney Thunder,JJS Sangha,SW Billings,XC Bartlett,3,0,,,,,,"",""
ball,1,10.5,Sydney Thunder,SW Billings,JJS Sangha,XC Bartlett,1,0,,,,,,"",""
ball,1,10.6,Sydney Thunder,JJS Sangha,SW Billings,XC Bartlett,0,0,,,,,,"",""
ball,1,10.7,Sydney Thunder,JJS Sangha,SW Billings,XC Bartlett,2,0,,,,,,"",""
ball,1,11.1,Sydney Thunder,SW Billings,JJS Sangha,MJ Swepson,1,0,,,,,,"",""
ball,1,11.2,Sydney Thunder,JJS Sangha,SW Billings,MJ Swepson,0,1,1,,,,,"",""
ball,1,11.3,Sydney Thunder,JJS Sangha,SW Billings,MJ Swepson,1,0,,,,,,"",""
ball,1,11.4,Sydney Thunder,SW Billings,JJS Sangha,MJ Swepson,4,0,,,,,,"",""
ball,1,11.5,Sydney Thunder,SW Billings,JJS Sangha,MJ Swepson,0,0,,,,,,"",""
ball,1,11.6,Sydney Thunder,SW Billings,JJS Sangha,MJ Swepson,4,0,,,,,,"",""
ball,1,11.7,Sydney Thunder,SW Billings,JJS Sangha,MJ Swepson,1,0,,,,,,"",""
ball,1,12.1,Sydney Thunder,SW Billings,JJS Sangha,JJ Bazley,0,1,,,,1,,"",""
ball,1,12.2,Sydney Thunder,JJS Sangha,SW Billings,JJ Bazley,0,0,,,,,,"",""
ball,1,12.3,Sydney Thunder,JJS Sangha,SW Billings,JJ Bazley,4,0,,,,,,"",""
ball,1,12.4,Sydney Thunder,JJS Sangha,SW Billings,JJ Bazley,1,0,,,,,,"",""
ball,1,12.5,Sydney Thunder,SW Billings,JJS Sangha,JJ Bazley,6,0,,,,,,"",""
ball,1,12.6,Sydney Thunder,SW Billings,JJS Sangha,JJ Bazley,4,0,,,,,,"",""
ball,1,13.1,Sydney Thunder,JJS Sangha,SW Billings,MT Steketee,6,0,,,,,,"",""
ball,1,13.2,Sydney Thunder,JJS Sangha,SW Billings,MT Steketee,1,0,,,,,,"",""
ball,1,13.3,Sydney Thunder,SW Billings,JJS Sangha,MT Steketee,2,0,,,,,,"",""
ball,1,13.4,Sydney Thunder,SW Billings,JJS Sangha,MT Steketee,2,0,,,,,,"",""
ball,1,13.5,Sydney Thunder,SW Billings,JJS Sangha,MT Steketee,1,0,,,,,,"",""
ball,1,13.6,Sydney Thunder,JJS Sangha,SW Billings,MT Steketee,4,0,,,,,,"",""
ball,1,14.1,Sydney Thunder,SW Billings,JJS Sangha,Mujeeb Ur Rahman,6,0,,,,,,"",""
ball,1,14.2,Sydney Thunder,SW Billings,JJS Sangha,Mujeeb Ur Rahman,0,0,,,,,,"",""
ball,1,14.3,Sydney Thunder,SW Billings,JJS Sangha,Mujeeb Ur Rahman,1,0,,,,,,"",""
ball,1,14.4,Sydney Thunder,JJS Sangha,SW Billings,Mujeeb Ur Rahman,2,0,,,,,,"",""
ball,1,14.5,Sydney Thunder,JJS Sangha,SW Billings,Mujeeb Ur Rahman,1,0,,,,,,"",""
ball,1,14.6,Sydney Thunder,SW Billings,JJS Sangha,Mujeeb Ur Rahman,1,0,,,,,,"",""
ball,1,15.1,Sydney Thunder,SW Billings,JJS Sangha,MJ Swepson,1,0,,,,,,"",""
ball,1,15.2,Sydney Thunder,JJS Sangha,SW Billings,MJ Swepson,2,0,,,,,,"",""
ball,1,15.3,Sydney Thunder,JJS Sangha,SW Billings,MJ Swepson,0,0,,,,,,bowled,JJS Sangha
ball,1,15.4,Sydney Thunder,DR Sams,SW Billings,MJ Swepson,0,0,,,,,,"",""
ball,1,15.5,Sydney Thunder,DR Sams,SW Billings,MJ Swepson,1,0,,,,,,"",""
ball,1,15.6,Sydney Thunder,SW Billings,DR Sams,MJ Swepson,1,0,,,,,,"",""
ball,1,16.1,Sydney Thunder,SW Billings,DR Sams,XC Bartlett,6,0,,,,,,"",""
ball,1,16.2,Sydney Thunder,SW Billings,DR Sams,XC Bartlett,0,1,1,,,,,"",""
ball,1,16.3,Sydney Thunder,SW Billings,DR Sams,XC Bartlett,1,0,,,,,,"",""
ball,1,16.4,Sydney Thunder,DR Sams,SW Billings,XC Bartlett,0,0,,,,,,caught,DR Sams
ball,1,16.5,Sydney Thunder,SW Billings,BCJ Cutting,XC Bartlett,0,1,1,,,,,"",""
ball,1,16.6,Sydney Thunder,SW Billings,BCJ Cutting,XC Bartlett,4,0,,,,,,"",""
ball,1,16.7,Sydney Thunder,SW Billings,BCJ Cutting,XC Bartlett,0,1,1,,,,,"",""
ball,1,16.8,Sydney Thunder,SW Billings,BCJ Cutting,XC Bartlett,1,0,,,,,,"",""
ball,1,16.9,Sydney Thunder,BCJ Cutting,SW Billings,XC Bartlett,1,0,,,,,,"",""
ball,1,17.1,Sydney Thunder,BCJ Cutting,SW Billings,Mujeeb Ur Rahman,1,0,,,,,,"",""
ball,1,17.2,Sydney Thunder,SW Billings,BCJ Cutting,Mujeeb Ur Rahman,0,1,,,,1,,"",""
ball,1,17.3,Sydney Thunder,BCJ Cutting,SW Billings,Mujeeb Ur Rahman,0,0,,,,,,"",""
ball,1,17.4,Sydney Thunder,BCJ Cutting,SW Billings,Mujeeb Ur Rahman,0,0,,,,,,"",""
ball,1,17.5,Sydney Thunder,BCJ Cutting,SW Billings,Mujeeb Ur Rahman,1,0,,,,,,"",""
ball,1,17.6,Sydney Thunder,SW Billings,BCJ Cutting,Mujeeb Ur Rahman,6,0,,,,,,"",""
ball,1,18.1,Sydney Thunder,BCJ Cutting,SW Billings,JJ Bazley,0,0,,,,,,"",""
ball,1,18.2,Sydney Thunder,BCJ Cutting,SW Billings,JJ Bazley,0,1,,,,1,,"",""
ball,1,18.3,Sydney Thunder,SW Billings,BCJ Cutting,JJ Bazley,6,0,,,,,,"",""
ball,1,18.4,Sydney Thunder,SW Billings,BCJ Cutting,JJ Bazley,4,0,,,,,,"",""
ball,1,18.5,Sydney Thunder,SW Billings,BCJ Cutting,JJ Bazley,0,1,1,,,,,"",""
ball,1,18.6,Sydney Thunder,SW Billings,BCJ Cutting,JJ Bazley,0,1,1,,,,,"",""
ball,1,18.7,Sydney Thunder,SW Billings,BCJ Cutting,JJ Bazley,0,0,,,,,,lbw,SW Billings
ball,1,18.8,Sydney Thunder,AI Ross,BCJ Cutting,JJ Bazley,4,0,,,,,,"",""
ball,1,19.1,Sydney Thunder,BCJ Cutting,AI Ross,MT Steketee,4,0,,,,,,"",""
ball,1,19.2,Sydney Thunder,BCJ Cutting,AI Ross,MT Steketee,1,0,,,,,,"",""
ball,1,19.3,Sydney Thunder,AI Ross,BCJ Cutting,MT Steketee,0,0,,,,,,caught,AI Ross
ball,1,19.4,Sydney Thunder,N McAndrew,BCJ Cutting,MT Steketee,1,0,,,,,,"",""
ball,1,19.5,Sydney Thunder,BCJ Cutting,N McAndrew,MT Steketee,0,0,,,,,,"",""
ball,1,19.6,Sydney Thunder,BCJ Cutting,N McAndrew,MT Steketee,0,0,,,,,,caught,BCJ Cutting
ball,2,0.1,Brisbane Heat,CA Lynn,M Bryant,S Mahmood,4,0,,,,,,"",""
ball,2,0.2,Brisbane Heat,CA Lynn,M Bryant,S Mahmood,0,0,,,,,,"",""
ball,2,0.3,Brisbane Heat,CA Lynn,M Bryant,S Mahmood,0,0,,,,,,caught,CA Lynn
ball,2,0.4,Brisbane Heat,BM Duckett,M Bryant,S Mahmood,0,1,1,,,,,"",""
ball,2,0.5,Brisbane Heat,BM Duckett,M Bryant,S Mahmood,2,0,,,,,,"",""
ball,2,0.6,Brisbane Heat,BM Duckett,M Bryant,S Mahmood,0,1,1,,,,,"",""
ball,2,0.7,Brisbane Heat,BM Duckett,M Bryant,S Mahmood,0,0,,,,,,caught,BM Duckett
ball,2,0.8,Brisbane Heat,SD Heazlett,M Bryant,S Mahmood,0,0,,,,,,"",""
ball,2,1.1,Brisbane Heat,M Bryant,SD Heazlett,DR Sams,0,0,,,,,,"",""
ball,2,1.2,Brisbane Heat,M Bryant,SD Heazlett,DR Sams,1,0,,,,,,"",""
ball,2,1.3,Brisbane Heat,SD Heazlett,M Bryant,DR Sams,4,0,,,,,,"",""
ball,2,1.4,Brisbane Heat,SD Heazlett,M Bryant,DR Sams,0,0,,,,,,"",""
ball,2,1.5,Brisbane Heat,SD Heazlett,M Bryant,DR Sams,0,0,,,,,,"",""
ball,2,1.6,Brisbane Heat,SD Heazlett,M Bryant,DR Sams,1,0,,,,,,"",""
ball,2,2.1,Brisbane Heat,SD Heazlett,M Bryant,S Mahmood,0,0,,,,,,caught,SD Heazlett
ball,2,2.2,Brisbane Heat,M Bryant,TLW Cooper,S Mahmood,1,0,,,,,,run out,M Bryant
ball,2,2.3,Brisbane Heat,JJ Peirson,TLW Cooper,S Mahmood,0,0,,,,,,"",""
ball,2,2.4,Brisbane Heat,JJ Peirson,TLW Cooper,S Mahmood,0,0,,,,,,"",""
ball,2,2.5,Brisbane Heat,JJ Peirson,TLW Cooper,S Mahmood,0,0,,,,,,caught,JJ Peirson
ball,2,2.6,Brisbane Heat,JJ Bazley,TLW Cooper,S Mahmood,0,0,,,,,,"",""
ball,2,3.1,Brisbane Heat,TLW Cooper,JJ Bazley,N McAndrew,2,0,,,,,,"",""
ball,2,3.2,Brisbane Heat,TLW Cooper,JJ Bazley,N McAndrew,0,0,,,,,,"",""
ball,2,3.3,Brisbane Heat,TLW Cooper,JJ Bazley,N McAndrew,0,1,1,,,,,"",""
ball,2,3.4,Brisbane Heat,TLW Cooper,JJ Bazley,N McAndrew,2,0,,,,,,"",""
ball,2,3.5,Brisbane Heat,TLW Cooper,JJ Bazley,N McAndrew,4,0,,,,,,"",""
ball,2,3.6,Brisbane Heat,TLW Cooper,JJ Bazley,N McAndrew,4,0,,,,,,"",""
ball,2,3.7,Brisbane Heat,TLW Cooper,JJ Bazley,N McAndrew,0,0,,,,,,"",""
ball,2,4.1,Brisbane Heat,JJ Bazley,TLW Cooper,S Mahmood,0,1,,,,1,,"",""
ball,2,4.2,Brisbane Heat,TLW Cooper,JJ Bazley,S Mahmood,0,0,,,,,,"",""
ball,2,4.3,Brisbane Heat,TLW Cooper,JJ Bazley,S Mahmood,6,0,,,,,,"",""
ball,2,4.4,Brisbane Heat,TLW Cooper,JJ Bazley,S Mahmood,6,0,,,,,,"",""
ball,2,4.5,Brisbane Heat,TLW Cooper,JJ Bazley,S Mahmood,0,0,,,,,,"",""
ball,2,4.6,Brisbane Heat,TLW Cooper,JJ Bazley,S Mahmood,1,0,,,,,,"",""
ball,2,5.1,Brisbane Heat,TLW Cooper,JJ Bazley,CJ Green,4,0,,,,,,"",""
ball,2,5.2,Brisbane Heat,TLW Cooper,JJ Bazley,CJ Green,1,0,,,,,,"",""
ball,2,5.3,Brisbane Heat,JJ Bazley,TLW Cooper,CJ Green,0,0,,,,,,"",""
ball,2,5.4,Brisbane Heat,JJ Bazley,TLW Cooper,CJ Green,0,0,,,,,,"",""
ball,2,5.5,Brisbane Heat,JJ Bazley,TLW Cooper,CJ Green,0,0,,,,,,"",""
ball,2,5.6,Brisbane Heat,JJ Bazley,TLW Cooper,CJ Green,1,0,,,,,,"",""
ball,2,6.1,Brisbane Heat,JJ Bazley,TLW Cooper,T Sangha,1,0,,,,,,"",""
ball,2,6.2,Brisbane Heat,TLW Cooper,JJ Bazley,T Sangha,1,0,,,,,,"",""
ball,2,6.3,Brisbane Heat,JJ Bazley,TLW Cooper,T Sangha,0,1,1,,,,,"",""
ball,2,6.4,Brisbane Heat,JJ Bazley,TLW Cooper,T Sangha,4,0,,,,,,"",""
ball,2,6.5,Brisbane Heat,JJ Bazley,TLW Cooper,T Sangha,0,0,,,,,,"",""
ball,2,6.6,Brisbane Heat,JJ Bazley,TLW Cooper,T Sangha,1,0,,,,,,"",""
ball,2,6.7,Brisbane Heat,TLW Cooper,JJ Bazley,T Sangha,0,0,,,,,,"",""
ball,2,7.1,Brisbane Heat,JJ Bazley,TLW Cooper,CJ Green,0,1,,,1,,,"",""
ball,2,7.2,Brisbane Heat,TLW Cooper,JJ Bazley,CJ Green,0,0,,,,,,"",""
ball,2,7.3,Brisbane Heat,TLW Cooper,JJ Bazley,CJ Green,1,0,,,,,,"",""
ball,2,7.4,Brisbane Heat,JJ Bazley,TLW Cooper,CJ Green,1,0,,,,,,"",""
ball,2,7.5,Brisbane Heat,TLW Cooper,JJ Bazley,CJ Green,0,0,,,,,,caught,TLW Cooper
ball,2,7.6,Brisbane Heat,JJ Bazley,XC Bartlett,CJ Green,1,0,,,,,,"",""
ball,2,8.1,Brisbane Heat,JJ Bazley,XC Bartlett,T Sangha,0,0,,,,,,caught,JJ Bazley
ball,2,8.2,Brisbane Heat,XC Bartlett,MT Steketee,T Sangha,1,0,,,,,,"",""
ball,2,8.3,Brisbane Heat,MT Steketee,XC Bartlett,T Sangha,1,0,,,,,,"",""
ball,2,8.4,Brisbane Heat,XC Bartlett,MT Steketee,T Sangha,1,0,,,,,,"",""
ball,2,8.5,Brisbane Heat,MT Steketee,XC Bartlett,T Sangha,6,0,,,,,,"",""
ball,2,8.6,Brisbane Heat,MT Steketee,XC Bartlett,T Sangha,1,0,,,,,,"",""
ball,2,9.1,Brisbane Heat,MT Steketee,XC Bartlett,CJ Green,1,0,,,,,,"",""
ball,2,9.2,Brisbane Heat,XC Bartlett,MT Steketee,CJ Green,2,0,,,,,,"",""
ball,2,9.3,Brisbane Heat,XC Bartlett,MT Steketee,CJ Green,0,0,,,,,,"",""
ball,2,9.4,Brisbane Heat,XC Bartlett,MT Steketee,CJ Green,1,0,,,,,,"",""
ball,2,9.5,Brisbane Heat,MT Steketee,XC Bartlett,CJ Green,2,0,,,,,,"",""
ball,2,9.6,Brisbane Heat,MT Steketee,XC Bartlett,CJ Green,0,1,1,,,,,"",""
ball,2,9.7,Brisbane Heat,MT Steketee,XC Bartlett,CJ Green,0,0,,,,,,"",""
ball,2,10.1,Brisbane Heat,XC Bartlett,MT Steketee,DR Sams,0,1,1,,,,,"",""
ball,2,10.2,Brisbane Heat,XC Bartlett,MT Steketee,DR Sams,6,0,,,,,,"",""
ball,2,10.3,Brisbane Heat,XC Bartlett,MT Steketee,DR Sams,0,0,,,,,,"",""
ball,2,10.4,Brisbane Heat,XC Bartlett,MT Steketee,DR Sams,2,0,,,,,,"",""
ball,2,10.5,Brisbane Heat,XC Bartlett,MT Steketee,DR Sams,4,0,,,,,,"",""
ball,2,10.6,Brisbane Heat,XC Bartlett,MT Steketee,DR Sams,2,0,,,,,,"",""
ball,2,10.7,Brisbane Heat,XC Bartlett,MT Steketee,DR Sams,4,0,,,,,,"",""
ball,2,11.1,Brisbane Heat,MT Steketee,XC Bartlett,N McAndrew,0,0,,,,,,"",""
ball,2,11.2,Brisbane Heat,MT Steketee,XC Bartlett,N McAndrew,2,0,,,,,,"",""
ball,2,11.3,Brisbane Heat,MT Steketee,XC Bartlett,N McAndrew,1,0,,,,,,"",""
ball,2,11.4,Brisbane Heat,XC Bartlett,MT Steketee,N McAndrew,0,0,,,,,,"",""
ball,2,11.5,Brisbane Heat,XC Bartlett,MT Steketee,N McAndrew,0,0,,,,,,"",""
ball,2,11.6,Brisbane Heat,XC Bartlett,MT Steketee,N McAndrew,0,1,1,,,,,"",""
ball,2,11.7,Brisbane Heat,XC Bartlett,MT Steketee,N McAndrew,2,0,,,,,,"",""
ball,2,12.1,Brisbane Heat,MT Steketee,XC Bartlett,BCJ Cutting,4,0,,,,,,"",""
ball,2,12.2,Brisbane Heat,MT Steketee,XC Bartlett,BCJ Cutting,1,0,,,,,,"",""
ball,2,12.3,Brisbane Heat,XC Bartlett,MT Steketee,BCJ Cutting,1,0,,,,,,"",""
ball,2,12.4,Brisbane Heat,MT Steketee,XC Bartlett,BCJ Cutting,1,0,,,,,,"",""
ball,2,12.5,Brisbane Heat,XC Bartlett,MT Steketee,BCJ Cutting,1,0,,,,,,"",""
ball,2,12.6,Brisbane Heat,MT Steketee,XC Bartlett,BCJ Cutting,1,0,,,,,,"",""
ball,2,13.1,Brisbane Heat,MT Steketee,XC Bartlett,T Sangha,1,0,,,,,,"",""
ball,2,13.2,Brisbane Heat,XC Bartlett,MT Steketee,T Sangha,1,0,,,,,,"",""
ball,2,13.3,Brisbane Heat,MT Steketee,XC Bartlett,T Sangha,0,0,,,,,,"",""
ball,2,13.4,Brisbane Heat,MT Steketee,XC Bartlett,T Sangha,1,0,,,,,,"",""
ball,2,13.5,Brisbane Heat,XC Bartlett,MT Steketee,T Sangha,1,0,,,,,,"",""
ball,2,13.6,Brisbane Heat,MT Steketee,XC Bartlett,T Sangha,0,0,,,,,,"",""
ball,2,14.1,Brisbane Heat,XC Bartlett,MT Steketee,N McAndrew,0,0,,,,,,"",""
ball,2,14.2,Brisbane Heat,XC Bartlett,MT Steketee,N McAndrew,4,0,,,,,,"",""
ball,2,14.3,Brisbane Heat,XC Bartlett,MT Steketee,N McAndrew,0,0,,,,,,"",""
ball,2,14.4,Brisbane Heat,XC Bartlett,MT Steketee,N McAndrew,1,0,,,,,,"",""
ball,2,14.5,Brisbane Heat,MT Steketee,XC Bartlett,N McAndrew,1,0,,,,,,"",""
ball,2,14.6,Brisbane Heat,XC Bartlett,MT Steketee,N McAndrew,0,0,,,,,,"",""
ball,2,15.1,Brisbane Heat,MT Steketee,XC Bartlett,CJ Green,2,0,,,,,,"",""
ball,2,15.2,Brisbane Heat,MT Steketee,XC Bartlett,CJ Green,4,0,,,,,,"",""
ball,2,15.3,Brisbane Heat,MT Steketee,XC Bartlett,CJ Green,0,1,1,,,,,"",""
ball,2,15.4,Brisbane Heat,MT Steketee,XC Bartlett,CJ Green,1,0,,,,,,"",""
ball,2,15.5,Brisbane Heat,XC Bartlett,MT Steketee,CJ Green,2,0,,,,,,"",""
ball,2,15.6,Brisbane Heat,XC Bartlett,MT Steketee,CJ Green,2,0,,,,,,"",""
ball,2,15.7,Brisbane Heat,XC Bartlett,MT Steketee,CJ Green,1,0,,,,,,"",""
ball,2,16.1,Brisbane Heat,XC Bartlett,MT Steketee,DR Sams,1,0,,,,,,"",""
ball,2,16.2,Brisbane Heat,MT Steketee,XC Bartlett,DR Sams,1,0,,,,,,"",""
ball,2,16.3,Brisbane Heat,XC Bartlett,MT Steketee,DR Sams,1,0,,,,,,"",""
ball,2,16.4,Brisbane Heat,MT Steketee,XC Bartlett,DR Sams,1,0,,,,,,"",""
ball,2,16.5,Brisbane Heat,XC Bartlett,MT Steketee,DR Sams,1,0,,,,,,"",""
ball,2,16.6,Brisbane Heat,MT Steketee,XC Bartlett,DR Sams,0,0,,,,,,caught,MT Steketee
ball,2,17.1,Brisbane Heat,MJ Swepson,XC Bartlett,T Sangha,4,0,,,,,,"",""
ball,2,17.2,Brisbane Heat,MJ Swepson,XC Bartlett,T Sangha,0,0,,,,,,bowled,MJ Swepson
ball,2,17.3,Brisbane Heat,Mujeeb Ur Rahman,XC Bartlett,T Sangha,0,0,,,,,,lbw,Mujeeb Ur Rahman
