version,1.7.0
info,balls_per_over,6
info,team,Sydney Thunder
info,team,Adelaide Strikers
info,gender,male
info,season,2021/22
info,date,2022/01/02
info,event,Big Bash League
info,match_number,32
info,venue,Sydney Showground Stadium
info,city,Sydney
info,toss_winner,Sydney Thunder
info,toss_decision,bat
info,player_of_match,M Gilkes
info,umpire,GA Abood
info,umpire,SA Lightbody
info,reserve_umpire,AR Hamilton
info,tv_umpire,Troy Penman
info,match_referee,Kent Hannam
info,winner,Sydney Thunder
info,winner_runs,28
info,player,Sydney Thunder,M Gilkes
info,player,Sydney Thunder,BCJ Cutting
info,player,Sydney Thunder,JJS Sangha
info,player,Sydney Thunder,SW Billings
info,player,Sydney Thunder,O Davies
info,player,Sydney Thunder,DR Sams
info,player,Sydney Thunder,CJ Green
info,player,Sydney Thunder,AJ Nair
info,player,Sydney Thunder,GS Sandhu
info,player,Sydney Thunder,Mohammad Hasnain
info,player,Sydney Thunder,S Mahmood
info,player,Adelaide Strikers,J Weatherald
info,player,Adelaide Strikers,MW Short
info,player,Adelaide Strikers,MT Renshaw
info,player,Adelaide Strikers,JW Wells
info,player,Adelaide Strikers,HJ Hunt
info,player,Adelaide Strikers,T Kelly
info,player,Adelaide Strikers,HJ Nielsen
info,player,Adelaide Strikers,Rashid Khan
info,player,Adelaide Strikers,WA Agar
info,player,Adelaide Strikers,PM Siddle
info,player,Adelaide Strikers,Fawad Ahmed
info,registry,people,AJ Nair,4ba2c04d
info,registry,people,AR Hamilton,95d26c59
info,registry,people,BCJ Cutting,2e11c706
info,registry,people,CJ Green,19b9f399
info,registry,people,DR Sams,caf69bf7
info,registry,people,Fawad Ahmed,22ae3041
info,registry,people,GA Abood,a4af5528
info,registry,people,GS Sandhu,1558d83b
info,registry,people,HJ Hunt,62ef4abe
info,registry,people,HJ Nielsen,0ea1455a
info,registry,people,J Weatherald,edc7ddb6
info,registry,people,JD Cook,45f56920
info,registry,people,JJS Sangha,8e3cb0e9
info,registry,people,JW Wells,8bdac857
info,registry,people,Kent Hannam,8cc171e7
info,registry,people,M Gilkes,d85b0f8b
info,registry,people,MT Renshaw,218d4d78
info,registry,people,MW Short,a90e53ec
info,registry,people,Mohammad Hasnain,8596fe80
info,registry,people,O Davies,0ea54eca
info,registry,people,PM Siddle,bd93fea4
info,registry,people,Rashid Khan,5f547c8b
info,registry,people,S Mahmood,0f6db197
info,registry,people,SA Lightbody,680b8cbf
info,registry,people,SW Billings,c16d4035
info,registry,people,T Kelly,6ceb94d0
info,registry,people,Troy Penman,0aa42c26
info,registry,people,WA Agar,15de1f5d
ball,1,0.1,Sydney Thunder,M Gilkes,BCJ Cutting,MW Short,0,0,,,,,,"",""
ball,1,0.2,Sydney Thunder,M Gilkes,BCJ Cutting,MW Short,1,0,,,,,,"",""
ball,1,0.3,Sydney Thunder,BCJ Cutting,M Gilkes,MW Short,0,0,,,,,,"",""
ball,1,0.4,Sydney Thunder,BCJ Cutting,M Gilkes,MW Short,0,1,1,,,,,"",""
ball,1,0.5,Sydney Thunder,BCJ Cutting,M Gilkes,MW Short,0,0,,,,,,"",""
ball,1,0.6,Sydney Thunder,BCJ Cutting,M Gilkes,MW Short,0,0,,,,,,"",""
ball,1,0.7,Sydney Thunder,BCJ Cutting,M Gilkes,MW Short,1,0,,,,,,"",""
ball,1,1.1,Sydney Thunder,BCJ Cutting,M Gilkes,WA Agar,4,0,,,,,,"",""
ball,1,1.2,Sydney Thunder,BCJ Cutting,M Gilkes,WA Agar,0,0,,,,,,"",""
ball,1,1.3,Sydney Thunder,BCJ Cutting,M Gilkes,WA Agar,0,1,,,,1,,"",""
ball,1,1.4,Sydney Thunder,M Gilkes,BCJ Cutting,WA Agar,0,1,1,,,,,"",""
ball,1,1.5,Sydney Thunder,M Gilkes,BCJ Cutting,WA Agar,1,0,,,,,,"",""
ball,1,1.6,Sydney Thunder,BCJ Cutting,M Gilkes,WA Agar,4,0,,,,,,"",""
ball,1,1.7,Sydney Thunder,BCJ Cutting,M Gilkes,WA Agar,0,1,,,,1,,"",""
ball,1,2.1,Sydney Thunder,BCJ Cutting,M Gilkes,MW Short,2,0,,,,,,"",""
ball,1,2.2,Sydney Thunder,BCJ Cutting,M Gilkes,MW Short,0,0,,,,,,"",""
ball,1,2.3,Sydney Thunder,BCJ Cutting,M Gilkes,MW Short,4,0,,,,,,"",""
ball,1,2.4,Sydney Thunder,BCJ Cutting,M Gilkes,MW Short,1,0,,,,,,"",""
ball,1,2.5,Sydney Thunder,M Gilkes,BCJ Cutting,MW Short,4,0,,,,,,"",""
ball,1,2.6,Sydney Thunder,M Gilkes,BCJ Cutting,MW Short,4,0,,,,,,"",""
ball,1,3.1,Sydney Thunder,BCJ Cutting,M Gilkes,PM Siddle,0,0,,,,,,"",""
ball,1,3.2,Sydney Thunder,BCJ Cutting,M Gilkes,PM Siddle,0,0,,,,,,"",""
ball,1,3.3,Sydney Thunder,BCJ Cutting,M Gilkes,PM Siddle,1,0,,,,,,"",""
ball,1,3.4,Sydney Thunder,M Gilkes,BCJ Cutting,PM Siddle,0,0,,,,,,"",""
ball,1,3.5,Sydney Thunder,M Gilkes,BCJ Cutting,PM Siddle,0,1,,,,1,,"",""
ball,1,3.6,Sydney Thunder,BCJ Cutting,M Gilkes,PM Siddle,6,0,,,,,,"",""
ball,1,4.1,Sydney Thunder,M Gilkes,BCJ Cutting,Fawad Ahmed,1,0,,,,,,"",""
ball,1,4.2,Sydney Thunder,BCJ Cutting,M Gilkes,Fawad Ahmed,1,0,,,,,,"",""
ball,1,4.3,Sydney Thunder,M Gilkes,BCJ Cutting,Fawad Ahmed,0,0,,,,,,"",""
ball,1,4.4,Sydney Thunder,M Gilkes,BCJ Cutting,Fawad Ahmed,1,0,,,,,,"",""
ball,1,4.5,Sydney Thunder,BCJ Cutting,M Gilkes,Fawad Ahmed,1,0,,,,,,"",""
ball,1,4.6,Sydney Thunder,M Gilkes,BCJ Cutting,Fawad Ahmed,6,0,,,,,,"",""
ball,1,5.1,Sydney Thunder,BCJ Cutting,M Gilkes,Rashid Khan,1,0,,,,,,"",""
ball,1,5.2,Sydney Thunder,M Gilkes,BCJ Cutting,Rashid Khan,0,0,,,,,,"",""
ball,1,5.3,Sydney Thunder,M Gilkes,BCJ Cutting,Rashid Khan,1,0,,,,,,"",""
ball,1,5.4,Sydney Thunder,BCJ Cutting,M Gilkes,Rashid Khan,1,0,,,,,,"",""
ball,1,5.5,Sydney Thunder,M Gilkes,BCJ Cutting,Rashid Khan,0,0,,,,,,"",""
ball,1,5.6,Sydney Thunder,M Gilkes,BCJ Cutting,Rashid Khan,1,0,,,,,,"",""
ball,1,6.1,Sydney Thunder,M Gilkes,BCJ Cutting,Fawad Ahmed,1,0,,,,,,"",""
ball,1,6.2,Sydney Thunder,BCJ Cutting,M Gilkes,Fawad Ahmed,1,0,,,,,,"",""
ball,1,6.3,Sydney Thunder,M Gilkes,BCJ Cutting,Fawad Ahmed,0,0,,,,,,"",""
ball,1,6.4,Sydney Thunder,M Gilkes,BCJ Cutting,Fawad Ahmed,2,0,,,,,,"",""
ball,1,6.5,Sydney Thunder,M Gilkes,BCJ Cutting,Fawad Ahmed,1,0,,,,,,"",""
ball,1,6.6,Sydney Thunder,BCJ Cutting,M Gilkes,Fawad Ahmed,6,0,,,,,,"",""
ball,1,7.1,Sydney Thunder,M Gilkes,BCJ Cutting,WA Agar,1,0,,,,,,"",""
ball,1,7.2,Sydney Thunder,BCJ Cutting,M Gilkes,WA Agar,0,0,,,,,,"",""
ball,1,7.3,Sydney Thunder,BCJ Cutting,M Gilkes,WA Agar,0,0,,,,,,caught,BCJ Cutting
ball,1,7.4,Sydney Thunder,M Gilkes,JJS Sangha,WA Agar,0,1,,,,1,,"",""
ball,1,7.5,Sydney Thunder,JJS Sangha,M Gilkes,WA Agar,0,0,,,,,,"",""
ball,1,7.6,Sydney Thunder,JJS Sangha,M Gilkes,WA Agar,1,0,,,,,,"",""
ball,1,8.1,Sydney Thunder,JJS Sangha,M Gilkes,MW Short,0,0,,,,,,"",""
ball,1,8.2,Sydney Thunder,JJS Sangha,M Gilkes,MW Short,1,0,,,,,,"",""
ball,1,8.3,Sydney Thunder,M Gilkes,JJS Sangha,MW Short,1,0,,,,,,"",""
ball,1,8.4,Sydney Thunder,JJS Sangha,M Gilkes,MW Short,0,0,,,,,,"",""
ball,1,8.5,Sydney Thunder,JJS Sangha,M Gilkes,MW Short,2,0,,,,,,"",""
ball,1,8.6,Sydney Thunder,JJS Sangha,M Gilkes,MW Short,1,0,,,,,,"",""
ball,1,9.1,Sydney Thunder,JJS Sangha,M Gilkes,Rashid Khan,1,0,,,,,,"",""
ball,1,9.2,Sydney Thunder,M Gilkes,JJS Sangha,Rashid Khan,1,0,,,,,,"",""
ball,1,9.3,Sydney Thunder,JJS Sangha,M Gilkes,Rashid Khan,0,0,,,,,,caught,JJS Sangha
ball,1,9.4,Sydney Thunder,M Gilkes,SW Billings,Rashid Khan,0,0,,,,,,"",""
ball,1,9.5,Sydney Thunder,M Gilkes,SW Billings,Rashid Khan,0,0,,,,,,"",""
ball,1,9.6,Sydney Thunder,M Gilkes,SW Billings,Rashid Khan,0,0,,,,,,"",""
ball,1,10.1,Sydney Thunder,SW Billings,M Gilkes,MW Short,1,0,,,,,,"",""
ball,1,10.2,Sydney Thunder,M Gilkes,SW Billings,MW Short,1,0,,,,,,"",""
ball,1,10.3,Sydney Thunder,SW Billings,M Gilkes,MW Short,0,0,,,,,,"",""
ball,1,10.4,Sydney Thunder,SW Billings,M Gilkes,MW Short,1,0,,,,,,"",""
ball,1,10.5,Sydney Thunder,M Gilkes,SW Billings,MW Short,1,0,,,,,,"",""
ball,1,10.6,Sydney Thunder,SW Billings,M Gilkes,MW Short,1,0,,,,,,"",""
ball,1,11.1,Sydney Thunder,SW Billings,M Gilkes,Fawad Ahmed,1,0,,,,,,"",""
ball,1,11.2,Sydney Thunder,M Gilkes,SW Billings,Fawad Ahmed,4,0,,,,,,"",""
ball,1,11.3,Sydney Thunder,M Gilkes,SW Billings,Fawad Ahmed,1,0,,,,,,"",""
ball,1,11.4,Sydney Thunder,SW Billings,M Gilkes,Fawad Ahmed,1,0,,,,,,"",""
ball,1,11.5,Sydney Thunder,M Gilkes,SW Billings,Fawad Ahmed,2,0,,,,,,"",""
ball,1,11.6,Sydney Thunder,M Gilkes,SW Billings,Fawad Ahmed,4,0,,,,,,"",""
ball,1,12.1,Sydney Thunder,SW Billings,M Gilkes,PM Siddle,4,0,,,,,,"",""
ball,1,12.2,Sydney Thunder,SW Billings,M Gilkes,PM Siddle,2,0,,,,,,"",""
ball,1,12.3,Sydney Thunder,SW Billings,M Gilkes,PM Siddle,0,0,,,,,,caught,SW Billings
ball,1,12.4,Sydney Thunder,O Davies,M Gilkes,PM Siddle,1,0,,,,,,"",""
ball,1,12.5,Sydney Thunder,M Gilkes,O Davies,PM Siddle,2,0,,,,,,"",""
ball,1,12.6,Sydney Thunder,M Gilkes,O Davies,PM Siddle,1,0,,,,,,"",""
ball,1,13.1,Sydney Thunder,M Gilkes,O Davies,WA Agar,0,1,,,,1,,"",""
ball,1,13.2,Sydney Thunder,O Davies,M Gilkes,WA Agar,0,1,1,,,,,"",""
ball,1,13.3,Sydney Thunder,O Davies,M Gilkes,WA Agar,1,0,,,,,,"",""
ball,1,13.4,Sydney Thunder,M Gilkes,O Davies,WA Agar,1,0,,,,,,"",""
ball,1,13.5,Sydney Thunder,O Davies,M Gilkes,WA Agar,0,0,,,,,,"",""
ball,1,13.6,Sydney Thunder,O Davies,M Gilkes,WA Agar,1,0,,,,,,"",""
ball,1,13.7,Sydney Thunder,M Gilkes,O Davies,WA Agar,1,0,,,,,,"",""
ball,1,14.1,Sydney Thunder,M Gilkes,O Davies,Fawad Ahmed,2,0,,,,,,"",""
ball,1,14.2,Sydney Thunder,M Gilkes,O Davies,Fawad Ahmed,6,0,,,,,,"",""
ball,1,14.3,Sydney Thunder,M Gilkes,O Davies,Fawad Ahmed,2,0,,,,,,"",""
ball,1,14.4,Sydney Thunder,M Gilkes,O Davies,Fawad Ahmed,2,0,,,,,,"",""
ball,1,14.5,Sydney Thunder,M Gilkes,O Davies,Fawad Ahmed,4,0,,,,,,"",""
ball,1,14.6,Sydney Thunder,M Gilkes,O Davies,Fawad Ahmed,1,0,,,,,,"",""
ball,1,15.1,Sydney Thunder,M Gilkes,O Davies,Rashid Khan,1,0,,,,,,"",""
ball,1,15.2,Sydney Thunder,O Davies,M Gilkes,Rashid Khan,0,0,,,,,,"",""
ball,1,15.3,Sydney Thunder,O Davies,M Gilkes,Rashid Khan,1,0,,,,,,"",""
ball,1,15.4,Sydney Thunder,M Gilkes,O Davies,Rashid Khan,0,0,,,,,,"",""
ball,1,15.5,Sydney Thunder,M Gilkes,O Davies,Rashid Khan,2,0,,,,,,"",""
ball,1,15.6,Sydney Thunder,M Gilkes,O Davies,Rashid Khan,2,0,,,,,,"",""
ball,1,16.1,Sydney Thunder,O Davies,M Gilkes,PM Siddle,0,0,,,,,,"",""
ball,1,16.2,Sydney Thunder,O Davies,M Gilkes,PM Siddle,4,0,,,,,,"",""
ball,1,16.3,Sydney Thunder,O Davies,M Gilkes,PM Siddle,0,0,,,,,,"",""
ball,1,16.4,Sydney Thunder,O Davies,M Gilkes,PM Siddle,2,0,,,,,,"",""
ball,1,16.5,Sydney Thunder,O Davies,M Gilkes,PM Siddle,4,0,,,,,,"",""
ball,1,16.6,Sydney Thunder,O Davies,M Gilkes,PM Siddle,0,0,,,,,,lbw,O Davies
ball,1,17.1,Sydney Thunder,M Gilkes,DR Sams,Rashid Khan,0,0,,,,,,"",""
ball,1,17.2,Sydney Thunder,M Gilkes,DR Sams,Rashid Khan,4,0,,,,,,"",""
ball,1,17.3,Sydney Thunder,M Gilkes,DR Sams,Rashid Khan,4,0,,,,,,"",""
ball,1,17.4,Sydney Thunder,M Gilkes,DR Sams,Rashid Khan,4,0,,,,,,"",""
ball,1,17.5,Sydney Thunder,M Gilkes,DR Sams,Rashid Khan,1,0,,,,,,"",""
ball,1,17.6,Sydney Thunder,DR Sams,M Gilkes,Rashid Khan,1,0,,,,,,"",""
ball,1,18.1,Sydney Thunder,DR Sams,M Gilkes,PM Siddle,0,0,,,,,,bowled,DR Sams
ball,1,18.2,Sydney Thunder,CJ Green,M Gilkes,PM Siddle,2,0,,,,,,"",""
ball,1,18.3,Sydney Thunder,CJ Green,M Gilkes,PM Siddle,1,0,,,,,,"",""
ball,1,18.4,Sydney Thunder,M Gilkes,CJ Green,PM Siddle,4,0,,,,,,"",""
ball,1,18.5,Sydney Thunder,M Gilkes,CJ Green,PM Siddle,1,0,,,,,,"",""
ball,1,18.6,Sydney Thunder,CJ Green,M Gilkes,PM Siddle,1,0,,,,,,"",""
ball,1,19.1,Sydney Thunder,CJ Green,M Gilkes,WA Agar,0,0,,,,,,"",""
ball,1,19.2,Sydney Thunder,CJ Green,M Gilkes,WA Agar,1,0,,,,,,"",""
ball,1,19.3,Sydney Thunder,M Gilkes,CJ Green,WA Agar,6,0,,,,,,"",""
ball,1,19.4,Sydney Thunder,M Gilkes,CJ Green,WA Agar,2,0,,,,,,"",""
ball,1,19.5,Sydney Thunder,M Gilkes,CJ Green,WA Agar,0,0,,,,,,caught,M Gilkes
ball,1,19.6,Sydney Thunder,CJ Green,AJ Nair,WA Agar,0,0,,,,,,caught,CJ Green
ball,2,0.1,Adelaide Strikers,J Weatherald,MW Short,S Mahmood,1,0,,,,,,"",""
ball,2,0.2,Adelaide Strikers,MW Short,J Weatherald,S Mahmood,2,0,,,,,,"",""
ball,2,0.3,Adelaide Strikers,MW Short,J Weatherald,S Mahmood,4,0,,,,,,"",""
ball,2,0.4,Adelaide Strikers,MW Short,J Weatherald,S Mahmood,3,0,,,,,,"",""
ball,2,0.5,Adelaide Strikers,J Weatherald,MW Short,S Mahmood,0,0,,,,,,"",""
ball,2,0.6,Adelaide Strikers,J Weatherald,MW Short,S Mahmood,4,0,,,,,,"",""
ball,2,1.1,Adelaide Strikers,MW Short,J Weatherald,GS Sandhu,0,1,,,,1,,"",""
ball,2,1.2,Adelaide Strikers,J Weatherald,MW Short,GS Sandhu,4,0,,,,,,"",""
ball,2,1.3,Adelaide Strikers,J Weatherald,MW Short,GS Sandhu,0,0,,,,,,"",""
ball,2,1.4,Adelaide Strikers,J Weatherald,MW Short,GS Sandhu,0,0,,,,,,"",""
ball,2,1.5,Adelaide Strikers,J Weatherald,MW Short,GS Sandhu,1,0,,,,,,"",""
ball,2,1.6,Adelaide Strikers,MW Short,J Weatherald,GS Sandhu,4,0,,,,,,"",""
ball,2,2.1,Adelaide Strikers,J Weatherald,MW Short,Mohammad Hasnain,0,1,,,,1,,"",""
ball,2,2.2,Adelaide Strikers,MW Short,J Weatherald,Mohammad Hasnain,0,0,,,,,,caught,MW Short
ball,2,2.3,Adelaide Strikers,J Weatherald,MT Renshaw,Mohammad Hasnain,0,0,,,,,,lbw,J Weatherald
ball,2,2.4,Adelaide Strikers,JW Wells,MT Renshaw,Mohammad Hasnain,0,0,,,,,,"",""
ball,2,2.5,Adelaide Strikers,JW Wells,MT Renshaw,Mohammad Hasnain,0,0,,,,,,caught,JW Wells
ball,2,2.6,Adelaide Strikers,HJ Hunt,MT Renshaw,Mohammad Hasnain,0,0,,,,,,"",""
ball,2,3.1,Adelaide Strikers,MT Renshaw,HJ Hunt,DR Sams,2,0,,,,,,"",""
ball,2,3.2,Adelaide Strikers,MT Renshaw,HJ Hunt,DR Sams,0,0,,,,,,"",""
ball,2,3.3,Adelaide Strikers,MT Renshaw,HJ Hunt,DR Sams,0,0,,,,,,"",""
ball,2,3.4,Adelaide Strikers,MT Renshaw,HJ Hunt,DR Sams,1,0,,,,,,"",""
ball,2,3.5,Adelaide Strikers,HJ Hunt,MT Renshaw,DR Sams,1,0,,,,,,"",""
ball,2,3.6,Adelaide Strikers,MT Renshaw,HJ Hunt,DR Sams,1,0,,,,,,"",""
ball,2,4.1,Adelaide Strikers,MT Renshaw,HJ Hunt,Mohammad Hasnain,1,0,,,,,,"",""
ball,2,4.2,Adelaide Strikers,HJ Hunt,MT Renshaw,Mohammad Hasnain,0,1,1,,,,,"",""
ball,2,4.3,Adelaide Strikers,HJ Hunt,MT Renshaw,Mohammad Hasnain,2,0,,,,,,"",""
ball,2,4.4,Adelaide Strikers,HJ Hunt,MT Renshaw,Mohammad Hasnain,0,0,,,,,,"",""
ball,2,4.5,Adelaide Strikers,HJ Hunt,MT Renshaw,Mohammad Hasnain,1,0,,,,,,"",""
ball,2,4.6,Adelaide Strikers,MT Renshaw,HJ Hunt,Mohammad Hasnain,1,0,,,,,,"",""
ball,2,4.7,Adelaide Strikers,HJ Hunt,MT Renshaw,Mohammad Hasnain,0,0,,,,,,"",""
ball,2,5.1,Adelaide Strikers,MT Renshaw,HJ Hunt,CJ Green,1,0,,,,,,"",""
ball,2,5.2,Adelaide Strikers,HJ Hunt,MT Renshaw,CJ Green,1,0,,,,,,"",""
ball,2,5.3,Adelaide Strikers,MT Renshaw,HJ Hunt,CJ Green,1,0,,,,,,"",""
ball,2,5.4,Adelaide Strikers,HJ Hunt,MT Renshaw,CJ Green,0,0,,,,,,"",""
ball,2,5.5,Adelaide Strikers,HJ Hunt,MT Renshaw,CJ Green,0,0,,,,,,"",""
ball,2,5.6,Adelaide Strikers,HJ Hunt,MT Renshaw,CJ Green,0,0,,,,,,"",""
ball,2,6.1,Adelaide Strikers,MT Renshaw,HJ Hunt,JJS Sangha,2,0,,,,,,"",""
ball,2,6.2,Adelaide Strikers,MT Renshaw,HJ Hunt,JJS Sangha,2,0,,,,,,"",""
ball,2,6.3,Adelaide Strikers,MT Renshaw,HJ Hunt,JJS Sangha,4,0,,,,,,"",""
ball,2,6.4,Adelaide Strikers,MT Renshaw,HJ Hunt,JJS Sangha,2,0,,,,,,"",""
ball,2,6.5,Adelaide Strikers,MT Renshaw,HJ Hunt,JJS Sangha,1,0,,,,,,"",""
ball,2,6.6,Adelaide Strikers,HJ Hunt,MT Renshaw,JJS Sangha,0,0,,,,,,stumped,HJ Hunt
ball,2,7.1,Adelaide Strikers,MT Renshaw,T Kelly,CJ Green,4,0,,,,,,"",""
ball,2,7.2,Adelaide Strikers,MT Renshaw,T Kelly,CJ Green,2,0,,,,,,"",""
ball,2,7.3,Adelaide Strikers,MT Renshaw,T Kelly,CJ Green,2,0,,,,,,"",""
ball,2,7.4,Adelaide Strikers,MT Renshaw,T Kelly,CJ Green,1,0,,,,,,"",""
ball,2,7.5,Adelaide Strikers,T Kelly,MT Renshaw,CJ Green,0,0,,,,,,"",""
ball,2,7.6,Adelaide Strikers,T Kelly,MT Renshaw,CJ Green,1,0,,,,,,"",""
ball,2,8.1,Adelaide Strikers,T Kelly,MT Renshaw,JJS Sangha,1,0,,,,,,"",""
ball,2,8.2,Adelaide Strikers,MT Renshaw,T Kelly,JJS Sangha,1,0,,,,,,"",""
ball,2,8.3,Adelaide Strikers,T Kelly,MT Renshaw,JJS Sangha,1,0,,,,,,"",""
ball,2,8.4,Adelaide Strikers,MT Renshaw,T Kelly,JJS Sangha,1,0,,,,,,"",""
ball,2,8.5,Adelaide Strikers,T Kelly,MT Renshaw,JJS Sangha,1,0,,,,,,"",""
ball,2,8.6,Adelaide Strikers,MT Renshaw,T Kelly,JJS Sangha,0,0,,,,,,caught,MT Renshaw
ball,2,9.1,Adelaide Strikers,HJ Nielsen,T Kelly,CJ Green,4,0,,,,,,"",""
ball,2,9.2,Adelaide Strikers,HJ Nielsen,T Kelly,CJ Green,2,0,,,,,,"",""
ball,2,9.3,Adelaide Strikers,HJ Nielsen,T Kelly,CJ Green,1,0,,,,,,"",""
ball,2,9.4,Adelaide Strikers,T Kelly,HJ Nielsen,CJ Green,1,0,,,,,,"",""
ball,2,9.5,Adelaide Strikers,HJ Nielsen,T Kelly,CJ Green,0,0,,,,,,"",""
ball,2,9.6,Adelaide Strikers,HJ Nielsen,T Kelly,CJ Green,1,0,,,,,,"",""
ball,2,10.1,Adelaide Strikers,HJ Nielsen,T Kelly,S Mahmood,1,0,,,,,,"",""
ball,2,10.2,Adelaide Strikers,T Kelly,HJ Nielsen,S Mahmood,0,0,,,,,,"",""
ball,2,10.3,Adelaide Strikers,T Kelly,HJ Nielsen,S Mahmood,2,0,,,,,,"",""
ball,2,10.4,Adelaide Strikers,T Kelly,HJ Nielsen,S Mahmood,2,0,,,,,,"",""
ball,2,10.5,Adelaide Strikers,T Kelly,HJ Nielsen,S Mahmood,0,1,1,,,,,"",""
ball,2,10.6,Adelaide Strikers,T Kelly,HJ Nielsen,S Mahmood,0,1,1,,,,,"",""
ball,2,10.7,Adelaide Strikers,T Kelly,HJ Nielsen,S Mahmood,0,0,,,,,,"",""
ball,2,10.8,Adelaide Strikers,T Kelly,HJ Nielsen,S Mahmood,4,0,,,,,,"",""
ball,2,11.1,Adelaide Strikers,HJ Nielsen,T Kelly,DR Sams,1,0,,,,,,"",""
ball,2,11.2,Adelaide Strikers,T Kelly,HJ Nielsen,DR Sams,0,0,,,,,,"",""
ball,2,11.3,Adelaide Strikers,T Kelly,HJ Nielsen,DR Sams,4,0,,,,,,"",""
ball,2,11.4,Adelaide Strikers,T Kelly,HJ Nielsen,DR Sams,1,0,,,,,,"",""
ball,2,11.5,Adelaide Strikers,HJ Nielsen,T Kelly,DR Sams,2,0,,,,,,"",""
ball,2,11.6,Adelaide Strikers,HJ Nielsen,T Kelly,DR Sams,1,0,,,,,,"",""
ball,2,12.1,Adelaide Strikers,HJ Nielsen,T Kelly,Mohammad Hasnain,0,0,,,,,,"",""
ball,2,12.2,Adelaide Strikers,HJ Nielsen,T Kelly,Mohammad Hasnain,0,0,,,,,,"",""
ball,2,12.3,Adelaide Strikers,HJ Nielsen,T Kelly,Mohammad Hasnain,6,0,,,,,,"",""
ball,2,12.4,Adelaide Strikers,HJ Nielsen,T Kelly,Mohammad Hasnain,0,0,,,,,,"",""
ball,2,12.5,Adelaide Strikers,HJ Nielsen,T Kelly,Mohammad Hasnain,4,0,,,,,,"",""
ball,2,12.6,Adelaide Strikers,HJ Nielsen,T Kelly,Mohammad Hasnain,1,0,,,,,,"",""
ball,2,13.1,Adelaide Strikers,HJ Nielsen,T Kelly,DR Sams,0,1,1,,,,,"",""
ball,2,13.2,Adelaide Strikers,HJ Nielsen,T Kelly,DR Sams,0,1,1,,,,,"",""
ball,2,13.3,Adelaide Strikers,HJ Nielsen,T Kelly,DR Sams,0,1,1,,,,,"",""
ball,2,13.4,Adelaide Strikers,HJ Nielsen,T Kelly,DR Sams,0,0,,,,,,"",""
ball,2,13.5,Adelaide Strikers,HJ Nielsen,T Kelly,DR Sams,1,0,,,,,,"",""
ball,2,13.6,Adelaide Strikers,T Kelly,HJ Nielsen,DR Sams,1,0,,,,,,"",""
ball,2,13.7,Adelaide Strikers,HJ Nielsen,T Kelly,DR Sams,0,0,,,,,,"",""
ball,2,13.8,Adelaide Strikers,HJ Nielsen,T Kelly,DR Sams,0,0,,,,,,run out,T Kelly
ball,2,13.9,Adelaide Strikers,Rashid Khan,HJ Nielsen,DR Sams,1,0,,,,,,"",""
ball,2,14.1,Adelaide Strikers,Rashid Khan,HJ Nielsen,S Mahmood,0,0,,,,,,caught,Rashid Khan
ball,2,14.2,Adelaide Strikers,HJ Nielsen,WA Agar,S Mahmood,4,0,,,,,,"",""
ball,2,14.3,Adelaide Strikers,HJ Nielsen,WA Agar,S Mahmood,1,0,,,,,,"",""
ball,2,14.4,Adelaide Strikers,WA Agar,HJ Nielsen,S Mahmood,1,0,,,,,,"",""
ball,2,14.5,Adelaide Strikers,HJ Nielsen,WA Agar,S Mahmood,0,0,,,,,,"",""
ball,2,14.6,Adelaide Strikers,HJ Nielsen,WA Agar,S Mahmood,4,0,,,,,,"",""
ball,2,15.1,Adelaide Strikers,WA Agar,HJ Nielsen,GS Sandhu,0,0,,,,,,"",""
ball,2,15.2,Adelaide Strikers,WA Agar,HJ Nielsen,GS Sandhu,2,0,,,,,,"",""
ball,2,15.3,Adelaide Strikers,WA Agar,HJ Nielsen,GS Sandhu,1,0,,,,,,"",""
ball,2,15.4,Adelaide Strikers,HJ Nielsen,WA Agar,GS Sandhu,0,0,,,,,,"",""
ball,2,15.5,Adelaide Strikers,HJ Nielsen,WA Agar,GS Sandhu,1,0,,,,,,"",""
ball,2,15.6,Adelaide Strikers,WA Agar,HJ Nielsen,GS Sandhu,1,0,,,,,,"",""
ball,2,16.1,Adelaide Strikers,WA Agar,HJ Nielsen,Mohammad Hasnain,0,0,,,,,,"",""
ball,2,16.2,Adelaide Strikers,WA Agar,HJ Nielsen,Mohammad Hasnain,1,0,,,,,,"",""
ball,2,16.3,Adelaide Strikers,HJ Nielsen,WA Agar,Mohammad Hasnain,0,0,,,,,,"",""
ball,2,16.4,Adelaide Strikers,HJ Nielsen,WA Agar,Mohammad Hasnain,1,0,,,,,,"",""
ball,2,16.5,Adelaide Strikers,WA Agar,HJ Nielsen,Mohammad Hasnain,0,0,,,,,,"",""
ball,2,16.6,Adelaide Strikers,WA Agar,HJ Nielsen,Mohammad Hasnain,1,0,,,,,,"",""
ball,2,17.1,Adelaide Strikers,WA Agar,HJ Nielsen,DR Sams,0,1,1,,,,,"",""
ball,2,17.2,Adelaide Strikers,WA Agar,HJ Nielsen,DR Sams,1,0,,,,,,"",""
ball,2,17.3,Adelaide Strikers,HJ Nielsen,WA Agar,DR Sams,1,0,,,,,,"",""
ball,2,17.4,Adelaide Strikers,WA Agar,HJ Nielsen,DR Sams,0,0,,,,,,"",""
ball,2,17.5,Adelaide Strikers,WA Agar,HJ Nielsen,DR Sams,0,1,1,,,,,"",""
ball,2,17.6,Adelaide Strikers,WA Agar,HJ Nielsen,DR Sams,1,0,,,,,,"",""
ball,2,17.7,Adelaide Strikers,HJ Nielsen,WA Agar,DR Sams,1,0,,,,,,"",""
ball,2,17.8,Adelaide Strikers,WA Agar,HJ Nielsen,DR Sams,0,0,,,,,,caught,WA Agar
ball,2,18.1,Adelaide Strikers,HJ Nielsen,PM Siddle,S Mahmood,1,0,,,,,,"",""
ball,2,18.2,Adelaide Strikers,PM Siddle,HJ Nielsen,S Mahmood,0,0,,,,,,"",""
ball,2,18.3,Adelaide Strikers,PM Siddle,HJ Nielsen,S Mahmood,4,0,,,,,,"",""
ball,2,18.4,Adelaide Strikers,PM Siddle,HJ Nielsen,S Mahmood,0,0,,,,,,bowled,PM Siddle
ball,2,18.5,Adelaide Strikers,Fawad Ahmed,HJ Nielsen,S Mahmood,0,0,,,,,,"",""
ball,2,18.6,Adelaide Strikers,Fawad Ahmed,HJ Nielsen,S Mahmood,4,0,,,,,,"",""
ball,2,19.1,Adelaide Strikers,HJ Nielsen,Fawad Ahmed,CJ Green,0,0,,,,,,caught,HJ Nielsen
