version,1.7.0
info,balls_per_over,6
info,team,Adelaide Strikers
info,team,Hobart Hurricanes
info,gender,male
info,season,2021/22
info,date,2022/01/21
info,event,Big Bash League
info,venue,Melbourne Cricket Ground
info,city,Melbourne
info,toss_winner,Adelaide Strikers
info,toss_decision,bat
info,player_of_match,MW Short
info,umpire,DM Koch
info,umpire,PJ Gillespie
info,reserve_umpire,BC Treloar
info,tv_umpire,DR Close
info,match_referee,SJ Davis
info,winner,Adelaide Strikers
info,winner_runs,22
info,player,Adelaide Strikers,AT Carey
info,player,Adelaide Strikers,MW Short
info,player,Adelaide Strikers,TM Head
info,player,Adelaide Strikers,IA Cockbain
info,player,Adelaide Strikers,MT Renshaw
info,player,Adelaide Strikers,JW Wells
info,player,Adelaide Strikers,T Kelly
info,player,Adelaide Strikers,HTRY Thornton
info,player,Adelaide Strikers,PM Siddle
info,player,Adelaide Strikers,HNA Conway
info,player,Adelaide Strikers,Fawad Ahmed
info,player,Hobart Hurricanes,BR McDermott
info,player,Hobart Hurricanes,CP Jewell
info,player,Hobart Hurricanes,MS Wade
info,player,Hobart Hurricanes,DJM Short
info,player,Hobart Hurricanes,PSP Handscomb
info,player,Hobart Hurricanes,TH David
info,player,Hobart Hurricanes,JA Thompson
info,player,Hobart Hurricanes,TS Rogers
info,player,Hobart Hurricanes,W Parker
info,player,Hobart Hurricanes,SM Boland
info,player,Hobart Hurricanes,RP Meredith
info,registry,people,AT Carey,69d03465
info,registry,people,BC Treloar,f7e8ee52
info,registry,people,BR McDermott,c41043e6
info,registry,people,CP Jewell,806c4e58
info,registry,people,DJM Short,1a156c88
info,registry,people,DM Koch,6d10c034
info,registry,people,DR Close,4cae2b0c
info,registry,people,Fawad Ahmed,22ae3041
info,registry,people,HNA Conway,272fc5ad
info,registry,people,HTRY Thornton,055be93a
info,registry,people,IA Cockbain,542fd5a6
info,registry,people,J Weatherald,edc7ddb6
info,registry,people,JA Thompson,1d2f290a
info,registry,people,JW Wells,8bdac857
info,registry,people,MS Wade,afa7e784
info,registry,people,MT Renshaw,218d4d78
info,registry,people,MW Short,a90e53ec
info,registry,people,PJ Gillespie,3e253a50
info,registry,people,PM Siddle,bd93fea4
info,registry,people,PSP Handscomb,ada15e88
info,registry,people,RP Meredith,64775749
info,registry,people,SJ Davis,bc71b0b2
info,registry,people,SM Boland,d167edd3
info,registry,people,T Kelly,6ceb94d0
info,registry,people,TH David,f1f99156
info,registry,people,TM Head,12b610c2
info,registry,people,TS Rogers,1b04e02b
info,registry,people,W Parker,607c846c
ball,1,0.1,Adelaide Strikers,AT Carey,MW Short,SM Boland,0,0,,,,,,"",""
ball,1,0.2,Adelaide Strikers,AT Carey,MW Short,SM Boland,4,0,,,,,,"",""
ball,1,0.3,Adelaide Strikers,AT Carey,MW Short,SM Boland,1,0,,,,,,"",""
ball,1,0.4,Adelaide Strikers,MW Short,AT Carey,SM Boland,2,0,,,,,,"",""
ball,1,0.5,Adelaide Strikers,MW Short,AT Carey,SM Boland,0,0,,,,,,"",""
ball,1,0.6,Adelaide Strikers,MW Short,AT Carey,SM Boland,0,0,,,,,,"",""
ball,1,1.1,Adelaide Strikers,AT Carey,MW Short,RP Meredith,4,0,,,,,,"",""
ball,1,1.2,Adelaide Strikers,AT Carey,MW Short,RP Meredith,2,0,,,,,,"",""
ball,1,1.3,Adelaide Strikers,AT Carey,MW Short,RP Meredith,0,0,,,,,,"",""
ball,1,1.4,Adelaide Strikers,AT Carey,MW Short,RP Meredith,0,0,,,,,,"",""
ball,1,1.5,Adelaide Strikers,AT Carey,MW Short,RP Meredith,1,0,,,,,,"",""
ball,1,1.6,Adelaide Strikers,MW Short,AT Carey,RP Meredith,3,0,,,,,,"",""
ball,1,2.1,Adelaide Strikers,MW Short,AT Carey,TS Rogers,4,0,,,,,,"",""
ball,1,2.2,Adelaide Strikers,MW Short,AT Carey,TS Rogers,1,0,,,,,,"",""
ball,1,2.3,Adelaide Strikers,AT Carey,MW Short,TS Rogers,4,0,,,,,,"",""
ball,1,2.4,Adelaide Strikers,AT Carey,MW Short,TS Rogers,4,0,,,,,,"",""
ball,1,2.5,Adelaide Strikers,AT Carey,MW Short,TS Rogers,1,0,,,,,,"",""
ball,1,2.6,Adelaide Strikers,MW Short,AT Carey,TS Rogers,4,0,,,,,,"",""
ball,1,3.1,Adelaide Strikers,AT Carey,MW Short,SM Boland,2,0,,,,,,"",""
ball,1,3.2,Adelaide Strikers,AT Carey,MW Short,SM Boland,4,0,,,,,,"",""
ball,1,3.3,Adelaide Strikers,AT Carey,MW Short,SM Boland,1,0,,,,,,"",""
ball,1,3.4,Adelaide Strikers,MW Short,AT Carey,SM Boland,1,0,,,,,,"",""
ball,1,3.5,Adelaide Strikers,AT Carey,MW Short,SM Boland,1,0,,,,,,"",""
ball,1,3.6,Adelaide Strikers,MW Short,AT Carey,SM Boland,0,0,,,,,,"",""
ball,1,4.1,Adelaide Strikers,AT Carey,MW Short,DJM Short,1,0,,,,,,"",""
ball,1,4.2,Adelaide Strikers,MW Short,AT Carey,DJM Short,1,0,,,,,,"",""
ball,1,4.3,Adelaide Strikers,AT Carey,MW Short,DJM Short,2,0,,,,,,"",""
ball,1,4.4,Adelaide Strikers,AT Carey,MW Short,DJM Short,2,0,,,,,,"",""
ball,1,4.5,Adelaide Strikers,AT Carey,MW Short,DJM Short,1,0,,,,,,"",""
ball,1,4.6,Adelaide Strikers,MW Short,AT Carey,DJM Short,1,0,,,,,,"",""
ball,1,5.1,Adelaide Strikers,MW Short,AT Carey,JA Thompson,4,0,,,,,,"",""
ball,1,5.2,Adelaide Strikers,MW Short,AT Carey,JA Thompson,1,0,,,,,,"",""
ball,1,5.3,Adelaide Strikers,AT Carey,MW Short,JA Thompson,1,0,,,,,,"",""
ball,1,5.4,Adelaide Strikers,MW Short,AT Carey,JA Thompson,1,0,,,,,,"",""
ball,1,5.5,Adelaide Strikers,AT Carey,MW Short,JA Thompson,2,0,,,,,,"",""
ball,1,5.6,Adelaide Strikers,AT Carey,MW Short,JA Thompson,1,0,,,,,,"",""
ball,1,6.1,Adelaide Strikers,AT Carey,MW Short,RP Meredith,1,0,,,,,,"",""
ball,1,6.2,Adelaide Strikers,MW Short,AT Carey,RP Meredith,1,0,,,,,,"",""
ball,1,6.3,Adelaide Strikers,AT Carey,MW Short,RP Meredith,1,0,,,,,,"",""
ball,1,6.4,Adelaide Strikers,MW Short,AT Carey,RP Meredith,6,0,,,,,,"",""
ball,1,6.5,Adelaide Strikers,MW Short,AT Carey,RP Meredith,1,0,,,,,,"",""
ball,1,6.6,Adelaide Strikers,AT Carey,MW Short,RP Meredith,4,0,,,,,,"",""
ball,1,7.1,Adelaide Strikers,MW Short,AT Carey,W Parker,0,0,,,,,,"",""
ball,1,7.2,Adelaide Strikers,MW Short,AT Carey,W Parker,1,0,,,,,,"",""
ball,1,7.3,Adelaide Strikers,AT Carey,MW Short,W Parker,4,0,,,,,,"",""
ball,1,7.4,Adelaide Strikers,AT Carey,MW Short,W Parker,0,0,,,,,,"",""
ball,1,7.5,Adelaide Strikers,AT Carey,MW Short,W Parker,0,1,,,,1,,"",""
ball,1,7.6,Adelaide Strikers,MW Short,AT Carey,W Parker,1,0,,,,,,"",""
ball,1,8.1,Adelaide Strikers,MW Short,AT Carey,DJM Short,1,0,,,,,,"",""
ball,1,8.2,Adelaide Strikers,AT Carey,MW Short,DJM Short,1,0,,,,,,"",""
ball,1,8.3,Adelaide Strikers,MW Short,AT Carey,DJM Short,1,0,,,,,,"",""
ball,1,8.4,Adelaide Strikers,AT Carey,MW Short,DJM Short,0,0,,,,,,"",""
ball,1,8.5,Adelaide Strikers,AT Carey,MW Short,DJM Short,1,0,,,,,,"",""
ball,1,8.6,Adelaide Strikers,MW Short,AT Carey,DJM Short,1,0,,,,,,"",""
ball,1,9.1,Adelaide Strikers,MW Short,AT Carey,W Parker,1,0,,,,,,"",""
ball,1,9.2,Adelaide Strikers,AT Carey,MW Short,W Parker,0,0,,,,,,"",""
ball,1,9.3,Adelaide Strikers,AT Carey,MW Short,W Parker,1,0,,,,,,"",""
ball,1,9.4,Adelaide Strikers,MW Short,AT Carey,W Parker,0,1,1,,,,,"",""
ball,1,9.5,Adelaide Strikers,MW Short,AT Carey,W Parker,0,0,,,,,,"",""
ball,1,9.6,Adelaide Strikers,MW Short,AT Carey,W Parker,4,0,,,,,,"",""
ball,1,9.7,Adelaide Strikers,MW Short,AT Carey,W Parker,2,0,,,,,,"",""
ball,1,10.1,Adelaide Strikers,AT Carey,MW Short,TS Rogers,1,0,,,,,,"",""
ball,1,10.2,Adelaide Strikers,MW Short,AT Carey,TS Rogers,0,1,1,,,,,"",""
ball,1,10.3,Adelaide Strikers,MW Short,AT Carey,TS Rogers,0,0,,,,,,"",""
ball,1,10.4,Adelaide Strikers,MW Short,AT Carey,TS Rogers,1,0,,,,,,"",""
ball,1,10.5,Adelaide Strikers,AT Carey,MW Short,TS Rogers,2,0,,,,,,"",""
ball,1,10.6,Adelaide Strikers,AT Carey,MW Short,TS Rogers,1,0,,,,,,"",""
ball,1,10.7,Adelaide Strikers,MW Short,AT Carey,TS Rogers,0,0,,,,,,"",""
ball,1,11.1,Adelaide Strikers,AT Carey,MW Short,RP Meredith,0,0,,,,,,"",""
ball,1,11.2,Adelaide Strikers,AT Carey,MW Short,RP Meredith,1,0,,,,,,"",""
ball,1,11.3,Adelaide Strikers,MW Short,AT Carey,RP Meredith,2,0,,,,,,"",""
ball,1,11.4,Adelaide Strikers,MW Short,AT Carey,RP Meredith,6,0,,,,,,"",""
ball,1,11.5,Adelaide Strikers,MW Short,AT Carey,RP Meredith,1,0,,,,,,"",""
ball,1,11.6,Adelaide Strikers,AT Carey,MW Short,RP Meredith,0,0,,,,,,"",""
ball,1,12.1,Adelaide Strikers,MW Short,AT Carey,DJM Short,2,0,,,,,,"",""
ball,1,12.2,Adelaide Strikers,MW Short,AT Carey,DJM Short,0,0,,,,,,"",""
ball,1,12.3,Adelaide Strikers,MW Short,AT Carey,DJM Short,2,0,,,,,,"",""
ball,1,12.4,Adelaide Strikers,MW Short,AT Carey,DJM Short,6,0,,,,,,"",""
ball,1,12.5,Adelaide Strikers,MW Short,AT Carey,DJM Short,0,1,1,,,,,"",""
ball,1,12.6,Adelaide Strikers,MW Short,AT Carey,DJM Short,3,0,,,,,,"",""
ball,1,12.7,Adelaide Strikers,AT Carey,MW Short,DJM Short,1,0,,,,,,"",""
ball,1,13.1,Adelaide Strikers,AT Carey,MW Short,W Parker,1,0,,,,,,"",""
ball,1,13.2,Adelaide Strikers,MW Short,AT Carey,W Parker,1,0,,,,,,"",""
ball,1,13.3,Adelaide Strikers,AT Carey,MW Short,W Parker,4,0,,,,,,"",""
ball,1,13.4,Adelaide Strikers,AT Carey,MW Short,W Parker,0,1,,,,1,,"",""
ball,1,13.5,Adelaide Strikers,MW Short,AT Carey,W Parker,6,0,,,,,,"",""
ball,1,13.6,Adelaide Strikers,MW Short,AT Carey,W Parker,0,0,,,,,,"",""
ball,1,14.1,Adelaide Strikers,AT Carey,MW Short,SM Boland,4,0,,,,,,"",""
ball,1,14.2,Adelaide Strikers,AT Carey,MW Short,SM Boland,0,0,,,,,,caught,AT Carey
ball,1,14.3,Adelaide Strikers,MW Short,TM Head,SM Boland,1,0,,,,,,"",""
ball,1,14.4,Adelaide Strikers,TM Head,MW Short,SM Boland,1,0,,,,,,"",""
ball,1,14.5,Adelaide Strikers,MW Short,TM Head,SM Boland,1,0,,,,,,"",""
ball,1,14.6,Adelaide Strikers,TM Head,MW Short,SM Boland,1,0,,,,,,"",""
ball,1,15.1,Adelaide Strikers,TM Head,MW Short,W Parker,1,0,,,,,,"",""
ball,1,15.2,Adelaide Strikers,MW Short,TM Head,W Parker,6,0,,,,,,"",""
ball,1,15.3,Adelaide Strikers,MW Short,TM Head,W Parker,6,0,,,,,,"",""
ball,1,15.4,Adelaide Strikers,MW Short,TM Head,W Parker,0,0,,,,,,"",""
ball,1,15.5,Adelaide Strikers,MW Short,TM Head,W Parker,2,0,,,,,,"",""
ball,1,15.6,Adelaide Strikers,MW Short,TM Head,W Parker,0,0,,,,,,caught,MW Short
ball,1,16.1,Adelaide Strikers,TM Head,IA Cockbain,TS Rogers,0,0,,,,,,"",""
ball,1,16.2,Adelaide Strikers,TM Head,IA Cockbain,TS Rogers,1,0,,,,,,"",""
ball,1,16.3,Adelaide Strikers,IA Cockbain,TM Head,TS Rogers,0,0,,,,,,"",""
ball,1,16.4,Adelaide Strikers,IA Cockbain,TM Head,TS Rogers,1,0,,,,,,"",""
ball,1,16.5,Adelaide Strikers,TM Head,IA Cockbain,TS Rogers,1,0,,,,,,"",""
ball,1,16.6,Adelaide Strikers,IA Cockbain,TM Head,TS Rogers,1,0,,,,,,"",""
ball,1,17.1,Adelaide Strikers,IA Cockbain,TM Head,RP Meredith,1,0,,,,,,"",""
ball,1,17.2,Adelaide Strikers,TM Head,IA Cockbain,RP Meredith,0,0,,,,,,caught,TM Head
ball,1,17.3,Adelaide Strikers,IA Cockbain,MT Renshaw,RP Meredith,0,0,,,,,,"",""
ball,1,17.4,Adelaide Strikers,IA Cockbain,MT Renshaw,RP Meredith,0,0,,,,,,caught,IA Cockbain
ball,1,17.5,Adelaide Strikers,MT Renshaw,JW Wells,RP Meredith,1,0,,,,,,"",""
ball,1,17.6,Adelaide Strikers,JW Wells,MT Renshaw,RP Meredith,1,0,,,,,,"",""
ball,1,18.1,Adelaide Strikers,JW Wells,MT Renshaw,SM Boland,0,0,,,,,,"",""
ball,1,18.2,Adelaide Strikers,JW Wells,MT Renshaw,SM Boland,1,0,,,,,,"",""
ball,1,18.3,Adelaide Strikers,MT Renshaw,JW Wells,SM Boland,1,0,,,,,,"",""
ball,1,18.4,Adelaide Strikers,JW Wells,MT Renshaw,SM Boland,1,0,,,,,,"",""
ball,1,18.5,Adelaide Strikers,MT Renshaw,JW Wells,SM Boland,4,0,,,,,,"",""
ball,1,18.6,Adelaide Strikers,MT Renshaw,JW Wells,SM Boland,1,0,,,,,,"",""
ball,1,19.1,Adelaide Strikers,MT Renshaw,JW Wells,TS Rogers,0,0,,,,,,caught,MT Renshaw
ball,1,19.2,Adelaide Strikers,JW Wells,T Kelly,TS Rogers,2,0,,,,,,"",""
ball,1,19.3,Adelaide Strikers,JW Wells,T Kelly,TS Rogers,2,0,,,,,,"",""
ball,1,19.4,Adelaide Strikers,JW Wells,T Kelly,TS Rogers,1,0,,,,,,"",""
ball,1,19.5,Adelaide Strikers,T Kelly,JW Wells,TS Rogers,0,0,,,,,,caught,T Kelly
ball,1,19.6,Adelaide Strikers,JW Wells,HTRY Thornton,TS Rogers,4,0,,,,,,"",""
ball,2,0.1,Hobart Hurricanes,BR McDermott,CP Jewell,MW Short,2,0,,,,,,"",""
ball,2,0.2,Hobart Hurricanes,BR McDermott,CP Jewell,MW Short,4,0,,,,,,"",""
ball,2,0.3,Hobart Hurricanes,BR McDermott,CP Jewell,MW Short,0,0,,,,,,caught,BR McDermott
ball,2,0.4,Hobart Hurricanes,CP Jewell,MS Wade,MW Short,0,0,,,,,,"",""
ball,2,0.5,Hobart Hurricanes,CP Jewell,MS Wade,MW Short,1,0,,,,,,"",""
ball,2,0.6,Hobart Hurricanes,MS Wade,CP Jewell,MW Short,1,0,,,,,,"",""
ball,2,1.1,Hobart Hurricanes,MS Wade,CP Jewell,HNA Conway,1,0,,,,,,"",""
ball,2,1.2,Hobart Hurricanes,CP Jewell,MS Wade,HNA Conway,0,0,,,,,,"",""
ball,2,1.3,Hobart Hurricanes,CP Jewell,MS Wade,HNA Conway,0,0,,,,,,"",""
ball,2,1.4,Hobart Hurricanes,CP Jewell,MS Wade,HNA Conway,1,0,,,,,,"",""
ball,2,1.5,Hobart Hurricanes,MS Wade,CP Jewell,HNA Conway,1,0,,,,,,"",""
ball,2,1.6,Hobart Hurricanes,CP Jewell,MS Wade,HNA Conway,1,0,,,,,,"",""
ball,2,2.1,Hobart Hurricanes,CP Jewell,MS Wade,MW Short,4,0,,,,,,"",""
ball,2,2.2,Hobart Hurricanes,CP Jewell,MS Wade,MW Short,0,0,,,,,,"",""
ball,2,2.3,Hobart Hurricanes,CP Jewell,MS Wade,MW Short,0,0,,,,,,"",""
ball,2,2.4,Hobart Hurricanes,CP Jewell,MS Wade,MW Short,4,0,,,,,,"",""
ball,2,2.5,Hobart Hurricanes,CP Jewell,MS Wade,MW Short,0,0,,,,,,"",""
ball,2,2.6,Hobart Hurricanes,CP Jewell,MS Wade,MW Short,1,0,,,,,,"",""
ball,2,3.1,Hobart Hurricanes,CP Jewell,MS Wade,PM Siddle,1,0,,,,,,"",""
ball,2,3.2,Hobart Hurricanes,MS Wade,CP Jewell,PM Siddle,0,0,,,,,,"",""
ball,2,3.3,Hobart Hurricanes,MS Wade,CP Jewell,PM Siddle,4,0,,,,,,"",""
ball,2,3.4,Hobart Hurricanes,MS Wade,CP Jewell,PM Siddle,0,1,,,,1,,"",""
ball,2,3.5,Hobart Hurricanes,CP Jewell,MS Wade,PM Siddle,0,1,,,,1,,"",""
ball,2,3.6,Hobart Hurricanes,MS Wade,CP Jewell,PM Siddle,0,0,,,,,,caught,MS Wade
ball,2,4.1,Hobart Hurricanes,CP Jewell,DJM Short,MW Short,1,0,,,,,,"",""
ball,2,4.2,Hobart Hurricanes,DJM Short,CP Jewell,MW Short,1,0,,,,,,"",""
ball,2,4.3,Hobart Hurricanes,CP Jewell,DJM Short,MW Short,1,0,,,,,,"",""
ball,2,4.4,Hobart Hurricanes,DJM Short,CP Jewell,MW Short,1,0,,,,,,"",""
ball,2,4.5,Hobart Hurricanes,CP Jewell,DJM Short,MW Short,0,0,,,,,,"",""
ball,2,4.6,Hobart Hurricanes,CP Jewell,DJM Short,MW Short,1,0,,,,,,"",""
ball,2,5.1,Hobart Hurricanes,CP Jewell,DJM Short,Fawad Ahmed,1,0,,,,,,"",""
ball,2,5.2,Hobart Hurricanes,DJM Short,CP Jewell,Fawad Ahmed,6,0,,,,,,"",""
ball,2,5.3,Hobart Hurricanes,DJM Short,CP Jewell,Fawad Ahmed,1,0,,,,,,"",""
ball,2,5.4,Hobart Hurricanes,CP Jewell,DJM Short,Fawad Ahmed,1,0,,,,,,"",""
ball,2,5.5,Hobart Hurricanes,DJM Short,CP Jewell,Fawad Ahmed,0,0,,,,,,"",""
ball,2,5.6,Hobart Hurricanes,DJM Short,CP Jewell,Fawad Ahmed,1,0,,,,,,"",""
ball,2,6.1,Hobart Hurricanes,DJM Short,CP Jewell,MW Short,1,0,,,,,,"",""
ball,2,6.2,Hobart Hurricanes,CP Jewell,DJM Short,MW Short,4,0,,,,,,"",""
ball,2,6.3,Hobart Hurricanes,CP Jewell,DJM Short,MW Short,4,0,,,,,,"",""
ball,2,6.4,Hobart Hurricanes,CP Jewell,DJM Short,MW Short,1,0,,,,,,"",""
ball,2,6.5,Hobart Hurricanes,DJM Short,CP Jewell,MW Short,0,0,,,,,,"",""
ball,2,6.6,Hobart Hurricanes,DJM Short,CP Jewell,MW Short,1,0,,,,,,"",""
ball,2,7.1,Hobart Hurricanes,DJM Short,CP Jewell,Fawad Ahmed,1,0,,,,,,"",""
ball,2,7.2,Hobart Hurricanes,CP Jewell,DJM Short,Fawad Ahmed,2,0,,,,,,"",""
ball,2,7.3,Hobart Hurricanes,CP Jewell,DJM Short,Fawad Ahmed,0,0,,,,,,"",""
ball,2,7.4,Hobart Hurricanes,CP Jewell,DJM Short,Fawad Ahmed,2,0,,,,,,"",""
ball,2,7.5,Hobart Hurricanes,CP Jewell,DJM Short,Fawad Ahmed,1,0,,,,,,"",""
ball,2,7.6,Hobart Hurricanes,DJM Short,CP Jewell,Fawad Ahmed,0,0,,,,,,"",""
ball,2,8.1,Hobart Hurricanes,CP Jewell,DJM Short,HTRY Thornton,1,0,,,,,,"",""
ball,2,8.2,Hobart Hurricanes,DJM Short,CP Jewell,HTRY Thornton,1,0,,,,,,"",""
ball,2,8.3,Hobart Hurricanes,CP Jewell,DJM Short,HTRY Thornton,1,0,,,,,,"",""
ball,2,8.4,Hobart Hurricanes,DJM Short,CP Jewell,HTRY Thornton,1,0,,,,,,"",""
ball,2,8.5,Hobart Hurricanes,CP Jewell,DJM Short,HTRY Thornton,1,0,,,,,,"",""
ball,2,8.6,Hobart Hurricanes,DJM Short,CP Jewell,HTRY Thornton,2,0,,,,,,"",""
ball,2,9.1,Hobart Hurricanes,CP Jewell,DJM Short,HNA Conway,0,0,,,,,,caught,CP Jewell
ball,2,9.2,Hobart Hurricanes,PSP Handscomb,DJM Short,HNA Conway,1,0,,,,,,"",""
ball,2,9.3,Hobart Hurricanes,DJM Short,PSP Handscomb,HNA Conway,1,0,,,,,,"",""
ball,2,9.4,Hobart Hurricanes,PSP Handscomb,DJM Short,HNA Conway,1,0,,,,,,"",""
ball,2,9.5,Hobart Hurricanes,DJM Short,PSP Handscomb,HNA Conway,1,0,,,,,,"",""
ball,2,9.6,Hobart Hurricanes,PSP Handscomb,DJM Short,HNA Conway,1,0,,,,,,"",""
ball,2,10.1,Hobart Hurricanes,PSP Handscomb,DJM Short,TM Head,1,0,,,,,,"",""
ball,2,10.2,Hobart Hurricanes,DJM Short,PSP Handscomb,TM Head,2,0,,,,,,"",""
ball,2,10.3,Hobart Hurricanes,DJM Short,PSP Handscomb,TM Head,2,0,,,,,,"",""
ball,2,10.4,Hobart Hurricanes,DJM Short,PSP Handscomb,TM Head,2,0,,,,,,"",""
ball,2,10.5,Hobart Hurricanes,DJM Short,PSP Handscomb,TM Head,0,0,,,,,,"",""
ball,2,10.6,Hobart Hurricanes,DJM Short,PSP Handscomb,TM Head,0,1,1,,,,,"",""
ball,2,10.7,Hobart Hurricanes,DJM Short,PSP Handscomb,TM Head,1,0,,,,,,"",""
ball,2,11.1,Hobart Hurricanes,DJM Short,PSP Handscomb,Fawad Ahmed,1,0,,,,,,"",""
ball,2,11.2,Hobart Hurricanes,PSP Handscomb,DJM Short,Fawad Ahmed,1,0,,,,,,"",""
ball,2,11.3,Hobart Hurricanes,DJM Short,PSP Handscomb,Fawad Ahmed,1,0,,,,,,"",""
ball,2,11.4,Hobart Hurricanes,PSP Handscomb,DJM Short,Fawad Ahmed,0,0,,,,,,"",""
ball,2,11.5,Hobart Hurricanes,PSP Handscomb,DJM Short,Fawad Ahmed,0,0,,,,,,"",""
ball,2,11.6,Hobart Hurricanes,PSP Handscomb,DJM Short,Fawad Ahmed,1,0,,,,,,"",""
ball,2,12.1,Hobart Hurricanes,PSP Handscomb,DJM Short,PM Siddle,4,0,,,,,,"",""
ball,2,12.2,Hobart Hurricanes,PSP Handscomb,DJM Short,PM Siddle,1,0,,,,,,"",""
ball,2,12.3,Hobart Hurricanes,DJM Short,PSP Handscomb,PM Siddle,4,0,,,,,,"",""
ball,2,12.4,Hobart Hurricanes,DJM Short,PSP Handscomb,PM Siddle,4,0,,,,,,"",""
ball,2,12.5,Hobart Hurricanes,DJM Short,PSP Handscomb,PM Siddle,0,0,,,,,,"",""
ball,2,12.6,Hobart Hurricanes,DJM Short,PSP Handscomb,PM Siddle,1,0,,,,,,"",""
ball,2,13.1,Hobart Hurricanes,DJM Short,PSP Handscomb,HNA Conway,6,0,,,,,,"",""
ball,2,13.2,Hobart Hurricanes,DJM Short,PSP Handscomb,HNA Conway,2,0,,,,,,"",""
ball,2,13.3,Hobart Hurricanes,DJM Short,PSP Handscomb,HNA Conway,4,0,,,,,,"",""
ball,2,13.4,Hobart Hurricanes,DJM Short,PSP Handscomb,HNA Conway,1,0,,,,,,"",""
ball,2,13.5,Hobart Hurricanes,PSP Handscomb,DJM Short,HNA Conway,4,0,,,,,,"",""
ball,2,13.6,Hobart Hurricanes,PSP Handscomb,DJM Short,HNA Conway,0,0,,,,,,"",""
ball,2,14.1,Hobart Hurricanes,DJM Short,PSP Handscomb,HTRY Thornton,4,0,,,,,,"",""
ball,2,14.2,Hobart Hurricanes,DJM Short,PSP Handscomb,HTRY Thornton,2,0,,,,,,"",""
ball,2,14.3,Hobart Hurricanes,DJM Short,PSP Handscomb,HTRY Thornton,0,0,,,,,,caught,DJM Short
ball,2,14.4,Hobart Hurricanes,PSP Handscomb,TH David,HTRY Thornton,0,0,,,,,,caught,PSP Handscomb
ball,2,14.5,Hobart Hurricanes,TH David,JA Thompson,HTRY Thornton,2,0,,,,,,"",""
ball,2,14.6,Hobart Hurricanes,TH David,JA Thompson,HTRY Thornton,0,0,,,,,,"",""
ball,2,15.1,Hobart Hurricanes,JA Thompson,TH David,HNA Conway,0,0,,,,,,"",""
ball,2,15.2,Hobart Hurricanes,JA Thompson,TH David,HNA Conway,3,0,,,,,,"",""
ball,2,15.3,Hobart Hurricanes,TH David,JA Thompson,HNA Conway,1,0,,,,,,"",""
ball,2,15.4,Hobart Hurricanes,JA Thompson,TH David,HNA Conway,0,0,,,,,,caught,JA Thompson
ball,2,15.5,Hobart Hurricanes,TH David,TS Rogers,HNA Conway,1,0,,,,,,"",""
ball,2,15.6,Hobart Hurricanes,TS Rogers,TH David,HNA Conway,1,0,,,,,,"",""
ball,2,16.1,Hobart Hurricanes,TS Rogers,TH David,Fawad Ahmed,0,0,,,,,,caught,TS Rogers
ball,2,16.2,Hobart Hurricanes,TH David,W Parker,Fawad Ahmed,0,0,,,,,,"",""
ball,2,16.3,Hobart Hurricanes,TH David,W Parker,Fawad Ahmed,6,0,,,,,,"",""
ball,2,16.4,Hobart Hurricanes,TH David,W Parker,Fawad Ahmed,6,0,,,,,,"",""
ball,2,16.5,Hobart Hurricanes,TH David,W Parker,Fawad Ahmed,0,0,,,,,,"",""
ball,2,16.6,Hobart Hurricanes,TH David,W Parker,Fawad Ahmed,1,0,,,,,,"",""
ball,2,17.1,Hobart Hurricanes,TH David,W Parker,PM Siddle,4,0,,,,,,"",""
ball,2,17.2,Hobart Hurricanes,TH David,W Parker,PM Siddle,0,0,,,,,,caught,TH David
ball,2,17.3,Hobart Hurricanes,SM Boland,W Parker,PM Siddle,1,0,,,,,,"",""
ball,2,17.4,Hobart Hurricanes,W Parker,SM Boland,PM Siddle,4,0,,,,,,"",""
ball,2,17.5,Hobart Hurricanes,W Parker,SM Boland,PM Siddle,0,0,,,,,,bowled,W Parker
ball,2,17.6,Hobart Hurricanes,RP Meredith,SM Boland,PM Siddle,1,0,,,,,,"",""
ball,2,18.1,Hobart Hurricanes,RP Meredith,SM Boland,HTRY Thornton,4,0,,,,,,"",""
ball,2,18.2,Hobart Hurricanes,RP Meredith,SM Boland,HTRY Thornton,2,0,,,,,,"",""
ball,2,18.3,Hobart Hurricanes,RP Meredith,SM Boland,HTRY Thornton,1,0,,,,,,"",""
ball,2,18.4,Hobart Hurricanes,SM Boland,RP Meredith,HTRY Thornton,1,0,,,,,,"",""
ball,2,18.5,Hobart Hurricanes,RP Meredith,SM Boland,HTRY Thornton,1,0,,,,,,"",""
ball,2,18.6,Hobart Hurricanes,SM Boland,RP Meredith,HTRY Thornton,1,0,,,,,,"",""
ball,2,19.1,Hobart Hurricanes,SM Boland,RP Meredith,PM Siddle,1,0,,,,,,"",""
ball,2,19.2,Hobart Hurricanes,RP Meredith,SM Boland,PM Siddle,1,0,,,,,,"",""
ball,2,19.3,Hobart Hurricanes,SM Boland,RP Meredith,PM Siddle,1,0,,,,,,"",""
ball,2,19.4,Hobart Hurricanes,RP Meredith,SM Boland,PM Siddle,0,0,,,,,,bowled,RP Meredith
