version,1.7.0
info,balls_per_over,6
info,team,Sydney Thunder
info,team,Adelaide Strikers
info,gender,male
info,season,2021/22
info,date,2021/12/31
info,event,Big Bash League
info,match_number,28
info,venue,Adelaide Oval
info,city,Adelaide
info,toss_winner,Sydney Thunder
info,toss_decision,bat
info,player_of_match,JJS Sangha
info,umpire,DR Close
info,umpire,GJ Davidson
info,reserve_umpire,D Bhatt
info,tv_umpire,Eloise Sheridan
info,match_referee,SD Fry
info,winner,Sydney Thunder
info,winner_runs,22
info,player,Sydney Thunder,M Gilkes
info,player,Sydney Thunder,BCJ Cutting
info,player,Sydney Thunder,JJS Sangha
info,player,Sydney Thunder,SW Billings
info,player,Sydney Thunder,O Davies
info,player,Sydney Thunder,DR Sams
info,player,Sydney Thunder,AJ Nair
info,player,Sydney Thunder,N McAndrew
info,player,Sydney Thunder,CJ Green
info,player,Sydney Thunder,B Doggett
info,player,Sydney Thunder,S Mahmood
info,player,Adelaide Strikers,J Weatherald
info,player,Adelaide Strikers,MW Short
info,player,Adelaide Strikers,MT Renshaw
info,player,Adelaide Strikers,JW Wells
info,player,Adelaide Strikers,T Kelly
info,player,Adelaide Strikers,GHS Garton
info,player,Adelaide Strikers,HJ Nielsen
info,player,Adelaide Strikers,Rashid Khan
info,player,Adelaide Strikers,DJ Worrall
info,player,Adelaide Strikers,PM Siddle
info,player,Adelaide Strikers,Fawad Ahmed
info,registry,people,AJ Nair,4ba2c04d
info,registry,people,B Doggett,898e628d
info,registry,people,BCJ Cutting,2e11c706
info,registry,people,CJ Green,19b9f399
info,registry,people,D Bhatt,b34f743c
info,registry,people,DJ Worrall,208f22ea
info,registry,people,DR Close,4cae2b0c
info,registry,people,DR Sams,caf69bf7
info,registry,people,Eloise Sheridan,d8d43840
info,registry,people,Fawad Ahmed,22ae3041
info,registry,people,GHS Garton,be869ccf
info,registry,people,GJ Davidson,31ad5973
info,registry,people,HJ Nielsen,0ea1455a
info,registry,people,J Weatherald,edc7ddb6
info,registry,people,JJS Sangha,8e3cb0e9
info,registry,people,JW Wells,8bdac857
info,registry,people,LD Hearne,7f2163a0
info,registry,people,M Gilkes,d85b0f8b
info,registry,people,MT Renshaw,218d4d78
info,registry,people,MW Short,a90e53ec
info,registry,people,N McAndrew,38c276e1
info,registry,people,O Davies,0ea54eca
info,registry,people,PM Siddle,bd93fea4
info,registry,people,Rashid Khan,5f547c8b
info,registry,people,S Mahmood,0f6db197
info,registry,people,SD Fry,6b725ed1
info,registry,people,SW Billings,c16d4035
info,registry,people,T Kelly,6ceb94d0
ball,1,0.1,Sydney Thunder,M Gilkes,BCJ Cutting,DJ Worrall,1,0,,,,,,"",""
ball,1,0.2,Sydney Thunder,BCJ Cutting,M Gilkes,DJ Worrall,0,0,,,,,,"",""
ball,1,0.3,Sydney Thunder,BCJ Cutting,M Gilkes,DJ Worrall,0,0,,,,,,"",""
ball,1,0.4,Sydney Thunder,BCJ Cutting,M Gilkes,DJ Worrall,0,0,,,,,,"",""
ball,1,0.5,Sydney Thunder,BCJ Cutting,M Gilkes,DJ Worrall,0,0,,,,,,"",""
ball,1,0.6,Sydney Thunder,BCJ Cutting,M Gilkes,DJ Worrall,1,0,,,,,,"",""
ball,1,1.1,Sydney Thunder,BCJ Cutting,M Gilkes,GHS Garton,0,0,,,,,,"",""
ball,1,1.2,Sydney Thunder,BCJ Cutting,M Gilkes,GHS Garton,4,0,,,,,,"",""
ball,1,1.3,Sydney Thunder,BCJ Cutting,M Gilkes,GHS Garton,1,0,,,,,,"",""
ball,1,1.4,Sydney Thunder,M Gilkes,BCJ Cutting,GHS Garton,4,0,,,,,,"",""
ball,1,1.5,Sydney Thunder,M Gilkes,BCJ Cutting,GHS Garton,0,0,,,,,,"",""
ball,1,1.6,Sydney Thunder,M Gilkes,BCJ Cutting,GHS Garton,0,0,,,,,,"",""
ball,1,2.1,Sydney Thunder,BCJ Cutting,M Gilkes,DJ Worrall,0,0,,,,,,"",""
ball,1,2.2,Sydney Thunder,BCJ Cutting,M Gilkes,DJ Worrall,0,0,,,,,,"",""
ball,1,2.3,Sydney Thunder,BCJ Cutting,M Gilkes,DJ Worrall,0,0,,,,,,"",""
ball,1,2.4,Sydney Thunder,BCJ Cutting,M Gilkes,DJ Worrall,6,0,,,,,,"",""
ball,1,2.5,Sydney Thunder,BCJ Cutting,M Gilkes,DJ Worrall,4,0,,,,,,"",""
ball,1,2.6,Sydney Thunder,BCJ Cutting,M Gilkes,DJ Worrall,0,0,,,,,,"",""
ball,1,3.1,Sydney Thunder,M Gilkes,BCJ Cutting,PM Siddle,1,0,,,,,,"",""
ball,1,3.2,Sydney Thunder,BCJ Cutting,M Gilkes,PM Siddle,0,1,1,,,,,"",""
ball,1,3.3,Sydney Thunder,BCJ Cutting,M Gilkes,PM Siddle,6,0,,,,,,"",""
ball,1,3.4,Sydney Thunder,BCJ Cutting,M Gilkes,PM Siddle,1,0,,,,,,"",""
ball,1,3.5,Sydney Thunder,M Gilkes,BCJ Cutting,PM Siddle,6,0,,,,,,"",""
ball,1,3.6,Sydney Thunder,M Gilkes,BCJ Cutting,PM Siddle,1,0,,,,,,"",""
ball,1,3.7,Sydney Thunder,BCJ Cutting,M Gilkes,PM Siddle,0,0,,,,,,"",""
ball,1,4.1,Sydney Thunder,M Gilkes,BCJ Cutting,Fawad Ahmed,0,0,,,,,,"",""
ball,1,4.2,Sydney Thunder,M Gilkes,BCJ Cutting,Fawad Ahmed,0,0,,,,,,"",""
ball,1,4.3,Sydney Thunder,M Gilkes,BCJ Cutting,Fawad Ahmed,0,0,,,,,,caught,M Gilkes
ball,1,4.4,Sydney Thunder,BCJ Cutting,JJS Sangha,Fawad Ahmed,1,0,,,,,,"",""
ball,1,4.5,Sydney Thunder,JJS Sangha,BCJ Cutting,Fawad Ahmed,1,0,,,,,,"",""
ball,1,4.6,Sydney Thunder,BCJ Cutting,JJS Sangha,Fawad Ahmed,0,0,,,,,,"",""
ball,1,5.1,Sydney Thunder,JJS Sangha,BCJ Cutting,Rashid Khan,1,0,,,,,,"",""
ball,1,5.2,Sydney Thunder,BCJ Cutting,JJS Sangha,Rashid Khan,1,0,,,,,,"",""
ball,1,5.3,Sydney Thunder,JJS Sangha,BCJ Cutting,Rashid Khan,0,0,,,,,,"",""
ball,1,5.4,Sydney Thunder,JJS Sangha,BCJ Cutting,Rashid Khan,0,0,,,,,,"",""
ball,1,5.5,Sydney Thunder,JJS Sangha,BCJ Cutting,Rashid Khan,1,0,,,,,,"",""
ball,1,5.6,Sydney Thunder,BCJ Cutting,JJS Sangha,Rashid Khan,1,0,,,,,,"",""
ball,1,6.1,Sydney Thunder,BCJ Cutting,JJS Sangha,Fawad Ahmed,4,0,,,,,,"",""
ball,1,6.2,Sydney Thunder,BCJ Cutting,JJS Sangha,Fawad Ahmed,1,0,,,,,,"",""
ball,1,6.3,Sydney Thunder,JJS Sangha,BCJ Cutting,Fawad Ahmed,1,0,,,,,,"",""
ball,1,6.4,Sydney Thunder,BCJ Cutting,JJS Sangha,Fawad Ahmed,0,0,,,,,,"",""
ball,1,6.5,Sydney Thunder,BCJ Cutting,JJS Sangha,Fawad Ahmed,1,0,,,,,,"",""
ball,1,6.6,Sydney Thunder,JJS Sangha,BCJ Cutting,Fawad Ahmed,1,0,,,,,,"",""
ball,1,7.1,Sydney Thunder,JJS Sangha,BCJ Cutting,Rashid Khan,2,0,,,,,,"",""
ball,1,7.2,Sydney Thunder,JJS Sangha,BCJ Cutting,Rashid Khan,0,0,,,,,,"",""
ball,1,7.3,Sydney Thunder,JJS Sangha,BCJ Cutting,Rashid Khan,1,0,,,,,,"",""
ball,1,7.4,Sydney Thunder,BCJ Cutting,JJS Sangha,Rashid Khan,0,0,,,,,,"",""
ball,1,7.5,Sydney Thunder,BCJ Cutting,JJS Sangha,Rashid Khan,1,0,,,,,,"",""
ball,1,7.6,Sydney Thunder,JJS Sangha,BCJ Cutting,Rashid Khan,0,0,,,,,,"",""
ball,1,8.1,Sydney Thunder,BCJ Cutting,JJS Sangha,Fawad Ahmed,0,0,,,,,,"",""
ball,1,8.2,Sydney Thunder,BCJ Cutting,JJS Sangha,Fawad Ahmed,2,0,,,,,,"",""
ball,1,8.3,Sydney Thunder,BCJ Cutting,JJS Sangha,Fawad Ahmed,1,0,,,,,,"",""
ball,1,8.4,Sydney Thunder,JJS Sangha,BCJ Cutting,Fawad Ahmed,1,0,,,,,,"",""
ball,1,8.5,Sydney Thunder,BCJ Cutting,JJS Sangha,Fawad Ahmed,1,0,,,,,,"",""
ball,1,8.6,Sydney Thunder,JJS Sangha,BCJ Cutting,Fawad Ahmed,1,0,,,,,,"",""
ball,1,9.1,Sydney Thunder,JJS Sangha,BCJ Cutting,PM Siddle,0,0,,,,,,"",""
ball,1,9.2,Sydney Thunder,JJS Sangha,BCJ Cutting,PM Siddle,1,0,,,,,,"",""
ball,1,9.3,Sydney Thunder,BCJ Cutting,JJS Sangha,PM Siddle,0,0,,,,,,caught,BCJ Cutting
ball,1,9.4,Sydney Thunder,SW Billings,JJS Sangha,PM Siddle,1,0,,,,,,"",""
ball,1,9.5,Sydney Thunder,JJS Sangha,SW Billings,PM Siddle,1,0,,,,,,"",""
ball,1,9.6,Sydney Thunder,SW Billings,JJS Sangha,PM Siddle,1,0,,,,,,"",""
ball,1,10.1,Sydney Thunder,SW Billings,JJS Sangha,Rashid Khan,1,0,,,,,,"",""
ball,1,10.2,Sydney Thunder,JJS Sangha,SW Billings,Rashid Khan,0,0,,,,,,"",""
ball,1,10.3,Sydney Thunder,JJS Sangha,SW Billings,Rashid Khan,0,0,,,,,,"",""
ball,1,10.4,Sydney Thunder,JJS Sangha,SW Billings,Rashid Khan,1,0,,,,,,"",""
ball,1,10.5,Sydney Thunder,SW Billings,JJS Sangha,Rashid Khan,1,0,,,,,,"",""
ball,1,10.6,Sydney Thunder,JJS Sangha,SW Billings,Rashid Khan,0,0,,,,,,"",""
ball,1,11.1,Sydney Thunder,SW Billings,JJS Sangha,GHS Garton,1,0,,,,,,"",""
ball,1,11.2,Sydney Thunder,JJS Sangha,SW Billings,GHS Garton,0,0,,,,,,"",""
ball,1,11.3,Sydney Thunder,JJS Sangha,SW Billings,GHS Garton,0,0,,,,,,"",""
ball,1,11.4,Sydney Thunder,JJS Sangha,SW Billings,GHS Garton,6,0,,,,,,"",""
ball,1,11.5,Sydney Thunder,JJS Sangha,SW Billings,GHS Garton,2,0,,,,,,"",""
ball,1,11.6,Sydney Thunder,JJS Sangha,SW Billings,GHS Garton,6,0,,,,,,"",""
ball,1,12.1,Sydney Thunder,SW Billings,JJS Sangha,MW Short,1,0,,,,,,"",""
ball,1,12.2,Sydney Thunder,JJS Sangha,SW Billings,MW Short,1,0,,,,,,"",""
ball,1,12.3,Sydney Thunder,SW Billings,JJS Sangha,MW Short,4,0,,,,,,"",""
ball,1,12.4,Sydney Thunder,SW Billings,JJS Sangha,MW Short,6,0,,,,,,"",""
ball,1,12.5,Sydney Thunder,SW Billings,JJS Sangha,MW Short,0,0,,,,,,"",""
ball,1,12.6,Sydney Thunder,SW Billings,JJS Sangha,MW Short,2,0,,,,,,"",""
ball,1,13.1,Sydney Thunder,JJS Sangha,SW Billings,DJ Worrall,1,0,,,,,,"",""
ball,1,13.2,Sydney Thunder,SW Billings,JJS Sangha,DJ Worrall,0,0,,,,,,caught,SW Billings
ball,1,13.3,Sydney Thunder,O Davies,JJS Sangha,DJ Worrall,1,0,,,,,,"",""
ball,1,13.4,Sydney Thunder,JJS Sangha,O Davies,DJ Worrall,2,0,,,,,,"",""
ball,1,13.5,Sydney Thunder,JJS Sangha,O Davies,DJ Worrall,0,0,,,,,,"",""
ball,1,13.6,Sydney Thunder,JJS Sangha,O Davies,DJ Worrall,1,0,,,,,,"",""
ball,1,14.1,Sydney Thunder,JJS Sangha,O Davies,Fawad Ahmed,1,0,,,,,,"",""
ball,1,14.2,Sydney Thunder,O Davies,JJS Sangha,Fawad Ahmed,1,0,,,,,,"",""
ball,1,14.3,Sydney Thunder,JJS Sangha,O Davies,Fawad Ahmed,2,0,,,,,,"",""
ball,1,14.4,Sydney Thunder,JJS Sangha,O Davies,Fawad Ahmed,0,0,,,,,,"",""
ball,1,14.5,Sydney Thunder,JJS Sangha,O Davies,Fawad Ahmed,1,0,,,,,,"",""
ball,1,14.6,Sydney Thunder,O Davies,JJS Sangha,Fawad Ahmed,1,0,,,,,,"",""
ball,1,15.1,Sydney Thunder,O Davies,JJS Sangha,PM Siddle,1,0,,,,,,"",""
ball,1,15.2,Sydney Thunder,JJS Sangha,O Davies,PM Siddle,4,0,,,,,,"",""
ball,1,15.3,Sydney Thunder,JJS Sangha,O Davies,PM Siddle,6,0,,,,,,"",""
ball,1,15.4,Sydney Thunder,JJS Sangha,O Davies,PM Siddle,0,0,,,,,,"",""
ball,1,15.5,Sydney Thunder,JJS Sangha,O Davies,PM Siddle,0,0,,,,,,"",""
ball,1,15.6,Sydney Thunder,JJS Sangha,O Davies,PM Siddle,6,0,,,,,,"",""
ball,1,16.1,Sydney Thunder,O Davies,JJS Sangha,Rashid Khan,1,0,,,,,,"",""
ball,1,16.2,Sydney Thunder,JJS Sangha,O Davies,Rashid Khan,4,0,,,,,,"",""
ball,1,16.3,Sydney Thunder,JJS Sangha,O Davies,Rashid Khan,0,0,,,,,,"",""
ball,1,16.4,Sydney Thunder,JJS Sangha,O Davies,Rashid Khan,1,0,,,,,,"",""
ball,1,16.5,Sydney Thunder,O Davies,JJS Sangha,Rashid Khan,6,0,,,,,,"",""
ball,1,16.6,Sydney Thunder,O Davies,JJS Sangha,Rashid Khan,0,0,,,,,,"",""
ball,1,17.1,Sydney Thunder,JJS Sangha,O Davies,DJ Worrall,4,0,,,,,,"",""
ball,1,17.2,Sydney Thunder,JJS Sangha,O Davies,DJ Worrall,4,0,,,,,,"",""
ball,1,17.3,Sydney Thunder,JJS Sangha,O Davies,DJ Worrall,4,0,,,,,,"",""
ball,1,17.4,Sydney Thunder,JJS Sangha,O Davies,DJ Worrall,0,0,,,,,,"",""
ball,1,17.5,Sydney Thunder,JJS Sangha,O Davies,DJ Worrall,1,0,,,,,,"",""
ball,1,17.6,Sydney Thunder,O Davies,JJS Sangha,DJ Worrall,4,0,,,,,,"",""
ball,1,18.1,Sydney Thunder,JJS Sangha,O Davies,GHS Garton,0,0,,,,,,"",""
ball,1,18.2,Sydney Thunder,JJS Sangha,O Davies,GHS Garton,6,0,,,,,,"",""
ball,1,18.3,Sydney Thunder,JJS Sangha,O Davies,GHS Garton,4,0,,,,,,"",""
ball,1,18.4,Sydney Thunder,JJS Sangha,O Davies,GHS Garton,6,0,,,,,,"",""
ball,1,18.5,Sydney Thunder,JJS Sangha,O Davies,GHS Garton,1,0,,,,,,"",""
ball,1,18.6,Sydney Thunder,O Davies,JJS Sangha,GHS Garton,6,0,,,,,,"",""
ball,1,19.1,Sydney Thunder,JJS Sangha,O Davies,PM Siddle,2,0,,,,,,"",""
ball,1,19.2,Sydney Thunder,JJS Sangha,O Davies,PM Siddle,1,0,,,,,,"",""
ball,1,19.3,Sydney Thunder,O Davies,JJS Sangha,PM Siddle,2,0,,,,,,"",""
ball,1,19.4,Sydney Thunder,O Davies,JJS Sangha,PM Siddle,0,1,1,,,,,"",""
ball,1,19.5,Sydney Thunder,O Davies,JJS Sangha,PM Siddle,1,0,,,,,,"",""
ball,1,19.6,Sydney Thunder,JJS Sangha,O Davies,PM Siddle,1,0,,,,,,"",""
ball,1,19.7,Sydney Thunder,O Davies,JJS Sangha,PM Siddle,2,0,,,,,,"",""
ball,2,0.1,Adelaide Strikers,J Weatherald,MW Short,S Mahmood,3,0,,,,,,"",""
ball,2,0.2,Adelaide Strikers,MW Short,J Weatherald,S Mahmood,0,0,,,,,,"",""
ball,2,0.3,Adelaide Strikers,MW Short,J Weatherald,S Mahmood,0,0,,,,,,"",""
ball,2,0.4,Adelaide Strikers,MW Short,J Weatherald,S Mahmood,1,0,,,,,,"",""
ball,2,0.5,Adelaide Strikers,J Weatherald,MW Short,S Mahmood,2,0,,,,,,"",""
ball,2,0.6,Adelaide Strikers,J Weatherald,MW Short,S Mahmood,0,0,,,,,,"",""
ball,2,1.1,Adelaide Strikers,MW Short,J Weatherald,DR Sams,4,0,,,,,,"",""
ball,2,1.2,Adelaide Strikers,MW Short,J Weatherald,DR Sams,1,0,,,,,,"",""
ball,2,1.3,Adelaide Strikers,J Weatherald,MW Short,DR Sams,0,0,,,,,,"",""
ball,2,1.4,Adelaide Strikers,J Weatherald,MW Short,DR Sams,1,0,,,,,,"",""
ball,2,1.5,Adelaide Strikers,MW Short,J Weatherald,DR Sams,4,0,,,,,,"",""
ball,2,1.6,Adelaide Strikers,MW Short,J Weatherald,DR Sams,0,0,,,,,,"",""
ball,2,2.1,Adelaide Strikers,J Weatherald,MW Short,S Mahmood,1,0,,,,,,"",""
ball,2,2.2,Adelaide Strikers,MW Short,J Weatherald,S Mahmood,0,0,,,,,,"",""
ball,2,2.3,Adelaide Strikers,MW Short,J Weatherald,S Mahmood,0,0,,,,,,"",""
ball,2,2.4,Adelaide Strikers,MW Short,J Weatherald,S Mahmood,0,0,,,,,,"",""
ball,2,2.5,Adelaide Strikers,MW Short,J Weatherald,S Mahmood,6,0,,,,,,"",""
ball,2,2.6,Adelaide Strikers,MW Short,J Weatherald,S Mahmood,0,0,,,,,,lbw,MW Short
ball,2,3.1,Adelaide Strikers,J Weatherald,MT Renshaw,CJ Green,0,0,,,,,,"",""
ball,2,3.2,Adelaide Strikers,J Weatherald,MT Renshaw,CJ Green,1,0,,,,,,"",""
ball,2,3.3,Adelaide Strikers,MT Renshaw,J Weatherald,CJ Green,1,0,,,,,,"",""
ball,2,3.4,Adelaide Strikers,J Weatherald,MT Renshaw,CJ Green,0,0,,,,,,"",""
ball,2,3.5,Adelaide Strikers,J Weatherald,MT Renshaw,CJ Green,0,0,,,,,,"",""
ball,2,3.6,Adelaide Strikers,J Weatherald,MT Renshaw,CJ Green,4,0,,,,,,"",""
ball,2,4.1,Adelaide Strikers,MT Renshaw,J Weatherald,N McAndrew,0,0,,,,,,"",""
ball,2,4.2,Adelaide Strikers,MT Renshaw,J Weatherald,N McAndrew,1,0,,,,,,"",""
ball,2,4.3,Adelaide Strikers,J Weatherald,MT Renshaw,N McAndrew,1,0,,,,,,"",""
ball,2,4.4,Adelaide Strikers,MT Renshaw,J Weatherald,N McAndrew,4,0,,,,,,"",""
ball,2,4.5,Adelaide Strikers,MT Renshaw,J Weatherald,N McAndrew,2,0,,,,,,"",""
ball,2,4.6,Adelaide Strikers,MT Renshaw,J Weatherald,N McAndrew,1,0,,,,,,"",""
ball,2,5.1,Adelaide Strikers,MT Renshaw,J Weatherald,AJ Nair,1,0,,,,,,"",""
ball,2,5.2,Adelaide Strikers,J Weatherald,MT Renshaw,AJ Nair,4,0,,,,,,"",""
ball,2,5.3,Adelaide Strikers,J Weatherald,MT Renshaw,AJ Nair,0,0,,,,,,"",""
ball,2,5.4,Adelaide Strikers,J Weatherald,MT Renshaw,AJ Nair,1,0,,,,,,"",""
ball,2,5.5,Adelaide Strikers,MT Renshaw,J Weatherald,AJ Nair,1,0,,,,,,"",""
ball,2,5.6,Adelaide Strikers,J Weatherald,MT Renshaw,AJ Nair,1,0,,,,,,"",""
ball,2,6.1,Adelaide Strikers,J Weatherald,MT Renshaw,B Doggett,2,0,,,,,,"",""
ball,2,6.2,Adelaide Strikers,J Weatherald,MT Renshaw,B Doggett,1,0,,,,,,"",""
ball,2,6.3,Adelaide Strikers,MT Renshaw,J Weatherald,B Doggett,1,0,,,,,,"",""
ball,2,6.4,Adelaide Strikers,J Weatherald,MT Renshaw,B Doggett,1,0,,,,,,"",""
ball,2,6.5,Adelaide Strikers,MT Renshaw,J Weatherald,B Doggett,4,0,,,,,,"",""
ball,2,6.6,Adelaide Strikers,MT Renshaw,J Weatherald,B Doggett,4,0,,,,,,"",""
ball,2,7.1,Adelaide Strikers,J Weatherald,MT Renshaw,CJ Green,2,0,,,,,,"",""
ball,2,7.2,Adelaide Strikers,J Weatherald,MT Renshaw,CJ Green,0,0,,,,,,"",""
ball,2,7.3,Adelaide Strikers,J Weatherald,MT Renshaw,CJ Green,1,0,,,,,,"",""
ball,2,7.4,Adelaide Strikers,MT Renshaw,J Weatherald,CJ Green,1,0,,,,,,"",""
ball,2,7.5,Adelaide Strikers,J Weatherald,MT Renshaw,CJ Green,1,0,,,,,,"",""
ball,2,7.6,Adelaide Strikers,MT Renshaw,J Weatherald,CJ Green,1,0,,,,,,"",""
ball,2,8.1,Adelaide Strikers,MT Renshaw,J Weatherald,N McAndrew,1,0,,,,,,"",""
ball,2,8.2,Adelaide Strikers,J Weatherald,MT Renshaw,N McAndrew,1,0,,,,,,"",""
ball,2,8.3,Adelaide Strikers,MT Renshaw,J Weatherald,N McAndrew,0,1,1,,,,,"",""
ball,2,8.4,Adelaide Strikers,MT Renshaw,J Weatherald,N McAndrew,2,0,,,,,,"",""
ball,2,8.5,Adelaide Strikers,MT Renshaw,J Weatherald,N McAndrew,0,0,,,,,,"",""
ball,2,8.6,Adelaide Strikers,MT Renshaw,J Weatherald,N McAndrew,0,5,5,,,,,"",""
ball,2,8.7,Adelaide Strikers,MT Renshaw,J Weatherald,N McAndrew,2,0,,,,,,"",""
ball,2,8.8,Adelaide Strikers,MT Renshaw,J Weatherald,N McAndrew,0,0,,,,,,"",""
ball,2,9.1,Adelaide Strikers,J Weatherald,MT Renshaw,CJ Green,1,0,,,,,,"",""
ball,2,9.2,Adelaide Strikers,MT Renshaw,J Weatherald,CJ Green,0,0,,,,,,"",""
ball,2,9.3,Adelaide Strikers,MT Renshaw,J Weatherald,CJ Green,1,0,,,,,,"",""
ball,2,9.4,Adelaide Strikers,J Weatherald,MT Renshaw,CJ Green,1,0,,,,,,"",""
ball,2,9.5,Adelaide Strikers,MT Renshaw,J Weatherald,CJ Green,1,0,,,,,,"",""
ball,2,9.6,Adelaide Strikers,J Weatherald,MT Renshaw,CJ Green,0,0,,,,,,"",""
ball,2,10.1,Adelaide Strikers,MT Renshaw,J Weatherald,S Mahmood,1,0,,,,,,"",""
ball,2,10.2,Adelaide Strikers,J Weatherald,MT Renshaw,S Mahmood,1,0,,,,,,"",""
ball,2,10.3,Adelaide Strikers,MT Renshaw,J Weatherald,S Mahmood,4,0,,,,,,"",""
ball,2,10.4,Adelaide Strikers,MT Renshaw,J Weatherald,S Mahmood,0,0,,,,,,"",""
ball,2,10.5,Adelaide Strikers,MT Renshaw,J Weatherald,S Mahmood,4,0,,,,,,"",""
ball,2,10.6,Adelaide Strikers,MT Renshaw,J Weatherald,S Mahmood,0,0,,,,,,caught,MT Renshaw
ball,2,11.1,Adelaide Strikers,JW Wells,J Weatherald,DR Sams,4,0,,,,,,"",""
ball,2,11.2,Adelaide Strikers,JW Wells,J Weatherald,DR Sams,1,0,,,,,,"",""
ball,2,11.3,Adelaide Strikers,J Weatherald,JW Wells,DR Sams,0,0,,,,,,caught,J Weatherald
ball,2,11.4,Adelaide Strikers,JW Wells,T Kelly,DR Sams,1,0,,,,,,"",""
ball,2,11.5,Adelaide Strikers,T Kelly,JW Wells,DR Sams,1,0,,,,,,"",""
ball,2,11.6,Adelaide Strikers,JW Wells,T Kelly,DR Sams,3,0,,,,,,"",""
ball,2,12.1,Adelaide Strikers,JW Wells,T Kelly,JJS Sangha,1,0,,,,,,"",""
ball,2,12.2,Adelaide Strikers,T Kelly,JW Wells,JJS Sangha,0,0,,,,,,"",""
ball,2,12.3,Adelaide Strikers,T Kelly,JW Wells,JJS Sangha,0,0,,,,,,caught,T Kelly
ball,2,12.4,Adelaide Strikers,GHS Garton,JW Wells,JJS Sangha,1,0,,,,,,"",""
ball,2,12.5,Adelaide Strikers,JW Wells,GHS Garton,JJS Sangha,0,0,,,,,,"",""
ball,2,12.6,Adelaide Strikers,JW Wells,GHS Garton,JJS Sangha,1,0,,,,,,"",""
ball,2,13.1,Adelaide Strikers,JW Wells,GHS Garton,B Doggett,1,0,,,,,,"",""
ball,2,13.2,Adelaide Strikers,GHS Garton,JW Wells,B Doggett,0,0,,,,,,"",""
ball,2,13.3,Adelaide Strikers,GHS Garton,JW Wells,B Doggett,0,1,1,,,,,"",""
ball,2,13.4,Adelaide Strikers,GHS Garton,JW Wells,B Doggett,1,0,,,,,,"",""
ball,2,13.5,Adelaide Strikers,JW Wells,GHS Garton,B Doggett,1,0,,,,,,"",""
ball,2,13.6,Adelaide Strikers,GHS Garton,JW Wells,B Doggett,1,0,,,,,,"",""
ball,2,13.7,Adelaide Strikers,JW Wells,GHS Garton,B Doggett,2,0,,,,,,"",""
ball,2,14.1,Adelaide Strikers,GHS Garton,JW Wells,CJ Green,0,0,,,,,,"",""
ball,2,14.2,Adelaide Strikers,GHS Garton,JW Wells,CJ Green,0,0,,,,,,"",""
ball,2,14.3,Adelaide Strikers,GHS Garton,JW Wells,CJ Green,2,0,,,,,,"",""
ball,2,14.4,Adelaide Strikers,GHS Garton,JW Wells,CJ Green,0,0,,,,,,"",""
ball,2,14.5,Adelaide Strikers,GHS Garton,JW Wells,CJ Green,1,0,,,,,,"",""
ball,2,14.6,Adelaide Strikers,JW Wells,GHS Garton,CJ Green,1,0,,,,,,"",""
ball,2,15.1,Adelaide Strikers,JW Wells,GHS Garton,DR Sams,1,0,,,,,,"",""
ball,2,15.2,Adelaide Strikers,GHS Garton,JW Wells,DR Sams,2,0,,,,,,"",""
ball,2,15.3,Adelaide Strikers,GHS Garton,JW Wells,DR Sams,0,1,1,,,,,"",""
ball,2,15.4,Adelaide Strikers,GHS Garton,JW Wells,DR Sams,0,0,,,,,,caught,GHS Garton
ball,2,15.5,Adelaide Strikers,JW Wells,HJ Nielsen,DR Sams,0,1,1,,,,,"",""
ball,2,15.6,Adelaide Strikers,JW Wells,HJ Nielsen,DR Sams,1,0,,,,,,"",""
ball,2,15.7,Adelaide Strikers,HJ Nielsen,JW Wells,DR Sams,1,0,,,,,,"",""
ball,2,15.8,Adelaide Strikers,JW Wells,HJ Nielsen,DR Sams,1,0,,,,,,"",""
ball,2,16.1,Adelaide Strikers,JW Wells,HJ Nielsen,S Mahmood,4,0,,,,,,"",""
ball,2,16.2,Adelaide Strikers,JW Wells,HJ Nielsen,S Mahmood,1,0,,,,,,"",""
ball,2,16.3,Adelaide Strikers,HJ Nielsen,JW Wells,S Mahmood,4,0,,,,,,"",""
ball,2,16.4,Adelaide Strikers,HJ Nielsen,JW Wells,S Mahmood,1,0,,,,,,"",""
ball,2,16.5,Adelaide Strikers,JW Wells,HJ Nielsen,S Mahmood,1,0,,,,,,"",""
ball,2,16.6,Adelaide Strikers,HJ Nielsen,JW Wells,S Mahmood,0,1,1,,,,,"",""
ball,2,16.7,Adelaide Strikers,HJ Nielsen,JW Wells,S Mahmood,0,1,,,,1,,"",""
ball,2,17.1,Adelaide Strikers,HJ Nielsen,JW Wells,B Doggett,0,0,,,,,,"",""
ball,2,17.2,Adelaide Strikers,HJ Nielsen,JW Wells,B Doggett,1,0,,,,,,"",""
ball,2,17.3,Adelaide Strikers,JW Wells,HJ Nielsen,B Doggett,4,0,,,,,,"",""
ball,2,17.4,Adelaide Strikers,JW Wells,HJ Nielsen,B Doggett,6,0,,,,,,"",""
ball,2,17.5,Adelaide Strikers,JW Wells,HJ Nielsen,B Doggett,1,0,,,,,,"",""
ball,2,17.6,Adelaide Strikers,HJ Nielsen,JW Wells,B Doggett,1,0,,,,,,"",""
ball,2,18.1,Adelaide Strikers,HJ Nielsen,JW Wells,N McAndrew,1,0,,,,,,"",""
ball,2,18.2,Adelaide Strikers,JW Wells,HJ Nielsen,N McAndrew,4,0,,,,,,"",""
ball,2,18.3,Adelaide Strikers,JW Wells,HJ Nielsen,N McAndrew,0,0,,,,,,"",""
ball,2,18.4,Adelaide Strikers,JW Wells,HJ Nielsen,N McAndrew,2,0,,,,,,"",""
ball,2,18.5,Adelaide Strikers,JW Wells,HJ Nielsen,N McAndrew,0,0,,,,,,"",""
ball,2,18.6,Adelaide Strikers,JW Wells,HJ Nielsen,N McAndrew,4,0,,,,,,"",""
ball,2,19.1,Adelaide Strikers,HJ Nielsen,JW Wells,DR Sams,1,0,,,,,,"",""
ball,2,19.2,Adelaide Strikers,JW Wells,HJ Nielsen,DR Sams,0,0,,,,,,caught,JW Wells
ball,2,19.3,Adelaide Strikers,HJ Nielsen,Rashid Khan,DR Sams,1,0,,,,,,"",""
ball,2,19.4,Adelaide Strikers,Rashid Khan,HJ Nielsen,DR Sams,0,0,,,,,,caught,Rashid Khan
ball,2,19.5,Adelaide Strikers,DJ Worrall,HJ Nielsen,DR Sams,1,0,,,,,,"",""
ball,2,19.6,Adelaide Strikers,HJ Nielsen,DJ Worrall,DR Sams,2,0,,,,,,"",""
