version,1.7.0
info,balls_per_over,6
info,team,Adelaide Strikers
info,team,Brisbane Heat
info,gender,male
info,season,2021/22
info,date,2022/01/12
info,event,Big Bash League
info,match_number,44
info,venue,"Brisbane Cricket Ground, Woolloongabba, Brisbane"
info,city,Brisbane
info,toss_winner,Adelaide Strikers
info,toss_decision,bat
info,player_of_match,Rashid Khan
info,umpire,PJ Gillespie
info,umpire,SA Lightbody
info,reserve_umpire,D Brigham
info,tv_umpire,NR Johnstone
info,match_referee,Kent Hannam
info,winner,Adelaide Strikers
info,winner_runs,71
info,player,Adelaide Strikers,MW Short
info,player,Adelaide Strikers,HJ Hunt
info,player,Adelaide Strikers,J Weatherald
info,player,Adelaide Strikers,JW Wells
info,player,Adelaide Strikers,Rashid Khan
info,player,Adelaide Strikers,T Kelly
info,player,Adelaide Strikers,L Scott
info,player,Adelaide Strikers,HJ Nielsen
info,player,Adelaide Strikers,HTRY Thornton
info,player,Adelaide Strikers,PM Siddle
info,player,Adelaide Strikers,HNA Conway
info,player,Brisbane Heat,NA McSweeney
info,player,Brisbane Heat,CA Lynn
info,player,Brisbane Heat,LD Pfeffer
info,player,Brisbane Heat,BM Duckett
info,player,Brisbane Heat,SD Heazlett
info,player,Brisbane Heat,JS Lehmann
info,player,Brisbane Heat,XC Bartlett
info,player,Brisbane Heat,W Prestwidge
info,player,Brisbane Heat,MP Kuhnemann
info,player,Brisbane Heat,Mujeeb Ur Rahman
info,player,Brisbane Heat,L Guthrie
info,registry,people,BM Duckett,5f26f677
info,registry,people,CA Lynn,45eda7c8
info,registry,people,D Brigham,464daf41
info,registry,people,HJ Hunt,62ef4abe
info,registry,people,HJ Nielsen,0ea1455a
info,registry,people,HNA Conway,272fc5ad
info,registry,people,HTRY Thornton,055be93a
info,registry,people,J Weatherald,edc7ddb6
info,registry,people,JS Lehmann,c96a215f
info,registry,people,JW Wells,8bdac857
info,registry,people,Kent Hannam,8cc171e7
info,registry,people,L Guthrie,b03303ca
info,registry,people,L Scott,0ebb3444
info,registry,people,LD Pfeffer,dd86ec0b
info,registry,people,MP Kuhnemann,7b953689
info,registry,people,MW Short,a90e53ec
info,registry,people,Mujeeb Ur Rahman,7d92277a
info,registry,people,NA McSweeney,e94d2d50
info,registry,people,NR Johnstone,ce274b6a
info,registry,people,PJ Gillespie,3e253a50
info,registry,people,PM Siddle,bd93fea4
info,registry,people,Rashid Khan,5f547c8b
info,registry,people,SA Lightbody,680b8cbf
info,registry,people,SD Heazlett,e00a9155
info,registry,people,T Kelly,6ceb94d0
info,registry,people,W Prestwidge,bdf7a718
info,registry,people,XC Bartlett,3b53243a
ball,1,0.1,Adelaide Strikers,MW Short,HJ Hunt,XC Bartlett,0,0,,,,,,"",""
ball,1,0.2,Adelaide Strikers,MW Short,HJ Hunt,XC Bartlett,0,0,,,,,,"",""
ball,1,0.3,Adelaide Strikers,MW Short,HJ Hunt,XC Bartlett,0,0,,,,,,"",""
ball,1,0.4,Adelaide Strikers,MW Short,HJ Hunt,XC Bartlett,2,0,,,,,,"",""
ball,1,0.5,Adelaide Strikers,MW Short,HJ Hunt,XC Bartlett,0,0,,,,,,"",""
ball,1,0.6,Adelaide Strikers,MW Short,HJ Hunt,XC Bartlett,0,1,1,,,,,"",""
ball,1,0.7,Adelaide Strikers,MW Short,HJ Hunt,XC Bartlett,3,0,,,,,,"",""
ball,1,1.1,Adelaide Strikers,MW Short,HJ Hunt,L Guthrie,2,0,,,,,,"",""
ball,1,1.2,Adelaide Strikers,MW Short,HJ Hunt,L Guthrie,0,0,,,,,,"",""
ball,1,1.3,Adelaide Strikers,MW Short,HJ Hunt,L Guthrie,0,0,,,,,,"",""
ball,1,1.4,Adelaide Strikers,MW Short,HJ Hunt,L Guthrie,2,0,,,,,,"",""
ball,1,1.5,Adelaide Strikers,MW Short,HJ Hunt,L Guthrie,4,0,,,,,,"",""
ball,1,1.6,Adelaide Strikers,MW Short,HJ Hunt,L Guthrie,0,0,,,,,,"",""
ball,1,2.1,Adelaide Strikers,HJ Hunt,MW Short,XC Bartlett,1,0,,,,,,"",""
ball,1,2.2,Adelaide Strikers,MW Short,HJ Hunt,XC Bartlett,1,0,,,,,,"",""
ball,1,2.3,Adelaide Strikers,HJ Hunt,MW Short,XC Bartlett,0,0,,,,,,"",""
ball,1,2.4,Adelaide Strikers,HJ Hunt,MW Short,XC Bartlett,3,0,,,,,,"",""
ball,1,2.5,Adelaide Strikers,MW Short,HJ Hunt,XC Bartlett,3,0,,,,,,"",""
ball,1,2.6,Adelaide Strikers,HJ Hunt,MW Short,XC Bartlett,0,0,,,,,,"",""
ball,1,3.1,Adelaide Strikers,MW Short,HJ Hunt,W Prestwidge,4,0,,,,,,"",""
ball,1,3.2,Adelaide Strikers,MW Short,HJ Hunt,W Prestwidge,2,0,,,,,,"",""
ball,1,3.3,Adelaide Strikers,MW Short,HJ Hunt,W Prestwidge,0,0,,,,,,"",""
ball,1,3.4,Adelaide Strikers,MW Short,HJ Hunt,W Prestwidge,4,0,,,,,,"",""
ball,1,3.5,Adelaide Strikers,MW Short,HJ Hunt,W Prestwidge,0,0,,,,,,caught,MW Short
ball,1,3.6,Adelaide Strikers,J Weatherald,HJ Hunt,W Prestwidge,1,0,,,,,,"",""
ball,1,4.1,Adelaide Strikers,J Weatherald,HJ Hunt,NA McSweeney,1,0,,,,,,"",""
ball,1,4.2,Adelaide Strikers,HJ Hunt,J Weatherald,NA McSweeney,1,0,,,,,,"",""
ball,1,4.3,Adelaide Strikers,J Weatherald,HJ Hunt,NA McSweeney,0,0,,,,,,"",""
ball,1,4.4,Adelaide Strikers,J Weatherald,HJ Hunt,NA McSweeney,1,0,,,,,,"",""
ball,1,4.5,Adelaide Strikers,HJ Hunt,J Weatherald,NA McSweeney,0,0,,,,,,"",""
ball,1,4.6,Adelaide Strikers,HJ Hunt,J Weatherald,NA McSweeney,2,0,,,,,,"",""
ball,1,5.1,Adelaide Strikers,J Weatherald,HJ Hunt,MP Kuhnemann,1,0,,,,,,"",""
ball,1,5.2,Adelaide Strikers,HJ Hunt,J Weatherald,MP Kuhnemann,1,0,,,,,,"",""
ball,1,5.3,Adelaide Strikers,J Weatherald,HJ Hunt,MP Kuhnemann,1,0,,,,,,"",""
ball,1,5.4,Adelaide Strikers,HJ Hunt,J Weatherald,MP Kuhnemann,1,0,,,,,,"",""
ball,1,5.5,Adelaide Strikers,J Weatherald,HJ Hunt,MP Kuhnemann,1,0,,,,,,"",""
ball,1,5.6,Adelaide Strikers,HJ Hunt,J Weatherald,MP Kuhnemann,1,0,,,,,,"",""
ball,1,6.1,Adelaide Strikers,HJ Hunt,J Weatherald,Mujeeb Ur Rahman,1,0,,,,,,"",""
ball,1,6.2,Adelaide Strikers,J Weatherald,HJ Hunt,Mujeeb Ur Rahman,4,0,,,,,,"",""
ball,1,6.3,Adelaide Strikers,J Weatherald,HJ Hunt,Mujeeb Ur Rahman,0,1,1,,,,,"",""
ball,1,6.4,Adelaide Strikers,J Weatherald,HJ Hunt,Mujeeb Ur Rahman,1,0,,,,,,"",""
ball,1,6.5,Adelaide Strikers,HJ Hunt,J Weatherald,Mujeeb Ur Rahman,0,0,,,,,,"",""
ball,1,6.6,Adelaide Strikers,HJ Hunt,J Weatherald,Mujeeb Ur Rahman,0,0,,,,,,"",""
ball,1,6.7,Adelaide Strikers,HJ Hunt,J Weatherald,Mujeeb Ur Rahman,2,0,,,,,,"",""
ball,1,7.1,Adelaide Strikers,J Weatherald,HJ Hunt,MP Kuhnemann,1,0,,,,,,"",""
ball,1,7.2,Adelaide Strikers,HJ Hunt,J Weatherald,MP Kuhnemann,1,0,,,,,,"",""
ball,1,7.3,Adelaide Strikers,J Weatherald,HJ Hunt,MP Kuhnemann,1,0,,,,,,"",""
ball,1,7.4,Adelaide Strikers,HJ Hunt,J Weatherald,MP Kuhnemann,2,0,,,,,,"",""
ball,1,7.5,Adelaide Strikers,HJ Hunt,J Weatherald,MP Kuhnemann,1,0,,,,,,"",""
ball,1,7.6,Adelaide Strikers,J Weatherald,HJ Hunt,MP Kuhnemann,1,0,,,,,,"",""
ball,1,8.1,Adelaide Strikers,J Weatherald,HJ Hunt,Mujeeb Ur Rahman,2,0,,,,,,"",""
ball,1,8.2,Adelaide Strikers,J Weatherald,HJ Hunt,Mujeeb Ur Rahman,0,0,,,,,,"",""
ball,1,8.3,Adelaide Strikers,J Weatherald,HJ Hunt,Mujeeb Ur Rahman,1,0,,,,,,"",""
ball,1,8.4,Adelaide Strikers,HJ Hunt,J Weatherald,Mujeeb Ur Rahman,0,5,5,,,,,"",""
ball,1,8.5,Adelaide Strikers,HJ Hunt,J Weatherald,Mujeeb Ur Rahman,1,0,,,,,,"",""
ball,1,8.6,Adelaide Strikers,J Weatherald,HJ Hunt,Mujeeb Ur Rahman,0,0,,,,,,"",""
ball,1,8.7,Adelaide Strikers,J Weatherald,HJ Hunt,Mujeeb Ur Rahman,1,0,,,,,,"",""
ball,1,9.1,Adelaide Strikers,J Weatherald,HJ Hunt,L Guthrie,1,0,,,,,,"",""
ball,1,9.2,Adelaide Strikers,HJ Hunt,J Weatherald,L Guthrie,1,0,,,,,,"",""
ball,1,9.3,Adelaide Strikers,J Weatherald,HJ Hunt,L Guthrie,0,1,1,,,,,"",""
ball,1,9.4,Adelaide Strikers,J Weatherald,HJ Hunt,L Guthrie,1,0,,,,,,"",""
ball,1,9.5,Adelaide Strikers,HJ Hunt,J Weatherald,L Guthrie,0,0,,,,,,"",""
ball,1,9.6,Adelaide Strikers,HJ Hunt,J Weatherald,L Guthrie,0,1,1,,,,,"",""
ball,1,9.7,Adelaide Strikers,HJ Hunt,J Weatherald,L Guthrie,0,0,,,,,,"",""
ball,1,9.8,Adelaide Strikers,HJ Hunt,J Weatherald,L Guthrie,4,0,,,,,,"",""
ball,1,10.1,Adelaide Strikers,J Weatherald,HJ Hunt,W Prestwidge,0,0,,,,,,"",""
ball,1,10.2,Adelaide Strikers,J Weatherald,HJ Hunt,W Prestwidge,2,0,,,,,,"",""
ball,1,10.3,Adelaide Strikers,J Weatherald,HJ Hunt,W Prestwidge,1,0,,,,,,"",""
ball,1,10.4,Adelaide Strikers,HJ Hunt,J Weatherald,W Prestwidge,1,0,,,,,,"",""
ball,1,10.5,Adelaide Strikers,J Weatherald,HJ Hunt,W Prestwidge,1,0,,,,,,"",""
ball,1,10.6,Adelaide Strikers,HJ Hunt,J Weatherald,W Prestwidge,1,0,,,,,,"",""
ball,1,11.1,Adelaide Strikers,HJ Hunt,J Weatherald,MP Kuhnemann,0,0,,,,,,"",""
ball,1,11.2,Adelaide Strikers,HJ Hunt,J Weatherald,MP Kuhnemann,0,0,,,,,,bowled,HJ Hunt
ball,1,11.3,Adelaide Strikers,JW Wells,J Weatherald,MP Kuhnemann,1,0,,,,,,"",""
ball,1,11.4,Adelaide Strikers,J Weatherald,JW Wells,MP Kuhnemann,1,0,,,,,,"",""
ball,1,11.5,Adelaide Strikers,JW Wells,J Weatherald,MP Kuhnemann,0,0,,,,,,"",""
ball,1,11.6,Adelaide Strikers,JW Wells,J Weatherald,MP Kuhnemann,1,0,,,,,,"",""
ball,1,12.1,Adelaide Strikers,JW Wells,J Weatherald,Mujeeb Ur Rahman,0,0,,,,,,"",""
ball,1,12.2,Adelaide Strikers,JW Wells,J Weatherald,Mujeeb Ur Rahman,0,0,,,,,,"",""
ball,1,12.3,Adelaide Strikers,JW Wells,J Weatherald,Mujeeb Ur Rahman,2,0,,,,,,"",""
ball,1,12.4,Adelaide Strikers,JW Wells,J Weatherald,Mujeeb Ur Rahman,0,2,2,,,,,"",""
ball,1,12.5,Adelaide Strikers,J Weatherald,JW Wells,Mujeeb Ur Rahman,0,0,,,,,,"",""
ball,1,12.6,Adelaide Strikers,J Weatherald,JW Wells,Mujeeb Ur Rahman,1,0,,,,,,"",""
ball,1,12.7,Adelaide Strikers,JW Wells,J Weatherald,Mujeeb Ur Rahman,1,0,,,,,,"",""
ball,1,13.1,Adelaide Strikers,JW Wells,J Weatherald,L Guthrie,0,0,,,,,,"",""
ball,1,13.2,Adelaide Strikers,JW Wells,J Weatherald,L Guthrie,3,0,,,,,,"",""
ball,1,13.3,Adelaide Strikers,J Weatherald,JW Wells,L Guthrie,1,0,,,,,,"",""
ball,1,13.4,Adelaide Strikers,JW Wells,J Weatherald,L Guthrie,1,0,,,,,,"",""
ball,1,13.5,Adelaide Strikers,J Weatherald,JW Wells,L Guthrie,0,0,,,,,,"",""
ball,1,13.6,Adelaide Strikers,J Weatherald,JW Wells,L Guthrie,2,0,,,,,,"",""
ball,1,14.1,Adelaide Strikers,JW Wells,J Weatherald,W Prestwidge,1,0,,,,,,"",""
ball,1,14.2,Adelaide Strikers,J Weatherald,JW Wells,W Prestwidge,6,0,,,,,,"",""
ball,1,14.3,Adelaide Strikers,J Weatherald,JW Wells,W Prestwidge,0,0,,,,,,caught,J Weatherald
ball,1,14.4,Adelaide Strikers,JW Wells,Rashid Khan,W Prestwidge,0,0,,,,,,"",""
ball,1,14.5,Adelaide Strikers,JW Wells,Rashid Khan,W Prestwidge,0,0,,,,,,"",""
ball,1,14.6,Adelaide Strikers,JW Wells,Rashid Khan,W Prestwidge,1,0,,,,,,"",""
ball,1,15.1,Adelaide Strikers,JW Wells,Rashid Khan,XC Bartlett,0,0,,,,,,"",""
ball,1,15.2,Adelaide Strikers,JW Wells,Rashid Khan,XC Bartlett,1,0,,,,,,"",""
ball,1,15.3,Adelaide Strikers,Rashid Khan,JW Wells,XC Bartlett,6,0,,,,,,"",""
ball,1,15.4,Adelaide Strikers,Rashid Khan,JW Wells,XC Bartlett,6,0,,,,,,"",""
ball,1,15.5,Adelaide Strikers,Rashid Khan,JW Wells,XC Bartlett,1,0,,,,,,"",""
ball,1,15.6,Adelaide Strikers,JW Wells,Rashid Khan,XC Bartlett,2,0,,,,,,"",""
ball,1,16.1,Adelaide Strikers,Rashid Khan,JW Wells,Mujeeb Ur Rahman,0,0,,,,,,bowled,Rashid Khan
ball,1,16.2,Adelaide Strikers,T Kelly,JW Wells,Mujeeb Ur Rahman,0,1,,,,1,,"",""
ball,1,16.3,Adelaide Strikers,JW Wells,T Kelly,Mujeeb Ur Rahman,1,0,,,,,,"",""
ball,1,16.4,Adelaide Strikers,T Kelly,JW Wells,Mujeeb Ur Rahman,0,1,,,,1,,"",""
ball,1,16.5,Adelaide Strikers,JW Wells,T Kelly,Mujeeb Ur Rahman,0,0,,,,,,"",""
ball,1,16.6,Adelaide Strikers,JW Wells,T Kelly,Mujeeb Ur Rahman,2,0,,,,,,"",""
ball,1,17.1,Adelaide Strikers,T Kelly,JW Wells,W Prestwidge,4,0,,,,,,"",""
ball,1,17.2,Adelaide Strikers,T Kelly,JW Wells,W Prestwidge,0,0,,,,,,"",""
ball,1,17.3,Adelaide Strikers,T Kelly,JW Wells,W Prestwidge,2,0,,,,,,"",""
ball,1,17.4,Adelaide Strikers,T Kelly,JW Wells,W Prestwidge,1,0,,,,,,"",""
ball,1,17.5,Adelaide Strikers,JW Wells,T Kelly,W Prestwidge,1,0,,,,,,"",""
ball,1,17.6,Adelaide Strikers,T Kelly,JW Wells,W Prestwidge,1,0,,,,,,"",""
ball,1,18.1,Adelaide Strikers,T Kelly,JW Wells,MP Kuhnemann,6,0,,,,,,"",""
ball,1,18.2,Adelaide Strikers,T Kelly,JW Wells,MP Kuhnemann,1,0,,,,,,"",""
ball,1,18.3,Adelaide Strikers,JW Wells,T Kelly,MP Kuhnemann,1,0,,,,,,"",""
ball,1,18.4,Adelaide Strikers,T Kelly,JW Wells,MP Kuhnemann,0,0,,,,,,"",""
ball,1,18.5,Adelaide Strikers,T Kelly,JW Wells,MP Kuhnemann,1,0,,,,,,"",""
ball,1,18.6,Adelaide Strikers,JW Wells,T Kelly,MP Kuhnemann,2,0,,,,,,"",""
ball,1,19.1,Adelaide Strikers,T Kelly,JW Wells,XC Bartlett,2,0,,,,,,"",""
ball,1,19.2,Adelaide Strikers,T Kelly,JW Wells,XC Bartlett,2,0,,,,,,"",""
ball,1,19.3,Adelaide Strikers,T Kelly,JW Wells,XC Bartlett,2,0,,,,,,"",""
ball,1,19.4,Adelaide Strikers,T Kelly,JW Wells,XC Bartlett,2,0,,,,,,"",""
ball,1,19.5,Adelaide Strikers,T Kelly,JW Wells,XC Bartlett,0,1,,,1,,,"",""
ball,1,19.6,Adelaide Strikers,JW Wells,T Kelly,XC Bartlett,2,0,,,,,,"",""
ball,2,0.1,Brisbane Heat,NA McSweeney,CA Lynn,MW Short,0,0,,,,,,"",""
ball,2,0.2,Brisbane Heat,NA McSweeney,CA Lynn,MW Short,1,0,,,,,,"",""
ball,2,0.3,Brisbane Heat,CA Lynn,NA McSweeney,MW Short,1,0,,,,,,"",""
ball,2,0.4,Brisbane Heat,NA McSweeney,CA Lynn,MW Short,4,0,,,,,,"",""
ball,2,0.5,Brisbane Heat,NA McSweeney,CA Lynn,MW Short,0,0,,,,,,"",""
ball,2,0.6,Brisbane Heat,NA McSweeney,CA Lynn,MW Short,0,0,,,,,,caught,NA McSweeney
ball,2,1.1,Brisbane Heat,CA Lynn,LD Pfeffer,HNA Conway,0,1,1,,,,,"",""
ball,2,1.2,Brisbane Heat,CA Lynn,LD Pfeffer,HNA Conway,0,0,,,,,,"",""
ball,2,1.3,Brisbane Heat,CA Lynn,LD Pfeffer,HNA Conway,0,1,,,,1,,"",""
ball,2,1.4,Brisbane Heat,LD Pfeffer,CA Lynn,HNA Conway,1,0,,,,,,"",""
ball,2,1.5,Brisbane Heat,CA Lynn,LD Pfeffer,HNA Conway,0,0,,,,,,"",""
ball,2,1.6,Brisbane Heat,CA Lynn,LD Pfeffer,HNA Conway,6,0,,,,,,"",""
ball,2,1.7,Brisbane Heat,CA Lynn,LD Pfeffer,HNA Conway,0,0,,,,,,"",""
ball,2,2.1,Brisbane Heat,LD Pfeffer,CA Lynn,HTRY Thornton,0,1,1,,,,,"",""
ball,2,2.2,Brisbane Heat,LD Pfeffer,CA Lynn,HTRY Thornton,1,0,,,,,,"",""
ball,2,2.3,Brisbane Heat,CA Lynn,LD Pfeffer,HTRY Thornton,0,0,,,,,,bowled,CA Lynn
ball,2,2.4,Brisbane Heat,BM Duckett,LD Pfeffer,HTRY Thornton,2,0,,,,,,"",""
ball,2,2.5,Brisbane Heat,BM Duckett,LD Pfeffer,HTRY Thornton,1,0,,,,,,"",""
ball,2,2.6,Brisbane Heat,LD Pfeffer,BM Duckett,HTRY Thornton,0,0,,,,,,"",""
ball,2,2.7,Brisbane Heat,LD Pfeffer,BM Duckett,HTRY Thornton,1,0,,,,,,"",""
ball,2,3.1,Brisbane Heat,LD Pfeffer,BM Duckett,HNA Conway,0,1,,,,1,,"",""
ball,2,3.2,Brisbane Heat,BM Duckett,LD Pfeffer,HNA Conway,0,1,1,,,,,"",""
ball,2,3.3,Brisbane Heat,BM Duckett,LD Pfeffer,HNA Conway,4,0,,,,,,"",""
ball,2,3.4,Brisbane Heat,BM Duckett,LD Pfeffer,HNA Conway,1,0,,,,,,"",""
ball,2,3.5,Brisbane Heat,LD Pfeffer,BM Duckett,HNA Conway,4,0,,,,,,"",""
ball,2,3.6,Brisbane Heat,LD Pfeffer,BM Duckett,HNA Conway,4,0,,,,,,"",""
ball,2,3.7,Brisbane Heat,LD Pfeffer,BM Duckett,HNA Conway,1,0,,,,,,"",""
ball,2,4.1,Brisbane Heat,LD Pfeffer,BM Duckett,MW Short,0,0,,,,,,"",""
ball,2,4.2,Brisbane Heat,LD Pfeffer,BM Duckett,MW Short,2,0,,,,,,"",""
ball,2,4.3,Brisbane Heat,LD Pfeffer,BM Duckett,MW Short,0,0,,,,,,"",""
ball,2,4.4,Brisbane Heat,LD Pfeffer,BM Duckett,MW Short,1,0,,,,,,"",""
ball,2,4.5,Brisbane Heat,BM Duckett,LD Pfeffer,MW Short,1,0,,,,,,"",""
ball,2,4.6,Brisbane Heat,LD Pfeffer,BM Duckett,MW Short,0,1,1,,,,,"",""
ball,2,4.7,Brisbane Heat,LD Pfeffer,BM Duckett,MW Short,1,0,,,,,,"",""
ball,2,5.1,Brisbane Heat,LD Pfeffer,BM Duckett,PM Siddle,2,0,,,,,,"",""
ball,2,5.2,Brisbane Heat,LD Pfeffer,BM Duckett,PM Siddle,0,0,,,,,,"",""
ball,2,5.3,Brisbane Heat,LD Pfeffer,BM Duckett,PM Siddle,0,0,,,,,,"",""
ball,2,5.4,Brisbane Heat,LD Pfeffer,BM Duckett,PM Siddle,2,0,,,,,,"",""
ball,2,5.5,Brisbane Heat,LD Pfeffer,BM Duckett,PM Siddle,0,0,,,,,,"",""
ball,2,5.6,Brisbane Heat,LD Pfeffer,BM Duckett,PM Siddle,0,0,,,,,,"",""
ball,2,6.1,Brisbane Heat,BM Duckett,LD Pfeffer,Rashid Khan,4,0,,,,,,"",""
ball,2,6.2,Brisbane Heat,BM Duckett,LD Pfeffer,Rashid Khan,1,0,,,,,,"",""
ball,2,6.3,Brisbane Heat,LD Pfeffer,BM Duckett,Rashid Khan,1,0,,,,,,"",""
ball,2,6.4,Brisbane Heat,BM Duckett,LD Pfeffer,Rashid Khan,4,0,,,,,,"",""
ball,2,6.5,Brisbane Heat,BM Duckett,LD Pfeffer,Rashid Khan,1,0,,,,,,"",""
ball,2,6.6,Brisbane Heat,LD Pfeffer,BM Duckett,Rashid Khan,0,0,,,,,,"",""
ball,2,7.1,Brisbane Heat,BM Duckett,LD Pfeffer,HTRY Thornton,0,0,,,,,,"",""
ball,2,7.2,Brisbane Heat,BM Duckett,LD Pfeffer,HTRY Thornton,1,0,,,,,,"",""
ball,2,7.3,Brisbane Heat,LD Pfeffer,BM Duckett,HTRY Thornton,1,0,,,,,,"",""
ball,2,7.4,Brisbane Heat,BM Duckett,LD Pfeffer,HTRY Thornton,1,0,,,,,,"",""
ball,2,7.5,Brisbane Heat,LD Pfeffer,BM Duckett,HTRY Thornton,1,0,,,,,,"",""
ball,2,7.6,Brisbane Heat,BM Duckett,LD Pfeffer,HTRY Thornton,0,0,,,,,,"",""
ball,2,8.1,Brisbane Heat,LD Pfeffer,BM Duckett,Rashid Khan,0,0,,,,,,run out,LD Pfeffer
ball,2,8.2,Brisbane Heat,SD Heazlett,BM Duckett,Rashid Khan,0,0,,,,,,caught,SD Heazlett
ball,2,8.3,Brisbane Heat,JS Lehmann,BM Duckett,Rashid Khan,0,0,,,,,,bowled,JS Lehmann
ball,2,8.4,Brisbane Heat,XC Bartlett,BM Duckett,Rashid Khan,1,0,,,,,,"",""
ball,2,8.5,Brisbane Heat,BM Duckett,XC Bartlett,Rashid Khan,2,0,,,,,,"",""
ball,2,8.6,Brisbane Heat,BM Duckett,XC Bartlett,Rashid Khan,0,0,,,,,,"",""
ball,2,9.1,Brisbane Heat,XC Bartlett,BM Duckett,HTRY Thornton,0,0,,,,,,"",""
ball,2,9.2,Brisbane Heat,XC Bartlett,BM Duckett,HTRY Thornton,0,0,,,,,,"",""
ball,2,9.3,Brisbane Heat,XC Bartlett,BM Duckett,HTRY Thornton,0,0,,,,,,"",""
ball,2,9.4,Brisbane Heat,XC Bartlett,BM Duckett,HTRY Thornton,0,0,,,,,,"",""
ball,2,9.5,Brisbane Heat,XC Bartlett,BM Duckett,HTRY Thornton,1,0,,,,,,"",""
ball,2,9.6,Brisbane Heat,BM Duckett,XC Bartlett,HTRY Thornton,1,0,,,,,,"",""
ball,2,10.1,Brisbane Heat,BM Duckett,XC Bartlett,MW Short,0,0,,,,,,"",""
ball,2,10.2,Brisbane Heat,BM Duckett,XC Bartlett,MW Short,0,0,,,,,,bowled,BM Duckett
ball,2,10.3,Brisbane Heat,W Prestwidge,XC Bartlett,MW Short,0,0,,,,,,"",""
ball,2,10.4,Brisbane Heat,W Prestwidge,XC Bartlett,MW Short,0,1,,,,1,,"",""
ball,2,10.5,Brisbane Heat,XC Bartlett,W Prestwidge,MW Short,0,0,,,,,,"",""
ball,2,10.6,Brisbane Heat,XC Bartlett,W Prestwidge,MW Short,1,0,,,,,,"",""
ball,2,11.1,Brisbane Heat,XC Bartlett,W Prestwidge,PM Siddle,1,0,,,,,,"",""
ball,2,11.2,Brisbane Heat,W Prestwidge,XC Bartlett,PM Siddle,0,1,,,,1,,"",""
ball,2,11.3,Brisbane Heat,XC Bartlett,W Prestwidge,PM Siddle,0,0,,,,,,"",""
ball,2,11.4,Brisbane Heat,XC Bartlett,W Prestwidge,PM Siddle,0,0,,,,,,"",""
ball,2,11.5,Brisbane Heat,XC Bartlett,W Prestwidge,PM Siddle,0,1,,,,1,,"",""
ball,2,11.6,Brisbane Heat,W Prestwidge,XC Bartlett,PM Siddle,0,0,,,,,,"",""
ball,2,12.1,Brisbane Heat,XC Bartlett,W Prestwidge,Rashid Khan,1,0,,,,,,"",""
ball,2,12.2,Brisbane Heat,W Prestwidge,XC Bartlett,Rashid Khan,0,0,,,,,,"",""
ball,2,12.3,Brisbane Heat,W Prestwidge,XC Bartlett,Rashid Khan,0,0,,,,,,caught,W Prestwidge
ball,2,12.4,Brisbane Heat,XC Bartlett,MP Kuhnemann,Rashid Khan,1,0,,,,,,"",""
ball,2,12.5,Brisbane Heat,MP Kuhnemann,XC Bartlett,Rashid Khan,0,0,,,,,,"",""
ball,2,12.6,Brisbane Heat,MP Kuhnemann,XC Bartlett,Rashid Khan,0,0,,,,,,"",""
ball,2,13.1,Brisbane Heat,XC Bartlett,MP Kuhnemann,PM Siddle,4,0,,,,,,"",""
ball,2,13.2,Brisbane Heat,XC Bartlett,MP Kuhnemann,PM Siddle,4,0,,,,,,"",""
ball,2,13.3,Brisbane Heat,XC Bartlett,MP Kuhnemann,PM Siddle,0,0,,,,,,"",""
ball,2,13.4,Brisbane Heat,XC Bartlett,MP Kuhnemann,PM Siddle,0,1,1,,,,,"",""
ball,2,13.5,Brisbane Heat,XC Bartlett,MP Kuhnemann,PM Siddle,4,0,,,,,,"",""
ball,2,13.6,Brisbane Heat,XC Bartlett,MP Kuhnemann,PM Siddle,0,1,,,,1,,"",""
ball,2,13.7,Brisbane Heat,MP Kuhnemann,XC Bartlett,PM Siddle,1,0,,,,,,"",""
ball,2,14.1,Brisbane Heat,MP Kuhnemann,XC Bartlett,Rashid Khan,0,0,,,,,,"",""
ball,2,14.2,Brisbane Heat,MP Kuhnemann,XC Bartlett,Rashid Khan,0,0,,,,,,bowled,MP Kuhnemann
ball,2,14.3,Brisbane Heat,Mujeeb Ur Rahman,XC Bartlett,Rashid Khan,0,0,,,,,,caught,Mujeeb Ur Rahman
ball,2,14.4,Brisbane Heat,XC Bartlett,L Guthrie,Rashid Khan,1,0,,,,,,"",""
ball,2,14.5,Brisbane Heat,L Guthrie,XC Bartlett,Rashid Khan,0,0,,,,,,"",""
ball,2,14.6,Brisbane Heat,L Guthrie,XC Bartlett,Rashid Khan,0,0,,,,,,caught,L Guthrie
