version,1.7.0
info,balls_per_over,6
info,team,Sydney Sixers
info,team,Melbourne Stars
info,gender,male
info,season,2021/22
info,date,2021/12/05
info,event,Big Bash League
info,match_number,1
info,venue,Sydney Cricket Ground
info,city,Sydney
info,toss_winner,Melbourne Stars
info,toss_decision,field
info,player_of_match,JR Philippe
info,umpire,MW Graham-Smith
info,umpire,PJ Gillespie
info,reserve_umpire,Roberto Howard
info,tv_umpire,GA Abood
info,match_referee,Dave Gilbert
info,winner,Sydney Sixers
info,winner_runs,152
info,player,Sydney Sixers,JR Philippe
info,player,Sydney Sixers,JM Vince
info,player,Sydney Sixers,MC Henriques
info,player,Sydney Sixers,DT Christian
info,player,Sydney Sixers,TK Curran
info,player,Sydney Sixers,JC Silk
info,player,Sydney Sixers,DP Hughes
info,player,Sydney Sixers,SA Abbott
info,player,Sydney Sixers,H Kerr
info,player,Sydney Sixers,CJ Jordan
info,player,Sydney Sixers,SNJ O'Keefe
info,player,Melbourne Stars,JM Clarke
info,player,Melbourne Stars,PM Nevill
info,player,Melbourne Stars,NCR Larkin
info,player,Melbourne Stars,GJ Maxwell
info,player,Melbourne Stars,HWR Cartwright
info,player,Melbourne Stars,BJ Webster
info,player,Melbourne Stars,SM Elliott
info,player,Melbourne Stars,SL Rainbird
info,player,Melbourne Stars,A Zampa
info,player,Melbourne Stars,BL Couch
info,player,Melbourne Stars,Syed Faridoun
info,registry,people,A Zampa,14f96089
info,registry,people,BJ Webster,56b93d46
info,registry,people,BL Couch,be69e09d
info,registry,people,CJ Jordan,ffe699c0
info,registry,people,DP Hughes,f3982af9
info,registry,people,DT Christian,2a2e6343
info,registry,people,Dave Gilbert,aa782370
info,registry,people,GA Abood,a4af5528
info,registry,people,GJ Maxwell,b681e71e
info,registry,people,H Kerr,f422728b
info,registry,people,HWR Cartwright,ab965cad
info,registry,people,JC Silk,7a6dc294
info,registry,people,JM Clarke,2eca67f5
info,registry,people,JM Vince,a15618fe
info,registry,people,JR Philippe,39086549
info,registry,people,MC Henriques,32198ae0
info,registry,people,MW Graham-Smith,18aca3ce
info,registry,people,NCR Larkin,02bce9a8
info,registry,people,PJ Gillespie,3e253a50
info,registry,people,PM Nevill,a22fb7b5
info,registry,people,Roberto Howard,eec90c4b
info,registry,people,SA Abbott,1a2676c5
info,registry,people,SL Rainbird,e7dd5eca
info,registry,people,SM Elliott,00cda8e4
info,registry,people,SNJ O'Keefe,3540beff
info,registry,people,Syed Faridoun,43d9353a
info,registry,people,TK Curran,e86754b2
ball,1,0.1,Sydney Sixers,JR Philippe,JM Vince,SM Elliott,0,0,,,,,,"",""
ball,1,0.2,Sydney Sixers,JR Philippe,JM Vince,SM Elliott,1,0,,,,,,"",""
ball,1,0.3,Sydney Sixers,JM Vince,JR Philippe,SM Elliott,1,0,,,,,,"",""
ball,1,0.4,Sydney Sixers,JR Philippe,JM Vince,SM Elliott,1,0,,,,,,"",""
ball,1,0.5,Sydney Sixers,JM Vince,JR Philippe,SM Elliott,0,0,,,,,,"",""
ball,1,0.6,Sydney Sixers,JM Vince,JR Philippe,SM Elliott,1,0,,,,,,"",""
ball,1,1.1,Sydney Sixers,JM Vince,JR Philippe,SL Rainbird,0,0,,,,,,"",""
ball,1,1.2,Sydney Sixers,JM Vince,JR Philippe,SL Rainbird,1,0,,,,,,"",""
ball,1,1.3,Sydney Sixers,JR Philippe,JM Vince,SL Rainbird,1,0,,,,,,"",""
ball,1,1.4,Sydney Sixers,JM Vince,JR Philippe,SL Rainbird,2,0,,,,,,"",""
ball,1,1.5,Sydney Sixers,JM Vince,JR Philippe,SL Rainbird,1,0,,,,,,"",""
ball,1,1.6,Sydney Sixers,JR Philippe,JM Vince,SL Rainbird,0,0,,,,,,"",""
ball,1,2.1,Sydney Sixers,JM Vince,JR Philippe,SM Elliott,0,0,,,,,,"",""
ball,1,2.2,Sydney Sixers,JM Vince,JR Philippe,SM Elliott,1,0,,,,,,"",""
ball,1,2.3,Sydney Sixers,JR Philippe,JM Vince,SM Elliott,4,0,,,,,,"",""
ball,1,2.4,Sydney Sixers,JR Philippe,JM Vince,SM Elliott,3,0,,,,,,"",""
ball,1,2.5,Sydney Sixers,JM Vince,JR Philippe,SM Elliott,0,0,,,,,,"",""
ball,1,2.6,Sydney Sixers,JM Vince,JR Philippe,SM Elliott,4,0,,,,,,"",""
ball,1,3.1,Sydney Sixers,JR Philippe,JM Vince,SL Rainbird,4,0,,,,,,"",""
ball,1,3.2,Sydney Sixers,JR Philippe,JM Vince,SL Rainbird,1,0,,,,,,"",""
ball,1,3.3,Sydney Sixers,JM Vince,JR Philippe,SL Rainbird,4,0,,,,,,"",""
ball,1,3.4,Sydney Sixers,JM Vince,JR Philippe,SL Rainbird,2,0,,,,,,"",""
ball,1,3.5,Sydney Sixers,JM Vince,JR Philippe,SL Rainbird,4,0,,,,,,"",""
ball,1,3.6,Sydney Sixers,JM Vince,JR Philippe,SL Rainbird,4,0,,,,,,"",""
ball,1,4.1,Sydney Sixers,JR Philippe,JM Vince,Syed Faridoun,4,0,,,,,,"",""
ball,1,4.2,Sydney Sixers,JR Philippe,JM Vince,Syed Faridoun,0,0,,,,,,"",""
ball,1,4.3,Sydney Sixers,JR Philippe,JM Vince,Syed Faridoun,0,0,,,,,,"",""
ball,1,4.4,Sydney Sixers,JR Philippe,JM Vince,Syed Faridoun,1,0,,,,,,"",""
ball,1,4.5,Sydney Sixers,JM Vince,JR Philippe,Syed Faridoun,0,0,,,,,,"",""
ball,1,4.6,Sydney Sixers,JM Vince,JR Philippe,Syed Faridoun,0,0,,,,,,"",""
ball,1,5.1,Sydney Sixers,JR Philippe,JM Vince,A Zampa,0,0,,,,,,"",""
ball,1,5.2,Sydney Sixers,JR Philippe,JM Vince,A Zampa,1,0,,,,,,"",""
ball,1,5.3,Sydney Sixers,JM Vince,JR Philippe,A Zampa,0,0,,,,,,"",""
ball,1,5.4,Sydney Sixers,JM Vince,JR Philippe,A Zampa,3,0,,,,,,"",""
ball,1,5.5,Sydney Sixers,JR Philippe,JM Vince,A Zampa,1,0,,,,,,"",""
ball,1,5.6,Sydney Sixers,JM Vince,JR Philippe,A Zampa,4,0,,,,,,"",""
ball,1,6.1,Sydney Sixers,JR Philippe,JM Vince,Syed Faridoun,4,0,,,,,,"",""
ball,1,6.2,Sydney Sixers,JR Philippe,JM Vince,Syed Faridoun,2,0,,,,,,"",""
ball,1,6.3,Sydney Sixers,JR Philippe,JM Vince,Syed Faridoun,1,0,,,,,,"",""
ball,1,6.4,Sydney Sixers,JM Vince,JR Philippe,Syed Faridoun,2,0,,,,,,"",""
ball,1,6.5,Sydney Sixers,JM Vince,JR Philippe,Syed Faridoun,1,0,,,,,,"",""
ball,1,6.6,Sydney Sixers,JR Philippe,JM Vince,Syed Faridoun,1,0,,,,,,"",""
ball,1,7.1,Sydney Sixers,JR Philippe,JM Vince,A Zampa,1,0,,,,,,"",""
ball,1,7.2,Sydney Sixers,JM Vince,JR Philippe,A Zampa,1,0,,,,,,"",""
ball,1,7.3,Sydney Sixers,JR Philippe,JM Vince,A Zampa,0,0,,,,,,"",""
ball,1,7.4,Sydney Sixers,JR Philippe,JM Vince,A Zampa,1,0,,,,,,"",""
ball,1,7.5,Sydney Sixers,JM Vince,JR Philippe,A Zampa,1,0,,,,,,"",""
ball,1,7.6,Sydney Sixers,JR Philippe,JM Vince,A Zampa,0,0,,,,,,"",""
ball,1,8.1,Sydney Sixers,JM Vince,JR Philippe,BL Couch,1,0,,,,,,"",""
ball,1,8.2,Sydney Sixers,JR Philippe,JM Vince,BL Couch,1,0,,,,,,"",""
ball,1,8.3,Sydney Sixers,JM Vince,JR Philippe,BL Couch,1,0,,,,,,"",""
ball,1,8.4,Sydney Sixers,JR Philippe,JM Vince,BL Couch,2,0,,,,,,"",""
ball,1,8.5,Sydney Sixers,JR Philippe,JM Vince,BL Couch,4,0,,,,,,"",""
ball,1,8.6,Sydney Sixers,JR Philippe,JM Vince,BL Couch,6,0,,,,,,"",""
ball,1,9.1,Sydney Sixers,JM Vince,JR Philippe,GJ Maxwell,1,0,,,,,,"",""
ball,1,9.2,Sydney Sixers,JR Philippe,JM Vince,GJ Maxwell,1,0,,,,,,"",""
ball,1,9.3,Sydney Sixers,JM Vince,JR Philippe,GJ Maxwell,4,0,,,,,,"",""
ball,1,9.4,Sydney Sixers,JM Vince,JR Philippe,GJ Maxwell,0,0,,,,,,caught,JM Vince
ball,1,9.5,Sydney Sixers,MC Henriques,JR Philippe,GJ Maxwell,1,0,,,,,,"",""
ball,1,9.6,Sydney Sixers,JR Philippe,MC Henriques,GJ Maxwell,1,0,,,,,,"",""
ball,1,10.1,Sydney Sixers,JR Philippe,MC Henriques,Syed Faridoun,1,0,,,,,,"",""
ball,1,10.2,Sydney Sixers,MC Henriques,JR Philippe,Syed Faridoun,0,0,,,,,,"",""
ball,1,10.3,Sydney Sixers,MC Henriques,JR Philippe,Syed Faridoun,2,0,,,,,,"",""
ball,1,10.4,Sydney Sixers,MC Henriques,JR Philippe,Syed Faridoun,0,1,1,,,,,"",""
ball,1,10.5,Sydney Sixers,MC Henriques,JR Philippe,Syed Faridoun,6,0,,,,,,"",""
ball,1,10.6,Sydney Sixers,MC Henriques,JR Philippe,Syed Faridoun,1,0,,,,,,"",""
ball,1,10.7,Sydney Sixers,JR Philippe,MC Henriques,Syed Faridoun,1,0,,,,,,"",""
ball,1,11.1,Sydney Sixers,JR Philippe,MC Henriques,GJ Maxwell,1,0,,,,,,"",""
ball,1,11.2,Sydney Sixers,MC Henriques,JR Philippe,GJ Maxwell,1,0,,,,,,"",""
ball,1,11.3,Sydney Sixers,JR Philippe,MC Henriques,GJ Maxwell,1,0,,,,,,"",""
ball,1,11.4,Sydney Sixers,MC Henriques,JR Philippe,GJ Maxwell,1,0,,,,,,"",""
ball,1,11.5,Sydney Sixers,JR Philippe,MC Henriques,GJ Maxwell,1,0,,,,,,"",""
ball,1,11.6,Sydney Sixers,MC Henriques,JR Philippe,GJ Maxwell,4,0,,,,,,"",""
ball,1,12.1,Sydney Sixers,JR Philippe,MC Henriques,A Zampa,1,0,,,,,,"",""
ball,1,12.2,Sydney Sixers,MC Henriques,JR Philippe,A Zampa,4,0,,,,,,"",""
ball,1,12.3,Sydney Sixers,MC Henriques,JR Philippe,A Zampa,2,0,,,,,,"",""
ball,1,12.4,Sydney Sixers,MC Henriques,JR Philippe,A Zampa,0,0,,,,,,"",""
ball,1,12.5,Sydney Sixers,MC Henriques,JR Philippe,A Zampa,1,0,,,,,,"",""
ball,1,12.6,Sydney Sixers,JR Philippe,MC Henriques,A Zampa,2,0,,,,,,"",""
ball,1,13.1,Sydney Sixers,MC Henriques,JR Philippe,SL Rainbird,2,0,,,,,,"",""
ball,1,13.2,Sydney Sixers,MC Henriques,JR Philippe,SL Rainbird,1,0,,,,,,"",""
ball,1,13.3,Sydney Sixers,JR Philippe,MC Henriques,SL Rainbird,4,0,,,,,,"",""
ball,1,13.4,Sydney Sixers,JR Philippe,MC Henriques,SL Rainbird,6,0,,,,,,"",""
ball,1,13.5,Sydney Sixers,JR Philippe,MC Henriques,SL Rainbird,2,0,,,,,,"",""
ball,1,13.6,Sydney Sixers,JR Philippe,MC Henriques,SL Rainbird,0,1,1,,,,,"",""
ball,1,13.7,Sydney Sixers,JR Philippe,MC Henriques,SL Rainbird,6,0,,,,,,"",""
ball,1,14.1,Sydney Sixers,MC Henriques,JR Philippe,A Zampa,1,0,,,,,,"",""
ball,1,14.2,Sydney Sixers,JR Philippe,MC Henriques,A Zampa,1,0,,,,,,"",""
ball,1,14.3,Sydney Sixers,MC Henriques,JR Philippe,A Zampa,4,0,,,,,,"",""
ball,1,14.4,Sydney Sixers,MC Henriques,JR Philippe,A Zampa,0,0,,,,,,"",""
ball,1,14.5,Sydney Sixers,MC Henriques,JR Philippe,A Zampa,1,0,,,,,,"",""
ball,1,14.6,Sydney Sixers,JR Philippe,MC Henriques,A Zampa,4,0,,,,,,"",""
ball,1,15.1,Sydney Sixers,MC Henriques,JR Philippe,BL Couch,1,0,,,,,,"",""
ball,1,15.2,Sydney Sixers,JR Philippe,MC Henriques,BL Couch,4,0,,,,,,"",""
ball,1,15.3,Sydney Sixers,JR Philippe,MC Henriques,BL Couch,1,0,,,,,,"",""
ball,1,15.4,Sydney Sixers,MC Henriques,JR Philippe,BL Couch,2,0,,,,,,"",""
ball,1,15.5,Sydney Sixers,MC Henriques,JR Philippe,BL Couch,4,0,,,,,,"",""
ball,1,15.6,Sydney Sixers,MC Henriques,JR Philippe,BL Couch,1,0,,,,,,"",""
ball,1,16.1,Sydney Sixers,MC Henriques,JR Philippe,Syed Faridoun,4,0,,,,,,"",""
ball,1,16.2,Sydney Sixers,MC Henriques,JR Philippe,Syed Faridoun,0,0,,,,,,"",""
ball,1,16.3,Sydney Sixers,MC Henriques,JR Philippe,Syed Faridoun,0,0,,,,,,"",""
ball,1,16.4,Sydney Sixers,MC Henriques,JR Philippe,Syed Faridoun,4,0,,,,,,"",""
ball,1,16.5,Sydney Sixers,MC Henriques,JR Philippe,Syed Faridoun,0,0,,,,,,"",""
ball,1,16.6,Sydney Sixers,MC Henriques,JR Philippe,Syed Faridoun,1,0,,,,,,"",""
ball,1,17.1,Sydney Sixers,MC Henriques,JR Philippe,SM Elliott,6,0,,,,,,"",""
ball,1,17.2,Sydney Sixers,MC Henriques,JR Philippe,SM Elliott,1,0,,,,,,"",""
ball,1,17.3,Sydney Sixers,JR Philippe,MC Henriques,SM Elliott,0,1,,,,1,,"",""
ball,1,17.4,Sydney Sixers,MC Henriques,JR Philippe,SM Elliott,4,0,,,,,,"",""
ball,1,17.5,Sydney Sixers,MC Henriques,JR Philippe,SM Elliott,2,0,,,,,,"",""
ball,1,17.6,Sydney Sixers,MC Henriques,JR Philippe,SM Elliott,0,0,,,,,,"",""
ball,1,18.1,Sydney Sixers,JR Philippe,MC Henriques,SL Rainbird,0,0,,,,,,caught,JR Philippe
ball,1,18.2,Sydney Sixers,MC Henriques,DT Christian,SL Rainbird,1,0,,,,,,"",""
ball,1,18.3,Sydney Sixers,DT Christian,MC Henriques,SL Rainbird,4,0,,,,,,"",""
ball,1,18.4,Sydney Sixers,DT Christian,MC Henriques,SL Rainbird,0,1,1,,,,,"",""
ball,1,18.5,Sydney Sixers,DT Christian,MC Henriques,SL Rainbird,0,0,,,,,,"",""
ball,1,18.6,Sydney Sixers,DT Christian,MC Henriques,SL Rainbird,1,0,,,,,,"",""
ball,1,18.7,Sydney Sixers,MC Henriques,DT Christian,SL Rainbird,6,0,,,,,,"",""
ball,1,19.1,Sydney Sixers,DT Christian,MC Henriques,BL Couch,0,0,,,,,,"",""
ball,1,19.2,Sydney Sixers,DT Christian,MC Henriques,BL Couch,0,1,1,,,,,"",""
ball,1,19.3,Sydney Sixers,DT Christian,MC Henriques,BL Couch,0,0,,,,,,caught,DT Christian
ball,1,19.4,Sydney Sixers,MC Henriques,TK Curran,BL Couch,1,0,,,,,,"",""
ball,1,19.5,Sydney Sixers,TK Curran,MC Henriques,BL Couch,0,0,,,,,,caught,TK Curran
ball,1,19.6,Sydney Sixers,MC Henriques,JC Silk,BL Couch,2,0,,,,,,"",""
ball,1,19.7,Sydney Sixers,MC Henriques,JC Silk,BL Couch,4,0,,,,,,"",""
ball,2,0.1,Melbourne Stars,JM Clarke,PM Nevill,SNJ O'Keefe,1,0,,,,,,"",""
ball,2,0.2,Melbourne Stars,PM Nevill,JM Clarke,SNJ O'Keefe,1,0,,,,,,"",""
ball,2,0.3,Melbourne Stars,JM Clarke,PM Nevill,SNJ O'Keefe,0,0,,,,,,caught,JM Clarke
ball,2,0.4,Melbourne Stars,NCR Larkin,PM Nevill,SNJ O'Keefe,0,2,,,2,,,"",""
ball,2,0.5,Melbourne Stars,NCR Larkin,PM Nevill,SNJ O'Keefe,0,0,,,,,,lbw,NCR Larkin
ball,2,0.6,Melbourne Stars,GJ Maxwell,PM Nevill,SNJ O'Keefe,0,0,,,,,,"",""
ball,2,1.1,Melbourne Stars,PM Nevill,GJ Maxwell,SA Abbott,1,0,,,,,,"",""
ball,2,1.2,Melbourne Stars,GJ Maxwell,PM Nevill,SA Abbott,0,0,,,,,,"",""
ball,2,1.3,Melbourne Stars,GJ Maxwell,PM Nevill,SA Abbott,0,0,,,,,,"",""
ball,2,1.4,Melbourne Stars,GJ Maxwell,PM Nevill,SA Abbott,2,0,,,,,,"",""
ball,2,1.5,Melbourne Stars,GJ Maxwell,PM Nevill,SA Abbott,1,0,,,,,,"",""
ball,2,1.6,Melbourne Stars,PM Nevill,GJ Maxwell,SA Abbott,0,0,,,,,,"",""
ball,2,2.1,Melbourne Stars,GJ Maxwell,PM Nevill,CJ Jordan,0,0,,,,,,"",""
ball,2,2.2,Melbourne Stars,GJ Maxwell,PM Nevill,CJ Jordan,1,0,,,,,,"",""
ball,2,2.3,Melbourne Stars,PM Nevill,GJ Maxwell,CJ Jordan,0,0,,,,,,"",""
ball,2,2.4,Melbourne Stars,PM Nevill,GJ Maxwell,CJ Jordan,0,0,,,,,,"",""
ball,2,2.5,Melbourne Stars,PM Nevill,GJ Maxwell,CJ Jordan,3,0,,,,,,"",""
ball,2,2.6,Melbourne Stars,GJ Maxwell,PM Nevill,CJ Jordan,0,5,5,,,,,"",""
ball,2,2.7,Melbourne Stars,GJ Maxwell,PM Nevill,CJ Jordan,0,1,,,,1,,"",""
ball,2,3.1,Melbourne Stars,GJ Maxwell,PM Nevill,SA Abbott,0,0,,,,,,bowled,GJ Maxwell
ball,2,3.2,Melbourne Stars,HWR Cartwright,PM Nevill,SA Abbott,0,0,,,,,,"",""
ball,2,3.3,Melbourne Stars,HWR Cartwright,PM Nevill,SA Abbott,0,0,,,,,,"",""
ball,2,3.4,Melbourne Stars,HWR Cartwright,PM Nevill,SA Abbott,6,0,,,,,,"",""
ball,2,3.5,Melbourne Stars,HWR Cartwright,PM Nevill,SA Abbott,2,0,,,,,,"",""
ball,2,3.6,Melbourne Stars,HWR Cartwright,PM Nevill,SA Abbott,0,0,,,,,,"",""
ball,2,4.1,Melbourne Stars,PM Nevill,HWR Cartwright,TK Curran,0,0,,,,,,"",""
ball,2,4.2,Melbourne Stars,PM Nevill,HWR Cartwright,TK Curran,2,0,,,,,,"",""
ball,2,4.3,Melbourne Stars,PM Nevill,HWR Cartwright,TK Curran,1,0,,,,,,"",""
ball,2,4.4,Melbourne Stars,HWR Cartwright,PM Nevill,TK Curran,1,0,,,,,,"",""
ball,2,4.5,Melbourne Stars,PM Nevill,HWR Cartwright,TK Curran,4,0,,,,,,"",""
ball,2,4.6,Melbourne Stars,PM Nevill,HWR Cartwright,TK Curran,1,0,,,,,,"",""
ball,2,5.1,Melbourne Stars,PM Nevill,HWR Cartwright,H Kerr,4,0,,,,,,"",""
ball,2,5.2,Melbourne Stars,PM Nevill,HWR Cartwright,H Kerr,1,0,,,,,,"",""
ball,2,5.3,Melbourne Stars,HWR Cartwright,PM Nevill,H Kerr,0,0,,,,,,"",""
ball,2,5.4,Melbourne Stars,HWR Cartwright,PM Nevill,H Kerr,1,0,,,,,,"",""
ball,2,5.5,Melbourne Stars,PM Nevill,HWR Cartwright,H Kerr,0,0,,,,,,caught,PM Nevill
ball,2,5.6,Melbourne Stars,HWR Cartwright,BJ Webster,H Kerr,0,0,,,,,,caught,HWR Cartwright
ball,2,6.1,Melbourne Stars,BJ Webster,SM Elliott,SNJ O'Keefe,0,0,,,,,,"",""
ball,2,6.2,Melbourne Stars,BJ Webster,SM Elliott,SNJ O'Keefe,0,1,1,,,,,"",""
ball,2,6.3,Melbourne Stars,BJ Webster,SM Elliott,SNJ O'Keefe,1,0,,,,,,"",""
ball,2,6.4,Melbourne Stars,SM Elliott,BJ Webster,SNJ O'Keefe,0,0,,,,,,"",""
ball,2,6.5,Melbourne Stars,SM Elliott,BJ Webster,SNJ O'Keefe,0,0,,,,,,"",""
ball,2,6.6,Melbourne Stars,SM Elliott,BJ Webster,SNJ O'Keefe,1,0,,,,,,"",""
ball,2,6.7,Melbourne Stars,BJ Webster,SM Elliott,SNJ O'Keefe,1,0,,,,,,"",""
ball,2,7.1,Melbourne Stars,BJ Webster,SM Elliott,SA Abbott,0,0,,,,,,caught,BJ Webster
ball,2,7.2,Melbourne Stars,SL Rainbird,SM Elliott,SA Abbott,0,0,,,,,,"",""
ball,2,7.3,Melbourne Stars,SL Rainbird,SM Elliott,SA Abbott,0,0,,,,,,caught,SL Rainbird
ball,2,7.4,Melbourne Stars,A Zampa,SM Elliott,SA Abbott,1,0,,,,,,"",""
ball,2,7.5,Melbourne Stars,SM Elliott,A Zampa,SA Abbott,1,0,,,,,,"",""
ball,2,7.6,Melbourne Stars,A Zampa,SM Elliott,SA Abbott,0,0,,,,,,"",""
ball,2,8.1,Melbourne Stars,SM Elliott,A Zampa,SNJ O'Keefe,0,0,,,,,,"",""
ball,2,8.2,Melbourne Stars,SM Elliott,A Zampa,SNJ O'Keefe,0,0,,,,,,"",""
ball,2,8.3,Melbourne Stars,SM Elliott,A Zampa,SNJ O'Keefe,0,0,,,,,,caught,SM Elliott
ball,2,8.4,Melbourne Stars,A Zampa,BL Couch,SNJ O'Keefe,0,0,,,,,,stumped,A Zampa
ball,2,8.5,Melbourne Stars,Syed Faridoun,BL Couch,SNJ O'Keefe,1,0,,,,,,"",""
ball,2,8.6,Melbourne Stars,BL Couch,Syed Faridoun,SNJ O'Keefe,1,0,,,,,,"",""
ball,2,9.1,Melbourne Stars,BL Couch,Syed Faridoun,CJ Jordan,4,0,,,,,,"",""
ball,2,9.2,Melbourne Stars,BL Couch,Syed Faridoun,CJ Jordan,0,0,,,,,,"",""
ball,2,9.3,Melbourne Stars,BL Couch,Syed Faridoun,CJ Jordan,0,0,,,,,,"",""
ball,2,9.4,Melbourne Stars,BL Couch,Syed Faridoun,CJ Jordan,2,0,,,,,,"",""
ball,2,9.5,Melbourne Stars,BL Couch,Syed Faridoun,CJ Jordan,0,0,,,,,,"",""
ball,2,9.6,Melbourne Stars,BL Couch,Syed Faridoun,CJ Jordan,0,0,,,,,,"",""
ball,2,10.1,Melbourne Stars,Syed Faridoun,BL Couch,SNJ O'Keefe,4,0,,,,,,"",""
ball,2,10.2,Melbourne Stars,Syed Faridoun,BL Couch,SNJ O'Keefe,0,0,,,,,,"",""
ball,2,10.3,Melbourne Stars,Syed Faridoun,BL Couch,SNJ O'Keefe,0,0,,,,,,"",""
ball,2,10.4,Melbourne Stars,Syed Faridoun,BL Couch,SNJ O'Keefe,1,0,,,,,,"",""
ball,2,10.5,Melbourne Stars,BL Couch,Syed Faridoun,SNJ O'Keefe,0,0,,,,,,"",""
ball,2,10.6,Melbourne Stars,BL Couch,Syed Faridoun,SNJ O'Keefe,1,0,,,,,,"",""
ball,2,11.1,Melbourne Stars,BL Couch,Syed Faridoun,TK Curran,0,0,,,,,,caught,BL Couch
