version,1.7.0
info,balls_per_over,6
info,team,Adelaide Strikers
info,team,Sydney Sixers
info,gender,male
info,season,2021/22
info,date,2022/01/26
info,event,Big Bash League
info,venue,Sydney Cricket Ground
info,city,Sydney
info,toss_winner,Sydney Sixers
info,toss_decision,field
info,player_of_match,H Kerr
info,umpire,DM Koch
info,umpire,SJ Nogajski
info,reserve_umpire,SAJ Craig
info,tv_umpire,GA Abood
info,match_referee,RW Stratford
info,winner,Sydney Sixers
info,winner_wickets,4
info,player,Adelaide Strikers,AT Carey
info,player,Adelaide Strikers,MW Short
info,player,Adelaide Strikers,IA Cockbain
info,player,Adelaide Strikers,TM Head
info,player,Adelaide Strikers,JW Wells
info,player,Adelaide Strikers,MT Renshaw
info,player,Adelaide Strikers,T Kelly
info,player,Adelaide Strikers,HTRY Thornton
info,player,Adelaide Strikers,HNA Conway
info,player,Adelaide Strikers,PM Siddle
info,player,Adelaide Strikers,Fawad Ahmed
info,player,Sydney Sixers,H Kerr
info,player,Sydney Sixers,J Avendano
info,player,Sydney Sixers,JM Carder
info,player,Sydney Sixers,MC Henriques
info,player,Sydney Sixers,DT Christian
info,player,Sydney Sixers,SA Abbott
info,player,Sydney Sixers,BJ Dwarshuis
info,player,Sydney Sixers,JC Silk
info,player,Sydney Sixers,JS Lenton
info,player,Sydney Sixers,NM Lyon
info,player,Sydney Sixers,SNJ O'Keefe
info,registry,people,AT Carey,69d03465
info,registry,people,BJ Dwarshuis,e1b9f3a9
info,registry,people,DM Koch,6d10c034
info,registry,people,DT Christian,2a2e6343
info,registry,people,Fawad Ahmed,22ae3041
info,registry,people,GA Abood,a4af5528
info,registry,people,H Kerr,f422728b
info,registry,people,HNA Conway,272fc5ad
info,registry,people,HTRY Thornton,055be93a
info,registry,people,IA Cockbain,542fd5a6
info,registry,people,J Avendano,0af4a90b
info,registry,people,JC Silk,7a6dc294
info,registry,people,JM Carder,782b4a8e
info,registry,people,JS Lenton,8820c9ef
info,registry,people,JW Wells,8bdac857
info,registry,people,MC Henriques,32198ae0
info,registry,people,MT Renshaw,218d4d78
info,registry,people,MW Short,a90e53ec
info,registry,people,NM Lyon,96a6a7ad
info,registry,people,PM Siddle,bd93fea4
info,registry,people,RW Stratford,85489579
info,registry,people,SA Abbott,1a2676c5
info,registry,people,SAJ Craig,689f2eed
info,registry,people,SJ Nogajski,9b3f9323
info,registry,people,SNJ O'Keefe,3540beff
info,registry,people,T Kelly,6ceb94d0
info,registry,people,TM Head,12b610c2
ball,1,0.1,Adelaide Strikers,AT Carey,MW Short,SNJ O'Keefe,1,0,,,,,,"",""
ball,1,0.2,Adelaide Strikers,MW Short,AT Carey,SNJ O'Keefe,1,0,,,,,,"",""
ball,1,0.3,Adelaide Strikers,AT Carey,MW Short,SNJ O'Keefe,0,3,3,,,,,"",""
ball,1,0.4,Adelaide Strikers,AT Carey,MW Short,SNJ O'Keefe,0,0,,,,,,caught,AT Carey
ball,1,0.5,Adelaide Strikers,IA Cockbain,MW Short,SNJ O'Keefe,0,0,,,,,,"",""
ball,1,0.6,Adelaide Strikers,IA Cockbain,MW Short,SNJ O'Keefe,1,0,,,,,,"",""
ball,1,0.7,Adelaide Strikers,MW Short,IA Cockbain,SNJ O'Keefe,0,0,,,,,,"",""
ball,1,1.1,Adelaide Strikers,IA Cockbain,MW Short,SA Abbott,1,0,,,,,,"",""
ball,1,1.2,Adelaide Strikers,MW Short,IA Cockbain,SA Abbott,1,0,,,,,,"",""
ball,1,1.3,Adelaide Strikers,IA Cockbain,MW Short,SA Abbott,0,0,,,,,,"",""
ball,1,1.4,Adelaide Strikers,IA Cockbain,MW Short,SA Abbott,1,0,,,,,,"",""
ball,1,1.5,Adelaide Strikers,MW Short,IA Cockbain,SA Abbott,4,0,,,,,,"",""
ball,1,1.6,Adelaide Strikers,MW Short,IA Cockbain,SA Abbott,0,0,,,,,,caught,MW Short
ball,1,2.1,Adelaide Strikers,IA Cockbain,TM Head,H Kerr,0,0,,,,,,"",""
ball,1,2.2,Adelaide Strikers,IA Cockbain,TM Head,H Kerr,4,0,,,,,,"",""
ball,1,2.3,Adelaide Strikers,IA Cockbain,TM Head,H Kerr,0,0,,,,,,"",""
ball,1,2.4,Adelaide Strikers,IA Cockbain,TM Head,H Kerr,0,0,,,,,,"",""
ball,1,2.5,Adelaide Strikers,IA Cockbain,TM Head,H Kerr,1,0,,,,,,"",""
ball,1,2.6,Adelaide Strikers,TM Head,IA Cockbain,H Kerr,1,0,,,,,,"",""
ball,1,3.1,Adelaide Strikers,TM Head,IA Cockbain,SA Abbott,0,0,,,,,,"",""
ball,1,3.2,Adelaide Strikers,TM Head,IA Cockbain,SA Abbott,0,0,,,,,,"",""
ball,1,3.3,Adelaide Strikers,TM Head,IA Cockbain,SA Abbott,2,0,,,,,,"",""
ball,1,3.4,Adelaide Strikers,TM Head,IA Cockbain,SA Abbott,0,0,,,,,,bowled,TM Head
ball,1,3.5,Adelaide Strikers,JW Wells,IA Cockbain,SA Abbott,0,0,,,,,,"",""
ball,1,3.6,Adelaide Strikers,JW Wells,IA Cockbain,SA Abbott,0,0,,,,,,"",""
ball,1,4.1,Adelaide Strikers,IA Cockbain,JW Wells,SNJ O'Keefe,0,0,,,,,,"",""
ball,1,4.2,Adelaide Strikers,IA Cockbain,JW Wells,SNJ O'Keefe,1,0,,,,,,"",""
ball,1,4.3,Adelaide Strikers,JW Wells,IA Cockbain,SNJ O'Keefe,1,0,,,,,,"",""
ball,1,4.4,Adelaide Strikers,IA Cockbain,JW Wells,SNJ O'Keefe,1,0,,,,,,"",""
ball,1,4.5,Adelaide Strikers,JW Wells,IA Cockbain,SNJ O'Keefe,1,0,,,,,,"",""
ball,1,4.6,Adelaide Strikers,IA Cockbain,JW Wells,SNJ O'Keefe,1,0,,,,,,"",""
ball,1,5.1,Adelaide Strikers,IA Cockbain,JW Wells,NM Lyon,2,0,,,,,,"",""
ball,1,5.2,Adelaide Strikers,IA Cockbain,JW Wells,NM Lyon,1,0,,,,,,"",""
ball,1,5.3,Adelaide Strikers,JW Wells,IA Cockbain,NM Lyon,1,0,,,,,,"",""
ball,1,5.4,Adelaide Strikers,IA Cockbain,JW Wells,NM Lyon,1,0,,,,,,"",""
ball,1,5.5,Adelaide Strikers,JW Wells,IA Cockbain,NM Lyon,2,0,,,,,,"",""
ball,1,5.6,Adelaide Strikers,JW Wells,IA Cockbain,NM Lyon,1,0,,,,,,"",""
ball,1,6.1,Adelaide Strikers,JW Wells,IA Cockbain,BJ Dwarshuis,1,0,,,,,,"",""
ball,1,6.2,Adelaide Strikers,IA Cockbain,JW Wells,BJ Dwarshuis,0,0,,,,,,"",""
ball,1,6.3,Adelaide Strikers,IA Cockbain,JW Wells,BJ Dwarshuis,1,0,,,,,,"",""
ball,1,6.4,Adelaide Strikers,JW Wells,IA Cockbain,BJ Dwarshuis,4,0,,,,,,"",""
ball,1,6.5,Adelaide Strikers,JW Wells,IA Cockbain,BJ Dwarshuis,4,0,,,,,,"",""
ball,1,6.6,Adelaide Strikers,JW Wells,IA Cockbain,BJ Dwarshuis,0,1,,,,1,,"",""
ball,1,7.1,Adelaide Strikers,JW Wells,IA Cockbain,SNJ O'Keefe,1,0,,,,,,"",""
ball,1,7.2,Adelaide Strikers,IA Cockbain,JW Wells,SNJ O'Keefe,1,0,,,,,,"",""
ball,1,7.3,Adelaide Strikers,JW Wells,IA Cockbain,SNJ O'Keefe,1,0,,,,,,"",""
ball,1,7.4,Adelaide Strikers,IA Cockbain,JW Wells,SNJ O'Keefe,0,0,,,,,,"",""
ball,1,7.5,Adelaide Strikers,IA Cockbain,JW Wells,SNJ O'Keefe,1,0,,,,,,"",""
ball,1,7.6,Adelaide Strikers,JW Wells,IA Cockbain,SNJ O'Keefe,0,0,,,,,,"",""
ball,1,8.1,Adelaide Strikers,IA Cockbain,JW Wells,DT Christian,1,0,,,,,,"",""
ball,1,8.2,Adelaide Strikers,JW Wells,IA Cockbain,DT Christian,1,0,,,,,,"",""
ball,1,8.3,Adelaide Strikers,IA Cockbain,JW Wells,DT Christian,0,0,,,,,,"",""
ball,1,8.4,Adelaide Strikers,IA Cockbain,JW Wells,DT Christian,1,0,,,,,,"",""
ball,1,8.5,Adelaide Strikers,JW Wells,IA Cockbain,DT Christian,1,0,,,,,,"",""
ball,1,8.6,Adelaide Strikers,IA Cockbain,JW Wells,DT Christian,0,1,1,,,,,"",""
ball,1,8.7,Adelaide Strikers,IA Cockbain,JW Wells,DT Christian,1,0,,,,,,"",""
ball,1,9.1,Adelaide Strikers,IA Cockbain,JW Wells,BJ Dwarshuis,1,0,,,,,,"",""
ball,1,9.2,Adelaide Strikers,JW Wells,IA Cockbain,BJ Dwarshuis,1,0,,,,,,"",""
ball,1,9.3,Adelaide Strikers,IA Cockbain,JW Wells,BJ Dwarshuis,1,0,,,,,,"",""
ball,1,9.4,Adelaide Strikers,JW Wells,IA Cockbain,BJ Dwarshuis,2,0,,,,,,"",""
ball,1,9.5,Adelaide Strikers,JW Wells,IA Cockbain,BJ Dwarshuis,1,0,,,,,,"",""
ball,1,9.6,Adelaide Strikers,IA Cockbain,JW Wells,BJ Dwarshuis,0,1,,,,1,,"",""
ball,1,10.1,Adelaide Strikers,IA Cockbain,JW Wells,H Kerr,1,0,,,,,,"",""
ball,1,10.2,Adelaide Strikers,JW Wells,IA Cockbain,H Kerr,1,0,,,,,,"",""
ball,1,10.3,Adelaide Strikers,IA Cockbain,JW Wells,H Kerr,1,0,,,,,,"",""
ball,1,10.4,Adelaide Strikers,JW Wells,IA Cockbain,H Kerr,4,0,,,,,,"",""
ball,1,10.5,Adelaide Strikers,JW Wells,IA Cockbain,H Kerr,1,0,,,,,,"",""
ball,1,10.6,Adelaide Strikers,IA Cockbain,JW Wells,H Kerr,6,0,,,,,,"",""
ball,1,11.1,Adelaide Strikers,JW Wells,IA Cockbain,SNJ O'Keefe,1,0,,,,,,"",""
ball,1,11.2,Adelaide Strikers,IA Cockbain,JW Wells,SNJ O'Keefe,1,0,,,,,,"",""
ball,1,11.3,Adelaide Strikers,JW Wells,IA Cockbain,SNJ O'Keefe,0,0,,,,,,"",""
ball,1,11.4,Adelaide Strikers,JW Wells,IA Cockbain,SNJ O'Keefe,1,0,,,,,,"",""
ball,1,11.5,Adelaide Strikers,IA Cockbain,JW Wells,SNJ O'Keefe,2,0,,,,,,"",""
ball,1,11.6,Adelaide Strikers,IA Cockbain,JW Wells,SNJ O'Keefe,1,0,,,,,,"",""
ball,1,12.1,Adelaide Strikers,IA Cockbain,JW Wells,DT Christian,6,0,,,,,,"",""
ball,1,12.2,Adelaide Strikers,IA Cockbain,JW Wells,DT Christian,0,0,,,,,,"",""
ball,1,12.3,Adelaide Strikers,IA Cockbain,JW Wells,DT Christian,4,0,,,,,,"",""
ball,1,12.4,Adelaide Strikers,IA Cockbain,JW Wells,DT Christian,1,0,,,,,,"",""
ball,1,12.5,Adelaide Strikers,JW Wells,IA Cockbain,DT Christian,2,0,,,,,,"",""
ball,1,12.6,Adelaide Strikers,JW Wells,IA Cockbain,DT Christian,1,0,,,,,,"",""
ball,1,13.1,Adelaide Strikers,JW Wells,IA Cockbain,NM Lyon,1,0,,,,,,"",""
ball,1,13.2,Adelaide Strikers,IA Cockbain,JW Wells,NM Lyon,1,0,,,,,,"",""
ball,1,13.3,Adelaide Strikers,JW Wells,IA Cockbain,NM Lyon,1,0,,,,,,"",""
ball,1,13.4,Adelaide Strikers,IA Cockbain,JW Wells,NM Lyon,1,0,,,,,,"",""
ball,1,13.5,Adelaide Strikers,JW Wells,IA Cockbain,NM Lyon,2,0,,,,,,"",""
ball,1,13.6,Adelaide Strikers,JW Wells,IA Cockbain,NM Lyon,1,0,,,,,,"",""
ball,1,14.1,Adelaide Strikers,JW Wells,IA Cockbain,SA Abbott,1,0,,,,,,"",""
ball,1,14.2,Adelaide Strikers,IA Cockbain,JW Wells,SA Abbott,0,0,,,,,,bowled,IA Cockbain
ball,1,14.3,Adelaide Strikers,MT Renshaw,JW Wells,SA Abbott,1,0,,,,,,"",""
ball,1,14.4,Adelaide Strikers,JW Wells,MT Renshaw,SA Abbott,0,0,,,,,,"",""
ball,1,14.5,Adelaide Strikers,JW Wells,MT Renshaw,SA Abbott,1,0,,,,,,"",""
ball,1,14.6,Adelaide Strikers,MT Renshaw,JW Wells,SA Abbott,0,1,,,,1,,"",""
ball,1,15.1,Adelaide Strikers,MT Renshaw,JW Wells,H Kerr,1,0,,,,,,"",""
ball,1,15.2,Adelaide Strikers,JW Wells,MT Renshaw,H Kerr,1,0,,,,,,"",""
ball,1,15.3,Adelaide Strikers,MT Renshaw,JW Wells,H Kerr,0,0,,,,,,"",""
ball,1,15.4,Adelaide Strikers,MT Renshaw,JW Wells,H Kerr,4,0,,,,,,"",""
ball,1,15.5,Adelaide Strikers,MT Renshaw,JW Wells,H Kerr,2,0,,,,,,"",""
ball,1,15.6,Adelaide Strikers,MT Renshaw,JW Wells,H Kerr,4,0,,,,,,"",""
ball,1,16.1,Adelaide Strikers,JW Wells,MT Renshaw,BJ Dwarshuis,4,0,,,,,,"",""
ball,1,16.2,Adelaide Strikers,JW Wells,MT Renshaw,BJ Dwarshuis,0,1,1,,,,,"",""
ball,1,16.3,Adelaide Strikers,JW Wells,MT Renshaw,BJ Dwarshuis,0,1,1,,,,,"",""
ball,1,16.4,Adelaide Strikers,JW Wells,MT Renshaw,BJ Dwarshuis,2,0,,,,,,"",""
ball,1,16.5,Adelaide Strikers,JW Wells,MT Renshaw,BJ Dwarshuis,0,0,,,,,,"",""
ball,1,16.6,Adelaide Strikers,JW Wells,MT Renshaw,BJ Dwarshuis,0,0,,,,,,"",""
ball,1,16.7,Adelaide Strikers,JW Wells,MT Renshaw,BJ Dwarshuis,1,0,,,,,,"",""
ball,1,16.8,Adelaide Strikers,MT Renshaw,JW Wells,BJ Dwarshuis,1,0,,,,,,"",""
ball,1,17.1,Adelaide Strikers,MT Renshaw,JW Wells,NM Lyon,6,0,,,,,,"",""
ball,1,17.2,Adelaide Strikers,MT Renshaw,JW Wells,NM Lyon,0,0,,,,,,"",""
ball,1,17.3,Adelaide Strikers,MT Renshaw,JW Wells,NM Lyon,4,0,,,,,,"",""
ball,1,17.4,Adelaide Strikers,MT Renshaw,JW Wells,NM Lyon,0,0,,,,,,"",""
ball,1,17.5,Adelaide Strikers,MT Renshaw,JW Wells,NM Lyon,0,0,,,,,,"",""
ball,1,17.6,Adelaide Strikers,MT Renshaw,JW Wells,NM Lyon,0,0,,,,,,"",""
ball,1,18.1,Adelaide Strikers,JW Wells,MT Renshaw,SA Abbott,1,0,,,,,,"",""
ball,1,18.2,Adelaide Strikers,MT Renshaw,JW Wells,SA Abbott,1,0,,,,,,"",""
ball,1,18.3,Adelaide Strikers,JW Wells,MT Renshaw,SA Abbott,6,0,,,,,,"",""
ball,1,18.4,Adelaide Strikers,JW Wells,MT Renshaw,SA Abbott,0,1,,1,,,,"",""
ball,1,18.5,Adelaide Strikers,JW Wells,MT Renshaw,SA Abbott,2,0,,,,,,"",""
ball,1,18.6,Adelaide Strikers,JW Wells,MT Renshaw,SA Abbott,0,0,,,,,,"",""
ball,1,18.7,Adelaide Strikers,JW Wells,MT Renshaw,SA Abbott,4,0,,,,,,"",""
ball,1,19.1,Adelaide Strikers,MT Renshaw,JW Wells,BJ Dwarshuis,2,0,,,,,,"",""
ball,1,19.2,Adelaide Strikers,MT Renshaw,JW Wells,BJ Dwarshuis,6,0,,,,,,"",""
ball,1,19.3,Adelaide Strikers,MT Renshaw,JW Wells,BJ Dwarshuis,1,0,,,,,,"",""
ball,1,19.4,Adelaide Strikers,JW Wells,MT Renshaw,BJ Dwarshuis,0,1,,,1,,,"",""
ball,1,19.5,Adelaide Strikers,MT Renshaw,JW Wells,BJ Dwarshuis,2,0,,,,,,"",""
ball,1,19.6,Adelaide Strikers,MT Renshaw,JW Wells,BJ Dwarshuis,1,0,,,,,,"",""
ball,2,0.1,Sydney Sixers,H Kerr,J Avendano,MW Short,0,0,,,,,,"",""
ball,2,0.2,Sydney Sixers,H Kerr,J Avendano,MW Short,2,0,,,,,,"",""
ball,2,0.3,Sydney Sixers,H Kerr,J Avendano,MW Short,2,0,,,,,,"",""
ball,2,0.4,Sydney Sixers,H Kerr,J Avendano,MW Short,0,0,,,,,,"",""
ball,2,0.5,Sydney Sixers,H Kerr,J Avendano,MW Short,1,0,,,,,,"",""
ball,2,0.6,Sydney Sixers,J Avendano,H Kerr,MW Short,0,0,,,,,,"",""
ball,2,1.1,Sydney Sixers,H Kerr,J Avendano,HNA Conway,1,0,,,,,,"",""
ball,2,1.2,Sydney Sixers,J Avendano,H Kerr,HNA Conway,0,0,,,,,,"",""
ball,2,1.3,Sydney Sixers,J Avendano,H Kerr,HNA Conway,0,0,,,,,,"",""
ball,2,1.4,Sydney Sixers,J Avendano,H Kerr,HNA Conway,0,0,,,,,,"",""
ball,2,1.5,Sydney Sixers,J Avendano,H Kerr,HNA Conway,0,0,,,,,,"",""
ball,2,1.6,Sydney Sixers,J Avendano,H Kerr,HNA Conway,1,0,,,,,,"",""
ball,2,2.1,Sydney Sixers,J Avendano,H Kerr,HTRY Thornton,0,0,,,,,,"",""
ball,2,2.2,Sydney Sixers,J Avendano,H Kerr,HTRY Thornton,0,0,,,,,,caught,J Avendano
ball,2,2.3,Sydney Sixers,JM Carder,H Kerr,HTRY Thornton,0,0,,,,,,"",""
ball,2,2.4,Sydney Sixers,JM Carder,H Kerr,HTRY Thornton,1,0,,,,,,"",""
ball,2,2.5,Sydney Sixers,H Kerr,JM Carder,HTRY Thornton,4,0,,,,,,"",""
ball,2,2.6,Sydney Sixers,H Kerr,JM Carder,HTRY Thornton,1,0,,,,,,"",""
ball,2,3.1,Sydney Sixers,H Kerr,JM Carder,PM Siddle,4,0,,,,,,"",""
ball,2,3.2,Sydney Sixers,H Kerr,JM Carder,PM Siddle,1,0,,,,,,"",""
ball,2,3.3,Sydney Sixers,JM Carder,H Kerr,PM Siddle,0,0,,,,,,"",""
ball,2,3.4,Sydney Sixers,JM Carder,H Kerr,PM Siddle,1,0,,,,,,"",""
ball,2,3.5,Sydney Sixers,H Kerr,JM Carder,PM Siddle,2,0,,,,,,"",""
ball,2,3.6,Sydney Sixers,H Kerr,JM Carder,PM Siddle,2,0,,,,,,"",""
ball,2,4.1,Sydney Sixers,JM Carder,H Kerr,Fawad Ahmed,1,0,,,,,,"",""
ball,2,4.2,Sydney Sixers,H Kerr,JM Carder,Fawad Ahmed,1,0,,,,,,"",""
ball,2,4.3,Sydney Sixers,JM Carder,H Kerr,Fawad Ahmed,1,0,,,,,,"",""
ball,2,4.4,Sydney Sixers,H Kerr,JM Carder,Fawad Ahmed,4,0,,,,,,"",""
ball,2,4.5,Sydney Sixers,H Kerr,JM Carder,Fawad Ahmed,2,0,,,,,,"",""
ball,2,4.6,Sydney Sixers,H Kerr,JM Carder,Fawad Ahmed,0,0,,,,,,"",""
ball,2,5.1,Sydney Sixers,JM Carder,H Kerr,MW Short,0,0,,,,,,"",""
ball,2,5.2,Sydney Sixers,JM Carder,H Kerr,MW Short,0,1,1,,,,,"",""
ball,2,5.3,Sydney Sixers,JM Carder,H Kerr,MW Short,1,0,,,,,,"",""
ball,2,5.4,Sydney Sixers,H Kerr,JM Carder,MW Short,6,0,,,,,,"",""
ball,2,5.5,Sydney Sixers,H Kerr,JM Carder,MW Short,0,0,,,,,,"",""
ball,2,5.6,Sydney Sixers,H Kerr,JM Carder,MW Short,4,0,,,,,,"",""
ball,2,5.7,Sydney Sixers,H Kerr,JM Carder,MW Short,1,0,,,,,,"",""
ball,2,6.1,Sydney Sixers,H Kerr,JM Carder,Fawad Ahmed,1,0,,,,,,"",""
ball,2,6.2,Sydney Sixers,JM Carder,H Kerr,Fawad Ahmed,2,0,,,,,,"",""
ball,2,6.3,Sydney Sixers,JM Carder,H Kerr,Fawad Ahmed,0,0,,,,,,"",""
ball,2,6.4,Sydney Sixers,JM Carder,H Kerr,Fawad Ahmed,2,0,,,,,,"",""
ball,2,6.5,Sydney Sixers,JM Carder,H Kerr,Fawad Ahmed,1,0,,,,,,"",""
ball,2,6.6,Sydney Sixers,H Kerr,JM Carder,Fawad Ahmed,0,0,,,,,,"",""
ball,2,7.1,Sydney Sixers,JM Carder,H Kerr,HTRY Thornton,0,0,,,,,,caught,JM Carder
ball,2,7.2,Sydney Sixers,H Kerr,MC Henriques,HTRY Thornton,1,0,,,,,,"",""
ball,2,7.3,Sydney Sixers,MC Henriques,H Kerr,HTRY Thornton,1,0,,,,,,"",""
ball,2,7.4,Sydney Sixers,H Kerr,MC Henriques,HTRY Thornton,4,0,,,,,,"",""
ball,2,7.5,Sydney Sixers,H Kerr,MC Henriques,HTRY Thornton,1,0,,,,,,"",""
ball,2,7.6,Sydney Sixers,MC Henriques,H Kerr,HTRY Thornton,1,0,,,,,,"",""
ball,2,8.1,Sydney Sixers,MC Henriques,H Kerr,Fawad Ahmed,1,0,,,,,,"",""
ball,2,8.2,Sydney Sixers,H Kerr,MC Henriques,Fawad Ahmed,1,0,,,,,,"",""
ball,2,8.3,Sydney Sixers,MC Henriques,H Kerr,Fawad Ahmed,1,0,,,,,,"",""
ball,2,8.4,Sydney Sixers,H Kerr,MC Henriques,Fawad Ahmed,1,0,,,,,,"",""
ball,2,8.5,Sydney Sixers,MC Henriques,H Kerr,Fawad Ahmed,1,0,,,,,,"",""
ball,2,8.6,Sydney Sixers,H Kerr,MC Henriques,Fawad Ahmed,0,0,,,,,,"",""
ball,2,9.1,Sydney Sixers,MC Henriques,H Kerr,PM Siddle,0,0,,,,,,"",""
ball,2,9.2,Sydney Sixers,MC Henriques,H Kerr,PM Siddle,1,0,,,,,,"",""
ball,2,9.3,Sydney Sixers,H Kerr,MC Henriques,PM Siddle,0,1,,,,1,,"",""
ball,2,9.4,Sydney Sixers,MC Henriques,H Kerr,PM Siddle,1,0,,,,,,"",""
ball,2,9.5,Sydney Sixers,H Kerr,MC Henriques,PM Siddle,1,0,,,,,,"",""
ball,2,9.6,Sydney Sixers,MC Henriques,H Kerr,PM Siddle,1,0,,,,,,"",""
ball,2,10.1,Sydney Sixers,MC Henriques,H Kerr,MW Short,1,0,,,,,,"",""
ball,2,10.2,Sydney Sixers,H Kerr,MC Henriques,MW Short,0,0,,,,,,"",""
ball,2,10.3,Sydney Sixers,H Kerr,MC Henriques,MW Short,1,0,,,,,,"",""
ball,2,10.4,Sydney Sixers,MC Henriques,H Kerr,MW Short,1,0,,,,,,"",""
ball,2,10.5,Sydney Sixers,H Kerr,MC Henriques,MW Short,2,0,,,,,,"",""
ball,2,10.6,Sydney Sixers,H Kerr,MC Henriques,MW Short,0,0,,,,,,"",""
ball,2,11.1,Sydney Sixers,MC Henriques,H Kerr,HNA Conway,1,0,,,,,,"",""
ball,2,11.2,Sydney Sixers,H Kerr,MC Henriques,HNA Conway,4,0,,,,,,"",""
ball,2,11.3,Sydney Sixers,H Kerr,MC Henriques,HNA Conway,1,0,,,,,,"",""
ball,2,11.4,Sydney Sixers,MC Henriques,H Kerr,HNA Conway,1,0,,,,,,"",""
ball,2,11.5,Sydney Sixers,H Kerr,MC Henriques,HNA Conway,4,0,,,,,,"",""
ball,2,11.6,Sydney Sixers,H Kerr,MC Henriques,HNA Conway,1,0,,,,,,"",""
ball,2,12.1,Sydney Sixers,H Kerr,MC Henriques,Fawad Ahmed,0,1,,,1,,,"",""
ball,2,12.2,Sydney Sixers,MC Henriques,H Kerr,Fawad Ahmed,1,0,,,,,,"",""
ball,2,12.3,Sydney Sixers,H Kerr,MC Henriques,Fawad Ahmed,2,0,,,,,,"",""
ball,2,12.4,Sydney Sixers,H Kerr,MC Henriques,Fawad Ahmed,4,0,,,,,,"",""
ball,2,12.5,Sydney Sixers,H Kerr,MC Henriques,Fawad Ahmed,1,0,,,,,,"",""
ball,2,12.6,Sydney Sixers,MC Henriques,H Kerr,Fawad Ahmed,0,0,,,,,,"",""
ball,2,13.1,Sydney Sixers,H Kerr,MC Henriques,PM Siddle,1,0,,,,,,"",""
ball,2,13.2,Sydney Sixers,MC Henriques,H Kerr,PM Siddle,0,0,,,,,,bowled,MC Henriques
ball,2,13.3,Sydney Sixers,DT Christian,H Kerr,PM Siddle,0,0,,,,,,"",""
ball,2,13.4,Sydney Sixers,DT Christian,H Kerr,PM Siddle,0,0,,,,,,"",""
ball,2,13.5,Sydney Sixers,DT Christian,H Kerr,PM Siddle,1,0,,,,,,"",""
ball,2,13.6,Sydney Sixers,H Kerr,DT Christian,PM Siddle,4,0,,,,,,"",""
ball,2,14.1,Sydney Sixers,DT Christian,H Kerr,HNA Conway,0,0,,,,,,caught,DT Christian
ball,2,14.2,Sydney Sixers,SA Abbott,H Kerr,HNA Conway,2,0,,,,,,"",""
ball,2,14.3,Sydney Sixers,SA Abbott,H Kerr,HNA Conway,2,0,,,,,,"",""
ball,2,14.4,Sydney Sixers,SA Abbott,H Kerr,HNA Conway,2,0,,,,,,"",""
ball,2,14.5,Sydney Sixers,SA Abbott,H Kerr,HNA Conway,1,0,,,,,,"",""
ball,2,14.6,Sydney Sixers,H Kerr,SA Abbott,HNA Conway,2,0,,,,,,"",""
ball,2,15.1,Sydney Sixers,SA Abbott,H Kerr,HTRY Thornton,1,0,,,,,,"",""
ball,2,15.2,Sydney Sixers,H Kerr,SA Abbott,HTRY Thornton,1,0,,,,,,"",""
ball,2,15.3,Sydney Sixers,SA Abbott,H Kerr,HTRY Thornton,1,0,,,,,,"",""
ball,2,15.4,Sydney Sixers,H Kerr,SA Abbott,HTRY Thornton,1,0,,,,,,"",""
ball,2,15.5,Sydney Sixers,SA Abbott,H Kerr,HTRY Thornton,6,0,,,,,,"",""
ball,2,15.6,Sydney Sixers,SA Abbott,H Kerr,HTRY Thornton,1,0,,,,,,"",""
ball,2,16.1,Sydney Sixers,SA Abbott,H Kerr,MW Short,2,0,,,,,,"",""
ball,2,16.2,Sydney Sixers,SA Abbott,H Kerr,MW Short,1,0,,,,,,"",""
ball,2,16.3,Sydney Sixers,H Kerr,SA Abbott,MW Short,1,0,,,,,,"",""
ball,2,16.4,Sydney Sixers,SA Abbott,H Kerr,MW Short,2,0,,,,,,"",""
ball,2,16.5,Sydney Sixers,SA Abbott,H Kerr,MW Short,2,0,,,,,,"",""
ball,2,16.6,Sydney Sixers,SA Abbott,H Kerr,MW Short,4,0,,,,,,"",""
ball,2,17.1,Sydney Sixers,H Kerr,SA Abbott,PM Siddle,0,0,,,,,,"",""
ball,2,17.2,Sydney Sixers,H Kerr,SA Abbott,PM Siddle,1,0,,,,,,"",""
ball,2,17.3,Sydney Sixers,SA Abbott,H Kerr,PM Siddle,1,0,,,,,,"",""
ball,2,17.4,Sydney Sixers,H Kerr,SA Abbott,PM Siddle,0,1,1,,,,,"",""
ball,2,17.5,Sydney Sixers,H Kerr,SA Abbott,PM Siddle,1,0,,,,,,"",""
ball,2,17.6,Sydney Sixers,SA Abbott,H Kerr,PM Siddle,0,0,,,,,,"",""
ball,2,17.7,Sydney Sixers,SA Abbott,H Kerr,PM Siddle,4,0,,,,,,"",""
ball,2,18.1,Sydney Sixers,H Kerr,SA Abbott,HTRY Thornton,2,0,,,,,,"",""
ball,2,18.2,Sydney Sixers,H Kerr,SA Abbott,HTRY Thornton,2,0,,,,,,"",""
ball,2,18.3,Sydney Sixers,H Kerr,SA Abbott,HTRY Thornton,1,0,,,,,,"",""
ball,2,18.4,Sydney Sixers,SA Abbott,H Kerr,HTRY Thornton,2,0,,,,,,"",""
ball,2,18.5,Sydney Sixers,SA Abbott,H Kerr,HTRY Thornton,0,1,1,,,,,"",""
ball,2,18.6,Sydney Sixers,SA Abbott,H Kerr,HTRY Thornton,6,0,,,,,,"",""
ball,2,18.7,Sydney Sixers,SA Abbott,H Kerr,HTRY Thornton,1,0,,,,,,"",""
ball,2,19.1,Sydney Sixers,SA Abbott,H Kerr,HNA Conway,0,0,,,,,,caught,SA Abbott
ball,2,19.2,Sydney Sixers,H Kerr,BJ Dwarshuis,HNA Conway,1,0,,,,,,run out,BJ Dwarshuis
ball,2,19.3,Sydney Sixers,JC Silk,H Kerr,HNA Conway,1,0,,,,,,"",""
ball,2,19.4,Sydney Sixers,H Kerr,JC Silk,HNA Conway,6,0,,,,,,"",""
ball,2,19.5,Sydney Sixers,H Kerr,JC Silk,HNA Conway,2,0,,,,,,retired hurt,JC Silk
ball,2,19.6,Sydney Sixers,H Kerr,JS Lenton,HNA Conway,4,0,,,,,,"",""
