version,1.7.0
info,balls_per_over,6
info,team,Hobart Hurricanes
info,team,Melbourne Renegades
info,gender,male
info,season,2021/22
info,date,2022/01/18
info,event,Big Bash League
info,match_number,53
info,venue,"Docklands Stadium, Melbourne"
info,city,Melbourne
info,toss_winner,Hobart Hurricanes
info,toss_decision,bat
info,player_of_match,AJ Finch
info,umpire,SAJ Craig
info,umpire,AK Wilds
info,reserve_umpire,Steven Farrell
info,tv_umpire,SA Lightbody
info,match_referee,SJ Davis
info,winner,Hobart Hurricanes
info,winner_runs,6
info,player,Hobart Hurricanes,CP Jewell
info,player,Hobart Hurricanes,BR McDermott
info,player,Hobart Hurricanes,MS Wade
info,player,Hobart Hurricanes,DJM Short
info,player,Hobart Hurricanes,JA Thompson
info,player,Hobart Hurricanes,TH David
info,player,Hobart Hurricanes,PSP Handscomb
info,player,Hobart Hurricanes,J Kann
info,player,Hobart Hurricanes,TS Rogers
info,player,Hobart Hurricanes,RP Meredith
info,player,Hobart Hurricanes,S Lamichhane
info,player,Melbourne Renegades,J Seymour
info,player,Melbourne Renegades,AJ Finch
info,player,Melbourne Renegades,SE Marsh
info,player,Melbourne Renegades,UBT Chand
info,player,Melbourne Renegades,J Merlo
info,player,Melbourne Renegades,SB Harper
info,player,Melbourne Renegades,W Sutherland
info,player,Melbourne Renegades,CJ Boyce
info,player,Melbourne Renegades,Z Evans
info,player,Melbourne Renegades,JK Lalor
info,player,Melbourne Renegades,Zahir Khan
info,registry,people,AJ Finch,b8d490fd
info,registry,people,AK Wilds,de412f40
info,registry,people,BR McDermott,c41043e6
info,registry,people,CJ Boyce,51a60c16
info,registry,people,CP Jewell,806c4e58
info,registry,people,DJM Short,1a156c88
info,registry,people,J Kann,cccea5bc
info,registry,people,J Merlo,02ba80a0
info,registry,people,J Seymour,cb54a1d6
info,registry,people,JA Thompson,1d2f290a
info,registry,people,JK Lalor,88209c84
info,registry,people,MS Wade,afa7e784
info,registry,people,PSP Handscomb,ada15e88
info,registry,people,RP Meredith,64775749
info,registry,people,S Lamichhane,b410bd3d
info,registry,people,SA Lightbody,680b8cbf
info,registry,people,SAJ Craig,689f2eed
info,registry,people,SB Harper,a756e61a
info,registry,people,SE Marsh,508a1ea7
info,registry,people,SJ Davis,bc71b0b2
info,registry,people,Steven Farrell,512226fb
info,registry,people,TH David,f1f99156
info,registry,people,TS Rogers,1b04e02b
info,registry,people,UBT Chand,0c94f480
info,registry,people,W Sutherland,bc2d4f2e
info,registry,people,Z Evans,8528effb
info,registry,people,Zahir Khan,786b7fe8
ball,1,0.1,Hobart Hurricanes,CP Jewell,BR McDermott,JK Lalor,0,1,1,,,,,"",""
ball,1,0.2,Hobart Hurricanes,CP Jewell,BR McDermott,JK Lalor,0,0,,,,,,"",""
ball,1,0.3,Hobart Hurricanes,CP Jewell,BR McDermott,JK Lalor,1,0,,,,,,"",""
ball,1,0.4,Hobart Hurricanes,BR McDermott,CP Jewell,JK Lalor,1,0,,,,,,"",""
ball,1,0.5,Hobart Hurricanes,CP Jewell,BR McDermott,JK Lalor,1,0,,,,,,"",""
ball,1,0.6,Hobart Hurricanes,BR McDermott,CP Jewell,JK Lalor,1,0,,,,,,"",""
ball,1,0.7,Hobart Hurricanes,CP Jewell,BR McDermott,JK Lalor,0,0,,,,,,"",""
ball,1,1.1,Hobart Hurricanes,BR McDermott,CP Jewell,Z Evans,0,0,,,,,,"",""
ball,1,1.2,Hobart Hurricanes,BR McDermott,CP Jewell,Z Evans,0,1,,,,1,,"",""
ball,1,1.3,Hobart Hurricanes,CP Jewell,BR McDermott,Z Evans,4,0,,,,,,"",""
ball,1,1.4,Hobart Hurricanes,CP Jewell,BR McDermott,Z Evans,1,0,,,,,,"",""
ball,1,1.5,Hobart Hurricanes,BR McDermott,CP Jewell,Z Evans,1,0,,,,,,"",""
ball,1,1.6,Hobart Hurricanes,CP Jewell,BR McDermott,Z Evans,0,0,,,,,,"",""
ball,1,2.1,Hobart Hurricanes,BR McDermott,CP Jewell,JK Lalor,0,0,,,,,,"",""
ball,1,2.2,Hobart Hurricanes,BR McDermott,CP Jewell,JK Lalor,0,0,,,,,,caught,BR McDermott
ball,1,2.3,Hobart Hurricanes,MS Wade,CP Jewell,JK Lalor,0,0,,,,,,"",""
ball,1,2.4,Hobart Hurricanes,MS Wade,CP Jewell,JK Lalor,1,0,,,,,,"",""
ball,1,2.5,Hobart Hurricanes,CP Jewell,MS Wade,JK Lalor,4,0,,,,,,"",""
ball,1,2.6,Hobart Hurricanes,CP Jewell,MS Wade,JK Lalor,2,0,,,,,,"",""
ball,1,3.1,Hobart Hurricanes,MS Wade,CP Jewell,J Seymour,0,0,,,,,,"",""
ball,1,3.2,Hobart Hurricanes,MS Wade,CP Jewell,J Seymour,0,0,,,,,,"",""
ball,1,3.3,Hobart Hurricanes,MS Wade,CP Jewell,J Seymour,2,0,,,,,,"",""
ball,1,3.4,Hobart Hurricanes,MS Wade,CP Jewell,J Seymour,0,0,,,,,,"",""
ball,1,3.5,Hobart Hurricanes,MS Wade,CP Jewell,J Seymour,4,0,,,,,,"",""
ball,1,3.6,Hobart Hurricanes,MS Wade,CP Jewell,J Seymour,1,0,,,,,,"",""
ball,1,4.1,Hobart Hurricanes,MS Wade,CP Jewell,Zahir Khan,1,0,,,,,,"",""
ball,1,4.2,Hobart Hurricanes,CP Jewell,MS Wade,Zahir Khan,2,0,,,,,,"",""
ball,1,4.3,Hobart Hurricanes,CP Jewell,MS Wade,Zahir Khan,1,0,,,,,,"",""
ball,1,4.4,Hobart Hurricanes,MS Wade,CP Jewell,Zahir Khan,0,0,,,,,,"",""
ball,1,4.5,Hobart Hurricanes,MS Wade,CP Jewell,Zahir Khan,4,0,,,,,,"",""
ball,1,4.6,Hobart Hurricanes,MS Wade,CP Jewell,Zahir Khan,1,0,,,,,,"",""
ball,1,5.1,Hobart Hurricanes,MS Wade,CP Jewell,J Merlo,1,0,,,,,,"",""
ball,1,5.2,Hobart Hurricanes,CP Jewell,MS Wade,J Merlo,0,0,,,,,,"",""
ball,1,5.3,Hobart Hurricanes,CP Jewell,MS Wade,J Merlo,1,0,,,,,,"",""
ball,1,5.4,Hobart Hurricanes,MS Wade,CP Jewell,J Merlo,1,0,,,,,,"",""
ball,1,5.5,Hobart Hurricanes,CP Jewell,MS Wade,J Merlo,0,0,,,,,,"",""
ball,1,5.6,Hobart Hurricanes,CP Jewell,MS Wade,J Merlo,1,0,,,,,,"",""
ball,1,6.1,Hobart Hurricanes,CP Jewell,MS Wade,Zahir Khan,1,0,,,,,,"",""
ball,1,6.2,Hobart Hurricanes,MS Wade,CP Jewell,Zahir Khan,0,0,,,,,,"",""
ball,1,6.3,Hobart Hurricanes,MS Wade,CP Jewell,Zahir Khan,1,0,,,,,,"",""
ball,1,6.4,Hobart Hurricanes,CP Jewell,MS Wade,Zahir Khan,0,0,,,,,,"",""
ball,1,6.5,Hobart Hurricanes,CP Jewell,MS Wade,Zahir Khan,6,0,,,,,,"",""
ball,1,6.6,Hobart Hurricanes,CP Jewell,MS Wade,Zahir Khan,0,0,,,,,,"",""
ball,1,7.1,Hobart Hurricanes,MS Wade,CP Jewell,CJ Boyce,6,0,,,,,,"",""
ball,1,7.2,Hobart Hurricanes,MS Wade,CP Jewell,CJ Boyce,2,0,,,,,,"",""
ball,1,7.3,Hobart Hurricanes,MS Wade,CP Jewell,CJ Boyce,1,0,,,,,,"",""
ball,1,7.4,Hobart Hurricanes,CP Jewell,MS Wade,CJ Boyce,1,0,,,,,,"",""
ball,1,7.5,Hobart Hurricanes,MS Wade,CP Jewell,CJ Boyce,1,0,,,,,,"",""
ball,1,7.6,Hobart Hurricanes,CP Jewell,MS Wade,CJ Boyce,1,0,,,,,,"",""
ball,1,8.1,Hobart Hurricanes,CP Jewell,MS Wade,J Seymour,0,0,,,,,,"",""
ball,1,8.2,Hobart Hurricanes,CP Jewell,MS Wade,J Seymour,1,0,,,,,,"",""
ball,1,8.3,Hobart Hurricanes,MS Wade,CP Jewell,J Seymour,1,0,,,,,,"",""
ball,1,8.4,Hobart Hurricanes,CP Jewell,MS Wade,J Seymour,1,0,,,,,,"",""
ball,1,8.5,Hobart Hurricanes,MS Wade,CP Jewell,J Seymour,0,0,,,,,,"",""
ball,1,8.6,Hobart Hurricanes,MS Wade,CP Jewell,J Seymour,1,0,,,,,,"",""
ball,1,9.1,Hobart Hurricanes,MS Wade,CP Jewell,W Sutherland,4,0,,,,,,"",""
ball,1,9.2,Hobart Hurricanes,MS Wade,CP Jewell,W Sutherland,2,0,,,,,,"",""
ball,1,9.3,Hobart Hurricanes,MS Wade,CP Jewell,W Sutherland,1,0,,,,,,"",""
ball,1,9.4,Hobart Hurricanes,CP Jewell,MS Wade,W Sutherland,1,0,,,,,,"",""
ball,1,9.5,Hobart Hurricanes,MS Wade,CP Jewell,W Sutherland,1,0,,,,,,"",""
ball,1,9.6,Hobart Hurricanes,CP Jewell,MS Wade,W Sutherland,4,0,,,,,,"",""
ball,1,10.1,Hobart Hurricanes,MS Wade,CP Jewell,CJ Boyce,1,0,,,,,,"",""
ball,1,10.2,Hobart Hurricanes,CP Jewell,MS Wade,CJ Boyce,1,0,,,,,,"",""
ball,1,10.3,Hobart Hurricanes,MS Wade,CP Jewell,CJ Boyce,0,0,,,,,,"",""
ball,1,10.4,Hobart Hurricanes,MS Wade,CP Jewell,CJ Boyce,1,0,,,,,,"",""
ball,1,10.5,Hobart Hurricanes,CP Jewell,MS Wade,CJ Boyce,0,0,,,,,,caught,CP Jewell
ball,1,10.6,Hobart Hurricanes,MS Wade,DJM Short,CJ Boyce,2,0,,,,,,"",""
ball,1,11.1,Hobart Hurricanes,DJM Short,MS Wade,Zahir Khan,1,0,,,,,,"",""
ball,1,11.2,Hobart Hurricanes,MS Wade,DJM Short,Zahir Khan,0,0,,,,,,"",""
ball,1,11.3,Hobart Hurricanes,MS Wade,DJM Short,Zahir Khan,0,1,1,,,,,"",""
ball,1,11.4,Hobart Hurricanes,MS Wade,DJM Short,Zahir Khan,0,1,1,,,,,"",""
ball,1,11.5,Hobart Hurricanes,MS Wade,DJM Short,Zahir Khan,1,0,,,,,,"",""
ball,1,11.6,Hobart Hurricanes,DJM Short,MS Wade,Zahir Khan,1,0,,,,,,"",""
ball,1,11.7,Hobart Hurricanes,MS Wade,DJM Short,Zahir Khan,1,0,,,,,,"",""
ball,1,11.8,Hobart Hurricanes,DJM Short,MS Wade,Zahir Khan,1,0,,,,,,"",""
ball,1,12.1,Hobart Hurricanes,DJM Short,MS Wade,J Seymour,1,0,,,,,,"",""
ball,1,12.2,Hobart Hurricanes,MS Wade,DJM Short,J Seymour,1,0,,,,,,"",""
ball,1,12.3,Hobart Hurricanes,DJM Short,MS Wade,J Seymour,1,0,,,,,,"",""
ball,1,12.4,Hobart Hurricanes,MS Wade,DJM Short,J Seymour,4,0,,,,,,"",""
ball,1,12.5,Hobart Hurricanes,MS Wade,DJM Short,J Seymour,0,0,,,,,,"",""
ball,1,12.6,Hobart Hurricanes,MS Wade,DJM Short,J Seymour,0,0,,,,,,"",""
ball,1,13.1,Hobart Hurricanes,DJM Short,MS Wade,Z Evans,1,0,,,,,,"",""
ball,1,13.2,Hobart Hurricanes,MS Wade,DJM Short,Z Evans,0,0,,,,,,caught,MS Wade
ball,1,13.3,Hobart Hurricanes,DJM Short,JA Thompson,Z Evans,2,0,,,,,,"",""
ball,1,13.4,Hobart Hurricanes,DJM Short,JA Thompson,Z Evans,4,0,,,,,,"",""
ball,1,13.5,Hobart Hurricanes,DJM Short,JA Thompson,Z Evans,1,0,,,,,,"",""
ball,1,13.6,Hobart Hurricanes,JA Thompson,DJM Short,Z Evans,4,0,,,,,,"",""
ball,1,14.1,Hobart Hurricanes,DJM Short,JA Thompson,Zahir Khan,0,0,,,,,,"",""
ball,1,14.2,Hobart Hurricanes,DJM Short,JA Thompson,Zahir Khan,4,0,,,,,,"",""
ball,1,14.3,Hobart Hurricanes,DJM Short,JA Thompson,Zahir Khan,1,0,,,,,,"",""
ball,1,14.4,Hobart Hurricanes,JA Thompson,DJM Short,Zahir Khan,3,0,,,,,,"",""
ball,1,14.5,Hobart Hurricanes,DJM Short,JA Thompson,Zahir Khan,0,0,,,,,,"",""
ball,1,14.6,Hobart Hurricanes,DJM Short,JA Thompson,Zahir Khan,1,0,,,,,,"",""
ball,1,15.1,Hobart Hurricanes,DJM Short,JA Thompson,CJ Boyce,1,0,,,,,,"",""
ball,1,15.2,Hobart Hurricanes,JA Thompson,DJM Short,CJ Boyce,2,0,,,,,,"",""
ball,1,15.3,Hobart Hurricanes,JA Thompson,DJM Short,CJ Boyce,0,0,,,,,,caught,JA Thompson
ball,1,15.4,Hobart Hurricanes,TH David,DJM Short,CJ Boyce,0,0,,,,,,"",""
ball,1,15.5,Hobart Hurricanes,TH David,DJM Short,CJ Boyce,0,0,,,,,,"",""
ball,1,15.6,Hobart Hurricanes,TH David,DJM Short,CJ Boyce,1,0,,,,,,"",""
ball,1,16.1,Hobart Hurricanes,TH David,DJM Short,JK Lalor,0,0,,,,,,"",""
ball,1,16.2,Hobart Hurricanes,TH David,DJM Short,JK Lalor,4,0,,,,,,"",""
ball,1,16.3,Hobart Hurricanes,TH David,DJM Short,JK Lalor,6,0,,,,,,"",""
ball,1,16.4,Hobart Hurricanes,TH David,DJM Short,JK Lalor,1,0,,,,,,"",""
ball,1,16.5,Hobart Hurricanes,DJM Short,TH David,JK Lalor,1,0,,,,,,"",""
ball,1,16.6,Hobart Hurricanes,TH David,DJM Short,JK Lalor,1,0,,,,,,"",""
ball,1,17.1,Hobart Hurricanes,TH David,DJM Short,CJ Boyce,6,0,,,,,,"",""
ball,1,17.2,Hobart Hurricanes,TH David,DJM Short,CJ Boyce,2,0,,,,,,"",""
ball,1,17.3,Hobart Hurricanes,TH David,DJM Short,CJ Boyce,0,0,,,,,,"",""
ball,1,17.4,Hobart Hurricanes,TH David,DJM Short,CJ Boyce,6,0,,,,,,"",""
ball,1,17.5,Hobart Hurricanes,TH David,DJM Short,CJ Boyce,1,0,,,,,,"",""
ball,1,17.6,Hobart Hurricanes,DJM Short,TH David,CJ Boyce,1,0,,,,,,"",""
ball,1,18.1,Hobart Hurricanes,DJM Short,TH David,Z Evans,4,0,,,,,,"",""
ball,1,18.2,Hobart Hurricanes,DJM Short,TH David,Z Evans,4,0,,,,,,"",""
ball,1,18.3,Hobart Hurricanes,DJM Short,TH David,Z Evans,6,0,,,,,,"",""
ball,1,18.4,Hobart Hurricanes,DJM Short,TH David,Z Evans,1,0,,,,,,"",""
ball,1,18.5,Hobart Hurricanes,TH David,DJM Short,Z Evans,2,0,,,,,,"",""
ball,1,18.6,Hobart Hurricanes,TH David,DJM Short,Z Evans,4,0,,,,,,"",""
ball,1,19.1,Hobart Hurricanes,DJM Short,TH David,JK Lalor,0,0,,,,,,caught,DJM Short
ball,1,19.2,Hobart Hurricanes,TH David,PSP Handscomb,JK Lalor,6,0,,,,,,"",""
ball,1,19.3,Hobart Hurricanes,TH David,PSP Handscomb,JK Lalor,0,0,,,,,,"",""
ball,1,19.4,Hobart Hurricanes,TH David,PSP Handscomb,JK Lalor,2,0,,,,,,"",""
ball,1,19.5,Hobart Hurricanes,TH David,PSP Handscomb,JK Lalor,2,0,,,,,,"",""
ball,1,19.6,Hobart Hurricanes,TH David,PSP Handscomb,JK Lalor,2,0,,,,,,"",""
ball,2,0.1,Melbourne Renegades,J Seymour,AJ Finch,RP Meredith,0,0,,,,,,"",""
ball,2,0.2,Melbourne Renegades,J Seymour,AJ Finch,RP Meredith,4,0,,,,,,"",""
ball,2,0.3,Melbourne Renegades,J Seymour,AJ Finch,RP Meredith,4,0,,,,,,"",""
ball,2,0.4,Melbourne Renegades,J Seymour,AJ Finch,RP Meredith,4,0,,,,,,"",""
ball,2,0.5,Melbourne Renegades,J Seymour,AJ Finch,RP Meredith,0,0,,,,,,"",""
ball,2,0.6,Melbourne Renegades,J Seymour,AJ Finch,RP Meredith,1,0,,,,,,"",""
ball,2,1.1,Melbourne Renegades,J Seymour,AJ Finch,J Kann,0,0,,,,,,"",""
ball,2,1.2,Melbourne Renegades,J Seymour,AJ Finch,J Kann,0,0,,,,,,"",""
ball,2,1.3,Melbourne Renegades,J Seymour,AJ Finch,J Kann,4,0,,,,,,"",""
ball,2,1.4,Melbourne Renegades,J Seymour,AJ Finch,J Kann,1,0,,,,,,"",""
ball,2,1.5,Melbourne Renegades,AJ Finch,J Seymour,J Kann,1,0,,,,,,"",""
ball,2,1.6,Melbourne Renegades,J Seymour,AJ Finch,J Kann,6,0,,,,,,"",""
ball,2,2.1,Melbourne Renegades,AJ Finch,J Seymour,S Lamichhane,0,0,,,,,,"",""
ball,2,2.2,Melbourne Renegades,AJ Finch,J Seymour,S Lamichhane,0,0,,,,,,"",""
ball,2,2.3,Melbourne Renegades,AJ Finch,J Seymour,S Lamichhane,4,0,,,,,,"",""
ball,2,2.4,Melbourne Renegades,AJ Finch,J Seymour,S Lamichhane,2,0,,,,,,"",""
ball,2,2.5,Melbourne Renegades,AJ Finch,J Seymour,S Lamichhane,6,0,,,,,,"",""
ball,2,2.6,Melbourne Renegades,AJ Finch,J Seymour,S Lamichhane,0,0,,,,,,"",""
ball,2,3.1,Melbourne Renegades,J Seymour,AJ Finch,TS Rogers,0,0,,,,,,"",""
ball,2,3.2,Melbourne Renegades,J Seymour,AJ Finch,TS Rogers,0,0,,,,,,caught,J Seymour
ball,2,3.3,Melbourne Renegades,SE Marsh,AJ Finch,TS Rogers,0,0,,,,,,"",""
ball,2,3.4,Melbourne Renegades,SE Marsh,AJ Finch,TS Rogers,2,0,,,,,,"",""
ball,2,3.5,Melbourne Renegades,SE Marsh,AJ Finch,TS Rogers,4,0,,,,,,"",""
ball,2,3.6,Melbourne Renegades,SE Marsh,AJ Finch,TS Rogers,0,0,,,,,,"",""
ball,2,4.1,Melbourne Renegades,AJ Finch,SE Marsh,RP Meredith,1,0,,,,,,"",""
ball,2,4.2,Melbourne Renegades,SE Marsh,AJ Finch,RP Meredith,0,0,,,,,,"",""
ball,2,4.3,Melbourne Renegades,SE Marsh,AJ Finch,RP Meredith,1,0,,,,,,"",""
ball,2,4.4,Melbourne Renegades,AJ Finch,SE Marsh,RP Meredith,1,0,,,,,,"",""
ball,2,4.5,Melbourne Renegades,SE Marsh,AJ Finch,RP Meredith,0,0,,,,,,"",""
ball,2,4.6,Melbourne Renegades,SE Marsh,AJ Finch,RP Meredith,0,0,,,,,,"",""
ball,2,5.1,Melbourne Renegades,AJ Finch,SE Marsh,DJM Short,0,0,,,,,,"",""
ball,2,5.2,Melbourne Renegades,AJ Finch,SE Marsh,DJM Short,0,0,,,,,,"",""
ball,2,5.3,Melbourne Renegades,AJ Finch,SE Marsh,DJM Short,0,1,1,,,,,"",""
ball,2,5.4,Melbourne Renegades,AJ Finch,SE Marsh,DJM Short,0,0,,,,,,"",""
ball,2,5.5,Melbourne Renegades,AJ Finch,SE Marsh,DJM Short,0,0,,,,,,"",""
ball,2,5.6,Melbourne Renegades,AJ Finch,SE Marsh,DJM Short,0,0,,,,,,"",""
ball,2,5.7,Melbourne Renegades,AJ Finch,SE Marsh,DJM Short,1,0,,,,,,"",""
ball,2,6.1,Melbourne Renegades,AJ Finch,SE Marsh,S Lamichhane,0,0,,,,,,"",""
ball,2,6.2,Melbourne Renegades,AJ Finch,SE Marsh,S Lamichhane,1,0,,,,,,"",""
ball,2,6.3,Melbourne Renegades,SE Marsh,AJ Finch,S Lamichhane,1,0,,,,,,"",""
ball,2,6.4,Melbourne Renegades,AJ Finch,SE Marsh,S Lamichhane,1,0,,,,,,"",""
ball,2,6.5,Melbourne Renegades,SE Marsh,AJ Finch,S Lamichhane,0,0,,,,,,"",""
ball,2,6.6,Melbourne Renegades,SE Marsh,AJ Finch,S Lamichhane,0,0,,,,,,"",""
ball,2,7.1,Melbourne Renegades,AJ Finch,SE Marsh,DJM Short,0,1,,,,1,,"",""
ball,2,7.2,Melbourne Renegades,SE Marsh,AJ Finch,DJM Short,0,0,,,,,,"",""
ball,2,7.3,Melbourne Renegades,SE Marsh,AJ Finch,DJM Short,4,0,,,,,,"",""
ball,2,7.4,Melbourne Renegades,SE Marsh,AJ Finch,DJM Short,1,0,,,,,,"",""
ball,2,7.5,Melbourne Renegades,AJ Finch,SE Marsh,DJM Short,0,1,,,,1,,"",""
ball,2,7.6,Melbourne Renegades,SE Marsh,AJ Finch,DJM Short,1,0,,,,,,"",""
ball,2,8.1,Melbourne Renegades,SE Marsh,AJ Finch,JA Thompson,1,0,,,,,,"",""
ball,2,8.2,Melbourne Renegades,AJ Finch,SE Marsh,JA Thompson,6,0,,,,,,"",""
ball,2,8.3,Melbourne Renegades,AJ Finch,SE Marsh,JA Thompson,1,0,,,,,,"",""
ball,2,8.4,Melbourne Renegades,SE Marsh,AJ Finch,JA Thompson,1,1,,1,,,,"",""
ball,2,8.5,Melbourne Renegades,AJ Finch,SE Marsh,JA Thompson,0,1,,,1,,,"",""
ball,2,8.6,Melbourne Renegades,SE Marsh,AJ Finch,JA Thompson,1,0,,,,,,"",""
ball,2,8.7,Melbourne Renegades,AJ Finch,SE Marsh,JA Thompson,1,0,,,,,,"",""
ball,2,9.1,Melbourne Renegades,AJ Finch,SE Marsh,J Kann,0,1,,,,1,,"",""
ball,2,9.2,Melbourne Renegades,SE Marsh,AJ Finch,J Kann,6,0,,,,,,"",""
ball,2,9.3,Melbourne Renegades,SE Marsh,AJ Finch,J Kann,2,0,,,,,,"",""
ball,2,9.4,Melbourne Renegades,SE Marsh,AJ Finch,J Kann,4,0,,,,,,"",""
ball,2,9.5,Melbourne Renegades,SE Marsh,AJ Finch,J Kann,4,0,,,,,,"",""
ball,2,9.6,Melbourne Renegades,SE Marsh,AJ Finch,J Kann,0,0,,,,,,"",""
ball,2,10.1,Melbourne Renegades,AJ Finch,SE Marsh,TS Rogers,1,0,,,,,,"",""
ball,2,10.2,Melbourne Renegades,SE Marsh,AJ Finch,TS Rogers,1,0,,,,,,"",""
ball,2,10.3,Melbourne Renegades,AJ Finch,SE Marsh,TS Rogers,4,0,,,,,,"",""
ball,2,10.4,Melbourne Renegades,AJ Finch,SE Marsh,TS Rogers,0,1,,,,1,,"",""
ball,2,10.5,Melbourne Renegades,SE Marsh,AJ Finch,TS Rogers,4,0,,,,,,"",""
ball,2,10.6,Melbourne Renegades,SE Marsh,AJ Finch,TS Rogers,4,0,,,,,,"",""
ball,2,11.1,Melbourne Renegades,AJ Finch,SE Marsh,DJM Short,4,0,,,,,,"",""
ball,2,11.2,Melbourne Renegades,AJ Finch,SE Marsh,DJM Short,1,0,,,,,,"",""
ball,2,11.3,Melbourne Renegades,SE Marsh,AJ Finch,DJM Short,1,0,,,,,,"",""
ball,2,11.4,Melbourne Renegades,AJ Finch,SE Marsh,DJM Short,1,0,,,,,,"",""
ball,2,11.5,Melbourne Renegades,SE Marsh,AJ Finch,DJM Short,0,0,,,,,,"",""
ball,2,11.6,Melbourne Renegades,SE Marsh,AJ Finch,DJM Short,1,0,,,,,,"",""
ball,2,12.1,Melbourne Renegades,SE Marsh,AJ Finch,JA Thompson,1,0,,,,,,"",""
ball,2,12.2,Melbourne Renegades,AJ Finch,SE Marsh,JA Thompson,1,0,,,,,,"",""
ball,2,12.3,Melbourne Renegades,SE Marsh,AJ Finch,JA Thompson,1,0,,,,,,"",""
ball,2,12.4,Melbourne Renegades,AJ Finch,SE Marsh,JA Thompson,6,0,,,,,,"",""
ball,2,12.5,Melbourne Renegades,AJ Finch,SE Marsh,JA Thompson,1,0,,,,,,"",""
ball,2,12.6,Melbourne Renegades,SE Marsh,AJ Finch,JA Thompson,0,0,,,,,,"",""
ball,2,13.1,Melbourne Renegades,AJ Finch,SE Marsh,TS Rogers,2,0,,,,,,"",""
ball,2,13.2,Melbourne Renegades,AJ Finch,SE Marsh,TS Rogers,2,0,,,,,,"",""
ball,2,13.3,Melbourne Renegades,AJ Finch,SE Marsh,TS Rogers,4,0,,,,,,"",""
ball,2,13.4,Melbourne Renegades,AJ Finch,SE Marsh,TS Rogers,2,0,,,,,,"",""
ball,2,13.5,Melbourne Renegades,AJ Finch,SE Marsh,TS Rogers,1,0,,,,,,"",""
ball,2,13.6,Melbourne Renegades,SE Marsh,AJ Finch,TS Rogers,1,0,,,,,,"",""
ball,2,14.1,Melbourne Renegades,SE Marsh,AJ Finch,S Lamichhane,0,0,,,,,,"",""
ball,2,14.2,Melbourne Renegades,SE Marsh,AJ Finch,S Lamichhane,0,0,,,,,,"",""
ball,2,14.3,Melbourne Renegades,SE Marsh,AJ Finch,S Lamichhane,4,0,,,,,,"",""
ball,2,14.4,Melbourne Renegades,SE Marsh,AJ Finch,S Lamichhane,0,0,,,,,,"",""
ball,2,14.5,Melbourne Renegades,SE Marsh,AJ Finch,S Lamichhane,0,0,,,,,,caught,SE Marsh
ball,2,14.6,Melbourne Renegades,UBT Chand,AJ Finch,S Lamichhane,0,0,,,,,,"",""
ball,2,15.1,Melbourne Renegades,AJ Finch,UBT Chand,DJM Short,6,0,,,,,,"",""
ball,2,15.2,Melbourne Renegades,AJ Finch,UBT Chand,DJM Short,4,0,,,,,,"",""
ball,2,15.3,Melbourne Renegades,AJ Finch,UBT Chand,DJM Short,0,0,,,,,,"",""
ball,2,15.4,Melbourne Renegades,AJ Finch,UBT Chand,DJM Short,1,0,,,,,,"",""
ball,2,15.5,Melbourne Renegades,UBT Chand,AJ Finch,DJM Short,1,0,,,,,,"",""
ball,2,15.6,Melbourne Renegades,AJ Finch,UBT Chand,DJM Short,1,0,,,,,,"",""
ball,2,16.1,Melbourne Renegades,AJ Finch,UBT Chand,RP Meredith,0,2,,,,2,,"",""
ball,2,16.2,Melbourne Renegades,AJ Finch,UBT Chand,RP Meredith,1,0,,,,,,"",""
ball,2,16.3,Melbourne Renegades,UBT Chand,AJ Finch,RP Meredith,1,0,,,,,,"",""
ball,2,16.4,Melbourne Renegades,AJ Finch,UBT Chand,RP Meredith,1,0,,,,,,"",""
ball,2,16.5,Melbourne Renegades,UBT Chand,AJ Finch,RP Meredith,0,0,,,,,,"",""
ball,2,16.6,Melbourne Renegades,UBT Chand,AJ Finch,RP Meredith,1,0,,,,,,"",""
ball,2,17.1,Melbourne Renegades,UBT Chand,AJ Finch,S Lamichhane,2,0,,,,,,"",""
ball,2,17.2,Melbourne Renegades,UBT Chand,AJ Finch,S Lamichhane,1,0,,,,,,"",""
ball,2,17.3,Melbourne Renegades,AJ Finch,UBT Chand,S Lamichhane,1,0,,,,,,"",""
ball,2,17.4,Melbourne Renegades,UBT Chand,AJ Finch,S Lamichhane,0,0,,,,,,caught,UBT Chand
ball,2,17.5,Melbourne Renegades,AJ Finch,J Merlo,S Lamichhane,0,0,,,,,,"",""
ball,2,17.6,Melbourne Renegades,AJ Finch,J Merlo,S Lamichhane,4,0,,,,,,"",""
ball,2,18.1,Melbourne Renegades,J Merlo,AJ Finch,TS Rogers,0,0,,,,,,"",""
ball,2,18.2,Melbourne Renegades,J Merlo,AJ Finch,TS Rogers,1,0,,,,,,"",""
ball,2,18.3,Melbourne Renegades,AJ Finch,J Merlo,TS Rogers,0,0,,,,,,"",""
ball,2,18.4,Melbourne Renegades,AJ Finch,J Merlo,TS Rogers,0,0,,,,,,caught,AJ Finch
ball,2,18.5,Melbourne Renegades,J Merlo,SB Harper,TS Rogers,0,0,,,,,,caught,J Merlo
ball,2,18.6,Melbourne Renegades,SB Harper,W Sutherland,TS Rogers,2,0,,,,,,"",""
ball,2,19.1,Melbourne Renegades,W Sutherland,SB Harper,RP Meredith,1,0,,,,,,"",""
ball,2,19.2,Melbourne Renegades,SB Harper,W Sutherland,RP Meredith,0,1,,,1,,,"",""
ball,2,19.3,Melbourne Renegades,W Sutherland,SB Harper,RP Meredith,1,0,,,,,,"",""
ball,2,19.4,Melbourne Renegades,SB Harper,W Sutherland,RP Meredith,1,0,,,,,,"",""
ball,2,19.5,Melbourne Renegades,W Sutherland,SB Harper,RP Meredith,4,0,,,,,,"",""
ball,2,19.6,Melbourne Renegades,W Sutherland,SB Harper,RP Meredith,0,0,,,,,,caught,W Sutherland
