version,1.7.0
info,balls_per_over,6
info,team,Hobart Hurricanes
info,team,Melbourne Renegades
info,gender,male
info,season,2021/22
info,date,2021/12/29
info,event,Big Bash League
info,match_number,26
info,venue,"Docklands Stadium, Melbourne"
info,city,Melbourne
info,toss_winner,Melbourne Renegades
info,toss_decision,field
info,player_of_match,BR McDermott
info,umpire,MW Graham-Smith
info,umpire,AK Wilds
info,reserve_umpire,D Brigham
info,tv_umpire,NR Johnstone
info,match_referee,RL Parry
info,winner,Hobart Hurricanes
info,winner_runs,85
info,player,Hobart Hurricanes,MS Wade
info,player,Hobart Hurricanes,BR McDermott
info,player,Hobart Hurricanes,DJM Short
info,player,Hobart Hurricanes,HC Brook
info,player,Hobart Hurricanes,PSP Handscomb
info,player,Hobart Hurricanes,TH David
info,player,Hobart Hurricanes,JA Thompson
info,player,Hobart Hurricanes,NT Ellis
info,player,Hobart Hurricanes,TS Rogers
info,player,Hobart Hurricanes,RP Meredith
info,player,Hobart Hurricanes,S Lamichhane
info,player,Melbourne Renegades,SB Harper
info,player,Melbourne Renegades,AJ Finch
info,player,Melbourne Renegades,NJ Maddinson
info,player,Melbourne Renegades,MW Harvey
info,player,Melbourne Renegades,J Fraser-McGurk
info,player,Melbourne Renegades,Mohammad Nabi
info,player,Melbourne Renegades,JA Prestwidge
info,player,Melbourne Renegades,JL Pattinson
info,player,Melbourne Renegades,KW Richardson
info,player,Melbourne Renegades,RJW Topley
info,player,Melbourne Renegades,Zahir Khan
info,registry,people,AJ Finch,b8d490fd
info,registry,people,AK Wilds,de412f40
info,registry,people,BR McDermott,c41043e6
info,registry,people,D Brigham,464daf41
info,registry,people,DJM Short,1a156c88
info,registry,people,HC Brook,4ae1755b
info,registry,people,J Fraser-McGurk,9b6e1b3f
info,registry,people,JA Prestwidge,5f317fd4
info,registry,people,JA Thompson,1d2f290a
info,registry,people,JL Pattinson,f752db61
info,registry,people,KW Richardson,dfc4d8b5
info,registry,people,MS Wade,afa7e784
info,registry,people,MW Graham-Smith,18aca3ce
info,registry,people,MW Harvey,47dc9794
info,registry,people,Mohammad Nabi,62af8546
info,registry,people,NJ Maddinson,44afbf2d
info,registry,people,NR Johnstone,ce274b6a
info,registry,people,NT Ellis,9eb1455b
info,registry,people,PSP Handscomb,ada15e88
info,registry,people,RJW Topley,8db7f47f
info,registry,people,RL Parry,86d151dc
info,registry,people,RP Meredith,64775749
info,registry,people,S Lamichhane,b410bd3d
info,registry,people,SB Harper,a756e61a
info,registry,people,TH David,f1f99156
info,registry,people,TS Rogers,1b04e02b
info,registry,people,Zahir Khan,786b7fe8
ball,1,0.1,Hobart Hurricanes,MS Wade,BR McDermott,RJW Topley,0,0,,,,,,"",""
ball,1,0.2,Hobart Hurricanes,MS Wade,BR McDermott,RJW Topley,0,0,,,,,,"",""
ball,1,0.3,Hobart Hurricanes,MS Wade,BR McDermott,RJW Topley,0,0,,,,,,caught,MS Wade
ball,1,0.4,Hobart Hurricanes,DJM Short,BR McDermott,RJW Topley,0,0,,,,,,"",""
ball,1,0.5,Hobart Hurricanes,DJM Short,BR McDermott,RJW Topley,1,0,,,,,,"",""
ball,1,0.6,Hobart Hurricanes,BR McDermott,DJM Short,RJW Topley,0,0,,,,,,"",""
ball,1,1.1,Hobart Hurricanes,DJM Short,BR McDermott,Mohammad Nabi,3,0,,,,,,"",""
ball,1,1.2,Hobart Hurricanes,BR McDermott,DJM Short,Mohammad Nabi,1,0,,,,,,"",""
ball,1,1.3,Hobart Hurricanes,DJM Short,BR McDermott,Mohammad Nabi,1,0,,,,,,"",""
ball,1,1.4,Hobart Hurricanes,BR McDermott,DJM Short,Mohammad Nabi,0,0,,,,,,"",""
ball,1,1.5,Hobart Hurricanes,BR McDermott,DJM Short,Mohammad Nabi,1,0,,,,,,"",""
ball,1,1.6,Hobart Hurricanes,DJM Short,BR McDermott,Mohammad Nabi,0,0,,,,,,"",""
ball,1,2.1,Hobart Hurricanes,BR McDermott,DJM Short,KW Richardson,4,0,,,,,,"",""
ball,1,2.2,Hobart Hurricanes,BR McDermott,DJM Short,KW Richardson,0,0,,,,,,"",""
ball,1,2.3,Hobart Hurricanes,BR McDermott,DJM Short,KW Richardson,2,0,,,,,,"",""
ball,1,2.4,Hobart Hurricanes,BR McDermott,DJM Short,KW Richardson,4,0,,,,,,"",""
ball,1,2.5,Hobart Hurricanes,BR McDermott,DJM Short,KW Richardson,0,0,,,,,,"",""
ball,1,2.6,Hobart Hurricanes,BR McDermott,DJM Short,KW Richardson,0,0,,,,,,"",""
ball,1,3.1,Hobart Hurricanes,DJM Short,BR McDermott,RJW Topley,0,0,,,,,,"",""
ball,1,3.2,Hobart Hurricanes,DJM Short,BR McDermott,RJW Topley,0,0,,,,,,caught,DJM Short
ball,1,3.3,Hobart Hurricanes,BR McDermott,HC Brook,RJW Topley,2,0,,,,,,"",""
ball,1,3.4,Hobart Hurricanes,BR McDermott,HC Brook,RJW Topley,0,0,,,,,,"",""
ball,1,3.5,Hobart Hurricanes,BR McDermott,HC Brook,RJW Topley,0,0,,,,,,"",""
ball,1,3.6,Hobart Hurricanes,BR McDermott,HC Brook,RJW Topley,0,0,,,,,,"",""
ball,1,4.1,Hobart Hurricanes,HC Brook,BR McDermott,Zahir Khan,0,1,1,,,,,"",""
ball,1,4.2,Hobart Hurricanes,HC Brook,BR McDermott,Zahir Khan,0,0,,,,,,"",""
ball,1,4.3,Hobart Hurricanes,HC Brook,BR McDermott,Zahir Khan,1,0,,,,,,"",""
ball,1,4.4,Hobart Hurricanes,BR McDermott,HC Brook,Zahir Khan,0,0,,,,,,"",""
ball,1,4.5,Hobart Hurricanes,BR McDermott,HC Brook,Zahir Khan,1,0,,,,,,"",""
ball,1,4.6,Hobart Hurricanes,HC Brook,BR McDermott,Zahir Khan,1,0,,,,,,"",""
ball,1,4.7,Hobart Hurricanes,BR McDermott,HC Brook,Zahir Khan,0,2,,,2,,,"",""
ball,1,5.1,Hobart Hurricanes,HC Brook,BR McDermott,RJW Topley,0,0,,,,,,"",""
ball,1,5.2,Hobart Hurricanes,HC Brook,BR McDermott,RJW Topley,0,0,,,,,,"",""
ball,1,5.3,Hobart Hurricanes,HC Brook,BR McDermott,RJW Topley,1,0,,,,,,"",""
ball,1,5.4,Hobart Hurricanes,BR McDermott,HC Brook,RJW Topley,0,0,,,,,,"",""
ball,1,5.5,Hobart Hurricanes,BR McDermott,HC Brook,RJW Topley,1,0,,,,,,"",""
ball,1,5.6,Hobart Hurricanes,HC Brook,BR McDermott,RJW Topley,1,0,,,,,,"",""
ball,1,6.1,Hobart Hurricanes,HC Brook,BR McDermott,Zahir Khan,1,0,,,,,,"",""
ball,1,6.2,Hobart Hurricanes,BR McDermott,HC Brook,Zahir Khan,4,0,,,,,,"",""
ball,1,6.3,Hobart Hurricanes,BR McDermott,HC Brook,Zahir Khan,6,0,,,,,,"",""
ball,1,6.4,Hobart Hurricanes,BR McDermott,HC Brook,Zahir Khan,1,0,,,,,,"",""
ball,1,6.5,Hobart Hurricanes,HC Brook,BR McDermott,Zahir Khan,1,0,,,,,,"",""
ball,1,6.6,Hobart Hurricanes,BR McDermott,HC Brook,Zahir Khan,0,1,1,,,,,"",""
ball,1,6.7,Hobart Hurricanes,BR McDermott,HC Brook,Zahir Khan,0,0,,,,,,"",""
ball,1,7.1,Hobart Hurricanes,HC Brook,BR McDermott,JL Pattinson,2,0,,,,,,"",""
ball,1,7.2,Hobart Hurricanes,HC Brook,BR McDermott,JL Pattinson,0,1,1,,,,,"",""
ball,1,7.3,Hobart Hurricanes,HC Brook,BR McDermott,JL Pattinson,0,0,,,,,,"",""
ball,1,7.4,Hobart Hurricanes,HC Brook,BR McDermott,JL Pattinson,1,0,,,,,,"",""
ball,1,7.5,Hobart Hurricanes,BR McDermott,HC Brook,JL Pattinson,1,0,,,,,,"",""
ball,1,7.6,Hobart Hurricanes,HC Brook,BR McDermott,JL Pattinson,1,0,,,,,,"",""
ball,1,7.7,Hobart Hurricanes,BR McDermott,HC Brook,JL Pattinson,1,0,,,,,,"",""
ball,1,8.1,Hobart Hurricanes,BR McDermott,HC Brook,NJ Maddinson,1,0,,,,,,"",""
ball,1,8.2,Hobart Hurricanes,HC Brook,BR McDermott,NJ Maddinson,1,0,,,,,,"",""
ball,1,8.3,Hobart Hurricanes,BR McDermott,HC Brook,NJ Maddinson,0,1,,,,1,,"",""
ball,1,8.4,Hobart Hurricanes,HC Brook,BR McDermott,NJ Maddinson,0,0,,,,,,"",""
ball,1,8.5,Hobart Hurricanes,HC Brook,BR McDermott,NJ Maddinson,0,0,,,,,,caught,HC Brook
ball,1,8.6,Hobart Hurricanes,BR McDermott,PSP Handscomb,NJ Maddinson,1,0,,,,,,"",""
ball,1,9.1,Hobart Hurricanes,BR McDermott,PSP Handscomb,JA Prestwidge,1,0,,,,,,"",""
ball,1,9.2,Hobart Hurricanes,PSP Handscomb,BR McDermott,JA Prestwidge,0,0,,,,,,"",""
ball,1,9.3,Hobart Hurricanes,PSP Handscomb,BR McDermott,JA Prestwidge,4,0,,,,,,"",""
ball,1,9.4,Hobart Hurricanes,PSP Handscomb,BR McDermott,JA Prestwidge,1,0,,,,,,"",""
ball,1,9.5,Hobart Hurricanes,BR McDermott,PSP Handscomb,JA Prestwidge,6,0,,,,,,"",""
ball,1,9.6,Hobart Hurricanes,BR McDermott,PSP Handscomb,JA Prestwidge,1,0,,,,,,"",""
ball,1,10.1,Hobart Hurricanes,BR McDermott,PSP Handscomb,NJ Maddinson,2,0,,,,,,"",""
ball,1,10.2,Hobart Hurricanes,BR McDermott,PSP Handscomb,NJ Maddinson,1,0,,,,,,"",""
ball,1,10.3,Hobart Hurricanes,PSP Handscomb,BR McDermott,NJ Maddinson,1,0,,,,,,"",""
ball,1,10.4,Hobart Hurricanes,BR McDermott,PSP Handscomb,NJ Maddinson,4,0,,,,,,"",""
ball,1,10.5,Hobart Hurricanes,BR McDermott,PSP Handscomb,NJ Maddinson,0,0,,,,,,"",""
ball,1,10.6,Hobart Hurricanes,BR McDermott,PSP Handscomb,NJ Maddinson,2,0,,,,,,"",""
ball,1,11.1,Hobart Hurricanes,PSP Handscomb,BR McDermott,JL Pattinson,0,0,,,,,,"",""
ball,1,11.2,Hobart Hurricanes,PSP Handscomb,BR McDermott,JL Pattinson,0,0,,,,,,"",""
ball,1,11.3,Hobart Hurricanes,PSP Handscomb,BR McDermott,JL Pattinson,1,0,,,,,,"",""
ball,1,11.4,Hobart Hurricanes,BR McDermott,PSP Handscomb,JL Pattinson,2,0,,,,,,"",""
ball,1,11.5,Hobart Hurricanes,BR McDermott,PSP Handscomb,JL Pattinson,0,0,,,,,,"",""
ball,1,11.6,Hobart Hurricanes,BR McDermott,PSP Handscomb,JL Pattinson,0,1,1,,,,,"",""
ball,1,11.7,Hobart Hurricanes,BR McDermott,PSP Handscomb,JL Pattinson,1,0,,,,,,"",""
ball,1,12.1,Hobart Hurricanes,BR McDermott,PSP Handscomb,Zahir Khan,2,0,,,,,,"",""
ball,1,12.2,Hobart Hurricanes,BR McDermott,PSP Handscomb,Zahir Khan,6,0,,,,,,"",""
ball,1,12.3,Hobart Hurricanes,BR McDermott,PSP Handscomb,Zahir Khan,2,0,,,,,,"",""
ball,1,12.4,Hobart Hurricanes,BR McDermott,PSP Handscomb,Zahir Khan,6,0,,,,,,"",""
ball,1,12.5,Hobart Hurricanes,BR McDermott,PSP Handscomb,Zahir Khan,0,1,1,,,,,"",""
ball,1,12.6,Hobart Hurricanes,BR McDermott,PSP Handscomb,Zahir Khan,1,0,,,,,,"",""
ball,1,12.7,Hobart Hurricanes,PSP Handscomb,BR McDermott,Zahir Khan,1,0,,,,,,"",""
ball,1,13.1,Hobart Hurricanes,PSP Handscomb,BR McDermott,KW Richardson,1,0,,,,,,"",""
ball,1,13.2,Hobart Hurricanes,BR McDermott,PSP Handscomb,KW Richardson,4,0,,,,,,"",""
ball,1,13.3,Hobart Hurricanes,BR McDermott,PSP Handscomb,KW Richardson,6,0,,,,,,"",""
ball,1,13.4,Hobart Hurricanes,BR McDermott,PSP Handscomb,KW Richardson,4,0,,,,,,"",""
ball,1,13.5,Hobart Hurricanes,BR McDermott,PSP Handscomb,KW Richardson,6,0,,,,,,"",""
ball,1,13.6,Hobart Hurricanes,BR McDermott,PSP Handscomb,KW Richardson,4,0,,,,,,"",""
ball,1,14.1,Hobart Hurricanes,PSP Handscomb,BR McDermott,RJW Topley,4,0,,,,,,"",""
ball,1,14.2,Hobart Hurricanes,PSP Handscomb,BR McDermott,RJW Topley,2,0,,,,,,"",""
ball,1,14.3,Hobart Hurricanes,PSP Handscomb,BR McDermott,RJW Topley,1,0,,,,,,"",""
ball,1,14.4,Hobart Hurricanes,BR McDermott,PSP Handscomb,RJW Topley,1,0,,,,,,"",""
ball,1,14.5,Hobart Hurricanes,PSP Handscomb,BR McDermott,RJW Topley,2,0,,,,,,"",""
ball,1,14.6,Hobart Hurricanes,PSP Handscomb,BR McDermott,RJW Topley,1,0,,,,,,"",""
ball,1,15.1,Hobart Hurricanes,PSP Handscomb,BR McDermott,KW Richardson,0,0,,,,,,"",""
ball,1,15.2,Hobart Hurricanes,PSP Handscomb,BR McDermott,KW Richardson,1,0,,,,,,"",""
ball,1,15.3,Hobart Hurricanes,BR McDermott,PSP Handscomb,KW Richardson,2,0,,,,,,"",""
ball,1,15.4,Hobart Hurricanes,BR McDermott,PSP Handscomb,KW Richardson,0,0,,,,,,"",""
ball,1,15.5,Hobart Hurricanes,BR McDermott,PSP Handscomb,KW Richardson,6,0,,,,,,"",""
ball,1,15.6,Hobart Hurricanes,BR McDermott,PSP Handscomb,KW Richardson,1,0,,,,,,"",""
ball,1,16.1,Hobart Hurricanes,BR McDermott,PSP Handscomb,JL Pattinson,4,0,,,,,,"",""
ball,1,16.2,Hobart Hurricanes,BR McDermott,PSP Handscomb,JL Pattinson,6,0,,,,,,"",""
ball,1,16.3,Hobart Hurricanes,BR McDermott,PSP Handscomb,JL Pattinson,1,0,,,,,,"",""
ball,1,16.4,Hobart Hurricanes,PSP Handscomb,BR McDermott,JL Pattinson,2,0,,,,,,"",""
ball,1,16.5,Hobart Hurricanes,PSP Handscomb,BR McDermott,JL Pattinson,0,1,1,,,,,"",""
ball,1,16.6,Hobart Hurricanes,PSP Handscomb,BR McDermott,JL Pattinson,1,0,,,,,,"",""
ball,1,16.7,Hobart Hurricanes,BR McDermott,PSP Handscomb,JL Pattinson,4,0,,,,,,"",""
ball,1,17.1,Hobart Hurricanes,PSP Handscomb,BR McDermott,JA Prestwidge,1,0,,,,,,"",""
ball,1,17.2,Hobart Hurricanes,BR McDermott,PSP Handscomb,JA Prestwidge,0,0,,,,,,"",""
ball,1,17.3,Hobart Hurricanes,BR McDermott,PSP Handscomb,JA Prestwidge,1,0,,,,,,"",""
ball,1,17.4,Hobart Hurricanes,PSP Handscomb,BR McDermott,JA Prestwidge,0,0,,,,,,caught,PSP Handscomb
ball,1,17.5,Hobart Hurricanes,BR McDermott,TH David,JA Prestwidge,1,0,,,,,,"",""
ball,1,17.6,Hobart Hurricanes,TH David,BR McDermott,JA Prestwidge,1,0,,,,,,"",""
ball,1,18.1,Hobart Hurricanes,TH David,BR McDermott,KW Richardson,0,0,,,,,,"",""
ball,1,18.2,Hobart Hurricanes,TH David,BR McDermott,KW Richardson,6,0,,,,,,"",""
ball,1,18.3,Hobart Hurricanes,TH David,BR McDermott,KW Richardson,1,0,,,,,,"",""
ball,1,18.4,Hobart Hurricanes,BR McDermott,TH David,KW Richardson,1,0,,,,,,"",""
ball,1,18.5,Hobart Hurricanes,TH David,BR McDermott,KW Richardson,6,0,,,,,,"",""
ball,1,18.6,Hobart Hurricanes,TH David,BR McDermott,KW Richardson,4,0,,,,,,"",""
ball,1,19.1,Hobart Hurricanes,BR McDermott,TH David,JA Prestwidge,6,0,,,,,,"",""
ball,1,19.2,Hobart Hurricanes,BR McDermott,TH David,JA Prestwidge,0,0,,,,,,"",""
ball,1,19.3,Hobart Hurricanes,BR McDermott,TH David,JA Prestwidge,1,0,,,,,,"",""
ball,1,19.4,Hobart Hurricanes,TH David,BR McDermott,JA Prestwidge,6,0,,,,,,"",""
ball,1,19.5,Hobart Hurricanes,TH David,BR McDermott,JA Prestwidge,6,0,,,,,,"",""
ball,1,19.6,Hobart Hurricanes,TH David,BR McDermott,JA Prestwidge,0,0,,,,,,run out,BR McDermott
ball,2,0.1,Melbourne Renegades,SB Harper,AJ Finch,RP Meredith,6,0,,,,,,"",""
ball,2,0.2,Melbourne Renegades,SB Harper,AJ Finch,RP Meredith,2,0,,,,,,"",""
ball,2,0.3,Melbourne Renegades,SB Harper,AJ Finch,RP Meredith,0,0,,,,,,"",""
ball,2,0.4,Melbourne Renegades,SB Harper,AJ Finch,RP Meredith,1,0,,,,,,"",""
ball,2,0.5,Melbourne Renegades,AJ Finch,SB Harper,RP Meredith,1,0,,,,,,"",""
ball,2,0.6,Melbourne Renegades,SB Harper,AJ Finch,RP Meredith,0,5,5,,,,,"",""
ball,2,0.7,Melbourne Renegades,SB Harper,AJ Finch,RP Meredith,4,0,,,,,,"",""
ball,2,1.1,Melbourne Renegades,AJ Finch,SB Harper,TS Rogers,0,0,,,,,,caught,AJ Finch
ball,2,1.2,Melbourne Renegades,NJ Maddinson,SB Harper,TS Rogers,0,0,,,,,,"",""
ball,2,1.3,Melbourne Renegades,NJ Maddinson,SB Harper,TS Rogers,1,0,,,,,,"",""
ball,2,1.4,Melbourne Renegades,SB Harper,NJ Maddinson,TS Rogers,1,0,,,,,,"",""
ball,2,1.5,Melbourne Renegades,NJ Maddinson,SB Harper,TS Rogers,1,0,,,,,,"",""
ball,2,1.6,Melbourne Renegades,SB Harper,NJ Maddinson,TS Rogers,0,0,,,,,,"",""
ball,2,2.1,Melbourne Renegades,NJ Maddinson,SB Harper,NT Ellis,1,0,,,,,,"",""
ball,2,2.2,Melbourne Renegades,SB Harper,NJ Maddinson,NT Ellis,0,1,1,,,,,"",""
ball,2,2.3,Melbourne Renegades,SB Harper,NJ Maddinson,NT Ellis,4,0,,,,,,"",""
ball,2,2.4,Melbourne Renegades,SB Harper,NJ Maddinson,NT Ellis,0,0,,,,,,"",""
ball,2,2.5,Melbourne Renegades,SB Harper,NJ Maddinson,NT Ellis,1,0,,,,,,"",""
ball,2,2.6,Melbourne Renegades,NJ Maddinson,SB Harper,NT Ellis,0,0,,,,,,"",""
ball,2,2.7,Melbourne Renegades,NJ Maddinson,SB Harper,NT Ellis,0,0,,,,,,"",""
ball,2,3.1,Melbourne Renegades,SB Harper,NJ Maddinson,TS Rogers,1,0,,,,,,"",""
ball,2,3.2,Melbourne Renegades,NJ Maddinson,SB Harper,TS Rogers,0,0,,,,,,caught,NJ Maddinson
ball,2,3.3,Melbourne Renegades,SB Harper,MW Harvey,TS Rogers,1,0,,,,,,"",""
ball,2,3.4,Melbourne Renegades,MW Harvey,SB Harper,TS Rogers,0,0,,,,,,caught,MW Harvey
ball,2,3.5,Melbourne Renegades,J Fraser-McGurk,SB Harper,TS Rogers,2,0,,,,,,"",""
ball,2,3.6,Melbourne Renegades,J Fraser-McGurk,SB Harper,TS Rogers,6,0,,,,,,"",""
ball,2,4.1,Melbourne Renegades,SB Harper,J Fraser-McGurk,RP Meredith,1,0,,,,,,"",""
ball,2,4.2,Melbourne Renegades,J Fraser-McGurk,SB Harper,RP Meredith,1,0,,,,,,"",""
ball,2,4.3,Melbourne Renegades,SB Harper,J Fraser-McGurk,RP Meredith,0,0,,,,,,"",""
ball,2,4.4,Melbourne Renegades,SB Harper,J Fraser-McGurk,RP Meredith,1,0,,,,,,"",""
ball,2,4.5,Melbourne Renegades,J Fraser-McGurk,SB Harper,RP Meredith,1,0,,,,,,"",""
ball,2,4.6,Melbourne Renegades,SB Harper,J Fraser-McGurk,RP Meredith,4,0,,,,,,"",""
ball,2,5.1,Melbourne Renegades,J Fraser-McGurk,SB Harper,S Lamichhane,2,0,,,,,,"",""
ball,2,5.2,Melbourne Renegades,J Fraser-McGurk,SB Harper,S Lamichhane,1,0,,,,,,"",""
ball,2,5.3,Melbourne Renegades,SB Harper,J Fraser-McGurk,S Lamichhane,1,0,,,,,,"",""
ball,2,5.4,Melbourne Renegades,J Fraser-McGurk,SB Harper,S Lamichhane,1,0,,,,,,"",""
ball,2,5.5,Melbourne Renegades,SB Harper,J Fraser-McGurk,S Lamichhane,2,0,,,,,,"",""
ball,2,5.6,Melbourne Renegades,SB Harper,J Fraser-McGurk,S Lamichhane,6,0,,,,,,"",""
ball,2,6.1,Melbourne Renegades,J Fraser-McGurk,SB Harper,JA Thompson,2,0,,,,,,"",""
ball,2,6.2,Melbourne Renegades,J Fraser-McGurk,SB Harper,JA Thompson,4,0,,,,,,"",""
ball,2,6.3,Melbourne Renegades,J Fraser-McGurk,SB Harper,JA Thompson,0,0,,,,,,"",""
ball,2,6.4,Melbourne Renegades,J Fraser-McGurk,SB Harper,JA Thompson,1,0,,,,,,"",""
ball,2,6.5,Melbourne Renegades,SB Harper,J Fraser-McGurk,JA Thompson,0,1,,,,1,,"",""
ball,2,6.6,Melbourne Renegades,J Fraser-McGurk,SB Harper,JA Thompson,0,0,,,,,,"",""
ball,2,7.1,Melbourne Renegades,SB Harper,J Fraser-McGurk,S Lamichhane,1,0,,,,,,"",""
ball,2,7.2,Melbourne Renegades,J Fraser-McGurk,SB Harper,S Lamichhane,0,0,,,,,,caught,J Fraser-McGurk
ball,2,7.3,Melbourne Renegades,SB Harper,Mohammad Nabi,S Lamichhane,0,1,,,,1,,"",""
ball,2,7.4,Melbourne Renegades,Mohammad Nabi,SB Harper,S Lamichhane,0,0,,,,,,"",""
ball,2,7.5,Melbourne Renegades,Mohammad Nabi,SB Harper,S Lamichhane,2,0,,,,,,"",""
ball,2,7.6,Melbourne Renegades,Mohammad Nabi,SB Harper,S Lamichhane,0,1,1,,,,,"",""
ball,2,7.7,Melbourne Renegades,Mohammad Nabi,SB Harper,S Lamichhane,0,0,,,,,,caught,Mohammad Nabi
ball,2,8.1,Melbourne Renegades,SB Harper,JA Prestwidge,DJM Short,1,0,,,,,,"",""
ball,2,8.2,Melbourne Renegades,JA Prestwidge,SB Harper,DJM Short,1,0,,,,,,"",""
ball,2,8.3,Melbourne Renegades,SB Harper,JA Prestwidge,DJM Short,0,0,,,,,,"",""
ball,2,8.4,Melbourne Renegades,SB Harper,JA Prestwidge,DJM Short,1,0,,,,,,"",""
ball,2,8.5,Melbourne Renegades,JA Prestwidge,SB Harper,DJM Short,1,0,,,,,,"",""
ball,2,8.6,Melbourne Renegades,SB Harper,JA Prestwidge,DJM Short,0,0,,,,,,"",""
ball,2,9.1,Melbourne Renegades,JA Prestwidge,SB Harper,S Lamichhane,0,0,,,,,,"",""
ball,2,9.2,Melbourne Renegades,JA Prestwidge,SB Harper,S Lamichhane,1,0,,,,,,"",""
ball,2,9.3,Melbourne Renegades,SB Harper,JA Prestwidge,S Lamichhane,4,0,,,,,,"",""
ball,2,9.4,Melbourne Renegades,SB Harper,JA Prestwidge,S Lamichhane,1,0,,,,,,"",""
ball,2,9.5,Melbourne Renegades,JA Prestwidge,SB Harper,S Lamichhane,1,0,,,,,,"",""
ball,2,9.6,Melbourne Renegades,SB Harper,JA Prestwidge,S Lamichhane,1,0,,,,,,"",""
ball,2,10.1,Melbourne Renegades,SB Harper,JA Prestwidge,NT Ellis,1,0,,,,,,"",""
ball,2,10.2,Melbourne Renegades,JA Prestwidge,SB Harper,NT Ellis,2,0,,,,,,"",""
ball,2,10.3,Melbourne Renegades,JA Prestwidge,SB Harper,NT Ellis,0,0,,,,,,"",""
ball,2,10.4,Melbourne Renegades,JA Prestwidge,SB Harper,NT Ellis,1,0,,,,,,"",""
ball,2,10.5,Melbourne Renegades,SB Harper,JA Prestwidge,NT Ellis,2,0,,,,,,"",""
ball,2,10.6,Melbourne Renegades,SB Harper,JA Prestwidge,NT Ellis,0,0,,,,,,"",""
ball,2,11.1,Melbourne Renegades,JA Prestwidge,SB Harper,TS Rogers,0,0,,,,,,"",""
ball,2,11.2,Melbourne Renegades,JA Prestwidge,SB Harper,TS Rogers,1,0,,,,,,"",""
ball,2,11.3,Melbourne Renegades,SB Harper,JA Prestwidge,TS Rogers,1,0,,,,,,"",""
ball,2,11.4,Melbourne Renegades,JA Prestwidge,SB Harper,TS Rogers,1,0,,,,,,"",""
ball,2,11.5,Melbourne Renegades,SB Harper,JA Prestwidge,TS Rogers,6,0,,,,,,"",""
ball,2,11.6,Melbourne Renegades,SB Harper,JA Prestwidge,TS Rogers,2,0,,,,,,run out,SB Harper
ball,2,12.1,Melbourne Renegades,JL Pattinson,JA Prestwidge,DJM Short,0,0,,,,,,run out,JL Pattinson
ball,2,12.2,Melbourne Renegades,JA Prestwidge,KW Richardson,DJM Short,1,0,,,,,,"",""
ball,2,12.3,Melbourne Renegades,KW Richardson,JA Prestwidge,DJM Short,0,0,,,,,,caught,KW Richardson
ball,2,12.4,Melbourne Renegades,RJW Topley,JA Prestwidge,DJM Short,0,0,,,,,,"",""
ball,2,12.5,Melbourne Renegades,RJW Topley,JA Prestwidge,DJM Short,0,0,,,,,,"",""
ball,2,12.6,Melbourne Renegades,RJW Topley,JA Prestwidge,DJM Short,6,0,,,,,,"",""
ball,2,13.1,Melbourne Renegades,JA Prestwidge,RJW Topley,RP Meredith,0,0,,,,,,caught,JA Prestwidge
ball,2,13.2,Melbourne Renegades,RJW Topley,Zahir Khan,RP Meredith,1,0,,,,,,"",""
ball,2,13.3,Melbourne Renegades,Zahir Khan,RJW Topley,RP Meredith,1,0,,,,,,"",""
ball,2,13.4,Melbourne Renegades,RJW Topley,Zahir Khan,RP Meredith,0,1,1,,,,,"",""
ball,2,13.5,Melbourne Renegades,RJW Topley,Zahir Khan,RP Meredith,0,0,,,,,,"",""
ball,2,13.6,Melbourne Renegades,RJW Topley,Zahir Khan,RP Meredith,0,0,,,,,,"",""
ball,2,13.7,Melbourne Renegades,RJW Topley,Zahir Khan,RP Meredith,1,0,,,,,,"",""
ball,2,14.1,Melbourne Renegades,RJW Topley,Zahir Khan,NT Ellis,1,0,,,,,,"",""
ball,2,14.2,Melbourne Renegades,Zahir Khan,RJW Topley,NT Ellis,0,0,,,,,,"",""
ball,2,14.3,Melbourne Renegades,Zahir Khan,RJW Topley,NT Ellis,0,0,,,,,,"",""
ball,2,14.4,Melbourne Renegades,Zahir Khan,RJW Topley,NT Ellis,0,0,,,,,,"",""
ball,2,14.5,Melbourne Renegades,Zahir Khan,RJW Topley,NT Ellis,0,0,,,,,,"",""
ball,2,14.6,Melbourne Renegades,Zahir Khan,RJW Topley,NT Ellis,0,0,,,,,,"",""
ball,2,15.1,Melbourne Renegades,RJW Topley,Zahir Khan,S Lamichhane,4,0,,,,,,"",""
ball,2,15.2,Melbourne Renegades,RJW Topley,Zahir Khan,S Lamichhane,0,0,,,,,,"",""
ball,2,15.3,Melbourne Renegades,RJW Topley,Zahir Khan,S Lamichhane,1,0,,,,,,"",""
ball,2,15.4,Melbourne Renegades,Zahir Khan,RJW Topley,S Lamichhane,2,0,,,,,,"",""
ball,2,15.5,Melbourne Renegades,Zahir Khan,RJW Topley,S Lamichhane,0,0,,,,,,stumped,Zahir Khan
