version,1.7.0
info,balls_per_over,6
info,team,Melbourne Stars
info,team,Sydney Sixers
info,gender,male
info,season,2021/22
info,date,2021/12/15
info,event,Big Bash League
info,match_number,13
info,venue,Melbourne Cricket Ground
info,city,Melbourne
info,toss_winner,Sydney Sixers
info,toss_decision,field
info,player_of_match,JR Philippe
info,umpire,BNJ Oxenford
info,umpire,SAJ Craig
info,reserve_umpire,Mattis van Eck
info,tv_umpire,SA Lightbody
info,match_referee,RL Parry
info,winner,Sydney Sixers
info,winner_wickets,7
info,player,Melbourne Stars,MP Stoinis
info,player,Melbourne Stars,JM Clarke
info,player,Melbourne Stars,NCR Larkin
info,player,Melbourne Stars,GJ Maxwell
info,player,Melbourne Stars,HWR Cartwright
info,player,Melbourne Stars,AD Russell
info,player,Melbourne Stars,BJ Webster
info,player,Melbourne Stars,NM Coulter-Nile
info,player,Melbourne Stars,Qais Ahmad
info,player,Melbourne Stars,A Zampa
info,player,Melbourne Stars,BL Couch
info,player,Sydney Sixers,L Pope
info,player,Sydney Sixers,JR Philippe
info,player,Sydney Sixers,JM Vince
info,player,Sydney Sixers,MC Henriques
info,player,Sydney Sixers,DP Hughes
info,player,Sydney Sixers,JC Silk
info,player,Sydney Sixers,DT Christian
info,player,Sydney Sixers,TK Curran
info,player,Sydney Sixers,CJ Jordan
info,player,Sydney Sixers,BJ Dwarshuis
info,player,Sydney Sixers,SNJ O'Keefe
info,player,Sydney Sixers,H Kerr
info,registry,people,A Zampa,14f96089
info,registry,people,AD Russell,bbd41817
info,registry,people,BJ Dwarshuis,e1b9f3a9
info,registry,people,BJ Webster,56b93d46
info,registry,people,BL Couch,be69e09d
info,registry,people,BNJ Oxenford,c1add349
info,registry,people,CJ Jordan,ffe699c0
info,registry,people,DP Hughes,f3982af9
info,registry,people,DT Christian,2a2e6343
info,registry,people,GJ Maxwell,b681e71e
info,registry,people,H Kerr,f422728b
info,registry,people,HWR Cartwright,ab965cad
info,registry,people,JC Silk,7a6dc294
info,registry,people,JM Clarke,2eca67f5
info,registry,people,JM Vince,a15618fe
info,registry,people,JR Philippe,39086549
info,registry,people,L Pope,616a8149
info,registry,people,MC Henriques,32198ae0
info,registry,people,MP Stoinis,d9273ee7
info,registry,people,Mattis van Eck,bf1a68c1
info,registry,people,NCR Larkin,02bce9a8
info,registry,people,NM Coulter-Nile,56ab442f
info,registry,people,Qais Ahmad,8d5d991e
info,registry,people,RL Parry,86d151dc
info,registry,people,SA Lightbody,680b8cbf
info,registry,people,SAJ Craig,689f2eed
info,registry,people,SNJ O'Keefe,3540beff
info,registry,people,TK Curran,e86754b2
ball,1,0.1,Melbourne Stars,MP Stoinis,JM Clarke,SNJ O'Keefe,0,0,,,,,,"",""
ball,1,0.2,Melbourne Stars,MP Stoinis,JM Clarke,SNJ O'Keefe,2,0,,,,,,"",""
ball,1,0.3,Melbourne Stars,MP Stoinis,JM Clarke,SNJ O'Keefe,0,0,,,,,,"",""
ball,1,0.4,Melbourne Stars,MP Stoinis,JM Clarke,SNJ O'Keefe,1,0,,,,,,"",""
ball,1,0.5,Melbourne Stars,JM Clarke,MP Stoinis,SNJ O'Keefe,0,0,,,,,,"",""
ball,1,0.6,Melbourne Stars,JM Clarke,MP Stoinis,SNJ O'Keefe,0,0,,,,,,"",""
ball,1,1.1,Melbourne Stars,MP Stoinis,JM Clarke,BJ Dwarshuis,0,0,,,,,,caught,MP Stoinis
ball,1,1.2,Melbourne Stars,NCR Larkin,JM Clarke,BJ Dwarshuis,0,0,,,,,,"",""
ball,1,1.3,Melbourne Stars,NCR Larkin,JM Clarke,BJ Dwarshuis,0,0,,,,,,"",""
ball,1,1.4,Melbourne Stars,NCR Larkin,JM Clarke,BJ Dwarshuis,2,0,,,,,,"",""
ball,1,1.5,Melbourne Stars,NCR Larkin,JM Clarke,BJ Dwarshuis,0,1,1,,,,,"",""
ball,1,1.6,Melbourne Stars,NCR Larkin,JM Clarke,BJ Dwarshuis,0,0,,,,,,"",""
ball,1,1.7,Melbourne Stars,NCR Larkin,JM Clarke,BJ Dwarshuis,0,0,,,,,,"",""
ball,1,2.1,Melbourne Stars,JM Clarke,NCR Larkin,SNJ O'Keefe,0,0,,,,,,stumped,JM Clarke
ball,1,2.2,Melbourne Stars,GJ Maxwell,NCR Larkin,SNJ O'Keefe,0,0,,,,,,"",""
ball,1,2.3,Melbourne Stars,GJ Maxwell,NCR Larkin,SNJ O'Keefe,0,0,,,,,,"",""
ball,1,2.4,Melbourne Stars,GJ Maxwell,NCR Larkin,SNJ O'Keefe,4,0,,,,,,"",""
ball,1,2.5,Melbourne Stars,GJ Maxwell,NCR Larkin,SNJ O'Keefe,0,0,,,,,,"",""
ball,1,2.6,Melbourne Stars,GJ Maxwell,NCR Larkin,SNJ O'Keefe,0,0,,,,,,"",""
ball,1,3.1,Melbourne Stars,NCR Larkin,GJ Maxwell,CJ Jordan,0,0,,,,,,"",""
ball,1,3.2,Melbourne Stars,NCR Larkin,GJ Maxwell,CJ Jordan,0,0,,,,,,"",""
ball,1,3.3,Melbourne Stars,NCR Larkin,GJ Maxwell,CJ Jordan,0,0,,,,,,"",""
ball,1,3.4,Melbourne Stars,NCR Larkin,GJ Maxwell,CJ Jordan,1,0,,,,,,"",""
ball,1,3.5,Melbourne Stars,GJ Maxwell,NCR Larkin,CJ Jordan,0,0,,,,,,"",""
ball,1,3.6,Melbourne Stars,GJ Maxwell,NCR Larkin,CJ Jordan,1,0,,,,,,"",""
ball,1,4.1,Melbourne Stars,GJ Maxwell,NCR Larkin,BJ Dwarshuis,4,0,,,,,,"",""
ball,1,4.2,Melbourne Stars,GJ Maxwell,NCR Larkin,BJ Dwarshuis,6,0,,,,,,"",""
ball,1,4.3,Melbourne Stars,GJ Maxwell,NCR Larkin,BJ Dwarshuis,1,0,,,,,,"",""
ball,1,4.4,Melbourne Stars,NCR Larkin,GJ Maxwell,BJ Dwarshuis,0,0,,,,,,"",""
ball,1,4.5,Melbourne Stars,NCR Larkin,GJ Maxwell,BJ Dwarshuis,2,0,,,,,,"",""
ball,1,4.6,Melbourne Stars,NCR Larkin,GJ Maxwell,BJ Dwarshuis,1,0,,,,,,"",""
ball,1,5.1,Melbourne Stars,NCR Larkin,GJ Maxwell,L Pope,2,0,,,,,,"",""
ball,1,5.2,Melbourne Stars,NCR Larkin,GJ Maxwell,L Pope,4,0,,,,,,"",""
ball,1,5.3,Melbourne Stars,NCR Larkin,GJ Maxwell,L Pope,0,0,,,,,,"",""
ball,1,5.4,Melbourne Stars,NCR Larkin,GJ Maxwell,L Pope,4,0,,,,,,"",""
ball,1,5.5,Melbourne Stars,NCR Larkin,GJ Maxwell,L Pope,1,0,,,,,,"",""
ball,1,5.6,Melbourne Stars,GJ Maxwell,NCR Larkin,L Pope,1,0,,,,,,"",""
ball,1,6.1,Melbourne Stars,GJ Maxwell,NCR Larkin,TK Curran,4,0,,,,,,"",""
ball,1,6.2,Melbourne Stars,GJ Maxwell,NCR Larkin,TK Curran,4,0,,,,,,"",""
ball,1,6.3,Melbourne Stars,GJ Maxwell,NCR Larkin,TK Curran,1,0,,,,,,"",""
ball,1,6.4,Melbourne Stars,NCR Larkin,GJ Maxwell,TK Curran,0,0,,,,,,"",""
ball,1,6.5,Melbourne Stars,NCR Larkin,GJ Maxwell,TK Curran,0,0,,,,,,"",""
ball,1,6.6,Melbourne Stars,NCR Larkin,GJ Maxwell,TK Curran,2,0,,,,,,"",""
ball,1,7.1,Melbourne Stars,GJ Maxwell,NCR Larkin,SNJ O'Keefe,1,0,,,,,,"",""
ball,1,7.2,Melbourne Stars,NCR Larkin,GJ Maxwell,SNJ O'Keefe,1,0,,,,,,"",""
ball,1,7.3,Melbourne Stars,GJ Maxwell,NCR Larkin,SNJ O'Keefe,1,0,,,,,,"",""
ball,1,7.4,Melbourne Stars,NCR Larkin,GJ Maxwell,SNJ O'Keefe,1,0,,,,,,"",""
ball,1,7.5,Melbourne Stars,GJ Maxwell,NCR Larkin,SNJ O'Keefe,1,0,,,,,,"",""
ball,1,7.6,Melbourne Stars,NCR Larkin,GJ Maxwell,SNJ O'Keefe,1,0,,,,,,"",""
ball,1,8.1,Melbourne Stars,NCR Larkin,GJ Maxwell,DT Christian,1,0,,,,,,"",""
ball,1,8.2,Melbourne Stars,GJ Maxwell,NCR Larkin,DT Christian,2,0,,,,,,"",""
ball,1,8.3,Melbourne Stars,GJ Maxwell,NCR Larkin,DT Christian,1,0,,,,,,"",""
ball,1,8.4,Melbourne Stars,NCR Larkin,GJ Maxwell,DT Christian,0,0,,,,,,bowled,NCR Larkin
ball,1,8.5,Melbourne Stars,HWR Cartwright,GJ Maxwell,DT Christian,1,0,,,,,,"",""
ball,1,8.6,Melbourne Stars,GJ Maxwell,HWR Cartwright,DT Christian,1,0,,,,,,"",""
ball,1,9.1,Melbourne Stars,GJ Maxwell,HWR Cartwright,MC Henriques,1,0,,,,,,"",""
ball,1,9.2,Melbourne Stars,HWR Cartwright,GJ Maxwell,MC Henriques,1,0,,,,,,"",""
ball,1,9.3,Melbourne Stars,GJ Maxwell,HWR Cartwright,MC Henriques,1,0,,,,,,"",""
ball,1,9.4,Melbourne Stars,HWR Cartwright,GJ Maxwell,MC Henriques,0,0,,,,,,"",""
ball,1,9.5,Melbourne Stars,HWR Cartwright,GJ Maxwell,MC Henriques,1,0,,,,,,"",""
ball,1,9.6,Melbourne Stars,GJ Maxwell,HWR Cartwright,MC Henriques,1,0,,,,,,"",""
ball,1,10.1,Melbourne Stars,GJ Maxwell,HWR Cartwright,H Kerr,1,0,,,,,,"",""
ball,1,10.2,Melbourne Stars,HWR Cartwright,GJ Maxwell,H Kerr,1,0,,,,,,"",""
ball,1,10.3,Melbourne Stars,GJ Maxwell,HWR Cartwright,H Kerr,2,0,,,,,,"",""
ball,1,10.4,Melbourne Stars,GJ Maxwell,HWR Cartwright,H Kerr,1,0,,,,,,"",""
ball,1,10.5,Melbourne Stars,HWR Cartwright,GJ Maxwell,H Kerr,0,0,,,,,,"",""
ball,1,10.6,Melbourne Stars,HWR Cartwright,GJ Maxwell,H Kerr,0,0,,,,,,"",""
ball,1,11.1,Melbourne Stars,GJ Maxwell,HWR Cartwright,DT Christian,0,1,1,,,,,"",""
ball,1,11.2,Melbourne Stars,GJ Maxwell,HWR Cartwright,DT Christian,1,0,,,,,,"",""
ball,1,11.3,Melbourne Stars,HWR Cartwright,GJ Maxwell,DT Christian,4,0,,,,,,"",""
ball,1,11.4,Melbourne Stars,HWR Cartwright,GJ Maxwell,DT Christian,1,0,,,,,,"",""
ball,1,11.5,Melbourne Stars,GJ Maxwell,HWR Cartwright,DT Christian,2,0,,,,,,"",""
ball,1,11.6,Melbourne Stars,GJ Maxwell,HWR Cartwright,DT Christian,1,0,,,,,,"",""
ball,1,11.7,Melbourne Stars,HWR Cartwright,GJ Maxwell,DT Christian,1,0,,,,,,"",""
ball,1,12.1,Melbourne Stars,HWR Cartwright,GJ Maxwell,CJ Jordan,1,0,,,,,,"",""
ball,1,12.2,Melbourne Stars,GJ Maxwell,HWR Cartwright,CJ Jordan,2,0,,,,,,"",""
ball,1,12.3,Melbourne Stars,GJ Maxwell,HWR Cartwright,CJ Jordan,2,0,,,,,,"",""
ball,1,12.4,Melbourne Stars,GJ Maxwell,HWR Cartwright,CJ Jordan,0,1,1,,,,,"",""
ball,1,12.5,Melbourne Stars,GJ Maxwell,HWR Cartwright,CJ Jordan,1,0,,,,,,"",""
ball,1,12.6,Melbourne Stars,HWR Cartwright,GJ Maxwell,CJ Jordan,1,0,,,,,,"",""
ball,1,12.7,Melbourne Stars,GJ Maxwell,HWR Cartwright,CJ Jordan,0,1,,,,1,,"",""
ball,1,13.1,Melbourne Stars,GJ Maxwell,HWR Cartwright,BJ Dwarshuis,0,0,,,,,,"",""
ball,1,13.2,Melbourne Stars,GJ Maxwell,HWR Cartwright,BJ Dwarshuis,4,0,,,,,,"",""
ball,1,13.3,Melbourne Stars,GJ Maxwell,HWR Cartwright,BJ Dwarshuis,4,0,,,,,,"",""
ball,1,13.4,Melbourne Stars,GJ Maxwell,HWR Cartwright,BJ Dwarshuis,2,0,,,,,,"",""
ball,1,13.5,Melbourne Stars,GJ Maxwell,HWR Cartwright,BJ Dwarshuis,6,0,,,,,,"",""
ball,1,13.6,Melbourne Stars,GJ Maxwell,HWR Cartwright,BJ Dwarshuis,4,0,,,,,,"",""
ball,1,14.1,Melbourne Stars,HWR Cartwright,GJ Maxwell,H Kerr,1,0,,,,,,"",""
ball,1,14.2,Melbourne Stars,GJ Maxwell,HWR Cartwright,H Kerr,0,0,,,,,,"",""
ball,1,14.3,Melbourne Stars,GJ Maxwell,HWR Cartwright,H Kerr,0,0,,,,,,"",""
ball,1,14.4,Melbourne Stars,GJ Maxwell,HWR Cartwright,H Kerr,6,0,,,,,,"",""
ball,1,14.5,Melbourne Stars,GJ Maxwell,HWR Cartwright,H Kerr,4,0,,,,,,"",""
ball,1,14.6,Melbourne Stars,GJ Maxwell,HWR Cartwright,H Kerr,1,0,,,,,,"",""
ball,1,15.1,Melbourne Stars,GJ Maxwell,HWR Cartwright,SNJ O'Keefe,1,0,,,,,,"",""
ball,1,15.2,Melbourne Stars,HWR Cartwright,GJ Maxwell,SNJ O'Keefe,0,0,,,,,,"",""
ball,1,15.3,Melbourne Stars,HWR Cartwright,GJ Maxwell,SNJ O'Keefe,4,0,,,,,,"",""
ball,1,15.4,Melbourne Stars,HWR Cartwright,GJ Maxwell,SNJ O'Keefe,4,0,,,,,,"",""
ball,1,15.5,Melbourne Stars,HWR Cartwright,GJ Maxwell,SNJ O'Keefe,1,0,,,,,,"",""
ball,1,15.6,Melbourne Stars,GJ Maxwell,HWR Cartwright,SNJ O'Keefe,1,0,,,,,,"",""
ball,1,16.1,Melbourne Stars,GJ Maxwell,HWR Cartwright,CJ Jordan,1,0,,,,,,"",""
ball,1,16.2,Melbourne Stars,HWR Cartwright,GJ Maxwell,CJ Jordan,0,0,,,,,,"",""
ball,1,16.3,Melbourne Stars,HWR Cartwright,GJ Maxwell,CJ Jordan,1,0,,,,,,"",""
ball,1,16.4,Melbourne Stars,GJ Maxwell,HWR Cartwright,CJ Jordan,4,0,,,,,,"",""
ball,1,16.5,Melbourne Stars,GJ Maxwell,HWR Cartwright,CJ Jordan,0,0,,,,,,"",""
ball,1,16.6,Melbourne Stars,GJ Maxwell,HWR Cartwright,CJ Jordan,4,0,,,,,,"",""
ball,1,17.1,Melbourne Stars,HWR Cartwright,GJ Maxwell,H Kerr,0,0,,,,,,bowled,HWR Cartwright
ball,1,17.2,Melbourne Stars,AD Russell,GJ Maxwell,H Kerr,1,0,,,,,,"",""
ball,1,17.3,Melbourne Stars,GJ Maxwell,AD Russell,H Kerr,0,0,,,,,,"",""
ball,1,17.4,Melbourne Stars,GJ Maxwell,AD Russell,H Kerr,4,0,,,,,,"",""
ball,1,17.5,Melbourne Stars,GJ Maxwell,AD Russell,H Kerr,4,0,,,,,,"",""
ball,1,17.6,Melbourne Stars,GJ Maxwell,AD Russell,H Kerr,1,0,,,,,,"",""
ball,1,18.1,Melbourne Stars,GJ Maxwell,AD Russell,CJ Jordan,1,0,,,,,,"",""
ball,1,18.2,Melbourne Stars,AD Russell,GJ Maxwell,CJ Jordan,0,4,,,,4,,"",""
ball,1,18.3,Melbourne Stars,AD Russell,GJ Maxwell,CJ Jordan,1,0,,,,,,"",""
ball,1,18.4,Melbourne Stars,GJ Maxwell,AD Russell,CJ Jordan,2,0,,,,,,"",""
ball,1,18.5,Melbourne Stars,GJ Maxwell,AD Russell,CJ Jordan,0,0,,,,,,caught,GJ Maxwell
ball,1,18.6,Melbourne Stars,BJ Webster,AD Russell,CJ Jordan,0,0,,,,,,"",""
ball,1,19.1,Melbourne Stars,AD Russell,BJ Webster,BJ Dwarshuis,2,0,,,,,,"",""
ball,1,19.2,Melbourne Stars,AD Russell,BJ Webster,BJ Dwarshuis,2,0,,,,,,"",""
ball,1,19.3,Melbourne Stars,AD Russell,BJ Webster,BJ Dwarshuis,2,0,,,,,,"",""
ball,1,19.4,Melbourne Stars,AD Russell,BJ Webster,BJ Dwarshuis,4,0,,,,,,"",""
ball,1,19.5,Melbourne Stars,AD Russell,BJ Webster,BJ Dwarshuis,0,1,,,1,,,"",""
ball,1,19.6,Melbourne Stars,BJ Webster,AD Russell,BJ Dwarshuis,4,0,,,,,,"",""
ball,2,0.1,Sydney Sixers,JR Philippe,JM Vince,GJ Maxwell,2,0,,,,,,"",""
ball,2,0.2,Sydney Sixers,JR Philippe,JM Vince,GJ Maxwell,4,0,,,,,,"",""
ball,2,0.3,Sydney Sixers,JR Philippe,JM Vince,GJ Maxwell,0,0,,,,,,"",""
ball,2,0.4,Sydney Sixers,JR Philippe,JM Vince,GJ Maxwell,1,0,,,,,,"",""
ball,2,0.5,Sydney Sixers,JM Vince,JR Philippe,GJ Maxwell,0,0,,,,,,"",""
ball,2,0.6,Sydney Sixers,JM Vince,JR Philippe,GJ Maxwell,1,0,,,,,,"",""
ball,2,1.1,Sydney Sixers,JM Vince,JR Philippe,BL Couch,1,0,,,,,,"",""
ball,2,1.2,Sydney Sixers,JR Philippe,JM Vince,BL Couch,0,0,,,,,,"",""
ball,2,1.3,Sydney Sixers,JR Philippe,JM Vince,BL Couch,0,0,,,,,,"",""
ball,2,1.4,Sydney Sixers,JR Philippe,JM Vince,BL Couch,2,0,,,,,,"",""
ball,2,1.5,Sydney Sixers,JR Philippe,JM Vince,BL Couch,4,0,,,,,,"",""
ball,2,1.6,Sydney Sixers,JR Philippe,JM Vince,BL Couch,2,0,,,,,,"",""
ball,2,2.1,Sydney Sixers,JM Vince,JR Philippe,A Zampa,1,0,,,,,,"",""
ball,2,2.2,Sydney Sixers,JR Philippe,JM Vince,A Zampa,0,0,,,,,,"",""
ball,2,2.3,Sydney Sixers,JR Philippe,JM Vince,A Zampa,0,0,,,,,,"",""
ball,2,2.4,Sydney Sixers,JR Philippe,JM Vince,A Zampa,1,0,,,,,,"",""
ball,2,2.5,Sydney Sixers,JM Vince,JR Philippe,A Zampa,1,0,,,,,,"",""
ball,2,2.6,Sydney Sixers,JR Philippe,JM Vince,A Zampa,0,0,,,,,,"",""
ball,2,3.1,Sydney Sixers,JM Vince,JR Philippe,NM Coulter-Nile,1,0,,,,,,"",""
ball,2,3.2,Sydney Sixers,JR Philippe,JM Vince,NM Coulter-Nile,1,0,,,,,,"",""
ball,2,3.3,Sydney Sixers,JM Vince,JR Philippe,NM Coulter-Nile,4,0,,,,,,"",""
ball,2,3.4,Sydney Sixers,JM Vince,JR Philippe,NM Coulter-Nile,0,4,,,,4,,"",""
ball,2,3.5,Sydney Sixers,JM Vince,JR Philippe,NM Coulter-Nile,0,0,,,,,,caught,JM Vince
ball,2,3.6,Sydney Sixers,MC Henriques,JR Philippe,NM Coulter-Nile,1,0,,,,,,"",""
ball,2,4.1,Sydney Sixers,MC Henriques,JR Philippe,Qais Ahmad,1,0,,,,,,"",""
ball,2,4.2,Sydney Sixers,JR Philippe,MC Henriques,Qais Ahmad,1,0,,,,,,"",""
ball,2,4.3,Sydney Sixers,MC Henriques,JR Philippe,Qais Ahmad,6,0,,,,,,"",""
ball,2,4.4,Sydney Sixers,MC Henriques,JR Philippe,Qais Ahmad,0,0,,,,,,"",""
ball,2,4.5,Sydney Sixers,MC Henriques,JR Philippe,Qais Ahmad,1,0,,,,,,"",""
ball,2,4.6,Sydney Sixers,JR Philippe,MC Henriques,Qais Ahmad,1,0,,,,,,"",""
ball,2,5.1,Sydney Sixers,JR Philippe,MC Henriques,A Zampa,1,0,,,,,,"",""
ball,2,5.2,Sydney Sixers,MC Henriques,JR Philippe,A Zampa,1,0,,,,,,"",""
ball,2,5.3,Sydney Sixers,JR Philippe,MC Henriques,A Zampa,1,0,,,,,,"",""
ball,2,5.4,Sydney Sixers,MC Henriques,JR Philippe,A Zampa,0,0,,,,,,"",""
ball,2,5.5,Sydney Sixers,MC Henriques,JR Philippe,A Zampa,1,0,,,,,,"",""
ball,2,5.6,Sydney Sixers,JR Philippe,MC Henriques,A Zampa,0,0,,,,,,"",""
ball,2,6.1,Sydney Sixers,MC Henriques,JR Philippe,AD Russell,1,0,,,,,,"",""
ball,2,6.2,Sydney Sixers,JR Philippe,MC Henriques,AD Russell,0,0,,,,,,"",""
ball,2,6.3,Sydney Sixers,JR Philippe,MC Henriques,AD Russell,1,0,,,,,,"",""
ball,2,6.4,Sydney Sixers,MC Henriques,JR Philippe,AD Russell,1,0,,,,,,"",""
ball,2,6.5,Sydney Sixers,JR Philippe,MC Henriques,AD Russell,4,0,,,,,,"",""
ball,2,6.6,Sydney Sixers,JR Philippe,MC Henriques,AD Russell,1,0,,,,,,"",""
ball,2,7.1,Sydney Sixers,JR Philippe,MC Henriques,Qais Ahmad,1,0,,,,,,"",""
ball,2,7.2,Sydney Sixers,MC Henriques,JR Philippe,Qais Ahmad,1,0,,,,,,"",""
ball,2,7.3,Sydney Sixers,JR Philippe,MC Henriques,Qais Ahmad,1,0,,,,,,"",""
ball,2,7.4,Sydney Sixers,MC Henriques,JR Philippe,Qais Ahmad,1,0,,,,,,"",""
ball,2,7.5,Sydney Sixers,JR Philippe,MC Henriques,Qais Ahmad,6,0,,,,,,"",""
ball,2,7.6,Sydney Sixers,JR Philippe,MC Henriques,Qais Ahmad,3,0,,,,,,"",""
ball,2,8.1,Sydney Sixers,JR Philippe,MC Henriques,BL Couch,1,0,,,,,,"",""
ball,2,8.2,Sydney Sixers,MC Henriques,JR Philippe,BL Couch,1,0,,,,,,"",""
ball,2,8.3,Sydney Sixers,JR Philippe,MC Henriques,BL Couch,1,0,,,,,,"",""
ball,2,8.4,Sydney Sixers,MC Henriques,JR Philippe,BL Couch,1,0,,,,,,"",""
ball,2,8.5,Sydney Sixers,JR Philippe,MC Henriques,BL Couch,1,0,,,,,,"",""
ball,2,8.6,Sydney Sixers,MC Henriques,JR Philippe,BL Couch,1,0,,,,,,"",""
ball,2,9.1,Sydney Sixers,MC Henriques,JR Philippe,A Zampa,6,0,,,,,,"",""
ball,2,9.2,Sydney Sixers,MC Henriques,JR Philippe,A Zampa,0,0,,,,,,"",""
ball,2,9.3,Sydney Sixers,MC Henriques,JR Philippe,A Zampa,1,0,,,,,,"",""
ball,2,9.4,Sydney Sixers,JR Philippe,MC Henriques,A Zampa,1,0,,,,,,"",""
ball,2,9.5,Sydney Sixers,MC Henriques,JR Philippe,A Zampa,4,0,,,,,,"",""
ball,2,9.6,Sydney Sixers,MC Henriques,JR Philippe,A Zampa,0,0,,,,,,lbw,MC Henriques
ball,2,10.1,Sydney Sixers,JR Philippe,DP Hughes,GJ Maxwell,4,0,,,,,,"",""
ball,2,10.2,Sydney Sixers,JR Philippe,DP Hughes,GJ Maxwell,1,0,,,,,,"",""
ball,2,10.3,Sydney Sixers,DP Hughes,JR Philippe,GJ Maxwell,1,0,,,,,,"",""
ball,2,10.4,Sydney Sixers,JR Philippe,DP Hughes,GJ Maxwell,1,0,,,,,,"",""
ball,2,10.5,Sydney Sixers,DP Hughes,JR Philippe,GJ Maxwell,1,0,,,,,,"",""
ball,2,10.6,Sydney Sixers,JR Philippe,DP Hughes,GJ Maxwell,4,0,,,,,,"",""
ball,2,11.1,Sydney Sixers,DP Hughes,JR Philippe,AD Russell,1,0,,,,,,"",""
ball,2,11.2,Sydney Sixers,JR Philippe,DP Hughes,AD Russell,0,1,,,,1,,"",""
ball,2,11.3,Sydney Sixers,DP Hughes,JR Philippe,AD Russell,0,1,1,,,,,"",""
ball,2,11.4,Sydney Sixers,DP Hughes,JR Philippe,AD Russell,1,0,,,,,,"",""
ball,2,11.5,Sydney Sixers,JR Philippe,DP Hughes,AD Russell,1,0,,,,,,"",""
ball,2,11.6,Sydney Sixers,DP Hughes,JR Philippe,AD Russell,0,0,,,,,,"",""
ball,2,11.7,Sydney Sixers,DP Hughes,JR Philippe,AD Russell,0,0,,,,,,"",""
ball,2,12.1,Sydney Sixers,JR Philippe,DP Hughes,NM Coulter-Nile,4,0,,,,,,"",""
ball,2,12.2,Sydney Sixers,JR Philippe,DP Hughes,NM Coulter-Nile,1,0,,,,,,"",""
ball,2,12.3,Sydney Sixers,DP Hughes,JR Philippe,NM Coulter-Nile,0,0,,,,,,"",""
ball,2,12.4,Sydney Sixers,DP Hughes,JR Philippe,NM Coulter-Nile,6,0,,,,,,"",""
ball,2,12.5,Sydney Sixers,DP Hughes,JR Philippe,NM Coulter-Nile,1,0,,,,,,"",""
ball,2,12.6,Sydney Sixers,JR Philippe,DP Hughes,NM Coulter-Nile,0,1,,1,,,,"",""
ball,2,12.7,Sydney Sixers,JR Philippe,DP Hughes,NM Coulter-Nile,2,0,,,,,,"",""
ball,2,13.1,Sydney Sixers,DP Hughes,JR Philippe,BL Couch,0,0,,,,,,caught and bowled,DP Hughes
ball,2,13.2,Sydney Sixers,JC Silk,JR Philippe,BL Couch,0,0,,,,,,"",""
ball,2,13.3,Sydney Sixers,JC Silk,JR Philippe,BL Couch,2,0,,,,,,"",""
ball,2,13.4,Sydney Sixers,JC Silk,JR Philippe,BL Couch,1,0,,,,,,"",""
ball,2,13.5,Sydney Sixers,JR Philippe,JC Silk,BL Couch,0,0,,,,,,"",""
ball,2,13.6,Sydney Sixers,JR Philippe,JC Silk,BL Couch,4,0,,,,,,"",""
ball,2,14.1,Sydney Sixers,JC Silk,JR Philippe,Qais Ahmad,2,0,,,,,,"",""
ball,2,14.2,Sydney Sixers,JC Silk,JR Philippe,Qais Ahmad,1,0,,,,,,"",""
ball,2,14.3,Sydney Sixers,JR Philippe,JC Silk,Qais Ahmad,0,0,,,,,,"",""
ball,2,14.4,Sydney Sixers,JR Philippe,JC Silk,Qais Ahmad,2,0,,,,,,"",""
ball,2,14.5,Sydney Sixers,JR Philippe,JC Silk,Qais Ahmad,1,0,,,,,,"",""
ball,2,14.6,Sydney Sixers,JC Silk,JR Philippe,Qais Ahmad,1,0,,,,,,"",""
ball,2,15.1,Sydney Sixers,JC Silk,JR Philippe,NM Coulter-Nile,1,0,,,,,,"",""
ball,2,15.2,Sydney Sixers,JR Philippe,JC Silk,NM Coulter-Nile,0,0,,,,,,"",""
ball,2,15.3,Sydney Sixers,JR Philippe,JC Silk,NM Coulter-Nile,4,0,,,,,,"",""
ball,2,15.4,Sydney Sixers,JR Philippe,JC Silk,NM Coulter-Nile,4,0,,,,,,"",""
ball,2,15.5,Sydney Sixers,JR Philippe,JC Silk,NM Coulter-Nile,1,0,,,,,,"",""
ball,2,15.6,Sydney Sixers,JC Silk,JR Philippe,NM Coulter-Nile,0,0,,,,,,"",""
ball,2,16.1,Sydney Sixers,JR Philippe,JC Silk,A Zampa,4,0,,,,,,"",""
ball,2,16.2,Sydney Sixers,JR Philippe,JC Silk,A Zampa,1,0,,,,,,"",""
ball,2,16.3,Sydney Sixers,JC Silk,JR Philippe,A Zampa,1,0,,,,,,"",""
ball,2,16.4,Sydney Sixers,JR Philippe,JC Silk,A Zampa,1,0,,,,,,"",""
ball,2,16.5,Sydney Sixers,JC Silk,JR Philippe,A Zampa,1,0,,,,,,"",""
ball,2,16.6,Sydney Sixers,JR Philippe,JC Silk,A Zampa,1,0,,,,,,"",""
ball,2,17.1,Sydney Sixers,JR Philippe,JC Silk,AD Russell,1,0,,,,,,"",""
ball,2,17.2,Sydney Sixers,JC Silk,JR Philippe,AD Russell,4,0,,,,,,"",""
ball,2,17.3,Sydney Sixers,JC Silk,JR Philippe,AD Russell,1,0,,,,,,"",""
ball,2,17.4,Sydney Sixers,JR Philippe,JC Silk,AD Russell,1,0,,,,,,"",""
ball,2,17.5,Sydney Sixers,JC Silk,JR Philippe,AD Russell,1,0,,,,,,"",""
ball,2,17.6,Sydney Sixers,JR Philippe,JC Silk,AD Russell,4,0,,,,,,"",""
ball,2,18.1,Sydney Sixers,JC Silk,JR Philippe,NM Coulter-Nile,2,0,,,,,,"",""
ball,2,18.2,Sydney Sixers,JC Silk,JR Philippe,NM Coulter-Nile,1,0,,,,,,"",""
ball,2,18.3,Sydney Sixers,JR Philippe,JC Silk,NM Coulter-Nile,0,2,2,,,,,"",""
ball,2,18.4,Sydney Sixers,JC Silk,JR Philippe,NM Coulter-Nile,2,0,,,,,,"",""
ball,2,18.5,Sydney Sixers,JC Silk,JR Philippe,NM Coulter-Nile,2,0,,,,,,"",""
ball,2,18.6,Sydney Sixers,JC Silk,JR Philippe,NM Coulter-Nile,1,0,,,,,,"",""
ball,2,18.7,Sydney Sixers,JR Philippe,JC Silk,NM Coulter-Nile,1,0,,,,,,"",""
ball,2,19.1,Sydney Sixers,JR Philippe,JC Silk,Qais Ahmad,2,0,,,,,,"",""
ball,2,19.2,Sydney Sixers,JR Philippe,JC Silk,Qais Ahmad,1,0,,,,,,"",""
ball,2,19.3,Sydney Sixers,JC Silk,JR Philippe,Qais Ahmad,1,0,,,,,,"",""
ball,2,19.4,Sydney Sixers,JR Philippe,JC Silk,Qais Ahmad,6,0,,,,,,"",""
