version,1.7.0
info,balls_per_over,6
info,team,Melbourne Stars
info,team,Sydney Thunder
info,gender,male
info,season,2021/22
info,date,2021/12/10
info,event,Big Bash League
info,match_number,7
info,venue,Melbourne Cricket Ground
info,city,Melbourne
info,toss_winner,Sydney Thunder
info,toss_decision,field
info,player_of_match,NCR Larkin
info,umpire,DR Close
info,umpire,GJ Davidson
info,reserve_umpire,Mattis van Eck
info,tv_umpire,Troy Penman
info,match_referee,RW Stratford
info,winner,Melbourne Stars
info,winner_runs,4
info,player,Melbourne Stars,MP Stoinis
info,player,Melbourne Stars,JM Clarke
info,player,Melbourne Stars,GJ Maxwell
info,player,Melbourne Stars,NCR Larkin
info,player,Melbourne Stars,HWR Cartwright
info,player,Melbourne Stars,AD Russell
info,player,Melbourne Stars,BJ Webster
info,player,Melbourne Stars,NM Coulter-Nile
info,player,Melbourne Stars,A Zampa
info,player,Melbourne Stars,Qais Ahmad
info,player,Melbourne Stars,BL Couch
info,player,Sydney Thunder,AD Hales
info,player,Sydney Thunder,SM Whiteman
info,player,Sydney Thunder,M Gilkes
info,player,Sydney Thunder,SW Billings
info,player,Sydney Thunder,DR Sams
info,player,Sydney Thunder,AI Ross
info,player,Sydney Thunder,BCJ Cutting
info,player,Sydney Thunder,N McAndrew
info,player,Sydney Thunder,CJ Green
info,player,Sydney Thunder,GS Sandhu
info,player,Sydney Thunder,T Sangha
info,registry,people,A Zampa,14f96089
info,registry,people,AD Hales,92aeac25
info,registry,people,AD Russell,bbd41817
info,registry,people,AI Ross,fb0d68b4
info,registry,people,BCJ Cutting,2e11c706
info,registry,people,BJ Webster,56b93d46
info,registry,people,BL Couch,be69e09d
info,registry,people,CJ Green,19b9f399
info,registry,people,DR Close,4cae2b0c
info,registry,people,DR Sams,caf69bf7
info,registry,people,GJ Davidson,31ad5973
info,registry,people,GJ Maxwell,b681e71e
info,registry,people,GS Sandhu,1558d83b
info,registry,people,HWR Cartwright,ab965cad
info,registry,people,JM Clarke,2eca67f5
info,registry,people,M Gilkes,d85b0f8b
info,registry,people,MP Stoinis,d9273ee7
info,registry,people,Mattis van Eck,bf1a68c1
info,registry,people,N McAndrew,38c276e1
info,registry,people,NCR Larkin,02bce9a8
info,registry,people,NM Coulter-Nile,56ab442f
info,registry,people,Qais Ahmad,8d5d991e
info,registry,people,RW Stratford,85489579
info,registry,people,SM Whiteman,f4427cc6
info,registry,people,SW Billings,c16d4035
info,registry,people,T Sangha,52c952d9
info,registry,people,Troy Penman,0aa42c26
ball,1,0.1,Melbourne Stars,MP Stoinis,JM Clarke,GS Sandhu,0,1,1,,,,,"",""
ball,1,0.2,Melbourne Stars,MP Stoinis,JM Clarke,GS Sandhu,0,0,,,,,,"",""
ball,1,0.3,Melbourne Stars,MP Stoinis,JM Clarke,GS Sandhu,1,0,,,,,,"",""
ball,1,0.4,Melbourne Stars,JM Clarke,MP Stoinis,GS Sandhu,0,0,,,,,,"",""
ball,1,0.5,Melbourne Stars,JM Clarke,MP Stoinis,GS Sandhu,0,1,1,,,,,"",""
ball,1,0.6,Melbourne Stars,JM Clarke,MP Stoinis,GS Sandhu,0,0,,,,,,"",""
ball,1,0.7,Melbourne Stars,JM Clarke,MP Stoinis,GS Sandhu,1,0,,,,,,"",""
ball,1,0.8,Melbourne Stars,MP Stoinis,JM Clarke,GS Sandhu,0,0,,,,,,"",""
ball,1,1.1,Melbourne Stars,JM Clarke,MP Stoinis,DR Sams,1,0,,,,,,"",""
ball,1,1.2,Melbourne Stars,MP Stoinis,JM Clarke,DR Sams,1,0,,,,,,"",""
ball,1,1.3,Melbourne Stars,JM Clarke,MP Stoinis,DR Sams,0,1,1,,,,,"",""
ball,1,1.4,Melbourne Stars,JM Clarke,MP Stoinis,DR Sams,4,0,,,,,,"",""
ball,1,1.5,Melbourne Stars,JM Clarke,MP Stoinis,DR Sams,1,0,,,,,,"",""
ball,1,1.6,Melbourne Stars,MP Stoinis,JM Clarke,DR Sams,0,0,,,,,,"",""
ball,1,1.7,Melbourne Stars,MP Stoinis,JM Clarke,DR Sams,0,0,,,,,,"",""
ball,1,2.1,Melbourne Stars,JM Clarke,MP Stoinis,N McAndrew,0,0,,,,,,"",""
ball,1,2.2,Melbourne Stars,JM Clarke,MP Stoinis,N McAndrew,4,0,,,,,,"",""
ball,1,2.3,Melbourne Stars,JM Clarke,MP Stoinis,N McAndrew,0,0,,,,,,"",""
ball,1,2.4,Melbourne Stars,JM Clarke,MP Stoinis,N McAndrew,0,0,,,,,,"",""
ball,1,2.5,Melbourne Stars,JM Clarke,MP Stoinis,N McAndrew,2,0,,,,,,"",""
ball,1,2.6,Melbourne Stars,JM Clarke,MP Stoinis,N McAndrew,0,0,,,,,,caught,JM Clarke
ball,1,3.1,Melbourne Stars,MP Stoinis,GJ Maxwell,DR Sams,2,0,,,,,,"",""
ball,1,3.2,Melbourne Stars,MP Stoinis,GJ Maxwell,DR Sams,0,0,,,,,,"",""
ball,1,3.3,Melbourne Stars,MP Stoinis,GJ Maxwell,DR Sams,4,0,,,,,,"",""
ball,1,3.4,Melbourne Stars,MP Stoinis,GJ Maxwell,DR Sams,4,0,,,,,,"",""
ball,1,3.5,Melbourne Stars,MP Stoinis,GJ Maxwell,DR Sams,1,0,,,,,,"",""
ball,1,3.6,Melbourne Stars,GJ Maxwell,MP Stoinis,DR Sams,1,0,,,,,,"",""
ball,1,4.1,Melbourne Stars,GJ Maxwell,MP Stoinis,N McAndrew,1,0,,,,,,"",""
ball,1,4.2,Melbourne Stars,MP Stoinis,GJ Maxwell,N McAndrew,0,0,,,,,,"",""
ball,1,4.3,Melbourne Stars,MP Stoinis,GJ Maxwell,N McAndrew,0,0,,,,,,run out,MP Stoinis
ball,1,4.4,Melbourne Stars,GJ Maxwell,NCR Larkin,N McAndrew,0,1,1,,,,,"",""
ball,1,4.5,Melbourne Stars,GJ Maxwell,NCR Larkin,N McAndrew,1,0,,,,,,"",""
ball,1,4.6,Melbourne Stars,NCR Larkin,GJ Maxwell,N McAndrew,0,0,,,,,,"",""
ball,1,4.7,Melbourne Stars,NCR Larkin,GJ Maxwell,N McAndrew,0,0,,,,,,"",""
ball,1,5.1,Melbourne Stars,GJ Maxwell,NCR Larkin,T Sangha,1,0,,,,,,"",""
ball,1,5.2,Melbourne Stars,NCR Larkin,GJ Maxwell,T Sangha,1,0,,,,,,"",""
ball,1,5.3,Melbourne Stars,GJ Maxwell,NCR Larkin,T Sangha,1,0,,,,,,"",""
ball,1,5.4,Melbourne Stars,NCR Larkin,GJ Maxwell,T Sangha,1,0,,,,,,"",""
ball,1,5.5,Melbourne Stars,GJ Maxwell,NCR Larkin,T Sangha,1,0,,,,,,"",""
ball,1,5.6,Melbourne Stars,NCR Larkin,GJ Maxwell,T Sangha,2,0,,,,,,"",""
ball,1,6.1,Melbourne Stars,GJ Maxwell,NCR Larkin,GS Sandhu,2,0,,,,,,"",""
ball,1,6.2,Melbourne Stars,GJ Maxwell,NCR Larkin,GS Sandhu,2,0,,,,,,"",""
ball,1,6.3,Melbourne Stars,GJ Maxwell,NCR Larkin,GS Sandhu,0,0,,,,,,"",""
ball,1,6.4,Melbourne Stars,GJ Maxwell,NCR Larkin,GS Sandhu,0,0,,,,,,"",""
ball,1,6.5,Melbourne Stars,GJ Maxwell,NCR Larkin,GS Sandhu,1,0,,,,,,"",""
ball,1,6.6,Melbourne Stars,NCR Larkin,GJ Maxwell,GS Sandhu,0,0,,,,,,"",""
ball,1,7.1,Melbourne Stars,GJ Maxwell,NCR Larkin,CJ Green,3,0,,,,,,"",""
ball,1,7.2,Melbourne Stars,NCR Larkin,GJ Maxwell,CJ Green,4,0,,,,,,"",""
ball,1,7.3,Melbourne Stars,NCR Larkin,GJ Maxwell,CJ Green,0,0,,,,,,"",""
ball,1,7.4,Melbourne Stars,NCR Larkin,GJ Maxwell,CJ Green,2,0,,,,,,"",""
ball,1,7.5,Melbourne Stars,NCR Larkin,GJ Maxwell,CJ Green,0,0,,,,,,"",""
ball,1,7.6,Melbourne Stars,NCR Larkin,GJ Maxwell,CJ Green,1,0,,,,,,"",""
ball,1,8.1,Melbourne Stars,NCR Larkin,GJ Maxwell,BCJ Cutting,1,0,,,,,,"",""
ball,1,8.2,Melbourne Stars,GJ Maxwell,NCR Larkin,BCJ Cutting,0,1,,,,1,,"",""
ball,1,8.3,Melbourne Stars,NCR Larkin,GJ Maxwell,BCJ Cutting,1,0,,,,,,"",""
ball,1,8.4,Melbourne Stars,GJ Maxwell,NCR Larkin,BCJ Cutting,1,0,,,,,,"",""
ball,1,8.5,Melbourne Stars,NCR Larkin,GJ Maxwell,BCJ Cutting,0,0,,,,,,"",""
ball,1,8.6,Melbourne Stars,NCR Larkin,GJ Maxwell,BCJ Cutting,0,0,,,,,,"",""
ball,1,9.1,Melbourne Stars,GJ Maxwell,NCR Larkin,T Sangha,1,0,,,,,,"",""
ball,1,9.2,Melbourne Stars,NCR Larkin,GJ Maxwell,T Sangha,1,0,,,,,,"",""
ball,1,9.3,Melbourne Stars,GJ Maxwell,NCR Larkin,T Sangha,0,0,,,,,,bowled,GJ Maxwell
ball,1,9.4,Melbourne Stars,HWR Cartwright,NCR Larkin,T Sangha,0,0,,,,,,"",""
ball,1,9.5,Melbourne Stars,HWR Cartwright,NCR Larkin,T Sangha,1,0,,,,,,"",""
ball,1,9.6,Melbourne Stars,NCR Larkin,HWR Cartwright,T Sangha,0,0,,,,,,"",""
ball,1,10.1,Melbourne Stars,HWR Cartwright,NCR Larkin,BCJ Cutting,0,0,,,,,,"",""
ball,1,10.2,Melbourne Stars,HWR Cartwright,NCR Larkin,BCJ Cutting,0,0,,,,,,"",""
ball,1,10.3,Melbourne Stars,HWR Cartwright,NCR Larkin,BCJ Cutting,0,0,,,,,,"",""
ball,1,10.4,Melbourne Stars,HWR Cartwright,NCR Larkin,BCJ Cutting,2,0,,,,,,"",""
ball,1,10.5,Melbourne Stars,HWR Cartwright,NCR Larkin,BCJ Cutting,4,0,,,,,,"",""
ball,1,10.6,Melbourne Stars,HWR Cartwright,NCR Larkin,BCJ Cutting,1,0,,,,,,"",""
ball,1,11.1,Melbourne Stars,HWR Cartwright,NCR Larkin,CJ Green,1,0,,,,,,"",""
ball,1,11.2,Melbourne Stars,NCR Larkin,HWR Cartwright,CJ Green,1,0,,,,,,"",""
ball,1,11.3,Melbourne Stars,HWR Cartwright,NCR Larkin,CJ Green,2,0,,,,,,"",""
ball,1,11.4,Melbourne Stars,HWR Cartwright,NCR Larkin,CJ Green,0,1,1,,,,,"",""
ball,1,11.5,Melbourne Stars,HWR Cartwright,NCR Larkin,CJ Green,0,0,,,,,,"",""
ball,1,11.6,Melbourne Stars,HWR Cartwright,NCR Larkin,CJ Green,1,0,,,,,,"",""
ball,1,11.7,Melbourne Stars,NCR Larkin,HWR Cartwright,CJ Green,0,0,,,,,,"",""
ball,1,12.1,Melbourne Stars,HWR Cartwright,NCR Larkin,GS Sandhu,1,0,,,,,,"",""
ball,1,12.2,Melbourne Stars,NCR Larkin,HWR Cartwright,GS Sandhu,0,0,,,,,,"",""
ball,1,12.3,Melbourne Stars,NCR Larkin,HWR Cartwright,GS Sandhu,2,0,,,,,,"",""
ball,1,12.4,Melbourne Stars,NCR Larkin,HWR Cartwright,GS Sandhu,1,0,,,,,,"",""
ball,1,12.5,Melbourne Stars,HWR Cartwright,NCR Larkin,GS Sandhu,1,0,,,,,,"",""
ball,1,12.6,Melbourne Stars,NCR Larkin,HWR Cartwright,GS Sandhu,1,0,,,,,,"",""
ball,1,13.1,Melbourne Stars,NCR Larkin,HWR Cartwright,N McAndrew,0,0,,,,,,"",""
ball,1,13.2,Melbourne Stars,NCR Larkin,HWR Cartwright,N McAndrew,0,0,,,,,,"",""
ball,1,13.3,Melbourne Stars,NCR Larkin,HWR Cartwright,N McAndrew,3,1,,1,,,,"",""
ball,1,13.4,Melbourne Stars,HWR Cartwright,NCR Larkin,N McAndrew,1,0,,,,,,"",""
ball,1,13.5,Melbourne Stars,NCR Larkin,HWR Cartwright,N McAndrew,4,0,,,,,,"",""
ball,1,13.6,Melbourne Stars,NCR Larkin,HWR Cartwright,N McAndrew,2,0,,,,,,"",""
ball,1,13.7,Melbourne Stars,NCR Larkin,HWR Cartwright,N McAndrew,2,0,,,,,,"",""
ball,1,14.1,Melbourne Stars,HWR Cartwright,NCR Larkin,DR Sams,1,0,,,,,,"",""
ball,1,14.2,Melbourne Stars,NCR Larkin,HWR Cartwright,DR Sams,4,1,,1,,,,"",""
ball,1,14.3,Melbourne Stars,NCR Larkin,HWR Cartwright,DR Sams,1,0,,,,,,"",""
ball,1,14.4,Melbourne Stars,HWR Cartwright,NCR Larkin,DR Sams,0,0,,,,,,"",""
ball,1,14.5,Melbourne Stars,HWR Cartwright,NCR Larkin,DR Sams,4,0,,,,,,"",""
ball,1,14.6,Melbourne Stars,HWR Cartwright,NCR Larkin,DR Sams,1,0,,,,,,"",""
ball,1,14.7,Melbourne Stars,NCR Larkin,HWR Cartwright,DR Sams,0,0,,,,,,"",""
ball,1,15.1,Melbourne Stars,HWR Cartwright,NCR Larkin,T Sangha,0,0,,,,,,"",""
ball,1,15.2,Melbourne Stars,HWR Cartwright,NCR Larkin,T Sangha,6,0,,,,,,"",""
ball,1,15.3,Melbourne Stars,HWR Cartwright,NCR Larkin,T Sangha,1,0,,,,,,"",""
ball,1,15.4,Melbourne Stars,NCR Larkin,HWR Cartwright,T Sangha,1,0,,,,,,"",""
ball,1,15.5,Melbourne Stars,HWR Cartwright,NCR Larkin,T Sangha,4,0,,,,,,"",""
ball,1,15.6,Melbourne Stars,HWR Cartwright,NCR Larkin,T Sangha,0,0,,,,,,"",""
ball,1,16.1,Melbourne Stars,NCR Larkin,HWR Cartwright,GS Sandhu,4,0,,,,,,"",""
ball,1,16.2,Melbourne Stars,NCR Larkin,HWR Cartwright,GS Sandhu,1,0,,,,,,"",""
ball,1,16.3,Melbourne Stars,HWR Cartwright,NCR Larkin,GS Sandhu,1,0,,,,,,"",""
ball,1,16.4,Melbourne Stars,NCR Larkin,HWR Cartwright,GS Sandhu,4,0,,,,,,"",""
ball,1,16.5,Melbourne Stars,NCR Larkin,HWR Cartwright,GS Sandhu,2,0,,,,,,"",""
ball,1,16.6,Melbourne Stars,NCR Larkin,HWR Cartwright,GS Sandhu,1,1,,1,,,,"",""
ball,1,16.7,Melbourne Stars,HWR Cartwright,NCR Larkin,GS Sandhu,3,0,,,,,,"",""
ball,1,17.1,Melbourne Stars,HWR Cartwright,NCR Larkin,T Sangha,0,0,,,,,,"",""
ball,1,17.2,Melbourne Stars,HWR Cartwright,NCR Larkin,T Sangha,6,0,,,,,,"",""
ball,1,17.3,Melbourne Stars,HWR Cartwright,NCR Larkin,T Sangha,0,0,,,,,,"",""
ball,1,17.4,Melbourne Stars,HWR Cartwright,NCR Larkin,T Sangha,0,0,,,,,,caught,HWR Cartwright
ball,1,17.5,Melbourne Stars,NCR Larkin,AD Russell,T Sangha,0,0,,,,,,"",""
ball,1,17.6,Melbourne Stars,NCR Larkin,AD Russell,T Sangha,1,0,,,,,,"",""
ball,1,18.1,Melbourne Stars,NCR Larkin,AD Russell,N McAndrew,1,0,,,,,,"",""
ball,1,18.2,Melbourne Stars,AD Russell,NCR Larkin,N McAndrew,1,0,,,,,,"",""
ball,1,18.3,Melbourne Stars,NCR Larkin,AD Russell,N McAndrew,1,0,,,,,,"",""
ball,1,18.4,Melbourne Stars,AD Russell,NCR Larkin,N McAndrew,0,0,,,,,,"",""
ball,1,18.5,Melbourne Stars,AD Russell,NCR Larkin,N McAndrew,0,0,,,,,,"",""
ball,1,18.6,Melbourne Stars,AD Russell,NCR Larkin,N McAndrew,2,0,,,,,,"",""
ball,1,19.1,Melbourne Stars,NCR Larkin,AD Russell,DR Sams,1,0,,,,,,"",""
ball,1,19.2,Melbourne Stars,AD Russell,NCR Larkin,DR Sams,2,0,,,,,,"",""
ball,1,19.3,Melbourne Stars,AD Russell,NCR Larkin,DR Sams,4,0,,,,,,"",""
ball,1,19.4,Melbourne Stars,AD Russell,NCR Larkin,DR Sams,2,0,,,,,,"",""
ball,1,19.5,Melbourne Stars,AD Russell,NCR Larkin,DR Sams,0,1,1,,,,,"",""
ball,1,19.6,Melbourne Stars,AD Russell,NCR Larkin,DR Sams,4,0,,,,,,"",""
ball,1,19.7,Melbourne Stars,AD Russell,NCR Larkin,DR Sams,0,1,1,,,,,"",""
ball,1,19.8,Melbourne Stars,AD Russell,NCR Larkin,DR Sams,0,1,1,,,,,"",""
ball,1,19.9,Melbourne Stars,AD Russell,NCR Larkin,DR Sams,2,0,,,,,,"",""
ball,2,0.1,Sydney Thunder,AD Hales,SM Whiteman,NM Coulter-Nile,0,5,5,,,,,"",""
ball,2,0.2,Sydney Thunder,AD Hales,SM Whiteman,NM Coulter-Nile,1,0,,,,,,"",""
ball,2,0.3,Sydney Thunder,SM Whiteman,AD Hales,NM Coulter-Nile,1,0,,,,,,"",""
ball,2,0.4,Sydney Thunder,AD Hales,SM Whiteman,NM Coulter-Nile,0,0,,,,,,"",""
ball,2,0.5,Sydney Thunder,AD Hales,SM Whiteman,NM Coulter-Nile,0,0,,,,,,"",""
ball,2,0.6,Sydney Thunder,AD Hales,SM Whiteman,NM Coulter-Nile,1,0,,,,,,"",""
ball,2,0.7,Sydney Thunder,SM Whiteman,AD Hales,NM Coulter-Nile,4,0,,,,,,"",""
ball,2,1.1,Sydney Thunder,AD Hales,SM Whiteman,A Zampa,4,0,,,,,,"",""
ball,2,1.2,Sydney Thunder,AD Hales,SM Whiteman,A Zampa,0,0,,,,,,"",""
ball,2,1.3,Sydney Thunder,AD Hales,SM Whiteman,A Zampa,0,0,,,,,,"",""
ball,2,1.4,Sydney Thunder,AD Hales,SM Whiteman,A Zampa,4,0,,,,,,"",""
ball,2,1.5,Sydney Thunder,AD Hales,SM Whiteman,A Zampa,0,0,,,,,,"",""
ball,2,1.6,Sydney Thunder,AD Hales,SM Whiteman,A Zampa,0,0,,,,,,lbw,AD Hales
ball,2,2.1,Sydney Thunder,SM Whiteman,M Gilkes,GJ Maxwell,4,0,,,,,,"",""
ball,2,2.2,Sydney Thunder,SM Whiteman,M Gilkes,GJ Maxwell,0,0,,,,,,"",""
ball,2,2.3,Sydney Thunder,SM Whiteman,M Gilkes,GJ Maxwell,0,0,,,,,,"",""
ball,2,2.4,Sydney Thunder,SM Whiteman,M Gilkes,GJ Maxwell,0,0,,,,,,"",""
ball,2,2.5,Sydney Thunder,SM Whiteman,M Gilkes,GJ Maxwell,1,0,,,,,,"",""
ball,2,2.6,Sydney Thunder,M Gilkes,SM Whiteman,GJ Maxwell,4,0,,,,,,"",""
ball,2,3.1,Sydney Thunder,SM Whiteman,M Gilkes,NM Coulter-Nile,0,0,,,,,,bowled,SM Whiteman
ball,2,3.2,Sydney Thunder,SW Billings,M Gilkes,NM Coulter-Nile,0,1,,,,1,,"",""
ball,2,3.3,Sydney Thunder,M Gilkes,SW Billings,NM Coulter-Nile,0,0,,,,,,"",""
ball,2,3.4,Sydney Thunder,M Gilkes,SW Billings,NM Coulter-Nile,0,0,,,,,,"",""
ball,2,3.5,Sydney Thunder,M Gilkes,SW Billings,NM Coulter-Nile,0,0,,,,,,"",""
ball,2,3.6,Sydney Thunder,M Gilkes,SW Billings,NM Coulter-Nile,0,0,,,,,,"",""
ball,2,4.1,Sydney Thunder,SW Billings,M Gilkes,Qais Ahmad,1,0,,,,,,"",""
ball,2,4.2,Sydney Thunder,M Gilkes,SW Billings,Qais Ahmad,1,0,,,,,,"",""
ball,2,4.3,Sydney Thunder,SW Billings,M Gilkes,Qais Ahmad,1,0,,,,,,"",""
ball,2,4.4,Sydney Thunder,M Gilkes,SW Billings,Qais Ahmad,1,0,,,,,,"",""
ball,2,4.5,Sydney Thunder,SW Billings,M Gilkes,Qais Ahmad,1,0,,,,,,"",""
ball,2,4.6,Sydney Thunder,M Gilkes,SW Billings,Qais Ahmad,1,0,,,,,,"",""
ball,2,5.1,Sydney Thunder,M Gilkes,SW Billings,A Zampa,4,0,,,,,,"",""
ball,2,5.2,Sydney Thunder,M Gilkes,SW Billings,A Zampa,0,0,,,,,,"",""
ball,2,5.3,Sydney Thunder,M Gilkes,SW Billings,A Zampa,1,0,,,,,,"",""
ball,2,5.4,Sydney Thunder,SW Billings,M Gilkes,A Zampa,1,0,,,,,,"",""
ball,2,5.5,Sydney Thunder,M Gilkes,SW Billings,A Zampa,1,0,,,,,,"",""
ball,2,5.6,Sydney Thunder,SW Billings,M Gilkes,A Zampa,2,0,,,,,,"",""
ball,2,6.1,Sydney Thunder,M Gilkes,SW Billings,AD Russell,0,1,,,,1,,"",""
ball,2,6.2,Sydney Thunder,SW Billings,M Gilkes,AD Russell,1,0,,,,,,"",""
ball,2,6.3,Sydney Thunder,M Gilkes,SW Billings,AD Russell,0,1,1,,,,,"",""
ball,2,6.4,Sydney Thunder,M Gilkes,SW Billings,AD Russell,0,0,,,,,,"",""
ball,2,6.5,Sydney Thunder,M Gilkes,SW Billings,AD Russell,0,1,1,,,,,"",""
ball,2,6.6,Sydney Thunder,M Gilkes,SW Billings,AD Russell,0,0,,,,,,"",""
ball,2,6.7,Sydney Thunder,M Gilkes,SW Billings,AD Russell,6,0,,,,,,"",""
ball,2,6.8,Sydney Thunder,M Gilkes,SW Billings,AD Russell,0,0,,,,,,"",""
ball,2,7.1,Sydney Thunder,SW Billings,M Gilkes,BL Couch,2,0,,,,,,"",""
ball,2,7.2,Sydney Thunder,SW Billings,M Gilkes,BL Couch,0,0,,,,,,"",""
ball,2,7.3,Sydney Thunder,SW Billings,M Gilkes,BL Couch,0,0,,,,,,"",""
ball,2,7.4,Sydney Thunder,SW Billings,M Gilkes,BL Couch,1,0,,,,,,"",""
ball,2,7.5,Sydney Thunder,M Gilkes,SW Billings,BL Couch,1,0,,,,,,"",""
ball,2,7.6,Sydney Thunder,SW Billings,M Gilkes,BL Couch,0,0,,,,,,"",""
ball,2,8.1,Sydney Thunder,M Gilkes,SW Billings,Qais Ahmad,0,0,,,,,,"",""
ball,2,8.2,Sydney Thunder,M Gilkes,SW Billings,Qais Ahmad,4,0,,,,,,"",""
ball,2,8.3,Sydney Thunder,M Gilkes,SW Billings,Qais Ahmad,1,0,,,,,,"",""
ball,2,8.4,Sydney Thunder,SW Billings,M Gilkes,Qais Ahmad,6,0,,,,,,"",""
ball,2,8.5,Sydney Thunder,SW Billings,M Gilkes,Qais Ahmad,2,0,,,,,,"",""
ball,2,8.6,Sydney Thunder,SW Billings,M Gilkes,Qais Ahmad,1,0,,,,,,"",""
ball,2,9.1,Sydney Thunder,SW Billings,M Gilkes,NM Coulter-Nile,1,0,,,,,,"",""
ball,2,9.2,Sydney Thunder,M Gilkes,SW Billings,NM Coulter-Nile,1,0,,,,,,"",""
ball,2,9.3,Sydney Thunder,SW Billings,M Gilkes,NM Coulter-Nile,1,0,,,,,,"",""
ball,2,9.4,Sydney Thunder,M Gilkes,SW Billings,NM Coulter-Nile,1,0,,,,,,"",""
ball,2,9.5,Sydney Thunder,SW Billings,M Gilkes,NM Coulter-Nile,1,0,,,,,,"",""
ball,2,9.6,Sydney Thunder,M Gilkes,SW Billings,NM Coulter-Nile,1,0,,,,,,"",""
ball,2,10.1,Sydney Thunder,M Gilkes,SW Billings,AD Russell,1,0,,,,,,"",""
ball,2,10.2,Sydney Thunder,SW Billings,M Gilkes,AD Russell,1,0,,,,,,"",""
ball,2,10.3,Sydney Thunder,M Gilkes,SW Billings,AD Russell,2,0,,,,,,"",""
ball,2,10.4,Sydney Thunder,M Gilkes,SW Billings,AD Russell,0,0,,,,,,"",""
ball,2,10.5,Sydney Thunder,M Gilkes,SW Billings,AD Russell,4,0,,,,,,"",""
ball,2,10.6,Sydney Thunder,M Gilkes,SW Billings,AD Russell,1,0,,,,,,"",""
ball,2,11.1,Sydney Thunder,M Gilkes,SW Billings,HWR Cartwright,2,0,,,,,,"",""
ball,2,11.2,Sydney Thunder,M Gilkes,SW Billings,HWR Cartwright,1,0,,,,,,"",""
ball,2,11.3,Sydney Thunder,SW Billings,M Gilkes,HWR Cartwright,1,0,,,,,,"",""
ball,2,11.4,Sydney Thunder,M Gilkes,SW Billings,HWR Cartwright,1,0,,,,,,"",""
ball,2,11.5,Sydney Thunder,SW Billings,M Gilkes,HWR Cartwright,0,0,,,,,,"",""
ball,2,11.6,Sydney Thunder,SW Billings,M Gilkes,HWR Cartwright,1,0,,,,,,"",""
ball,2,12.1,Sydney Thunder,SW Billings,M Gilkes,BL Couch,4,0,,,,,,"",""
ball,2,12.2,Sydney Thunder,SW Billings,M Gilkes,BL Couch,0,0,,,,,,"",""
ball,2,12.3,Sydney Thunder,SW Billings,M Gilkes,BL Couch,4,0,,,,,,"",""
ball,2,12.4,Sydney Thunder,SW Billings,M Gilkes,BL Couch,2,0,,,,,,"",""
ball,2,12.5,Sydney Thunder,SW Billings,M Gilkes,BL Couch,0,0,,,,,,"",""
ball,2,12.6,Sydney Thunder,SW Billings,M Gilkes,BL Couch,6,0,,,,,,"",""
ball,2,13.1,Sydney Thunder,M Gilkes,SW Billings,A Zampa,1,0,,,,,,"",""
ball,2,13.2,Sydney Thunder,SW Billings,M Gilkes,A Zampa,1,0,,,,,,"",""
ball,2,13.3,Sydney Thunder,M Gilkes,SW Billings,A Zampa,2,0,,,,,,"",""
ball,2,13.4,Sydney Thunder,M Gilkes,SW Billings,A Zampa,2,0,,,,,,"",""
ball,2,13.5,Sydney Thunder,M Gilkes,SW Billings,A Zampa,1,0,,,,,,"",""
ball,2,13.6,Sydney Thunder,SW Billings,M Gilkes,A Zampa,1,0,,,,,,"",""
ball,2,14.1,Sydney Thunder,SW Billings,M Gilkes,Qais Ahmad,0,0,,,,,,caught,SW Billings
ball,2,14.2,Sydney Thunder,M Gilkes,DR Sams,Qais Ahmad,2,0,,,,,,"",""
ball,2,14.3,Sydney Thunder,M Gilkes,DR Sams,Qais Ahmad,0,0,,,,,,"",""
ball,2,14.4,Sydney Thunder,M Gilkes,DR Sams,Qais Ahmad,0,0,,,,,,"",""
ball,2,14.5,Sydney Thunder,M Gilkes,DR Sams,Qais Ahmad,0,1,1,,,,,"",""
ball,2,14.6,Sydney Thunder,M Gilkes,DR Sams,Qais Ahmad,0,0,,,,,,"",""
ball,2,14.7,Sydney Thunder,M Gilkes,DR Sams,Qais Ahmad,0,0,,,,,,"",""
ball,2,15.1,Sydney Thunder,DR Sams,M Gilkes,BL Couch,1,0,,,,,,"",""
ball,2,15.2,Sydney Thunder,M Gilkes,DR Sams,BL Couch,0,0,,,,,,"",""
ball,2,15.3,Sydney Thunder,M Gilkes,DR Sams,BL Couch,1,0,,,,,,"",""
ball,2,15.4,Sydney Thunder,DR Sams,M Gilkes,BL Couch,0,0,,,,,,"",""
ball,2,15.5,Sydney Thunder,DR Sams,M Gilkes,BL Couch,0,0,,,,,,caught,DR Sams
ball,2,15.6,Sydney Thunder,M Gilkes,AI Ross,BL Couch,1,0,,,,,,"",""
ball,2,16.1,Sydney Thunder,M Gilkes,AI Ross,AD Russell,1,0,,,,,,"",""
ball,2,16.2,Sydney Thunder,AI Ross,M Gilkes,AD Russell,1,0,,,,,,"",""
ball,2,16.3,Sydney Thunder,M Gilkes,AI Ross,AD Russell,1,0,,,,,,"",""
ball,2,16.4,Sydney Thunder,AI Ross,M Gilkes,AD Russell,1,0,,,,,,"",""
ball,2,16.5,Sydney Thunder,M Gilkes,AI Ross,AD Russell,0,1,1,,,,,"",""
ball,2,16.6,Sydney Thunder,M Gilkes,AI Ross,AD Russell,0,1,1,,,,,"",""
ball,2,16.7,Sydney Thunder,M Gilkes,AI Ross,AD Russell,2,0,,,,,,"",""
ball,2,16.8,Sydney Thunder,M Gilkes,AI Ross,AD Russell,2,0,,,,,,"",""
ball,2,17.1,Sydney Thunder,AI Ross,M Gilkes,NM Coulter-Nile,1,0,,,,,,"",""
ball,2,17.2,Sydney Thunder,M Gilkes,AI Ross,NM Coulter-Nile,0,0,,,,,,caught,M Gilkes
ball,2,17.3,Sydney Thunder,BCJ Cutting,AI Ross,NM Coulter-Nile,4,0,,,,,,"",""
ball,2,17.4,Sydney Thunder,BCJ Cutting,AI Ross,NM Coulter-Nile,0,0,,,,,,"",""
ball,2,17.5,Sydney Thunder,BCJ Cutting,AI Ross,NM Coulter-Nile,1,0,,,,,,"",""
ball,2,17.6,Sydney Thunder,AI Ross,BCJ Cutting,NM Coulter-Nile,3,0,,,,,,"",""
ball,2,18.1,Sydney Thunder,AI Ross,BCJ Cutting,AD Russell,4,0,,,,,,"",""
ball,2,18.2,Sydney Thunder,AI Ross,BCJ Cutting,AD Russell,2,0,,,,,,"",""
ball,2,18.3,Sydney Thunder,AI Ross,BCJ Cutting,AD Russell,1,0,,,,,,"",""
ball,2,18.4,Sydney Thunder,BCJ Cutting,AI Ross,AD Russell,4,0,,,,,,"",""
ball,2,18.5,Sydney Thunder,BCJ Cutting,AI Ross,AD Russell,1,0,,,,,,"",""
ball,2,18.6,Sydney Thunder,AI Ross,BCJ Cutting,AD Russell,0,0,,,,,,"",""
ball,2,19.1,Sydney Thunder,BCJ Cutting,AI Ross,A Zampa,1,0,,,,,,"",""
ball,2,19.2,Sydney Thunder,AI Ross,BCJ Cutting,A Zampa,2,0,,,,,,"",""
ball,2,19.3,Sydney Thunder,AI Ross,BCJ Cutting,A Zampa,1,0,,,,,,"",""
ball,2,19.4,Sydney Thunder,BCJ Cutting,AI Ross,A Zampa,1,0,,,,,,"",""
ball,2,19.5,Sydney Thunder,AI Ross,BCJ Cutting,A Zampa,1,0,,,,,,"",""
ball,2,19.6,Sydney Thunder,BCJ Cutting,AI Ross,A Zampa,0,0,,,,,,"",""
