version,1.7.0
info,balls_per_over,6
info,team,Adelaide Strikers
info,team,Melbourne Stars
info,gender,male
info,season,2021/22
info,date,2022/01/15
info,event,Big Bash League
info,match_number,48
info,venue,Adelaide Oval
info,city,Adelaide
info,toss_winner,Melbourne Stars
info,toss_decision,field
info,player_of_match,HTRY Thornton
info,umpire,BNJ Oxenford
info,umpire,MW Graham-Smith
info,reserve_umpire,SE Dionysius
info,tv_umpire,D Taylor
info,match_referee,RW Stratford
info,winner,Adelaide Strikers
info,winner_runs,23
info,player,Adelaide Strikers,MW Short
info,player,Adelaide Strikers,MT Renshaw
info,player,Adelaide Strikers,IA Cockbain
info,player,Adelaide Strikers,JW Wells
info,player,Adelaide Strikers,J Weatherald
info,player,Adelaide Strikers,T Kelly
info,player,Adelaide Strikers,HJ Nielsen
info,player,Adelaide Strikers,HTRY Thornton
info,player,Adelaide Strikers,HNA Conway
info,player,Adelaide Strikers,PM Siddle
info,player,Adelaide Strikers,Fawad Ahmed
info,player,Melbourne Stars,JM Clarke
info,player,Melbourne Stars,GJ Maxwell
info,player,Melbourne Stars,BJ Webster
info,player,Melbourne Stars,MP Stoinis
info,player,Melbourne Stars,HWR Cartwright
info,player,Melbourne Stars,JA Burns
info,player,Melbourne Stars,CD Hinchliffe
info,player,Melbourne Stars,SL Rainbird
info,player,Melbourne Stars,BL Couch
info,player,Melbourne Stars,A Zampa
info,player,Melbourne Stars,Ahmed Daniyal
info,registry,people,A Zampa,14f96089
info,registry,people,Ahmed Daniyal,9656afbf
info,registry,people,BJ Webster,56b93d46
info,registry,people,BL Couch,be69e09d
info,registry,people,BNJ Oxenford,c1add349
info,registry,people,CD Hinchliffe,8891669e
info,registry,people,D Taylor,b940a2b2
info,registry,people,Fawad Ahmed,22ae3041
info,registry,people,GJ Maxwell,b681e71e
info,registry,people,HJ Nielsen,0ea1455a
info,registry,people,HNA Conway,272fc5ad
info,registry,people,HTRY Thornton,055be93a
info,registry,people,HWR Cartwright,ab965cad
info,registry,people,IA Cockbain,542fd5a6
info,registry,people,J Weatherald,edc7ddb6
info,registry,people,JA Burns,7a5f232a
info,registry,people,JM Clarke,2eca67f5
info,registry,people,JW Wells,8bdac857
info,registry,people,MP Stoinis,d9273ee7
info,registry,people,MT Renshaw,218d4d78
info,registry,people,MW Graham-Smith,18aca3ce
info,registry,people,MW Short,a90e53ec
info,registry,people,PM Siddle,bd93fea4
info,registry,people,RW Stratford,85489579
info,registry,people,SE Dionysius,ac886e6f
info,registry,people,SL Rainbird,e7dd5eca
info,registry,people,T Kelly,6ceb94d0
ball,1,0.1,Adelaide Strikers,MW Short,MT Renshaw,SL Rainbird,4,0,,,,,,"",""
ball,1,0.2,Adelaide Strikers,MW Short,MT Renshaw,SL Rainbird,0,1,1,,,,,"",""
ball,1,0.3,Adelaide Strikers,MW Short,MT Renshaw,SL Rainbird,2,0,,,,,,"",""
ball,1,0.4,Adelaide Strikers,MW Short,MT Renshaw,SL Rainbird,0,0,,,,,,"",""
ball,1,0.5,Adelaide Strikers,MW Short,MT Renshaw,SL Rainbird,1,0,,,,,,"",""
ball,1,0.6,Adelaide Strikers,MT Renshaw,MW Short,SL Rainbird,0,0,,,,,,"",""
ball,1,0.7,Adelaide Strikers,MT Renshaw,MW Short,SL Rainbird,0,0,,,,,,"",""
ball,1,1.1,Adelaide Strikers,MW Short,MT Renshaw,Ahmed Daniyal,0,0,,,,,,"",""
ball,1,1.2,Adelaide Strikers,MW Short,MT Renshaw,Ahmed Daniyal,0,0,,,,,,"",""
ball,1,1.3,Adelaide Strikers,MW Short,MT Renshaw,Ahmed Daniyal,2,0,,,,,,"",""
ball,1,1.4,Adelaide Strikers,MW Short,MT Renshaw,Ahmed Daniyal,6,0,,,,,,"",""
ball,1,1.5,Adelaide Strikers,MW Short,MT Renshaw,Ahmed Daniyal,0,0,,,,,,"",""
ball,1,1.6,Adelaide Strikers,MW Short,MT Renshaw,Ahmed Daniyal,4,0,,,,,,"",""
ball,1,2.1,Adelaide Strikers,MT Renshaw,MW Short,SL Rainbird,2,0,,,,,,"",""
ball,1,2.2,Adelaide Strikers,MT Renshaw,MW Short,SL Rainbird,0,0,,,,,,bowled,MT Renshaw
ball,1,2.3,Adelaide Strikers,IA Cockbain,MW Short,SL Rainbird,0,0,,,,,,"",""
ball,1,2.4,Adelaide Strikers,IA Cockbain,MW Short,SL Rainbird,1,0,,,,,,"",""
ball,1,2.5,Adelaide Strikers,MW Short,IA Cockbain,SL Rainbird,4,0,,,,,,"",""
ball,1,2.6,Adelaide Strikers,MW Short,IA Cockbain,SL Rainbird,0,0,,,,,,"",""
ball,1,3.1,Adelaide Strikers,IA Cockbain,MW Short,A Zampa,1,0,,,,,,"",""
ball,1,3.2,Adelaide Strikers,MW Short,IA Cockbain,A Zampa,4,0,,,,,,"",""
ball,1,3.3,Adelaide Strikers,MW Short,IA Cockbain,A Zampa,4,0,,,,,,"",""
ball,1,3.4,Adelaide Strikers,MW Short,IA Cockbain,A Zampa,0,0,,,,,,"",""
ball,1,3.5,Adelaide Strikers,MW Short,IA Cockbain,A Zampa,0,0,,,,,,"",""
ball,1,3.6,Adelaide Strikers,MW Short,IA Cockbain,A Zampa,0,0,,,,,,"",""
ball,1,4.1,Adelaide Strikers,IA Cockbain,MW Short,BL Couch,0,0,,,,,,"",""
ball,1,4.2,Adelaide Strikers,IA Cockbain,MW Short,BL Couch,1,0,,,,,,"",""
ball,1,4.3,Adelaide Strikers,MW Short,IA Cockbain,BL Couch,1,0,,,,,,"",""
ball,1,4.4,Adelaide Strikers,IA Cockbain,MW Short,BL Couch,1,0,,,,,,"",""
ball,1,4.5,Adelaide Strikers,MW Short,IA Cockbain,BL Couch,0,1,,,,1,,"",""
ball,1,4.6,Adelaide Strikers,IA Cockbain,MW Short,BL Couch,0,0,,,,,,"",""
ball,1,5.1,Adelaide Strikers,MW Short,IA Cockbain,CD Hinchliffe,0,0,,,,,,"",""
ball,1,5.2,Adelaide Strikers,MW Short,IA Cockbain,CD Hinchliffe,1,0,,,,,,"",""
ball,1,5.3,Adelaide Strikers,IA Cockbain,MW Short,CD Hinchliffe,1,0,,,,,,"",""
ball,1,5.4,Adelaide Strikers,MW Short,IA Cockbain,CD Hinchliffe,0,0,,,,,,caught and bowled,MW Short
ball,1,5.5,Adelaide Strikers,IA Cockbain,JW Wells,CD Hinchliffe,1,0,,,,,,"",""
ball,1,5.6,Adelaide Strikers,JW Wells,IA Cockbain,CD Hinchliffe,1,0,,,,,,"",""
ball,1,6.1,Adelaide Strikers,JW Wells,IA Cockbain,A Zampa,1,0,,,,,,"",""
ball,1,6.2,Adelaide Strikers,IA Cockbain,JW Wells,A Zampa,1,0,,,,,,"",""
ball,1,6.3,Adelaide Strikers,JW Wells,IA Cockbain,A Zampa,1,0,,,,,,"",""
ball,1,6.4,Adelaide Strikers,IA Cockbain,JW Wells,A Zampa,1,0,,,,,,"",""
ball,1,6.5,Adelaide Strikers,JW Wells,IA Cockbain,A Zampa,0,0,,,,,,"",""
ball,1,6.6,Adelaide Strikers,JW Wells,IA Cockbain,A Zampa,1,0,,,,,,"",""
ball,1,7.1,Adelaide Strikers,JW Wells,IA Cockbain,Ahmed Daniyal,1,0,,,,,,"",""
ball,1,7.2,Adelaide Strikers,IA Cockbain,JW Wells,Ahmed Daniyal,1,0,,,,,,"",""
ball,1,7.3,Adelaide Strikers,JW Wells,IA Cockbain,Ahmed Daniyal,1,0,,,,,,"",""
ball,1,7.4,Adelaide Strikers,IA Cockbain,JW Wells,Ahmed Daniyal,1,0,,,,,,"",""
ball,1,7.5,Adelaide Strikers,JW Wells,IA Cockbain,Ahmed Daniyal,2,0,,,,,,"",""
ball,1,7.6,Adelaide Strikers,JW Wells,IA Cockbain,Ahmed Daniyal,2,0,,,,,,"",""
ball,1,8.1,Adelaide Strikers,IA Cockbain,JW Wells,CD Hinchliffe,4,0,,,,,,"",""
ball,1,8.2,Adelaide Strikers,IA Cockbain,JW Wells,CD Hinchliffe,2,0,,,,,,"",""
ball,1,8.3,Adelaide Strikers,IA Cockbain,JW Wells,CD Hinchliffe,1,0,,,,,,"",""
ball,1,8.4,Adelaide Strikers,JW Wells,IA Cockbain,CD Hinchliffe,4,0,,,,,,"",""
ball,1,8.5,Adelaide Strikers,JW Wells,IA Cockbain,CD Hinchliffe,1,0,,,,,,"",""
ball,1,8.6,Adelaide Strikers,IA Cockbain,JW Wells,CD Hinchliffe,0,0,,,,,,stumped,IA Cockbain
ball,1,9.1,Adelaide Strikers,JW Wells,J Weatherald,A Zampa,1,0,,,,,,"",""
ball,1,9.2,Adelaide Strikers,J Weatherald,JW Wells,A Zampa,1,0,,,,,,"",""
ball,1,9.3,Adelaide Strikers,JW Wells,J Weatherald,A Zampa,0,0,,,,,,"",""
ball,1,9.4,Adelaide Strikers,JW Wells,J Weatherald,A Zampa,1,0,,,,,,"",""
ball,1,9.5,Adelaide Strikers,J Weatherald,JW Wells,A Zampa,1,0,,,,,,"",""
ball,1,9.6,Adelaide Strikers,JW Wells,J Weatherald,A Zampa,1,0,,,,,,"",""
ball,1,10.1,Adelaide Strikers,JW Wells,J Weatherald,GJ Maxwell,1,0,,,,,,"",""
ball,1,10.2,Adelaide Strikers,J Weatherald,JW Wells,GJ Maxwell,1,0,,,,,,"",""
ball,1,10.3,Adelaide Strikers,JW Wells,J Weatherald,GJ Maxwell,1,0,,,,,,"",""
ball,1,10.4,Adelaide Strikers,J Weatherald,JW Wells,GJ Maxwell,1,0,,,,,,"",""
ball,1,10.5,Adelaide Strikers,JW Wells,J Weatherald,GJ Maxwell,2,0,,,,,,"",""
ball,1,10.6,Adelaide Strikers,JW Wells,J Weatherald,GJ Maxwell,0,0,,,,,,"",""
ball,1,11.1,Adelaide Strikers,J Weatherald,JW Wells,BL Couch,0,0,,,,,,"",""
ball,1,11.2,Adelaide Strikers,J Weatherald,JW Wells,BL Couch,1,0,,,,,,"",""
ball,1,11.3,Adelaide Strikers,JW Wells,J Weatherald,BL Couch,1,0,,,,,,"",""
ball,1,11.4,Adelaide Strikers,J Weatherald,JW Wells,BL Couch,0,0,,,,,,"",""
ball,1,11.5,Adelaide Strikers,J Weatherald,JW Wells,BL Couch,1,0,,,,,,"",""
ball,1,11.6,Adelaide Strikers,JW Wells,J Weatherald,BL Couch,1,0,,,,,,"",""
ball,1,12.1,Adelaide Strikers,JW Wells,J Weatherald,CD Hinchliffe,1,0,,,,,,"",""
ball,1,12.2,Adelaide Strikers,J Weatherald,JW Wells,CD Hinchliffe,0,3,,,3,,,"",""
ball,1,12.3,Adelaide Strikers,JW Wells,J Weatherald,CD Hinchliffe,1,0,,,,,,"",""
ball,1,12.4,Adelaide Strikers,J Weatherald,JW Wells,CD Hinchliffe,1,0,,,,,,"",""
ball,1,12.5,Adelaide Strikers,JW Wells,J Weatherald,CD Hinchliffe,0,0,,,,,,"",""
ball,1,12.6,Adelaide Strikers,JW Wells,J Weatherald,CD Hinchliffe,2,0,,,,,,"",""
ball,1,13.1,Adelaide Strikers,J Weatherald,JW Wells,SL Rainbird,1,0,,,,,,"",""
ball,1,13.2,Adelaide Strikers,JW Wells,J Weatherald,SL Rainbird,2,0,,,,,,"",""
ball,1,13.3,Adelaide Strikers,JW Wells,J Weatherald,SL Rainbird,1,0,,,,,,"",""
ball,1,13.4,Adelaide Strikers,J Weatherald,JW Wells,SL Rainbird,1,0,,,,,,"",""
ball,1,13.5,Adelaide Strikers,JW Wells,J Weatherald,SL Rainbird,1,0,,,,,,"",""
ball,1,13.6,Adelaide Strikers,J Weatherald,JW Wells,SL Rainbird,1,0,,,,,,"",""
ball,1,14.1,Adelaide Strikers,J Weatherald,JW Wells,BL Couch,1,0,,,,,,"",""
ball,1,14.2,Adelaide Strikers,JW Wells,J Weatherald,BL Couch,0,1,,,,1,,"",""
ball,1,14.3,Adelaide Strikers,J Weatherald,JW Wells,BL Couch,1,0,,,,,,"",""
ball,1,14.4,Adelaide Strikers,JW Wells,J Weatherald,BL Couch,1,0,,,,,,"",""
ball,1,14.5,Adelaide Strikers,J Weatherald,JW Wells,BL Couch,2,0,,,,,,"",""
ball,1,14.6,Adelaide Strikers,J Weatherald,JW Wells,BL Couch,0,0,,,,,,"",""
ball,1,15.1,Adelaide Strikers,JW Wells,J Weatherald,A Zampa,4,0,,,,,,"",""
ball,1,15.2,Adelaide Strikers,JW Wells,J Weatherald,A Zampa,1,0,,,,,,"",""
ball,1,15.3,Adelaide Strikers,J Weatherald,JW Wells,A Zampa,1,0,,,,,,"",""
ball,1,15.4,Adelaide Strikers,JW Wells,J Weatherald,A Zampa,0,0,,,,,,"",""
ball,1,15.5,Adelaide Strikers,JW Wells,J Weatherald,A Zampa,4,0,,,,,,"",""
ball,1,15.6,Adelaide Strikers,JW Wells,J Weatherald,A Zampa,6,0,,,,,,"",""
ball,1,16.1,Adelaide Strikers,J Weatherald,JW Wells,Ahmed Daniyal,1,0,,,,,,"",""
ball,1,16.2,Adelaide Strikers,JW Wells,J Weatherald,Ahmed Daniyal,2,0,,,,,,"",""
ball,1,16.3,Adelaide Strikers,JW Wells,J Weatherald,Ahmed Daniyal,1,0,,,,,,"",""
ball,1,16.4,Adelaide Strikers,J Weatherald,JW Wells,Ahmed Daniyal,0,0,,,,,,"",""
ball,1,16.5,Adelaide Strikers,J Weatherald,JW Wells,Ahmed Daniyal,1,0,,,,,,"",""
ball,1,16.6,Adelaide Strikers,JW Wells,J Weatherald,Ahmed Daniyal,1,0,,,,,,"",""
ball,1,17.1,Adelaide Strikers,JW Wells,J Weatherald,SL Rainbird,1,0,,,,,,"",""
ball,1,17.2,Adelaide Strikers,J Weatherald,JW Wells,SL Rainbird,0,1,,,,1,,"",""
ball,1,17.3,Adelaide Strikers,JW Wells,J Weatherald,SL Rainbird,1,0,,,,,,"",""
ball,1,17.4,Adelaide Strikers,J Weatherald,JW Wells,SL Rainbird,0,0,,,,,,caught,J Weatherald
ball,1,17.5,Adelaide Strikers,JW Wells,T Kelly,SL Rainbird,1,0,,,,,,"",""
ball,1,17.6,Adelaide Strikers,T Kelly,JW Wells,SL Rainbird,0,0,,,,,,"",""
ball,1,18.1,Adelaide Strikers,JW Wells,T Kelly,BL Couch,4,0,,,,,,"",""
ball,1,18.2,Adelaide Strikers,JW Wells,T Kelly,BL Couch,2,0,,,,,,"",""
ball,1,18.3,Adelaide Strikers,JW Wells,T Kelly,BL Couch,1,0,,,,,,"",""
ball,1,18.4,Adelaide Strikers,T Kelly,JW Wells,BL Couch,1,0,,,,,,"",""
ball,1,18.5,Adelaide Strikers,JW Wells,T Kelly,BL Couch,1,0,,,,,,"",""
ball,1,18.6,Adelaide Strikers,T Kelly,JW Wells,BL Couch,4,0,,,,,,"",""
ball,1,19.1,Adelaide Strikers,JW Wells,T Kelly,Ahmed Daniyal,1,0,,,,,,"",""
ball,1,19.2,Adelaide Strikers,T Kelly,JW Wells,Ahmed Daniyal,0,0,,,,,,bowled,T Kelly
ball,1,19.3,Adelaide Strikers,HJ Nielsen,JW Wells,Ahmed Daniyal,1,0,,,,,,"",""
ball,1,19.4,Adelaide Strikers,JW Wells,HJ Nielsen,Ahmed Daniyal,4,0,,,,,,"",""
ball,1,19.5,Adelaide Strikers,JW Wells,HJ Nielsen,Ahmed Daniyal,4,0,,,,,,"",""
ball,1,19.6,Adelaide Strikers,JW Wells,HJ Nielsen,Ahmed Daniyal,1,0,,,,,,run out,JW Wells
ball,2,0.1,Melbourne Stars,JM Clarke,GJ Maxwell,MW Short,1,0,,,,,,"",""
ball,2,0.2,Melbourne Stars,GJ Maxwell,JM Clarke,MW Short,0,0,,,,,,"",""
ball,2,0.3,Melbourne Stars,GJ Maxwell,JM Clarke,MW Short,6,0,,,,,,"",""
ball,2,0.4,Melbourne Stars,GJ Maxwell,JM Clarke,MW Short,1,0,,,,,,"",""
ball,2,0.5,Melbourne Stars,JM Clarke,GJ Maxwell,MW Short,1,0,,,,,,"",""
ball,2,0.6,Melbourne Stars,GJ Maxwell,JM Clarke,MW Short,1,0,,,,,,"",""
ball,2,1.1,Melbourne Stars,GJ Maxwell,JM Clarke,HNA Conway,2,0,,,,,,"",""
ball,2,1.2,Melbourne Stars,GJ Maxwell,JM Clarke,HNA Conway,0,1,,,,1,,"",""
ball,2,1.3,Melbourne Stars,JM Clarke,GJ Maxwell,HNA Conway,1,0,,,,,,"",""
ball,2,1.4,Melbourne Stars,GJ Maxwell,JM Clarke,HNA Conway,0,0,,,,,,"",""
ball,2,1.5,Melbourne Stars,GJ Maxwell,JM Clarke,HNA Conway,6,0,,,,,,"",""
ball,2,1.6,Melbourne Stars,GJ Maxwell,JM Clarke,HNA Conway,0,0,,,,,,"",""
ball,2,2.1,Melbourne Stars,JM Clarke,GJ Maxwell,HTRY Thornton,1,0,,,,,,"",""
ball,2,2.2,Melbourne Stars,GJ Maxwell,JM Clarke,HTRY Thornton,0,0,,,,,,bowled,GJ Maxwell
ball,2,2.3,Melbourne Stars,BJ Webster,JM Clarke,HTRY Thornton,2,0,,,,,,"",""
ball,2,2.4,Melbourne Stars,BJ Webster,JM Clarke,HTRY Thornton,0,0,,,,,,"",""
ball,2,2.5,Melbourne Stars,BJ Webster,JM Clarke,HTRY Thornton,1,0,,,,,,"",""
ball,2,2.6,Melbourne Stars,JM Clarke,BJ Webster,HTRY Thornton,1,0,,,,,,"",""
ball,2,3.1,Melbourne Stars,JM Clarke,BJ Webster,PM Siddle,0,0,,,,,,"",""
ball,2,3.2,Melbourne Stars,JM Clarke,BJ Webster,PM Siddle,1,0,,,,,,"",""
ball,2,3.3,Melbourne Stars,BJ Webster,JM Clarke,PM Siddle,1,0,,,,,,"",""
ball,2,3.4,Melbourne Stars,JM Clarke,BJ Webster,PM Siddle,2,0,,,,,,"",""
ball,2,3.5,Melbourne Stars,JM Clarke,BJ Webster,PM Siddle,1,0,,,,,,"",""
ball,2,3.6,Melbourne Stars,BJ Webster,JM Clarke,PM Siddle,1,0,,,,,,"",""
ball,2,4.1,Melbourne Stars,BJ Webster,JM Clarke,MW Short,0,0,,,,,,"",""
ball,2,4.2,Melbourne Stars,BJ Webster,JM Clarke,MW Short,0,0,,,,,,"",""
ball,2,4.3,Melbourne Stars,BJ Webster,JM Clarke,MW Short,1,0,,,,,,"",""
ball,2,4.4,Melbourne Stars,JM Clarke,BJ Webster,MW Short,0,0,,,,,,"",""
ball,2,4.5,Melbourne Stars,JM Clarke,BJ Webster,MW Short,0,0,,,,,,bowled,JM Clarke
ball,2,4.6,Melbourne Stars,MP Stoinis,BJ Webster,MW Short,1,0,,,,,,"",""
ball,2,5.1,Melbourne Stars,MP Stoinis,BJ Webster,Fawad Ahmed,0,0,,,,,,"",""
ball,2,5.2,Melbourne Stars,MP Stoinis,BJ Webster,Fawad Ahmed,0,0,,,,,,"",""
ball,2,5.3,Melbourne Stars,MP Stoinis,BJ Webster,Fawad Ahmed,0,0,,,,,,caught,MP Stoinis
ball,2,5.4,Melbourne Stars,HWR Cartwright,BJ Webster,Fawad Ahmed,0,0,,,,,,"",""
ball,2,5.5,Melbourne Stars,HWR Cartwright,BJ Webster,Fawad Ahmed,1,0,,,,,,"",""
ball,2,5.6,Melbourne Stars,BJ Webster,HWR Cartwright,Fawad Ahmed,1,0,,,,,,"",""
ball,2,6.1,Melbourne Stars,BJ Webster,HWR Cartwright,HTRY Thornton,1,0,,,,,,"",""
ball,2,6.2,Melbourne Stars,HWR Cartwright,BJ Webster,HTRY Thornton,1,0,,,,,,"",""
ball,2,6.3,Melbourne Stars,BJ Webster,HWR Cartwright,HTRY Thornton,0,0,,,,,,caught,BJ Webster
ball,2,6.4,Melbourne Stars,JA Burns,HWR Cartwright,HTRY Thornton,0,0,,,,,,"",""
ball,2,6.5,Melbourne Stars,JA Burns,HWR Cartwright,HTRY Thornton,1,0,,,,,,"",""
ball,2,6.6,Melbourne Stars,HWR Cartwright,JA Burns,HTRY Thornton,0,0,,,,,,"",""
ball,2,7.1,Melbourne Stars,JA Burns,HWR Cartwright,Fawad Ahmed,1,0,,,,,,"",""
ball,2,7.2,Melbourne Stars,HWR Cartwright,JA Burns,Fawad Ahmed,0,0,,,,,,"",""
ball,2,7.3,Melbourne Stars,HWR Cartwright,JA Burns,Fawad Ahmed,1,0,,,,,,"",""
ball,2,7.4,Melbourne Stars,JA Burns,HWR Cartwright,Fawad Ahmed,1,0,,,,,,"",""
ball,2,7.5,Melbourne Stars,HWR Cartwright,JA Burns,Fawad Ahmed,1,0,,,,,,"",""
ball,2,7.6,Melbourne Stars,JA Burns,HWR Cartwright,Fawad Ahmed,1,0,,,,,,"",""
ball,2,8.1,Melbourne Stars,JA Burns,HWR Cartwright,MW Short,0,0,,,,,,"",""
ball,2,8.2,Melbourne Stars,JA Burns,HWR Cartwright,MW Short,1,0,,,,,,"",""
ball,2,8.3,Melbourne Stars,HWR Cartwright,JA Burns,MW Short,1,0,,,,,,"",""
ball,2,8.4,Melbourne Stars,JA Burns,HWR Cartwright,MW Short,1,0,,,,,,"",""
ball,2,8.5,Melbourne Stars,HWR Cartwright,JA Burns,MW Short,0,0,,,,,,"",""
ball,2,8.6,Melbourne Stars,HWR Cartwright,JA Burns,MW Short,1,0,,,,,,"",""
ball,2,9.1,Melbourne Stars,HWR Cartwright,JA Burns,HNA Conway,1,0,,,,,,"",""
ball,2,9.2,Melbourne Stars,JA Burns,HWR Cartwright,HNA Conway,0,0,,,,,,"",""
ball,2,9.3,Melbourne Stars,JA Burns,HWR Cartwright,HNA Conway,1,0,,,,,,"",""
ball,2,9.4,Melbourne Stars,HWR Cartwright,JA Burns,HNA Conway,0,0,,,,,,"",""
ball,2,9.5,Melbourne Stars,HWR Cartwright,JA Burns,HNA Conway,0,0,,,,,,"",""
ball,2,9.6,Melbourne Stars,HWR Cartwright,JA Burns,HNA Conway,0,0,,,,,,"",""
ball,2,10.1,Melbourne Stars,JA Burns,HWR Cartwright,MW Short,4,0,,,,,,"",""
ball,2,10.2,Melbourne Stars,JA Burns,HWR Cartwright,MW Short,1,0,,,,,,"",""
ball,2,10.3,Melbourne Stars,HWR Cartwright,JA Burns,MW Short,0,0,,,,,,"",""
ball,2,10.4,Melbourne Stars,HWR Cartwright,JA Burns,MW Short,1,0,,,,,,"",""
ball,2,10.5,Melbourne Stars,JA Burns,HWR Cartwright,MW Short,0,0,,,,,,"",""
ball,2,10.6,Melbourne Stars,JA Burns,HWR Cartwright,MW Short,1,0,,,,,,"",""
ball,2,11.1,Melbourne Stars,JA Burns,HWR Cartwright,PM Siddle,1,0,,,,,,"",""
ball,2,11.2,Melbourne Stars,HWR Cartwright,JA Burns,PM Siddle,1,0,,,,,,"",""
ball,2,11.3,Melbourne Stars,JA Burns,HWR Cartwright,PM Siddle,0,0,,,,,,"",""
ball,2,11.4,Melbourne Stars,JA Burns,HWR Cartwright,PM Siddle,1,0,,,,,,"",""
ball,2,11.5,Melbourne Stars,HWR Cartwright,JA Burns,PM Siddle,1,0,,,,,,"",""
ball,2,11.6,Melbourne Stars,JA Burns,HWR Cartwright,PM Siddle,1,0,,,,,,"",""
ball,2,12.1,Melbourne Stars,JA Burns,HWR Cartwright,HNA Conway,1,0,,,,,,"",""
ball,2,12.2,Melbourne Stars,HWR Cartwright,JA Burns,HNA Conway,2,0,,,,,,"",""
ball,2,12.3,Melbourne Stars,HWR Cartwright,JA Burns,HNA Conway,4,0,,,,,,"",""
ball,2,12.4,Melbourne Stars,HWR Cartwright,JA Burns,HNA Conway,1,0,,,,,,"",""
ball,2,12.5,Melbourne Stars,JA Burns,HWR Cartwright,HNA Conway,2,0,,,,,,"",""
ball,2,12.6,Melbourne Stars,JA Burns,HWR Cartwright,HNA Conway,0,1,1,,,,,"",""
ball,2,12.7,Melbourne Stars,JA Burns,HWR Cartwright,HNA Conway,0,0,,,,,,"",""
ball,2,13.1,Melbourne Stars,HWR Cartwright,JA Burns,PM Siddle,1,0,,,,,,"",""
ball,2,13.2,Melbourne Stars,JA Burns,HWR Cartwright,PM Siddle,0,0,,,,,,"",""
ball,2,13.3,Melbourne Stars,JA Burns,HWR Cartwright,PM Siddle,2,0,,,,,,"",""
ball,2,13.4,Melbourne Stars,JA Burns,HWR Cartwright,PM Siddle,2,0,,,,,,"",""
ball,2,13.5,Melbourne Stars,JA Burns,HWR Cartwright,PM Siddle,2,0,,,,,,"",""
ball,2,13.6,Melbourne Stars,JA Burns,HWR Cartwright,PM Siddle,0,0,,,,,,bowled,JA Burns
ball,2,14.1,Melbourne Stars,HWR Cartwright,CD Hinchliffe,Fawad Ahmed,1,0,,,,,,"",""
ball,2,14.2,Melbourne Stars,CD Hinchliffe,HWR Cartwright,Fawad Ahmed,1,0,,,,,,"",""
ball,2,14.3,Melbourne Stars,HWR Cartwright,CD Hinchliffe,Fawad Ahmed,1,0,,,,,,"",""
ball,2,14.4,Melbourne Stars,CD Hinchliffe,HWR Cartwright,Fawad Ahmed,0,0,,,,,,"",""
ball,2,14.5,Melbourne Stars,CD Hinchliffe,HWR Cartwright,Fawad Ahmed,0,0,,,,,,"",""
ball,2,14.6,Melbourne Stars,CD Hinchliffe,HWR Cartwright,Fawad Ahmed,1,0,,,,,,"",""
ball,2,15.1,Melbourne Stars,CD Hinchliffe,HWR Cartwright,HTRY Thornton,1,0,,,,,,"",""
ball,2,15.2,Melbourne Stars,HWR Cartwright,CD Hinchliffe,HTRY Thornton,1,0,,,,,,"",""
ball,2,15.3,Melbourne Stars,CD Hinchliffe,HWR Cartwright,HTRY Thornton,0,0,,,,,,"",""
ball,2,15.4,Melbourne Stars,CD Hinchliffe,HWR Cartwright,HTRY Thornton,2,0,,,,,,"",""
ball,2,15.5,Melbourne Stars,CD Hinchliffe,HWR Cartwright,HTRY Thornton,2,0,,,,,,"",""
ball,2,15.6,Melbourne Stars,CD Hinchliffe,HWR Cartwright,HTRY Thornton,6,0,,,,,,"",""
ball,2,16.1,Melbourne Stars,HWR Cartwright,CD Hinchliffe,Fawad Ahmed,2,0,,,,,,"",""
ball,2,16.2,Melbourne Stars,HWR Cartwright,CD Hinchliffe,Fawad Ahmed,6,0,,,,,,"",""
ball,2,16.3,Melbourne Stars,HWR Cartwright,CD Hinchliffe,Fawad Ahmed,0,0,,,,,,"",""
ball,2,16.4,Melbourne Stars,HWR Cartwright,CD Hinchliffe,Fawad Ahmed,6,0,,,,,,"",""
ball,2,16.5,Melbourne Stars,HWR Cartwright,CD Hinchliffe,Fawad Ahmed,2,0,,,,,,"",""
ball,2,16.6,Melbourne Stars,HWR Cartwright,CD Hinchliffe,Fawad Ahmed,6,0,,,,,,"",""
ball,2,17.1,Melbourne Stars,CD Hinchliffe,HWR Cartwright,HNA Conway,1,0,,,,,,"",""
ball,2,17.2,Melbourne Stars,HWR Cartwright,CD Hinchliffe,HNA Conway,1,0,,,,,,"",""
ball,2,17.3,Melbourne Stars,CD Hinchliffe,HWR Cartwright,HNA Conway,1,0,,,,,,"",""
ball,2,17.4,Melbourne Stars,HWR Cartwright,CD Hinchliffe,HNA Conway,1,0,,,,,,"",""
ball,2,17.5,Melbourne Stars,CD Hinchliffe,HWR Cartwright,HNA Conway,0,0,,,,,,caught,CD Hinchliffe
ball,2,17.6,Melbourne Stars,SL Rainbird,HWR Cartwright,HNA Conway,0,0,,,,,,"",""
ball,2,18.1,Melbourne Stars,HWR Cartwright,SL Rainbird,HTRY Thornton,4,0,,,,,,"",""
ball,2,18.2,Melbourne Stars,HWR Cartwright,SL Rainbird,HTRY Thornton,0,0,,,,,,caught,HWR Cartwright
ball,2,18.3,Melbourne Stars,SL Rainbird,BL Couch,HTRY Thornton,0,0,,,,,,"",""
ball,2,18.4,Melbourne Stars,SL Rainbird,BL Couch,HTRY Thornton,1,0,,,,,,"",""
ball,2,18.5,Melbourne Stars,BL Couch,SL Rainbird,HTRY Thornton,1,0,,,,,,"",""
ball,2,18.6,Melbourne Stars,SL Rainbird,BL Couch,HTRY Thornton,0,0,,,,,,bowled,SL Rainbird
ball,2,19.1,Melbourne Stars,BL Couch,A Zampa,PM Siddle,0,1,,,1,,,"",""
ball,2,19.2,Melbourne Stars,A Zampa,BL Couch,PM Siddle,1,0,,,,,,"",""
ball,2,19.3,Melbourne Stars,BL Couch,A Zampa,PM Siddle,0,0,,,,,,"",""
ball,2,19.4,Melbourne Stars,BL Couch,A Zampa,PM Siddle,0,0,,,,,,"",""
ball,2,19.5,Melbourne Stars,BL Couch,A Zampa,PM Siddle,2,0,,,,,,"",""
ball,2,19.6,Melbourne Stars,BL Couch,A Zampa,PM Siddle,1,0,,,,,,"",""
