version,1.7.0
info,balls_per_over,6
info,team,Perth Scorchers
info,team,Melbourne Stars
info,gender,male
info,season,2021/22
info,date,2022/01/11
info,event,Big Bash League
info,match_number,42
info,venue,"GMHBA Stadium, South Geelong, Victoria"
info,city,Geelong
info,toss_winner,Perth Scorchers
info,toss_decision,bat
info,player_of_match,LJ Evans
info,umpire,PJ Gillespie
info,umpire,SA Lightbody
info,reserve_umpire,NR Johnstone
info,tv_umpire,DM Koch
info,match_referee,SJ Davis
info,winner,Perth Scorchers
info,winner_runs,47
info,player,Perth Scorchers,KR Patterson
info,player,Perth Scorchers,NR Hobson
info,player,Perth Scorchers,LJ Evans
info,player,Perth Scorchers,AJ Turner
info,player,Perth Scorchers,AM Hardie
info,player,Perth Scorchers,CJM Sabburg
info,player,Perth Scorchers,AC Agar
info,player,Perth Scorchers,AJ Tye
info,player,Perth Scorchers,M Kelly
info,player,Perth Scorchers,P Hatzoglou
info,player,Perth Scorchers,JP Behrendorff
info,player,Melbourne Stars,BL Couch
info,player,Melbourne Stars,NCR Larkin
info,player,Melbourne Stars,BJ Webster
info,player,Melbourne Stars,JA Burns
info,player,Melbourne Stars,GJ Maxwell
info,player,Melbourne Stars,HWR Cartwright
info,player,Melbourne Stars,JM Clarke
info,player,Melbourne Stars,CD Hinchliffe
info,player,Melbourne Stars,Qais Ahmad
info,player,Melbourne Stars,SL Rainbird
info,player,Melbourne Stars,A Zampa
info,player,Melbourne Stars,Haris Rauf
info,registry,people,A Zampa,14f96089
info,registry,people,AC Agar,a2421394
info,registry,people,AJ Turner,ff1e12a0
info,registry,people,AJ Tye,7c7d63a2
info,registry,people,AM Hardie,d405c0d5
info,registry,people,BJ Webster,56b93d46
info,registry,people,BL Couch,be69e09d
info,registry,people,CD Hinchliffe,8891669e
info,registry,people,CJM Sabburg,9fc73711
info,registry,people,DM Koch,6d10c034
info,registry,people,GJ Maxwell,b681e71e
info,registry,people,HWR Cartwright,ab965cad
info,registry,people,Haris Rauf,24bb1c2f
info,registry,people,JA Burns,7a5f232a
info,registry,people,JM Clarke,2eca67f5
info,registry,people,JP Behrendorff,4933f499
info,registry,people,KR Patterson,e3bf8356
info,registry,people,LJ Evans,1c513d54
info,registry,people,M Kelly,68e26ec9
info,registry,people,NCR Larkin,02bce9a8
info,registry,people,NR Hobson,4312e0fd
info,registry,people,NR Johnstone,ce274b6a
info,registry,people,P Hatzoglou,6f95e5fa
info,registry,people,PJ Gillespie,3e253a50
info,registry,people,Qais Ahmad,8d5d991e
info,registry,people,SA Lightbody,680b8cbf
info,registry,people,SJ Davis,bc71b0b2
info,registry,people,SL Rainbird,e7dd5eca
ball,1,0.1,Perth Scorchers,KR Patterson,NR Hobson,SL Rainbird,3,0,,,,,,"",""
ball,1,0.2,Perth Scorchers,NR Hobson,KR Patterson,SL Rainbird,1,0,,,,,,"",""
ball,1,0.3,Perth Scorchers,KR Patterson,NR Hobson,SL Rainbird,1,0,,,,,,"",""
ball,1,0.4,Perth Scorchers,NR Hobson,KR Patterson,SL Rainbird,0,0,,,,,,"",""
ball,1,0.5,Perth Scorchers,NR Hobson,KR Patterson,SL Rainbird,2,0,,,,,,"",""
ball,1,0.6,Perth Scorchers,NR Hobson,KR Patterson,SL Rainbird,1,0,,,,,,"",""
ball,1,1.1,Perth Scorchers,NR Hobson,KR Patterson,BJ Webster,4,0,,,,,,"",""
ball,1,1.2,Perth Scorchers,NR Hobson,KR Patterson,BJ Webster,0,0,,,,,,"",""
ball,1,1.3,Perth Scorchers,NR Hobson,KR Patterson,BJ Webster,4,0,,,,,,"",""
ball,1,1.4,Perth Scorchers,NR Hobson,KR Patterson,BJ Webster,1,0,,,,,,"",""
ball,1,1.5,Perth Scorchers,KR Patterson,NR Hobson,BJ Webster,0,0,,,,,,"",""
ball,1,1.6,Perth Scorchers,KR Patterson,NR Hobson,BJ Webster,4,0,,,,,,"",""
ball,1,2.1,Perth Scorchers,NR Hobson,KR Patterson,Haris Rauf,1,0,,,,,,"",""
ball,1,2.2,Perth Scorchers,KR Patterson,NR Hobson,Haris Rauf,0,0,,,,,,caught,KR Patterson
ball,1,2.3,Perth Scorchers,LJ Evans,NR Hobson,Haris Rauf,1,0,,,,,,"",""
ball,1,2.4,Perth Scorchers,NR Hobson,LJ Evans,Haris Rauf,0,0,,,,,,"",""
ball,1,2.5,Perth Scorchers,NR Hobson,LJ Evans,Haris Rauf,1,0,,,,,,"",""
ball,1,2.6,Perth Scorchers,LJ Evans,NR Hobson,Haris Rauf,2,0,,,,,,"",""
ball,1,3.1,Perth Scorchers,NR Hobson,LJ Evans,BL Couch,0,0,,,,,,"",""
ball,1,3.2,Perth Scorchers,NR Hobson,LJ Evans,BL Couch,1,0,,,,,,"",""
ball,1,3.3,Perth Scorchers,LJ Evans,NR Hobson,BL Couch,0,0,,,,,,"",""
ball,1,3.4,Perth Scorchers,LJ Evans,NR Hobson,BL Couch,0,1,1,,,,,"",""
ball,1,3.5,Perth Scorchers,LJ Evans,NR Hobson,BL Couch,1,0,,,,,,"",""
ball,1,3.6,Perth Scorchers,NR Hobson,LJ Evans,BL Couch,0,0,,,,,,"",""
ball,1,3.7,Perth Scorchers,NR Hobson,LJ Evans,BL Couch,4,0,,,,,,"",""
ball,1,4.1,Perth Scorchers,LJ Evans,NR Hobson,Qais Ahmad,1,0,,,,,,"",""
ball,1,4.2,Perth Scorchers,NR Hobson,LJ Evans,Qais Ahmad,1,0,,,,,,"",""
ball,1,4.3,Perth Scorchers,LJ Evans,NR Hobson,Qais Ahmad,0,0,,,,,,"",""
ball,1,4.4,Perth Scorchers,LJ Evans,NR Hobson,Qais Ahmad,6,0,,,,,,"",""
ball,1,4.5,Perth Scorchers,LJ Evans,NR Hobson,Qais Ahmad,1,0,,,,,,"",""
ball,1,4.6,Perth Scorchers,NR Hobson,LJ Evans,Qais Ahmad,1,0,,,,,,"",""
ball,1,5.1,Perth Scorchers,NR Hobson,LJ Evans,A Zampa,0,2,,,2,,,"",""
ball,1,5.2,Perth Scorchers,NR Hobson,LJ Evans,A Zampa,1,0,,,,,,"",""
ball,1,5.3,Perth Scorchers,LJ Evans,NR Hobson,A Zampa,1,0,,,,,,"",""
ball,1,5.4,Perth Scorchers,NR Hobson,LJ Evans,A Zampa,1,0,,,,,,"",""
ball,1,5.5,Perth Scorchers,LJ Evans,NR Hobson,A Zampa,0,2,2,,,,,"",""
ball,1,5.6,Perth Scorchers,NR Hobson,LJ Evans,A Zampa,1,0,,,,,,"",""
ball,1,5.7,Perth Scorchers,LJ Evans,NR Hobson,A Zampa,0,0,,,,,,"",""
ball,1,6.1,Perth Scorchers,NR Hobson,LJ Evans,SL Rainbird,0,0,,,,,,"",""
ball,1,6.2,Perth Scorchers,NR Hobson,LJ Evans,SL Rainbird,1,0,,,,,,"",""
ball,1,6.3,Perth Scorchers,LJ Evans,NR Hobson,SL Rainbird,1,0,,,,,,"",""
ball,1,6.4,Perth Scorchers,NR Hobson,LJ Evans,SL Rainbird,1,0,,,,,,"",""
ball,1,6.5,Perth Scorchers,LJ Evans,NR Hobson,SL Rainbird,1,0,,,,,,"",""
ball,1,6.6,Perth Scorchers,NR Hobson,LJ Evans,SL Rainbird,0,0,,,,,,"",""
ball,1,7.1,Perth Scorchers,LJ Evans,NR Hobson,Qais Ahmad,6,0,,,,,,"",""
ball,1,7.2,Perth Scorchers,LJ Evans,NR Hobson,Qais Ahmad,0,0,,,,,,"",""
ball,1,7.3,Perth Scorchers,LJ Evans,NR Hobson,Qais Ahmad,1,0,,,,,,"",""
ball,1,7.4,Perth Scorchers,NR Hobson,LJ Evans,Qais Ahmad,4,0,,,,,,"",""
ball,1,7.5,Perth Scorchers,NR Hobson,LJ Evans,Qais Ahmad,0,0,,,,,,"",""
ball,1,7.6,Perth Scorchers,NR Hobson,LJ Evans,Qais Ahmad,2,0,,,,,,"",""
ball,1,8.1,Perth Scorchers,LJ Evans,NR Hobson,Haris Rauf,0,0,,,,,,"",""
ball,1,8.2,Perth Scorchers,LJ Evans,NR Hobson,Haris Rauf,2,0,,,,,,"",""
ball,1,8.3,Perth Scorchers,LJ Evans,NR Hobson,Haris Rauf,1,0,,,,,,"",""
ball,1,8.4,Perth Scorchers,NR Hobson,LJ Evans,Haris Rauf,1,0,,,,,,"",""
ball,1,8.5,Perth Scorchers,LJ Evans,NR Hobson,Haris Rauf,1,0,,,,,,"",""
ball,1,8.6,Perth Scorchers,NR Hobson,LJ Evans,Haris Rauf,1,0,,,,,,"",""
ball,1,9.1,Perth Scorchers,NR Hobson,LJ Evans,A Zampa,1,0,,,,,,"",""
ball,1,9.2,Perth Scorchers,LJ Evans,NR Hobson,A Zampa,0,0,,,,,,"",""
ball,1,9.3,Perth Scorchers,LJ Evans,NR Hobson,A Zampa,0,0,,,,,,"",""
ball,1,9.4,Perth Scorchers,LJ Evans,NR Hobson,A Zampa,0,1,,,,1,,"",""
ball,1,9.5,Perth Scorchers,NR Hobson,LJ Evans,A Zampa,1,0,,,,,,"",""
ball,1,9.6,Perth Scorchers,LJ Evans,NR Hobson,A Zampa,2,0,,,,,,"",""
ball,1,10.1,Perth Scorchers,LJ Evans,NR Hobson,Haris Rauf,6,0,,,,,,"",""
ball,1,10.2,Perth Scorchers,LJ Evans,NR Hobson,Haris Rauf,1,0,,,,,,"",""
ball,1,10.3,Perth Scorchers,NR Hobson,LJ Evans,Haris Rauf,1,0,,,,,,"",""
ball,1,10.4,Perth Scorchers,LJ Evans,NR Hobson,Haris Rauf,6,0,,,,,,"",""
ball,1,10.5,Perth Scorchers,LJ Evans,NR Hobson,Haris Rauf,0,0,,,,,,"",""
ball,1,10.6,Perth Scorchers,LJ Evans,NR Hobson,Haris Rauf,4,0,,,,,,"",""
ball,1,11.1,Perth Scorchers,NR Hobson,LJ Evans,A Zampa,4,0,,,,,,"",""
ball,1,11.2,Perth Scorchers,NR Hobson,LJ Evans,A Zampa,4,0,,,,,,"",""
ball,1,11.3,Perth Scorchers,NR Hobson,LJ Evans,A Zampa,0,0,,,,,,caught,NR Hobson
ball,1,11.4,Perth Scorchers,AJ Turner,LJ Evans,A Zampa,4,0,,,,,,"",""
ball,1,11.5,Perth Scorchers,AJ Turner,LJ Evans,A Zampa,0,1,1,,,,,"",""
ball,1,11.6,Perth Scorchers,AJ Turner,LJ Evans,A Zampa,4,0,,,,,,"",""
ball,1,11.7,Perth Scorchers,AJ Turner,LJ Evans,A Zampa,1,0,,,,,,"",""
ball,1,12.1,Perth Scorchers,AJ Turner,LJ Evans,SL Rainbird,0,0,,,,,,"",""
ball,1,12.2,Perth Scorchers,AJ Turner,LJ Evans,SL Rainbird,2,0,,,,,,"",""
ball,1,12.3,Perth Scorchers,AJ Turner,LJ Evans,SL Rainbird,6,0,,,,,,"",""
ball,1,12.4,Perth Scorchers,AJ Turner,LJ Evans,SL Rainbird,1,0,,,,,,"",""
ball,1,12.5,Perth Scorchers,LJ Evans,AJ Turner,SL Rainbird,1,0,,,,,,"",""
ball,1,12.6,Perth Scorchers,AJ Turner,LJ Evans,SL Rainbird,1,0,,,,,,"",""
ball,1,13.1,Perth Scorchers,AJ Turner,LJ Evans,CD Hinchliffe,1,0,,,,,,"",""
ball,1,13.2,Perth Scorchers,LJ Evans,AJ Turner,CD Hinchliffe,0,0,,,,,,"",""
ball,1,13.3,Perth Scorchers,LJ Evans,AJ Turner,CD Hinchliffe,1,0,,,,,,"",""
ball,1,13.4,Perth Scorchers,AJ Turner,LJ Evans,CD Hinchliffe,6,0,,,,,,"",""
ball,1,13.5,Perth Scorchers,AJ Turner,LJ Evans,CD Hinchliffe,4,0,,,,,,"",""
ball,1,13.6,Perth Scorchers,AJ Turner,LJ Evans,CD Hinchliffe,2,0,,,,,,"",""
ball,1,14.1,Perth Scorchers,LJ Evans,AJ Turner,Qais Ahmad,2,0,,,,,,"",""
ball,1,14.2,Perth Scorchers,LJ Evans,AJ Turner,Qais Ahmad,1,0,,,,,,"",""
ball,1,14.3,Perth Scorchers,AJ Turner,LJ Evans,Qais Ahmad,1,0,,,,,,"",""
ball,1,14.4,Perth Scorchers,LJ Evans,AJ Turner,Qais Ahmad,0,0,,,,,,"",""
ball,1,14.5,Perth Scorchers,LJ Evans,AJ Turner,Qais Ahmad,0,1,1,,,,,"",""
ball,1,14.6,Perth Scorchers,LJ Evans,AJ Turner,Qais Ahmad,6,0,,,,,,"",""
ball,1,14.7,Perth Scorchers,LJ Evans,AJ Turner,Qais Ahmad,1,0,,,,,,"",""
ball,1,15.1,Perth Scorchers,LJ Evans,AJ Turner,A Zampa,0,0,,,,,,"",""
ball,1,15.2,Perth Scorchers,LJ Evans,AJ Turner,A Zampa,0,0,,,,,,"",""
ball,1,15.3,Perth Scorchers,LJ Evans,AJ Turner,A Zampa,4,0,,,,,,"",""
ball,1,15.4,Perth Scorchers,LJ Evans,AJ Turner,A Zampa,1,0,,,,,,"",""
ball,1,15.5,Perth Scorchers,AJ Turner,LJ Evans,A Zampa,0,0,,,,,,"",""
ball,1,15.6,Perth Scorchers,AJ Turner,LJ Evans,A Zampa,1,0,,,,,,"",""
ball,1,16.1,Perth Scorchers,AJ Turner,LJ Evans,CD Hinchliffe,6,0,,,,,,"",""
ball,1,16.2,Perth Scorchers,AJ Turner,LJ Evans,CD Hinchliffe,1,0,,,,,,"",""
ball,1,16.3,Perth Scorchers,LJ Evans,AJ Turner,CD Hinchliffe,2,0,,,,,,"",""
ball,1,16.4,Perth Scorchers,LJ Evans,AJ Turner,CD Hinchliffe,1,0,,,,,,"",""
ball,1,16.5,Perth Scorchers,AJ Turner,LJ Evans,CD Hinchliffe,1,0,,,,,,"",""
ball,1,16.6,Perth Scorchers,LJ Evans,AJ Turner,CD Hinchliffe,2,0,,,,,,"",""
ball,1,17.1,Perth Scorchers,AJ Turner,LJ Evans,Qais Ahmad,0,2,2,,,,,"",""
ball,1,17.2,Perth Scorchers,LJ Evans,AJ Turner,Qais Ahmad,1,0,,,,,,"",""
ball,1,17.3,Perth Scorchers,AJ Turner,LJ Evans,Qais Ahmad,0,0,,,,,,"",""
ball,1,17.4,Perth Scorchers,AJ Turner,LJ Evans,Qais Ahmad,1,0,,,,,,"",""
ball,1,17.5,Perth Scorchers,LJ Evans,AJ Turner,Qais Ahmad,1,0,,,,,,"",""
ball,1,17.6,Perth Scorchers,AJ Turner,LJ Evans,Qais Ahmad,0,0,,,,,,"",""
ball,1,17.7,Perth Scorchers,AJ Turner,LJ Evans,Qais Ahmad,0,0,,,,,,"",""
ball,1,18.1,Perth Scorchers,LJ Evans,AJ Turner,Haris Rauf,0,0,,,,,,lbw,LJ Evans
ball,1,18.2,Perth Scorchers,AM Hardie,AJ Turner,Haris Rauf,6,0,,,,,,"",""
ball,1,18.3,Perth Scorchers,AM Hardie,AJ Turner,Haris Rauf,0,1,,,,1,,"",""
ball,1,18.4,Perth Scorchers,AJ Turner,AM Hardie,Haris Rauf,1,0,,,,,,"",""
ball,1,18.5,Perth Scorchers,AM Hardie,AJ Turner,Haris Rauf,1,0,,,,,,"",""
ball,1,18.6,Perth Scorchers,AJ Turner,AM Hardie,Haris Rauf,1,0,,,,,,"",""
ball,1,19.1,Perth Scorchers,AJ Turner,AM Hardie,SL Rainbird,1,0,,,,,,"",""
ball,1,19.2,Perth Scorchers,AM Hardie,AJ Turner,SL Rainbird,0,0,,,,,,"",""
ball,1,19.3,Perth Scorchers,AM Hardie,AJ Turner,SL Rainbird,6,0,,,,,,"",""
ball,1,19.4,Perth Scorchers,AM Hardie,AJ Turner,SL Rainbird,1,0,,,,,,"",""
ball,1,19.5,Perth Scorchers,AJ Turner,AM Hardie,SL Rainbird,1,0,,,,,,"",""
ball,1,19.6,Perth Scorchers,AM Hardie,AJ Turner,SL Rainbird,1,0,,,,,,"",""
ball,2,0.1,Melbourne Stars,NCR Larkin,BJ Webster,JP Behrendorff,0,0,,,,,,"",""
ball,2,0.2,Melbourne Stars,NCR Larkin,BJ Webster,JP Behrendorff,1,0,,,,,,"",""
ball,2,0.3,Melbourne Stars,BJ Webster,NCR Larkin,JP Behrendorff,0,0,,,,,,"",""
ball,2,0.4,Melbourne Stars,BJ Webster,NCR Larkin,JP Behrendorff,0,0,,,,,,"",""
ball,2,0.5,Melbourne Stars,BJ Webster,NCR Larkin,JP Behrendorff,0,0,,,,,,"",""
ball,2,0.6,Melbourne Stars,BJ Webster,NCR Larkin,JP Behrendorff,0,0,,,,,,"",""
ball,2,1.1,Melbourne Stars,NCR Larkin,BJ Webster,M Kelly,0,0,,,,,,bowled,NCR Larkin
ball,2,1.2,Melbourne Stars,JA Burns,BJ Webster,M Kelly,0,0,,,,,,"",""
ball,2,1.3,Melbourne Stars,JA Burns,BJ Webster,M Kelly,0,0,,,,,,"",""
ball,2,1.4,Melbourne Stars,JA Burns,BJ Webster,M Kelly,0,0,,,,,,"",""
ball,2,1.5,Melbourne Stars,JA Burns,BJ Webster,M Kelly,0,0,,,,,,"",""
ball,2,1.6,Melbourne Stars,JA Burns,BJ Webster,M Kelly,1,0,,,,,,"",""
ball,2,2.1,Melbourne Stars,JA Burns,BJ Webster,P Hatzoglou,1,0,,,,,,"",""
ball,2,2.2,Melbourne Stars,BJ Webster,JA Burns,P Hatzoglou,0,0,,,,,,"",""
ball,2,2.3,Melbourne Stars,BJ Webster,JA Burns,P Hatzoglou,1,0,,,,,,"",""
ball,2,2.4,Melbourne Stars,JA Burns,BJ Webster,P Hatzoglou,0,4,4,,,,,"",""
ball,2,2.5,Melbourne Stars,BJ Webster,JA Burns,P Hatzoglou,0,0,,,,,,"",""
ball,2,2.6,Melbourne Stars,BJ Webster,JA Burns,P Hatzoglou,0,0,,,,,,"",""
ball,2,2.7,Melbourne Stars,BJ Webster,JA Burns,P Hatzoglou,1,0,,,,,,"",""
ball,2,3.1,Melbourne Stars,BJ Webster,JA Burns,AJ Tye,4,0,,,,,,"",""
ball,2,3.2,Melbourne Stars,BJ Webster,JA Burns,AJ Tye,0,0,,,,,,"",""
ball,2,3.3,Melbourne Stars,BJ Webster,JA Burns,AJ Tye,4,0,,,,,,"",""
ball,2,3.4,Melbourne Stars,BJ Webster,JA Burns,AJ Tye,0,0,,,,,,"",""
ball,2,3.5,Melbourne Stars,BJ Webster,JA Burns,AJ Tye,4,0,,,,,,"",""
ball,2,3.6,Melbourne Stars,BJ Webster,JA Burns,AJ Tye,0,0,,,,,,"",""
ball,2,4.1,Melbourne Stars,JA Burns,BJ Webster,P Hatzoglou,6,0,,,,,,"",""
ball,2,4.2,Melbourne Stars,JA Burns,BJ Webster,P Hatzoglou,1,0,,,,,,"",""
ball,2,4.3,Melbourne Stars,BJ Webster,JA Burns,P Hatzoglou,1,0,,,,,,"",""
ball,2,4.4,Melbourne Stars,JA Burns,BJ Webster,P Hatzoglou,1,0,,,,,,"",""
ball,2,4.5,Melbourne Stars,BJ Webster,JA Burns,P Hatzoglou,2,0,,,,,,"",""
ball,2,4.6,Melbourne Stars,BJ Webster,JA Burns,P Hatzoglou,1,0,,,,,,"",""
ball,2,5.1,Melbourne Stars,BJ Webster,JA Burns,AC Agar,1,0,,,,,,"",""
ball,2,5.2,Melbourne Stars,JA Burns,BJ Webster,AC Agar,1,0,,,,,,"",""
ball,2,5.3,Melbourne Stars,BJ Webster,JA Burns,AC Agar,3,0,,,,,,"",""
ball,2,5.4,Melbourne Stars,JA Burns,BJ Webster,AC Agar,0,0,,,,,,"",""
ball,2,5.5,Melbourne Stars,JA Burns,BJ Webster,AC Agar,1,0,,,,,,"",""
ball,2,5.6,Melbourne Stars,BJ Webster,JA Burns,AC Agar,0,0,,,,,,"",""
ball,2,6.1,Melbourne Stars,JA Burns,BJ Webster,JP Behrendorff,6,0,,,,,,"",""
ball,2,6.2,Melbourne Stars,JA Burns,BJ Webster,JP Behrendorff,0,0,,,,,,"",""
ball,2,6.3,Melbourne Stars,JA Burns,BJ Webster,JP Behrendorff,1,0,,,,,,"",""
ball,2,6.4,Melbourne Stars,BJ Webster,JA Burns,JP Behrendorff,4,0,,,,,,"",""
ball,2,6.5,Melbourne Stars,BJ Webster,JA Burns,JP Behrendorff,6,0,,,,,,"",""
ball,2,6.6,Melbourne Stars,BJ Webster,JA Burns,JP Behrendorff,1,0,,,,,,"",""
ball,2,7.1,Melbourne Stars,BJ Webster,JA Burns,AC Agar,0,0,,,,,,"",""
ball,2,7.2,Melbourne Stars,BJ Webster,JA Burns,AC Agar,0,0,,,,,,"",""
ball,2,7.3,Melbourne Stars,BJ Webster,JA Burns,AC Agar,0,0,,,,,,"",""
ball,2,7.4,Melbourne Stars,BJ Webster,JA Burns,AC Agar,1,0,,,,,,"",""
ball,2,7.5,Melbourne Stars,JA Burns,BJ Webster,AC Agar,1,0,,,,,,"",""
ball,2,7.6,Melbourne Stars,BJ Webster,JA Burns,AC Agar,0,0,,,,,,"",""
ball,2,8.1,Melbourne Stars,JA Burns,BJ Webster,M Kelly,0,0,,,,,,caught and bowled,JA Burns
ball,2,8.2,Melbourne Stars,GJ Maxwell,BJ Webster,M Kelly,0,0,,,,,,"",""
ball,2,8.3,Melbourne Stars,GJ Maxwell,BJ Webster,M Kelly,2,0,,,,,,"",""
ball,2,8.4,Melbourne Stars,GJ Maxwell,BJ Webster,M Kelly,1,0,,,,,,"",""
ball,2,8.5,Melbourne Stars,BJ Webster,GJ Maxwell,M Kelly,1,0,,,,,,"",""
ball,2,8.6,Melbourne Stars,GJ Maxwell,BJ Webster,M Kelly,1,0,,,,,,"",""
ball,2,9.1,Melbourne Stars,GJ Maxwell,BJ Webster,P Hatzoglou,1,0,,,,,,"",""
ball,2,9.2,Melbourne Stars,BJ Webster,GJ Maxwell,P Hatzoglou,1,0,,,,,,"",""
ball,2,9.3,Melbourne Stars,GJ Maxwell,BJ Webster,P Hatzoglou,0,2,,,,2,,"",""
ball,2,9.4,Melbourne Stars,GJ Maxwell,BJ Webster,P Hatzoglou,0,0,,,,,,"",""
ball,2,9.5,Melbourne Stars,GJ Maxwell,BJ Webster,P Hatzoglou,0,0,,,,,,caught,GJ Maxwell
ball,2,9.6,Melbourne Stars,BJ Webster,HWR Cartwright,P Hatzoglou,1,0,,,,,,"",""
ball,2,10.1,Melbourne Stars,BJ Webster,HWR Cartwright,AC Agar,4,0,,,,,,"",""
ball,2,10.2,Melbourne Stars,BJ Webster,HWR Cartwright,AC Agar,1,0,,,,,,"",""
ball,2,10.3,Melbourne Stars,HWR Cartwright,BJ Webster,AC Agar,1,0,,,,,,"",""
ball,2,10.4,Melbourne Stars,BJ Webster,HWR Cartwright,AC Agar,4,0,,,,,,"",""
ball,2,10.5,Melbourne Stars,BJ Webster,HWR Cartwright,AC Agar,1,0,,,,,,"",""
ball,2,10.6,Melbourne Stars,HWR Cartwright,BJ Webster,AC Agar,2,0,,,,,,"",""
ball,2,11.1,Melbourne Stars,BJ Webster,HWR Cartwright,P Hatzoglou,1,0,,,,,,"",""
ball,2,11.2,Melbourne Stars,HWR Cartwright,BJ Webster,P Hatzoglou,1,0,,,,,,"",""
ball,2,11.3,Melbourne Stars,BJ Webster,HWR Cartwright,P Hatzoglou,6,0,,,,,,"",""
ball,2,11.4,Melbourne Stars,BJ Webster,HWR Cartwright,P Hatzoglou,4,0,,,,,,"",""
ball,2,11.5,Melbourne Stars,BJ Webster,HWR Cartwright,P Hatzoglou,0,0,,,,,,"",""
ball,2,11.6,Melbourne Stars,BJ Webster,HWR Cartwright,P Hatzoglou,1,0,,,,,,"",""
ball,2,12.1,Melbourne Stars,BJ Webster,HWR Cartwright,AJ Tye,1,0,,,,,,"",""
ball,2,12.2,Melbourne Stars,HWR Cartwright,BJ Webster,AJ Tye,4,0,,,,,,"",""
ball,2,12.3,Melbourne Stars,HWR Cartwright,BJ Webster,AJ Tye,1,0,,,,,,"",""
ball,2,12.4,Melbourne Stars,BJ Webster,HWR Cartwright,AJ Tye,1,0,,,,,,"",""
ball,2,12.5,Melbourne Stars,HWR Cartwright,BJ Webster,AJ Tye,0,0,,,,,,"",""
ball,2,12.6,Melbourne Stars,HWR Cartwright,BJ Webster,AJ Tye,1,0,,,,,,"",""
ball,2,13.1,Melbourne Stars,HWR Cartwright,BJ Webster,M Kelly,0,0,,,,,,bowled,HWR Cartwright
ball,2,13.2,Melbourne Stars,JM Clarke,BJ Webster,M Kelly,1,0,,,,,,"",""
ball,2,13.3,Melbourne Stars,BJ Webster,JM Clarke,M Kelly,1,0,,,,,,"",""
ball,2,13.4,Melbourne Stars,JM Clarke,BJ Webster,M Kelly,2,0,,,,,,"",""
ball,2,13.5,Melbourne Stars,JM Clarke,BJ Webster,M Kelly,4,0,,,,,,"",""
ball,2,13.6,Melbourne Stars,JM Clarke,BJ Webster,M Kelly,0,0,,,,,,"",""
ball,2,14.1,Melbourne Stars,BJ Webster,JM Clarke,AJ Tye,0,0,,,,,,"",""
ball,2,14.2,Melbourne Stars,BJ Webster,JM Clarke,AJ Tye,1,0,,,,,,"",""
ball,2,14.3,Melbourne Stars,JM Clarke,BJ Webster,AJ Tye,0,1,1,,,,,"",""
ball,2,14.4,Melbourne Stars,JM Clarke,BJ Webster,AJ Tye,6,0,,,,,,"",""
ball,2,14.5,Melbourne Stars,JM Clarke,BJ Webster,AJ Tye,0,0,,,,,,"",""
ball,2,14.6,Melbourne Stars,JM Clarke,BJ Webster,AJ Tye,0,1,1,,,,,"",""
ball,2,14.7,Melbourne Stars,JM Clarke,BJ Webster,AJ Tye,1,0,,,,,,"",""
ball,2,14.8,Melbourne Stars,BJ Webster,JM Clarke,AJ Tye,0,0,,,,,,caught,BJ Webster
ball,2,15.1,Melbourne Stars,JM Clarke,CD Hinchliffe,AC Agar,1,0,,,,,,"",""
ball,2,15.2,Melbourne Stars,CD Hinchliffe,JM Clarke,AC Agar,1,0,,,,,,"",""
ball,2,15.3,Melbourne Stars,JM Clarke,CD Hinchliffe,AC Agar,1,0,,,,,,"",""
ball,2,15.4,Melbourne Stars,CD Hinchliffe,JM Clarke,AC Agar,0,0,,,,,,"",""
ball,2,15.5,Melbourne Stars,CD Hinchliffe,JM Clarke,AC Agar,0,0,,,,,,stumped,CD Hinchliffe
ball,2,15.6,Melbourne Stars,Qais Ahmad,JM Clarke,AC Agar,1,0,,,,,,"",""
ball,2,16.1,Melbourne Stars,Qais Ahmad,JM Clarke,JP Behrendorff,1,0,,,,,,"",""
ball,2,16.2,Melbourne Stars,JM Clarke,Qais Ahmad,JP Behrendorff,1,0,,,,,,"",""
ball,2,16.3,Melbourne Stars,Qais Ahmad,JM Clarke,JP Behrendorff,1,0,,,,,,"",""
ball,2,16.4,Melbourne Stars,JM Clarke,Qais Ahmad,JP Behrendorff,0,0,,,,,,caught,JM Clarke
ball,2,16.5,Melbourne Stars,Qais Ahmad,SL Rainbird,JP Behrendorff,0,0,,,,,,"",""
ball,2,16.6,Melbourne Stars,Qais Ahmad,SL Rainbird,JP Behrendorff,0,0,,,,,,"",""
ball,2,17.1,Melbourne Stars,SL Rainbird,Qais Ahmad,M Kelly,2,0,,,,,,"",""
ball,2,17.2,Melbourne Stars,SL Rainbird,Qais Ahmad,M Kelly,2,0,,,,,,"",""
ball,2,17.3,Melbourne Stars,SL Rainbird,Qais Ahmad,M Kelly,1,0,,,,,,"",""
ball,2,17.4,Melbourne Stars,Qais Ahmad,SL Rainbird,M Kelly,0,0,,,,,,"",""
ball,2,17.5,Melbourne Stars,Qais Ahmad,SL Rainbird,M Kelly,6,0,,,,,,"",""
ball,2,17.6,Melbourne Stars,Qais Ahmad,SL Rainbird,M Kelly,0,0,,,,,,caught,Qais Ahmad
ball,2,18.1,Melbourne Stars,A Zampa,SL Rainbird,JP Behrendorff,0,0,,,,,,"",""
ball,2,18.2,Melbourne Stars,A Zampa,SL Rainbird,JP Behrendorff,0,1,,,,1,,"",""
ball,2,18.3,Melbourne Stars,SL Rainbird,A Zampa,JP Behrendorff,1,0,,,,,,"",""
ball,2,18.4,Melbourne Stars,A Zampa,SL Rainbird,JP Behrendorff,1,0,,,,,,"",""
ball,2,18.5,Melbourne Stars,SL Rainbird,A Zampa,JP Behrendorff,1,0,,,,,,"",""
ball,2,18.6,Melbourne Stars,A Zampa,SL Rainbird,JP Behrendorff,1,0,,,,,,"",""
ball,2,19.1,Melbourne Stars,A Zampa,SL Rainbird,AM Hardie,1,0,,,,,,"",""
ball,2,19.2,Melbourne Stars,SL Rainbird,A Zampa,AM Hardie,1,0,,,,,,run out,A Zampa
ball,2,19.3,Melbourne Stars,SL Rainbird,Haris Rauf,AM Hardie,1,0,,,,,,"",""
ball,2,19.4,Melbourne Stars,Haris Rauf,SL Rainbird,AM Hardie,1,0,,,,,,"",""
ball,2,19.5,Melbourne Stars,SL Rainbird,Haris Rauf,AM Hardie,0,0,,,,,,"",""
ball,2,19.6,Melbourne Stars,SL Rainbird,Haris Rauf,AM Hardie,1,0,,,,,,"",""
