version,1.7.0
info,balls_per_over,6
info,team,Sydney Thunder
info,team,Brisbane Heat
info,gender,male
info,season,2022/23
info,date,2022/12/29
info,event,Big Bash League
info,match_number,19
info,venue,Carrara Oval
info,city,Carrara
info,toss_winner,Brisbane Heat
info,toss_decision,field
info,player_of_match,DR Sams
info,umpire,BNJ Oxenford
info,umpire,SA Lightbody
info,reserve_umpire,N James
info,tv_umpire,DM Koch
info,match_referee,Kepler Wessels
info,winner,Sydney Thunder
info,winner_runs,11
info,player,Sydney Thunder,M Gilkes
info,player,Sydney Thunder,AD Hales
info,player,Sydney Thunder,RR Rossouw
info,player,Sydney Thunder,O Davies
info,player,Sydney Thunder,AI Ross
info,player,Sydney Thunder,DR Sams
info,player,Sydney Thunder,N McAndrew
info,player,Sydney Thunder,CJ Green
info,player,Sydney Thunder,GS Sandhu
info,player,Sydney Thunder,B Doggett
info,player,Sydney Thunder,Usman Qadir
info,player,Brisbane Heat,C Munro
info,player,Brisbane Heat,M Bryant
info,player,Brisbane Heat,MT Renshaw
info,player,Brisbane Heat,SW Billings
info,player,Brisbane Heat,JJ Peirson
info,player,Brisbane Heat,RA Whiteley
info,player,Brisbane Heat,JJ Bazley
info,player,Brisbane Heat,MG Neser
info,player,Brisbane Heat,MT Steketee
info,player,Brisbane Heat,MP Kuhnemann
info,player,Brisbane Heat,MJ Swepson
info,registry,people,AD Hales,92aeac25
info,registry,people,AI Ross,fb0d68b4
info,registry,people,B Doggett,898e628d
info,registry,people,BNJ Oxenford,c1add349
info,registry,people,C Munro,af2c687b
info,registry,people,CJ Green,19b9f399
info,registry,people,DM Koch,6d10c034
info,registry,people,DR Sams,caf69bf7
info,registry,people,GS Sandhu,1558d83b
info,registry,people,JJ Bazley,003d49e6
info,registry,people,JJ Peirson,2b55c3b4
info,registry,people,Kepler Wessels,3bedaff0
info,registry,people,M Bryant,f32012f4
info,registry,people,M Gilkes,d85b0f8b
info,registry,people,MG Neser,0164b064
info,registry,people,MJ Swepson,86b4bf88
info,registry,people,MP Kuhnemann,7b953689
info,registry,people,MT Renshaw,218d4d78
info,registry,people,MT Steketee,903560ed
info,registry,people,N James,3de4511d
info,registry,people,N McAndrew,38c276e1
info,registry,people,O Davies,0ea54eca
info,registry,people,RA Whiteley,d346d939
info,registry,people,RR Rossouw,cad00a4d
info,registry,people,SA Lightbody,680b8cbf
info,registry,people,SW Billings,c16d4035
info,registry,people,TW Gray,5e365152
info,registry,people,Usman Qadir,33742f04
ball,1,0.1,Sydney Thunder,M Gilkes,AD Hales,MG Neser,0,0,,,,,,"",""
ball,1,0.2,Sydney Thunder,M Gilkes,AD Hales,MG Neser,1,0,,,,,,"",""
ball,1,0.3,Sydney Thunder,AD Hales,M Gilkes,MG Neser,1,0,,,,,,"",""
ball,1,0.4,Sydney Thunder,M Gilkes,AD Hales,MG Neser,1,0,,,,,,"",""
ball,1,0.5,Sydney Thunder,AD Hales,M Gilkes,MG Neser,0,0,,,,,,"",""
ball,1,0.6,Sydney Thunder,AD Hales,M Gilkes,MG Neser,0,0,,,,,,"",""
ball,1,1.1,Sydney Thunder,M Gilkes,AD Hales,MT Steketee,1,0,,,,,,"",""
ball,1,1.2,Sydney Thunder,AD Hales,M Gilkes,MT Steketee,0,0,,,,,,"",""
ball,1,1.3,Sydney Thunder,AD Hales,M Gilkes,MT Steketee,1,0,,,,,,"",""
ball,1,1.4,Sydney Thunder,M Gilkes,AD Hales,MT Steketee,0,5,5,,,,,"",""
ball,1,1.5,Sydney Thunder,M Gilkes,AD Hales,MT Steketee,0,0,,,,,,"",""
ball,1,1.6,Sydney Thunder,M Gilkes,AD Hales,MT Steketee,0,0,,,,,,"",""
ball,1,1.7,Sydney Thunder,M Gilkes,AD Hales,MT Steketee,2,0,,,,,,"",""
ball,1,2.1,Sydney Thunder,AD Hales,M Gilkes,MG Neser,1,0,,,,,,"",""
ball,1,2.2,Sydney Thunder,M Gilkes,AD Hales,MG Neser,0,0,,,,,,"",""
ball,1,2.3,Sydney Thunder,M Gilkes,AD Hales,MG Neser,1,0,,,,,,"",""
ball,1,2.4,Sydney Thunder,AD Hales,M Gilkes,MG Neser,1,0,,,,,,"",""
ball,1,2.5,Sydney Thunder,M Gilkes,AD Hales,MG Neser,4,0,,,,,,"",""
ball,1,2.6,Sydney Thunder,M Gilkes,AD Hales,MG Neser,1,0,,,,,,"",""
ball,1,3.1,Sydney Thunder,M Gilkes,AD Hales,MT Steketee,0,0,,,,,,"",""
ball,1,3.2,Sydney Thunder,M Gilkes,AD Hales,MT Steketee,0,0,,,,,,"",""
ball,1,3.3,Sydney Thunder,M Gilkes,AD Hales,MT Steketee,0,0,,,,,,"",""
ball,1,3.4,Sydney Thunder,M Gilkes,AD Hales,MT Steketee,1,0,,,,,,"",""
ball,1,3.5,Sydney Thunder,AD Hales,M Gilkes,MT Steketee,0,1,1,,,,,"",""
ball,1,3.6,Sydney Thunder,AD Hales,M Gilkes,MT Steketee,0,0,,,,,,"",""
ball,1,3.7,Sydney Thunder,AD Hales,M Gilkes,MT Steketee,4,0,,,,,,"",""
ball,1,4.1,Sydney Thunder,M Gilkes,AD Hales,JJ Bazley,1,0,,,,,,"",""
ball,1,4.2,Sydney Thunder,AD Hales,M Gilkes,JJ Bazley,1,0,,,,,,"",""
ball,1,4.3,Sydney Thunder,M Gilkes,AD Hales,JJ Bazley,0,0,,,,,,"",""
ball,1,4.4,Sydney Thunder,M Gilkes,AD Hales,JJ Bazley,0,1,,,,1,,"",""
ball,1,4.5,Sydney Thunder,AD Hales,M Gilkes,JJ Bazley,0,0,,,,,,caught,AD Hales
ball,1,4.6,Sydney Thunder,RR Rossouw,M Gilkes,JJ Bazley,0,0,,,,,,"",""
ball,1,5.1,Sydney Thunder,M Gilkes,RR Rossouw,RA Whiteley,1,0,,,,,,"",""
ball,1,5.2,Sydney Thunder,RR Rossouw,M Gilkes,RA Whiteley,1,0,,,,,,"",""
ball,1,5.3,Sydney Thunder,M Gilkes,RR Rossouw,RA Whiteley,1,0,,,,,,"",""
ball,1,5.4,Sydney Thunder,RR Rossouw,M Gilkes,RA Whiteley,2,0,,,,,,"",""
ball,1,5.5,Sydney Thunder,RR Rossouw,M Gilkes,RA Whiteley,0,0,,,,,,"",""
ball,1,5.6,Sydney Thunder,RR Rossouw,M Gilkes,RA Whiteley,1,0,,,,,,"",""
ball,1,6.1,Sydney Thunder,RR Rossouw,M Gilkes,JJ Bazley,0,0,,,,,,"",""
ball,1,6.2,Sydney Thunder,RR Rossouw,M Gilkes,JJ Bazley,4,0,,,,,,"",""
ball,1,6.3,Sydney Thunder,RR Rossouw,M Gilkes,JJ Bazley,0,0,,,,,,"",""
ball,1,6.4,Sydney Thunder,RR Rossouw,M Gilkes,JJ Bazley,2,0,,,,,,"",""
ball,1,6.5,Sydney Thunder,RR Rossouw,M Gilkes,JJ Bazley,0,0,,,,,,"",""
ball,1,6.6,Sydney Thunder,RR Rossouw,M Gilkes,JJ Bazley,1,0,,,,,,"",""
ball,1,7.1,Sydney Thunder,RR Rossouw,M Gilkes,MT Renshaw,1,0,,,,,,"",""
ball,1,7.2,Sydney Thunder,M Gilkes,RR Rossouw,MT Renshaw,1,0,,,,,,"",""
ball,1,7.3,Sydney Thunder,RR Rossouw,M Gilkes,MT Renshaw,1,0,,,,,,"",""
ball,1,7.4,Sydney Thunder,M Gilkes,RR Rossouw,MT Renshaw,1,0,,,,,,"",""
ball,1,7.5,Sydney Thunder,RR Rossouw,M Gilkes,MT Renshaw,1,0,,,,,,"",""
ball,1,7.6,Sydney Thunder,M Gilkes,RR Rossouw,MT Renshaw,4,0,,,,,,"",""
ball,1,8.1,Sydney Thunder,RR Rossouw,M Gilkes,MG Neser,0,0,,,,,,"",""
ball,1,8.2,Sydney Thunder,RR Rossouw,M Gilkes,MG Neser,0,1,1,,,,,"",""
ball,1,8.3,Sydney Thunder,RR Rossouw,M Gilkes,MG Neser,1,0,,,,,,"",""
ball,1,8.4,Sydney Thunder,M Gilkes,RR Rossouw,MG Neser,3,0,,,,,,"",""
ball,1,8.5,Sydney Thunder,RR Rossouw,M Gilkes,MG Neser,1,0,,,,,,"",""
ball,1,8.6,Sydney Thunder,M Gilkes,RR Rossouw,MG Neser,1,0,,,,,,"",""
ball,1,8.7,Sydney Thunder,RR Rossouw,M Gilkes,MG Neser,0,0,,,,,,"",""
ball,1,9.1,Sydney Thunder,M Gilkes,RR Rossouw,MJ Swepson,0,0,,,,,,"",""
ball,1,9.2,Sydney Thunder,M Gilkes,RR Rossouw,MJ Swepson,1,0,,,,,,"",""
ball,1,9.3,Sydney Thunder,RR Rossouw,M Gilkes,MJ Swepson,0,0,,,,,,"",""
ball,1,9.4,Sydney Thunder,RR Rossouw,M Gilkes,MJ Swepson,4,0,,,,,,"",""
ball,1,9.5,Sydney Thunder,RR Rossouw,M Gilkes,MJ Swepson,0,0,,,,,,"",""
ball,1,9.6,Sydney Thunder,RR Rossouw,M Gilkes,MJ Swepson,1,0,,,,,,"",""
ball,1,10.1,Sydney Thunder,RR Rossouw,M Gilkes,RA Whiteley,0,1,1,,,,,"",""
ball,1,10.2,Sydney Thunder,RR Rossouw,M Gilkes,RA Whiteley,1,0,,,,,,"",""
ball,1,10.3,Sydney Thunder,M Gilkes,RR Rossouw,RA Whiteley,1,0,,,,,,"",""
ball,1,10.4,Sydney Thunder,RR Rossouw,M Gilkes,RA Whiteley,0,0,,,,,,"",""
ball,1,10.5,Sydney Thunder,RR Rossouw,M Gilkes,RA Whiteley,1,0,,,,,,"",""
ball,1,10.6,Sydney Thunder,M Gilkes,RR Rossouw,RA Whiteley,1,0,,,,,,"",""
ball,1,10.7,Sydney Thunder,RR Rossouw,M Gilkes,RA Whiteley,0,1,1,,,,,"",""
ball,1,10.8,Sydney Thunder,RR Rossouw,M Gilkes,RA Whiteley,1,0,,,,,,"",""
ball,1,11.1,Sydney Thunder,RR Rossouw,M Gilkes,MJ Swepson,0,0,,,,,,"",""
ball,1,11.2,Sydney Thunder,RR Rossouw,M Gilkes,MJ Swepson,6,0,,,,,,"",""
ball,1,11.3,Sydney Thunder,RR Rossouw,M Gilkes,MJ Swepson,0,0,,,,,,"",""
ball,1,11.4,Sydney Thunder,RR Rossouw,M Gilkes,MJ Swepson,0,0,,,,,,"",""
ball,1,11.5,Sydney Thunder,RR Rossouw,M Gilkes,MJ Swepson,2,0,,,,,,"",""
ball,1,11.6,Sydney Thunder,RR Rossouw,M Gilkes,MJ Swepson,1,0,,,,,,"",""
ball,1,12.1,Sydney Thunder,RR Rossouw,M Gilkes,JJ Bazley,4,0,,,,,,"",""
ball,1,12.2,Sydney Thunder,RR Rossouw,M Gilkes,JJ Bazley,2,0,,,,,,"",""
ball,1,12.3,Sydney Thunder,RR Rossouw,M Gilkes,JJ Bazley,0,0,,,,,,caught,RR Rossouw
ball,1,12.4,Sydney Thunder,O Davies,M Gilkes,JJ Bazley,1,0,,,,,,"",""
ball,1,12.5,Sydney Thunder,M Gilkes,O Davies,JJ Bazley,1,0,,,,,,"",""
ball,1,12.6,Sydney Thunder,O Davies,M Gilkes,JJ Bazley,0,0,,,,,,"",""
ball,1,13.1,Sydney Thunder,M Gilkes,O Davies,MP Kuhnemann,0,0,,,,,,"",""
ball,1,13.2,Sydney Thunder,M Gilkes,O Davies,MP Kuhnemann,2,0,,,,,,"",""
ball,1,13.3,Sydney Thunder,M Gilkes,O Davies,MP Kuhnemann,4,0,,,,,,"",""
ball,1,13.4,Sydney Thunder,M Gilkes,O Davies,MP Kuhnemann,2,0,,,,,,"",""
ball,1,13.5,Sydney Thunder,M Gilkes,O Davies,MP Kuhnemann,0,0,,,,,,caught,M Gilkes
ball,1,13.6,Sydney Thunder,AI Ross,O Davies,MP Kuhnemann,0,0,,,,,,"",""
ball,1,14.1,Sydney Thunder,O Davies,AI Ross,RA Whiteley,0,1,1,,,,,"",""
ball,1,14.2,Sydney Thunder,O Davies,AI Ross,RA Whiteley,0,0,,,,,,"",""
ball,1,14.3,Sydney Thunder,O Davies,AI Ross,RA Whiteley,1,0,,,,,,"",""
ball,1,14.4,Sydney Thunder,AI Ross,O Davies,RA Whiteley,0,1,,,,1,,"",""
ball,1,14.5,Sydney Thunder,O Davies,AI Ross,RA Whiteley,6,0,,,,,,"",""
ball,1,14.6,Sydney Thunder,O Davies,AI Ross,RA Whiteley,1,0,,,,,,"",""
ball,1,14.7,Sydney Thunder,AI Ross,O Davies,RA Whiteley,2,0,,,,,,"",""
ball,1,15.1,Sydney Thunder,O Davies,AI Ross,MT Steketee,6,0,,,,,,"",""
ball,1,15.2,Sydney Thunder,O Davies,AI Ross,MT Steketee,0,0,,,,,,"",""
ball,1,15.3,Sydney Thunder,O Davies,AI Ross,MT Steketee,1,0,,,,,,"",""
ball,1,15.4,Sydney Thunder,AI Ross,O Davies,MT Steketee,4,0,,,,,,"",""
ball,1,15.5,Sydney Thunder,AI Ross,O Davies,MT Steketee,4,0,,,,,,"",""
ball,1,15.6,Sydney Thunder,AI Ross,O Davies,MT Steketee,1,0,,,,,,"",""
ball,1,16.1,Sydney Thunder,AI Ross,O Davies,MG Neser,6,0,,,,,,"",""
ball,1,16.2,Sydney Thunder,AI Ross,O Davies,MG Neser,4,0,,,,,,"",""
ball,1,16.3,Sydney Thunder,AI Ross,O Davies,MG Neser,1,0,,,,,,"",""
ball,1,16.4,Sydney Thunder,O Davies,AI Ross,MG Neser,0,1,1,,,,,"",""
ball,1,16.5,Sydney Thunder,O Davies,AI Ross,MG Neser,0,0,,,,,,caught,O Davies
ball,1,16.6,Sydney Thunder,DR Sams,AI Ross,MG Neser,0,0,,,,,,"",""
ball,1,16.7,Sydney Thunder,DR Sams,AI Ross,MG Neser,0,0,,,,,,"",""
ball,1,17.1,Sydney Thunder,AI Ross,DR Sams,MJ Swepson,1,0,,,,,,"",""
ball,1,17.2,Sydney Thunder,DR Sams,AI Ross,MJ Swepson,6,0,,,,,,"",""
ball,1,17.3,Sydney Thunder,DR Sams,AI Ross,MJ Swepson,6,0,,,,,,"",""
ball,1,17.4,Sydney Thunder,DR Sams,AI Ross,MJ Swepson,4,0,,,,,,"",""
ball,1,17.5,Sydney Thunder,DR Sams,AI Ross,MJ Swepson,0,1,1,,,,,"",""
ball,1,17.6,Sydney Thunder,DR Sams,AI Ross,MJ Swepson,2,0,,,,,,"",""
ball,1,17.7,Sydney Thunder,DR Sams,AI Ross,MJ Swepson,0,1,,,,1,,"",""
ball,1,18.1,Sydney Thunder,DR Sams,AI Ross,MT Steketee,0,0,,,,,,"",""
ball,1,18.2,Sydney Thunder,DR Sams,AI Ross,MT Steketee,6,0,,,,,,"",""
ball,1,18.3,Sydney Thunder,DR Sams,AI Ross,MT Steketee,4,0,,,,,,"",""
ball,1,18.4,Sydney Thunder,DR Sams,AI Ross,MT Steketee,0,0,,,,,,"",""
ball,1,18.5,Sydney Thunder,DR Sams,AI Ross,MT Steketee,6,0,,,,,,"",""
ball,1,18.6,Sydney Thunder,DR Sams,AI Ross,MT Steketee,1,0,,,,,,"",""
ball,1,19.1,Sydney Thunder,DR Sams,AI Ross,JJ Bazley,0,1,1,,,,,"",""
ball,1,19.2,Sydney Thunder,DR Sams,AI Ross,JJ Bazley,1,0,,,,,,"",""
ball,1,19.3,Sydney Thunder,AI Ross,DR Sams,JJ Bazley,2,0,,,,,,"",""
ball,1,19.4,Sydney Thunder,AI Ross,DR Sams,JJ Bazley,0,0,,,,,,caught,AI Ross
ball,1,19.5,Sydney Thunder,N McAndrew,DR Sams,JJ Bazley,0,0,,,,,,caught,N McAndrew
ball,1,19.6,Sydney Thunder,CJ Green,DR Sams,JJ Bazley,1,0,,,,,,"",""
ball,1,19.7,Sydney Thunder,DR Sams,CJ Green,JJ Bazley,0,3,,,3,,,"",""
ball,2,0.1,Brisbane Heat,C Munro,M Bryant,GS Sandhu,0,1,1,,,,,"",""
ball,2,0.2,Brisbane Heat,C Munro,M Bryant,GS Sandhu,1,0,,,,,,"",""
ball,2,0.3,Brisbane Heat,M Bryant,C Munro,GS Sandhu,4,0,,,,,,"",""
ball,2,0.4,Brisbane Heat,M Bryant,C Munro,GS Sandhu,0,0,,,,,,caught,M Bryant
ball,2,0.5,Brisbane Heat,MT Renshaw,C Munro,GS Sandhu,0,0,,,,,,"",""
ball,2,0.6,Brisbane Heat,MT Renshaw,C Munro,GS Sandhu,0,0,,,,,,"",""
ball,2,0.7,Brisbane Heat,MT Renshaw,C Munro,GS Sandhu,0,0,,,,,,"",""
ball,2,1.1,Brisbane Heat,C Munro,MT Renshaw,DR Sams,0,1,1,,,,,"",""
ball,2,1.2,Brisbane Heat,C Munro,MT Renshaw,DR Sams,0,1,1,,,,,"",""
ball,2,1.3,Brisbane Heat,C Munro,MT Renshaw,DR Sams,2,0,,,,,,"",""
ball,2,1.4,Brisbane Heat,C Munro,MT Renshaw,DR Sams,0,1,1,,,,,"",""
ball,2,1.5,Brisbane Heat,C Munro,MT Renshaw,DR Sams,0,0,,,,,,"",""
ball,2,1.6,Brisbane Heat,C Munro,MT Renshaw,DR Sams,0,0,,,,,,"",""
ball,2,1.7,Brisbane Heat,C Munro,MT Renshaw,DR Sams,3,0,,,,,,"",""
ball,2,1.8,Brisbane Heat,MT Renshaw,C Munro,DR Sams,0,0,,,,,,caught,MT Renshaw
ball,2,1.9,Brisbane Heat,SW Billings,C Munro,DR Sams,0,0,,,,,,"",""
ball,2,2.1,Brisbane Heat,C Munro,SW Billings,N McAndrew,4,0,,,,,,"",""
ball,2,2.2,Brisbane Heat,C Munro,SW Billings,N McAndrew,4,0,,,,,,"",""
ball,2,2.3,Brisbane Heat,C Munro,SW Billings,N McAndrew,0,0,,,,,,"",""
ball,2,2.4,Brisbane Heat,C Munro,SW Billings,N McAndrew,6,0,,,,,,"",""
ball,2,2.5,Brisbane Heat,C Munro,SW Billings,N McAndrew,0,0,,,,,,"",""
ball,2,2.6,Brisbane Heat,C Munro,SW Billings,N McAndrew,0,0,,,,,,"",""
ball,2,3.1,Brisbane Heat,SW Billings,C Munro,B Doggett,0,0,,,,,,"",""
ball,2,3.2,Brisbane Heat,SW Billings,C Munro,B Doggett,1,0,,,,,,"",""
ball,2,3.3,Brisbane Heat,C Munro,SW Billings,B Doggett,0,0,,,,,,"",""
ball,2,3.4,Brisbane Heat,C Munro,SW Billings,B Doggett,4,0,,,,,,"",""
ball,2,3.5,Brisbane Heat,C Munro,SW Billings,B Doggett,6,0,,,,,,"",""
ball,2,3.6,Brisbane Heat,C Munro,SW Billings,B Doggett,4,0,,,,,,"",""
ball,2,4.1,Brisbane Heat,SW Billings,C Munro,CJ Green,0,0,,,,,,"",""
ball,2,4.2,Brisbane Heat,SW Billings,C Munro,CJ Green,0,0,,,,,,"",""
ball,2,4.3,Brisbane Heat,SW Billings,C Munro,CJ Green,4,0,,,,,,"",""
ball,2,4.4,Brisbane Heat,SW Billings,C Munro,CJ Green,0,0,,,,,,stumped,SW Billings
ball,2,4.5,Brisbane Heat,JJ Peirson,C Munro,CJ Green,1,0,,,,,,"",""
ball,2,4.6,Brisbane Heat,C Munro,JJ Peirson,CJ Green,1,0,,,,,,"",""
ball,2,5.1,Brisbane Heat,C Munro,JJ Peirson,Usman Qadir,4,0,,,,,,"",""
ball,2,5.2,Brisbane Heat,C Munro,JJ Peirson,Usman Qadir,1,0,,,,,,"",""
ball,2,5.3,Brisbane Heat,JJ Peirson,C Munro,Usman Qadir,3,0,,,,,,"",""
ball,2,5.4,Brisbane Heat,C Munro,JJ Peirson,Usman Qadir,0,0,,,,,,"",""
ball,2,5.5,Brisbane Heat,C Munro,JJ Peirson,Usman Qadir,1,0,,,,,,"",""
ball,2,5.6,Brisbane Heat,JJ Peirson,C Munro,Usman Qadir,1,0,,,,,,"",""
ball,2,6.1,Brisbane Heat,JJ Peirson,C Munro,CJ Green,0,0,,,,,,"",""
ball,2,6.2,Brisbane Heat,JJ Peirson,C Munro,CJ Green,1,0,,,,,,"",""
ball,2,6.3,Brisbane Heat,C Munro,JJ Peirson,CJ Green,1,0,,,,,,"",""
ball,2,6.4,Brisbane Heat,JJ Peirson,C Munro,CJ Green,0,0,,,,,,"",""
ball,2,6.5,Brisbane Heat,JJ Peirson,C Munro,CJ Green,0,0,,,,,,"",""
ball,2,6.6,Brisbane Heat,JJ Peirson,C Munro,CJ Green,1,0,,,,,,"",""
ball,2,7.1,Brisbane Heat,JJ Peirson,C Munro,N McAndrew,2,0,,,,,,"",""
ball,2,7.2,Brisbane Heat,JJ Peirson,C Munro,N McAndrew,0,0,,,,,,"",""
ball,2,7.3,Brisbane Heat,JJ Peirson,C Munro,N McAndrew,0,0,,,,,,caught,JJ Peirson
ball,2,7.4,Brisbane Heat,RA Whiteley,C Munro,N McAndrew,0,0,,,,,,"",""
ball,2,7.5,Brisbane Heat,RA Whiteley,C Munro,N McAndrew,1,0,,,,,,"",""
ball,2,7.6,Brisbane Heat,C Munro,RA Whiteley,N McAndrew,2,0,,,,,,"",""
ball,2,8.1,Brisbane Heat,RA Whiteley,C Munro,O Davies,1,0,,,,,,"",""
ball,2,8.2,Brisbane Heat,C Munro,RA Whiteley,O Davies,1,0,,,,,,"",""
ball,2,8.3,Brisbane Heat,RA Whiteley,C Munro,O Davies,4,0,,,,,,"",""
ball,2,8.4,Brisbane Heat,RA Whiteley,C Munro,O Davies,1,0,,,,,,"",""
ball,2,8.5,Brisbane Heat,C Munro,RA Whiteley,O Davies,1,0,,,,,,"",""
ball,2,8.6,Brisbane Heat,RA Whiteley,C Munro,O Davies,0,0,,,,,,"",""
ball,2,9.1,Brisbane Heat,C Munro,RA Whiteley,B Doggett,1,0,,,,,,"",""
ball,2,9.2,Brisbane Heat,RA Whiteley,C Munro,B Doggett,0,1,,,,1,,"",""
ball,2,9.3,Brisbane Heat,C Munro,RA Whiteley,B Doggett,6,0,,,,,,"",""
ball,2,9.4,Brisbane Heat,C Munro,RA Whiteley,B Doggett,4,0,,,,,,"",""
ball,2,9.5,Brisbane Heat,C Munro,RA Whiteley,B Doggett,2,0,,,,,,"",""
ball,2,9.6,Brisbane Heat,C Munro,RA Whiteley,B Doggett,4,0,,,,,,"",""
ball,2,10.1,Brisbane Heat,RA Whiteley,C Munro,N McAndrew,1,0,,,,,,"",""
ball,2,10.2,Brisbane Heat,C Munro,RA Whiteley,N McAndrew,4,0,,,,,,"",""
ball,2,10.3,Brisbane Heat,C Munro,RA Whiteley,N McAndrew,0,0,,,,,,"",""
ball,2,10.4,Brisbane Heat,C Munro,RA Whiteley,N McAndrew,2,0,,,,,,"",""
ball,2,10.5,Brisbane Heat,C Munro,RA Whiteley,N McAndrew,1,0,,,,,,"",""
ball,2,10.6,Brisbane Heat,RA Whiteley,C Munro,N McAndrew,1,0,,,,,,"",""
ball,2,11.1,Brisbane Heat,RA Whiteley,C Munro,DR Sams,0,0,,,,,,caught,RA Whiteley
ball,2,11.2,Brisbane Heat,JJ Bazley,C Munro,DR Sams,1,0,,,,,,"",""
ball,2,11.3,Brisbane Heat,C Munro,JJ Bazley,DR Sams,2,0,,,,,,"",""
ball,2,11.4,Brisbane Heat,C Munro,JJ Bazley,DR Sams,1,0,,,,,,"",""
ball,2,11.5,Brisbane Heat,JJ Bazley,C Munro,DR Sams,4,0,,,,,,"",""
ball,2,11.6,Brisbane Heat,JJ Bazley,C Munro,DR Sams,1,0,,,,,,"",""
ball,2,12.1,Brisbane Heat,JJ Bazley,C Munro,CJ Green,0,0,,,,,,"",""
ball,2,12.2,Brisbane Heat,JJ Bazley,C Munro,CJ Green,1,0,,,,,,"",""
ball,2,12.3,Brisbane Heat,C Munro,JJ Bazley,CJ Green,1,0,,,,,,"",""
ball,2,12.4,Brisbane Heat,JJ Bazley,C Munro,CJ Green,2,0,,,,,,"",""
ball,2,12.5,Brisbane Heat,JJ Bazley,C Munro,CJ Green,0,0,,,,,,"",""
ball,2,12.6,Brisbane Heat,JJ Bazley,C Munro,CJ Green,0,0,,,,,,"",""
ball,2,13.1,Brisbane Heat,C Munro,JJ Bazley,Usman Qadir,1,0,,,,,,"",""
ball,2,13.2,Brisbane Heat,JJ Bazley,C Munro,Usman Qadir,0,0,,,,,,"",""
ball,2,13.3,Brisbane Heat,JJ Bazley,C Munro,Usman Qadir,1,0,,,,,,"",""
ball,2,13.4,Brisbane Heat,C Munro,JJ Bazley,Usman Qadir,1,0,,,,,,"",""
ball,2,13.5,Brisbane Heat,JJ Bazley,C Munro,Usman Qadir,1,0,,,,,,"",""
ball,2,13.6,Brisbane Heat,C Munro,JJ Bazley,Usman Qadir,1,0,,,,,,"",""
ball,2,14.1,Brisbane Heat,C Munro,JJ Bazley,CJ Green,2,0,,,,,,"",""
ball,2,14.2,Brisbane Heat,C Munro,JJ Bazley,CJ Green,1,0,,,,,,"",""
ball,2,14.3,Brisbane Heat,JJ Bazley,C Munro,CJ Green,0,0,,,,,,"",""
ball,2,14.4,Brisbane Heat,JJ Bazley,C Munro,CJ Green,1,0,,,,,,"",""
ball,2,14.5,Brisbane Heat,C Munro,JJ Bazley,CJ Green,1,0,,,,,,"",""
ball,2,14.6,Brisbane Heat,JJ Bazley,C Munro,CJ Green,0,1,1,,,,,"",""
ball,2,14.7,Brisbane Heat,JJ Bazley,C Munro,CJ Green,1,0,,,,,,"",""
ball,2,15.1,Brisbane Heat,JJ Bazley,C Munro,Usman Qadir,2,0,,,,,,"",""
ball,2,15.2,Brisbane Heat,JJ Bazley,C Munro,Usman Qadir,1,0,,,,,,"",""
ball,2,15.3,Brisbane Heat,C Munro,JJ Bazley,Usman Qadir,2,0,,,,,,"",""
ball,2,15.4,Brisbane Heat,C Munro,JJ Bazley,Usman Qadir,1,0,,,,,,"",""
ball,2,15.5,Brisbane Heat,JJ Bazley,C Munro,Usman Qadir,0,0,,,,,,"",""
ball,2,15.6,Brisbane Heat,JJ Bazley,C Munro,Usman Qadir,1,0,,,,,,"",""
ball,2,16.1,Brisbane Heat,JJ Bazley,C Munro,DR Sams,0,0,,,,,,"",""
ball,2,16.2,Brisbane Heat,JJ Bazley,C Munro,DR Sams,0,1,1,,,,,"",""
ball,2,16.3,Brisbane Heat,JJ Bazley,C Munro,DR Sams,6,0,,,,,,"",""
ball,2,16.4,Brisbane Heat,JJ Bazley,C Munro,DR Sams,1,0,,,,,,"",""
ball,2,16.5,Brisbane Heat,C Munro,JJ Bazley,DR Sams,2,0,,,,,,"",""
ball,2,16.6,Brisbane Heat,C Munro,JJ Bazley,DR Sams,1,0,,,,,,"",""
ball,2,16.7,Brisbane Heat,JJ Bazley,C Munro,DR Sams,1,0,,,,,,"",""
ball,2,17.1,Brisbane Heat,JJ Bazley,C Munro,Usman Qadir,4,0,,,,,,"",""
ball,2,17.2,Brisbane Heat,JJ Bazley,C Munro,Usman Qadir,0,0,,,,,,lbw,JJ Bazley
ball,2,17.3,Brisbane Heat,MG Neser,C Munro,Usman Qadir,1,0,,,,,,"",""
ball,2,17.4,Brisbane Heat,C Munro,MG Neser,Usman Qadir,1,0,,,,,,"",""
ball,2,17.5,Brisbane Heat,MG Neser,C Munro,Usman Qadir,0,1,,,,1,,"",""
ball,2,17.6,Brisbane Heat,C Munro,MG Neser,Usman Qadir,2,0,,,,,,"",""
ball,2,18.1,Brisbane Heat,MG Neser,C Munro,DR Sams,2,0,,,,,,"",""
ball,2,18.2,Brisbane Heat,MG Neser,C Munro,DR Sams,2,0,,,,,,"",""
ball,2,18.3,Brisbane Heat,MG Neser,C Munro,DR Sams,1,0,,,,,,"",""
ball,2,18.4,Brisbane Heat,C Munro,MG Neser,DR Sams,2,0,,,,,,"",""
ball,2,18.5,Brisbane Heat,C Munro,MG Neser,DR Sams,4,0,,,,,,"",""
ball,2,18.6,Brisbane Heat,C Munro,MG Neser,DR Sams,1,0,,,,,,"",""
ball,2,19.1,Brisbane Heat,C Munro,MG Neser,N McAndrew,1,1,,1,,,,"",""
ball,2,19.2,Brisbane Heat,MG Neser,C Munro,N McAndrew,1,0,,,,,,"",""
ball,2,19.3,Brisbane Heat,C Munro,MG Neser,N McAndrew,0,0,,,,,,caught,C Munro
ball,2,19.4,Brisbane Heat,MT Steketee,MG Neser,N McAndrew,1,0,,,,,,"",""
ball,2,19.5,Brisbane Heat,MG Neser,MT Steketee,N McAndrew,0,0,,,,,,caught,MG Neser
ball,2,19.6,Brisbane Heat,MP Kuhnemann,MT Steketee,N McAndrew,0,0,,,,,,"",""
ball,2,19.7,Brisbane Heat,MP Kuhnemann,MT Steketee,N McAndrew,0,0,,,,,,caught,MP Kuhnemann
