version,1.7.0
info,balls_per_over,6
info,team,Brisbane Heat
info,team,Adelaide Strikers
info,gender,male
info,season,2022/23
info,date,2022/12/23
info,event,Big Bash League
info,match_number,13
info,venue,"Brisbane Cricket Ground, Woolloongabba, Brisbane"
info,city,Brisbane
info,toss_winner,Brisbane Heat
info,toss_decision,bat
info,player_of_match,SW Billings
info,umpire,GJ Davidson
info,umpire,Sharad Patel
info,reserve_umpire,J Adie
info,tv_umpire,BNJ Oxenford
info,match_referee,Kepler Wessels
info,winner,Brisbane Heat
info,winner_runs,6
info,player,Brisbane Heat,M Bryant
info,player,Brisbane Heat,C Munro
info,player,Brisbane Heat,MT Renshaw
info,player,Brisbane Heat,SW Billings
info,player,Brisbane Heat,JJ Peirson
info,player,Brisbane Heat,RA Whiteley
info,player,Brisbane Heat,MG Neser
info,player,Brisbane Heat,JJ Bazley
info,player,Brisbane Heat,MT Steketee
info,player,Brisbane Heat,MP Kuhnemann
info,player,Brisbane Heat,MJ Swepson
info,player,Adelaide Strikers,J Weatherald
info,player,Adelaide Strikers,MW Short
info,player,Adelaide Strikers,CA Lynn
info,player,Adelaide Strikers,AJ Hose
info,player,Adelaide Strikers,C de Grandhomme
info,player,Adelaide Strikers,T Kelly
info,player,Adelaide Strikers,HJ Nielsen
info,player,Adelaide Strikers,Rashid Khan
info,player,Adelaide Strikers,WA Agar
info,player,Adelaide Strikers,HTRY Thornton
info,player,Adelaide Strikers,PM Siddle
info,registry,people,AJ Hose,104e88a4
info,registry,people,BNJ Oxenford,c1add349
info,registry,people,C Munro,af2c687b
info,registry,people,C de Grandhomme,94d7f855
info,registry,people,CA Lynn,45eda7c8
info,registry,people,GJ Davidson,31ad5973
info,registry,people,HJ Nielsen,0ea1455a
info,registry,people,HTRY Thornton,055be93a
info,registry,people,J Adie,259c0030
info,registry,people,J Weatherald,edc7ddb6
info,registry,people,JJ Bazley,003d49e6
info,registry,people,JJ Peirson,2b55c3b4
info,registry,people,Kepler Wessels,3bedaff0
info,registry,people,M Bryant,f32012f4
info,registry,people,MG Neser,0164b064
info,registry,people,MJ Swepson,86b4bf88
info,registry,people,MP Kuhnemann,7b953689
info,registry,people,MT Renshaw,218d4d78
info,registry,people,MT Steketee,903560ed
info,registry,people,MW Short,a90e53ec
info,registry,people,PM Siddle,bd93fea4
info,registry,people,RA Whiteley,d346d939
info,registry,people,Rashid Khan,5f547c8b
info,registry,people,SW Billings,c16d4035
info,registry,people,Sharad Patel,8e6dd3ba
info,registry,people,T Kelly,6ceb94d0
info,registry,people,WA Agar,15de1f5d
ball,1,0.1,Brisbane Heat,M Bryant,C Munro,HTRY Thornton,0,0,,,,,,"",""
ball,1,0.2,Brisbane Heat,M Bryant,C Munro,HTRY Thornton,4,0,,,,,,"",""
ball,1,0.3,Brisbane Heat,M Bryant,C Munro,HTRY Thornton,4,0,,,,,,"",""
ball,1,0.4,Brisbane Heat,M Bryant,C Munro,HTRY Thornton,1,0,,,,,,"",""
ball,1,0.5,Brisbane Heat,C Munro,M Bryant,HTRY Thornton,0,0,,,,,,"",""
ball,1,0.6,Brisbane Heat,C Munro,M Bryant,HTRY Thornton,1,0,,,,,,"",""
ball,1,1.1,Brisbane Heat,C Munro,M Bryant,MW Short,0,0,,,,,,caught,C Munro
ball,1,1.2,Brisbane Heat,MT Renshaw,M Bryant,MW Short,0,0,,,,,,"",""
ball,1,1.3,Brisbane Heat,MT Renshaw,M Bryant,MW Short,2,0,,,,,,"",""
ball,1,1.4,Brisbane Heat,MT Renshaw,M Bryant,MW Short,0,0,,,,,,"",""
ball,1,1.5,Brisbane Heat,MT Renshaw,M Bryant,MW Short,0,0,,,,,,"",""
ball,1,1.6,Brisbane Heat,MT Renshaw,M Bryant,MW Short,0,0,,,,,,caught,MT Renshaw
ball,1,2.1,Brisbane Heat,M Bryant,SW Billings,WA Agar,4,0,,,,,,"",""
ball,1,2.2,Brisbane Heat,M Bryant,SW Billings,WA Agar,1,0,,,,,,"",""
ball,1,2.3,Brisbane Heat,SW Billings,M Bryant,WA Agar,0,0,,,,,,"",""
ball,1,2.4,Brisbane Heat,SW Billings,M Bryant,WA Agar,0,0,,,,,,"",""
ball,1,2.5,Brisbane Heat,SW Billings,M Bryant,WA Agar,4,0,,,,,,"",""
ball,1,2.6,Brisbane Heat,SW Billings,M Bryant,WA Agar,0,0,,,,,,"",""
ball,1,3.1,Brisbane Heat,M Bryant,SW Billings,PM Siddle,0,0,,,,,,"",""
ball,1,3.2,Brisbane Heat,M Bryant,SW Billings,PM Siddle,0,0,,,,,,"",""
ball,1,3.3,Brisbane Heat,M Bryant,SW Billings,PM Siddle,4,0,,,,,,"",""
ball,1,3.4,Brisbane Heat,M Bryant,SW Billings,PM Siddle,0,0,,,,,,"",""
ball,1,3.5,Brisbane Heat,M Bryant,SW Billings,PM Siddle,2,0,,,,,,"",""
ball,1,3.6,Brisbane Heat,M Bryant,SW Billings,PM Siddle,0,0,,,,,,"",""
ball,1,4.1,Brisbane Heat,SW Billings,M Bryant,Rashid Khan,1,0,,,,,,"",""
ball,1,4.2,Brisbane Heat,M Bryant,SW Billings,Rashid Khan,1,0,,,,,,"",""
ball,1,4.3,Brisbane Heat,SW Billings,M Bryant,Rashid Khan,1,0,,,,,,"",""
ball,1,4.4,Brisbane Heat,M Bryant,SW Billings,Rashid Khan,1,0,,,,,,"",""
ball,1,4.5,Brisbane Heat,SW Billings,M Bryant,Rashid Khan,1,0,,,,,,"",""
ball,1,4.6,Brisbane Heat,M Bryant,SW Billings,Rashid Khan,2,0,,,,,,"",""
ball,1,5.1,Brisbane Heat,SW Billings,M Bryant,HTRY Thornton,0,1,,,,1,,"",""
ball,1,5.2,Brisbane Heat,M Bryant,SW Billings,HTRY Thornton,1,0,,,,,,"",""
ball,1,5.3,Brisbane Heat,SW Billings,M Bryant,HTRY Thornton,1,0,,,,,,"",""
ball,1,5.4,Brisbane Heat,M Bryant,SW Billings,HTRY Thornton,0,2,,,,2,,"",""
ball,1,5.5,Brisbane Heat,M Bryant,SW Billings,HTRY Thornton,4,0,,,,,,"",""
ball,1,5.6,Brisbane Heat,M Bryant,SW Billings,HTRY Thornton,1,0,,,,,,"",""
ball,1,6.1,Brisbane Heat,M Bryant,SW Billings,WA Agar,4,0,,,,,,"",""
ball,1,6.2,Brisbane Heat,M Bryant,SW Billings,WA Agar,4,0,,,,,,"",""
ball,1,6.3,Brisbane Heat,M Bryant,SW Billings,WA Agar,1,0,,,,,,"",""
ball,1,6.4,Brisbane Heat,SW Billings,M Bryant,WA Agar,2,0,,,,,,"",""
ball,1,6.5,Brisbane Heat,SW Billings,M Bryant,WA Agar,1,0,,,,,,"",""
ball,1,6.6,Brisbane Heat,M Bryant,SW Billings,WA Agar,4,0,,,,,,"",""
ball,1,7.1,Brisbane Heat,SW Billings,M Bryant,Rashid Khan,1,0,,,,,,"",""
ball,1,7.2,Brisbane Heat,M Bryant,SW Billings,Rashid Khan,0,0,,,,,,"",""
ball,1,7.3,Brisbane Heat,M Bryant,SW Billings,Rashid Khan,0,0,,,,,,"",""
ball,1,7.4,Brisbane Heat,M Bryant,SW Billings,Rashid Khan,2,0,,,,,,"",""
ball,1,7.5,Brisbane Heat,M Bryant,SW Billings,Rashid Khan,0,0,,,,,,"",""
ball,1,7.6,Brisbane Heat,M Bryant,SW Billings,Rashid Khan,1,0,,,,,,"",""
ball,1,8.1,Brisbane Heat,M Bryant,SW Billings,PM Siddle,0,0,,,,,,caught,M Bryant
ball,1,8.2,Brisbane Heat,JJ Peirson,SW Billings,PM Siddle,1,0,,,,,,"",""
ball,1,8.3,Brisbane Heat,SW Billings,JJ Peirson,PM Siddle,1,0,,,,,,"",""
ball,1,8.4,Brisbane Heat,JJ Peirson,SW Billings,PM Siddle,0,0,,,,,,caught,JJ Peirson
ball,1,8.5,Brisbane Heat,RA Whiteley,SW Billings,PM Siddle,0,0,,,,,,"",""
ball,1,8.6,Brisbane Heat,RA Whiteley,SW Billings,PM Siddle,1,0,,,,,,"",""
ball,1,9.1,Brisbane Heat,RA Whiteley,SW Billings,MW Short,0,0,,,,,,"",""
ball,1,9.2,Brisbane Heat,RA Whiteley,SW Billings,MW Short,1,0,,,,,,"",""
ball,1,9.3,Brisbane Heat,SW Billings,RA Whiteley,MW Short,1,0,,,,,,"",""
ball,1,9.4,Brisbane Heat,RA Whiteley,SW Billings,MW Short,0,0,,,,,,"",""
ball,1,9.5,Brisbane Heat,RA Whiteley,SW Billings,MW Short,0,0,,,,,,"",""
ball,1,9.6,Brisbane Heat,RA Whiteley,SW Billings,MW Short,1,0,,,,,,"",""
ball,1,10.1,Brisbane Heat,RA Whiteley,SW Billings,C de Grandhomme,1,0,,,,,,"",""
ball,1,10.2,Brisbane Heat,SW Billings,RA Whiteley,C de Grandhomme,1,0,,,,,,"",""
ball,1,10.3,Brisbane Heat,RA Whiteley,SW Billings,C de Grandhomme,1,0,,,,,,"",""
ball,1,10.4,Brisbane Heat,SW Billings,RA Whiteley,C de Grandhomme,0,1,1,,,,,"",""
ball,1,10.5,Brisbane Heat,SW Billings,RA Whiteley,C de Grandhomme,1,0,,,,,,"",""
ball,1,10.6,Brisbane Heat,RA Whiteley,SW Billings,C de Grandhomme,1,0,,,,,,"",""
ball,1,10.7,Brisbane Heat,SW Billings,RA Whiteley,C de Grandhomme,0,1,1,,,,,"",""
ball,1,10.8,Brisbane Heat,SW Billings,RA Whiteley,C de Grandhomme,0,1,1,,,,,"",""
ball,1,10.9,Brisbane Heat,SW Billings,RA Whiteley,C de Grandhomme,1,0,,,,,,"",""
ball,1,11.1,Brisbane Heat,SW Billings,RA Whiteley,MW Short,2,0,,,,,,"",""
ball,1,11.2,Brisbane Heat,SW Billings,RA Whiteley,MW Short,1,0,,,,,,"",""
ball,1,11.3,Brisbane Heat,RA Whiteley,SW Billings,MW Short,4,0,,,,,,"",""
ball,1,11.4,Brisbane Heat,RA Whiteley,SW Billings,MW Short,0,0,,,,,,caught,RA Whiteley
ball,1,11.5,Brisbane Heat,MG Neser,SW Billings,MW Short,1,0,,,,,,"",""
ball,1,11.6,Brisbane Heat,SW Billings,MG Neser,MW Short,1,0,,,,,,"",""
ball,1,12.1,Brisbane Heat,SW Billings,MG Neser,HTRY Thornton,1,0,,,,,,"",""
ball,1,12.2,Brisbane Heat,MG Neser,SW Billings,HTRY Thornton,1,0,,,,,,"",""
ball,1,12.3,Brisbane Heat,SW Billings,MG Neser,HTRY Thornton,2,0,,,,,,"",""
ball,1,12.4,Brisbane Heat,SW Billings,MG Neser,HTRY Thornton,4,0,,,,,,"",""
ball,1,12.5,Brisbane Heat,SW Billings,MG Neser,HTRY Thornton,1,0,,,,,,"",""
ball,1,12.6,Brisbane Heat,MG Neser,SW Billings,HTRY Thornton,0,0,,,,,,"",""
ball,1,13.1,Brisbane Heat,SW Billings,MG Neser,Rashid Khan,1,0,,,,,,"",""
ball,1,13.2,Brisbane Heat,MG Neser,SW Billings,Rashid Khan,0,0,,,,,,"",""
ball,1,13.3,Brisbane Heat,MG Neser,SW Billings,Rashid Khan,1,0,,,,,,"",""
ball,1,13.4,Brisbane Heat,SW Billings,MG Neser,Rashid Khan,2,0,,,,,,"",""
ball,1,13.5,Brisbane Heat,SW Billings,MG Neser,Rashid Khan,1,0,,,,,,"",""
ball,1,13.6,Brisbane Heat,MG Neser,SW Billings,Rashid Khan,0,0,,,,,,"",""
ball,1,14.1,Brisbane Heat,SW Billings,MG Neser,PM Siddle,0,0,,,,,,"",""
ball,1,14.2,Brisbane Heat,SW Billings,MG Neser,PM Siddle,0,0,,,,,,"",""
ball,1,14.3,Brisbane Heat,SW Billings,MG Neser,PM Siddle,4,0,,,,,,"",""
ball,1,14.4,Brisbane Heat,SW Billings,MG Neser,PM Siddle,4,0,,,,,,"",""
ball,1,14.5,Brisbane Heat,SW Billings,MG Neser,PM Siddle,0,0,,,,,,"",""
ball,1,14.6,Brisbane Heat,SW Billings,MG Neser,PM Siddle,1,0,,,,,,"",""
ball,1,15.1,Brisbane Heat,SW Billings,MG Neser,Rashid Khan,0,0,,,,,,"",""
ball,1,15.2,Brisbane Heat,SW Billings,MG Neser,Rashid Khan,0,0,,,,,,"",""
ball,1,15.3,Brisbane Heat,SW Billings,MG Neser,Rashid Khan,1,0,,,,,,"",""
ball,1,15.4,Brisbane Heat,MG Neser,SW Billings,Rashid Khan,2,0,,,,,,"",""
ball,1,15.5,Brisbane Heat,MG Neser,SW Billings,Rashid Khan,0,0,,,,,,"",""
ball,1,15.6,Brisbane Heat,MG Neser,SW Billings,Rashid Khan,0,0,,,,,,"",""
ball,1,16.1,Brisbane Heat,SW Billings,MG Neser,WA Agar,1,0,,,,,,"",""
ball,1,16.2,Brisbane Heat,MG Neser,SW Billings,WA Agar,0,1,,,,1,,"",""
ball,1,16.3,Brisbane Heat,SW Billings,MG Neser,WA Agar,0,0,,,,,,"",""
ball,1,16.4,Brisbane Heat,SW Billings,MG Neser,WA Agar,6,0,,,,,,"",""
ball,1,16.5,Brisbane Heat,SW Billings,MG Neser,WA Agar,1,0,,,,,,"",""
ball,1,16.6,Brisbane Heat,MG Neser,SW Billings,WA Agar,1,0,,,,,,"",""
ball,1,17.1,Brisbane Heat,MG Neser,SW Billings,HTRY Thornton,2,0,,,,,,"",""
ball,1,17.2,Brisbane Heat,MG Neser,SW Billings,HTRY Thornton,4,0,,,,,,"",""
ball,1,17.3,Brisbane Heat,MG Neser,SW Billings,HTRY Thornton,0,0,,,,,,caught,MG Neser
ball,1,17.4,Brisbane Heat,JJ Bazley,SW Billings,HTRY Thornton,0,1,1,,,,,"",""
ball,1,17.5,Brisbane Heat,JJ Bazley,SW Billings,HTRY Thornton,2,0,,,,,,"",""
ball,1,17.6,Brisbane Heat,JJ Bazley,SW Billings,HTRY Thornton,1,0,,,,,,"",""
ball,1,17.7,Brisbane Heat,SW Billings,JJ Bazley,HTRY Thornton,1,0,,,,,,"",""
ball,1,18.1,Brisbane Heat,SW Billings,JJ Bazley,PM Siddle,4,0,,,,,,"",""
ball,1,18.2,Brisbane Heat,SW Billings,JJ Bazley,PM Siddle,6,0,,,,,,"",""
ball,1,18.3,Brisbane Heat,SW Billings,JJ Bazley,PM Siddle,4,0,,,,,,"",""
ball,1,18.4,Brisbane Heat,SW Billings,JJ Bazley,PM Siddle,6,0,,,,,,"",""
ball,1,18.5,Brisbane Heat,SW Billings,JJ Bazley,PM Siddle,6,0,,,,,,"",""
ball,1,18.6,Brisbane Heat,SW Billings,JJ Bazley,PM Siddle,1,0,,,,,,"",""
ball,1,19.1,Brisbane Heat,SW Billings,JJ Bazley,WA Agar,0,0,,,,,,bowled,SW Billings
ball,1,19.2,Brisbane Heat,MT Steketee,JJ Bazley,WA Agar,1,0,,,,,,"",""
ball,1,19.3,Brisbane Heat,JJ Bazley,MT Steketee,WA Agar,2,0,,,,,,"",""
ball,1,19.4,Brisbane Heat,JJ Bazley,MT Steketee,WA Agar,0,0,,,,,,caught,JJ Bazley
ball,1,19.5,Brisbane Heat,MP Kuhnemann,MT Steketee,WA Agar,1,0,,,,,,"",""
ball,1,19.6,Brisbane Heat,MT Steketee,MP Kuhnemann,WA Agar,0,0,,,,,,caught,MT Steketee
ball,2,0.1,Adelaide Strikers,J Weatherald,MW Short,MG Neser,0,0,,,,,,lbw,J Weatherald
ball,2,0.2,Adelaide Strikers,CA Lynn,MW Short,MG Neser,0,1,1,,,,,"",""
ball,2,0.3,Adelaide Strikers,CA Lynn,MW Short,MG Neser,0,1,1,,,,,"",""
ball,2,0.4,Adelaide Strikers,CA Lynn,MW Short,MG Neser,0,0,,,,,,"",""
ball,2,0.5,Adelaide Strikers,CA Lynn,MW Short,MG Neser,0,0,,,,,,"",""
ball,2,0.6,Adelaide Strikers,CA Lynn,MW Short,MG Neser,0,1,1,,,,,"",""
ball,2,0.7,Adelaide Strikers,CA Lynn,MW Short,MG Neser,4,0,,,,,,"",""
ball,2,0.8,Adelaide Strikers,CA Lynn,MW Short,MG Neser,0,0,,,,,,"",""
ball,2,0.9,Adelaide Strikers,CA Lynn,MW Short,MG Neser,0,0,,,,,,"",""
ball,2,1.1,Adelaide Strikers,MW Short,CA Lynn,MT Steketee,0,1,1,,,,,"",""
ball,2,1.2,Adelaide Strikers,MW Short,CA Lynn,MT Steketee,3,0,,,,,,"",""
ball,2,1.3,Adelaide Strikers,CA Lynn,MW Short,MT Steketee,2,0,,,,,,"",""
ball,2,1.4,Adelaide Strikers,CA Lynn,MW Short,MT Steketee,1,0,,,,,,"",""
ball,2,1.5,Adelaide Strikers,MW Short,CA Lynn,MT Steketee,0,0,,,,,,caught,MW Short
ball,2,1.6,Adelaide Strikers,AJ Hose,CA Lynn,MT Steketee,0,0,,,,,,"",""
ball,2,1.7,Adelaide Strikers,AJ Hose,CA Lynn,MT Steketee,0,1,1,,,,,"",""
ball,2,1.8,Adelaide Strikers,AJ Hose,CA Lynn,MT Steketee,0,0,,,,,,"",""
ball,2,2.1,Adelaide Strikers,CA Lynn,AJ Hose,MG Neser,0,1,1,,,,,"",""
ball,2,2.2,Adelaide Strikers,CA Lynn,AJ Hose,MG Neser,1,0,,,,,,"",""
ball,2,2.3,Adelaide Strikers,AJ Hose,CA Lynn,MG Neser,4,0,,,,,,"",""
ball,2,2.4,Adelaide Strikers,AJ Hose,CA Lynn,MG Neser,2,0,,,,,,"",""
ball,2,2.5,Adelaide Strikers,AJ Hose,CA Lynn,MG Neser,2,0,,,,,,"",""
ball,2,2.6,Adelaide Strikers,AJ Hose,CA Lynn,MG Neser,0,0,,,,,,"",""
ball,2,2.7,Adelaide Strikers,AJ Hose,CA Lynn,MG Neser,0,0,,,,,,"",""
ball,2,3.1,Adelaide Strikers,CA Lynn,AJ Hose,MP Kuhnemann,4,0,,,,,,"",""
ball,2,3.2,Adelaide Strikers,CA Lynn,AJ Hose,MP Kuhnemann,0,0,,,,,,lbw,CA Lynn
ball,2,3.3,Adelaide Strikers,C de Grandhomme,AJ Hose,MP Kuhnemann,6,0,,,,,,"",""
ball,2,3.4,Adelaide Strikers,C de Grandhomme,AJ Hose,MP Kuhnemann,0,0,,,,,,"",""
ball,2,3.5,Adelaide Strikers,C de Grandhomme,AJ Hose,MP Kuhnemann,0,0,,,,,,"",""
ball,2,3.6,Adelaide Strikers,C de Grandhomme,AJ Hose,MP Kuhnemann,1,0,,,,,,"",""
ball,2,4.1,Adelaide Strikers,C de Grandhomme,AJ Hose,MT Steketee,1,0,,,,,,"",""
ball,2,4.2,Adelaide Strikers,AJ Hose,C de Grandhomme,MT Steketee,0,0,,,,,,"",""
ball,2,4.3,Adelaide Strikers,AJ Hose,C de Grandhomme,MT Steketee,0,0,,,,,,"",""
ball,2,4.4,Adelaide Strikers,AJ Hose,C de Grandhomme,MT Steketee,0,1,1,,,,,"",""
ball,2,4.5,Adelaide Strikers,AJ Hose,C de Grandhomme,MT Steketee,0,0,,,,,,"",""
ball,2,4.6,Adelaide Strikers,AJ Hose,C de Grandhomme,MT Steketee,0,0,,,,,,caught,AJ Hose
ball,2,4.7,Adelaide Strikers,T Kelly,C de Grandhomme,MT Steketee,2,0,,,,,,"",""
ball,2,5.1,Adelaide Strikers,C de Grandhomme,T Kelly,MJ Swepson,1,0,,,,,,"",""
ball,2,5.2,Adelaide Strikers,T Kelly,C de Grandhomme,MJ Swepson,0,0,,,,,,"",""
ball,2,5.3,Adelaide Strikers,T Kelly,C de Grandhomme,MJ Swepson,0,0,,,,,,"",""
ball,2,5.4,Adelaide Strikers,T Kelly,C de Grandhomme,MJ Swepson,0,0,,,,,,"",""
ball,2,5.5,Adelaide Strikers,T Kelly,C de Grandhomme,MJ Swepson,1,0,,,,,,"",""
ball,2,5.6,Adelaide Strikers,C de Grandhomme,T Kelly,MJ Swepson,1,0,,,,,,"",""
ball,2,6.1,Adelaide Strikers,C de Grandhomme,T Kelly,JJ Bazley,4,0,,,,,,"",""
ball,2,6.2,Adelaide Strikers,C de Grandhomme,T Kelly,JJ Bazley,4,0,,,,,,"",""
ball,2,6.3,Adelaide Strikers,C de Grandhomme,T Kelly,JJ Bazley,0,0,,,,,,"",""
ball,2,6.4,Adelaide Strikers,C de Grandhomme,T Kelly,JJ Bazley,1,0,,,,,,"",""
ball,2,6.5,Adelaide Strikers,T Kelly,C de Grandhomme,JJ Bazley,1,0,,,,,,"",""
ball,2,6.6,Adelaide Strikers,C de Grandhomme,T Kelly,JJ Bazley,1,0,,,,,,"",""
ball,2,7.1,Adelaide Strikers,C de Grandhomme,T Kelly,MJ Swepson,0,1,1,,,,,"",""
ball,2,7.2,Adelaide Strikers,C de Grandhomme,T Kelly,MJ Swepson,0,0,,,,,,"",""
ball,2,7.3,Adelaide Strikers,C de Grandhomme,T Kelly,MJ Swepson,1,0,,,,,,"",""
ball,2,7.4,Adelaide Strikers,T Kelly,C de Grandhomme,MJ Swepson,1,0,,,,,,"",""
ball,2,7.5,Adelaide Strikers,C de Grandhomme,T Kelly,MJ Swepson,1,0,,,,,,"",""
ball,2,7.6,Adelaide Strikers,T Kelly,C de Grandhomme,MJ Swepson,1,0,,,,,,"",""
ball,2,7.7,Adelaide Strikers,C de Grandhomme,T Kelly,MJ Swepson,2,0,,,,,,"",""
ball,2,8.1,Adelaide Strikers,T Kelly,C de Grandhomme,JJ Bazley,0,0,,,,,,"",""
ball,2,8.2,Adelaide Strikers,T Kelly,C de Grandhomme,JJ Bazley,0,0,,,,,,"",""
ball,2,8.3,Adelaide Strikers,T Kelly,C de Grandhomme,JJ Bazley,3,0,,,,,,"",""
ball,2,8.4,Adelaide Strikers,C de Grandhomme,T Kelly,JJ Bazley,1,0,,,,,,"",""
ball,2,8.5,Adelaide Strikers,T Kelly,C de Grandhomme,JJ Bazley,1,0,,,,,,"",""
ball,2,8.6,Adelaide Strikers,C de Grandhomme,T Kelly,JJ Bazley,1,0,,,,,,"",""
ball,2,9.1,Adelaide Strikers,C de Grandhomme,T Kelly,MP Kuhnemann,1,0,,,,,,"",""
ball,2,9.2,Adelaide Strikers,T Kelly,C de Grandhomme,MP Kuhnemann,1,0,,,,,,"",""
ball,2,9.3,Adelaide Strikers,C de Grandhomme,T Kelly,MP Kuhnemann,1,0,,,,,,"",""
ball,2,9.4,Adelaide Strikers,T Kelly,C de Grandhomme,MP Kuhnemann,1,0,,,,,,"",""
ball,2,9.5,Adelaide Strikers,C de Grandhomme,T Kelly,MP Kuhnemann,2,0,,,,,,"",""
ball,2,9.6,Adelaide Strikers,C de Grandhomme,T Kelly,MP Kuhnemann,0,0,,,,,,"",""
ball,2,10.1,Adelaide Strikers,T Kelly,C de Grandhomme,MG Neser,0,0,,,,,,"",""
ball,2,10.2,Adelaide Strikers,T Kelly,C de Grandhomme,MG Neser,1,0,,,,,,"",""
ball,2,10.3,Adelaide Strikers,C de Grandhomme,T Kelly,MG Neser,0,0,,,,,,"",""
ball,2,10.4,Adelaide Strikers,C de Grandhomme,T Kelly,MG Neser,1,0,,,,,,"",""
ball,2,10.5,Adelaide Strikers,T Kelly,C de Grandhomme,MG Neser,0,0,,,,,,"",""
ball,2,10.6,Adelaide Strikers,T Kelly,C de Grandhomme,MG Neser,0,0,,,,,,"",""
ball,2,11.1,Adelaide Strikers,C de Grandhomme,T Kelly,MJ Swepson,1,0,,,,,,"",""
ball,2,11.2,Adelaide Strikers,T Kelly,C de Grandhomme,MJ Swepson,1,0,,,,,,"",""
ball,2,11.3,Adelaide Strikers,C de Grandhomme,T Kelly,MJ Swepson,1,0,,,,,,"",""
ball,2,11.4,Adelaide Strikers,T Kelly,C de Grandhomme,MJ Swepson,0,0,,,,,,"",""
ball,2,11.5,Adelaide Strikers,T Kelly,C de Grandhomme,MJ Swepson,4,0,,,,,,"",""
ball,2,11.6,Adelaide Strikers,T Kelly,C de Grandhomme,MJ Swepson,1,0,,,,,,"",""
ball,2,12.1,Adelaide Strikers,T Kelly,C de Grandhomme,JJ Bazley,2,0,,,,,,"",""
ball,2,12.2,Adelaide Strikers,T Kelly,C de Grandhomme,JJ Bazley,6,0,,,,,,"",""
ball,2,12.3,Adelaide Strikers,T Kelly,C de Grandhomme,JJ Bazley,0,0,,,,,,"",""
ball,2,12.4,Adelaide Strikers,T Kelly,C de Grandhomme,JJ Bazley,4,0,,,,,,"",""
ball,2,12.5,Adelaide Strikers,T Kelly,C de Grandhomme,JJ Bazley,4,0,,,,,,"",""
ball,2,12.6,Adelaide Strikers,T Kelly,C de Grandhomme,JJ Bazley,1,0,,,,,,"",""
ball,2,13.1,Adelaide Strikers,T Kelly,C de Grandhomme,RA Whiteley,1,0,,,,,,"",""
ball,2,13.2,Adelaide Strikers,C de Grandhomme,T Kelly,RA Whiteley,1,0,,,,,,"",""
ball,2,13.3,Adelaide Strikers,T Kelly,C de Grandhomme,RA Whiteley,1,0,,,,,,"",""
ball,2,13.4,Adelaide Strikers,C de Grandhomme,T Kelly,RA Whiteley,1,0,,,,,,"",""
ball,2,13.5,Adelaide Strikers,T Kelly,C de Grandhomme,RA Whiteley,1,0,,,,,,"",""
ball,2,13.6,Adelaide Strikers,C de Grandhomme,T Kelly,RA Whiteley,2,0,,,,,,"",""
ball,2,14.1,Adelaide Strikers,T Kelly,C de Grandhomme,MT Steketee,4,0,,,,,,"",""
ball,2,14.2,Adelaide Strikers,T Kelly,C de Grandhomme,MT Steketee,0,0,,,,,,caught,T Kelly
ball,2,14.3,Adelaide Strikers,HJ Nielsen,C de Grandhomme,MT Steketee,0,0,,,,,,"",""
ball,2,14.4,Adelaide Strikers,HJ Nielsen,C de Grandhomme,MT Steketee,0,0,,,,,,"",""
ball,2,14.5,Adelaide Strikers,HJ Nielsen,C de Grandhomme,MT Steketee,0,0,,,,,,"",""
ball,2,14.6,Adelaide Strikers,HJ Nielsen,C de Grandhomme,MT Steketee,4,0,,,,,,"",""
ball,2,15.1,Adelaide Strikers,C de Grandhomme,HJ Nielsen,RA Whiteley,0,0,,,,,,bowled,C de Grandhomme
ball,2,15.2,Adelaide Strikers,Rashid Khan,HJ Nielsen,RA Whiteley,0,0,,,,,,"",""
ball,2,15.3,Adelaide Strikers,Rashid Khan,HJ Nielsen,RA Whiteley,1,0,,,,,,"",""
ball,2,15.4,Adelaide Strikers,HJ Nielsen,Rashid Khan,RA Whiteley,1,0,,,,,,"",""
ball,2,15.5,Adelaide Strikers,Rashid Khan,HJ Nielsen,RA Whiteley,1,0,,,,,,"",""
ball,2,15.6,Adelaide Strikers,HJ Nielsen,Rashid Khan,RA Whiteley,3,0,,,,,,"",""
ball,2,16.1,Adelaide Strikers,HJ Nielsen,Rashid Khan,MT Steketee,4,0,,,,,,"",""
ball,2,16.2,Adelaide Strikers,HJ Nielsen,Rashid Khan,MT Steketee,2,0,,,,,,"",""
ball,2,16.3,Adelaide Strikers,HJ Nielsen,Rashid Khan,MT Steketee,4,0,,,,,,"",""
ball,2,16.4,Adelaide Strikers,HJ Nielsen,Rashid Khan,MT Steketee,1,0,,,,,,"",""
ball,2,16.5,Adelaide Strikers,Rashid Khan,HJ Nielsen,MT Steketee,0,0,,,,,,caught,Rashid Khan
ball,2,16.6,Adelaide Strikers,WA Agar,HJ Nielsen,MT Steketee,3,0,,,,,,"",""
ball,2,17.1,Adelaide Strikers,WA Agar,HJ Nielsen,MJ Swepson,4,0,,,,,,"",""
ball,2,17.2,Adelaide Strikers,WA Agar,HJ Nielsen,MJ Swepson,4,0,,,,,,"",""
ball,2,17.3,Adelaide Strikers,WA Agar,HJ Nielsen,MJ Swepson,1,0,,,,,,"",""
ball,2,17.4,Adelaide Strikers,HJ Nielsen,WA Agar,MJ Swepson,0,0,,,,,,"",""
ball,2,17.5,Adelaide Strikers,HJ Nielsen,WA Agar,MJ Swepson,1,0,,,,,,"",""
ball,2,17.6,Adelaide Strikers,WA Agar,HJ Nielsen,MJ Swepson,1,0,,,,,,"",""
ball,2,18.1,Adelaide Strikers,WA Agar,HJ Nielsen,MG Neser,1,0,,,,,,"",""
ball,2,18.2,Adelaide Strikers,HJ Nielsen,WA Agar,MG Neser,1,0,,,,,,"",""
ball,2,18.3,Adelaide Strikers,WA Agar,HJ Nielsen,MG Neser,1,0,,,,,,"",""
ball,2,18.4,Adelaide Strikers,HJ Nielsen,WA Agar,MG Neser,1,0,,,,,,"",""
ball,2,18.5,Adelaide Strikers,WA Agar,HJ Nielsen,MG Neser,0,0,,,,,,"",""
ball,2,18.6,Adelaide Strikers,WA Agar,HJ Nielsen,MG Neser,0,0,,,,,,caught,WA Agar
ball,2,19.1,Adelaide Strikers,HJ Nielsen,HTRY Thornton,JJ Bazley,2,0,,,,,,"",""
ball,2,19.2,Adelaide Strikers,HJ Nielsen,HTRY Thornton,JJ Bazley,0,0,,,,,,"",""
ball,2,19.3,Adelaide Strikers,HJ Nielsen,HTRY Thornton,JJ Bazley,0,0,,,,,,caught,HJ Nielsen
ball,2,19.4,Adelaide Strikers,PM Siddle,HTRY Thornton,JJ Bazley,2,0,,,,,,"",""
ball,2,19.5,Adelaide Strikers,PM Siddle,HTRY Thornton,JJ Bazley,0,0,,,,,,"",""
ball,2,19.6,Adelaide Strikers,PM Siddle,HTRY Thornton,JJ Bazley,6,0,,,,,,"",""
