version,1.7.0
info,balls_per_over,6
info,team,Adelaide Strikers
info,team,Melbourne Renegades
info,gender,male
info,season,2022/23
info,date,2023/01/10
info,event,Big Bash League
info,match_number,36
info,venue,Adelaide Oval
info,city,Adelaide
info,toss_winner,Melbourne Renegades
info,toss_decision,field
info,player_of_match,CA Lynn
info,umpire,CA Polosak
info,umpire,SAJ Craig
info,reserve_umpire,D Bhatt
info,tv_umpire,SJ Nogajski
info,match_referee,SD Fry
info,winner,Adelaide Strikers
info,winner_runs,20
info,player,Adelaide Strikers,MW Short
info,player,Adelaide Strikers,RJ Gibson
info,player,Adelaide Strikers,CA Lynn
info,player,Adelaide Strikers,AJ Hose
info,player,Adelaide Strikers,C de Grandhomme
info,player,Adelaide Strikers,T Kelly
info,player,Adelaide Strikers,HJ Nielsen
info,player,Adelaide Strikers,BAD Manenti
info,player,Adelaide Strikers,CJ Boyce
info,player,Adelaide Strikers,WA Agar
info,player,Adelaide Strikers,HNA Conway
info,player,Melbourne Renegades,MJ Guptill
info,player,Melbourne Renegades,MS Harris
info,player,Melbourne Renegades,SB Harper
info,player,Melbourne Renegades,AJ Finch
info,player,Melbourne Renegades,JW Wells
info,player,Melbourne Renegades,MJJ Critchley
info,player,Melbourne Renegades,W Sutherland
info,player,Melbourne Renegades,RP Kellepotha
info,player,Melbourne Renegades,TS Rogers
info,player,Melbourne Renegades,KW Richardson
info,player,Melbourne Renegades,DJM Moody
info,registry,people,AJ Finch,b8d490fd
info,registry,people,AJ Hose,104e88a4
info,registry,people,BAD Manenti,ab21795b
info,registry,people,C de Grandhomme,94d7f855
info,registry,people,CA Lynn,45eda7c8
info,registry,people,CA Polosak,26a360d2
info,registry,people,CJ Boyce,51a60c16
info,registry,people,D Bhatt,b34f743c
info,registry,people,DJM Moody,e1a867df
info,registry,people,HJ Nielsen,0ea1455a
info,registry,people,HNA Conway,272fc5ad
info,registry,people,JW Wells,8bdac857
info,registry,people,KW Richardson,dfc4d8b5
info,registry,people,MJ Guptill,2be41edb
info,registry,people,MJJ Critchley,c5cc48bc
info,registry,people,MS Harris,9e85455c
info,registry,people,MW Short,a90e53ec
info,registry,people,RJ Gibson,50636767
info,registry,people,RP Kellepotha,d13d1dd0
info,registry,people,SAJ Craig,689f2eed
info,registry,people,SB Harper,a756e61a
info,registry,people,SD Fry,6b725ed1
info,registry,people,SJ Nogajski,9b3f9323
info,registry,people,T Kelly,6ceb94d0
info,registry,people,TS Rogers,1b04e02b
info,registry,people,W Sutherland,bc2d4f2e
info,registry,people,WA Agar,15de1f5d
ball,1,0.1,Adelaide Strikers,MW Short,RJ Gibson,TS Rogers,0,0,,,,,,"",""
ball,1,0.2,Adelaide Strikers,MW Short,RJ Gibson,TS Rogers,4,0,,,,,,"",""
ball,1,0.3,Adelaide Strikers,MW Short,RJ Gibson,TS Rogers,0,0,,,,,,"",""
ball,1,0.4,Adelaide Strikers,MW Short,RJ Gibson,TS Rogers,1,0,,,,,,"",""
ball,1,0.5,Adelaide Strikers,RJ Gibson,MW Short,TS Rogers,0,0,,,,,,"",""
ball,1,0.6,Adelaide Strikers,RJ Gibson,MW Short,TS Rogers,0,0,,,,,,"",""
ball,1,1.1,Adelaide Strikers,MW Short,RJ Gibson,DJM Moody,0,0,,,,,,"",""
ball,1,1.2,Adelaide Strikers,MW Short,RJ Gibson,DJM Moody,0,0,,,,,,"",""
ball,1,1.3,Adelaide Strikers,MW Short,RJ Gibson,DJM Moody,4,0,,,,,,"",""
ball,1,1.4,Adelaide Strikers,MW Short,RJ Gibson,DJM Moody,0,0,,,,,,"",""
ball,1,1.5,Adelaide Strikers,MW Short,RJ Gibson,DJM Moody,4,0,,,,,,"",""
ball,1,1.6,Adelaide Strikers,MW Short,RJ Gibson,DJM Moody,4,0,,,,,,"",""
ball,1,2.1,Adelaide Strikers,RJ Gibson,MW Short,KW Richardson,0,0,,,,,,"",""
ball,1,2.2,Adelaide Strikers,RJ Gibson,MW Short,KW Richardson,0,0,,,,,,"",""
ball,1,2.3,Adelaide Strikers,RJ Gibson,MW Short,KW Richardson,0,1,,,,1,,"",""
ball,1,2.4,Adelaide Strikers,MW Short,RJ Gibson,KW Richardson,0,0,,,,,,"",""
ball,1,2.5,Adelaide Strikers,MW Short,RJ Gibson,KW Richardson,6,0,,,,,,"",""
ball,1,2.6,Adelaide Strikers,MW Short,RJ Gibson,KW Richardson,4,0,,,,,,"",""
ball,1,3.1,Adelaide Strikers,RJ Gibson,MW Short,MJJ Critchley,6,0,,,,,,"",""
ball,1,3.2,Adelaide Strikers,RJ Gibson,MW Short,MJJ Critchley,0,0,,,,,,"",""
ball,1,3.3,Adelaide Strikers,RJ Gibson,MW Short,MJJ Critchley,4,0,,,,,,"",""
ball,1,3.4,Adelaide Strikers,RJ Gibson,MW Short,MJJ Critchley,1,0,,,,,,"",""
ball,1,3.5,Adelaide Strikers,MW Short,RJ Gibson,MJJ Critchley,4,0,,,,,,"",""
ball,1,3.6,Adelaide Strikers,MW Short,RJ Gibson,MJJ Critchley,4,0,,,,,,"",""
ball,1,4.1,Adelaide Strikers,RJ Gibson,MW Short,RP Kellepotha,2,0,,,,,,"",""
ball,1,4.2,Adelaide Strikers,RJ Gibson,MW Short,RP Kellepotha,1,0,,,,,,"",""
ball,1,4.3,Adelaide Strikers,MW Short,RJ Gibson,RP Kellepotha,0,0,,,,,,"",""
ball,1,4.4,Adelaide Strikers,MW Short,RJ Gibson,RP Kellepotha,1,0,,,,,,"",""
ball,1,4.5,Adelaide Strikers,RJ Gibson,MW Short,RP Kellepotha,2,0,,,,,,"",""
ball,1,4.6,Adelaide Strikers,RJ Gibson,MW Short,RP Kellepotha,1,0,,,,,,"",""
ball,1,5.1,Adelaide Strikers,RJ Gibson,MW Short,DJM Moody,1,0,,,,,,"",""
ball,1,5.2,Adelaide Strikers,MW Short,RJ Gibson,DJM Moody,0,0,,,,,,"",""
ball,1,5.3,Adelaide Strikers,MW Short,RJ Gibson,DJM Moody,0,0,,,,,,"",""
ball,1,5.4,Adelaide Strikers,MW Short,RJ Gibson,DJM Moody,1,0,,,,,,"",""
ball,1,5.5,Adelaide Strikers,RJ Gibson,MW Short,DJM Moody,0,0,,,,,,"",""
ball,1,5.6,Adelaide Strikers,RJ Gibson,MW Short,DJM Moody,4,0,,,,,,"",""
ball,1,6.1,Adelaide Strikers,MW Short,RJ Gibson,RP Kellepotha,1,0,,,,,,"",""
ball,1,6.2,Adelaide Strikers,RJ Gibson,MW Short,RP Kellepotha,2,0,,,,,,"",""
ball,1,6.3,Adelaide Strikers,RJ Gibson,MW Short,RP Kellepotha,0,0,,,,,,caught,RJ Gibson
ball,1,6.4,Adelaide Strikers,CA Lynn,MW Short,RP Kellepotha,1,0,,,,,,"",""
ball,1,6.5,Adelaide Strikers,MW Short,CA Lynn,RP Kellepotha,0,0,,,,,,caught,MW Short
ball,1,6.6,Adelaide Strikers,AJ Hose,CA Lynn,RP Kellepotha,0,0,,,,,,"",""
ball,1,7.1,Adelaide Strikers,CA Lynn,AJ Hose,W Sutherland,4,0,,,,,,"",""
ball,1,7.2,Adelaide Strikers,CA Lynn,AJ Hose,W Sutherland,0,0,,,,,,"",""
ball,1,7.3,Adelaide Strikers,CA Lynn,AJ Hose,W Sutherland,1,0,,,,,,"",""
ball,1,7.4,Adelaide Strikers,AJ Hose,CA Lynn,W Sutherland,0,0,,,,,,"",""
ball,1,7.5,Adelaide Strikers,AJ Hose,CA Lynn,W Sutherland,0,0,,,,,,"",""
ball,1,7.6,Adelaide Strikers,AJ Hose,CA Lynn,W Sutherland,0,0,,,,,,"",""
ball,1,8.1,Adelaide Strikers,CA Lynn,AJ Hose,DJM Moody,0,0,,,,,,"",""
ball,1,8.2,Adelaide Strikers,CA Lynn,AJ Hose,DJM Moody,1,0,,,,,,"",""
ball,1,8.3,Adelaide Strikers,AJ Hose,CA Lynn,DJM Moody,0,0,,,,,,"",""
ball,1,8.4,Adelaide Strikers,AJ Hose,CA Lynn,DJM Moody,0,0,,,,,,"",""
ball,1,8.5,Adelaide Strikers,AJ Hose,CA Lynn,DJM Moody,0,0,,,,,,"",""
ball,1,8.6,Adelaide Strikers,AJ Hose,CA Lynn,DJM Moody,1,0,,,,,,"",""
ball,1,9.1,Adelaide Strikers,AJ Hose,CA Lynn,TS Rogers,1,0,,,,,,"",""
ball,1,9.2,Adelaide Strikers,CA Lynn,AJ Hose,TS Rogers,1,0,,,,,,"",""
ball,1,9.3,Adelaide Strikers,AJ Hose,CA Lynn,TS Rogers,0,0,,,,,,"",""
ball,1,9.4,Adelaide Strikers,AJ Hose,CA Lynn,TS Rogers,1,0,,,,,,"",""
ball,1,9.5,Adelaide Strikers,CA Lynn,AJ Hose,TS Rogers,1,0,,,,,,"",""
ball,1,9.6,Adelaide Strikers,AJ Hose,CA Lynn,TS Rogers,1,0,,,,,,"",""
ball,1,10.1,Adelaide Strikers,AJ Hose,CA Lynn,RP Kellepotha,2,0,,,,,,"",""
ball,1,10.2,Adelaide Strikers,AJ Hose,CA Lynn,RP Kellepotha,4,0,,,,,,"",""
ball,1,10.3,Adelaide Strikers,AJ Hose,CA Lynn,RP Kellepotha,0,0,,,,,,"",""
ball,1,10.4,Adelaide Strikers,AJ Hose,CA Lynn,RP Kellepotha,1,0,,,,,,"",""
ball,1,10.5,Adelaide Strikers,CA Lynn,AJ Hose,RP Kellepotha,1,0,,,,,,"",""
ball,1,10.6,Adelaide Strikers,AJ Hose,CA Lynn,RP Kellepotha,0,0,,,,,,"",""
ball,1,11.1,Adelaide Strikers,CA Lynn,AJ Hose,W Sutherland,0,0,,,,,,"",""
ball,1,11.2,Adelaide Strikers,CA Lynn,AJ Hose,W Sutherland,1,0,,,,,,"",""
ball,1,11.3,Adelaide Strikers,AJ Hose,CA Lynn,W Sutherland,1,0,,,,,,"",""
ball,1,11.4,Adelaide Strikers,CA Lynn,AJ Hose,W Sutherland,1,0,,,,,,"",""
ball,1,11.5,Adelaide Strikers,AJ Hose,CA Lynn,W Sutherland,1,0,,,,,,"",""
ball,1,11.6,Adelaide Strikers,CA Lynn,AJ Hose,W Sutherland,2,0,,,,,,"",""
ball,1,12.1,Adelaide Strikers,AJ Hose,CA Lynn,DJM Moody,6,0,,,,,,"",""
ball,1,12.2,Adelaide Strikers,AJ Hose,CA Lynn,DJM Moody,6,0,,,,,,"",""
ball,1,12.3,Adelaide Strikers,AJ Hose,CA Lynn,DJM Moody,1,0,,,,,,"",""
ball,1,12.4,Adelaide Strikers,CA Lynn,AJ Hose,DJM Moody,6,0,,,,,,"",""
ball,1,12.5,Adelaide Strikers,CA Lynn,AJ Hose,DJM Moody,0,1,1,,,,,"",""
ball,1,12.6,Adelaide Strikers,CA Lynn,AJ Hose,DJM Moody,1,0,,,,,,"",""
ball,1,12.7,Adelaide Strikers,AJ Hose,CA Lynn,DJM Moody,2,0,,,,,,"",""
ball,1,13.1,Adelaide Strikers,CA Lynn,AJ Hose,KW Richardson,3,0,,,,,,"",""
ball,1,13.2,Adelaide Strikers,AJ Hose,CA Lynn,KW Richardson,1,0,,,,,,"",""
ball,1,13.3,Adelaide Strikers,CA Lynn,AJ Hose,KW Richardson,1,0,,,,,,"",""
ball,1,13.4,Adelaide Strikers,AJ Hose,CA Lynn,KW Richardson,4,0,,,,,,"",""
ball,1,13.5,Adelaide Strikers,AJ Hose,CA Lynn,KW Richardson,0,0,,,,,,caught,AJ Hose
ball,1,13.6,Adelaide Strikers,C de Grandhomme,CA Lynn,KW Richardson,0,1,1,,,,,"",""
ball,1,13.7,Adelaide Strikers,C de Grandhomme,CA Lynn,KW Richardson,0,0,,,,,,"",""
ball,1,14.1,Adelaide Strikers,CA Lynn,C de Grandhomme,TS Rogers,0,0,,,,,,"",""
ball,1,14.2,Adelaide Strikers,CA Lynn,C de Grandhomme,TS Rogers,6,0,,,,,,"",""
ball,1,14.3,Adelaide Strikers,CA Lynn,C de Grandhomme,TS Rogers,1,0,,,,,,"",""
ball,1,14.4,Adelaide Strikers,C de Grandhomme,CA Lynn,TS Rogers,0,0,,,,,,"",""
ball,1,14.5,Adelaide Strikers,C de Grandhomme,CA Lynn,TS Rogers,0,0,,,,,,"",""
ball,1,14.6,Adelaide Strikers,C de Grandhomme,CA Lynn,TS Rogers,1,0,,,,,,"",""
ball,1,15.1,Adelaide Strikers,C de Grandhomme,CA Lynn,RP Kellepotha,1,0,,,,,,"",""
ball,1,15.2,Adelaide Strikers,CA Lynn,C de Grandhomme,RP Kellepotha,1,0,,,,,,"",""
ball,1,15.3,Adelaide Strikers,C de Grandhomme,CA Lynn,RP Kellepotha,4,0,,,,,,"",""
ball,1,15.4,Adelaide Strikers,C de Grandhomme,CA Lynn,RP Kellepotha,1,0,,,,,,"",""
ball,1,15.5,Adelaide Strikers,CA Lynn,C de Grandhomme,RP Kellepotha,0,0,,,,,,"",""
ball,1,15.6,Adelaide Strikers,CA Lynn,C de Grandhomme,RP Kellepotha,6,0,,,,,,"",""
ball,1,16.1,Adelaide Strikers,C de Grandhomme,CA Lynn,KW Richardson,4,0,,,,,,"",""
ball,1,16.2,Adelaide Strikers,C de Grandhomme,CA Lynn,KW Richardson,6,0,,,,,,"",""
ball,1,16.3,Adelaide Strikers,C de Grandhomme,CA Lynn,KW Richardson,6,0,,,,,,"",""
ball,1,16.4,Adelaide Strikers,C de Grandhomme,CA Lynn,KW Richardson,6,0,,,,,,"",""
ball,1,16.5,Adelaide Strikers,C de Grandhomme,CA Lynn,KW Richardson,0,1,1,,,,,"",""
ball,1,16.6,Adelaide Strikers,C de Grandhomme,CA Lynn,KW Richardson,1,0,,,,,,"",""
ball,1,16.7,Adelaide Strikers,CA Lynn,C de Grandhomme,KW Richardson,0,1,1,,,,,"",""
ball,1,16.8,Adelaide Strikers,CA Lynn,C de Grandhomme,KW Richardson,1,0,,,,,,"",""
ball,1,17.1,Adelaide Strikers,CA Lynn,C de Grandhomme,TS Rogers,4,0,,,,,,"",""
ball,1,17.2,Adelaide Strikers,CA Lynn,C de Grandhomme,TS Rogers,2,0,,,,,,"",""
ball,1,17.3,Adelaide Strikers,CA Lynn,C de Grandhomme,TS Rogers,2,0,,,,,,"",""
ball,1,17.4,Adelaide Strikers,CA Lynn,C de Grandhomme,TS Rogers,1,0,,,,,,"",""
ball,1,17.5,Adelaide Strikers,C de Grandhomme,CA Lynn,TS Rogers,1,0,,,,,,"",""
ball,1,17.6,Adelaide Strikers,CA Lynn,C de Grandhomme,TS Rogers,1,0,,,,,,"",""
ball,1,18.1,Adelaide Strikers,CA Lynn,C de Grandhomme,W Sutherland,2,0,,,,,,"",""
ball,1,18.2,Adelaide Strikers,CA Lynn,C de Grandhomme,W Sutherland,1,0,,,,,,"",""
ball,1,18.3,Adelaide Strikers,C de Grandhomme,CA Lynn,W Sutherland,1,0,,,,,,"",""
ball,1,18.4,Adelaide Strikers,CA Lynn,C de Grandhomme,W Sutherland,1,0,,,,,,"",""
ball,1,18.5,Adelaide Strikers,C de Grandhomme,CA Lynn,W Sutherland,0,0,,,,,,"",""
ball,1,18.6,Adelaide Strikers,C de Grandhomme,CA Lynn,W Sutherland,0,0,,,,,,caught,C de Grandhomme
ball,1,19.1,Adelaide Strikers,CA Lynn,T Kelly,KW Richardson,4,0,,,,,,"",""
ball,1,19.2,Adelaide Strikers,CA Lynn,T Kelly,KW Richardson,4,0,,,,,,"",""
ball,1,19.3,Adelaide Strikers,CA Lynn,T Kelly,KW Richardson,4,0,,,,,,"",""
ball,1,19.4,Adelaide Strikers,CA Lynn,T Kelly,KW Richardson,2,0,,,,,,"",""
ball,1,19.5,Adelaide Strikers,CA Lynn,T Kelly,KW Richardson,1,0,,,,,,"",""
ball,1,19.6,Adelaide Strikers,T Kelly,CA Lynn,KW Richardson,1,0,,,,,,"",""
ball,2,0.1,Melbourne Renegades,MJ Guptill,MS Harris,MW Short,0,0,,,,,,"",""
ball,2,0.2,Melbourne Renegades,MJ Guptill,MS Harris,MW Short,1,0,,,,,,"",""
ball,2,0.3,Melbourne Renegades,MS Harris,MJ Guptill,MW Short,0,0,,,,,,"",""
ball,2,0.4,Melbourne Renegades,MS Harris,MJ Guptill,MW Short,0,0,,,,,,"",""
ball,2,0.5,Melbourne Renegades,MS Harris,MJ Guptill,MW Short,4,0,,,,,,"",""
ball,2,0.6,Melbourne Renegades,MS Harris,MJ Guptill,MW Short,1,0,,,,,,"",""
ball,2,1.1,Melbourne Renegades,MS Harris,MJ Guptill,HNA Conway,0,0,,,,,,"",""
ball,2,1.2,Melbourne Renegades,MS Harris,MJ Guptill,HNA Conway,0,0,,,,,,"",""
ball,2,1.3,Melbourne Renegades,MS Harris,MJ Guptill,HNA Conway,1,0,,,,,,"",""
ball,2,1.4,Melbourne Renegades,MJ Guptill,MS Harris,HNA Conway,0,1,,,,1,,"",""
ball,2,1.5,Melbourne Renegades,MS Harris,MJ Guptill,HNA Conway,1,0,,,,,,"",""
ball,2,1.6,Melbourne Renegades,MJ Guptill,MS Harris,HNA Conway,0,1,1,,,,,"",""
ball,2,1.7,Melbourne Renegades,MJ Guptill,MS Harris,HNA Conway,4,0,,,,,,"",""
ball,2,2.1,Melbourne Renegades,MS Harris,MJ Guptill,MW Short,1,0,,,,,,"",""
ball,2,2.2,Melbourne Renegades,MJ Guptill,MS Harris,MW Short,0,0,,,,,,"",""
ball,2,2.3,Melbourne Renegades,MJ Guptill,MS Harris,MW Short,4,0,,,,,,"",""
ball,2,2.4,Melbourne Renegades,MJ Guptill,MS Harris,MW Short,1,0,,,,,,"",""
ball,2,2.5,Melbourne Renegades,MS Harris,MJ Guptill,MW Short,0,0,,,,,,caught,MS Harris
ball,2,2.6,Melbourne Renegades,SB Harper,MJ Guptill,MW Short,1,0,,,,,,"",""
ball,2,3.1,Melbourne Renegades,SB Harper,MJ Guptill,WA Agar,0,0,,,,,,"",""
ball,2,3.2,Melbourne Renegades,SB Harper,MJ Guptill,WA Agar,1,0,,,,,,"",""
ball,2,3.3,Melbourne Renegades,MJ Guptill,SB Harper,WA Agar,1,0,,,,,,"",""
ball,2,3.4,Melbourne Renegades,SB Harper,MJ Guptill,WA Agar,4,0,,,,,,"",""
ball,2,3.5,Melbourne Renegades,SB Harper,MJ Guptill,WA Agar,1,0,,,,,,"",""
ball,2,3.6,Melbourne Renegades,MJ Guptill,SB Harper,WA Agar,1,0,,,,,,"",""
ball,2,4.1,Melbourne Renegades,MJ Guptill,SB Harper,CJ Boyce,1,0,,,,,,"",""
ball,2,4.2,Melbourne Renegades,SB Harper,MJ Guptill,CJ Boyce,1,0,,,,,,"",""
ball,2,4.3,Melbourne Renegades,MJ Guptill,SB Harper,CJ Boyce,1,0,,,,,,"",""
ball,2,4.4,Melbourne Renegades,SB Harper,MJ Guptill,CJ Boyce,2,0,,,,,,"",""
ball,2,4.5,Melbourne Renegades,SB Harper,MJ Guptill,CJ Boyce,2,0,,,,,,"",""
ball,2,4.6,Melbourne Renegades,SB Harper,MJ Guptill,CJ Boyce,1,0,,,,,,"",""
ball,2,5.1,Melbourne Renegades,SB Harper,MJ Guptill,WA Agar,6,0,,,,,,"",""
ball,2,5.2,Melbourne Renegades,SB Harper,MJ Guptill,WA Agar,1,0,,,,,,"",""
ball,2,5.3,Melbourne Renegades,MJ Guptill,SB Harper,WA Agar,0,0,,,,,,caught,MJ Guptill
ball,2,5.4,Melbourne Renegades,AJ Finch,SB Harper,WA Agar,1,0,,,,,,"",""
ball,2,5.5,Melbourne Renegades,SB Harper,AJ Finch,WA Agar,1,0,,,,,,"",""
ball,2,5.6,Melbourne Renegades,AJ Finch,SB Harper,WA Agar,0,0,,,,,,"",""
ball,2,6.1,Melbourne Renegades,SB Harper,AJ Finch,BAD Manenti,1,0,,,,,,"",""
ball,2,6.2,Melbourne Renegades,AJ Finch,SB Harper,BAD Manenti,0,0,,,,,,"",""
ball,2,6.3,Melbourne Renegades,AJ Finch,SB Harper,BAD Manenti,1,0,,,,,,"",""
ball,2,6.4,Melbourne Renegades,SB Harper,AJ Finch,BAD Manenti,1,0,,,,,,"",""
ball,2,6.5,Melbourne Renegades,AJ Finch,SB Harper,BAD Manenti,0,0,,,,,,lbw,AJ Finch
ball,2,6.6,Melbourne Renegades,JW Wells,SB Harper,BAD Manenti,0,0,,,,,,"",""
ball,2,7.1,Melbourne Renegades,SB Harper,JW Wells,CJ Boyce,1,0,,,,,,"",""
ball,2,7.2,Melbourne Renegades,JW Wells,SB Harper,CJ Boyce,2,0,,,,,,"",""
ball,2,7.3,Melbourne Renegades,JW Wells,SB Harper,CJ Boyce,1,0,,,,,,"",""
ball,2,7.4,Melbourne Renegades,SB Harper,JW Wells,CJ Boyce,1,0,,,,,,"",""
ball,2,7.5,Melbourne Renegades,JW Wells,SB Harper,CJ Boyce,1,0,,,,,,"",""
ball,2,7.6,Melbourne Renegades,SB Harper,JW Wells,CJ Boyce,1,0,,,,,,"",""
ball,2,8.1,Melbourne Renegades,SB Harper,JW Wells,BAD Manenti,4,0,,,,,,"",""
ball,2,8.2,Melbourne Renegades,SB Harper,JW Wells,BAD Manenti,1,0,,,,,,"",""
ball,2,8.3,Melbourne Renegades,JW Wells,SB Harper,BAD Manenti,1,0,,,,,,"",""
ball,2,8.4,Melbourne Renegades,SB Harper,JW Wells,BAD Manenti,1,0,,,,,,"",""
ball,2,8.5,Melbourne Renegades,JW Wells,SB Harper,BAD Manenti,4,0,,,,,,"",""
ball,2,8.6,Melbourne Renegades,JW Wells,SB Harper,BAD Manenti,1,0,,,,,,"",""
ball,2,9.1,Melbourne Renegades,JW Wells,SB Harper,WA Agar,1,0,,,,,,"",""
ball,2,9.2,Melbourne Renegades,SB Harper,JW Wells,WA Agar,0,1,,,,1,,"",""
ball,2,9.3,Melbourne Renegades,JW Wells,SB Harper,WA Agar,1,0,,,,,,"",""
ball,2,9.4,Melbourne Renegades,SB Harper,JW Wells,WA Agar,2,0,,,,,,"",""
ball,2,9.5,Melbourne Renegades,SB Harper,JW Wells,WA Agar,0,0,,,,,,"",""
ball,2,9.6,Melbourne Renegades,SB Harper,JW Wells,WA Agar,0,0,,,,,,"",""
ball,2,10.1,Melbourne Renegades,JW Wells,SB Harper,MW Short,4,0,,,,,,"",""
ball,2,10.2,Melbourne Renegades,JW Wells,SB Harper,MW Short,2,0,,,,,,"",""
ball,2,10.3,Melbourne Renegades,JW Wells,SB Harper,MW Short,1,0,,,,,,"",""
ball,2,10.4,Melbourne Renegades,SB Harper,JW Wells,MW Short,0,0,,,,,,"",""
ball,2,10.5,Melbourne Renegades,SB Harper,JW Wells,MW Short,2,0,,,,,,"",""
ball,2,10.6,Melbourne Renegades,SB Harper,JW Wells,MW Short,1,0,,,,,,"",""
ball,2,11.1,Melbourne Renegades,SB Harper,JW Wells,HNA Conway,1,0,,,,,,"",""
ball,2,11.2,Melbourne Renegades,JW Wells,SB Harper,HNA Conway,1,0,,,,,,"",""
ball,2,11.3,Melbourne Renegades,SB Harper,JW Wells,HNA Conway,6,0,,,,,,"",""
ball,2,11.4,Melbourne Renegades,SB Harper,JW Wells,HNA Conway,4,0,,,,,,"",""
ball,2,11.5,Melbourne Renegades,SB Harper,JW Wells,HNA Conway,1,0,,,,,,"",""
ball,2,11.6,Melbourne Renegades,JW Wells,SB Harper,HNA Conway,1,0,,,,,,"",""
ball,2,12.1,Melbourne Renegades,JW Wells,SB Harper,BAD Manenti,1,0,,,,,,"",""
ball,2,12.2,Melbourne Renegades,SB Harper,JW Wells,BAD Manenti,2,0,,,,,,"",""
ball,2,12.3,Melbourne Renegades,SB Harper,JW Wells,BAD Manenti,6,0,,,,,,"",""
ball,2,12.4,Melbourne Renegades,SB Harper,JW Wells,BAD Manenti,0,0,,,,,,"",""
ball,2,12.5,Melbourne Renegades,SB Harper,JW Wells,BAD Manenti,6,0,,,,,,"",""
ball,2,12.6,Melbourne Renegades,SB Harper,JW Wells,BAD Manenti,0,0,,,,,,caught,SB Harper
ball,2,13.1,Melbourne Renegades,JW Wells,MJJ Critchley,CJ Boyce,0,0,,,,,,"",""
ball,2,13.2,Melbourne Renegades,JW Wells,MJJ Critchley,CJ Boyce,1,0,,,,,,"",""
ball,2,13.3,Melbourne Renegades,MJJ Critchley,JW Wells,CJ Boyce,1,0,,,,,,"",""
ball,2,13.4,Melbourne Renegades,JW Wells,MJJ Critchley,CJ Boyce,1,0,,,,,,"",""
ball,2,13.5,Melbourne Renegades,MJJ Critchley,JW Wells,CJ Boyce,1,0,,,,,,"",""
ball,2,13.6,Melbourne Renegades,JW Wells,MJJ Critchley,CJ Boyce,1,0,,,,,,"",""
ball,2,14.1,Melbourne Renegades,JW Wells,MJJ Critchley,MW Short,1,0,,,,,,"",""
ball,2,14.2,Melbourne Renegades,MJJ Critchley,JW Wells,MW Short,0,0,,,,,,"",""
ball,2,14.3,Melbourne Renegades,MJJ Critchley,JW Wells,MW Short,0,0,,,,,,"",""
ball,2,14.4,Melbourne Renegades,MJJ Critchley,JW Wells,MW Short,1,0,,,,,,"",""
ball,2,14.5,Melbourne Renegades,JW Wells,MJJ Critchley,MW Short,0,0,,,,,,caught,JW Wells
ball,2,14.6,Melbourne Renegades,W Sutherland,MJJ Critchley,MW Short,1,0,,,,,,"",""
ball,2,15.1,Melbourne Renegades,W Sutherland,MJJ Critchley,HNA Conway,2,0,,,,,,"",""
ball,2,15.2,Melbourne Renegades,W Sutherland,MJJ Critchley,HNA Conway,2,0,,,,,,"",""
ball,2,15.3,Melbourne Renegades,W Sutherland,MJJ Critchley,HNA Conway,0,0,,,,,,"",""
ball,2,15.4,Melbourne Renegades,W Sutherland,MJJ Critchley,HNA Conway,1,0,,,,,,"",""
ball,2,15.5,Melbourne Renegades,MJJ Critchley,W Sutherland,HNA Conway,1,0,,,,,,"",""
ball,2,15.6,Melbourne Renegades,W Sutherland,MJJ Critchley,HNA Conway,2,0,,,,,,"",""
ball,2,16.1,Melbourne Renegades,MJJ Critchley,W Sutherland,BAD Manenti,6,0,,,,,,"",""
ball,2,16.2,Melbourne Renegades,MJJ Critchley,W Sutherland,BAD Manenti,2,0,,,,,,"",""
ball,2,16.3,Melbourne Renegades,MJJ Critchley,W Sutherland,BAD Manenti,1,0,,,,,,"",""
ball,2,16.4,Melbourne Renegades,W Sutherland,MJJ Critchley,BAD Manenti,4,0,,,,,,"",""
ball,2,16.5,Melbourne Renegades,W Sutherland,MJJ Critchley,BAD Manenti,6,0,,,,,,"",""
ball,2,16.6,Melbourne Renegades,W Sutherland,MJJ Critchley,BAD Manenti,1,0,,,,,,"",""
ball,2,17.1,Melbourne Renegades,W Sutherland,MJJ Critchley,CJ Boyce,4,0,,,,,,"",""
ball,2,17.2,Melbourne Renegades,W Sutherland,MJJ Critchley,CJ Boyce,2,0,,,,,,"",""
ball,2,17.3,Melbourne Renegades,W Sutherland,MJJ Critchley,CJ Boyce,6,0,,,,,,"",""
ball,2,17.4,Melbourne Renegades,W Sutherland,MJJ Critchley,CJ Boyce,0,1,,,,1,,"",""
ball,2,17.5,Melbourne Renegades,MJJ Critchley,W Sutherland,CJ Boyce,2,0,,,,,,"",""
ball,2,17.6,Melbourne Renegades,MJJ Critchley,W Sutherland,CJ Boyce,1,0,,,,,,"",""
ball,2,18.1,Melbourne Renegades,MJJ Critchley,W Sutherland,WA Agar,1,0,,,,,,"",""
ball,2,18.2,Melbourne Renegades,W Sutherland,MJJ Critchley,WA Agar,0,0,,,,,,caught,W Sutherland
ball,2,18.3,Melbourne Renegades,RP Kellepotha,MJJ Critchley,WA Agar,0,0,,,,,,"",""
ball,2,18.4,Melbourne Renegades,RP Kellepotha,MJJ Critchley,WA Agar,1,0,,,,,,"",""
ball,2,18.5,Melbourne Renegades,MJJ Critchley,RP Kellepotha,WA Agar,2,0,,,,,,"",""
ball,2,18.6,Melbourne Renegades,MJJ Critchley,RP Kellepotha,WA Agar,1,0,,,,,,"",""
ball,2,19.1,Melbourne Renegades,MJJ Critchley,RP Kellepotha,HNA Conway,2,0,,,,,,"",""
ball,2,19.2,Melbourne Renegades,MJJ Critchley,RP Kellepotha,HNA Conway,2,0,,,,,,"",""
ball,2,19.3,Melbourne Renegades,MJJ Critchley,RP Kellepotha,HNA Conway,6,0,,,,,,"",""
ball,2,19.4,Melbourne Renegades,MJJ Critchley,RP Kellepotha,HNA Conway,2,0,,,,,,"",""
ball,2,19.5,Melbourne Renegades,MJJ Critchley,RP Kellepotha,HNA Conway,1,0,,,,,,"",""
ball,2,19.6,Melbourne Renegades,RP Kellepotha,MJJ Critchley,HNA Conway,0,0,,,,,,"",""
