version,1.7.0
info,balls_per_over,6
info,team,Sydney Thunder
info,team,Perth Scorchers
info,gender,male
info,season,2022/23
info,date,2023/01/13
info,event,Big Bash League
info,match_number,39
info,venue,Sydney Showground Stadium
info,city,Sydney
info,toss_winner,Perth Scorchers
info,toss_decision,field
info,player_of_match,AJ Tye
info,umpire,P Wilson
info,umpire,SA Lightbody
info,reserve_umpire,AR Hamilton
info,tv_umpire,GA Abood
info,match_referee,Dave Gilbert
info,winner,Perth Scorchers
info,winner_wickets,9
info,player,Sydney Thunder,M Gilkes
info,player,Sydney Thunder,DA Warner
info,player,Sydney Thunder,SM Whiteman
info,player,Sydney Thunder,O Davies
info,player,Sydney Thunder,AI Ross
info,player,Sydney Thunder,DR Sams
info,player,Sydney Thunder,BCJ Cutting
info,player,Sydney Thunder,N McAndrew
info,player,Sydney Thunder,CJ Green
info,player,Sydney Thunder,B Doggett
info,player,Sydney Thunder,Usman Qadir
info,player,Perth Scorchers,SS Eskinazi
info,player,Perth Scorchers,CT Bancroft
info,player,Perth Scorchers,AM Hardie
info,player,Perth Scorchers,JP Inglis
info,player,Perth Scorchers,AJ Turner
info,player,Perth Scorchers,NR Hobson
info,player,Perth Scorchers,AC Agar
info,player,Perth Scorchers,M Kelly
info,player,Perth Scorchers,AJ Tye
info,player,Perth Scorchers,DA Payne
info,player,Perth Scorchers,LR Morris
info,registry,people,AC Agar,a2421394
info,registry,people,AI Ross,fb0d68b4
info,registry,people,AJ Turner,ff1e12a0
info,registry,people,AJ Tye,7c7d63a2
info,registry,people,AM Hardie,d405c0d5
info,registry,people,AR Hamilton,95d26c59
info,registry,people,B Doggett,898e628d
info,registry,people,BCJ Cutting,2e11c706
info,registry,people,CJ Green,19b9f399
info,registry,people,CT Bancroft,399b0b94
info,registry,people,DA Payne,6c79c098
info,registry,people,DA Warner,dcce6f09
info,registry,people,DR Sams,caf69bf7
info,registry,people,Dave Gilbert,aa782370
info,registry,people,GA Abood,a4af5528
info,registry,people,JP Inglis,989889ff
info,registry,people,LR Morris,b08e58e2
info,registry,people,M Gilkes,d85b0f8b
info,registry,people,M Kelly,68e26ec9
info,registry,people,N McAndrew,38c276e1
info,registry,people,NR Hobson,4312e0fd
info,registry,people,O Davies,0ea54eca
info,registry,people,P Wilson,68304a36
info,registry,people,SA Lightbody,680b8cbf
info,registry,people,SM Whiteman,f4427cc6
info,registry,people,SS Eskinazi,75cbed9b
info,registry,people,Usman Qadir,33742f04
ball,1,0.1,Sydney Thunder,M Gilkes,DA Warner,DA Payne,0,0,,,,,,"",""
ball,1,0.2,Sydney Thunder,M Gilkes,DA Warner,DA Payne,0,0,,,,,,caught,M Gilkes
ball,1,0.3,Sydney Thunder,SM Whiteman,DA Warner,DA Payne,0,0,,,,,,"",""
ball,1,0.4,Sydney Thunder,SM Whiteman,DA Warner,DA Payne,0,0,,,,,,"",""
ball,1,0.5,Sydney Thunder,SM Whiteman,DA Warner,DA Payne,0,0,,,,,,"",""
ball,1,0.6,Sydney Thunder,SM Whiteman,DA Warner,DA Payne,2,0,,,,,,"",""
ball,1,1.1,Sydney Thunder,DA Warner,SM Whiteman,LR Morris,1,0,,,,,,"",""
ball,1,1.2,Sydney Thunder,SM Whiteman,DA Warner,LR Morris,0,0,,,,,,caught,SM Whiteman
ball,1,1.3,Sydney Thunder,O Davies,DA Warner,LR Morris,2,0,,,,,,"",""
ball,1,1.4,Sydney Thunder,O Davies,DA Warner,LR Morris,0,0,,,,,,"",""
ball,1,1.5,Sydney Thunder,O Davies,DA Warner,LR Morris,0,0,,,,,,"",""
ball,1,1.6,Sydney Thunder,O Davies,DA Warner,LR Morris,0,0,,,,,,"",""
ball,1,2.1,Sydney Thunder,DA Warner,O Davies,DA Payne,1,0,,,,,,"",""
ball,1,2.2,Sydney Thunder,O Davies,DA Warner,DA Payne,4,0,,,,,,"",""
ball,1,2.3,Sydney Thunder,O Davies,DA Warner,DA Payne,0,0,,,,,,"",""
ball,1,2.4,Sydney Thunder,O Davies,DA Warner,DA Payne,4,0,,,,,,"",""
ball,1,2.5,Sydney Thunder,O Davies,DA Warner,DA Payne,0,0,,,,,,"",""
ball,1,2.6,Sydney Thunder,O Davies,DA Warner,DA Payne,1,0,,,,,,"",""
ball,1,3.1,Sydney Thunder,O Davies,DA Warner,LR Morris,4,0,,,,,,"",""
ball,1,3.2,Sydney Thunder,O Davies,DA Warner,LR Morris,2,0,,,,,,"",""
ball,1,3.3,Sydney Thunder,O Davies,DA Warner,LR Morris,1,0,,,,,,"",""
ball,1,3.4,Sydney Thunder,DA Warner,O Davies,LR Morris,0,0,,,,,,"",""
ball,1,3.5,Sydney Thunder,DA Warner,O Davies,LR Morris,4,0,,,,,,"",""
ball,1,3.6,Sydney Thunder,DA Warner,O Davies,LR Morris,0,0,,,,,,"",""
ball,1,4.1,Sydney Thunder,O Davies,DA Warner,M Kelly,0,0,,,,,,"",""
ball,1,4.2,Sydney Thunder,O Davies,DA Warner,M Kelly,0,0,,,,,,"",""
ball,1,4.3,Sydney Thunder,O Davies,DA Warner,M Kelly,2,0,,,,,,"",""
ball,1,4.4,Sydney Thunder,O Davies,DA Warner,M Kelly,0,0,,,,,,"",""
ball,1,4.5,Sydney Thunder,O Davies,DA Warner,M Kelly,4,0,,,,,,"",""
ball,1,4.6,Sydney Thunder,O Davies,DA Warner,M Kelly,1,0,,,,,,"",""
ball,1,5.1,Sydney Thunder,O Davies,DA Warner,AC Agar,0,0,,,,,,"",""
ball,1,5.2,Sydney Thunder,O Davies,DA Warner,AC Agar,0,0,,,,,,"",""
ball,1,5.3,Sydney Thunder,O Davies,DA Warner,AC Agar,1,0,,,,,,"",""
ball,1,5.4,Sydney Thunder,DA Warner,O Davies,AC Agar,0,0,,,,,,"",""
ball,1,5.5,Sydney Thunder,DA Warner,O Davies,AC Agar,0,0,,,,,,"",""
ball,1,5.6,Sydney Thunder,DA Warner,O Davies,AC Agar,1,0,,,,,,"",""
ball,1,6.1,Sydney Thunder,DA Warner,O Davies,AJ Tye,2,0,,,,,,"",""
ball,1,6.2,Sydney Thunder,DA Warner,O Davies,AJ Tye,0,0,,,,,,"",""
ball,1,6.3,Sydney Thunder,DA Warner,O Davies,AJ Tye,0,0,,,,,,"",""
ball,1,6.4,Sydney Thunder,DA Warner,O Davies,AJ Tye,1,0,,,,,,"",""
ball,1,6.5,Sydney Thunder,O Davies,DA Warner,AJ Tye,1,0,,,,,,"",""
ball,1,6.6,Sydney Thunder,DA Warner,O Davies,AJ Tye,4,0,,,,,,"",""
ball,1,7.1,Sydney Thunder,O Davies,DA Warner,AC Agar,1,0,,,,,,"",""
ball,1,7.2,Sydney Thunder,DA Warner,O Davies,AC Agar,1,0,,,,,,"",""
ball,1,7.3,Sydney Thunder,O Davies,DA Warner,AC Agar,6,0,,,,,,"",""
ball,1,7.4,Sydney Thunder,O Davies,DA Warner,AC Agar,1,0,,,,,,"",""
ball,1,7.5,Sydney Thunder,DA Warner,O Davies,AC Agar,1,0,,,,,,"",""
ball,1,7.6,Sydney Thunder,O Davies,DA Warner,AC Agar,6,0,,,,,,"",""
ball,1,8.1,Sydney Thunder,DA Warner,O Davies,AJ Tye,0,0,,,,,,"",""
ball,1,8.2,Sydney Thunder,DA Warner,O Davies,AJ Tye,1,0,,,,,,"",""
ball,1,8.3,Sydney Thunder,O Davies,DA Warner,AJ Tye,6,0,,,,,,"",""
ball,1,8.4,Sydney Thunder,O Davies,DA Warner,AJ Tye,1,0,,,,,,"",""
ball,1,8.5,Sydney Thunder,DA Warner,O Davies,AJ Tye,0,0,,,,,,"",""
ball,1,8.6,Sydney Thunder,DA Warner,O Davies,AJ Tye,2,0,,,,,,"",""
ball,1,9.1,Sydney Thunder,O Davies,DA Warner,M Kelly,1,0,,,,,,"",""
ball,1,9.2,Sydney Thunder,DA Warner,O Davies,M Kelly,0,0,,,,,,caught,DA Warner
ball,1,9.3,Sydney Thunder,AI Ross,O Davies,M Kelly,1,0,,,,,,"",""
ball,1,9.4,Sydney Thunder,O Davies,AI Ross,M Kelly,1,0,,,,,,"",""
ball,1,9.5,Sydney Thunder,AI Ross,O Davies,M Kelly,0,0,,,,,,"",""
ball,1,9.6,Sydney Thunder,AI Ross,O Davies,M Kelly,0,0,,,,,,"",""
ball,1,10.1,Sydney Thunder,O Davies,AI Ross,LR Morris,0,0,,,,,,"",""
ball,1,10.2,Sydney Thunder,O Davies,AI Ross,LR Morris,0,0,,,,,,"",""
ball,1,10.3,Sydney Thunder,O Davies,AI Ross,LR Morris,0,0,,,,,,"",""
ball,1,10.4,Sydney Thunder,O Davies,AI Ross,LR Morris,1,0,,,,,,"",""
ball,1,10.5,Sydney Thunder,AI Ross,O Davies,LR Morris,0,0,,,,,,"",""
ball,1,10.6,Sydney Thunder,AI Ross,O Davies,LR Morris,2,0,,,,,,"",""
ball,1,11.1,Sydney Thunder,O Davies,AI Ross,M Kelly,1,0,,,,,,"",""
ball,1,11.2,Sydney Thunder,AI Ross,O Davies,M Kelly,0,0,,,,,,"",""
ball,1,11.3,Sydney Thunder,AI Ross,O Davies,M Kelly,0,0,,,,,,"",""
ball,1,11.4,Sydney Thunder,AI Ross,O Davies,M Kelly,0,0,,,,,,caught,AI Ross
ball,1,11.5,Sydney Thunder,DR Sams,O Davies,M Kelly,0,0,,,,,,"",""
ball,1,11.6,Sydney Thunder,DR Sams,O Davies,M Kelly,0,0,,,,,,"",""
ball,1,12.1,Sydney Thunder,O Davies,DR Sams,AC Agar,0,0,,,,,,stumped,O Davies
ball,1,12.2,Sydney Thunder,BCJ Cutting,DR Sams,AC Agar,0,0,,,,,,"",""
ball,1,12.3,Sydney Thunder,BCJ Cutting,DR Sams,AC Agar,1,0,,,,,,"",""
ball,1,12.4,Sydney Thunder,DR Sams,BCJ Cutting,AC Agar,1,0,,,,,,"",""
ball,1,12.5,Sydney Thunder,BCJ Cutting,DR Sams,AC Agar,0,0,,,,,,"",""
ball,1,12.6,Sydney Thunder,BCJ Cutting,DR Sams,AC Agar,4,0,,,,,,"",""
ball,1,13.1,Sydney Thunder,DR Sams,BCJ Cutting,LR Morris,0,1,,,,1,,"",""
ball,1,13.2,Sydney Thunder,BCJ Cutting,DR Sams,LR Morris,4,0,,,,,,"",""
ball,1,13.3,Sydney Thunder,BCJ Cutting,DR Sams,LR Morris,0,0,,,,,,"",""
ball,1,13.4,Sydney Thunder,BCJ Cutting,DR Sams,LR Morris,0,0,,,,,,"",""
ball,1,13.5,Sydney Thunder,BCJ Cutting,DR Sams,LR Morris,0,0,,,,,,caught,BCJ Cutting
ball,1,13.6,Sydney Thunder,N McAndrew,DR Sams,LR Morris,0,0,,,,,,"",""
ball,1,14.1,Sydney Thunder,DR Sams,N McAndrew,AC Agar,1,0,,,,,,"",""
ball,1,14.2,Sydney Thunder,N McAndrew,DR Sams,AC Agar,0,0,,,,,,"",""
ball,1,14.3,Sydney Thunder,N McAndrew,DR Sams,AC Agar,2,0,,,,,,"",""
ball,1,14.4,Sydney Thunder,N McAndrew,DR Sams,AC Agar,0,0,,,,,,"",""
ball,1,14.5,Sydney Thunder,N McAndrew,DR Sams,AC Agar,2,0,,,,,,"",""
ball,1,14.6,Sydney Thunder,N McAndrew,DR Sams,AC Agar,2,0,,,,,,"",""
ball,1,15.1,Sydney Thunder,DR Sams,N McAndrew,DA Payne,0,0,,,,,,caught,DR Sams
ball,1,15.2,Sydney Thunder,CJ Green,N McAndrew,DA Payne,0,0,,,,,,"",""
ball,1,15.3,Sydney Thunder,CJ Green,N McAndrew,DA Payne,0,0,,,,,,"",""
ball,1,15.4,Sydney Thunder,CJ Green,N McAndrew,DA Payne,0,0,,,,,,"",""
ball,1,15.5,Sydney Thunder,CJ Green,N McAndrew,DA Payne,1,0,,,,,,"",""
ball,1,15.6,Sydney Thunder,N McAndrew,CJ Green,DA Payne,0,0,,,,,,"",""
ball,1,16.1,Sydney Thunder,CJ Green,N McAndrew,AJ Tye,0,0,,,,,,"",""
ball,1,16.2,Sydney Thunder,CJ Green,N McAndrew,AJ Tye,0,0,,,,,,caught,CJ Green
ball,1,16.3,Sydney Thunder,B Doggett,N McAndrew,AJ Tye,0,0,,,,,,"",""
ball,1,16.4,Sydney Thunder,B Doggett,N McAndrew,AJ Tye,0,0,,,,,,"",""
ball,1,16.5,Sydney Thunder,B Doggett,N McAndrew,AJ Tye,0,0,,,,,,"",""
ball,1,16.6,Sydney Thunder,B Doggett,N McAndrew,AJ Tye,0,0,,,,,,"",""
ball,1,17.1,Sydney Thunder,N McAndrew,B Doggett,DA Payne,0,0,,,,,,"",""
ball,1,17.2,Sydney Thunder,N McAndrew,B Doggett,DA Payne,4,0,,,,,,"",""
ball,1,17.3,Sydney Thunder,N McAndrew,B Doggett,DA Payne,0,0,,,,,,"",""
ball,1,17.4,Sydney Thunder,N McAndrew,B Doggett,DA Payne,2,0,,,,,,"",""
ball,1,17.5,Sydney Thunder,N McAndrew,B Doggett,DA Payne,0,0,,,,,,"",""
ball,1,17.6,Sydney Thunder,N McAndrew,B Doggett,DA Payne,1,0,,,,,,"",""
ball,1,18.1,Sydney Thunder,N McAndrew,B Doggett,AJ Tye,4,0,,,,,,"",""
ball,1,18.2,Sydney Thunder,N McAndrew,B Doggett,AJ Tye,0,0,,,,,,"",""
ball,1,18.3,Sydney Thunder,N McAndrew,B Doggett,AJ Tye,4,0,,,,,,"",""
ball,1,18.4,Sydney Thunder,N McAndrew,B Doggett,AJ Tye,0,0,,,,,,caught,N McAndrew
ball,1,18.5,Sydney Thunder,Usman Qadir,B Doggett,AJ Tye,1,0,,,,,,"",""
ball,1,18.6,Sydney Thunder,B Doggett,Usman Qadir,AJ Tye,0,0,,,,,,bowled,B Doggett
ball,2,0.1,Perth Scorchers,SS Eskinazi,CT Bancroft,B Doggett,0,0,,,,,,"",""
ball,2,0.2,Perth Scorchers,SS Eskinazi,CT Bancroft,B Doggett,0,0,,,,,,"",""
ball,2,0.3,Perth Scorchers,SS Eskinazi,CT Bancroft,B Doggett,0,1,1,,,,,"",""
ball,2,0.4,Perth Scorchers,SS Eskinazi,CT Bancroft,B Doggett,0,0,,,,,,"",""
ball,2,0.5,Perth Scorchers,SS Eskinazi,CT Bancroft,B Doggett,1,0,,,,,,"",""
ball,2,0.6,Perth Scorchers,CT Bancroft,SS Eskinazi,B Doggett,3,0,,,,,,"",""
ball,2,0.7,Perth Scorchers,SS Eskinazi,CT Bancroft,B Doggett,0,0,,,,,,"",""
ball,2,1.1,Perth Scorchers,CT Bancroft,SS Eskinazi,CJ Green,2,0,,,,,,"",""
ball,2,1.2,Perth Scorchers,CT Bancroft,SS Eskinazi,CJ Green,2,0,,,,,,"",""
ball,2,1.3,Perth Scorchers,CT Bancroft,SS Eskinazi,CJ Green,0,0,,,,,,"",""
ball,2,1.4,Perth Scorchers,CT Bancroft,SS Eskinazi,CJ Green,0,0,,,,,,"",""
ball,2,1.5,Perth Scorchers,CT Bancroft,SS Eskinazi,CJ Green,1,0,,,,,,"",""
ball,2,1.6,Perth Scorchers,SS Eskinazi,CT Bancroft,CJ Green,4,0,,,,,,"",""
ball,2,2.1,Perth Scorchers,CT Bancroft,SS Eskinazi,B Doggett,1,0,,,,,,"",""
ball,2,2.2,Perth Scorchers,SS Eskinazi,CT Bancroft,B Doggett,4,0,,,,,,"",""
ball,2,2.3,Perth Scorchers,SS Eskinazi,CT Bancroft,B Doggett,6,0,,,,,,"",""
ball,2,2.4,Perth Scorchers,SS Eskinazi,CT Bancroft,B Doggett,4,0,,,,,,"",""
ball,2,2.5,Perth Scorchers,SS Eskinazi,CT Bancroft,B Doggett,2,0,,,,,,"",""
ball,2,2.6,Perth Scorchers,SS Eskinazi,CT Bancroft,B Doggett,1,0,,,,,,"",""
ball,2,3.1,Perth Scorchers,SS Eskinazi,CT Bancroft,N McAndrew,0,0,,,,,,"",""
ball,2,3.2,Perth Scorchers,SS Eskinazi,CT Bancroft,N McAndrew,0,0,,,,,,"",""
ball,2,3.3,Perth Scorchers,SS Eskinazi,CT Bancroft,N McAndrew,3,0,,,,,,"",""
ball,2,3.4,Perth Scorchers,CT Bancroft,SS Eskinazi,N McAndrew,0,0,,,,,,"",""
ball,2,3.5,Perth Scorchers,CT Bancroft,SS Eskinazi,N McAndrew,2,0,,,,,,"",""
ball,2,3.6,Perth Scorchers,CT Bancroft,SS Eskinazi,N McAndrew,0,0,,,,,,"",""
ball,2,4.1,Perth Scorchers,SS Eskinazi,CT Bancroft,Usman Qadir,1,0,,,,,,"",""
ball,2,4.2,Perth Scorchers,CT Bancroft,SS Eskinazi,Usman Qadir,1,0,,,,,,"",""
ball,2,4.3,Perth Scorchers,SS Eskinazi,CT Bancroft,Usman Qadir,1,0,,,,,,"",""
ball,2,4.4,Perth Scorchers,CT Bancroft,SS Eskinazi,Usman Qadir,1,0,,,,,,"",""
ball,2,4.5,Perth Scorchers,SS Eskinazi,CT Bancroft,Usman Qadir,0,0,,,,,,"",""
ball,2,4.6,Perth Scorchers,SS Eskinazi,CT Bancroft,Usman Qadir,0,0,,,,,,"",""
ball,2,5.1,Perth Scorchers,CT Bancroft,SS Eskinazi,DR Sams,0,0,,,,,,"",""
ball,2,5.2,Perth Scorchers,CT Bancroft,SS Eskinazi,DR Sams,4,0,,,,,,"",""
ball,2,5.3,Perth Scorchers,CT Bancroft,SS Eskinazi,DR Sams,1,0,,,,,,"",""
ball,2,5.4,Perth Scorchers,SS Eskinazi,CT Bancroft,DR Sams,1,0,,,,,,"",""
ball,2,5.5,Perth Scorchers,CT Bancroft,SS Eskinazi,DR Sams,0,0,,,,,,"",""
ball,2,5.6,Perth Scorchers,CT Bancroft,SS Eskinazi,DR Sams,1,0,,,,,,"",""
ball,2,6.1,Perth Scorchers,CT Bancroft,SS Eskinazi,Usman Qadir,4,0,,,,,,"",""
ball,2,6.2,Perth Scorchers,CT Bancroft,SS Eskinazi,Usman Qadir,0,0,,,,,,"",""
ball,2,6.3,Perth Scorchers,CT Bancroft,SS Eskinazi,Usman Qadir,6,0,,,,,,"",""
ball,2,6.4,Perth Scorchers,CT Bancroft,SS Eskinazi,Usman Qadir,1,0,,,,,,"",""
ball,2,6.5,Perth Scorchers,SS Eskinazi,CT Bancroft,Usman Qadir,2,0,,,,,,"",""
ball,2,6.6,Perth Scorchers,SS Eskinazi,CT Bancroft,Usman Qadir,4,0,,,,,,"",""
ball,2,7.1,Perth Scorchers,CT Bancroft,SS Eskinazi,CJ Green,1,0,,,,,,"",""
ball,2,7.2,Perth Scorchers,SS Eskinazi,CT Bancroft,CJ Green,0,0,,,,,,"",""
ball,2,7.3,Perth Scorchers,SS Eskinazi,CT Bancroft,CJ Green,1,0,,,,,,"",""
ball,2,7.4,Perth Scorchers,CT Bancroft,SS Eskinazi,CJ Green,0,0,,,,,,"",""
ball,2,7.5,Perth Scorchers,CT Bancroft,SS Eskinazi,CJ Green,2,0,,,,,,"",""
ball,2,7.6,Perth Scorchers,CT Bancroft,SS Eskinazi,CJ Green,1,0,,,,,,"",""
ball,2,8.1,Perth Scorchers,CT Bancroft,SS Eskinazi,N McAndrew,1,0,,,,,,"",""
ball,2,8.2,Perth Scorchers,SS Eskinazi,CT Bancroft,N McAndrew,4,0,,,,,,"",""
ball,2,8.3,Perth Scorchers,SS Eskinazi,CT Bancroft,N McAndrew,1,0,,,,,,"",""
ball,2,8.4,Perth Scorchers,CT Bancroft,SS Eskinazi,N McAndrew,1,0,,,,,,"",""
ball,2,8.5,Perth Scorchers,SS Eskinazi,CT Bancroft,N McAndrew,0,0,,,,,,caught,SS Eskinazi
ball,2,8.6,Perth Scorchers,AM Hardie,CT Bancroft,N McAndrew,0,0,,,,,,"",""
ball,2,9.1,Perth Scorchers,CT Bancroft,AM Hardie,CJ Green,1,0,,,,,,"",""
ball,2,9.2,Perth Scorchers,AM Hardie,CT Bancroft,CJ Green,0,0,,,,,,"",""
ball,2,9.3,Perth Scorchers,AM Hardie,CT Bancroft,CJ Green,1,0,,,,,,"",""
ball,2,9.4,Perth Scorchers,CT Bancroft,AM Hardie,CJ Green,1,0,,,,,,"",""
ball,2,9.5,Perth Scorchers,AM Hardie,CT Bancroft,CJ Green,1,0,,,,,,"",""
ball,2,9.6,Perth Scorchers,CT Bancroft,AM Hardie,CJ Green,2,0,,,,,,"",""
ball,2,10.1,Perth Scorchers,AM Hardie,CT Bancroft,N McAndrew,1,0,,,,,,"",""
ball,2,10.2,Perth Scorchers,CT Bancroft,AM Hardie,N McAndrew,1,0,,,,,,"",""
ball,2,10.3,Perth Scorchers,AM Hardie,CT Bancroft,N McAndrew,0,1,1,,,,,"",""
ball,2,10.4,Perth Scorchers,AM Hardie,CT Bancroft,N McAndrew,1,0,,,,,,"",""
ball,2,10.5,Perth Scorchers,CT Bancroft,AM Hardie,N McAndrew,0,0,,,,,,"",""
ball,2,10.6,Perth Scorchers,CT Bancroft,AM Hardie,N McAndrew,0,0,,,,,,"",""
ball,2,10.7,Perth Scorchers,CT Bancroft,AM Hardie,N McAndrew,1,0,,,,,,"",""
ball,2,11.1,Perth Scorchers,CT Bancroft,AM Hardie,Usman Qadir,6,0,,,,,,"",""
ball,2,11.2,Perth Scorchers,CT Bancroft,AM Hardie,Usman Qadir,4,0,,,,,,"",""
ball,2,11.3,Perth Scorchers,CT Bancroft,AM Hardie,Usman Qadir,1,0,,,,,,"",""
ball,2,11.4,Perth Scorchers,AM Hardie,CT Bancroft,Usman Qadir,0,4,,,4,,,"",""
ball,2,11.5,Perth Scorchers,AM Hardie,CT Bancroft,Usman Qadir,0,0,,,,,,"",""
ball,2,11.6,Perth Scorchers,AM Hardie,CT Bancroft,Usman Qadir,0,0,,,,,,"",""
ball,2,12.1,Perth Scorchers,CT Bancroft,AM Hardie,DR Sams,1,0,,,,,,"",""
ball,2,12.2,Perth Scorchers,AM Hardie,CT Bancroft,DR Sams,1,0,,,,,,"",""
ball,2,12.3,Perth Scorchers,CT Bancroft,AM Hardie,DR Sams,0,0,,,,,,"",""
ball,2,12.4,Perth Scorchers,CT Bancroft,AM Hardie,DR Sams,1,0,,,,,,"",""
ball,2,12.5,Perth Scorchers,AM Hardie,CT Bancroft,DR Sams,6,0,,,,,,"",""
