version,1.7.0
info,balls_per_over,6
info,team,Melbourne Stars
info,team,Sydney Sixers
info,gender,male
info,season,2022/23
info,date,2022/12/26
info,event,Big Bash League
info,match_number,15
info,venue,Sydney Cricket Ground
info,city,Sydney
info,toss_winner,Sydney Sixers
info,toss_decision,field
info,player_of_match,MC Henriques
info,umpire,BC Treloar
info,umpire,GJ Davidson
info,reserve_umpire,D Taylor
info,tv_umpire,CA Polosak
info,match_referee,Dave Gilbert
info,winner,Sydney Sixers
info,winner_wickets,7
info,player,Melbourne Stars,TF Rogers
info,player,Melbourne Stars,JM Clarke
info,player,Melbourne Stars,J Seymour
info,player,Melbourne Stars,BJ Webster
info,player,Melbourne Stars,NCR Larkin
info,player,Melbourne Stars,HWR Cartwright
info,player,Melbourne Stars,C Kellaway
info,player,Melbourne Stars,L Wood
info,player,Melbourne Stars,LC Hatcher
info,player,Melbourne Stars,TA Boult
info,player,Melbourne Stars,A Zampa
info,player,Sydney Sixers,KR Patterson
info,player,Sydney Sixers,JR Philippe
info,player,Sydney Sixers,JM Vince
info,player,Sydney Sixers,MC Henriques
info,player,Sydney Sixers,JC Silk
info,player,Sydney Sixers,DT Christian
info,player,Sydney Sixers,H Kerr
info,player,Sydney Sixers,SA Abbott
info,player,Sydney Sixers,JM Bird
info,player,Sydney Sixers,SNJ O'Keefe
info,player,Sydney Sixers,Izharulhaq Naveed
info,registry,people,A Zampa,14f96089
info,registry,people,BC Treloar,f7e8ee52
info,registry,people,BJ Webster,56b93d46
info,registry,people,C Kellaway,60c28835
info,registry,people,CA Polosak,26a360d2
info,registry,people,D Taylor,b940a2b2
info,registry,people,DT Christian,2a2e6343
info,registry,people,Dave Gilbert,aa782370
info,registry,people,GJ Davidson,31ad5973
info,registry,people,H Kerr,f422728b
info,registry,people,HWR Cartwright,ab965cad
info,registry,people,Izharulhaq Naveed,2cbdd22f
info,registry,people,J Seymour,cb54a1d6
info,registry,people,JC Silk,7a6dc294
info,registry,people,JM Bird,bc773eeb
info,registry,people,JM Clarke,2eca67f5
info,registry,people,JM Vince,a15618fe
info,registry,people,JR Philippe,39086549
info,registry,people,KR Patterson,e3bf8356
info,registry,people,L Wood,65b6943c
info,registry,people,LC Hatcher,8f3fde65
info,registry,people,MC Henriques,32198ae0
info,registry,people,NCR Larkin,02bce9a8
info,registry,people,SA Abbott,1a2676c5
info,registry,people,SNJ O'Keefe,3540beff
info,registry,people,TA Boult,a818c1be
info,registry,people,TF Rogers,7f232d46
ball,1,0.1,Melbourne Stars,TF Rogers,JM Clarke,SNJ O'Keefe,0,0,,,,,,"",""
ball,1,0.2,Melbourne Stars,TF Rogers,JM Clarke,SNJ O'Keefe,0,0,,,,,,stumped,TF Rogers
ball,1,0.3,Melbourne Stars,J Seymour,JM Clarke,SNJ O'Keefe,0,0,,,,,,"",""
ball,1,0.4,Melbourne Stars,J Seymour,JM Clarke,SNJ O'Keefe,2,0,,,,,,"",""
ball,1,0.5,Melbourne Stars,J Seymour,JM Clarke,SNJ O'Keefe,4,0,,,,,,"",""
ball,1,0.6,Melbourne Stars,J Seymour,JM Clarke,SNJ O'Keefe,0,0,,,,,,"",""
ball,1,1.1,Melbourne Stars,JM Clarke,J Seymour,JM Bird,0,0,,,,,,"",""
ball,1,1.2,Melbourne Stars,JM Clarke,J Seymour,JM Bird,0,0,,,,,,"",""
ball,1,1.3,Melbourne Stars,JM Clarke,J Seymour,JM Bird,0,0,,,,,,"",""
ball,1,1.4,Melbourne Stars,JM Clarke,J Seymour,JM Bird,2,0,,,,,,"",""
ball,1,1.5,Melbourne Stars,JM Clarke,J Seymour,JM Bird,0,0,,,,,,"",""
ball,1,1.6,Melbourne Stars,JM Clarke,J Seymour,JM Bird,0,0,,,,,,"",""
ball,1,2.1,Melbourne Stars,J Seymour,JM Clarke,SA Abbott,0,0,,,,,,caught and bowled,J Seymour
ball,1,2.2,Melbourne Stars,BJ Webster,JM Clarke,SA Abbott,5,0,,,,,,"",""
ball,1,2.3,Melbourne Stars,JM Clarke,BJ Webster,SA Abbott,0,0,,,,,,"",""
ball,1,2.4,Melbourne Stars,JM Clarke,BJ Webster,SA Abbott,6,0,,,,,,"",""
ball,1,2.5,Melbourne Stars,JM Clarke,BJ Webster,SA Abbott,6,0,,,,,,"",""
ball,1,2.6,Melbourne Stars,JM Clarke,BJ Webster,SA Abbott,1,0,,,,,,"",""
ball,1,3.1,Melbourne Stars,JM Clarke,BJ Webster,JM Bird,1,0,,,,,,"",""
ball,1,3.2,Melbourne Stars,BJ Webster,JM Clarke,JM Bird,1,0,,,,,,"",""
ball,1,3.3,Melbourne Stars,JM Clarke,BJ Webster,JM Bird,4,0,,,,,,"",""
ball,1,3.4,Melbourne Stars,JM Clarke,BJ Webster,JM Bird,1,0,,,,,,"",""
ball,1,3.5,Melbourne Stars,BJ Webster,JM Clarke,JM Bird,0,0,,,,,,"",""
ball,1,3.6,Melbourne Stars,BJ Webster,JM Clarke,JM Bird,0,0,,,,,,"",""
ball,1,4.1,Melbourne Stars,JM Clarke,BJ Webster,Izharulhaq Naveed,2,0,,,,,,"",""
ball,1,4.2,Melbourne Stars,JM Clarke,BJ Webster,Izharulhaq Naveed,1,0,,,,,,"",""
ball,1,4.3,Melbourne Stars,BJ Webster,JM Clarke,Izharulhaq Naveed,2,0,,,,,,"",""
ball,1,4.4,Melbourne Stars,BJ Webster,JM Clarke,Izharulhaq Naveed,0,1,1,,,,,"",""
ball,1,4.5,Melbourne Stars,BJ Webster,JM Clarke,Izharulhaq Naveed,1,1,,1,,,,"",""
ball,1,4.6,Melbourne Stars,JM Clarke,BJ Webster,Izharulhaq Naveed,0,0,,,,,,"",""
ball,1,4.7,Melbourne Stars,JM Clarke,BJ Webster,Izharulhaq Naveed,1,0,,,,,,"",""
ball,1,4.8,Melbourne Stars,BJ Webster,JM Clarke,Izharulhaq Naveed,1,0,,,,,,"",""
ball,1,5.1,Melbourne Stars,BJ Webster,JM Clarke,SNJ O'Keefe,1,0,,,,,,"",""
ball,1,5.2,Melbourne Stars,JM Clarke,BJ Webster,SNJ O'Keefe,0,0,,,,,,"",""
ball,1,5.3,Melbourne Stars,JM Clarke,BJ Webster,SNJ O'Keefe,0,0,,,,,,"",""
ball,1,5.4,Melbourne Stars,JM Clarke,BJ Webster,SNJ O'Keefe,1,0,,,,,,"",""
ball,1,5.5,Melbourne Stars,BJ Webster,JM Clarke,SNJ O'Keefe,1,0,,,,,,"",""
ball,1,5.6,Melbourne Stars,JM Clarke,BJ Webster,SNJ O'Keefe,1,0,,,,,,"",""
ball,1,6.1,Melbourne Stars,JM Clarke,BJ Webster,JM Bird,0,0,,,,,,bowled,JM Clarke
ball,1,6.2,Melbourne Stars,NCR Larkin,BJ Webster,JM Bird,0,0,,,,,,"",""
ball,1,6.3,Melbourne Stars,NCR Larkin,BJ Webster,JM Bird,0,0,,,,,,"",""
ball,1,6.4,Melbourne Stars,NCR Larkin,BJ Webster,JM Bird,0,0,,,,,,"",""
ball,1,6.5,Melbourne Stars,NCR Larkin,BJ Webster,JM Bird,0,0,,,,,,"",""
ball,1,6.6,Melbourne Stars,NCR Larkin,BJ Webster,JM Bird,2,0,,,,,,"",""
ball,1,7.1,Melbourne Stars,BJ Webster,NCR Larkin,SNJ O'Keefe,0,0,,,,,,"",""
ball,1,7.2,Melbourne Stars,BJ Webster,NCR Larkin,SNJ O'Keefe,0,0,,,,,,"",""
ball,1,7.3,Melbourne Stars,BJ Webster,NCR Larkin,SNJ O'Keefe,1,0,,,,,,"",""
ball,1,7.4,Melbourne Stars,NCR Larkin,BJ Webster,SNJ O'Keefe,1,0,,,,,,"",""
ball,1,7.5,Melbourne Stars,BJ Webster,NCR Larkin,SNJ O'Keefe,0,0,,,,,,"",""
ball,1,7.6,Melbourne Stars,BJ Webster,NCR Larkin,SNJ O'Keefe,0,0,,,,,,"",""
ball,1,8.1,Melbourne Stars,NCR Larkin,BJ Webster,H Kerr,1,0,,,,,,"",""
ball,1,8.2,Melbourne Stars,BJ Webster,NCR Larkin,H Kerr,1,0,,,,,,"",""
ball,1,8.3,Melbourne Stars,NCR Larkin,BJ Webster,H Kerr,0,0,,,,,,"",""
ball,1,8.4,Melbourne Stars,NCR Larkin,BJ Webster,H Kerr,1,0,,,,,,"",""
ball,1,8.5,Melbourne Stars,BJ Webster,NCR Larkin,H Kerr,1,0,,,,,,"",""
ball,1,8.6,Melbourne Stars,NCR Larkin,BJ Webster,H Kerr,1,0,,,,,,"",""
ball,1,9.1,Melbourne Stars,NCR Larkin,BJ Webster,Izharulhaq Naveed,1,0,,,,,,"",""
ball,1,9.2,Melbourne Stars,BJ Webster,NCR Larkin,Izharulhaq Naveed,4,0,,,,,,"",""
ball,1,9.3,Melbourne Stars,BJ Webster,NCR Larkin,Izharulhaq Naveed,4,0,,,,,,"",""
ball,1,9.4,Melbourne Stars,BJ Webster,NCR Larkin,Izharulhaq Naveed,1,0,,,,,,"",""
ball,1,9.5,Melbourne Stars,NCR Larkin,BJ Webster,Izharulhaq Naveed,1,0,,,,,,"",""
ball,1,9.6,Melbourne Stars,BJ Webster,NCR Larkin,Izharulhaq Naveed,2,0,,,,,,"",""
ball,1,10.1,Melbourne Stars,NCR Larkin,BJ Webster,SNJ O'Keefe,1,0,,,,,,"",""
ball,1,10.2,Melbourne Stars,BJ Webster,NCR Larkin,SNJ O'Keefe,0,0,,,,,,"",""
ball,1,10.3,Melbourne Stars,BJ Webster,NCR Larkin,SNJ O'Keefe,1,0,,,,,,"",""
ball,1,10.4,Melbourne Stars,NCR Larkin,BJ Webster,SNJ O'Keefe,0,0,,,,,,"",""
ball,1,10.5,Melbourne Stars,NCR Larkin,BJ Webster,SNJ O'Keefe,1,0,,,,,,"",""
ball,1,10.6,Melbourne Stars,BJ Webster,NCR Larkin,SNJ O'Keefe,1,0,,,,,,"",""
ball,1,11.1,Melbourne Stars,BJ Webster,NCR Larkin,DT Christian,1,0,,,,,,"",""
ball,1,11.2,Melbourne Stars,NCR Larkin,BJ Webster,DT Christian,1,0,,,,,,"",""
ball,1,11.3,Melbourne Stars,BJ Webster,NCR Larkin,DT Christian,1,0,,,,,,"",""
ball,1,11.4,Melbourne Stars,NCR Larkin,BJ Webster,DT Christian,0,0,,,,,,"",""
ball,1,11.5,Melbourne Stars,NCR Larkin,BJ Webster,DT Christian,1,0,,,,,,"",""
ball,1,11.6,Melbourne Stars,BJ Webster,NCR Larkin,DT Christian,1,0,,,,,,"",""
ball,1,12.1,Melbourne Stars,BJ Webster,NCR Larkin,H Kerr,6,0,,,,,,"",""
ball,1,12.2,Melbourne Stars,BJ Webster,NCR Larkin,H Kerr,1,0,,,,,,"",""
ball,1,12.3,Melbourne Stars,NCR Larkin,BJ Webster,H Kerr,0,0,,,,,,caught,NCR Larkin
ball,1,12.4,Melbourne Stars,HWR Cartwright,BJ Webster,H Kerr,0,0,,,,,,"",""
ball,1,12.5,Melbourne Stars,HWR Cartwright,BJ Webster,H Kerr,0,0,,,,,,"",""
ball,1,12.6,Melbourne Stars,HWR Cartwright,BJ Webster,H Kerr,0,0,,,,,,"",""
ball,1,13.1,Melbourne Stars,BJ Webster,HWR Cartwright,Izharulhaq Naveed,0,0,,,,,,"",""
ball,1,13.2,Melbourne Stars,BJ Webster,HWR Cartwright,Izharulhaq Naveed,2,0,,,,,,"",""
ball,1,13.3,Melbourne Stars,BJ Webster,HWR Cartwright,Izharulhaq Naveed,1,0,,,,,,"",""
ball,1,13.4,Melbourne Stars,HWR Cartwright,BJ Webster,Izharulhaq Naveed,1,0,,,,,,"",""
ball,1,13.5,Melbourne Stars,BJ Webster,HWR Cartwright,Izharulhaq Naveed,2,0,,,,,,"",""
ball,1,13.6,Melbourne Stars,BJ Webster,HWR Cartwright,Izharulhaq Naveed,1,0,,,,,,"",""
ball,1,14.1,Melbourne Stars,BJ Webster,HWR Cartwright,SA Abbott,1,0,,,,,,"",""
ball,1,14.2,Melbourne Stars,HWR Cartwright,BJ Webster,SA Abbott,0,0,,,,,,"",""
ball,1,14.3,Melbourne Stars,HWR Cartwright,BJ Webster,SA Abbott,4,0,,,,,,"",""
ball,1,14.4,Melbourne Stars,HWR Cartwright,BJ Webster,SA Abbott,0,0,,,,,,"",""
ball,1,14.5,Melbourne Stars,HWR Cartwright,BJ Webster,SA Abbott,1,0,,,,,,"",""
ball,1,14.6,Melbourne Stars,BJ Webster,HWR Cartwright,SA Abbott,1,0,,,,,,"",""
ball,1,15.1,Melbourne Stars,BJ Webster,HWR Cartwright,DT Christian,2,0,,,,,,"",""
ball,1,15.2,Melbourne Stars,BJ Webster,HWR Cartwright,DT Christian,1,0,,,,,,"",""
ball,1,15.3,Melbourne Stars,HWR Cartwright,BJ Webster,DT Christian,1,0,,,,,,"",""
ball,1,15.4,Melbourne Stars,BJ Webster,HWR Cartwright,DT Christian,4,0,,,,,,"",""
ball,1,15.5,Melbourne Stars,BJ Webster,HWR Cartwright,DT Christian,1,0,,,,,,"",""
ball,1,15.6,Melbourne Stars,HWR Cartwright,BJ Webster,DT Christian,0,0,,,,,,"",""
ball,1,16.1,Melbourne Stars,BJ Webster,HWR Cartwright,JM Bird,3,0,,,,,,"",""
ball,1,16.2,Melbourne Stars,HWR Cartwright,BJ Webster,JM Bird,1,0,,,,,,"",""
ball,1,16.3,Melbourne Stars,BJ Webster,HWR Cartwright,JM Bird,4,0,,,,,,"",""
ball,1,16.4,Melbourne Stars,BJ Webster,HWR Cartwright,JM Bird,0,0,,,,,,"",""
ball,1,16.5,Melbourne Stars,BJ Webster,HWR Cartwright,JM Bird,6,0,,,,,,"",""
ball,1,16.6,Melbourne Stars,BJ Webster,HWR Cartwright,JM Bird,1,0,,,,,,"",""
ball,1,17.1,Melbourne Stars,BJ Webster,HWR Cartwright,H Kerr,1,0,,,,,,"",""
ball,1,17.2,Melbourne Stars,HWR Cartwright,BJ Webster,H Kerr,1,0,,,,,,"",""
ball,1,17.3,Melbourne Stars,BJ Webster,HWR Cartwright,H Kerr,1,0,,,,,,"",""
ball,1,17.4,Melbourne Stars,HWR Cartwright,BJ Webster,H Kerr,2,0,,,,,,"",""
ball,1,17.5,Melbourne Stars,HWR Cartwright,BJ Webster,H Kerr,0,0,,,,,,"",""
ball,1,17.6,Melbourne Stars,HWR Cartwright,BJ Webster,H Kerr,4,0,,,,,,"",""
ball,1,18.1,Melbourne Stars,BJ Webster,HWR Cartwright,SA Abbott,0,1,1,,,,,"",""
ball,1,18.2,Melbourne Stars,BJ Webster,HWR Cartwright,SA Abbott,1,0,,,,,,"",""
ball,1,18.3,Melbourne Stars,HWR Cartwright,BJ Webster,SA Abbott,1,0,,,,,,"",""
ball,1,18.4,Melbourne Stars,BJ Webster,HWR Cartwright,SA Abbott,0,1,,,,1,,"",""
ball,1,18.5,Melbourne Stars,HWR Cartwright,BJ Webster,SA Abbott,1,0,,,,,,"",""
ball,1,18.6,Melbourne Stars,BJ Webster,HWR Cartwright,SA Abbott,6,0,,,,,,"",""
ball,1,18.7,Melbourne Stars,BJ Webster,HWR Cartwright,SA Abbott,1,0,,,,,,"",""
ball,1,19.1,Melbourne Stars,BJ Webster,HWR Cartwright,H Kerr,0,0,,,,,,caught,BJ Webster
ball,1,19.2,Melbourne Stars,C Kellaway,HWR Cartwright,H Kerr,0,1,,,,1,,"",""
ball,1,19.3,Melbourne Stars,HWR Cartwright,C Kellaway,H Kerr,0,0,,,,,,"",""
ball,1,19.4,Melbourne Stars,HWR Cartwright,C Kellaway,H Kerr,1,0,,,,,,"",""
ball,1,19.5,Melbourne Stars,C Kellaway,HWR Cartwright,H Kerr,0,1,1,,,,,"",""
ball,1,19.6,Melbourne Stars,C Kellaway,HWR Cartwright,H Kerr,1,0,,,,,,"",""
ball,1,19.7,Melbourne Stars,HWR Cartwright,C Kellaway,H Kerr,2,0,,,,,,"",""
ball,2,0.1,Sydney Sixers,KR Patterson,JR Philippe,TA Boult,1,0,,,,,,"",""
ball,2,0.2,Sydney Sixers,JR Philippe,KR Patterson,TA Boult,1,0,,,,,,"",""
ball,2,0.3,Sydney Sixers,KR Patterson,JR Philippe,TA Boult,1,0,,,,,,"",""
ball,2,0.4,Sydney Sixers,JR Philippe,KR Patterson,TA Boult,0,0,,,,,,"",""
ball,2,0.5,Sydney Sixers,JR Philippe,KR Patterson,TA Boult,0,0,,,,,,"",""
ball,2,0.6,Sydney Sixers,JR Philippe,KR Patterson,TA Boult,0,0,,,,,,"",""
ball,2,1.1,Sydney Sixers,KR Patterson,JR Philippe,L Wood,0,0,,,,,,"",""
ball,2,1.2,Sydney Sixers,KR Patterson,JR Philippe,L Wood,1,0,,,,,,"",""
ball,2,1.3,Sydney Sixers,JR Philippe,KR Patterson,L Wood,0,0,,,,,,bowled,JR Philippe
ball,2,1.4,Sydney Sixers,JM Vince,KR Patterson,L Wood,0,0,,,,,,"",""
ball,2,1.5,Sydney Sixers,JM Vince,KR Patterson,L Wood,0,1,,,,1,,"",""
ball,2,1.6,Sydney Sixers,KR Patterson,JM Vince,L Wood,2,0,,,,,,"",""
ball,2,2.1,Sydney Sixers,JM Vince,KR Patterson,TA Boult,6,0,,,,,,"",""
ball,2,2.2,Sydney Sixers,JM Vince,KR Patterson,TA Boult,1,0,,,,,,"",""
ball,2,2.3,Sydney Sixers,KR Patterson,JM Vince,TA Boult,4,0,,,,,,"",""
ball,2,2.4,Sydney Sixers,KR Patterson,JM Vince,TA Boult,2,0,,,,,,"",""
ball,2,2.5,Sydney Sixers,KR Patterson,JM Vince,TA Boult,0,0,,,,,,"",""
ball,2,2.6,Sydney Sixers,KR Patterson,JM Vince,TA Boult,0,0,,,,,,"",""
ball,2,3.1,Sydney Sixers,JM Vince,KR Patterson,L Wood,0,0,,,,,,"",""
ball,2,3.2,Sydney Sixers,JM Vince,KR Patterson,L Wood,0,0,,,,,,"",""
ball,2,3.3,Sydney Sixers,JM Vince,KR Patterson,L Wood,0,0,,,,,,"",""
ball,2,3.4,Sydney Sixers,JM Vince,KR Patterson,L Wood,1,0,,,,,,"",""
ball,2,3.5,Sydney Sixers,KR Patterson,JM Vince,L Wood,0,0,,,,,,"",""
ball,2,3.6,Sydney Sixers,KR Patterson,JM Vince,L Wood,4,0,,,,,,"",""
ball,2,4.1,Sydney Sixers,JM Vince,KR Patterson,A Zampa,1,0,,,,,,"",""
ball,2,4.2,Sydney Sixers,KR Patterson,JM Vince,A Zampa,0,0,,,,,,"",""
ball,2,4.3,Sydney Sixers,KR Patterson,JM Vince,A Zampa,1,0,,,,,,"",""
ball,2,4.4,Sydney Sixers,JM Vince,KR Patterson,A Zampa,0,0,,,,,,"",""
ball,2,4.5,Sydney Sixers,JM Vince,KR Patterson,A Zampa,4,0,,,,,,"",""
ball,2,4.6,Sydney Sixers,JM Vince,KR Patterson,A Zampa,1,0,,,,,,"",""
ball,2,5.1,Sydney Sixers,JM Vince,KR Patterson,LC Hatcher,1,0,,,,,,"",""
ball,2,5.2,Sydney Sixers,KR Patterson,JM Vince,LC Hatcher,1,0,,,,,,"",""
ball,2,5.3,Sydney Sixers,JM Vince,KR Patterson,LC Hatcher,2,0,,,,,,"",""
ball,2,5.4,Sydney Sixers,JM Vince,KR Patterson,LC Hatcher,0,0,,,,,,"",""
ball,2,5.5,Sydney Sixers,JM Vince,KR Patterson,LC Hatcher,2,0,,,,,,"",""
ball,2,5.6,Sydney Sixers,JM Vince,KR Patterson,LC Hatcher,0,1,,,,1,,"",""
ball,2,6.1,Sydney Sixers,JM Vince,KR Patterson,BJ Webster,0,0,,,,,,"",""
ball,2,6.2,Sydney Sixers,JM Vince,KR Patterson,BJ Webster,4,0,,,,,,"",""
ball,2,6.3,Sydney Sixers,JM Vince,KR Patterson,BJ Webster,0,0,,,,,,"",""
ball,2,6.4,Sydney Sixers,JM Vince,KR Patterson,BJ Webster,2,0,,,,,,"",""
ball,2,6.5,Sydney Sixers,JM Vince,KR Patterson,BJ Webster,1,0,,,,,,"",""
ball,2,6.6,Sydney Sixers,KR Patterson,JM Vince,BJ Webster,1,0,,,,,,"",""
ball,2,7.1,Sydney Sixers,KR Patterson,JM Vince,LC Hatcher,1,0,,,,,,"",""
ball,2,7.2,Sydney Sixers,JM Vince,KR Patterson,LC Hatcher,0,1,,,,1,,"",""
ball,2,7.3,Sydney Sixers,KR Patterson,JM Vince,LC Hatcher,0,0,,,,,,"",""
ball,2,7.4,Sydney Sixers,KR Patterson,JM Vince,LC Hatcher,3,0,,,,,,"",""
ball,2,7.5,Sydney Sixers,JM Vince,KR Patterson,LC Hatcher,4,0,,,,,,"",""
ball,2,7.6,Sydney Sixers,JM Vince,KR Patterson,LC Hatcher,1,0,,,,,,"",""
ball,2,8.1,Sydney Sixers,JM Vince,KR Patterson,A Zampa,1,0,,,,,,"",""
ball,2,8.2,Sydney Sixers,KR Patterson,JM Vince,A Zampa,1,0,,,,,,"",""
ball,2,8.3,Sydney Sixers,JM Vince,KR Patterson,A Zampa,1,0,,,,,,"",""
ball,2,8.4,Sydney Sixers,KR Patterson,JM Vince,A Zampa,1,0,,,,,,"",""
ball,2,8.5,Sydney Sixers,JM Vince,KR Patterson,A Zampa,0,0,,,,,,caught,JM Vince
ball,2,8.6,Sydney Sixers,MC Henriques,KR Patterson,A Zampa,1,0,,,,,,"",""
ball,2,9.1,Sydney Sixers,MC Henriques,KR Patterson,BJ Webster,0,0,,,,,,"",""
ball,2,9.2,Sydney Sixers,MC Henriques,KR Patterson,BJ Webster,1,0,,,,,,"",""
ball,2,9.3,Sydney Sixers,KR Patterson,MC Henriques,BJ Webster,0,0,,,,,,bowled,KR Patterson
ball,2,9.4,Sydney Sixers,JC Silk,MC Henriques,BJ Webster,0,0,,,,,,"",""
ball,2,9.5,Sydney Sixers,JC Silk,MC Henriques,BJ Webster,0,0,,,,,,"",""
ball,2,9.6,Sydney Sixers,JC Silk,MC Henriques,BJ Webster,0,0,,,,,,"",""
ball,2,10.1,Sydney Sixers,MC Henriques,JC Silk,A Zampa,1,0,,,,,,"",""
ball,2,10.2,Sydney Sixers,JC Silk,MC Henriques,A Zampa,0,0,,,,,,"",""
ball,2,10.3,Sydney Sixers,JC Silk,MC Henriques,A Zampa,1,0,,,,,,"",""
ball,2,10.4,Sydney Sixers,MC Henriques,JC Silk,A Zampa,1,0,,,,,,"",""
ball,2,10.5,Sydney Sixers,JC Silk,MC Henriques,A Zampa,0,0,,,,,,"",""
ball,2,10.6,Sydney Sixers,JC Silk,MC Henriques,A Zampa,0,0,,,,,,"",""
ball,2,11.1,Sydney Sixers,MC Henriques,JC Silk,BJ Webster,0,0,,,,,,"",""
ball,2,11.2,Sydney Sixers,MC Henriques,JC Silk,BJ Webster,0,1,1,,,,,"",""
ball,2,11.3,Sydney Sixers,MC Henriques,JC Silk,BJ Webster,0,1,,1,,,,"",""
ball,2,11.4,Sydney Sixers,MC Henriques,JC Silk,BJ Webster,2,0,,,,,,"",""
ball,2,11.5,Sydney Sixers,MC Henriques,JC Silk,BJ Webster,4,0,,,,,,"",""
ball,2,11.6,Sydney Sixers,MC Henriques,JC Silk,BJ Webster,1,0,,,,,,"",""
ball,2,11.7,Sydney Sixers,JC Silk,MC Henriques,BJ Webster,1,0,,,,,,"",""
ball,2,11.8,Sydney Sixers,MC Henriques,JC Silk,BJ Webster,4,0,,,,,,"",""
ball,2,12.1,Sydney Sixers,JC Silk,MC Henriques,TA Boult,0,0,,,,,,"",""
ball,2,12.2,Sydney Sixers,JC Silk,MC Henriques,TA Boult,1,0,,,,,,"",""
ball,2,12.3,Sydney Sixers,MC Henriques,JC Silk,TA Boult,1,0,,,,,,"",""
ball,2,12.4,Sydney Sixers,JC Silk,MC Henriques,TA Boult,1,0,,,,,,"",""
ball,2,12.5,Sydney Sixers,MC Henriques,JC Silk,TA Boult,1,0,,,,,,"",""
ball,2,12.6,Sydney Sixers,JC Silk,MC Henriques,TA Boult,2,0,,,,,,"",""
ball,2,13.1,Sydney Sixers,MC Henriques,JC Silk,LC Hatcher,2,0,,,,,,"",""
ball,2,13.2,Sydney Sixers,MC Henriques,JC Silk,LC Hatcher,1,0,,,,,,"",""
ball,2,13.3,Sydney Sixers,JC Silk,MC Henriques,LC Hatcher,1,0,,,,,,"",""
ball,2,13.4,Sydney Sixers,MC Henriques,JC Silk,LC Hatcher,4,0,,,,,,"",""
ball,2,13.5,Sydney Sixers,MC Henriques,JC Silk,LC Hatcher,0,1,1,,,,,"",""
ball,2,13.6,Sydney Sixers,MC Henriques,JC Silk,LC Hatcher,2,0,,,,,,"",""
ball,2,13.7,Sydney Sixers,MC Henriques,JC Silk,LC Hatcher,1,0,,,,,,"",""
ball,2,14.1,Sydney Sixers,MC Henriques,JC Silk,A Zampa,2,0,,,,,,"",""
ball,2,14.2,Sydney Sixers,MC Henriques,JC Silk,A Zampa,1,0,,,,,,"",""
ball,2,14.3,Sydney Sixers,JC Silk,MC Henriques,A Zampa,1,0,,,,,,"",""
ball,2,14.4,Sydney Sixers,MC Henriques,JC Silk,A Zampa,0,4,,,4,,,"",""
ball,2,14.5,Sydney Sixers,MC Henriques,JC Silk,A Zampa,1,0,,,,,,"",""
ball,2,14.6,Sydney Sixers,JC Silk,MC Henriques,A Zampa,1,0,,,,,,"",""
ball,2,15.1,Sydney Sixers,JC Silk,MC Henriques,L Wood,1,0,,,,,,"",""
ball,2,15.2,Sydney Sixers,MC Henriques,JC Silk,L Wood,1,0,,,,,,"",""
ball,2,15.3,Sydney Sixers,JC Silk,MC Henriques,L Wood,1,0,,,,,,"",""
ball,2,15.4,Sydney Sixers,MC Henriques,JC Silk,L Wood,1,0,,,,,,"",""
ball,2,15.5,Sydney Sixers,JC Silk,MC Henriques,L Wood,4,0,,,,,,"",""
ball,2,15.6,Sydney Sixers,JC Silk,MC Henriques,L Wood,1,0,,,,,,"",""
ball,2,16.1,Sydney Sixers,JC Silk,MC Henriques,LC Hatcher,0,0,,,,,,"",""
ball,2,16.2,Sydney Sixers,JC Silk,MC Henriques,LC Hatcher,0,0,,,,,,"",""
ball,2,16.3,Sydney Sixers,JC Silk,MC Henriques,LC Hatcher,2,0,,,,,,"",""
ball,2,16.4,Sydney Sixers,JC Silk,MC Henriques,LC Hatcher,1,0,,,,,,"",""
ball,2,16.5,Sydney Sixers,MC Henriques,JC Silk,LC Hatcher,6,0,,,,,,"",""
ball,2,16.6,Sydney Sixers,MC Henriques,JC Silk,LC Hatcher,1,0,,,,,,"",""
ball,2,17.1,Sydney Sixers,MC Henriques,JC Silk,L Wood,0,1,,,,1,,"",""
ball,2,17.2,Sydney Sixers,JC Silk,MC Henriques,L Wood,3,0,,,,,,"",""
ball,2,17.3,Sydney Sixers,MC Henriques,JC Silk,L Wood,1,0,,,,,,"",""
ball,2,17.4,Sydney Sixers,JC Silk,MC Henriques,L Wood,1,0,,,,,,"",""
ball,2,17.5,Sydney Sixers,MC Henriques,JC Silk,L Wood,0,0,,,,,,"",""
ball,2,17.6,Sydney Sixers,MC Henriques,JC Silk,L Wood,4,0,,,,,,"",""
ball,2,18.1,Sydney Sixers,JC Silk,MC Henriques,TA Boult,2,0,,,,,,"",""
ball,2,18.2,Sydney Sixers,JC Silk,MC Henriques,TA Boult,1,0,,,,,,"",""
ball,2,18.3,Sydney Sixers,MC Henriques,JC Silk,TA Boult,6,0,,,,,,"",""
ball,2,18.4,Sydney Sixers,MC Henriques,JC Silk,TA Boult,1,0,,,,,,"",""
ball,2,18.5,Sydney Sixers,JC Silk,MC Henriques,TA Boult,2,0,,,,,,"",""
ball,2,18.6,Sydney Sixers,JC Silk,MC Henriques,TA Boult,1,0,,,,,,"",""
ball,2,19.1,Sydney Sixers,JC Silk,MC Henriques,BJ Webster,1,0,,,,,,"",""
