version,1.7.0
info,balls_per_over,6
info,team,Melbourne Stars
info,team,Sydney Sixers
info,gender,male
info,season,2022/23
info,date,2023/01/06
info,event,Big Bash League
info,match_number,31
info,venue,Melbourne Cricket Ground
info,city,Melbourne
info,toss_winner,Sydney Sixers
info,toss_decision,field
info,player_of_match,JM Vince
info,umpire,MW Graham-Smith
info,umpire,SAJ Craig
info,reserve_umpire,Mattis van Eck
info,tv_umpire,PJ Gillespie
info,match_referee,Dave Gilbert
info,winner,Sydney Sixers
info,winner_wickets,6
info,player,Melbourne Stars,JM Clarke
info,player,Melbourne Stars,TF Rogers
info,player,Melbourne Stars,HWR Cartwright
info,player,Melbourne Stars,MP Stoinis
info,player,Melbourne Stars,BJ Webster
info,player,Melbourne Stars,NCR Larkin
info,player,Melbourne Stars,C Kellaway
info,player,Melbourne Stars,NM Coulter-Nile
info,player,Melbourne Stars,L Wood
info,player,Melbourne Stars,TA Boult
info,player,Melbourne Stars,A Zampa
info,player,Sydney Sixers,JR Philippe
info,player,Sydney Sixers,JM Vince
info,player,Sydney Sixers,DP Hughes
info,player,Sydney Sixers,MC Henriques
info,player,Sydney Sixers,JC Silk
info,player,Sydney Sixers,DT Christian
info,player,Sydney Sixers,H Kerr
info,player,Sydney Sixers,SA Abbott
info,player,Sydney Sixers,CJ Jordan
info,player,Sydney Sixers,T Murphy
info,player,Sydney Sixers,Izharulhaq Naveed
info,registry,people,A Zampa,14f96089
info,registry,people,BJ Webster,56b93d46
info,registry,people,C Kellaway,60c28835
info,registry,people,CJ Jordan,ffe699c0
info,registry,people,DP Hughes,f3982af9
info,registry,people,DT Christian,2a2e6343
info,registry,people,Dave Gilbert,aa782370
info,registry,people,H Kerr,f422728b
info,registry,people,HWR Cartwright,ab965cad
info,registry,people,Izharulhaq Naveed,2cbdd22f
info,registry,people,JC Silk,7a6dc294
info,registry,people,JM Clarke,2eca67f5
info,registry,people,JM Vince,a15618fe
info,registry,people,JR Philippe,39086549
info,registry,people,L Wood,65b6943c
info,registry,people,MC Henriques,32198ae0
info,registry,people,MP Stoinis,d9273ee7
info,registry,people,MW Graham-Smith,18aca3ce
info,registry,people,Mattis van Eck,bf1a68c1
info,registry,people,NCR Larkin,02bce9a8
info,registry,people,NM Coulter-Nile,56ab442f
info,registry,people,PJ Gillespie,3e253a50
info,registry,people,SA Abbott,1a2676c5
info,registry,people,SAJ Craig,689f2eed
info,registry,people,T Murphy,ac2e7ec0
info,registry,people,TA Boult,a818c1be
info,registry,people,TF Rogers,7f232d46
ball,1,0.1,Melbourne Stars,JM Clarke,TF Rogers,SA Abbott,0,0,,,,,,"",""
ball,1,0.2,Melbourne Stars,JM Clarke,TF Rogers,SA Abbott,2,0,,,,,,"",""
ball,1,0.3,Melbourne Stars,JM Clarke,TF Rogers,SA Abbott,0,0,,,,,,"",""
ball,1,0.4,Melbourne Stars,JM Clarke,TF Rogers,SA Abbott,0,0,,,,,,"",""
ball,1,0.5,Melbourne Stars,JM Clarke,TF Rogers,SA Abbott,4,0,,,,,,"",""
ball,1,0.6,Melbourne Stars,JM Clarke,TF Rogers,SA Abbott,0,0,,,,,,"",""
ball,1,1.1,Melbourne Stars,TF Rogers,JM Clarke,T Murphy,1,0,,,,,,"",""
ball,1,1.2,Melbourne Stars,JM Clarke,TF Rogers,T Murphy,1,0,,,,,,"",""
ball,1,1.3,Melbourne Stars,TF Rogers,JM Clarke,T Murphy,6,0,,,,,,"",""
ball,1,1.4,Melbourne Stars,TF Rogers,JM Clarke,T Murphy,0,0,,,,,,"",""
ball,1,1.5,Melbourne Stars,TF Rogers,JM Clarke,T Murphy,1,0,,,,,,"",""
ball,1,1.6,Melbourne Stars,JM Clarke,TF Rogers,T Murphy,1,0,,,,,,"",""
ball,1,2.1,Melbourne Stars,JM Clarke,TF Rogers,H Kerr,1,0,,,,,,"",""
ball,1,2.2,Melbourne Stars,TF Rogers,JM Clarke,H Kerr,0,0,,,,,,"",""
ball,1,2.3,Melbourne Stars,TF Rogers,JM Clarke,H Kerr,4,0,,,,,,"",""
ball,1,2.4,Melbourne Stars,TF Rogers,JM Clarke,H Kerr,1,0,,,,,,"",""
ball,1,2.5,Melbourne Stars,JM Clarke,TF Rogers,H Kerr,0,0,,,,,,"",""
ball,1,2.6,Melbourne Stars,JM Clarke,TF Rogers,H Kerr,0,0,,,,,,"",""
ball,1,3.1,Melbourne Stars,TF Rogers,JM Clarke,SA Abbott,1,0,,,,,,"",""
ball,1,3.2,Melbourne Stars,JM Clarke,TF Rogers,SA Abbott,1,0,,,,,,"",""
ball,1,3.3,Melbourne Stars,TF Rogers,JM Clarke,SA Abbott,6,0,,,,,,"",""
ball,1,3.4,Melbourne Stars,TF Rogers,JM Clarke,SA Abbott,1,0,,,,,,"",""
ball,1,3.5,Melbourne Stars,JM Clarke,TF Rogers,SA Abbott,1,0,,,,,,"",""
ball,1,3.6,Melbourne Stars,TF Rogers,JM Clarke,SA Abbott,0,0,,,,,,"",""
ball,1,4.1,Melbourne Stars,JM Clarke,TF Rogers,Izharulhaq Naveed,1,0,,,,,,"",""
ball,1,4.2,Melbourne Stars,TF Rogers,JM Clarke,Izharulhaq Naveed,1,0,,,,,,"",""
ball,1,4.3,Melbourne Stars,JM Clarke,TF Rogers,Izharulhaq Naveed,0,0,,,,,,caught,JM Clarke
ball,1,4.4,Melbourne Stars,HWR Cartwright,TF Rogers,Izharulhaq Naveed,1,0,,,,,,"",""
ball,1,4.5,Melbourne Stars,TF Rogers,HWR Cartwright,Izharulhaq Naveed,1,0,,,,,,"",""
ball,1,4.6,Melbourne Stars,HWR Cartwright,TF Rogers,Izharulhaq Naveed,1,0,,,,,,"",""
ball,1,5.1,Melbourne Stars,HWR Cartwright,TF Rogers,DT Christian,3,0,,,,,,"",""
ball,1,5.2,Melbourne Stars,TF Rogers,HWR Cartwright,DT Christian,0,0,,,,,,"",""
ball,1,5.3,Melbourne Stars,TF Rogers,HWR Cartwright,DT Christian,1,0,,,,,,"",""
ball,1,5.4,Melbourne Stars,HWR Cartwright,TF Rogers,DT Christian,4,0,,,,,,"",""
ball,1,5.5,Melbourne Stars,HWR Cartwright,TF Rogers,DT Christian,0,1,1,,,,,"",""
ball,1,5.6,Melbourne Stars,HWR Cartwright,TF Rogers,DT Christian,1,0,,,,,,"",""
ball,1,5.7,Melbourne Stars,TF Rogers,HWR Cartwright,DT Christian,1,0,,,,,,"",""
ball,1,6.1,Melbourne Stars,TF Rogers,HWR Cartwright,Izharulhaq Naveed,2,0,,,,,,"",""
ball,1,6.2,Melbourne Stars,TF Rogers,HWR Cartwright,Izharulhaq Naveed,2,0,,,,,,"",""
ball,1,6.3,Melbourne Stars,TF Rogers,HWR Cartwright,Izharulhaq Naveed,0,0,,,,,,"",""
ball,1,6.4,Melbourne Stars,TF Rogers,HWR Cartwright,Izharulhaq Naveed,1,0,,,,,,"",""
ball,1,6.5,Melbourne Stars,HWR Cartwright,TF Rogers,Izharulhaq Naveed,0,1,1,,,,,"",""
ball,1,6.6,Melbourne Stars,HWR Cartwright,TF Rogers,Izharulhaq Naveed,0,0,,,,,,"",""
ball,1,6.7,Melbourne Stars,HWR Cartwright,TF Rogers,Izharulhaq Naveed,6,0,,,,,,"",""
ball,1,7.1,Melbourne Stars,TF Rogers,HWR Cartwright,T Murphy,1,0,,,,,,"",""
ball,1,7.2,Melbourne Stars,HWR Cartwright,TF Rogers,T Murphy,0,1,,,,1,,"",""
ball,1,7.3,Melbourne Stars,TF Rogers,HWR Cartwright,T Murphy,1,0,,,,,,"",""
ball,1,7.4,Melbourne Stars,HWR Cartwright,TF Rogers,T Murphy,0,0,,,,,,"",""
ball,1,7.5,Melbourne Stars,HWR Cartwright,TF Rogers,T Murphy,1,0,,,,,,"",""
ball,1,7.6,Melbourne Stars,TF Rogers,HWR Cartwright,T Murphy,1,0,,,,,,"",""
ball,1,8.1,Melbourne Stars,TF Rogers,HWR Cartwright,CJ Jordan,0,1,1,,,,,"",""
ball,1,8.2,Melbourne Stars,TF Rogers,HWR Cartwright,CJ Jordan,1,0,,,,,,"",""
ball,1,8.3,Melbourne Stars,HWR Cartwright,TF Rogers,CJ Jordan,0,0,,,,,,"",""
ball,1,8.4,Melbourne Stars,HWR Cartwright,TF Rogers,CJ Jordan,0,0,,,,,,"",""
ball,1,8.5,Melbourne Stars,HWR Cartwright,TF Rogers,CJ Jordan,1,0,,,,,,"",""
ball,1,8.6,Melbourne Stars,TF Rogers,HWR Cartwright,CJ Jordan,0,1,1,,,,,"",""
ball,1,8.7,Melbourne Stars,TF Rogers,HWR Cartwright,CJ Jordan,4,0,,,,,,"",""
ball,1,8.8,Melbourne Stars,TF Rogers,HWR Cartwright,CJ Jordan,1,0,,,,,,"",""
ball,1,9.1,Melbourne Stars,TF Rogers,HWR Cartwright,H Kerr,1,0,,,,,,"",""
ball,1,9.2,Melbourne Stars,HWR Cartwright,TF Rogers,H Kerr,1,0,,,,,,"",""
ball,1,9.3,Melbourne Stars,TF Rogers,HWR Cartwright,H Kerr,4,0,,,,,,"",""
ball,1,9.4,Melbourne Stars,TF Rogers,HWR Cartwright,H Kerr,1,0,,,,,,"",""
ball,1,9.5,Melbourne Stars,HWR Cartwright,TF Rogers,H Kerr,1,0,,,,,,"",""
ball,1,9.6,Melbourne Stars,TF Rogers,HWR Cartwright,H Kerr,1,0,,,,,,"",""
ball,1,10.1,Melbourne Stars,TF Rogers,HWR Cartwright,Izharulhaq Naveed,1,0,,,,,,"",""
ball,1,10.2,Melbourne Stars,HWR Cartwright,TF Rogers,Izharulhaq Naveed,0,0,,,,,,"",""
ball,1,10.3,Melbourne Stars,HWR Cartwright,TF Rogers,Izharulhaq Naveed,0,0,,,,,,"",""
ball,1,10.4,Melbourne Stars,HWR Cartwright,TF Rogers,Izharulhaq Naveed,2,0,,,,,,"",""
ball,1,10.5,Melbourne Stars,HWR Cartwright,TF Rogers,Izharulhaq Naveed,0,0,,,,,,"",""
ball,1,10.6,Melbourne Stars,HWR Cartwright,TF Rogers,Izharulhaq Naveed,4,0,,,,,,"",""
ball,1,11.1,Melbourne Stars,TF Rogers,HWR Cartwright,T Murphy,1,0,,,,,,"",""
ball,1,11.2,Melbourne Stars,HWR Cartwright,TF Rogers,T Murphy,0,0,,,,,,"",""
ball,1,11.3,Melbourne Stars,HWR Cartwright,TF Rogers,T Murphy,2,0,,,,,,"",""
ball,1,11.4,Melbourne Stars,HWR Cartwright,TF Rogers,T Murphy,1,0,,,,,,"",""
ball,1,11.5,Melbourne Stars,TF Rogers,HWR Cartwright,T Murphy,0,0,,,,,,caught,TF Rogers
ball,1,11.6,Melbourne Stars,MP Stoinis,HWR Cartwright,T Murphy,1,0,,,,,,"",""
ball,1,12.1,Melbourne Stars,MP Stoinis,HWR Cartwright,CJ Jordan,0,1,1,,,,,"",""
ball,1,12.2,Melbourne Stars,MP Stoinis,HWR Cartwright,CJ Jordan,0,0,,,,,,"",""
ball,1,12.3,Melbourne Stars,MP Stoinis,HWR Cartwright,CJ Jordan,1,0,,,,,,"",""
ball,1,12.4,Melbourne Stars,HWR Cartwright,MP Stoinis,CJ Jordan,0,0,,,,,,"",""
ball,1,12.5,Melbourne Stars,HWR Cartwright,MP Stoinis,CJ Jordan,1,0,,,,,,"",""
ball,1,12.6,Melbourne Stars,MP Stoinis,HWR Cartwright,CJ Jordan,1,0,,,,,,"",""
ball,1,12.7,Melbourne Stars,HWR Cartwright,MP Stoinis,CJ Jordan,1,0,,,,,,"",""
ball,1,13.1,Melbourne Stars,HWR Cartwright,MP Stoinis,Izharulhaq Naveed,1,0,,,,,,"",""
ball,1,13.2,Melbourne Stars,MP Stoinis,HWR Cartwright,Izharulhaq Naveed,1,0,,,,,,"",""
ball,1,13.3,Melbourne Stars,HWR Cartwright,MP Stoinis,Izharulhaq Naveed,2,0,,,,,,"",""
ball,1,13.4,Melbourne Stars,HWR Cartwright,MP Stoinis,Izharulhaq Naveed,1,0,,,,,,"",""
ball,1,13.5,Melbourne Stars,MP Stoinis,HWR Cartwright,Izharulhaq Naveed,1,0,,,,,,"",""
ball,1,13.6,Melbourne Stars,HWR Cartwright,MP Stoinis,Izharulhaq Naveed,1,0,,,,,,"",""
ball,1,14.1,Melbourne Stars,HWR Cartwright,MP Stoinis,SA Abbott,0,0,,,,,,caught,HWR Cartwright
ball,1,14.2,Melbourne Stars,BJ Webster,MP Stoinis,SA Abbott,1,0,,,,,,"",""
ball,1,14.3,Melbourne Stars,MP Stoinis,BJ Webster,SA Abbott,1,0,,,,,,"",""
ball,1,14.4,Melbourne Stars,BJ Webster,MP Stoinis,SA Abbott,1,0,,,,,,"",""
ball,1,14.5,Melbourne Stars,MP Stoinis,BJ Webster,SA Abbott,4,0,,,,,,"",""
ball,1,14.6,Melbourne Stars,MP Stoinis,BJ Webster,SA Abbott,1,0,,,,,,"",""
ball,1,15.1,Melbourne Stars,MP Stoinis,BJ Webster,T Murphy,1,0,,,,,,"",""
ball,1,15.2,Melbourne Stars,BJ Webster,MP Stoinis,T Murphy,0,0,,,,,,"",""
ball,1,15.3,Melbourne Stars,BJ Webster,MP Stoinis,T Murphy,1,0,,,,,,"",""
ball,1,15.4,Melbourne Stars,MP Stoinis,BJ Webster,T Murphy,0,1,,,1,,,"",""
ball,1,15.5,Melbourne Stars,BJ Webster,MP Stoinis,T Murphy,1,0,,,,,,"",""
ball,1,15.6,Melbourne Stars,MP Stoinis,BJ Webster,T Murphy,0,0,,,,,,"",""
ball,1,16.1,Melbourne Stars,BJ Webster,MP Stoinis,CJ Jordan,0,1,1,,,,,"",""
ball,1,16.2,Melbourne Stars,BJ Webster,MP Stoinis,CJ Jordan,1,0,,,,,,"",""
ball,1,16.3,Melbourne Stars,MP Stoinis,BJ Webster,CJ Jordan,4,0,,,,,,"",""
ball,1,16.4,Melbourne Stars,MP Stoinis,BJ Webster,CJ Jordan,4,0,,,,,,"",""
ball,1,16.5,Melbourne Stars,MP Stoinis,BJ Webster,CJ Jordan,1,0,,,,,,"",""
ball,1,16.6,Melbourne Stars,BJ Webster,MP Stoinis,CJ Jordan,1,0,,,,,,"",""
ball,1,16.7,Melbourne Stars,MP Stoinis,BJ Webster,CJ Jordan,0,1,1,,,,,"",""
ball,1,16.8,Melbourne Stars,MP Stoinis,BJ Webster,CJ Jordan,4,0,,,,,,"",""
ball,1,17.1,Melbourne Stars,BJ Webster,MP Stoinis,H Kerr,1,0,,,,,,"",""
ball,1,17.2,Melbourne Stars,MP Stoinis,BJ Webster,H Kerr,4,0,,,,,,"",""
ball,1,17.3,Melbourne Stars,MP Stoinis,BJ Webster,H Kerr,0,1,1,,,,,"",""
ball,1,17.4,Melbourne Stars,MP Stoinis,BJ Webster,H Kerr,0,0,,,,,,"",""
ball,1,17.5,Melbourne Stars,MP Stoinis,BJ Webster,H Kerr,6,0,,,,,,"",""
ball,1,17.6,Melbourne Stars,MP Stoinis,BJ Webster,H Kerr,4,0,,,,,,"",""
ball,1,17.7,Melbourne Stars,MP Stoinis,BJ Webster,H Kerr,1,0,,,,,,"",""
ball,1,18.1,Melbourne Stars,MP Stoinis,BJ Webster,CJ Jordan,6,0,,,,,,"",""
ball,1,18.2,Melbourne Stars,MP Stoinis,BJ Webster,CJ Jordan,0,0,,,,,,"",""
ball,1,18.3,Melbourne Stars,MP Stoinis,BJ Webster,CJ Jordan,4,0,,,,,,"",""
ball,1,18.4,Melbourne Stars,MP Stoinis,BJ Webster,CJ Jordan,1,0,,,,,,"",""
ball,1,18.5,Melbourne Stars,BJ Webster,MP Stoinis,CJ Jordan,1,0,,,,,,"",""
ball,1,18.6,Melbourne Stars,MP Stoinis,BJ Webster,CJ Jordan,1,0,,,,,,"",""
ball,1,19.1,Melbourne Stars,MP Stoinis,BJ Webster,SA Abbott,0,0,,,,,,"",""
ball,1,19.2,Melbourne Stars,MP Stoinis,BJ Webster,SA Abbott,0,0,,,,,,caught,MP Stoinis
ball,1,19.3,Melbourne Stars,NCR Larkin,BJ Webster,SA Abbott,4,0,,,,,,"",""
ball,1,19.4,Melbourne Stars,NCR Larkin,BJ Webster,SA Abbott,1,0,,,,,,"",""
ball,1,19.5,Melbourne Stars,BJ Webster,NCR Larkin,SA Abbott,0,0,,,,,,caught,BJ Webster
ball,1,19.6,Melbourne Stars,C Kellaway,NCR Larkin,SA Abbott,2,0,,,,,,"",""
ball,2,0.1,Sydney Sixers,JR Philippe,JM Vince,TA Boult,4,0,,,,,,"",""
ball,2,0.2,Sydney Sixers,JR Philippe,JM Vince,TA Boult,0,0,,,,,,"",""
ball,2,0.3,Sydney Sixers,JR Philippe,JM Vince,TA Boult,1,0,,,,,,"",""
ball,2,0.4,Sydney Sixers,JM Vince,JR Philippe,TA Boult,4,0,,,,,,"",""
ball,2,0.5,Sydney Sixers,JM Vince,JR Philippe,TA Boult,1,0,,,,,,"",""
ball,2,0.6,Sydney Sixers,JR Philippe,JM Vince,TA Boult,0,0,,,,,,"",""
ball,2,1.1,Sydney Sixers,JM Vince,JR Philippe,L Wood,0,0,,,,,,"",""
ball,2,1.2,Sydney Sixers,JM Vince,JR Philippe,L Wood,4,0,,,,,,"",""
ball,2,1.3,Sydney Sixers,JM Vince,JR Philippe,L Wood,0,1,1,,,,,"",""
ball,2,1.4,Sydney Sixers,JM Vince,JR Philippe,L Wood,4,0,,,,,,"",""
ball,2,1.5,Sydney Sixers,JM Vince,JR Philippe,L Wood,0,0,,,,,,"",""
ball,2,1.6,Sydney Sixers,JM Vince,JR Philippe,L Wood,4,0,,,,,,"",""
ball,2,1.7,Sydney Sixers,JM Vince,JR Philippe,L Wood,1,0,,,,,,"",""
ball,2,2.1,Sydney Sixers,JM Vince,JR Philippe,TA Boult,0,0,,,,,,"",""
ball,2,2.2,Sydney Sixers,JM Vince,JR Philippe,TA Boult,2,0,,,,,,"",""
ball,2,2.3,Sydney Sixers,JM Vince,JR Philippe,TA Boult,1,0,,,,,,"",""
ball,2,2.4,Sydney Sixers,JR Philippe,JM Vince,TA Boult,0,0,,,,,,"",""
ball,2,2.5,Sydney Sixers,JR Philippe,JM Vince,TA Boult,1,0,,,,,,"",""
ball,2,2.6,Sydney Sixers,JM Vince,JR Philippe,TA Boult,1,0,,,,,,"",""
ball,2,3.1,Sydney Sixers,JM Vince,JR Philippe,L Wood,0,0,,,,,,"",""
ball,2,3.2,Sydney Sixers,JM Vince,JR Philippe,L Wood,1,0,,,,,,"",""
ball,2,3.3,Sydney Sixers,JR Philippe,JM Vince,L Wood,1,0,,,,,,"",""
ball,2,3.4,Sydney Sixers,JM Vince,JR Philippe,L Wood,2,0,,,,,,"",""
ball,2,3.5,Sydney Sixers,JM Vince,JR Philippe,L Wood,1,0,,,,,,"",""
ball,2,3.6,Sydney Sixers,JR Philippe,JM Vince,L Wood,1,0,,,,,,"",""
ball,2,4.1,Sydney Sixers,JR Philippe,JM Vince,C Kellaway,0,1,1,,,,,"",""
ball,2,4.2,Sydney Sixers,JR Philippe,JM Vince,C Kellaway,0,1,,,,1,,"",""
ball,2,4.3,Sydney Sixers,JM Vince,JR Philippe,C Kellaway,1,0,,,,,,"",""
ball,2,4.4,Sydney Sixers,JR Philippe,JM Vince,C Kellaway,1,0,,,,,,"",""
ball,2,4.5,Sydney Sixers,JM Vince,JR Philippe,C Kellaway,1,0,,,,,,"",""
ball,2,4.6,Sydney Sixers,JR Philippe,JM Vince,C Kellaway,1,0,,,,,,"",""
ball,2,4.7,Sydney Sixers,JM Vince,JR Philippe,C Kellaway,4,0,,,,,,"",""
ball,2,5.1,Sydney Sixers,JR Philippe,JM Vince,NM Coulter-Nile,0,0,,,,,,"",""
ball,2,5.2,Sydney Sixers,JR Philippe,JM Vince,NM Coulter-Nile,0,0,,,,,,caught,JR Philippe
ball,2,5.3,Sydney Sixers,DP Hughes,JM Vince,NM Coulter-Nile,0,0,,,,,,"",""
ball,2,5.4,Sydney Sixers,DP Hughes,JM Vince,NM Coulter-Nile,0,0,,,,,,"",""
ball,2,5.5,Sydney Sixers,DP Hughes,JM Vince,NM Coulter-Nile,1,0,,,,,,"",""
ball,2,5.6,Sydney Sixers,JM Vince,DP Hughes,NM Coulter-Nile,1,0,,,,,,"",""
ball,2,6.1,Sydney Sixers,JM Vince,DP Hughes,BJ Webster,2,0,,,,,,"",""
ball,2,6.2,Sydney Sixers,JM Vince,DP Hughes,BJ Webster,4,0,,,,,,"",""
ball,2,6.3,Sydney Sixers,JM Vince,DP Hughes,BJ Webster,0,0,,,,,,"",""
ball,2,6.4,Sydney Sixers,JM Vince,DP Hughes,BJ Webster,1,0,,,,,,"",""
ball,2,6.5,Sydney Sixers,DP Hughes,JM Vince,BJ Webster,2,0,,,,,,"",""
ball,2,6.6,Sydney Sixers,DP Hughes,JM Vince,BJ Webster,1,0,,,,,,"",""
ball,2,7.1,Sydney Sixers,DP Hughes,JM Vince,NM Coulter-Nile,1,0,,,,,,"",""
ball,2,7.2,Sydney Sixers,JM Vince,DP Hughes,NM Coulter-Nile,1,0,,,,,,"",""
ball,2,7.3,Sydney Sixers,DP Hughes,JM Vince,NM Coulter-Nile,1,0,,,,,,"",""
ball,2,7.4,Sydney Sixers,JM Vince,DP Hughes,NM Coulter-Nile,0,0,,,,,,"",""
ball,2,7.5,Sydney Sixers,JM Vince,DP Hughes,NM Coulter-Nile,1,0,,,,,,"",""
ball,2,7.6,Sydney Sixers,DP Hughes,JM Vince,NM Coulter-Nile,1,0,,,,,,"",""
ball,2,8.1,Sydney Sixers,DP Hughes,JM Vince,A Zampa,0,0,,,,,,"",""
ball,2,8.2,Sydney Sixers,DP Hughes,JM Vince,A Zampa,3,0,,,,,,"",""
ball,2,8.3,Sydney Sixers,JM Vince,DP Hughes,A Zampa,0,0,,,,,,"",""
ball,2,8.4,Sydney Sixers,JM Vince,DP Hughes,A Zampa,1,0,,,,,,"",""
ball,2,8.5,Sydney Sixers,DP Hughes,JM Vince,A Zampa,1,0,,,,,,"",""
ball,2,8.6,Sydney Sixers,JM Vince,DP Hughes,A Zampa,0,0,,,,,,"",""
ball,2,9.1,Sydney Sixers,DP Hughes,JM Vince,NM Coulter-Nile,1,0,,,,,,"",""
ball,2,9.2,Sydney Sixers,JM Vince,DP Hughes,NM Coulter-Nile,1,0,,,,,,"",""
ball,2,9.3,Sydney Sixers,DP Hughes,JM Vince,NM Coulter-Nile,1,0,,,,,,"",""
ball,2,9.4,Sydney Sixers,JM Vince,DP Hughes,NM Coulter-Nile,0,0,,,,,,"",""
ball,2,9.5,Sydney Sixers,JM Vince,DP Hughes,NM Coulter-Nile,4,0,,,,,,"",""
ball,2,9.6,Sydney Sixers,JM Vince,DP Hughes,NM Coulter-Nile,1,0,,,,,,"",""
ball,2,10.1,Sydney Sixers,JM Vince,DP Hughes,BJ Webster,1,0,,,,,,"",""
ball,2,10.2,Sydney Sixers,DP Hughes,JM Vince,BJ Webster,1,0,,,,,,"",""
ball,2,10.3,Sydney Sixers,JM Vince,DP Hughes,BJ Webster,1,0,,,,,,"",""
ball,2,10.4,Sydney Sixers,DP Hughes,JM Vince,BJ Webster,1,0,,,,,,"",""
ball,2,10.5,Sydney Sixers,JM Vince,DP Hughes,BJ Webster,1,0,,,,,,"",""
ball,2,10.6,Sydney Sixers,DP Hughes,JM Vince,BJ Webster,1,0,,,,,,"",""
ball,2,11.1,Sydney Sixers,DP Hughes,JM Vince,A Zampa,4,0,,,,,,"",""
ball,2,11.2,Sydney Sixers,DP Hughes,JM Vince,A Zampa,1,0,,,,,,"",""
ball,2,11.3,Sydney Sixers,JM Vince,DP Hughes,A Zampa,1,0,,,,,,"",""
ball,2,11.4,Sydney Sixers,DP Hughes,JM Vince,A Zampa,4,0,,,,,,"",""
ball,2,11.5,Sydney Sixers,DP Hughes,JM Vince,A Zampa,2,0,,,,,,"",""
ball,2,11.6,Sydney Sixers,DP Hughes,JM Vince,A Zampa,1,0,,,,,,"",""
ball,2,12.1,Sydney Sixers,DP Hughes,JM Vince,BJ Webster,0,0,,,,,,caught,DP Hughes
ball,2,12.2,Sydney Sixers,MC Henriques,JM Vince,BJ Webster,1,0,,,,,,"",""
ball,2,12.3,Sydney Sixers,JM Vince,MC Henriques,BJ Webster,1,0,,,,,,"",""
ball,2,12.4,Sydney Sixers,MC Henriques,JM Vince,BJ Webster,6,0,,,,,,"",""
ball,2,12.5,Sydney Sixers,MC Henriques,JM Vince,BJ Webster,1,0,,,,,,"",""
ball,2,12.6,Sydney Sixers,JM Vince,MC Henriques,BJ Webster,4,0,,,,,,"",""
ball,2,13.1,Sydney Sixers,MC Henriques,JM Vince,A Zampa,1,0,,,,,,"",""
ball,2,13.2,Sydney Sixers,JM Vince,MC Henriques,A Zampa,1,0,,,,,,"",""
ball,2,13.3,Sydney Sixers,MC Henriques,JM Vince,A Zampa,1,0,,,,,,"",""
ball,2,13.4,Sydney Sixers,JM Vince,MC Henriques,A Zampa,1,0,,,,,,"",""
ball,2,13.5,Sydney Sixers,MC Henriques,JM Vince,A Zampa,0,0,,,,,,"",""
ball,2,13.6,Sydney Sixers,MC Henriques,JM Vince,A Zampa,4,0,,,,,,"",""
ball,2,14.1,Sydney Sixers,JM Vince,MC Henriques,NM Coulter-Nile,1,0,,,,,,"",""
ball,2,14.2,Sydney Sixers,MC Henriques,JM Vince,NM Coulter-Nile,0,0,,,,,,"",""
ball,2,14.3,Sydney Sixers,MC Henriques,JM Vince,NM Coulter-Nile,0,0,,,,,,"",""
ball,2,14.4,Sydney Sixers,MC Henriques,JM Vince,NM Coulter-Nile,2,0,,,,,,"",""
ball,2,14.5,Sydney Sixers,MC Henriques,JM Vince,NM Coulter-Nile,1,0,,,,,,"",""
ball,2,14.6,Sydney Sixers,JM Vince,MC Henriques,NM Coulter-Nile,1,0,,,,,,"",""
ball,2,15.1,Sydney Sixers,JM Vince,MC Henriques,TA Boult,1,0,,,,,,"",""
ball,2,15.2,Sydney Sixers,MC Henriques,JM Vince,TA Boult,2,0,,,,,,"",""
ball,2,15.3,Sydney Sixers,MC Henriques,JM Vince,TA Boult,4,0,,,,,,"",""
ball,2,15.4,Sydney Sixers,MC Henriques,JM Vince,TA Boult,0,1,1,,,,,"",""
ball,2,15.5,Sydney Sixers,MC Henriques,JM Vince,TA Boult,0,0,,,,,,caught,MC Henriques
ball,2,15.6,Sydney Sixers,JC Silk,JM Vince,TA Boult,1,0,,,,,,"",""
ball,2,15.7,Sydney Sixers,JM Vince,JC Silk,TA Boult,1,0,,,,,,"",""
ball,2,16.1,Sydney Sixers,JM Vince,JC Silk,L Wood,1,0,,,,,,"",""
ball,2,16.2,Sydney Sixers,JC Silk,JM Vince,L Wood,0,0,,,,,,"",""
ball,2,16.3,Sydney Sixers,JC Silk,JM Vince,L Wood,4,0,,,,,,"",""
ball,2,16.4,Sydney Sixers,JC Silk,JM Vince,L Wood,2,0,,,,,,"",""
ball,2,16.5,Sydney Sixers,JC Silk,JM Vince,L Wood,0,0,,,,,,"",""
ball,2,16.6,Sydney Sixers,JC Silk,JM Vince,L Wood,1,0,,,,,,"",""
ball,2,17.1,Sydney Sixers,JC Silk,JM Vince,TA Boult,1,0,,,,,,"",""
ball,2,17.2,Sydney Sixers,JM Vince,JC Silk,TA Boult,0,0,,,,,,"",""
ball,2,17.3,Sydney Sixers,JM Vince,JC Silk,TA Boult,6,0,,,,,,"",""
ball,2,17.4,Sydney Sixers,JM Vince,JC Silk,TA Boult,6,0,,,,,,"",""
ball,2,17.5,Sydney Sixers,JM Vince,JC Silk,TA Boult,1,0,,,,,,"",""
ball,2,17.6,Sydney Sixers,JC Silk,JM Vince,TA Boult,0,0,,,,,,"",""
ball,2,18.1,Sydney Sixers,JM Vince,JC Silk,A Zampa,2,0,,,,,,"",""
ball,2,18.2,Sydney Sixers,JM Vince,JC Silk,A Zampa,4,0,,,,,,"",""
ball,2,18.3,Sydney Sixers,JM Vince,JC Silk,A Zampa,2,0,,,,,,"",""
ball,2,18.4,Sydney Sixers,JM Vince,JC Silk,A Zampa,0,0,,,,,,"",""
ball,2,18.5,Sydney Sixers,JM Vince,JC Silk,A Zampa,2,0,,,,,,"",""
ball,2,18.6,Sydney Sixers,JM Vince,JC Silk,A Zampa,0,1,,,,1,,"",""
ball,2,19.1,Sydney Sixers,JM Vince,JC Silk,L Wood,2,0,,,,,,"",""
ball,2,19.2,Sydney Sixers,JM Vince,JC Silk,L Wood,1,0,,,,,,"",""
ball,2,19.3,Sydney Sixers,JC Silk,JM Vince,L Wood,6,0,,,,,,"",""
ball,2,19.4,Sydney Sixers,JC Silk,JM Vince,L Wood,0,0,,,,,,caught,JC Silk
ball,2,19.5,Sydney Sixers,DT Christian,JM Vince,L Wood,4,0,,,,,,"",""
