version,1.7.0
info,balls_per_over,6
info,team,Sydney Sixers
info,team,Hobart Hurricanes
info,gender,male
info,season,2022/23
info,date,2022/12/22
info,event,Big Bash League
info,match_number,11
info,venue,Sydney Cricket Ground
info,city,Sydney
info,toss_winner,Sydney Sixers
info,toss_decision,bat
info,player_of_match,JR Philippe
info,umpire,CA Polosak
info,umpire,MW Graham-Smith
info,reserve_umpire,Troy Penman
info,tv_umpire,BC Treloar
info,match_referee,RW Stratford
info,winner,Sydney Sixers
info,winner_runs,6
info,player,Sydney Sixers,KR Patterson
info,player,Sydney Sixers,JR Philippe
info,player,Sydney Sixers,JM Vince
info,player,Sydney Sixers,MC Henriques
info,player,Sydney Sixers,JC Silk
info,player,Sydney Sixers,DT Christian
info,player,Sydney Sixers,H Kerr
info,player,Sydney Sixers,SA Abbott
info,player,Sydney Sixers,SNJ O'Keefe
info,player,Sydney Sixers,Naveen-ul-Haq
info,player,Sydney Sixers,T Murphy
info,player,Hobart Hurricanes,BR McDermott
info,player,Hobart Hurricanes,DJM Short
info,player,Hobart Hurricanes,MS Wade
info,player,Hobart Hurricanes,Shadab Khan
info,player,Hobart Hurricanes,TH David
info,player,Hobart Hurricanes,JDS Neesham
info,player,Hobart Hurricanes,Asif Ali
info,player,Hobart Hurricanes,JS Paris
info,player,Hobart Hurricanes,NT Ellis
info,player,Hobart Hurricanes,PG Dooley
info,player,Hobart Hurricanes,RP Meredith
info,registry,people,Asif Ali,0a4736eb
info,registry,people,BC Treloar,f7e8ee52
info,registry,people,BR McDermott,c41043e6
info,registry,people,CA Polosak,26a360d2
info,registry,people,DJM Short,1a156c88
info,registry,people,DT Christian,2a2e6343
info,registry,people,H Kerr,f422728b
info,registry,people,JC Silk,7a6dc294
info,registry,people,JDS Neesham,9219eff0
info,registry,people,JM Vince,a15618fe
info,registry,people,JR Philippe,39086549
info,registry,people,JS Paris,7c8f533d
info,registry,people,KR Patterson,e3bf8356
info,registry,people,MC Henriques,32198ae0
info,registry,people,MS Wade,afa7e784
info,registry,people,MW Graham-Smith,18aca3ce
info,registry,people,NT Ellis,9eb1455b
info,registry,people,Naveen-ul-Haq,c0c411cb
info,registry,people,PG Dooley,5e3054d0
info,registry,people,RP Meredith,64775749
info,registry,people,RW Stratford,85489579
info,registry,people,SA Abbott,1a2676c5
info,registry,people,SNJ O'Keefe,3540beff
info,registry,people,Shadab Khan,9de62878
info,registry,people,T Murphy,ac2e7ec0
info,registry,people,TH David,f1f99156
info,registry,people,Troy Penman,0aa42c26
ball,1,0.1,Sydney Sixers,KR Patterson,JR Philippe,JS Paris,0,0,,,,,,"",""
ball,1,0.2,Sydney Sixers,KR Patterson,JR Philippe,JS Paris,1,0,,,,,,"",""
ball,1,0.3,Sydney Sixers,JR Philippe,KR Patterson,JS Paris,6,0,,,,,,"",""
ball,1,0.4,Sydney Sixers,JR Philippe,KR Patterson,JS Paris,3,0,,,,,,"",""
ball,1,0.5,Sydney Sixers,KR Patterson,JR Philippe,JS Paris,0,0,,,,,,"",""
ball,1,0.6,Sydney Sixers,KR Patterson,JR Philippe,JS Paris,1,0,,,,,,"",""
ball,1,1.1,Sydney Sixers,KR Patterson,JR Philippe,PG Dooley,1,0,,,,,,"",""
ball,1,1.2,Sydney Sixers,JR Philippe,KR Patterson,PG Dooley,2,0,,,,,,"",""
ball,1,1.3,Sydney Sixers,JR Philippe,KR Patterson,PG Dooley,3,0,,,,,,"",""
ball,1,1.4,Sydney Sixers,KR Patterson,JR Philippe,PG Dooley,1,0,,,,,,"",""
ball,1,1.5,Sydney Sixers,JR Philippe,KR Patterson,PG Dooley,1,0,,,,,,"",""
ball,1,1.6,Sydney Sixers,KR Patterson,JR Philippe,PG Dooley,0,0,,,,,,"",""
ball,1,2.1,Sydney Sixers,JR Philippe,KR Patterson,NT Ellis,1,0,,,,,,"",""
ball,1,2.2,Sydney Sixers,KR Patterson,JR Philippe,NT Ellis,4,0,,,,,,"",""
ball,1,2.3,Sydney Sixers,KR Patterson,JR Philippe,NT Ellis,0,0,,,,,,"",""
ball,1,2.4,Sydney Sixers,KR Patterson,JR Philippe,NT Ellis,4,0,,,,,,"",""
ball,1,2.5,Sydney Sixers,KR Patterson,JR Philippe,NT Ellis,2,0,,,,,,"",""
ball,1,2.6,Sydney Sixers,KR Patterson,JR Philippe,NT Ellis,6,0,,,,,,"",""
ball,1,3.1,Sydney Sixers,JR Philippe,KR Patterson,RP Meredith,0,0,,,,,,"",""
ball,1,3.2,Sydney Sixers,JR Philippe,KR Patterson,RP Meredith,0,0,,,,,,"",""
ball,1,3.3,Sydney Sixers,JR Philippe,KR Patterson,RP Meredith,1,0,,,,,,"",""
ball,1,3.4,Sydney Sixers,KR Patterson,JR Philippe,RP Meredith,0,0,,,,,,"",""
ball,1,3.5,Sydney Sixers,KR Patterson,JR Philippe,RP Meredith,1,0,,,,,,"",""
ball,1,3.6,Sydney Sixers,JR Philippe,KR Patterson,RP Meredith,4,0,,,,,,"",""
ball,1,4.1,Sydney Sixers,KR Patterson,JR Philippe,Shadab Khan,0,0,,,,,,"",""
ball,1,4.2,Sydney Sixers,KR Patterson,JR Philippe,Shadab Khan,6,0,,,,,,"",""
ball,1,4.3,Sydney Sixers,KR Patterson,JR Philippe,Shadab Khan,1,0,,,,,,"",""
ball,1,4.4,Sydney Sixers,JR Philippe,KR Patterson,Shadab Khan,1,0,,,,,,"",""
ball,1,4.5,Sydney Sixers,KR Patterson,JR Philippe,Shadab Khan,2,0,,,,,,"",""
ball,1,4.6,Sydney Sixers,KR Patterson,JR Philippe,Shadab Khan,1,0,,,,,,"",""
ball,1,5.1,Sydney Sixers,KR Patterson,JR Philippe,PG Dooley,0,0,,,,,,"",""
ball,1,5.2,Sydney Sixers,KR Patterson,JR Philippe,PG Dooley,1,0,,,,,,"",""
ball,1,5.3,Sydney Sixers,JR Philippe,KR Patterson,PG Dooley,2,0,,,,,,"",""
ball,1,5.4,Sydney Sixers,JR Philippe,KR Patterson,PG Dooley,4,0,,,,,,"",""
ball,1,5.5,Sydney Sixers,JR Philippe,KR Patterson,PG Dooley,1,0,,,,,,"",""
ball,1,5.6,Sydney Sixers,KR Patterson,JR Philippe,PG Dooley,1,0,,,,,,"",""
ball,1,6.1,Sydney Sixers,KR Patterson,JR Philippe,JDS Neesham,2,0,,,,,,"",""
ball,1,6.2,Sydney Sixers,KR Patterson,JR Philippe,JDS Neesham,3,0,,,,,,"",""
ball,1,6.3,Sydney Sixers,JR Philippe,KR Patterson,JDS Neesham,1,0,,,,,,"",""
ball,1,6.4,Sydney Sixers,KR Patterson,JR Philippe,JDS Neesham,0,0,,,,,,caught,KR Patterson
ball,1,6.5,Sydney Sixers,JM Vince,JR Philippe,JDS Neesham,1,0,,,,,,"",""
ball,1,6.6,Sydney Sixers,JR Philippe,JM Vince,JDS Neesham,1,0,,,,,,"",""
ball,1,7.1,Sydney Sixers,JR Philippe,JM Vince,Shadab Khan,2,0,,,,,,"",""
ball,1,7.2,Sydney Sixers,JR Philippe,JM Vince,Shadab Khan,4,0,,,,,,"",""
ball,1,7.3,Sydney Sixers,JR Philippe,JM Vince,Shadab Khan,4,0,,,,,,"",""
ball,1,7.4,Sydney Sixers,JR Philippe,JM Vince,Shadab Khan,2,0,,,,,,"",""
ball,1,7.5,Sydney Sixers,JR Philippe,JM Vince,Shadab Khan,0,0,,,,,,caught,JR Philippe
ball,1,7.6,Sydney Sixers,MC Henriques,JM Vince,Shadab Khan,0,0,,,,,,caught and bowled,MC Henriques
ball,1,8.1,Sydney Sixers,JM Vince,JC Silk,PG Dooley,0,0,,,,,,"",""
ball,1,8.2,Sydney Sixers,JM Vince,JC Silk,PG Dooley,1,0,,,,,,"",""
ball,1,8.3,Sydney Sixers,JC Silk,JM Vince,PG Dooley,0,0,,,,,,bowled,JC Silk
ball,1,8.4,Sydney Sixers,DT Christian,JM Vince,PG Dooley,0,1,1,,,,,"",""
ball,1,8.5,Sydney Sixers,DT Christian,JM Vince,PG Dooley,0,0,,,,,,"",""
ball,1,8.6,Sydney Sixers,DT Christian,JM Vince,PG Dooley,0,0,,,,,,caught,DT Christian
ball,1,8.7,Sydney Sixers,H Kerr,JM Vince,PG Dooley,0,0,,,,,,"",""
ball,1,9.1,Sydney Sixers,JM Vince,H Kerr,Shadab Khan,1,0,,,,,,"",""
ball,1,9.2,Sydney Sixers,H Kerr,JM Vince,Shadab Khan,0,0,,,,,,"",""
ball,1,9.3,Sydney Sixers,H Kerr,JM Vince,Shadab Khan,1,0,,,,,,"",""
ball,1,9.4,Sydney Sixers,JM Vince,H Kerr,Shadab Khan,1,0,,,,,,"",""
ball,1,9.5,Sydney Sixers,H Kerr,JM Vince,Shadab Khan,2,0,,,,,,"",""
ball,1,9.6,Sydney Sixers,H Kerr,JM Vince,Shadab Khan,4,0,,,,,,"",""
ball,1,10.1,Sydney Sixers,JM Vince,H Kerr,NT Ellis,2,0,,,,,,"",""
ball,1,10.2,Sydney Sixers,JM Vince,H Kerr,NT Ellis,0,1,1,,,,,"",""
ball,1,10.3,Sydney Sixers,JM Vince,H Kerr,NT Ellis,1,0,,,,,,"",""
ball,1,10.4,Sydney Sixers,H Kerr,JM Vince,NT Ellis,0,0,,,,,,"",""
ball,1,10.5,Sydney Sixers,H Kerr,JM Vince,NT Ellis,0,0,,,,,,"",""
ball,1,10.6,Sydney Sixers,H Kerr,JM Vince,NT Ellis,2,0,,,,,,"",""
ball,1,10.7,Sydney Sixers,H Kerr,JM Vince,NT Ellis,1,0,,,,,,"",""
ball,1,11.1,Sydney Sixers,H Kerr,JM Vince,RP Meredith,0,0,,,,,,"",""
ball,1,11.2,Sydney Sixers,H Kerr,JM Vince,RP Meredith,4,0,,,,,,"",""
ball,1,11.3,Sydney Sixers,H Kerr,JM Vince,RP Meredith,1,0,,,,,,"",""
ball,1,11.4,Sydney Sixers,JM Vince,H Kerr,RP Meredith,0,0,,,,,,"",""
ball,1,11.5,Sydney Sixers,JM Vince,H Kerr,RP Meredith,1,0,,,,,,"",""
ball,1,11.6,Sydney Sixers,H Kerr,JM Vince,RP Meredith,0,0,,,,,,"",""
ball,1,12.1,Sydney Sixers,JM Vince,H Kerr,NT Ellis,1,0,,,,,,"",""
ball,1,12.2,Sydney Sixers,H Kerr,JM Vince,NT Ellis,2,0,,,,,,"",""
ball,1,12.3,Sydney Sixers,H Kerr,JM Vince,NT Ellis,4,0,,,,,,"",""
ball,1,12.4,Sydney Sixers,H Kerr,JM Vince,NT Ellis,2,0,,,,,,"",""
ball,1,12.5,Sydney Sixers,H Kerr,JM Vince,NT Ellis,1,0,,,,,,"",""
ball,1,12.6,Sydney Sixers,JM Vince,H Kerr,NT Ellis,2,0,,,,,,"",""
ball,1,13.1,Sydney Sixers,H Kerr,JM Vince,RP Meredith,6,1,,1,,,,"",""
ball,1,13.2,Sydney Sixers,H Kerr,JM Vince,RP Meredith,1,0,,,,,,"",""
ball,1,13.3,Sydney Sixers,JM Vince,H Kerr,RP Meredith,0,1,1,,,,,"",""
ball,1,13.4,Sydney Sixers,JM Vince,H Kerr,RP Meredith,1,0,,,,,,"",""
ball,1,13.5,Sydney Sixers,H Kerr,JM Vince,RP Meredith,1,0,,,,,,"",""
ball,1,13.6,Sydney Sixers,JM Vince,H Kerr,RP Meredith,2,0,,,,,,"",""
ball,1,13.7,Sydney Sixers,JM Vince,H Kerr,RP Meredith,0,1,1,,,,,"",""
ball,1,13.8,Sydney Sixers,JM Vince,H Kerr,RP Meredith,4,0,,,,,,"",""
ball,1,13.9,Sydney Sixers,JM Vince,H Kerr,RP Meredith,1,0,,,,,,run out,H Kerr
ball,2,0.1,Hobart Hurricanes,BR McDermott,DJM Short,T Murphy,1,0,,,,,,"",""
ball,2,0.2,Hobart Hurricanes,DJM Short,BR McDermott,T Murphy,0,0,,,,,,"",""
ball,2,0.3,Hobart Hurricanes,DJM Short,BR McDermott,T Murphy,0,0,,,,,,"",""
ball,2,0.4,Hobart Hurricanes,DJM Short,BR McDermott,T Murphy,6,0,,,,,,"",""
ball,2,0.5,Hobart Hurricanes,DJM Short,BR McDermott,T Murphy,0,0,,,,,,"",""
ball,2,0.6,Hobart Hurricanes,DJM Short,BR McDermott,T Murphy,1,0,,,,,,"",""
ball,2,1.1,Hobart Hurricanes,DJM Short,BR McDermott,Naveen-ul-Haq,1,0,,,,,,"",""
ball,2,1.2,Hobart Hurricanes,BR McDermott,DJM Short,Naveen-ul-Haq,0,0,,,,,,"",""
ball,2,1.3,Hobart Hurricanes,BR McDermott,DJM Short,Naveen-ul-Haq,0,1,,,,1,,"",""
ball,2,1.4,Hobart Hurricanes,DJM Short,BR McDermott,Naveen-ul-Haq,0,0,,,,,,"",""
ball,2,1.5,Hobart Hurricanes,DJM Short,BR McDermott,Naveen-ul-Haq,0,1,1,,,,,"",""
ball,2,1.6,Hobart Hurricanes,DJM Short,BR McDermott,Naveen-ul-Haq,1,0,,,,,,"",""
ball,2,1.7,Hobart Hurricanes,BR McDermott,DJM Short,Naveen-ul-Haq,1,0,,,,,,"",""
ball,2,2.1,Hobart Hurricanes,BR McDermott,DJM Short,SA Abbott,4,0,,,,,,"",""
ball,2,2.2,Hobart Hurricanes,BR McDermott,DJM Short,SA Abbott,6,0,,,,,,"",""
ball,2,2.3,Hobart Hurricanes,BR McDermott,DJM Short,SA Abbott,1,0,,,,,,"",""
ball,2,2.4,Hobart Hurricanes,DJM Short,BR McDermott,SA Abbott,0,0,,,,,,"",""
ball,2,2.5,Hobart Hurricanes,DJM Short,BR McDermott,SA Abbott,4,0,,,,,,"",""
ball,2,2.6,Hobart Hurricanes,DJM Short,BR McDermott,SA Abbott,0,0,,,,,,bowled,DJM Short
ball,2,3.1,Hobart Hurricanes,BR McDermott,MS Wade,SNJ O'Keefe,0,0,,,,,,"",""
ball,2,3.2,Hobart Hurricanes,BR McDermott,MS Wade,SNJ O'Keefe,0,0,,,,,,"",""
ball,2,3.3,Hobart Hurricanes,BR McDermott,MS Wade,SNJ O'Keefe,0,0,,,,,,"",""
ball,2,3.4,Hobart Hurricanes,BR McDermott,MS Wade,SNJ O'Keefe,4,0,,,,,,"",""
ball,2,3.5,Hobart Hurricanes,BR McDermott,MS Wade,SNJ O'Keefe,0,0,,,,,,"",""
ball,2,3.6,Hobart Hurricanes,BR McDermott,MS Wade,SNJ O'Keefe,0,0,,,,,,bowled,BR McDermott
ball,2,4.1,Hobart Hurricanes,MS Wade,Shadab Khan,T Murphy,0,0,,,,,,"",""
ball,2,4.2,Hobart Hurricanes,MS Wade,Shadab Khan,T Murphy,2,0,,,,,,"",""
ball,2,4.3,Hobart Hurricanes,MS Wade,Shadab Khan,T Murphy,0,0,,,,,,"",""
ball,2,4.4,Hobart Hurricanes,MS Wade,Shadab Khan,T Murphy,0,0,,,,,,"",""
ball,2,4.5,Hobart Hurricanes,MS Wade,Shadab Khan,T Murphy,2,0,,,,,,"",""
ball,2,4.6,Hobart Hurricanes,MS Wade,Shadab Khan,T Murphy,1,0,,,,,,"",""
ball,2,5.1,Hobart Hurricanes,MS Wade,Shadab Khan,H Kerr,0,0,,,,,,"",""
ball,2,5.2,Hobart Hurricanes,MS Wade,Shadab Khan,H Kerr,1,0,,,,,,"",""
ball,2,5.3,Hobart Hurricanes,Shadab Khan,MS Wade,H Kerr,0,0,,,,,,"",""
ball,2,5.4,Hobart Hurricanes,Shadab Khan,MS Wade,H Kerr,2,0,,,,,,"",""
ball,2,5.5,Hobart Hurricanes,Shadab Khan,MS Wade,H Kerr,0,0,,,,,,"",""
ball,2,5.6,Hobart Hurricanes,Shadab Khan,MS Wade,H Kerr,6,0,,,,,,"",""
ball,2,6.1,Hobart Hurricanes,MS Wade,Shadab Khan,SA Abbott,0,1,,,,1,,"",""
ball,2,6.2,Hobart Hurricanes,Shadab Khan,MS Wade,SA Abbott,1,0,,,,,,"",""
ball,2,6.3,Hobart Hurricanes,MS Wade,Shadab Khan,SA Abbott,0,0,,,,,,"",""
ball,2,6.4,Hobart Hurricanes,MS Wade,Shadab Khan,SA Abbott,6,0,,,,,,"",""
ball,2,6.5,Hobart Hurricanes,MS Wade,Shadab Khan,SA Abbott,1,0,,,,,,"",""
ball,2,6.6,Hobart Hurricanes,Shadab Khan,MS Wade,SA Abbott,1,0,,,,,,"",""
ball,2,7.1,Hobart Hurricanes,Shadab Khan,MS Wade,SNJ O'Keefe,0,0,,,,,,"",""
ball,2,7.2,Hobart Hurricanes,Shadab Khan,MS Wade,SNJ O'Keefe,1,0,,,,,,"",""
ball,2,7.3,Hobart Hurricanes,MS Wade,Shadab Khan,SNJ O'Keefe,0,0,,,,,,"",""
ball,2,7.4,Hobart Hurricanes,MS Wade,Shadab Khan,SNJ O'Keefe,0,0,,,,,,"",""
ball,2,7.5,Hobart Hurricanes,MS Wade,Shadab Khan,SNJ O'Keefe,0,0,,,,,,"",""
ball,2,7.6,Hobart Hurricanes,MS Wade,Shadab Khan,SNJ O'Keefe,2,0,,,,,,"",""
ball,2,8.1,Hobart Hurricanes,Shadab Khan,MS Wade,T Murphy,1,0,,,,,,"",""
ball,2,8.2,Hobart Hurricanes,MS Wade,Shadab Khan,T Murphy,0,0,,,,,,caught,MS Wade
ball,2,8.3,Hobart Hurricanes,TH David,Shadab Khan,T Murphy,0,0,,,,,,"",""
ball,2,8.4,Hobart Hurricanes,TH David,Shadab Khan,T Murphy,0,0,,,,,,"",""
ball,2,8.5,Hobart Hurricanes,TH David,Shadab Khan,T Murphy,2,0,,,,,,"",""
ball,2,8.6,Hobart Hurricanes,TH David,Shadab Khan,T Murphy,2,0,,,,,,"",""
ball,2,9.1,Hobart Hurricanes,Shadab Khan,TH David,H Kerr,2,0,,,,,,"",""
ball,2,9.2,Hobart Hurricanes,Shadab Khan,TH David,H Kerr,0,0,,,,,,caught,Shadab Khan
ball,2,9.3,Hobart Hurricanes,JDS Neesham,TH David,H Kerr,1,0,,,,,,"",""
ball,2,9.4,Hobart Hurricanes,TH David,JDS Neesham,H Kerr,1,0,,,,,,"",""
ball,2,9.5,Hobart Hurricanes,JDS Neesham,TH David,H Kerr,0,0,,,,,,"",""
ball,2,9.6,Hobart Hurricanes,JDS Neesham,TH David,H Kerr,0,0,,,,,,"",""
ball,2,10.1,Hobart Hurricanes,TH David,JDS Neesham,SA Abbott,1,0,,,,,,"",""
ball,2,10.2,Hobart Hurricanes,JDS Neesham,TH David,SA Abbott,4,0,,,,,,"",""
ball,2,10.3,Hobart Hurricanes,JDS Neesham,TH David,SA Abbott,0,0,,,,,,caught,JDS Neesham
ball,2,10.4,Hobart Hurricanes,Asif Ali,TH David,SA Abbott,1,0,,,,,,"",""
ball,2,10.5,Hobart Hurricanes,TH David,Asif Ali,SA Abbott,1,0,,,,,,"",""
ball,2,10.6,Hobart Hurricanes,Asif Ali,TH David,SA Abbott,1,0,,,,,,"",""
ball,2,11.1,Hobart Hurricanes,Asif Ali,TH David,Naveen-ul-Haq,4,0,,,,,,"",""
ball,2,11.2,Hobart Hurricanes,Asif Ali,TH David,Naveen-ul-Haq,1,0,,,,,,"",""
ball,2,11.3,Hobart Hurricanes,TH David,Asif Ali,Naveen-ul-Haq,0,1,1,,,,,"",""
ball,2,11.4,Hobart Hurricanes,TH David,Asif Ali,Naveen-ul-Haq,0,1,1,,,,,"",""
ball,2,11.5,Hobart Hurricanes,TH David,Asif Ali,Naveen-ul-Haq,1,0,,,,,,"",""
ball,2,11.6,Hobart Hurricanes,Asif Ali,TH David,Naveen-ul-Haq,2,0,,,,,,"",""
ball,2,11.7,Hobart Hurricanes,Asif Ali,TH David,Naveen-ul-Haq,0,1,1,,,,,"",""
ball,2,11.8,Hobart Hurricanes,Asif Ali,TH David,Naveen-ul-Haq,4,0,,,,,,"",""
ball,2,11.9,Hobart Hurricanes,Asif Ali,TH David,Naveen-ul-Haq,2,0,,,,,,"",""
ball,2,12.1,Hobart Hurricanes,TH David,Asif Ali,H Kerr,0,0,,,,,,caught,TH David
ball,2,12.2,Hobart Hurricanes,JS Paris,Asif Ali,H Kerr,1,0,,,,,,"",""
ball,2,12.3,Hobart Hurricanes,Asif Ali,JS Paris,H Kerr,6,0,,,,,,"",""
ball,2,12.4,Hobart Hurricanes,Asif Ali,JS Paris,H Kerr,4,0,,,,,,"",""
ball,2,12.5,Hobart Hurricanes,Asif Ali,JS Paris,H Kerr,6,0,,,,,,"",""
ball,2,12.6,Hobart Hurricanes,Asif Ali,JS Paris,H Kerr,6,0,,,,,,"",""
ball,2,13.1,Hobart Hurricanes,JS Paris,Asif Ali,Naveen-ul-Haq,0,2,2,,,,,"",""
ball,2,13.2,Hobart Hurricanes,Asif Ali,JS Paris,Naveen-ul-Haq,4,0,,,,,,"",""
ball,2,13.3,Hobart Hurricanes,Asif Ali,JS Paris,Naveen-ul-Haq,0,0,,,,,,caught,Asif Ali
ball,2,13.4,Hobart Hurricanes,NT Ellis,JS Paris,Naveen-ul-Haq,0,0,,,,,,"",""
ball,2,13.5,Hobart Hurricanes,NT Ellis,JS Paris,Naveen-ul-Haq,2,0,,,,,,"",""
ball,2,13.6,Hobart Hurricanes,NT Ellis,JS Paris,Naveen-ul-Haq,1,0,,,,,,"",""
ball,2,13.7,Hobart Hurricanes,JS Paris,NT Ellis,Naveen-ul-Haq,6,0,,,,,,"",""
