version,1.7.0
info,balls_per_over,6
info,team,Sydney Thunder
info,team,Melbourne Renegades
info,gender,male
info,season,2022/23
info,date,2022/12/18
info,event,Big Bash League
info,match_number,7
info,venue,"Docklands Stadium, Melbourne"
info,city,Melbourne
info,toss_winner,Sydney Thunder
info,toss_decision,bat
info,player_of_match,AJ Finch
info,umpire,BC Treloar
info,umpire,SJ Nogajski
info,reserve_umpire,Greg Azzopardi
info,tv_umpire,NR Johnstone
info,match_referee,RW Stratford
info,winner,Melbourne Renegades
info,winner_wickets,4
info,player,Sydney Thunder,M Gilkes
info,player,Sydney Thunder,AD Hales
info,player,Sydney Thunder,RR Rossouw
info,player,Sydney Thunder,JJS Sangha
info,player,Sydney Thunder,DR Sams
info,player,Sydney Thunder,AI Ross
info,player,Sydney Thunder,O Davies
info,player,Sydney Thunder,CJ Green
info,player,Sydney Thunder,GS Sandhu
info,player,Sydney Thunder,B Doggett
info,player,Sydney Thunder,Fazalhaq Farooqi
info,player,Melbourne Renegades,SB Harper
info,player,Melbourne Renegades,NJ Maddinson
info,player,Melbourne Renegades,J Fraser-McGurk
info,player,Melbourne Renegades,AJ Finch
info,player,Melbourne Renegades,JW Wells
info,player,Melbourne Renegades,AD Russell
info,player,Melbourne Renegades,AJ Hosein
info,player,Melbourne Renegades,W Sutherland
info,player,Melbourne Renegades,TS Rogers
info,player,Melbourne Renegades,KW Richardson
info,player,Melbourne Renegades,Mujeeb Ur Rahman
info,registry,people,AD Hales,92aeac25
info,registry,people,AD Russell,bbd41817
info,registry,people,AI Ross,fb0d68b4
info,registry,people,AJ Finch,b8d490fd
info,registry,people,AJ Hosein,4d7f517e
info,registry,people,B Doggett,898e628d
info,registry,people,BC Treloar,f7e8ee52
info,registry,people,CJ Green,19b9f399
info,registry,people,DR Sams,caf69bf7
info,registry,people,Fazalhaq Farooqi,e9c7f0d0
info,registry,people,GS Sandhu,1558d83b
info,registry,people,Greg Azzopardi,e950350e
info,registry,people,J Fraser-McGurk,9b6e1b3f
info,registry,people,JJS Sangha,8e3cb0e9
info,registry,people,JW Wells,8bdac857
info,registry,people,KW Richardson,dfc4d8b5
info,registry,people,M Gilkes,d85b0f8b
info,registry,people,Mujeeb Ur Rahman,7d92277a
info,registry,people,NJ Maddinson,44afbf2d
info,registry,people,NR Johnstone,ce274b6a
info,registry,people,O Davies,0ea54eca
info,registry,people,RR Rossouw,cad00a4d
info,registry,people,RW Stratford,85489579
info,registry,people,SB Harper,a756e61a
info,registry,people,SJ Nogajski,9b3f9323
info,registry,people,TS Rogers,1b04e02b
info,registry,people,W Sutherland,bc2d4f2e
ball,1,0.1,Sydney Thunder,M Gilkes,AD Hales,AJ Hosein,0,0,,,,,,"",""
ball,1,0.2,Sydney Thunder,M Gilkes,AD Hales,AJ Hosein,1,0,,,,,,"",""
ball,1,0.3,Sydney Thunder,AD Hales,M Gilkes,AJ Hosein,0,0,,,,,,"",""
ball,1,0.4,Sydney Thunder,AD Hales,M Gilkes,AJ Hosein,0,0,,,,,,"",""
ball,1,0.5,Sydney Thunder,AD Hales,M Gilkes,AJ Hosein,0,0,,,,,,"",""
ball,1,0.6,Sydney Thunder,AD Hales,M Gilkes,AJ Hosein,0,0,,,,,,"",""
ball,1,1.1,Sydney Thunder,M Gilkes,AD Hales,TS Rogers,0,0,,,,,,"",""
ball,1,1.2,Sydney Thunder,M Gilkes,AD Hales,TS Rogers,0,0,,,,,,"",""
ball,1,1.3,Sydney Thunder,M Gilkes,AD Hales,TS Rogers,0,0,,,,,,"",""
ball,1,1.4,Sydney Thunder,M Gilkes,AD Hales,TS Rogers,1,0,,,,,,"",""
ball,1,1.5,Sydney Thunder,AD Hales,M Gilkes,TS Rogers,4,0,,,,,,"",""
ball,1,1.6,Sydney Thunder,AD Hales,M Gilkes,TS Rogers,1,0,,,,,,"",""
ball,1,2.1,Sydney Thunder,AD Hales,M Gilkes,AJ Hosein,1,0,,,,,,"",""
ball,1,2.2,Sydney Thunder,M Gilkes,AD Hales,AJ Hosein,1,0,,,,,,"",""
ball,1,2.3,Sydney Thunder,AD Hales,M Gilkes,AJ Hosein,6,0,,,,,,"",""
ball,1,2.4,Sydney Thunder,AD Hales,M Gilkes,AJ Hosein,1,0,,,,,,"",""
ball,1,2.5,Sydney Thunder,M Gilkes,AD Hales,AJ Hosein,0,0,,,,,,caught,M Gilkes
ball,1,2.6,Sydney Thunder,RR Rossouw,AD Hales,AJ Hosein,1,0,,,,,,"",""
ball,1,3.1,Sydney Thunder,RR Rossouw,AD Hales,KW Richardson,0,0,,,,,,"",""
ball,1,3.2,Sydney Thunder,RR Rossouw,AD Hales,KW Richardson,1,0,,,,,,"",""
ball,1,3.3,Sydney Thunder,AD Hales,RR Rossouw,KW Richardson,1,0,,,,,,"",""
ball,1,3.4,Sydney Thunder,RR Rossouw,AD Hales,KW Richardson,0,0,,,,,,"",""
ball,1,3.5,Sydney Thunder,RR Rossouw,AD Hales,KW Richardson,0,0,,,,,,"",""
ball,1,3.6,Sydney Thunder,RR Rossouw,AD Hales,KW Richardson,1,0,,,,,,"",""
ball,1,4.1,Sydney Thunder,RR Rossouw,AD Hales,Mujeeb Ur Rahman,0,0,,,,,,"",""
ball,1,4.2,Sydney Thunder,RR Rossouw,AD Hales,Mujeeb Ur Rahman,1,0,,,,,,"",""
ball,1,4.3,Sydney Thunder,AD Hales,RR Rossouw,Mujeeb Ur Rahman,2,0,,,,,,"",""
ball,1,4.4,Sydney Thunder,AD Hales,RR Rossouw,Mujeeb Ur Rahman,0,0,,,,,,caught,AD Hales
ball,1,4.5,Sydney Thunder,JJS Sangha,RR Rossouw,Mujeeb Ur Rahman,0,0,,,,,,"",""
ball,1,4.6,Sydney Thunder,JJS Sangha,RR Rossouw,Mujeeb Ur Rahman,0,0,,,,,,"",""
ball,1,5.1,Sydney Thunder,RR Rossouw,JJS Sangha,W Sutherland,0,0,,,,,,"",""
ball,1,5.2,Sydney Thunder,RR Rossouw,JJS Sangha,W Sutherland,1,0,,,,,,"",""
ball,1,5.3,Sydney Thunder,JJS Sangha,RR Rossouw,W Sutherland,0,0,,,,,,"",""
ball,1,5.4,Sydney Thunder,JJS Sangha,RR Rossouw,W Sutherland,1,0,,,,,,"",""
ball,1,5.5,Sydney Thunder,RR Rossouw,JJS Sangha,W Sutherland,6,0,,,,,,"",""
ball,1,5.6,Sydney Thunder,RR Rossouw,JJS Sangha,W Sutherland,2,0,,,,,,"",""
ball,1,6.1,Sydney Thunder,JJS Sangha,RR Rossouw,Mujeeb Ur Rahman,2,0,,,,,,"",""
ball,1,6.2,Sydney Thunder,JJS Sangha,RR Rossouw,Mujeeb Ur Rahman,0,0,,,,,,"",""
ball,1,6.3,Sydney Thunder,JJS Sangha,RR Rossouw,Mujeeb Ur Rahman,4,0,,,,,,"",""
ball,1,6.4,Sydney Thunder,JJS Sangha,RR Rossouw,Mujeeb Ur Rahman,1,0,,,,,,"",""
ball,1,6.5,Sydney Thunder,RR Rossouw,JJS Sangha,Mujeeb Ur Rahman,1,0,,,,,,"",""
ball,1,6.6,Sydney Thunder,JJS Sangha,RR Rossouw,Mujeeb Ur Rahman,1,0,,,,,,"",""
ball,1,7.1,Sydney Thunder,JJS Sangha,RR Rossouw,AD Russell,0,0,,,,,,"",""
ball,1,7.2,Sydney Thunder,JJS Sangha,RR Rossouw,AD Russell,0,0,,,,,,"",""
ball,1,7.3,Sydney Thunder,JJS Sangha,RR Rossouw,AD Russell,0,1,,,,1,,"",""
ball,1,7.4,Sydney Thunder,RR Rossouw,JJS Sangha,AD Russell,1,0,,,,,,"",""
ball,1,7.5,Sydney Thunder,JJS Sangha,RR Rossouw,AD Russell,1,0,,,,,,"",""
ball,1,7.6,Sydney Thunder,RR Rossouw,JJS Sangha,AD Russell,1,0,,,,,,"",""
ball,1,8.1,Sydney Thunder,RR Rossouw,JJS Sangha,TS Rogers,4,0,,,,,,"",""
ball,1,8.2,Sydney Thunder,RR Rossouw,JJS Sangha,TS Rogers,0,0,,,,,,"",""
ball,1,8.3,Sydney Thunder,RR Rossouw,JJS Sangha,TS Rogers,0,1,,,,1,,"",""
ball,1,8.4,Sydney Thunder,JJS Sangha,RR Rossouw,TS Rogers,0,1,1,,,,,"",""
ball,1,8.5,Sydney Thunder,JJS Sangha,RR Rossouw,TS Rogers,0,0,,,,,,caught,JJS Sangha
ball,1,8.6,Sydney Thunder,DR Sams,RR Rossouw,TS Rogers,1,0,,,,,,"",""
ball,1,8.7,Sydney Thunder,RR Rossouw,DR Sams,TS Rogers,4,0,,,,,,"",""
ball,1,9.1,Sydney Thunder,DR Sams,RR Rossouw,AD Russell,0,0,,,,,,caught,DR Sams
ball,1,9.2,Sydney Thunder,AI Ross,RR Rossouw,AD Russell,0,0,,,,,,"",""
ball,1,9.3,Sydney Thunder,AI Ross,RR Rossouw,AD Russell,1,0,,,,,,"",""
ball,1,9.4,Sydney Thunder,RR Rossouw,AI Ross,AD Russell,0,0,,,,,,"",""
ball,1,9.5,Sydney Thunder,RR Rossouw,AI Ross,AD Russell,1,0,,,,,,"",""
ball,1,9.6,Sydney Thunder,AI Ross,RR Rossouw,AD Russell,4,0,,,,,,"",""
ball,1,10.1,Sydney Thunder,RR Rossouw,AI Ross,TS Rogers,0,0,,,,,,"",""
ball,1,10.2,Sydney Thunder,RR Rossouw,AI Ross,TS Rogers,0,0,,,,,,"",""
ball,1,10.3,Sydney Thunder,RR Rossouw,AI Ross,TS Rogers,6,0,,,,,,"",""
ball,1,10.4,Sydney Thunder,RR Rossouw,AI Ross,TS Rogers,0,0,,,,,,"",""
ball,1,10.5,Sydney Thunder,RR Rossouw,AI Ross,TS Rogers,0,0,,,,,,"",""
ball,1,10.6,Sydney Thunder,RR Rossouw,AI Ross,TS Rogers,6,0,,,,,,"",""
ball,1,11.1,Sydney Thunder,AI Ross,RR Rossouw,AD Russell,1,0,,,,,,"",""
ball,1,11.2,Sydney Thunder,RR Rossouw,AI Ross,AD Russell,0,0,,,,,,"",""
ball,1,11.3,Sydney Thunder,RR Rossouw,AI Ross,AD Russell,0,4,,,4,,,"",""
ball,1,11.4,Sydney Thunder,RR Rossouw,AI Ross,AD Russell,4,0,,,,,,"",""
ball,1,11.5,Sydney Thunder,RR Rossouw,AI Ross,AD Russell,6,0,,,,,,"",""
ball,1,11.6,Sydney Thunder,RR Rossouw,AI Ross,AD Russell,1,0,,,,,,"",""
ball,1,12.1,Sydney Thunder,RR Rossouw,AI Ross,Mujeeb Ur Rahman,1,0,,,,,,"",""
ball,1,12.2,Sydney Thunder,AI Ross,RR Rossouw,Mujeeb Ur Rahman,0,0,,,,,,"",""
ball,1,12.3,Sydney Thunder,AI Ross,RR Rossouw,Mujeeb Ur Rahman,1,0,,,,,,"",""
ball,1,12.4,Sydney Thunder,RR Rossouw,AI Ross,Mujeeb Ur Rahman,1,0,,,,,,"",""
ball,1,12.5,Sydney Thunder,AI Ross,RR Rossouw,Mujeeb Ur Rahman,6,0,,,,,,"",""
ball,1,12.6,Sydney Thunder,AI Ross,RR Rossouw,Mujeeb Ur Rahman,1,0,,,,,,"",""
ball,1,13.1,Sydney Thunder,AI Ross,RR Rossouw,KW Richardson,1,0,,,,,,"",""
ball,1,13.2,Sydney Thunder,RR Rossouw,AI Ross,KW Richardson,0,0,,,,,,"",""
ball,1,13.3,Sydney Thunder,RR Rossouw,AI Ross,KW Richardson,1,0,,,,,,"",""
ball,1,13.4,Sydney Thunder,AI Ross,RR Rossouw,KW Richardson,4,0,,,,,,"",""
ball,1,13.5,Sydney Thunder,AI Ross,RR Rossouw,KW Richardson,0,0,,,,,,"",""
ball,1,13.6,Sydney Thunder,AI Ross,RR Rossouw,KW Richardson,1,0,,,,,,"",""
ball,1,14.1,Sydney Thunder,AI Ross,RR Rossouw,TS Rogers,1,0,,,,,,"",""
ball,1,14.2,Sydney Thunder,RR Rossouw,AI Ross,TS Rogers,0,1,1,,,,,"",""
ball,1,14.3,Sydney Thunder,RR Rossouw,AI Ross,TS Rogers,2,0,,,,,,"",""
ball,1,14.4,Sydney Thunder,RR Rossouw,AI Ross,TS Rogers,0,0,,,,,,caught,RR Rossouw
ball,1,14.5,Sydney Thunder,O Davies,AI Ross,TS Rogers,1,0,,,,,,"",""
ball,1,14.6,Sydney Thunder,AI Ross,O Davies,TS Rogers,0,1,1,,,,,"",""
ball,1,14.7,Sydney Thunder,AI Ross,O Davies,TS Rogers,6,0,,,,,,"",""
ball,1,14.8,Sydney Thunder,AI Ross,O Davies,TS Rogers,1,0,,,,,,"",""
ball,1,15.1,Sydney Thunder,AI Ross,O Davies,KW Richardson,1,0,,,,,,"",""
ball,1,15.2,Sydney Thunder,O Davies,AI Ross,KW Richardson,0,0,,,,,,"",""
ball,1,15.3,Sydney Thunder,O Davies,AI Ross,KW Richardson,1,0,,,,,,"",""
ball,1,15.4,Sydney Thunder,AI Ross,O Davies,KW Richardson,1,0,,,,,,"",""
ball,1,15.5,Sydney Thunder,O Davies,AI Ross,KW Richardson,0,0,,,,,,"",""
ball,1,15.6,Sydney Thunder,O Davies,AI Ross,KW Richardson,0,0,,,,,,"",""
ball,1,16.1,Sydney Thunder,AI Ross,O Davies,AJ Hosein,1,0,,,,,,"",""
ball,1,16.2,Sydney Thunder,O Davies,AI Ross,AJ Hosein,1,0,,,,,,"",""
ball,1,16.3,Sydney Thunder,AI Ross,O Davies,AJ Hosein,4,0,,,,,,"",""
ball,1,16.4,Sydney Thunder,AI Ross,O Davies,AJ Hosein,1,0,,,,,,"",""
ball,1,16.5,Sydney Thunder,O Davies,AI Ross,AJ Hosein,0,0,,,,,,"",""
ball,1,16.6,Sydney Thunder,O Davies,AI Ross,AJ Hosein,4,0,,,,,,"",""
ball,1,17.1,Sydney Thunder,AI Ross,O Davies,AD Russell,1,0,,,,,,"",""
ball,1,17.2,Sydney Thunder,O Davies,AI Ross,AD Russell,0,0,,,,,,"",""
ball,1,17.3,Sydney Thunder,O Davies,AI Ross,AD Russell,2,0,,,,,,"",""
ball,1,17.4,Sydney Thunder,O Davies,AI Ross,AD Russell,4,0,,,,,,"",""
ball,1,17.5,Sydney Thunder,O Davies,AI Ross,AD Russell,6,0,,,,,,"",""
ball,1,17.6,Sydney Thunder,O Davies,AI Ross,AD Russell,4,0,,,,,,"",""
ball,1,18.1,Sydney Thunder,AI Ross,O Davies,KW Richardson,2,0,,,,,,"",""
ball,1,18.2,Sydney Thunder,AI Ross,O Davies,KW Richardson,0,0,,,,,,caught,AI Ross
ball,1,18.3,Sydney Thunder,CJ Green,O Davies,KW Richardson,4,0,,,,,,"",""
ball,1,18.4,Sydney Thunder,CJ Green,O Davies,KW Richardson,1,0,,,,,,"",""
ball,1,18.5,Sydney Thunder,O Davies,CJ Green,KW Richardson,4,0,,,,,,"",""
ball,1,18.6,Sydney Thunder,O Davies,CJ Green,KW Richardson,1,0,,,,,,"",""
ball,1,19.1,Sydney Thunder,O Davies,CJ Green,Mujeeb Ur Rahman,2,0,,,,,,"",""
ball,1,19.2,Sydney Thunder,O Davies,CJ Green,Mujeeb Ur Rahman,1,0,,,,,,"",""
ball,1,19.3,Sydney Thunder,CJ Green,O Davies,Mujeeb Ur Rahman,2,0,,,,,,"",""
ball,1,19.4,Sydney Thunder,CJ Green,O Davies,Mujeeb Ur Rahman,2,0,,,,,,"",""
ball,1,19.5,Sydney Thunder,CJ Green,O Davies,Mujeeb Ur Rahman,1,0,,,,,,"",""
ball,1,19.6,Sydney Thunder,O Davies,CJ Green,Mujeeb Ur Rahman,2,0,,,,,,"",""
ball,2,0.1,Melbourne Renegades,SB Harper,NJ Maddinson,GS Sandhu,0,0,,,,,,"",""
ball,2,0.2,Melbourne Renegades,SB Harper,NJ Maddinson,GS Sandhu,0,0,,,,,,"",""
ball,2,0.3,Melbourne Renegades,SB Harper,NJ Maddinson,GS Sandhu,0,0,,,,,,caught,SB Harper
ball,2,0.4,Melbourne Renegades,J Fraser-McGurk,NJ Maddinson,GS Sandhu,4,0,,,,,,"",""
ball,2,0.5,Melbourne Renegades,J Fraser-McGurk,NJ Maddinson,GS Sandhu,1,0,,,,,,"",""
ball,2,0.6,Melbourne Renegades,NJ Maddinson,J Fraser-McGurk,GS Sandhu,0,0,,,,,,"",""
ball,2,1.1,Melbourne Renegades,J Fraser-McGurk,NJ Maddinson,Fazalhaq Farooqi,0,0,,,,,,"",""
ball,2,1.2,Melbourne Renegades,J Fraser-McGurk,NJ Maddinson,Fazalhaq Farooqi,0,0,,,,,,"",""
ball,2,1.3,Melbourne Renegades,J Fraser-McGurk,NJ Maddinson,Fazalhaq Farooqi,4,0,,,,,,"",""
ball,2,1.4,Melbourne Renegades,J Fraser-McGurk,NJ Maddinson,Fazalhaq Farooqi,0,0,,,,,,"",""
ball,2,1.5,Melbourne Renegades,J Fraser-McGurk,NJ Maddinson,Fazalhaq Farooqi,0,0,,,,,,"",""
ball,2,1.6,Melbourne Renegades,J Fraser-McGurk,NJ Maddinson,Fazalhaq Farooqi,0,0,,,,,,"",""
ball,2,2.1,Melbourne Renegades,NJ Maddinson,J Fraser-McGurk,GS Sandhu,6,0,,,,,,"",""
ball,2,2.2,Melbourne Renegades,NJ Maddinson,J Fraser-McGurk,GS Sandhu,1,0,,,,,,"",""
ball,2,2.3,Melbourne Renegades,J Fraser-McGurk,NJ Maddinson,GS Sandhu,6,0,,,,,,"",""
ball,2,2.4,Melbourne Renegades,J Fraser-McGurk,NJ Maddinson,GS Sandhu,4,0,,,,,,"",""
ball,2,2.5,Melbourne Renegades,J Fraser-McGurk,NJ Maddinson,GS Sandhu,1,0,,,,,,"",""
ball,2,2.6,Melbourne Renegades,NJ Maddinson,J Fraser-McGurk,GS Sandhu,4,0,,,,,,"",""
ball,2,3.1,Melbourne Renegades,J Fraser-McGurk,NJ Maddinson,Fazalhaq Farooqi,0,0,,,,,,"",""
ball,2,3.2,Melbourne Renegades,J Fraser-McGurk,NJ Maddinson,Fazalhaq Farooqi,0,0,,,,,,"",""
ball,2,3.3,Melbourne Renegades,J Fraser-McGurk,NJ Maddinson,Fazalhaq Farooqi,4,0,,,,,,"",""
ball,2,3.4,Melbourne Renegades,J Fraser-McGurk,NJ Maddinson,Fazalhaq Farooqi,0,0,,,,,,"",""
ball,2,3.5,Melbourne Renegades,J Fraser-McGurk,NJ Maddinson,Fazalhaq Farooqi,0,0,,,,,,"",""
ball,2,3.6,Melbourne Renegades,J Fraser-McGurk,NJ Maddinson,Fazalhaq Farooqi,0,5,5,,,,,"",""
ball,2,3.7,Melbourne Renegades,J Fraser-McGurk,NJ Maddinson,Fazalhaq Farooqi,0,0,,,,,,"",""
ball,2,4.1,Melbourne Renegades,NJ Maddinson,J Fraser-McGurk,DR Sams,1,0,,,,,,"",""
ball,2,4.2,Melbourne Renegades,J Fraser-McGurk,NJ Maddinson,DR Sams,0,0,,,,,,caught,J Fraser-McGurk
ball,2,4.3,Melbourne Renegades,AJ Finch,NJ Maddinson,DR Sams,1,0,,,,,,"",""
ball,2,4.4,Melbourne Renegades,NJ Maddinson,AJ Finch,DR Sams,0,0,,,,,,"",""
ball,2,4.5,Melbourne Renegades,NJ Maddinson,AJ Finch,DR Sams,1,0,,,,,,"",""
ball,2,4.6,Melbourne Renegades,AJ Finch,NJ Maddinson,DR Sams,2,0,,,,,,"",""
ball,2,5.1,Melbourne Renegades,NJ Maddinson,AJ Finch,B Doggett,0,0,,,,,,"",""
ball,2,5.2,Melbourne Renegades,NJ Maddinson,AJ Finch,B Doggett,0,0,,,,,,"",""
ball,2,5.3,Melbourne Renegades,NJ Maddinson,AJ Finch,B Doggett,0,0,,,,,,"",""
ball,2,5.4,Melbourne Renegades,NJ Maddinson,AJ Finch,B Doggett,1,0,,,,,,"",""
ball,2,5.5,Melbourne Renegades,AJ Finch,NJ Maddinson,B Doggett,0,0,,,,,,"",""
ball,2,5.6,Melbourne Renegades,AJ Finch,NJ Maddinson,B Doggett,0,0,,,,,,"",""
ball,2,6.1,Melbourne Renegades,NJ Maddinson,AJ Finch,GS Sandhu,0,0,,,,,,"",""
ball,2,6.2,Melbourne Renegades,NJ Maddinson,AJ Finch,GS Sandhu,6,0,,,,,,"",""
ball,2,6.3,Melbourne Renegades,NJ Maddinson,AJ Finch,GS Sandhu,0,0,,,,,,"",""
ball,2,6.4,Melbourne Renegades,NJ Maddinson,AJ Finch,GS Sandhu,2,0,,,,,,"",""
ball,2,6.5,Melbourne Renegades,NJ Maddinson,AJ Finch,GS Sandhu,1,0,,,,,,"",""
ball,2,6.6,Melbourne Renegades,AJ Finch,NJ Maddinson,GS Sandhu,4,0,,,,,,"",""
ball,2,7.1,Melbourne Renegades,NJ Maddinson,AJ Finch,CJ Green,0,0,,,,,,"",""
ball,2,7.2,Melbourne Renegades,NJ Maddinson,AJ Finch,CJ Green,6,0,,,,,,"",""
ball,2,7.3,Melbourne Renegades,NJ Maddinson,AJ Finch,CJ Green,1,0,,,,,,"",""
ball,2,7.4,Melbourne Renegades,AJ Finch,NJ Maddinson,CJ Green,1,0,,,,,,"",""
ball,2,7.5,Melbourne Renegades,NJ Maddinson,AJ Finch,CJ Green,1,0,,,,,,"",""
ball,2,7.6,Melbourne Renegades,AJ Finch,NJ Maddinson,CJ Green,1,0,,,,,,"",""
ball,2,8.1,Melbourne Renegades,AJ Finch,NJ Maddinson,DR Sams,2,0,,,,,,"",""
ball,2,8.2,Melbourne Renegades,AJ Finch,NJ Maddinson,DR Sams,0,0,,,,,,"",""
ball,2,8.3,Melbourne Renegades,AJ Finch,NJ Maddinson,DR Sams,0,0,,,,,,"",""
ball,2,8.4,Melbourne Renegades,AJ Finch,NJ Maddinson,DR Sams,2,0,,,,,,"",""
ball,2,8.5,Melbourne Renegades,AJ Finch,NJ Maddinson,DR Sams,4,0,,,,,,"",""
ball,2,8.6,Melbourne Renegades,AJ Finch,NJ Maddinson,DR Sams,0,0,,,,,,"",""
ball,2,9.1,Melbourne Renegades,NJ Maddinson,AJ Finch,B Doggett,4,0,,,,,,"",""
ball,2,9.2,Melbourne Renegades,NJ Maddinson,AJ Finch,B Doggett,1,0,,,,,,"",""
ball,2,9.3,Melbourne Renegades,AJ Finch,NJ Maddinson,B Doggett,2,0,,,,,,"",""
ball,2,9.4,Melbourne Renegades,AJ Finch,NJ Maddinson,B Doggett,0,0,,,,,,"",""
ball,2,9.5,Melbourne Renegades,AJ Finch,NJ Maddinson,B Doggett,1,0,,,,,,"",""
ball,2,9.6,Melbourne Renegades,NJ Maddinson,AJ Finch,B Doggett,1,0,,,,,,"",""
ball,2,10.1,Melbourne Renegades,NJ Maddinson,AJ Finch,CJ Green,0,1,1,,,,,"",""
ball,2,10.2,Melbourne Renegades,NJ Maddinson,AJ Finch,CJ Green,0,0,,,,,,"",""
ball,2,10.3,Melbourne Renegades,NJ Maddinson,AJ Finch,CJ Green,0,0,,,,,,"",""
ball,2,10.4,Melbourne Renegades,NJ Maddinson,AJ Finch,CJ Green,1,0,,,,,,"",""
ball,2,10.5,Melbourne Renegades,AJ Finch,NJ Maddinson,CJ Green,0,0,,,,,,"",""
ball,2,10.6,Melbourne Renegades,AJ Finch,NJ Maddinson,CJ Green,1,0,,,,,,"",""
ball,2,10.7,Melbourne Renegades,NJ Maddinson,AJ Finch,CJ Green,1,0,,,,,,"",""
ball,2,11.1,Melbourne Renegades,NJ Maddinson,AJ Finch,B Doggett,0,0,,,,,,caught,NJ Maddinson
ball,2,11.2,Melbourne Renegades,JW Wells,AJ Finch,B Doggett,1,0,,,,,,"",""
ball,2,11.3,Melbourne Renegades,AJ Finch,JW Wells,B Doggett,1,0,,,,,,"",""
ball,2,11.4,Melbourne Renegades,JW Wells,AJ Finch,B Doggett,0,0,,,,,,"",""
ball,2,11.5,Melbourne Renegades,JW Wells,AJ Finch,B Doggett,4,0,,,,,,"",""
ball,2,11.6,Melbourne Renegades,JW Wells,AJ Finch,B Doggett,2,0,,,,,,"",""
ball,2,12.1,Melbourne Renegades,AJ Finch,JW Wells,CJ Green,0,0,,,,,,"",""
ball,2,12.2,Melbourne Renegades,AJ Finch,JW Wells,CJ Green,1,0,,,,,,"",""
ball,2,12.3,Melbourne Renegades,JW Wells,AJ Finch,CJ Green,0,0,,,,,,"",""
ball,2,12.4,Melbourne Renegades,JW Wells,AJ Finch,CJ Green,1,0,,,,,,"",""
ball,2,12.5,Melbourne Renegades,AJ Finch,JW Wells,CJ Green,1,0,,,,,,"",""
ball,2,12.6,Melbourne Renegades,JW Wells,AJ Finch,CJ Green,1,0,,,,,,"",""
ball,2,13.1,Melbourne Renegades,JW Wells,AJ Finch,JJS Sangha,1,0,,,,,,"",""
ball,2,13.2,Melbourne Renegades,AJ Finch,JW Wells,JJS Sangha,4,0,,,,,,"",""
ball,2,13.3,Melbourne Renegades,AJ Finch,JW Wells,JJS Sangha,0,0,,,,,,"",""
ball,2,13.4,Melbourne Renegades,AJ Finch,JW Wells,JJS Sangha,2,0,,,,,,"",""
ball,2,13.5,Melbourne Renegades,AJ Finch,JW Wells,JJS Sangha,4,0,,,,,,"",""
ball,2,13.6,Melbourne Renegades,AJ Finch,JW Wells,JJS Sangha,0,0,,,,,,"",""
ball,2,14.1,Melbourne Renegades,JW Wells,AJ Finch,DR Sams,2,0,,,,,,"",""
ball,2,14.2,Melbourne Renegades,JW Wells,AJ Finch,DR Sams,0,0,,,,,,lbw,JW Wells
ball,2,14.3,Melbourne Renegades,AD Russell,AJ Finch,DR Sams,1,0,,,,,,"",""
ball,2,14.4,Melbourne Renegades,AJ Finch,AD Russell,DR Sams,0,0,,,,,,"",""
ball,2,14.5,Melbourne Renegades,AJ Finch,AD Russell,DR Sams,1,0,,,,,,"",""
ball,2,14.6,Melbourne Renegades,AD Russell,AJ Finch,DR Sams,0,0,,,,,,"",""
ball,2,15.1,Melbourne Renegades,AJ Finch,AD Russell,Fazalhaq Farooqi,0,1,1,,,,,"",""
ball,2,15.2,Melbourne Renegades,AJ Finch,AD Russell,Fazalhaq Farooqi,0,1,,,,1,,"",""
ball,2,15.3,Melbourne Renegades,AD Russell,AJ Finch,Fazalhaq Farooqi,0,1,1,,,,,"",""
ball,2,15.4,Melbourne Renegades,AD Russell,AJ Finch,Fazalhaq Farooqi,0,0,,,,,,"",""
ball,2,15.5,Melbourne Renegades,AD Russell,AJ Finch,Fazalhaq Farooqi,1,0,,,,,,"",""
ball,2,15.6,Melbourne Renegades,AJ Finch,AD Russell,Fazalhaq Farooqi,1,0,,,,,,"",""
ball,2,15.7,Melbourne Renegades,AD Russell,AJ Finch,Fazalhaq Farooqi,4,0,,,,,,"",""
ball,2,15.8,Melbourne Renegades,AD Russell,AJ Finch,Fazalhaq Farooqi,1,0,,,,,,"",""
ball,2,16.1,Melbourne Renegades,AD Russell,AJ Finch,DR Sams,0,0,,,,,,caught,AD Russell
ball,2,16.2,Melbourne Renegades,AJ Hosein,AJ Finch,DR Sams,1,0,,,,,,"",""
ball,2,16.3,Melbourne Renegades,AJ Finch,AJ Hosein,DR Sams,6,0,,,,,,"",""
ball,2,16.4,Melbourne Renegades,AJ Finch,AJ Hosein,DR Sams,4,0,,,,,,"",""
ball,2,16.5,Melbourne Renegades,AJ Finch,AJ Hosein,DR Sams,4,0,,,,,,"",""
ball,2,16.6,Melbourne Renegades,AJ Finch,AJ Hosein,DR Sams,1,0,,,,,,"",""
ball,2,17.1,Melbourne Renegades,AJ Finch,AJ Hosein,B Doggett,1,0,,,,,,"",""
ball,2,17.2,Melbourne Renegades,AJ Hosein,AJ Finch,B Doggett,4,0,,,,,,"",""
ball,2,17.3,Melbourne Renegades,AJ Hosein,AJ Finch,B Doggett,2,0,,,,,,"",""
ball,2,17.4,Melbourne Renegades,AJ Hosein,AJ Finch,B Doggett,2,0,,,,,,"",""
ball,2,17.5,Melbourne Renegades,AJ Hosein,AJ Finch,B Doggett,2,0,,,,,,"",""
ball,2,17.6,Melbourne Renegades,AJ Hosein,AJ Finch,B Doggett,0,0,,,,,,"",""
ball,2,18.1,Melbourne Renegades,AJ Finch,AJ Hosein,Fazalhaq Farooqi,2,0,,,,,,"",""
ball,2,18.2,Melbourne Renegades,AJ Finch,AJ Hosein,Fazalhaq Farooqi,1,0,,,,,,"",""
ball,2,18.3,Melbourne Renegades,AJ Hosein,AJ Finch,Fazalhaq Farooqi,1,0,,,,,,"",""
ball,2,18.4,Melbourne Renegades,AJ Finch,AJ Hosein,Fazalhaq Farooqi,1,0,,,,,,"",""
ball,2,18.5,Melbourne Renegades,AJ Hosein,AJ Finch,Fazalhaq Farooqi,1,0,,,,,,"",""
ball,2,18.6,Melbourne Renegades,AJ Finch,AJ Hosein,Fazalhaq Farooqi,4,0,,,,,,"",""
ball,2,19.1,Melbourne Renegades,AJ Hosein,AJ Finch,GS Sandhu,0,0,,,,,,caught,AJ Hosein
ball,2,19.2,Melbourne Renegades,W Sutherland,AJ Finch,GS Sandhu,1,0,,,,,,"",""
ball,2,19.3,Melbourne Renegades,AJ Finch,W Sutherland,GS Sandhu,6,0,,,,,,"",""
ball,2,19.4,Melbourne Renegades,AJ Finch,W Sutherland,GS Sandhu,2,0,,,,,,"",""
ball,2,19.5,Melbourne Renegades,AJ Finch,W Sutherland,GS Sandhu,2,0,,,,,,"",""
