version,1.7.0
info,balls_per_over,6
info,team,Sydney Sixers
info,team,Perth Scorchers
info,gender,male
info,season,2022/23
info,date,2023/01/15
info,event,Big Bash League
info,match_number,43
info,venue,Sydney Cricket Ground
info,city,Sydney
info,toss_winner,Perth Scorchers
info,toss_decision,field
info,player_of_match,SA Abbott
info,umpire,BC Treloar
info,umpire,P Wilson
info,reserve_umpire,AR Hamilton
info,tv_umpire,Troy Penman
info,match_referee,SR Cary
info,winner,Sydney Sixers
info,winner_runs,6
info,player,Sydney Sixers,JR Philippe
info,player,Sydney Sixers,SPD Smith
info,player,Sydney Sixers,KR Patterson
info,player,Sydney Sixers,MC Henriques
info,player,Sydney Sixers,JC Silk
info,player,Sydney Sixers,DT Christian
info,player,Sydney Sixers,BJ Dwarshuis
info,player,Sydney Sixers,H Kerr
info,player,Sydney Sixers,SA Abbott
info,player,Sydney Sixers,NM Lyon
info,player,Sydney Sixers,SNJ O'Keefe
info,player,Perth Scorchers,SS Eskinazi
info,player,Perth Scorchers,CT Bancroft
info,player,Perth Scorchers,AM Hardie
info,player,Perth Scorchers,JP Inglis
info,player,Perth Scorchers,AJ Turner
info,player,Perth Scorchers,NR Hobson
info,player,Perth Scorchers,AC Agar
info,player,Perth Scorchers,AJ Tye
info,player,Perth Scorchers,DA Payne
info,player,Perth Scorchers,JP Behrendorff
info,player,Perth Scorchers,P Hatzoglou
info,registry,people,AC Agar,a2421394
info,registry,people,AJ Turner,ff1e12a0
info,registry,people,AJ Tye,7c7d63a2
info,registry,people,AM Hardie,d405c0d5
info,registry,people,AR Hamilton,95d26c59
info,registry,people,BC Treloar,f7e8ee52
info,registry,people,BJ Dwarshuis,e1b9f3a9
info,registry,people,CT Bancroft,399b0b94
info,registry,people,DA Payne,6c79c098
info,registry,people,DT Christian,2a2e6343
info,registry,people,H Kerr,f422728b
info,registry,people,JC Silk,7a6dc294
info,registry,people,JP Behrendorff,4933f499
info,registry,people,JP Inglis,989889ff
info,registry,people,JR Philippe,39086549
info,registry,people,KR Patterson,e3bf8356
info,registry,people,MC Henriques,32198ae0
info,registry,people,NM Lyon,96a6a7ad
info,registry,people,NR Hobson,4312e0fd
info,registry,people,P Hatzoglou,6f95e5fa
info,registry,people,P Wilson,68304a36
info,registry,people,SA Abbott,1a2676c5
info,registry,people,SNJ O'Keefe,3540beff
info,registry,people,SPD Smith,30a45b23
info,registry,people,SR Cary,5f402ea7
info,registry,people,SS Eskinazi,75cbed9b
info,registry,people,Troy Penman,0aa42c26
ball,1,0.1,Sydney Sixers,JR Philippe,SPD Smith,JP Behrendorff,1,0,,,,,,"",""
ball,1,0.2,Sydney Sixers,SPD Smith,JR Philippe,JP Behrendorff,0,0,,,,,,"",""
ball,1,0.3,Sydney Sixers,SPD Smith,JR Philippe,JP Behrendorff,0,0,,,,,,"",""
ball,1,0.4,Sydney Sixers,SPD Smith,JR Philippe,JP Behrendorff,0,0,,,,,,"",""
ball,1,0.5,Sydney Sixers,SPD Smith,JR Philippe,JP Behrendorff,0,0,,,,,,"",""
ball,1,0.6,Sydney Sixers,SPD Smith,JR Philippe,JP Behrendorff,0,0,,,,,,"",""
ball,1,1.1,Sydney Sixers,JR Philippe,SPD Smith,DA Payne,0,0,,,,,,"",""
ball,1,1.2,Sydney Sixers,JR Philippe,SPD Smith,DA Payne,4,0,,,,,,"",""
ball,1,1.3,Sydney Sixers,JR Philippe,SPD Smith,DA Payne,0,0,,,,,,"",""
ball,1,1.4,Sydney Sixers,JR Philippe,SPD Smith,DA Payne,0,0,,,,,,"",""
ball,1,1.5,Sydney Sixers,JR Philippe,SPD Smith,DA Payne,0,0,,,,,,"",""
ball,1,1.6,Sydney Sixers,JR Philippe,SPD Smith,DA Payne,0,0,,,,,,"",""
ball,1,2.1,Sydney Sixers,SPD Smith,JR Philippe,JP Behrendorff,2,0,,,,,,"",""
ball,1,2.2,Sydney Sixers,SPD Smith,JR Philippe,JP Behrendorff,0,0,,,,,,"",""
ball,1,2.3,Sydney Sixers,SPD Smith,JR Philippe,JP Behrendorff,6,0,,,,,,"",""
ball,1,2.4,Sydney Sixers,SPD Smith,JR Philippe,JP Behrendorff,0,0,,,,,,"",""
ball,1,2.5,Sydney Sixers,SPD Smith,JR Philippe,JP Behrendorff,4,0,,,,,,"",""
ball,1,2.6,Sydney Sixers,SPD Smith,JR Philippe,JP Behrendorff,0,0,,,,,,"",""
ball,1,3.1,Sydney Sixers,JR Philippe,SPD Smith,DA Payne,1,0,,,,,,"",""
ball,1,3.2,Sydney Sixers,SPD Smith,JR Philippe,DA Payne,4,0,,,,,,"",""
ball,1,3.3,Sydney Sixers,SPD Smith,JR Philippe,DA Payne,1,0,,,,,,"",""
ball,1,3.4,Sydney Sixers,JR Philippe,SPD Smith,DA Payne,1,0,,,,,,"",""
ball,1,3.5,Sydney Sixers,SPD Smith,JR Philippe,DA Payne,0,0,,,,,,"",""
ball,1,3.6,Sydney Sixers,SPD Smith,JR Philippe,DA Payne,0,0,,,,,,"",""
ball,1,4.1,Sydney Sixers,JR Philippe,SPD Smith,AC Agar,0,0,,,,,,"",""
ball,1,4.2,Sydney Sixers,JR Philippe,SPD Smith,AC Agar,1,0,,,,,,"",""
ball,1,4.3,Sydney Sixers,SPD Smith,JR Philippe,AC Agar,4,0,,,,,,"",""
ball,1,4.4,Sydney Sixers,SPD Smith,JR Philippe,AC Agar,1,0,,,,,,"",""
ball,1,4.5,Sydney Sixers,JR Philippe,SPD Smith,AC Agar,1,0,,,,,,"",""
ball,1,4.6,Sydney Sixers,SPD Smith,JR Philippe,AC Agar,0,0,,,,,,"",""
ball,1,5.1,Sydney Sixers,JR Philippe,SPD Smith,P Hatzoglou,0,0,,,,,,"",""
ball,1,5.2,Sydney Sixers,JR Philippe,SPD Smith,P Hatzoglou,1,0,,,,,,"",""
ball,1,5.3,Sydney Sixers,SPD Smith,JR Philippe,P Hatzoglou,1,0,,,,,,"",""
ball,1,5.4,Sydney Sixers,JR Philippe,SPD Smith,P Hatzoglou,1,0,,,,,,"",""
ball,1,5.5,Sydney Sixers,SPD Smith,JR Philippe,P Hatzoglou,0,0,,,,,,"",""
ball,1,5.6,Sydney Sixers,SPD Smith,JR Philippe,P Hatzoglou,1,0,,,,,,"",""
ball,1,6.1,Sydney Sixers,SPD Smith,JR Philippe,AC Agar,6,0,,,,,,"",""
ball,1,6.2,Sydney Sixers,SPD Smith,JR Philippe,AC Agar,1,0,,,,,,"",""
ball,1,6.3,Sydney Sixers,JR Philippe,SPD Smith,AC Agar,0,0,,,,,,"",""
ball,1,6.4,Sydney Sixers,JR Philippe,SPD Smith,AC Agar,1,0,,,,,,"",""
ball,1,6.5,Sydney Sixers,SPD Smith,JR Philippe,AC Agar,1,0,,,,,,"",""
ball,1,6.6,Sydney Sixers,JR Philippe,SPD Smith,AC Agar,3,0,,,,,,"",""
ball,1,7.1,Sydney Sixers,JR Philippe,SPD Smith,P Hatzoglou,1,0,,,,,,"",""
ball,1,7.2,Sydney Sixers,SPD Smith,JR Philippe,P Hatzoglou,4,0,,,,,,"",""
ball,1,7.3,Sydney Sixers,SPD Smith,JR Philippe,P Hatzoglou,0,0,,,,,,"",""
ball,1,7.4,Sydney Sixers,SPD Smith,JR Philippe,P Hatzoglou,0,0,,,,,,caught,SPD Smith
ball,1,7.5,Sydney Sixers,KR Patterson,JR Philippe,P Hatzoglou,2,0,,,,,,"",""
ball,1,7.6,Sydney Sixers,KR Patterson,JR Philippe,P Hatzoglou,0,1,1,,,,,"",""
ball,1,7.7,Sydney Sixers,KR Patterson,JR Philippe,P Hatzoglou,1,0,,,,,,"",""
ball,1,8.1,Sydney Sixers,KR Patterson,JR Philippe,AJ Tye,1,0,,,,,,"",""
ball,1,8.2,Sydney Sixers,JR Philippe,KR Patterson,AJ Tye,1,0,,,,,,"",""
ball,1,8.3,Sydney Sixers,KR Patterson,JR Philippe,AJ Tye,4,0,,,,,,"",""
ball,1,8.4,Sydney Sixers,KR Patterson,JR Philippe,AJ Tye,1,0,,,,,,"",""
ball,1,8.5,Sydney Sixers,JR Philippe,KR Patterson,AJ Tye,1,0,,,,,,"",""
ball,1,8.6,Sydney Sixers,KR Patterson,JR Philippe,AJ Tye,1,0,,,,,,"",""
ball,1,9.1,Sydney Sixers,KR Patterson,JR Philippe,AJ Turner,1,0,,,,,,"",""
ball,1,9.2,Sydney Sixers,JR Philippe,KR Patterson,AJ Turner,4,0,,,,,,"",""
ball,1,9.3,Sydney Sixers,JR Philippe,KR Patterson,AJ Turner,2,0,,,,,,"",""
ball,1,9.4,Sydney Sixers,JR Philippe,KR Patterson,AJ Turner,2,0,,,,,,"",""
ball,1,9.5,Sydney Sixers,JR Philippe,KR Patterson,AJ Turner,1,0,,,,,,"",""
ball,1,9.6,Sydney Sixers,KR Patterson,JR Philippe,AJ Turner,1,0,,,,,,"",""
ball,1,10.1,Sydney Sixers,KR Patterson,JR Philippe,JP Behrendorff,4,0,,,,,,"",""
ball,1,10.2,Sydney Sixers,KR Patterson,JR Philippe,JP Behrendorff,0,0,,,,,,"",""
ball,1,10.3,Sydney Sixers,KR Patterson,JR Philippe,JP Behrendorff,4,0,,,,,,"",""
ball,1,10.4,Sydney Sixers,KR Patterson,JR Philippe,JP Behrendorff,1,0,,,,,,"",""
ball,1,10.5,Sydney Sixers,JR Philippe,KR Patterson,JP Behrendorff,1,0,,,,,,"",""
ball,1,10.6,Sydney Sixers,KR Patterson,JR Philippe,JP Behrendorff,1,0,,,,,,"",""
ball,1,11.1,Sydney Sixers,KR Patterson,JR Philippe,P Hatzoglou,0,0,,,,,,"",""
ball,1,11.2,Sydney Sixers,KR Patterson,JR Philippe,P Hatzoglou,1,0,,,,,,"",""
ball,1,11.3,Sydney Sixers,JR Philippe,KR Patterson,P Hatzoglou,1,0,,,,,,"",""
ball,1,11.4,Sydney Sixers,KR Patterson,JR Philippe,P Hatzoglou,0,0,,,,,,bowled,KR Patterson
ball,1,11.5,Sydney Sixers,MC Henriques,JR Philippe,P Hatzoglou,1,0,,,,,,"",""
ball,1,11.6,Sydney Sixers,JR Philippe,MC Henriques,P Hatzoglou,1,0,,,,,,"",""
ball,1,12.1,Sydney Sixers,JR Philippe,MC Henriques,AC Agar,0,1,1,,,,,"",""
ball,1,12.2,Sydney Sixers,JR Philippe,MC Henriques,AC Agar,0,0,,,,,,"",""
ball,1,12.3,Sydney Sixers,JR Philippe,MC Henriques,AC Agar,1,0,,,,,,"",""
ball,1,12.4,Sydney Sixers,MC Henriques,JR Philippe,AC Agar,3,0,,,,,,"",""
ball,1,12.5,Sydney Sixers,JR Philippe,MC Henriques,AC Agar,1,0,,,,,,"",""
ball,1,12.6,Sydney Sixers,MC Henriques,JR Philippe,AC Agar,0,1,,,,1,,"",""
ball,1,12.7,Sydney Sixers,JR Philippe,MC Henriques,AC Agar,2,0,,,,,,"",""
ball,1,13.1,Sydney Sixers,MC Henriques,JR Philippe,P Hatzoglou,1,0,,,,,,"",""
ball,1,13.2,Sydney Sixers,JR Philippe,MC Henriques,P Hatzoglou,0,0,,,,,,"",""
ball,1,13.3,Sydney Sixers,JR Philippe,MC Henriques,P Hatzoglou,1,0,,,,,,"",""
ball,1,13.4,Sydney Sixers,MC Henriques,JR Philippe,P Hatzoglou,1,0,,,,,,"",""
ball,1,13.5,Sydney Sixers,JR Philippe,MC Henriques,P Hatzoglou,6,0,,,,,,"",""
ball,1,13.6,Sydney Sixers,JR Philippe,MC Henriques,P Hatzoglou,1,0,,,,,,"",""
ball,1,14.1,Sydney Sixers,JR Philippe,MC Henriques,AJ Tye,0,0,,,,,,"",""
ball,1,14.2,Sydney Sixers,JR Philippe,MC Henriques,AJ Tye,1,0,,,,,,run out,MC Henriques
ball,1,14.3,Sydney Sixers,JR Philippe,JC Silk,AJ Tye,1,0,,,,,,"",""
ball,1,14.4,Sydney Sixers,JC Silk,JR Philippe,AJ Tye,0,0,,,,,,"",""
ball,1,14.5,Sydney Sixers,JC Silk,JR Philippe,AJ Tye,1,0,,,,,,"",""
ball,1,14.6,Sydney Sixers,JR Philippe,JC Silk,AJ Tye,1,0,,,,,,"",""
ball,1,15.1,Sydney Sixers,JR Philippe,JC Silk,DA Payne,2,0,,,,,,"",""
ball,1,15.2,Sydney Sixers,JR Philippe,JC Silk,DA Payne,2,0,,,,,,"",""
ball,1,15.3,Sydney Sixers,JR Philippe,JC Silk,DA Payne,0,0,,,,,,"",""
ball,1,15.4,Sydney Sixers,JR Philippe,JC Silk,DA Payne,1,0,,,,,,"",""
ball,1,15.5,Sydney Sixers,JC Silk,JR Philippe,DA Payne,4,0,,,,,,"",""
ball,1,15.6,Sydney Sixers,JC Silk,JR Philippe,DA Payne,1,0,,,,,,"",""
ball,1,16.1,Sydney Sixers,JC Silk,JR Philippe,AJ Tye,0,2,,,2,,,"",""
ball,1,16.2,Sydney Sixers,JC Silk,JR Philippe,AJ Tye,0,0,,,,,,"",""
ball,1,16.3,Sydney Sixers,JC Silk,JR Philippe,AJ Tye,0,0,,,,,,"",""
ball,1,16.4,Sydney Sixers,JC Silk,JR Philippe,AJ Tye,0,0,,,,,,"",""
ball,1,16.5,Sydney Sixers,JC Silk,JR Philippe,AJ Tye,0,0,,,,,,"",""
ball,1,16.6,Sydney Sixers,JC Silk,JR Philippe,AJ Tye,2,0,,,,,,"",""
ball,1,17.1,Sydney Sixers,JR Philippe,JC Silk,JP Behrendorff,1,0,,,,,,"",""
ball,1,17.2,Sydney Sixers,JC Silk,JR Philippe,JP Behrendorff,1,0,,,,,,"",""
ball,1,17.3,Sydney Sixers,JR Philippe,JC Silk,JP Behrendorff,1,0,,,,,,"",""
ball,1,17.4,Sydney Sixers,JC Silk,JR Philippe,JP Behrendorff,1,0,,,,,,"",""
ball,1,17.5,Sydney Sixers,JR Philippe,JC Silk,JP Behrendorff,2,0,,,,,,"",""
ball,1,17.6,Sydney Sixers,JR Philippe,JC Silk,JP Behrendorff,0,0,,,,,,caught,JR Philippe
ball,1,18.1,Sydney Sixers,JC Silk,DT Christian,AJ Tye,4,0,,,,,,"",""
ball,1,18.2,Sydney Sixers,JC Silk,DT Christian,AJ Tye,0,0,,,,,,"",""
ball,1,18.3,Sydney Sixers,JC Silk,DT Christian,AJ Tye,1,0,,,,,,"",""
ball,1,18.4,Sydney Sixers,DT Christian,JC Silk,AJ Tye,1,0,,,,,,"",""
ball,1,18.5,Sydney Sixers,JC Silk,DT Christian,AJ Tye,0,0,,,,,,"",""
ball,1,18.6,Sydney Sixers,JC Silk,DT Christian,AJ Tye,1,0,,,,,,"",""
ball,1,19.1,Sydney Sixers,JC Silk,DT Christian,DA Payne,0,0,,,,,,run out,DT Christian
ball,1,19.2,Sydney Sixers,BJ Dwarshuis,JC Silk,DA Payne,1,0,,,,,,"",""
ball,1,19.3,Sydney Sixers,JC Silk,BJ Dwarshuis,DA Payne,0,1,,,,1,,"",""
ball,1,19.4,Sydney Sixers,BJ Dwarshuis,JC Silk,DA Payne,1,0,,,,,,"",""
ball,1,19.5,Sydney Sixers,JC Silk,BJ Dwarshuis,DA Payne,1,0,,,,,,"",""
ball,1,19.6,Sydney Sixers,BJ Dwarshuis,JC Silk,DA Payne,6,0,,,,,,"",""
ball,2,0.1,Perth Scorchers,SS Eskinazi,CT Bancroft,SNJ O'Keefe,0,0,,,,,,"",""
ball,2,0.2,Perth Scorchers,SS Eskinazi,CT Bancroft,SNJ O'Keefe,4,0,,,,,,"",""
ball,2,0.3,Perth Scorchers,SS Eskinazi,CT Bancroft,SNJ O'Keefe,0,0,,,,,,"",""
ball,2,0.4,Perth Scorchers,SS Eskinazi,CT Bancroft,SNJ O'Keefe,1,0,,,,,,"",""
ball,2,0.5,Perth Scorchers,CT Bancroft,SS Eskinazi,SNJ O'Keefe,1,0,,,,,,"",""
ball,2,0.6,Perth Scorchers,SS Eskinazi,CT Bancroft,SNJ O'Keefe,1,0,,,,,,"",""
ball,2,1.1,Perth Scorchers,SS Eskinazi,CT Bancroft,SA Abbott,0,0,,,,,,"",""
ball,2,1.2,Perth Scorchers,SS Eskinazi,CT Bancroft,SA Abbott,2,0,,,,,,"",""
ball,2,1.3,Perth Scorchers,SS Eskinazi,CT Bancroft,SA Abbott,1,0,,,,,,"",""
ball,2,1.4,Perth Scorchers,CT Bancroft,SS Eskinazi,SA Abbott,0,0,,,,,,caught,CT Bancroft
ball,2,1.5,Perth Scorchers,AM Hardie,SS Eskinazi,SA Abbott,0,0,,,,,,"",""
ball,2,1.6,Perth Scorchers,AM Hardie,SS Eskinazi,SA Abbott,0,0,,,,,,"",""
ball,2,2.1,Perth Scorchers,SS Eskinazi,AM Hardie,SNJ O'Keefe,1,0,,,,,,"",""
ball,2,2.2,Perth Scorchers,AM Hardie,SS Eskinazi,SNJ O'Keefe,1,0,,,,,,"",""
ball,2,2.3,Perth Scorchers,SS Eskinazi,AM Hardie,SNJ O'Keefe,0,0,,,,,,"",""
ball,2,2.4,Perth Scorchers,SS Eskinazi,AM Hardie,SNJ O'Keefe,0,0,,,,,,"",""
ball,2,2.5,Perth Scorchers,SS Eskinazi,AM Hardie,SNJ O'Keefe,0,0,,,,,,"",""
ball,2,2.6,Perth Scorchers,SS Eskinazi,AM Hardie,SNJ O'Keefe,1,0,,,,,,"",""
ball,2,3.1,Perth Scorchers,SS Eskinazi,AM Hardie,SA Abbott,1,0,,,,,,"",""
ball,2,3.2,Perth Scorchers,AM Hardie,SS Eskinazi,SA Abbott,0,0,,,,,,"",""
ball,2,3.3,Perth Scorchers,AM Hardie,SS Eskinazi,SA Abbott,0,0,,,,,,bowled,AM Hardie
ball,2,3.4,Perth Scorchers,JP Inglis,SS Eskinazi,SA Abbott,0,0,,,,,,"",""
ball,2,3.5,Perth Scorchers,JP Inglis,SS Eskinazi,SA Abbott,0,0,,,,,,"",""
ball,2,3.6,Perth Scorchers,JP Inglis,SS Eskinazi,SA Abbott,1,0,,,,,,"",""
ball,2,4.1,Perth Scorchers,JP Inglis,SS Eskinazi,NM Lyon,0,0,,,,,,"",""
ball,2,4.2,Perth Scorchers,JP Inglis,SS Eskinazi,NM Lyon,1,0,,,,,,"",""
ball,2,4.3,Perth Scorchers,SS Eskinazi,JP Inglis,NM Lyon,4,0,,,,,,"",""
ball,2,4.4,Perth Scorchers,SS Eskinazi,JP Inglis,NM Lyon,1,0,,,,,,"",""
ball,2,4.5,Perth Scorchers,JP Inglis,SS Eskinazi,NM Lyon,0,0,,,,,,"",""
ball,2,4.6,Perth Scorchers,JP Inglis,SS Eskinazi,NM Lyon,1,0,,,,,,"",""
ball,2,5.1,Perth Scorchers,JP Inglis,SS Eskinazi,BJ Dwarshuis,3,0,,,,,,"",""
ball,2,5.2,Perth Scorchers,SS Eskinazi,JP Inglis,BJ Dwarshuis,0,1,,,,1,,"",""
ball,2,5.3,Perth Scorchers,JP Inglis,SS Eskinazi,BJ Dwarshuis,4,0,,,,,,"",""
ball,2,5.4,Perth Scorchers,JP Inglis,SS Eskinazi,BJ Dwarshuis,0,0,,,,,,"",""
ball,2,5.5,Perth Scorchers,JP Inglis,SS Eskinazi,BJ Dwarshuis,1,0,,,,,,"",""
ball,2,5.6,Perth Scorchers,SS Eskinazi,JP Inglis,BJ Dwarshuis,4,0,,,,,,"",""
ball,2,6.1,Perth Scorchers,JP Inglis,SS Eskinazi,H Kerr,0,0,,,,,,"",""
ball,2,6.2,Perth Scorchers,JP Inglis,SS Eskinazi,H Kerr,0,0,,,,,,caught,JP Inglis
ball,2,6.3,Perth Scorchers,AJ Turner,SS Eskinazi,H Kerr,1,0,,,,,,"",""
ball,2,6.4,Perth Scorchers,SS Eskinazi,AJ Turner,H Kerr,1,0,,,,,,"",""
ball,2,6.5,Perth Scorchers,AJ Turner,SS Eskinazi,H Kerr,1,0,,,,,,"",""
ball,2,6.6,Perth Scorchers,SS Eskinazi,AJ Turner,H Kerr,1,0,,,,,,"",""
ball,2,7.1,Perth Scorchers,SS Eskinazi,AJ Turner,BJ Dwarshuis,1,0,,,,,,"",""
ball,2,7.2,Perth Scorchers,AJ Turner,SS Eskinazi,BJ Dwarshuis,1,0,,,,,,"",""
ball,2,7.3,Perth Scorchers,SS Eskinazi,AJ Turner,BJ Dwarshuis,0,0,,,,,,"",""
ball,2,7.4,Perth Scorchers,SS Eskinazi,AJ Turner,BJ Dwarshuis,2,0,,,,,,"",""
ball,2,7.5,Perth Scorchers,SS Eskinazi,AJ Turner,BJ Dwarshuis,1,0,,,,,,"",""
ball,2,7.6,Perth Scorchers,AJ Turner,SS Eskinazi,BJ Dwarshuis,0,0,,,,,,"",""
ball,2,8.1,Perth Scorchers,SS Eskinazi,AJ Turner,SNJ O'Keefe,1,0,,,,,,"",""
ball,2,8.2,Perth Scorchers,AJ Turner,SS Eskinazi,SNJ O'Keefe,1,0,,,,,,"",""
ball,2,8.3,Perth Scorchers,SS Eskinazi,AJ Turner,SNJ O'Keefe,1,0,,,,,,"",""
ball,2,8.4,Perth Scorchers,AJ Turner,SS Eskinazi,SNJ O'Keefe,2,0,,,,,,"",""
ball,2,8.5,Perth Scorchers,AJ Turner,SS Eskinazi,SNJ O'Keefe,4,0,,,,,,"",""
ball,2,8.6,Perth Scorchers,AJ Turner,SS Eskinazi,SNJ O'Keefe,1,0,,,,,,"",""
ball,2,9.1,Perth Scorchers,AJ Turner,SS Eskinazi,H Kerr,1,0,,,,,,"",""
ball,2,9.2,Perth Scorchers,SS Eskinazi,AJ Turner,H Kerr,4,0,,,,,,"",""
ball,2,9.3,Perth Scorchers,SS Eskinazi,AJ Turner,H Kerr,2,0,,,,,,"",""
ball,2,9.4,Perth Scorchers,SS Eskinazi,AJ Turner,H Kerr,1,0,,,,,,"",""
ball,2,9.5,Perth Scorchers,AJ Turner,SS Eskinazi,H Kerr,1,0,,,,,,"",""
ball,2,9.6,Perth Scorchers,SS Eskinazi,AJ Turner,H Kerr,0,0,,,,,,"",""
ball,2,10.1,Perth Scorchers,AJ Turner,SS Eskinazi,SA Abbott,1,0,,,,,,"",""
ball,2,10.2,Perth Scorchers,SS Eskinazi,AJ Turner,SA Abbott,1,0,,,,,,"",""
ball,2,10.3,Perth Scorchers,AJ Turner,SS Eskinazi,SA Abbott,1,0,,,,,,"",""
ball,2,10.4,Perth Scorchers,SS Eskinazi,AJ Turner,SA Abbott,1,0,,,,,,"",""
ball,2,10.5,Perth Scorchers,AJ Turner,SS Eskinazi,SA Abbott,1,0,,,,,,"",""
ball,2,10.6,Perth Scorchers,SS Eskinazi,AJ Turner,SA Abbott,4,0,,,,,,"",""
ball,2,11.1,Perth Scorchers,AJ Turner,SS Eskinazi,H Kerr,6,0,,,,,,"",""
ball,2,11.2,Perth Scorchers,AJ Turner,SS Eskinazi,H Kerr,1,0,,,,,,"",""
ball,2,11.3,Perth Scorchers,SS Eskinazi,AJ Turner,H Kerr,1,0,,,,,,"",""
ball,2,11.4,Perth Scorchers,AJ Turner,SS Eskinazi,H Kerr,0,0,,,,,,caught,AJ Turner
ball,2,11.5,Perth Scorchers,NR Hobson,SS Eskinazi,H Kerr,0,0,,,,,,"",""
ball,2,11.6,Perth Scorchers,NR Hobson,SS Eskinazi,H Kerr,2,0,,,,,,"",""
ball,2,12.1,Perth Scorchers,SS Eskinazi,NR Hobson,NM Lyon,0,0,,,,,,"",""
ball,2,12.2,Perth Scorchers,SS Eskinazi,NR Hobson,NM Lyon,1,0,,,,,,"",""
ball,2,12.3,Perth Scorchers,NR Hobson,SS Eskinazi,NM Lyon,0,0,,,,,,"",""
ball,2,12.4,Perth Scorchers,NR Hobson,SS Eskinazi,NM Lyon,6,0,,,,,,"",""
ball,2,12.5,Perth Scorchers,NR Hobson,SS Eskinazi,NM Lyon,1,0,,,,,,"",""
ball,2,12.6,Perth Scorchers,SS Eskinazi,NR Hobson,NM Lyon,0,0,,,,,,"",""
ball,2,13.1,Perth Scorchers,NR Hobson,SS Eskinazi,SNJ O'Keefe,0,0,,,,,,"",""
ball,2,13.2,Perth Scorchers,NR Hobson,SS Eskinazi,SNJ O'Keefe,1,0,,,,,,"",""
ball,2,13.3,Perth Scorchers,SS Eskinazi,NR Hobson,SNJ O'Keefe,2,0,,,,,,"",""
ball,2,13.4,Perth Scorchers,SS Eskinazi,NR Hobson,SNJ O'Keefe,1,0,,,,,,"",""
ball,2,13.5,Perth Scorchers,NR Hobson,SS Eskinazi,SNJ O'Keefe,1,0,,,,,,"",""
ball,2,13.6,Perth Scorchers,SS Eskinazi,NR Hobson,SNJ O'Keefe,1,0,,,,,,"",""
ball,2,14.1,Perth Scorchers,SS Eskinazi,NR Hobson,NM Lyon,1,0,,,,,,"",""
ball,2,14.2,Perth Scorchers,NR Hobson,SS Eskinazi,NM Lyon,6,0,,,,,,"",""
ball,2,14.3,Perth Scorchers,NR Hobson,SS Eskinazi,NM Lyon,0,0,,,,,,"",""
ball,2,14.4,Perth Scorchers,NR Hobson,SS Eskinazi,NM Lyon,4,0,,,,,,"",""
ball,2,14.5,Perth Scorchers,NR Hobson,SS Eskinazi,NM Lyon,1,0,,,,,,"",""
ball,2,14.6,Perth Scorchers,SS Eskinazi,NR Hobson,NM Lyon,1,0,,,,,,"",""
ball,2,15.1,Perth Scorchers,SS Eskinazi,NR Hobson,BJ Dwarshuis,1,0,,,,,,"",""
ball,2,15.2,Perth Scorchers,NR Hobson,SS Eskinazi,BJ Dwarshuis,2,0,,,,,,"",""
ball,2,15.3,Perth Scorchers,NR Hobson,SS Eskinazi,BJ Dwarshuis,0,0,,,,,,"",""
ball,2,15.4,Perth Scorchers,NR Hobson,SS Eskinazi,BJ Dwarshuis,1,0,,,,,,"",""
ball,2,15.5,Perth Scorchers,SS Eskinazi,NR Hobson,BJ Dwarshuis,1,0,,,,,,"",""
ball,2,15.6,Perth Scorchers,NR Hobson,SS Eskinazi,BJ Dwarshuis,2,0,,,,,,"",""
ball,2,16.1,Perth Scorchers,SS Eskinazi,NR Hobson,SA Abbott,1,0,,,,,,"",""
ball,2,16.2,Perth Scorchers,NR Hobson,SS Eskinazi,SA Abbott,0,0,,,,,,"",""
ball,2,16.3,Perth Scorchers,NR Hobson,SS Eskinazi,SA Abbott,0,0,,,,,,caught,NR Hobson
ball,2,16.4,Perth Scorchers,AC Agar,SS Eskinazi,SA Abbott,1,0,,,,,,"",""
ball,2,16.5,Perth Scorchers,SS Eskinazi,AC Agar,SA Abbott,1,0,,,,,,"",""
ball,2,16.6,Perth Scorchers,AC Agar,SS Eskinazi,SA Abbott,1,0,,,,,,"",""
ball,2,17.1,Perth Scorchers,AC Agar,SS Eskinazi,BJ Dwarshuis,1,0,,,,,,"",""
ball,2,17.2,Perth Scorchers,SS Eskinazi,AC Agar,BJ Dwarshuis,0,0,,,,,,"",""
ball,2,17.3,Perth Scorchers,SS Eskinazi,AC Agar,BJ Dwarshuis,2,0,,,,,,"",""
ball,2,17.4,Perth Scorchers,SS Eskinazi,AC Agar,BJ Dwarshuis,2,0,,,,,,"",""
ball,2,17.5,Perth Scorchers,SS Eskinazi,AC Agar,BJ Dwarshuis,4,0,,,,,,"",""
ball,2,17.6,Perth Scorchers,SS Eskinazi,AC Agar,BJ Dwarshuis,0,0,,,,,,"",""
ball,2,18.1,Perth Scorchers,AC Agar,SS Eskinazi,DT Christian,0,0,,,,,,caught,AC Agar
ball,2,18.2,Perth Scorchers,AJ Tye,SS Eskinazi,DT Christian,2,0,,,,,,"",""
ball,2,18.3,Perth Scorchers,AJ Tye,SS Eskinazi,DT Christian,2,0,,,,,,"",""
ball,2,18.4,Perth Scorchers,AJ Tye,SS Eskinazi,DT Christian,2,0,,,,,,"",""
ball,2,18.5,Perth Scorchers,AJ Tye,SS Eskinazi,DT Christian,0,0,,,,,,bowled,AJ Tye
ball,2,18.6,Perth Scorchers,DA Payne,SS Eskinazi,DT Christian,1,0,,,,,,"",""
ball,2,19.1,Perth Scorchers,DA Payne,SS Eskinazi,H Kerr,1,0,,,,,,"",""
ball,2,19.2,Perth Scorchers,SS Eskinazi,DA Payne,H Kerr,4,0,,,,,,"",""
ball,2,19.3,Perth Scorchers,SS Eskinazi,DA Payne,H Kerr,0,0,,,,,,"",""
ball,2,19.4,Perth Scorchers,SS Eskinazi,DA Payne,H Kerr,0,1,,,,1,,"",""
ball,2,19.5,Perth Scorchers,DA Payne,SS Eskinazi,H Kerr,2,0,,,,,,"",""
ball,2,19.6,Perth Scorchers,DA Payne,SS Eskinazi,H Kerr,1,0,,,,,,"",""
