version,1.7.0
info,balls_per_over,6
info,team,Melbourne Renegades
info,team,Melbourne Stars
info,gender,male
info,season,2022/23
info,date,2023/01/03
info,event,Big Bash League
info,match_number,27
info,venue,Melbourne Cricket Ground
info,city,Melbourne
info,toss_winner,Melbourne Stars
info,toss_decision,field
info,player_of_match,TS Rogers
info,umpire,GA Abood
info,umpire,PJ Gillespie
info,reserve_umpire,Mattis van Eck
info,tv_umpire,SAJ Craig
info,match_referee,RW Stratford
info,winner,Melbourne Renegades
info,winner_runs,33
info,player,Melbourne Renegades,MJ Guptill
info,player,Melbourne Renegades,SB Harper
info,player,Melbourne Renegades,SE Marsh
info,player,Melbourne Renegades,AJ Finch
info,player,Melbourne Renegades,JW Wells
info,player,Melbourne Renegades,MW Harvey
info,player,Melbourne Renegades,W Sutherland
info,player,Melbourne Renegades,AJ Hosein
info,player,Melbourne Renegades,TS Rogers
info,player,Melbourne Renegades,KW Richardson
info,player,Melbourne Renegades,Mujeeb Ur Rahman
info,player,Melbourne Stars,JM Clarke
info,player,Melbourne Stars,TF Rogers
info,player,Melbourne Stars,BJ Webster
info,player,Melbourne Stars,MP Stoinis
info,player,Melbourne Stars,HWR Cartwright
info,player,Melbourne Stars,NCR Larkin
info,player,Melbourne Stars,C Kellaway
info,player,Melbourne Stars,NM Coulter-Nile
info,player,Melbourne Stars,L Wood
info,player,Melbourne Stars,TA Boult
info,player,Melbourne Stars,A Zampa
info,registry,people,A Zampa,14f96089
info,registry,people,AJ Finch,b8d490fd
info,registry,people,AJ Hosein,4d7f517e
info,registry,people,BJ Webster,56b93d46
info,registry,people,C Kellaway,60c28835
info,registry,people,GA Abood,a4af5528
info,registry,people,HWR Cartwright,ab965cad
info,registry,people,JM Clarke,2eca67f5
info,registry,people,JW Wells,8bdac857
info,registry,people,KW Richardson,dfc4d8b5
info,registry,people,L Wood,65b6943c
info,registry,people,MJ Guptill,2be41edb
info,registry,people,MP Stoinis,d9273ee7
info,registry,people,MW Harvey,47dc9794
info,registry,people,Mattis van Eck,bf1a68c1
info,registry,people,Mujeeb Ur Rahman,7d92277a
info,registry,people,NCR Larkin,02bce9a8
info,registry,people,NM Coulter-Nile,56ab442f
info,registry,people,PJ Gillespie,3e253a50
info,registry,people,RW Stratford,85489579
info,registry,people,SAJ Craig,689f2eed
info,registry,people,SB Harper,a756e61a
info,registry,people,SE Marsh,508a1ea7
info,registry,people,TA Boult,a818c1be
info,registry,people,TF Rogers,7f232d46
info,registry,people,TS Rogers,1b04e02b
info,registry,people,W Sutherland,bc2d4f2e
ball,1,0.1,Melbourne Renegades,MJ Guptill,SB Harper,TA Boult,2,0,,,,,,"",""
ball,1,0.2,Melbourne Renegades,MJ Guptill,SB Harper,TA Boult,4,0,,,,,,"",""
ball,1,0.3,Melbourne Renegades,MJ Guptill,SB Harper,TA Boult,2,0,,,,,,"",""
ball,1,0.4,Melbourne Renegades,MJ Guptill,SB Harper,TA Boult,0,0,,,,,,"",""
ball,1,0.5,Melbourne Renegades,MJ Guptill,SB Harper,TA Boult,0,0,,,,,,"",""
ball,1,0.6,Melbourne Renegades,MJ Guptill,SB Harper,TA Boult,1,0,,,,,,"",""
ball,1,1.1,Melbourne Renegades,MJ Guptill,SB Harper,L Wood,1,0,,,,,,"",""
ball,1,1.2,Melbourne Renegades,SB Harper,MJ Guptill,L Wood,0,0,,,,,,caught,SB Harper
ball,1,1.3,Melbourne Renegades,SE Marsh,MJ Guptill,L Wood,0,0,,,,,,"",""
ball,1,1.4,Melbourne Renegades,SE Marsh,MJ Guptill,L Wood,1,0,,,,,,"",""
ball,1,1.5,Melbourne Renegades,MJ Guptill,SE Marsh,L Wood,1,0,,,,,,"",""
ball,1,1.6,Melbourne Renegades,SE Marsh,MJ Guptill,L Wood,4,0,,,,,,"",""
ball,1,2.1,Melbourne Renegades,MJ Guptill,SE Marsh,TA Boult,1,0,,,,,,"",""
ball,1,2.2,Melbourne Renegades,SE Marsh,MJ Guptill,TA Boult,4,0,,,,,,"",""
ball,1,2.3,Melbourne Renegades,SE Marsh,MJ Guptill,TA Boult,0,0,,,,,,"",""
ball,1,2.4,Melbourne Renegades,SE Marsh,MJ Guptill,TA Boult,0,0,,,,,,"",""
ball,1,2.5,Melbourne Renegades,SE Marsh,MJ Guptill,TA Boult,0,0,,,,,,"",""
ball,1,2.6,Melbourne Renegades,SE Marsh,MJ Guptill,TA Boult,1,0,,,,,,"",""
ball,1,3.1,Melbourne Renegades,SE Marsh,MJ Guptill,L Wood,1,0,,,,,,"",""
ball,1,3.2,Melbourne Renegades,MJ Guptill,SE Marsh,L Wood,0,0,,,,,,"",""
ball,1,3.3,Melbourne Renegades,MJ Guptill,SE Marsh,L Wood,1,0,,,,,,"",""
ball,1,3.4,Melbourne Renegades,SE Marsh,MJ Guptill,L Wood,0,0,,,,,,"",""
ball,1,3.5,Melbourne Renegades,SE Marsh,MJ Guptill,L Wood,0,0,,,,,,"",""
ball,1,3.6,Melbourne Renegades,SE Marsh,MJ Guptill,L Wood,4,0,,,,,,"",""
ball,1,4.1,Melbourne Renegades,MJ Guptill,SE Marsh,BJ Webster,0,4,,,,4,,"",""
ball,1,4.2,Melbourne Renegades,MJ Guptill,SE Marsh,BJ Webster,1,0,,,,,,"",""
ball,1,4.3,Melbourne Renegades,SE Marsh,MJ Guptill,BJ Webster,1,0,,,,,,"",""
ball,1,4.4,Melbourne Renegades,MJ Guptill,SE Marsh,BJ Webster,1,0,,,,,,"",""
ball,1,4.5,Melbourne Renegades,SE Marsh,MJ Guptill,BJ Webster,1,0,,,,,,"",""
ball,1,4.6,Melbourne Renegades,MJ Guptill,SE Marsh,BJ Webster,1,0,,,,,,"",""
ball,1,5.1,Melbourne Renegades,MJ Guptill,SE Marsh,NM Coulter-Nile,4,0,,,,,,"",""
ball,1,5.2,Melbourne Renegades,MJ Guptill,SE Marsh,NM Coulter-Nile,0,0,,,,,,"",""
ball,1,5.3,Melbourne Renegades,MJ Guptill,SE Marsh,NM Coulter-Nile,1,0,,,,,,"",""
ball,1,5.4,Melbourne Renegades,SE Marsh,MJ Guptill,NM Coulter-Nile,1,0,,,,,,"",""
ball,1,5.5,Melbourne Renegades,MJ Guptill,SE Marsh,NM Coulter-Nile,0,0,,,,,,"",""
ball,1,5.6,Melbourne Renegades,MJ Guptill,SE Marsh,NM Coulter-Nile,1,0,,,,,,"",""
ball,1,6.1,Melbourne Renegades,MJ Guptill,SE Marsh,A Zampa,0,0,,,,,,"",""
ball,1,6.2,Melbourne Renegades,MJ Guptill,SE Marsh,A Zampa,1,0,,,,,,"",""
ball,1,6.3,Melbourne Renegades,SE Marsh,MJ Guptill,A Zampa,0,0,,,,,,"",""
ball,1,6.4,Melbourne Renegades,SE Marsh,MJ Guptill,A Zampa,0,0,,,,,,"",""
ball,1,6.5,Melbourne Renegades,SE Marsh,MJ Guptill,A Zampa,0,0,,,,,,"",""
ball,1,6.6,Melbourne Renegades,SE Marsh,MJ Guptill,A Zampa,1,0,,,,,,"",""
ball,1,7.1,Melbourne Renegades,SE Marsh,MJ Guptill,NM Coulter-Nile,1,0,,,,,,"",""
ball,1,7.2,Melbourne Renegades,MJ Guptill,SE Marsh,NM Coulter-Nile,6,0,,,,,,"",""
ball,1,7.3,Melbourne Renegades,MJ Guptill,SE Marsh,NM Coulter-Nile,1,0,,,,,,"",""
ball,1,7.4,Melbourne Renegades,SE Marsh,MJ Guptill,NM Coulter-Nile,0,1,1,,,,,"",""
ball,1,7.5,Melbourne Renegades,SE Marsh,MJ Guptill,NM Coulter-Nile,1,0,,,,,,"",""
ball,1,7.6,Melbourne Renegades,MJ Guptill,SE Marsh,NM Coulter-Nile,1,0,,,,,,"",""
ball,1,7.7,Melbourne Renegades,SE Marsh,MJ Guptill,NM Coulter-Nile,1,0,,,,,,"",""
ball,1,8.1,Melbourne Renegades,SE Marsh,MJ Guptill,BJ Webster,1,0,,,,,,"",""
ball,1,8.2,Melbourne Renegades,MJ Guptill,SE Marsh,BJ Webster,1,0,,,,,,"",""
ball,1,8.3,Melbourne Renegades,SE Marsh,MJ Guptill,BJ Webster,1,0,,,,,,"",""
ball,1,8.4,Melbourne Renegades,MJ Guptill,SE Marsh,BJ Webster,0,0,,,,,,caught and bowled,MJ Guptill
ball,1,8.5,Melbourne Renegades,AJ Finch,SE Marsh,BJ Webster,1,0,,,,,,"",""
ball,1,8.6,Melbourne Renegades,SE Marsh,AJ Finch,BJ Webster,1,0,,,,,,"",""
ball,1,9.1,Melbourne Renegades,SE Marsh,AJ Finch,TA Boult,0,0,,,,,,"",""
ball,1,9.2,Melbourne Renegades,SE Marsh,AJ Finch,TA Boult,1,0,,,,,,"",""
ball,1,9.3,Melbourne Renegades,AJ Finch,SE Marsh,TA Boult,0,0,,,,,,caught,AJ Finch
ball,1,9.4,Melbourne Renegades,JW Wells,SE Marsh,TA Boult,1,0,,,,,,"",""
ball,1,9.5,Melbourne Renegades,SE Marsh,JW Wells,TA Boult,0,0,,,,,,"",""
ball,1,9.6,Melbourne Renegades,SE Marsh,JW Wells,TA Boult,0,0,,,,,,"",""
ball,1,10.1,Melbourne Renegades,JW Wells,SE Marsh,BJ Webster,1,0,,,,,,"",""
ball,1,10.2,Melbourne Renegades,SE Marsh,JW Wells,BJ Webster,1,0,,,,,,"",""
ball,1,10.3,Melbourne Renegades,JW Wells,SE Marsh,BJ Webster,4,0,,,,,,"",""
ball,1,10.4,Melbourne Renegades,JW Wells,SE Marsh,BJ Webster,1,0,,,,,,"",""
ball,1,10.5,Melbourne Renegades,SE Marsh,JW Wells,BJ Webster,4,0,,,,,,"",""
ball,1,10.6,Melbourne Renegades,SE Marsh,JW Wells,BJ Webster,0,0,,,,,,"",""
ball,1,11.1,Melbourne Renegades,JW Wells,SE Marsh,L Wood,1,0,,,,,,"",""
ball,1,11.2,Melbourne Renegades,SE Marsh,JW Wells,L Wood,0,1,,,,1,,"",""
ball,1,11.3,Melbourne Renegades,JW Wells,SE Marsh,L Wood,1,0,,,,,,"",""
ball,1,11.4,Melbourne Renegades,SE Marsh,JW Wells,L Wood,1,0,,,,,,"",""
ball,1,11.5,Melbourne Renegades,JW Wells,SE Marsh,L Wood,4,0,,,,,,"",""
ball,1,11.6,Melbourne Renegades,JW Wells,SE Marsh,L Wood,1,0,,,,,,"",""
ball,1,12.1,Melbourne Renegades,JW Wells,SE Marsh,TA Boult,4,0,,,,,,"",""
ball,1,12.2,Melbourne Renegades,JW Wells,SE Marsh,TA Boult,1,0,,,,,,"",""
ball,1,12.3,Melbourne Renegades,SE Marsh,JW Wells,TA Boult,0,0,,,,,,caught,SE Marsh
ball,1,12.4,Melbourne Renegades,MW Harvey,JW Wells,TA Boult,0,1,,,,1,,"",""
ball,1,12.5,Melbourne Renegades,JW Wells,MW Harvey,TA Boult,1,0,,,,,,"",""
ball,1,12.6,Melbourne Renegades,MW Harvey,JW Wells,TA Boult,0,0,,,,,,"",""
ball,1,13.1,Melbourne Renegades,JW Wells,MW Harvey,NM Coulter-Nile,1,0,,,,,,"",""
ball,1,13.2,Melbourne Renegades,MW Harvey,JW Wells,NM Coulter-Nile,0,0,,,,,,"",""
ball,1,13.3,Melbourne Renegades,MW Harvey,JW Wells,NM Coulter-Nile,2,0,,,,,,"",""
ball,1,13.4,Melbourne Renegades,MW Harvey,JW Wells,NM Coulter-Nile,4,0,,,,,,"",""
ball,1,13.5,Melbourne Renegades,MW Harvey,JW Wells,NM Coulter-Nile,1,0,,,,,,"",""
ball,1,13.6,Melbourne Renegades,JW Wells,MW Harvey,NM Coulter-Nile,1,0,,,,,,"",""
ball,1,14.1,Melbourne Renegades,JW Wells,MW Harvey,A Zampa,1,0,,,,,,"",""
ball,1,14.2,Melbourne Renegades,MW Harvey,JW Wells,A Zampa,1,0,,,,,,"",""
ball,1,14.3,Melbourne Renegades,JW Wells,MW Harvey,A Zampa,0,0,,,,,,"",""
ball,1,14.4,Melbourne Renegades,JW Wells,MW Harvey,A Zampa,1,0,,,,,,"",""
ball,1,14.5,Melbourne Renegades,MW Harvey,JW Wells,A Zampa,1,0,,,,,,"",""
ball,1,14.6,Melbourne Renegades,JW Wells,MW Harvey,A Zampa,0,0,,,,,,"",""
ball,1,15.1,Melbourne Renegades,MW Harvey,JW Wells,NM Coulter-Nile,4,0,,,,,,"",""
ball,1,15.2,Melbourne Renegades,MW Harvey,JW Wells,NM Coulter-Nile,1,0,,,,,,"",""
ball,1,15.3,Melbourne Renegades,JW Wells,MW Harvey,NM Coulter-Nile,0,0,,,,,,caught,JW Wells
ball,1,15.4,Melbourne Renegades,W Sutherland,MW Harvey,NM Coulter-Nile,0,0,,,,,,"",""
ball,1,15.5,Melbourne Renegades,W Sutherland,MW Harvey,NM Coulter-Nile,1,0,,,,,,"",""
ball,1,15.6,Melbourne Renegades,MW Harvey,W Sutherland,NM Coulter-Nile,1,0,,,,,,"",""
ball,1,16.1,Melbourne Renegades,MW Harvey,W Sutherland,A Zampa,1,0,,,,,,"",""
ball,1,16.2,Melbourne Renegades,W Sutherland,MW Harvey,A Zampa,1,0,,,,,,"",""
ball,1,16.3,Melbourne Renegades,MW Harvey,W Sutherland,A Zampa,0,0,,,,,,"",""
ball,1,16.4,Melbourne Renegades,MW Harvey,W Sutherland,A Zampa,1,0,,,,,,"",""
ball,1,16.5,Melbourne Renegades,W Sutherland,MW Harvey,A Zampa,0,0,,,,,,"",""
ball,1,16.6,Melbourne Renegades,W Sutherland,MW Harvey,A Zampa,0,0,,,,,,"",""
ball,1,17.1,Melbourne Renegades,MW Harvey,W Sutherland,L Wood,2,0,,,,,,"",""
ball,1,17.2,Melbourne Renegades,MW Harvey,W Sutherland,L Wood,0,0,,,,,,"",""
ball,1,17.3,Melbourne Renegades,MW Harvey,W Sutherland,L Wood,1,0,,,,,,"",""
ball,1,17.4,Melbourne Renegades,W Sutherland,MW Harvey,L Wood,4,0,,,,,,"",""
ball,1,17.5,Melbourne Renegades,W Sutherland,MW Harvey,L Wood,0,0,,,,,,caught,W Sutherland
ball,1,17.6,Melbourne Renegades,AJ Hosein,MW Harvey,L Wood,1,0,,,,,,"",""
ball,1,18.1,Melbourne Renegades,AJ Hosein,MW Harvey,BJ Webster,0,0,,,,,,"",""
ball,1,18.2,Melbourne Renegades,AJ Hosein,MW Harvey,BJ Webster,0,0,,,,,,"",""
ball,1,18.3,Melbourne Renegades,AJ Hosein,MW Harvey,BJ Webster,1,0,,,,,,"",""
ball,1,18.4,Melbourne Renegades,MW Harvey,AJ Hosein,BJ Webster,2,0,,,,,,"",""
ball,1,18.5,Melbourne Renegades,MW Harvey,AJ Hosein,BJ Webster,6,0,,,,,,"",""
ball,1,18.6,Melbourne Renegades,MW Harvey,AJ Hosein,BJ Webster,0,0,,,,,,"",""
ball,1,19.1,Melbourne Renegades,AJ Hosein,MW Harvey,A Zampa,4,0,,,,,,"",""
ball,1,19.2,Melbourne Renegades,AJ Hosein,MW Harvey,A Zampa,0,0,,,,,,caught,AJ Hosein
ball,1,19.3,Melbourne Renegades,TS Rogers,MW Harvey,A Zampa,1,0,,,,,,"",""
ball,1,19.4,Melbourne Renegades,MW Harvey,TS Rogers,A Zampa,2,0,,,,,,"",""
ball,1,19.5,Melbourne Renegades,MW Harvey,TS Rogers,A Zampa,2,0,,,,,,"",""
ball,1,19.6,Melbourne Renegades,MW Harvey,TS Rogers,A Zampa,0,0,,,,,,"",""
ball,2,0.1,Melbourne Stars,JM Clarke,TF Rogers,TS Rogers,0,1,1,,,,,"",""
ball,2,0.2,Melbourne Stars,JM Clarke,TF Rogers,TS Rogers,0,0,,,,,,bowled,JM Clarke
ball,2,0.3,Melbourne Stars,BJ Webster,TF Rogers,TS Rogers,0,0,,,,,,"",""
ball,2,0.4,Melbourne Stars,BJ Webster,TF Rogers,TS Rogers,0,0,,,,,,"",""
ball,2,0.5,Melbourne Stars,BJ Webster,TF Rogers,TS Rogers,3,0,,,,,,"",""
ball,2,0.6,Melbourne Stars,TF Rogers,BJ Webster,TS Rogers,1,0,,,,,,"",""
ball,2,0.7,Melbourne Stars,BJ Webster,TF Rogers,TS Rogers,1,0,,,,,,"",""
ball,2,1.1,Melbourne Stars,BJ Webster,TF Rogers,Mujeeb Ur Rahman,0,0,,,,,,"",""
ball,2,1.2,Melbourne Stars,BJ Webster,TF Rogers,Mujeeb Ur Rahman,0,0,,,,,,"",""
ball,2,1.3,Melbourne Stars,BJ Webster,TF Rogers,Mujeeb Ur Rahman,0,1,,,,1,,"",""
ball,2,1.4,Melbourne Stars,TF Rogers,BJ Webster,Mujeeb Ur Rahman,0,0,,,,,,"",""
ball,2,1.5,Melbourne Stars,TF Rogers,BJ Webster,Mujeeb Ur Rahman,0,0,,,,,,"",""
ball,2,1.6,Melbourne Stars,TF Rogers,BJ Webster,Mujeeb Ur Rahman,0,0,,,,,,"",""
ball,2,2.1,Melbourne Stars,BJ Webster,TF Rogers,TS Rogers,4,0,,,,,,"",""
ball,2,2.2,Melbourne Stars,BJ Webster,TF Rogers,TS Rogers,0,0,,,,,,caught and bowled,BJ Webster
ball,2,2.3,Melbourne Stars,MP Stoinis,TF Rogers,TS Rogers,1,0,,,,,,"",""
ball,2,2.4,Melbourne Stars,TF Rogers,MP Stoinis,TS Rogers,0,0,,,,,,"",""
ball,2,2.5,Melbourne Stars,TF Rogers,MP Stoinis,TS Rogers,0,0,,,,,,bowled,TF Rogers
ball,2,2.6,Melbourne Stars,HWR Cartwright,MP Stoinis,TS Rogers,0,0,,,,,,"",""
ball,2,3.1,Melbourne Stars,MP Stoinis,HWR Cartwright,AJ Hosein,0,1,1,,,,,"",""
ball,2,3.2,Melbourne Stars,MP Stoinis,HWR Cartwright,AJ Hosein,0,0,,,,,,"",""
ball,2,3.3,Melbourne Stars,MP Stoinis,HWR Cartwright,AJ Hosein,0,0,,,,,,"",""
ball,2,3.4,Melbourne Stars,MP Stoinis,HWR Cartwright,AJ Hosein,0,0,,,,,,"",""
ball,2,3.5,Melbourne Stars,MP Stoinis,HWR Cartwright,AJ Hosein,2,0,,,,,,"",""
ball,2,3.6,Melbourne Stars,MP Stoinis,HWR Cartwright,AJ Hosein,0,0,,,,,,"",""
ball,2,3.7,Melbourne Stars,MP Stoinis,HWR Cartwright,AJ Hosein,1,0,,,,,,"",""
ball,2,4.1,Melbourne Stars,MP Stoinis,HWR Cartwright,W Sutherland,0,0,,,,,,"",""
ball,2,4.2,Melbourne Stars,MP Stoinis,HWR Cartwright,W Sutherland,2,0,,,,,,"",""
ball,2,4.3,Melbourne Stars,MP Stoinis,HWR Cartwright,W Sutherland,0,0,,,,,,caught,MP Stoinis
ball,2,4.4,Melbourne Stars,NCR Larkin,HWR Cartwright,W Sutherland,1,0,,,,,,"",""
ball,2,4.5,Melbourne Stars,HWR Cartwright,NCR Larkin,W Sutherland,2,0,,,,,,"",""
ball,2,4.6,Melbourne Stars,HWR Cartwright,NCR Larkin,W Sutherland,4,0,,,,,,"",""
ball,2,5.1,Melbourne Stars,NCR Larkin,HWR Cartwright,AJ Hosein,1,0,,,,,,"",""
ball,2,5.2,Melbourne Stars,HWR Cartwright,NCR Larkin,AJ Hosein,1,0,,,,,,"",""
ball,2,5.3,Melbourne Stars,NCR Larkin,HWR Cartwright,AJ Hosein,0,0,,,,,,"",""
ball,2,5.4,Melbourne Stars,NCR Larkin,HWR Cartwright,AJ Hosein,2,0,,,,,,"",""
ball,2,5.5,Melbourne Stars,NCR Larkin,HWR Cartwright,AJ Hosein,0,0,,,,,,"",""
ball,2,5.6,Melbourne Stars,NCR Larkin,HWR Cartwright,AJ Hosein,0,0,,,,,,"",""
ball,2,6.1,Melbourne Stars,HWR Cartwright,NCR Larkin,W Sutherland,4,0,,,,,,"",""
ball,2,6.2,Melbourne Stars,HWR Cartwright,NCR Larkin,W Sutherland,1,0,,,,,,"",""
ball,2,6.3,Melbourne Stars,NCR Larkin,HWR Cartwright,W Sutherland,0,0,,,,,,"",""
ball,2,6.4,Melbourne Stars,NCR Larkin,HWR Cartwright,W Sutherland,0,0,,,,,,"",""
ball,2,6.5,Melbourne Stars,NCR Larkin,HWR Cartwright,W Sutherland,1,0,,,,,,"",""
ball,2,6.6,Melbourne Stars,HWR Cartwright,NCR Larkin,W Sutherland,1,0,,,,,,"",""
ball,2,7.1,Melbourne Stars,HWR Cartwright,NCR Larkin,Mujeeb Ur Rahman,1,0,,,,,,"",""
ball,2,7.2,Melbourne Stars,NCR Larkin,HWR Cartwright,Mujeeb Ur Rahman,0,0,,,,,,"",""
ball,2,7.3,Melbourne Stars,NCR Larkin,HWR Cartwright,Mujeeb Ur Rahman,1,0,,,,,,"",""
ball,2,7.4,Melbourne Stars,HWR Cartwright,NCR Larkin,Mujeeb Ur Rahman,0,0,,,,,,"",""
ball,2,7.5,Melbourne Stars,HWR Cartwright,NCR Larkin,Mujeeb Ur Rahman,0,0,,,,,,"",""
ball,2,7.6,Melbourne Stars,HWR Cartwright,NCR Larkin,Mujeeb Ur Rahman,0,0,,,,,,"",""
ball,2,8.1,Melbourne Stars,NCR Larkin,HWR Cartwright,KW Richardson,2,0,,,,,,"",""
ball,2,8.2,Melbourne Stars,NCR Larkin,HWR Cartwright,KW Richardson,1,0,,,,,,"",""
ball,2,8.3,Melbourne Stars,HWR Cartwright,NCR Larkin,KW Richardson,1,0,,,,,,"",""
ball,2,8.4,Melbourne Stars,NCR Larkin,HWR Cartwright,KW Richardson,1,0,,,,,,"",""
ball,2,8.5,Melbourne Stars,HWR Cartwright,NCR Larkin,KW Richardson,0,0,,,,,,"",""
ball,2,8.6,Melbourne Stars,HWR Cartwright,NCR Larkin,KW Richardson,1,0,,,,,,"",""
ball,2,9.1,Melbourne Stars,HWR Cartwright,NCR Larkin,AJ Hosein,0,0,,,,,,"",""
ball,2,9.2,Melbourne Stars,HWR Cartwright,NCR Larkin,AJ Hosein,1,0,,,,,,"",""
ball,2,9.3,Melbourne Stars,NCR Larkin,HWR Cartwright,AJ Hosein,4,0,,,,,,"",""
ball,2,9.4,Melbourne Stars,NCR Larkin,HWR Cartwright,AJ Hosein,0,0,,,,,,"",""
ball,2,9.5,Melbourne Stars,NCR Larkin,HWR Cartwright,AJ Hosein,0,0,,,,,,"",""
ball,2,9.6,Melbourne Stars,NCR Larkin,HWR Cartwright,AJ Hosein,0,0,,,,,,"",""
ball,2,10.1,Melbourne Stars,HWR Cartwright,NCR Larkin,TS Rogers,1,0,,,,,,"",""
ball,2,10.2,Melbourne Stars,NCR Larkin,HWR Cartwright,TS Rogers,1,0,,,,,,"",""
ball,2,10.3,Melbourne Stars,HWR Cartwright,NCR Larkin,TS Rogers,2,0,,,,,,"",""
ball,2,10.4,Melbourne Stars,HWR Cartwright,NCR Larkin,TS Rogers,0,4,,,4,,,"",""
ball,2,10.5,Melbourne Stars,HWR Cartwright,NCR Larkin,TS Rogers,0,0,,,,,,"",""
ball,2,10.6,Melbourne Stars,HWR Cartwright,NCR Larkin,TS Rogers,0,0,,,,,,caught,HWR Cartwright
ball,2,11.1,Melbourne Stars,NCR Larkin,C Kellaway,Mujeeb Ur Rahman,1,0,,,,,,"",""
ball,2,11.2,Melbourne Stars,C Kellaway,NCR Larkin,Mujeeb Ur Rahman,0,0,,,,,,"",""
ball,2,11.3,Melbourne Stars,C Kellaway,NCR Larkin,Mujeeb Ur Rahman,0,0,,,,,,"",""
ball,2,11.4,Melbourne Stars,C Kellaway,NCR Larkin,Mujeeb Ur Rahman,1,0,,,,,,"",""
ball,2,11.5,Melbourne Stars,NCR Larkin,C Kellaway,Mujeeb Ur Rahman,1,0,,,,,,"",""
ball,2,11.6,Melbourne Stars,C Kellaway,NCR Larkin,Mujeeb Ur Rahman,1,0,,,,,,"",""
ball,2,12.1,Melbourne Stars,C Kellaway,NCR Larkin,KW Richardson,1,0,,,,,,"",""
ball,2,12.2,Melbourne Stars,NCR Larkin,C Kellaway,KW Richardson,2,0,,,,,,"",""
ball,2,12.3,Melbourne Stars,NCR Larkin,C Kellaway,KW Richardson,1,0,,,,,,"",""
ball,2,12.4,Melbourne Stars,C Kellaway,NCR Larkin,KW Richardson,1,0,,,,,,"",""
ball,2,12.5,Melbourne Stars,NCR Larkin,C Kellaway,KW Richardson,1,0,,,,,,"",""
ball,2,12.6,Melbourne Stars,C Kellaway,NCR Larkin,KW Richardson,1,0,,,,,,"",""
ball,2,13.1,Melbourne Stars,C Kellaway,NCR Larkin,Mujeeb Ur Rahman,0,0,,,,,,caught,C Kellaway
ball,2,13.2,Melbourne Stars,NM Coulter-Nile,NCR Larkin,Mujeeb Ur Rahman,0,0,,,,,,caught and bowled,NM Coulter-Nile
ball,2,13.3,Melbourne Stars,L Wood,NCR Larkin,Mujeeb Ur Rahman,0,0,,,,,,"",""
ball,2,13.4,Melbourne Stars,L Wood,NCR Larkin,Mujeeb Ur Rahman,0,0,,,,,,"",""
ball,2,13.5,Melbourne Stars,L Wood,NCR Larkin,Mujeeb Ur Rahman,0,0,,,,,,"",""
ball,2,13.6,Melbourne Stars,L Wood,NCR Larkin,Mujeeb Ur Rahman,1,0,,,,,,"",""
ball,2,14.1,Melbourne Stars,L Wood,NCR Larkin,TS Rogers,0,0,,,,,,"",""
ball,2,14.2,Melbourne Stars,L Wood,NCR Larkin,TS Rogers,0,0,,,,,,"",""
ball,2,14.3,Melbourne Stars,L Wood,NCR Larkin,TS Rogers,0,0,,,,,,"",""
ball,2,14.4,Melbourne Stars,L Wood,NCR Larkin,TS Rogers,0,0,,,,,,caught,L Wood
ball,2,14.5,Melbourne Stars,TA Boult,NCR Larkin,TS Rogers,1,0,,,,,,"",""
ball,2,14.6,Melbourne Stars,NCR Larkin,TA Boult,TS Rogers,0,0,,,,,,"",""
ball,2,15.1,Melbourne Stars,TA Boult,NCR Larkin,AJ Hosein,0,0,,,,,,"",""
ball,2,15.2,Melbourne Stars,TA Boult,NCR Larkin,AJ Hosein,0,1,,,,1,,"",""
ball,2,15.3,Melbourne Stars,NCR Larkin,TA Boult,AJ Hosein,0,0,,,,,,"",""
ball,2,15.4,Melbourne Stars,NCR Larkin,TA Boult,AJ Hosein,4,0,,,,,,"",""
ball,2,15.5,Melbourne Stars,NCR Larkin,TA Boult,AJ Hosein,4,0,,,,,,"",""
ball,2,15.6,Melbourne Stars,NCR Larkin,TA Boult,AJ Hosein,0,0,,,,,,"",""
ball,2,16.1,Melbourne Stars,TA Boult,NCR Larkin,KW Richardson,0,0,,,,,,"",""
ball,2,16.2,Melbourne Stars,TA Boult,NCR Larkin,KW Richardson,6,0,,,,,,"",""
ball,2,16.3,Melbourne Stars,TA Boult,NCR Larkin,KW Richardson,1,0,,,,,,"",""
ball,2,16.4,Melbourne Stars,NCR Larkin,TA Boult,KW Richardson,1,0,,,,,,"",""
ball,2,16.5,Melbourne Stars,TA Boult,NCR Larkin,KW Richardson,0,0,,,,,,caught,TA Boult
ball,2,16.6,Melbourne Stars,A Zampa,NCR Larkin,KW Richardson,0,0,,,,,,"",""
ball,2,17.1,Melbourne Stars,NCR Larkin,A Zampa,W Sutherland,4,0,,,,,,"",""
ball,2,17.2,Melbourne Stars,NCR Larkin,A Zampa,W Sutherland,1,0,,,,,,"",""
ball,2,17.3,Melbourne Stars,A Zampa,NCR Larkin,W Sutherland,0,0,,,,,,"",""
ball,2,17.4,Melbourne Stars,A Zampa,NCR Larkin,W Sutherland,1,0,,,,,,"",""
ball,2,17.5,Melbourne Stars,NCR Larkin,A Zampa,W Sutherland,2,0,,,,,,"",""
ball,2,17.6,Melbourne Stars,NCR Larkin,A Zampa,W Sutherland,2,0,,,,,,"",""
ball,2,18.1,Melbourne Stars,A Zampa,NCR Larkin,KW Richardson,0,0,,,,,,"",""
ball,2,18.2,Melbourne Stars,A Zampa,NCR Larkin,KW Richardson,0,0,,,,,,"",""
ball,2,18.3,Melbourne Stars,A Zampa,NCR Larkin,KW Richardson,0,0,,,,,,"",""
ball,2,18.4,Melbourne Stars,A Zampa,NCR Larkin,KW Richardson,1,0,,,,,,"",""
ball,2,18.5,Melbourne Stars,NCR Larkin,A Zampa,KW Richardson,0,0,,,,,,"",""
ball,2,18.6,Melbourne Stars,NCR Larkin,A Zampa,KW Richardson,1,0,,,,,,"",""
ball,2,19.1,Melbourne Stars,NCR Larkin,A Zampa,W Sutherland,1,0,,,,,,"",""
ball,2,19.2,Melbourne Stars,A Zampa,NCR Larkin,W Sutherland,1,0,,,,,,"",""
ball,2,19.3,Melbourne Stars,NCR Larkin,A Zampa,W Sutherland,2,0,,,,,,"",""
ball,2,19.4,Melbourne Stars,NCR Larkin,A Zampa,W Sutherland,4,0,,,,,,"",""
ball,2,19.5,Melbourne Stars,NCR Larkin,A Zampa,W Sutherland,1,0,,,,,,"",""
ball,2,19.6,Melbourne Stars,A Zampa,NCR Larkin,W Sutherland,0,0,,,,,,"",""
