version,1.7.0
info,balls_per_over,6
info,team,Sydney Thunder
info,team,Hobart Hurricanes
info,gender,male
info,season,2022/23
info,date,2022/12/31
info,event,Big Bash League
info,match_number,22
info,venue,"Lavington Sports Oval, Albury"
info,city,Albury
info,toss_winner,Hobart Hurricanes
info,toss_decision,field
info,player_of_match,O Davies
info,umpire,GJ Davidson
info,umpire,P Wilson
info,reserve_umpire,Bede Sajowitz
info,tv_umpire,MW Graham-Smith
info,match_referee,RW Stratford
info,winner,Sydney Thunder
info,winner_runs,62
info,player,Sydney Thunder,M Gilkes
info,player,Sydney Thunder,AD Hales
info,player,Sydney Thunder,RR Rossouw
info,player,Sydney Thunder,O Davies
info,player,Sydney Thunder,DR Sams
info,player,Sydney Thunder,AI Ross
info,player,Sydney Thunder,BCJ Cutting
info,player,Sydney Thunder,N McAndrew
info,player,Sydney Thunder,CJ Green
info,player,Sydney Thunder,B Doggett
info,player,Sydney Thunder,Usman Qadir
info,player,Hobart Hurricanes,CP Jewell
info,player,Hobart Hurricanes,DJM Short
info,player,Hobart Hurricanes,MS Wade
info,player,Hobart Hurricanes,TH David
info,player,Hobart Hurricanes,JDS Neesham
info,player,Hobart Hurricanes,Asif Ali
info,player,Hobart Hurricanes,Shadab Khan
info,player,Hobart Hurricanes,JS Paris
info,player,Hobart Hurricanes,NT Ellis
info,player,Hobart Hurricanes,PG Dooley
info,player,Hobart Hurricanes,RP Meredith
info,registry,people,AD Hales,92aeac25
info,registry,people,AI Ross,fb0d68b4
info,registry,people,Asif Ali,0a4736eb
info,registry,people,B Doggett,898e628d
info,registry,people,BCJ Cutting,2e11c706
info,registry,people,Bede Sajowitz,14fb95ae
info,registry,people,CJ Green,19b9f399
info,registry,people,CP Jewell,806c4e58
info,registry,people,DJM Short,1a156c88
info,registry,people,DR Sams,caf69bf7
info,registry,people,GJ Davidson,31ad5973
info,registry,people,JA Davies,5cdf8304
info,registry,people,JDS Neesham,9219eff0
info,registry,people,JS Paris,7c8f533d
info,registry,people,M Gilkes,d85b0f8b
info,registry,people,MS Wade,afa7e784
info,registry,people,MW Graham-Smith,18aca3ce
info,registry,people,N McAndrew,38c276e1
info,registry,people,NT Ellis,9eb1455b
info,registry,people,O Davies,0ea54eca
info,registry,people,P Wilson,68304a36
info,registry,people,PG Dooley,5e3054d0
info,registry,people,RP Meredith,64775749
info,registry,people,RR Rossouw,cad00a4d
info,registry,people,RW Stratford,85489579
info,registry,people,Shadab Khan,9de62878
info,registry,people,TH David,f1f99156
info,registry,people,TW Gray,5e365152
info,registry,people,Usman Qadir,33742f04
ball,1,0.1,Sydney Thunder,M Gilkes,AD Hales,JS Paris,0,0,,,,,,"",""
ball,1,0.2,Sydney Thunder,M Gilkes,AD Hales,JS Paris,4,0,,,,,,"",""
ball,1,0.3,Sydney Thunder,M Gilkes,AD Hales,JS Paris,1,0,,,,,,"",""
ball,1,0.4,Sydney Thunder,AD Hales,M Gilkes,JS Paris,0,0,,,,,,"",""
ball,1,0.5,Sydney Thunder,AD Hales,M Gilkes,JS Paris,1,0,,,,,,"",""
ball,1,0.6,Sydney Thunder,M Gilkes,AD Hales,JS Paris,4,0,,,,,,"",""
ball,1,1.1,Sydney Thunder,AD Hales,M Gilkes,RP Meredith,0,1,1,,,,,"",""
ball,1,1.2,Sydney Thunder,AD Hales,M Gilkes,RP Meredith,1,0,,,,,,"",""
ball,1,1.3,Sydney Thunder,M Gilkes,AD Hales,RP Meredith,4,0,,,,,,"",""
ball,1,1.4,Sydney Thunder,M Gilkes,AD Hales,RP Meredith,0,0,,,,,,"",""
ball,1,1.5,Sydney Thunder,M Gilkes,AD Hales,RP Meredith,4,0,,,,,,"",""
ball,1,1.6,Sydney Thunder,M Gilkes,AD Hales,RP Meredith,0,0,,,,,,"",""
ball,1,1.7,Sydney Thunder,M Gilkes,AD Hales,RP Meredith,3,0,,,,,,"",""
ball,1,2.1,Sydney Thunder,M Gilkes,AD Hales,PG Dooley,4,0,,,,,,"",""
ball,1,2.2,Sydney Thunder,M Gilkes,AD Hales,PG Dooley,4,0,,,,,,"",""
ball,1,2.3,Sydney Thunder,M Gilkes,AD Hales,PG Dooley,4,0,,,,,,"",""
ball,1,2.4,Sydney Thunder,M Gilkes,AD Hales,PG Dooley,0,0,,,,,,"",""
ball,1,2.5,Sydney Thunder,M Gilkes,AD Hales,PG Dooley,0,0,,,,,,"",""
ball,1,2.6,Sydney Thunder,M Gilkes,AD Hales,PG Dooley,1,0,,,,,,"",""
ball,1,3.1,Sydney Thunder,M Gilkes,AD Hales,NT Ellis,0,0,,,,,,caught,M Gilkes
ball,1,3.2,Sydney Thunder,RR Rossouw,AD Hales,NT Ellis,0,0,,,,,,"",""
ball,1,3.3,Sydney Thunder,RR Rossouw,AD Hales,NT Ellis,4,0,,,,,,"",""
ball,1,3.4,Sydney Thunder,RR Rossouw,AD Hales,NT Ellis,1,0,,,,,,"",""
ball,1,3.5,Sydney Thunder,AD Hales,RR Rossouw,NT Ellis,4,0,,,,,,"",""
ball,1,3.6,Sydney Thunder,AD Hales,RR Rossouw,NT Ellis,1,0,,,,,,"",""
ball,1,4.1,Sydney Thunder,AD Hales,RR Rossouw,PG Dooley,1,0,,,,,,"",""
ball,1,4.2,Sydney Thunder,RR Rossouw,AD Hales,PG Dooley,1,0,,,,,,"",""
ball,1,4.3,Sydney Thunder,AD Hales,RR Rossouw,PG Dooley,1,0,,,,,,"",""
ball,1,4.4,Sydney Thunder,RR Rossouw,AD Hales,PG Dooley,6,0,,,,,,"",""
ball,1,4.5,Sydney Thunder,RR Rossouw,AD Hales,PG Dooley,1,0,,,,,,"",""
ball,1,4.6,Sydney Thunder,AD Hales,RR Rossouw,PG Dooley,1,0,,,,,,"",""
ball,1,5.1,Sydney Thunder,AD Hales,RR Rossouw,JDS Neesham,4,0,,,,,,"",""
ball,1,5.2,Sydney Thunder,AD Hales,RR Rossouw,JDS Neesham,0,0,,,,,,"",""
ball,1,5.3,Sydney Thunder,AD Hales,RR Rossouw,JDS Neesham,1,0,,,,,,"",""
ball,1,5.4,Sydney Thunder,RR Rossouw,AD Hales,JDS Neesham,0,0,,,,,,"",""
ball,1,5.5,Sydney Thunder,RR Rossouw,AD Hales,JDS Neesham,1,0,,,,,,"",""
ball,1,5.6,Sydney Thunder,AD Hales,RR Rossouw,JDS Neesham,4,0,,,,,,"",""
ball,1,6.1,Sydney Thunder,RR Rossouw,AD Hales,Shadab Khan,0,0,,,,,,"",""
ball,1,6.2,Sydney Thunder,RR Rossouw,AD Hales,Shadab Khan,1,0,,,,,,"",""
ball,1,6.3,Sydney Thunder,AD Hales,RR Rossouw,Shadab Khan,1,0,,,,,,"",""
ball,1,6.4,Sydney Thunder,RR Rossouw,AD Hales,Shadab Khan,1,0,,,,,,"",""
ball,1,6.5,Sydney Thunder,AD Hales,RR Rossouw,Shadab Khan,1,0,,,,,,"",""
ball,1,6.6,Sydney Thunder,RR Rossouw,AD Hales,Shadab Khan,1,0,,,,,,"",""
ball,1,7.1,Sydney Thunder,RR Rossouw,AD Hales,RP Meredith,1,0,,,,,,"",""
ball,1,7.2,Sydney Thunder,AD Hales,RR Rossouw,RP Meredith,1,0,,,,,,"",""
ball,1,7.3,Sydney Thunder,RR Rossouw,AD Hales,RP Meredith,0,0,,,,,,bowled,RR Rossouw
ball,1,7.4,Sydney Thunder,O Davies,AD Hales,RP Meredith,0,1,,,,1,,"",""
ball,1,7.5,Sydney Thunder,AD Hales,O Davies,RP Meredith,1,0,,,,,,"",""
ball,1,7.6,Sydney Thunder,O Davies,AD Hales,RP Meredith,1,0,,,,,,"",""
ball,1,8.1,Sydney Thunder,O Davies,AD Hales,Shadab Khan,4,0,,,,,,"",""
ball,1,8.2,Sydney Thunder,O Davies,AD Hales,Shadab Khan,1,0,,,,,,"",""
ball,1,8.3,Sydney Thunder,AD Hales,O Davies,Shadab Khan,1,0,,,,,,"",""
ball,1,8.4,Sydney Thunder,O Davies,AD Hales,Shadab Khan,1,0,,,,,,"",""
ball,1,8.5,Sydney Thunder,AD Hales,O Davies,Shadab Khan,1,0,,,,,,"",""
ball,1,8.6,Sydney Thunder,O Davies,AD Hales,Shadab Khan,0,0,,,,,,"",""
ball,1,9.1,Sydney Thunder,AD Hales,O Davies,DJM Short,1,0,,,,,,"",""
ball,1,9.2,Sydney Thunder,O Davies,AD Hales,DJM Short,6,0,,,,,,"",""
ball,1,9.3,Sydney Thunder,O Davies,AD Hales,DJM Short,0,0,,,,,,"",""
ball,1,9.4,Sydney Thunder,O Davies,AD Hales,DJM Short,6,0,,,,,,"",""
ball,1,9.5,Sydney Thunder,O Davies,AD Hales,DJM Short,1,0,,,,,,"",""
ball,1,9.6,Sydney Thunder,AD Hales,O Davies,DJM Short,1,0,,,,,,"",""
ball,1,10.1,Sydney Thunder,AD Hales,O Davies,JDS Neesham,0,0,,,,,,"",""
ball,1,10.2,Sydney Thunder,AD Hales,O Davies,JDS Neesham,2,0,,,,,,"",""
ball,1,10.3,Sydney Thunder,AD Hales,O Davies,JDS Neesham,6,0,,,,,,"",""
ball,1,10.4,Sydney Thunder,AD Hales,O Davies,JDS Neesham,4,0,,,,,,"",""
ball,1,10.5,Sydney Thunder,AD Hales,O Davies,JDS Neesham,1,0,,,,,,"",""
ball,1,10.6,Sydney Thunder,O Davies,AD Hales,JDS Neesham,1,0,,,,,,"",""
ball,1,11.1,Sydney Thunder,O Davies,AD Hales,JS Paris,1,0,,,,,,"",""
ball,1,11.2,Sydney Thunder,AD Hales,O Davies,JS Paris,0,1,1,,,,,"",""
ball,1,11.3,Sydney Thunder,AD Hales,O Davies,JS Paris,1,0,,,,,,"",""
ball,1,11.4,Sydney Thunder,O Davies,AD Hales,JS Paris,0,0,,,,,,"",""
ball,1,11.5,Sydney Thunder,O Davies,AD Hales,JS Paris,1,0,,,,,,"",""
ball,1,11.6,Sydney Thunder,AD Hales,O Davies,JS Paris,6,0,,,,,,"",""
ball,1,11.7,Sydney Thunder,AD Hales,O Davies,JS Paris,1,0,,,,,,"",""
ball,1,12.1,Sydney Thunder,AD Hales,O Davies,Shadab Khan,1,0,,,,,,"",""
ball,1,12.2,Sydney Thunder,O Davies,AD Hales,Shadab Khan,0,1,1,,,,,"",""
ball,1,12.3,Sydney Thunder,O Davies,AD Hales,Shadab Khan,2,0,,,,,,"",""
ball,1,12.4,Sydney Thunder,O Davies,AD Hales,Shadab Khan,1,0,,,,,,"",""
ball,1,12.5,Sydney Thunder,AD Hales,O Davies,Shadab Khan,1,0,,,,,,"",""
ball,1,12.6,Sydney Thunder,O Davies,AD Hales,Shadab Khan,4,0,,,,,,"",""
ball,1,12.7,Sydney Thunder,O Davies,AD Hales,Shadab Khan,1,0,,,,,,"",""
ball,1,13.1,Sydney Thunder,O Davies,AD Hales,RP Meredith,4,0,,,,,,"",""
ball,1,13.2,Sydney Thunder,O Davies,AD Hales,RP Meredith,4,0,,,,,,"",""
ball,1,13.3,Sydney Thunder,O Davies,AD Hales,RP Meredith,6,0,,,,,,"",""
ball,1,13.4,Sydney Thunder,O Davies,AD Hales,RP Meredith,4,0,,,,,,"",""
ball,1,13.5,Sydney Thunder,O Davies,AD Hales,RP Meredith,0,1,,,,1,,"",""
ball,1,13.6,Sydney Thunder,AD Hales,O Davies,RP Meredith,1,0,,,,,,"",""
ball,1,14.1,Sydney Thunder,AD Hales,O Davies,NT Ellis,1,0,,,,,,"",""
ball,1,14.2,Sydney Thunder,O Davies,AD Hales,NT Ellis,1,0,,,,,,"",""
ball,1,14.3,Sydney Thunder,AD Hales,O Davies,NT Ellis,1,0,,,,,,"",""
ball,1,14.4,Sydney Thunder,O Davies,AD Hales,NT Ellis,6,0,,,,,,"",""
ball,1,14.5,Sydney Thunder,O Davies,AD Hales,NT Ellis,0,0,,,,,,"",""
ball,1,14.6,Sydney Thunder,O Davies,AD Hales,NT Ellis,0,0,,,,,,"",""
ball,1,15.1,Sydney Thunder,AD Hales,O Davies,JS Paris,1,0,,,,,,"",""
ball,1,15.2,Sydney Thunder,O Davies,AD Hales,JS Paris,6,0,,,,,,"",""
ball,1,15.3,Sydney Thunder,O Davies,AD Hales,JS Paris,2,0,,,,,,"",""
ball,1,15.4,Sydney Thunder,O Davies,AD Hales,JS Paris,0,0,,,,,,"",""
ball,1,15.5,Sydney Thunder,O Davies,AD Hales,JS Paris,1,0,,,,,,"",""
ball,1,15.6,Sydney Thunder,AD Hales,O Davies,JS Paris,4,0,,,,,,"",""
ball,1,16.1,Sydney Thunder,O Davies,AD Hales,NT Ellis,0,0,,,,,,caught,O Davies
ball,1,16.2,Sydney Thunder,DR Sams,AD Hales,NT Ellis,1,0,,,,,,"",""
ball,1,16.3,Sydney Thunder,AD Hales,DR Sams,NT Ellis,1,0,,,,,,"",""
ball,1,16.4,Sydney Thunder,DR Sams,AD Hales,NT Ellis,0,1,1,,,,,"",""
ball,1,16.5,Sydney Thunder,DR Sams,AD Hales,NT Ellis,0,0,,,,,,caught,DR Sams
ball,1,16.6,Sydney Thunder,AI Ross,AD Hales,NT Ellis,1,0,,,,,,"",""
ball,1,16.7,Sydney Thunder,AD Hales,AI Ross,NT Ellis,1,0,,,,,,"",""
ball,1,17.1,Sydney Thunder,AD Hales,AI Ross,Shadab Khan,2,0,,,,,,"",""
ball,1,17.2,Sydney Thunder,AD Hales,AI Ross,Shadab Khan,6,0,,,,,,"",""
ball,1,17.3,Sydney Thunder,AD Hales,AI Ross,Shadab Khan,1,0,,,,,,"",""
ball,1,17.4,Sydney Thunder,AI Ross,AD Hales,Shadab Khan,1,0,,,,,,"",""
ball,1,17.5,Sydney Thunder,AD Hales,AI Ross,Shadab Khan,1,0,,,,,,"",""
ball,1,17.6,Sydney Thunder,AI Ross,AD Hales,Shadab Khan,6,0,,,,,,"",""
ball,1,18.1,Sydney Thunder,AD Hales,AI Ross,NT Ellis,0,0,,,,,,"",""
ball,1,18.2,Sydney Thunder,AD Hales,AI Ross,NT Ellis,6,0,,,,,,"",""
ball,1,18.3,Sydney Thunder,AD Hales,AI Ross,NT Ellis,1,0,,,,,,"",""
ball,1,18.4,Sydney Thunder,AI Ross,AD Hales,NT Ellis,6,0,,,,,,"",""
ball,1,18.5,Sydney Thunder,AI Ross,AD Hales,NT Ellis,0,0,,,,,,bowled,AI Ross
ball,1,18.6,Sydney Thunder,BCJ Cutting,AD Hales,NT Ellis,0,0,,,,,,"",""
ball,1,19.1,Sydney Thunder,AD Hales,BCJ Cutting,RP Meredith,0,0,,,,,,caught,AD Hales
ball,1,19.2,Sydney Thunder,N McAndrew,BCJ Cutting,RP Meredith,1,1,,1,,,,"",""
ball,1,19.3,Sydney Thunder,BCJ Cutting,N McAndrew,RP Meredith,0,1,1,,,,,"",""
ball,1,19.4,Sydney Thunder,BCJ Cutting,N McAndrew,RP Meredith,1,0,,,,,,"",""
ball,1,19.5,Sydney Thunder,N McAndrew,BCJ Cutting,RP Meredith,6,0,,,,,,"",""
ball,1,19.6,Sydney Thunder,N McAndrew,BCJ Cutting,RP Meredith,0,0,,,,,,"",""
ball,1,19.7,Sydney Thunder,N McAndrew,BCJ Cutting,RP Meredith,3,0,,,,,,"",""
ball,1,19.8,Sydney Thunder,BCJ Cutting,N McAndrew,RP Meredith,0,1,,,1,,,"",""
ball,2,0.1,Hobart Hurricanes,CP Jewell,DJM Short,B Doggett,1,0,,,,,,"",""
ball,2,0.2,Hobart Hurricanes,DJM Short,CP Jewell,B Doggett,0,0,,,,,,"",""
ball,2,0.3,Hobart Hurricanes,DJM Short,CP Jewell,B Doggett,0,0,,,,,,"",""
ball,2,0.4,Hobart Hurricanes,DJM Short,CP Jewell,B Doggett,0,0,,,,,,"",""
ball,2,0.5,Hobart Hurricanes,DJM Short,CP Jewell,B Doggett,1,0,,,,,,"",""
ball,2,0.6,Hobart Hurricanes,CP Jewell,DJM Short,B Doggett,1,0,,,,,,"",""
ball,2,1.1,Hobart Hurricanes,CP Jewell,DJM Short,CJ Green,2,0,,,,,,"",""
ball,2,1.2,Hobart Hurricanes,CP Jewell,DJM Short,CJ Green,0,0,,,,,,"",""
ball,2,1.3,Hobart Hurricanes,CP Jewell,DJM Short,CJ Green,0,0,,,,,,"",""
ball,2,1.4,Hobart Hurricanes,CP Jewell,DJM Short,CJ Green,1,0,,,,,,"",""
ball,2,1.5,Hobart Hurricanes,DJM Short,CP Jewell,CJ Green,1,0,,,,,,"",""
ball,2,1.6,Hobart Hurricanes,CP Jewell,DJM Short,CJ Green,0,0,,,,,,"",""
ball,2,2.1,Hobart Hurricanes,DJM Short,CP Jewell,B Doggett,0,0,,,,,,caught,DJM Short
ball,2,2.2,Hobart Hurricanes,MS Wade,CP Jewell,B Doggett,2,0,,,,,,"",""
ball,2,2.3,Hobart Hurricanes,MS Wade,CP Jewell,B Doggett,6,0,,,,,,"",""
ball,2,2.4,Hobart Hurricanes,MS Wade,CP Jewell,B Doggett,2,0,,,,,,"",""
ball,2,2.5,Hobart Hurricanes,MS Wade,CP Jewell,B Doggett,6,0,,,,,,"",""
ball,2,2.6,Hobart Hurricanes,MS Wade,CP Jewell,B Doggett,6,0,,,,,,"",""
ball,2,3.1,Hobart Hurricanes,CP Jewell,MS Wade,CJ Green,0,5,5,,,,,"",""
ball,2,3.2,Hobart Hurricanes,CP Jewell,MS Wade,CJ Green,1,0,,,,,,"",""
ball,2,3.3,Hobart Hurricanes,MS Wade,CP Jewell,CJ Green,1,0,,,,,,"",""
ball,2,3.4,Hobart Hurricanes,CP Jewell,MS Wade,CJ Green,0,0,,,,,,"",""
ball,2,3.5,Hobart Hurricanes,CP Jewell,MS Wade,CJ Green,1,0,,,,,,"",""
ball,2,3.6,Hobart Hurricanes,MS Wade,CP Jewell,CJ Green,0,0,,,,,,"",""
ball,2,3.7,Hobart Hurricanes,MS Wade,CP Jewell,CJ Green,2,0,,,,,,"",""
ball,2,4.1,Hobart Hurricanes,CP Jewell,MS Wade,N McAndrew,1,0,,,,,,"",""
ball,2,4.2,Hobart Hurricanes,MS Wade,CP Jewell,N McAndrew,1,0,,,,,,"",""
ball,2,4.3,Hobart Hurricanes,CP Jewell,MS Wade,N McAndrew,1,0,,,,,,"",""
ball,2,4.4,Hobart Hurricanes,MS Wade,CP Jewell,N McAndrew,2,0,,,,,,"",""
ball,2,4.5,Hobart Hurricanes,MS Wade,CP Jewell,N McAndrew,0,0,,,,,,"",""
ball,2,4.6,Hobart Hurricanes,MS Wade,CP Jewell,N McAndrew,1,0,,,,,,"",""
ball,2,5.1,Hobart Hurricanes,MS Wade,CP Jewell,CJ Green,1,0,,,,,,"",""
ball,2,5.2,Hobart Hurricanes,CP Jewell,MS Wade,CJ Green,2,0,,,,,,"",""
ball,2,5.3,Hobart Hurricanes,CP Jewell,MS Wade,CJ Green,4,0,,,,,,"",""
ball,2,5.4,Hobart Hurricanes,CP Jewell,MS Wade,CJ Green,1,0,,,,,,"",""
ball,2,5.5,Hobart Hurricanes,MS Wade,CP Jewell,CJ Green,1,0,,,,,,"",""
ball,2,5.6,Hobart Hurricanes,CP Jewell,MS Wade,CJ Green,2,0,,,,,,"",""
ball,2,6.1,Hobart Hurricanes,MS Wade,CP Jewell,DR Sams,6,0,,,,,,"",""
ball,2,6.2,Hobart Hurricanes,MS Wade,CP Jewell,DR Sams,0,1,1,,,,,"",""
ball,2,6.3,Hobart Hurricanes,MS Wade,CP Jewell,DR Sams,1,0,,,,,,"",""
ball,2,6.4,Hobart Hurricanes,CP Jewell,MS Wade,DR Sams,1,0,,,,,,"",""
ball,2,6.5,Hobart Hurricanes,MS Wade,CP Jewell,DR Sams,6,0,,,,,,"",""
ball,2,6.6,Hobart Hurricanes,MS Wade,CP Jewell,DR Sams,0,0,,,,,,"",""
ball,2,6.7,Hobart Hurricanes,MS Wade,CP Jewell,DR Sams,6,0,,,,,,"",""
ball,2,7.1,Hobart Hurricanes,CP Jewell,MS Wade,Usman Qadir,1,0,,,,,,"",""
ball,2,7.2,Hobart Hurricanes,MS Wade,CP Jewell,Usman Qadir,1,0,,,,,,"",""
ball,2,7.3,Hobart Hurricanes,CP Jewell,MS Wade,Usman Qadir,0,0,,,,,,bowled,CP Jewell
ball,2,7.4,Hobart Hurricanes,TH David,MS Wade,Usman Qadir,1,0,,,,,,"",""
ball,2,7.5,Hobart Hurricanes,MS Wade,TH David,Usman Qadir,4,0,,,,,,"",""
ball,2,7.6,Hobart Hurricanes,MS Wade,TH David,Usman Qadir,1,0,,,,,,"",""
ball,2,8.1,Hobart Hurricanes,MS Wade,TH David,N McAndrew,2,0,,,,,,"",""
ball,2,8.2,Hobart Hurricanes,MS Wade,TH David,N McAndrew,1,0,,,,,,"",""
ball,2,8.3,Hobart Hurricanes,TH David,MS Wade,N McAndrew,0,0,,,,,,"",""
ball,2,8.4,Hobart Hurricanes,TH David,MS Wade,N McAndrew,1,0,,,,,,"",""
ball,2,8.5,Hobart Hurricanes,MS Wade,TH David,N McAndrew,1,0,,,,,,"",""
ball,2,8.6,Hobart Hurricanes,TH David,MS Wade,N McAndrew,4,0,,,,,,"",""
ball,2,9.1,Hobart Hurricanes,MS Wade,TH David,Usman Qadir,1,0,,,,,,"",""
ball,2,9.2,Hobart Hurricanes,TH David,MS Wade,Usman Qadir,0,2,,,2,,,"",""
ball,2,9.3,Hobart Hurricanes,TH David,MS Wade,Usman Qadir,1,0,,,,,,"",""
ball,2,9.4,Hobart Hurricanes,MS Wade,TH David,Usman Qadir,1,0,,,,,,"",""
ball,2,9.5,Hobart Hurricanes,TH David,MS Wade,Usman Qadir,1,0,,,,,,"",""
ball,2,9.6,Hobart Hurricanes,MS Wade,TH David,Usman Qadir,1,0,,,,,,"",""
ball,2,10.1,Hobart Hurricanes,MS Wade,TH David,BCJ Cutting,4,0,,,,,,"",""
ball,2,10.2,Hobart Hurricanes,MS Wade,TH David,BCJ Cutting,0,0,,,,,,caught,MS Wade
ball,2,10.3,Hobart Hurricanes,JDS Neesham,TH David,BCJ Cutting,1,0,,,,,,"",""
ball,2,10.4,Hobart Hurricanes,TH David,JDS Neesham,BCJ Cutting,0,0,,,,,,"",""
ball,2,10.5,Hobart Hurricanes,TH David,JDS Neesham,BCJ Cutting,2,0,,,,,,"",""
ball,2,10.6,Hobart Hurricanes,TH David,JDS Neesham,BCJ Cutting,0,0,,,,,,"",""
ball,2,11.1,Hobart Hurricanes,JDS Neesham,TH David,Usman Qadir,4,0,,,,,,"",""
ball,2,11.2,Hobart Hurricanes,JDS Neesham,TH David,Usman Qadir,6,0,,,,,,"",""
ball,2,11.3,Hobart Hurricanes,JDS Neesham,TH David,Usman Qadir,1,0,,,,,,"",""
ball,2,11.4,Hobart Hurricanes,TH David,JDS Neesham,Usman Qadir,1,0,,,,,,"",""
ball,2,11.5,Hobart Hurricanes,JDS Neesham,TH David,Usman Qadir,1,0,,,,,,"",""
ball,2,11.6,Hobart Hurricanes,TH David,JDS Neesham,Usman Qadir,6,0,,,,,,"",""
ball,2,12.1,Hobart Hurricanes,JDS Neesham,TH David,B Doggett,0,0,,,,,,caught,JDS Neesham
ball,2,12.2,Hobart Hurricanes,Asif Ali,TH David,B Doggett,1,0,,,,,,"",""
ball,2,12.3,Hobart Hurricanes,TH David,Asif Ali,B Doggett,1,0,,,,,,"",""
ball,2,12.4,Hobart Hurricanes,Asif Ali,TH David,B Doggett,0,0,,,,,,"",""
ball,2,12.5,Hobart Hurricanes,Asif Ali,TH David,B Doggett,0,0,,,,,,"",""
ball,2,12.6,Hobart Hurricanes,Asif Ali,TH David,B Doggett,6,0,,,,,,"",""
ball,2,13.1,Hobart Hurricanes,TH David,Asif Ali,BCJ Cutting,6,0,,,,,,"",""
ball,2,13.2,Hobart Hurricanes,TH David,Asif Ali,BCJ Cutting,1,0,,,,,,run out,TH David
ball,2,13.3,Hobart Hurricanes,Shadab Khan,Asif Ali,BCJ Cutting,1,0,,,,,,"",""
ball,2,13.4,Hobart Hurricanes,Asif Ali,Shadab Khan,BCJ Cutting,0,0,,,,,,caught,Asif Ali
ball,2,13.5,Hobart Hurricanes,JS Paris,Shadab Khan,BCJ Cutting,0,0,,,,,,"",""
ball,2,13.6,Hobart Hurricanes,JS Paris,Shadab Khan,BCJ Cutting,1,0,,,,,,"",""
ball,2,14.1,Hobart Hurricanes,JS Paris,Shadab Khan,N McAndrew,1,0,,,,,,"",""
ball,2,14.2,Hobart Hurricanes,Shadab Khan,JS Paris,N McAndrew,0,1,1,,,,,"",""
ball,2,14.3,Hobart Hurricanes,Shadab Khan,JS Paris,N McAndrew,0,0,,,,,,"",""
ball,2,14.4,Hobart Hurricanes,Shadab Khan,JS Paris,N McAndrew,0,0,,,,,,caught,Shadab Khan
ball,2,14.5,Hobart Hurricanes,NT Ellis,JS Paris,N McAndrew,1,0,,,,,,"",""
ball,2,14.6,Hobart Hurricanes,JS Paris,NT Ellis,N McAndrew,1,0,,,,,,"",""
ball,2,14.7,Hobart Hurricanes,NT Ellis,JS Paris,N McAndrew,0,1,,1,,,,"",""
ball,2,14.8,Hobart Hurricanes,NT Ellis,JS Paris,N McAndrew,6,0,,,,,,"",""
ball,2,15.1,Hobart Hurricanes,JS Paris,NT Ellis,B Doggett,0,0,,,,,,"",""
ball,2,15.2,Hobart Hurricanes,JS Paris,NT Ellis,B Doggett,1,0,,,,,,"",""
ball,2,15.3,Hobart Hurricanes,NT Ellis,JS Paris,B Doggett,0,0,,,,,,caught and bowled,NT Ellis
ball,2,15.4,Hobart Hurricanes,PG Dooley,JS Paris,B Doggett,1,0,,,,,,"",""
ball,2,15.5,Hobart Hurricanes,JS Paris,PG Dooley,B Doggett,0,0,,,,,,caught,JS Paris
ball,2,15.6,Hobart Hurricanes,RP Meredith,PG Dooley,B Doggett,0,0,,,,,,"",""
ball,2,16.1,Hobart Hurricanes,PG Dooley,RP Meredith,CJ Green,4,0,,,,,,"",""
ball,2,16.2,Hobart Hurricanes,PG Dooley,RP Meredith,CJ Green,0,0,,,,,,"",""
ball,2,16.3,Hobart Hurricanes,PG Dooley,RP Meredith,CJ Green,4,0,,,,,,"",""
ball,2,16.4,Hobart Hurricanes,PG Dooley,RP Meredith,CJ Green,0,0,,,,,,"",""
ball,2,16.5,Hobart Hurricanes,PG Dooley,RP Meredith,CJ Green,1,0,,,,,,"",""
ball,2,16.6,Hobart Hurricanes,RP Meredith,PG Dooley,CJ Green,0,0,,,,,,bowled,RP Meredith
