version,1.6.0
info,balls_per_over,6
info,team,Adelaide Strikers
info,team,Sydney Sixers
info,gender,male
info,season,2011/12
info,date,2012/01/10
info,event,Big Bash League
info,venue,Adelaide Oval
info,city,
info,toss_winner,Sydney Sixers
info,toss_decision,bat
info,player_of_match,SNJ O'Keefe
info,umpire,AJ Barrow
info,umpire,MD Martell
info,tv_umpire,P Wilson
info,match_referee,DJ Harper
info,winner,Sydney Sixers
info,winner_runs,64
info,player,Adelaide Strikers,M Klinger
info,player,Adelaide Strikers,DJ Harris
info,player,Adelaide Strikers,AC Blizzard
info,player,Adelaide Strikers,TLW Cooper
info,player,Adelaide Strikers,CJ Borgas
info,player,Adelaide Strikers,AW O'Brien
info,player,Adelaide Strikers,AJ Crosthwaite
info,player,Adelaide Strikers,BG Drew
info,player,Adelaide Strikers,DR Salpietro
info,player,Adelaide Strikers,KW Richardson
info,player,Adelaide Strikers,AC Thomas
info,player,Sydney Sixers,MJ Lumb
info,player,Sydney Sixers,MC Henriques
info,player,Sydney Sixers,NJ Maddinson
info,player,Sydney Sixers,BJ Rohrer
info,player,Sydney Sixers,SPD Smith
info,player,Sydney Sixers,DJ Thornely
info,player,Sydney Sixers,NL McCullum
info,player,Sydney Sixers,PM Nevill
info,player,Sydney Sixers,SNJ O'Keefe
info,player,Sydney Sixers,B Lee
info,player,Sydney Sixers,SCG MacGill
info,registry,people,AC Blizzard,1efb8a28
info,registry,people,AC Thomas,b552a935
info,registry,people,AJ Barrow,a67aa9df
info,registry,people,AJ Crosthwaite,0c8836b6
info,registry,people,AW O'Brien,d29be810
info,registry,people,B Lee,dd09ff8e
info,registry,people,BG Drew,751f4b9b
info,registry,people,BJ Rohrer,27af6414
info,registry,people,CJ Borgas,d901964b
info,registry,people,DJ Harper,0ec08b27
info,registry,people,DJ Harris,39f82db3
info,registry,people,DJ Thornely,7d3937ed
info,registry,people,DR Salpietro,a6ae5f7f
info,registry,people,KW Richardson,dfc4d8b5
info,registry,people,M Klinger,b970a03f
info,registry,people,MC Henriques,32198ae0
info,registry,people,MD Martell,487c072e
info,registry,people,MJ Lumb,11df3dc8
info,registry,people,NJ Maddinson,44afbf2d
info,registry,people,NL McCullum,5673a3fc
info,registry,people,P Wilson,68304a36
info,registry,people,PM Nevill,a22fb7b5
info,registry,people,SCG MacGill,60dac349
info,registry,people,SNJ O'Keefe,3540beff
info,registry,people,SPD Smith,30a45b23
info,registry,people,TLW Cooper,2318ba22
ball,1,0.1,Sydney Sixers,MJ Lumb,MC Henriques,KW Richardson,1,0,,,,,,"",""
ball,1,0.2,Sydney Sixers,MC Henriques,MJ Lumb,KW Richardson,4,0,,,,,,"",""
ball,1,0.3,Sydney Sixers,MC Henriques,MJ Lumb,KW Richardson,0,0,,,,,,"",""
ball,1,0.4,Sydney Sixers,MC Henriques,MJ Lumb,KW Richardson,1,0,,,,,,"",""
ball,1,0.5,Sydney Sixers,MJ Lumb,MC Henriques,KW Richardson,0,1,1,,,,,"",""
ball,1,0.6,Sydney Sixers,MJ Lumb,MC Henriques,KW Richardson,0,0,,,,,,"",""
ball,1,0.7,Sydney Sixers,MJ Lumb,MC Henriques,KW Richardson,0,0,,,,,,"",""
ball,1,1.1,Sydney Sixers,MC Henriques,MJ Lumb,AC Thomas,0,0,,,,,,"",""
ball,1,1.2,Sydney Sixers,MC Henriques,MJ Lumb,AC Thomas,1,0,,,,,,"",""
ball,1,1.3,Sydney Sixers,MJ Lumb,MC Henriques,AC Thomas,4,0,,,,,,"",""
ball,1,1.4,Sydney Sixers,MJ Lumb,MC Henriques,AC Thomas,0,0,,,,,,"",""
ball,1,1.5,Sydney Sixers,MJ Lumb,MC Henriques,AC Thomas,2,0,,,,,,"",""
ball,1,1.6,Sydney Sixers,MJ Lumb,MC Henriques,AC Thomas,1,0,,,,,,"",""
ball,1,2.1,Sydney Sixers,MJ Lumb,MC Henriques,AW O'Brien,0,0,,,,,,run out,MJ Lumb
ball,1,2.2,Sydney Sixers,NJ Maddinson,MC Henriques,AW O'Brien,1,0,,,,,,"",""
ball,1,2.3,Sydney Sixers,MC Henriques,NJ Maddinson,AW O'Brien,0,0,,,,,,"",""
ball,1,2.4,Sydney Sixers,MC Henriques,NJ Maddinson,AW O'Brien,1,0,,,,,,"",""
ball,1,2.5,Sydney Sixers,NJ Maddinson,MC Henriques,AW O'Brien,0,0,,,,,,"",""
ball,1,2.6,Sydney Sixers,NJ Maddinson,MC Henriques,AW O'Brien,1,0,,,,,,"",""
ball,1,3.1,Sydney Sixers,NJ Maddinson,MC Henriques,AC Thomas,1,0,,,,,,"",""
ball,1,3.2,Sydney Sixers,MC Henriques,NJ Maddinson,AC Thomas,1,0,,,,,,"",""
ball,1,3.3,Sydney Sixers,NJ Maddinson,MC Henriques,AC Thomas,0,0,,,,,,"",""
ball,1,3.4,Sydney Sixers,NJ Maddinson,MC Henriques,AC Thomas,4,0,,,,,,"",""
ball,1,3.5,Sydney Sixers,NJ Maddinson,MC Henriques,AC Thomas,0,1,1,,,,,"",""
ball,1,3.6,Sydney Sixers,NJ Maddinson,MC Henriques,AC Thomas,1,0,,,,,,"",""
ball,1,3.7,Sydney Sixers,MC Henriques,NJ Maddinson,AC Thomas,0,1,,,,1,,"",""
ball,1,4.1,Sydney Sixers,MC Henriques,NJ Maddinson,AW O'Brien,2,0,,,,,,"",""
ball,1,4.2,Sydney Sixers,MC Henriques,NJ Maddinson,AW O'Brien,0,0,,,,,,"",""
ball,1,4.3,Sydney Sixers,MC Henriques,NJ Maddinson,AW O'Brien,1,0,,,,,,"",""
ball,1,4.4,Sydney Sixers,NJ Maddinson,MC Henriques,AW O'Brien,6,0,,,,,,"",""
ball,1,4.5,Sydney Sixers,NJ Maddinson,MC Henriques,AW O'Brien,0,1,1,,,,,"",""
ball,1,4.6,Sydney Sixers,NJ Maddinson,MC Henriques,AW O'Brien,1,0,,,,,,"",""
ball,1,4.7,Sydney Sixers,MC Henriques,NJ Maddinson,AW O'Brien,1,0,,,,,,"",""
ball,1,5.1,Sydney Sixers,MC Henriques,NJ Maddinson,KW Richardson,0,0,,,,,,"",""
ball,1,5.2,Sydney Sixers,MC Henriques,NJ Maddinson,KW Richardson,1,0,,,,,,"",""
ball,1,5.3,Sydney Sixers,NJ Maddinson,MC Henriques,KW Richardson,0,0,,,,,,"",""
ball,1,5.4,Sydney Sixers,NJ Maddinson,MC Henriques,KW Richardson,2,0,,,,,,"",""
ball,1,5.5,Sydney Sixers,NJ Maddinson,MC Henriques,KW Richardson,0,0,,,,,,"",""
ball,1,5.6,Sydney Sixers,NJ Maddinson,MC Henriques,KW Richardson,3,0,,,,,,"",""
ball,1,6.1,Sydney Sixers,NJ Maddinson,MC Henriques,BG Drew,2,0,,,,,,"",""
ball,1,6.2,Sydney Sixers,NJ Maddinson,MC Henriques,BG Drew,0,0,,,,,,"",""
ball,1,6.3,Sydney Sixers,NJ Maddinson,MC Henriques,BG Drew,6,0,,,,,,"",""
ball,1,6.4,Sydney Sixers,NJ Maddinson,MC Henriques,BG Drew,1,0,,,,,,"",""
ball,1,6.5,Sydney Sixers,MC Henriques,NJ Maddinson,BG Drew,1,0,,,,,,"",""
ball,1,6.6,Sydney Sixers,NJ Maddinson,MC Henriques,BG Drew,0,0,,,,,,"",""
ball,1,7.1,Sydney Sixers,MC Henriques,NJ Maddinson,DR Salpietro,6,0,,,,,,"",""
ball,1,7.2,Sydney Sixers,MC Henriques,NJ Maddinson,DR Salpietro,0,0,,,,,,"",""
ball,1,7.3,Sydney Sixers,MC Henriques,NJ Maddinson,DR Salpietro,0,0,,,,,,"",""
ball,1,7.4,Sydney Sixers,MC Henriques,NJ Maddinson,DR Salpietro,1,0,,,,,,"",""
ball,1,7.5,Sydney Sixers,NJ Maddinson,MC Henriques,DR Salpietro,2,0,,,,,,"",""
ball,1,7.6,Sydney Sixers,NJ Maddinson,MC Henriques,DR Salpietro,0,0,,,,,,caught,NJ Maddinson
ball,1,8.1,Sydney Sixers,MC Henriques,BJ Rohrer,BG Drew,1,0,,,,,,"",""
ball,1,8.2,Sydney Sixers,BJ Rohrer,MC Henriques,BG Drew,1,0,,,,,,"",""
ball,1,8.3,Sydney Sixers,MC Henriques,BJ Rohrer,BG Drew,0,0,,,,,,"",""
ball,1,8.4,Sydney Sixers,MC Henriques,BJ Rohrer,BG Drew,1,0,,,,,,"",""
ball,1,8.5,Sydney Sixers,BJ Rohrer,MC Henriques,BG Drew,1,0,,,,,,"",""
ball,1,8.6,Sydney Sixers,MC Henriques,BJ Rohrer,BG Drew,2,0,,,,,,"",""
ball,1,9.1,Sydney Sixers,BJ Rohrer,MC Henriques,DR Salpietro,1,0,,,,,,"",""
ball,1,9.2,Sydney Sixers,MC Henriques,BJ Rohrer,DR Salpietro,2,0,,,,,,"",""
ball,1,9.3,Sydney Sixers,MC Henriques,BJ Rohrer,DR Salpietro,0,0,,,,,,"",""
ball,1,9.4,Sydney Sixers,MC Henriques,BJ Rohrer,DR Salpietro,4,0,,,,,,"",""
ball,1,9.5,Sydney Sixers,MC Henriques,BJ Rohrer,DR Salpietro,2,0,,,,,,"",""
ball,1,9.6,Sydney Sixers,MC Henriques,BJ Rohrer,DR Salpietro,0,0,,,,,,"",""
ball,1,10.1,Sydney Sixers,BJ Rohrer,MC Henriques,AW O'Brien,1,0,,,,,,"",""
ball,1,10.2,Sydney Sixers,MC Henriques,BJ Rohrer,AW O'Brien,1,0,,,,,,"",""
ball,1,10.3,Sydney Sixers,BJ Rohrer,MC Henriques,AW O'Brien,2,0,,,,,,"",""
ball,1,10.4,Sydney Sixers,BJ Rohrer,MC Henriques,AW O'Brien,2,0,,,,,,"",""
ball,1,10.5,Sydney Sixers,BJ Rohrer,MC Henriques,AW O'Brien,1,0,,,,,,"",""
ball,1,10.6,Sydney Sixers,MC Henriques,BJ Rohrer,AW O'Brien,1,0,,,,,,"",""
ball,1,11.1,Sydney Sixers,MC Henriques,BJ Rohrer,KW Richardson,1,0,,,,,,"",""
ball,1,11.2,Sydney Sixers,BJ Rohrer,MC Henriques,KW Richardson,2,0,,,,,,"",""
ball,1,11.3,Sydney Sixers,BJ Rohrer,MC Henriques,KW Richardson,1,0,,,,,,"",""
ball,1,11.4,Sydney Sixers,MC Henriques,BJ Rohrer,KW Richardson,0,0,,,,,,"",""
ball,1,11.5,Sydney Sixers,MC Henriques,BJ Rohrer,KW Richardson,3,0,,,,,,"",""
ball,1,11.6,Sydney Sixers,BJ Rohrer,MC Henriques,KW Richardson,4,0,,,,,,"",""
ball,1,12.1,Sydney Sixers,MC Henriques,BJ Rohrer,AC Thomas,1,0,,,,,,"",""
ball,1,12.2,Sydney Sixers,BJ Rohrer,MC Henriques,AC Thomas,0,0,,,,,,"",""
ball,1,12.3,Sydney Sixers,BJ Rohrer,MC Henriques,AC Thomas,0,0,,,,,,caught,BJ Rohrer
ball,1,12.4,Sydney Sixers,MC Henriques,SPD Smith,AC Thomas,2,0,,,,,,"",""
ball,1,12.5,Sydney Sixers,MC Henriques,SPD Smith,AC Thomas,0,0,,,,,,bowled,MC Henriques
ball,1,12.6,Sydney Sixers,DJ Thornely,SPD Smith,AC Thomas,1,0,,,,,,"",""
ball,1,13.1,Sydney Sixers,DJ Thornely,SPD Smith,DR Salpietro,0,0,,,,,,"",""
ball,1,13.2,Sydney Sixers,DJ Thornely,SPD Smith,DR Salpietro,1,0,,,,,,"",""
ball,1,13.3,Sydney Sixers,SPD Smith,DJ Thornely,DR Salpietro,1,0,,,,,,"",""
ball,1,13.4,Sydney Sixers,DJ Thornely,SPD Smith,DR Salpietro,0,0,,,,,,"",""
ball,1,13.5,Sydney Sixers,DJ Thornely,SPD Smith,DR Salpietro,0,0,,,,,,"",""
ball,1,13.6,Sydney Sixers,DJ Thornely,SPD Smith,DR Salpietro,1,0,,,,,,"",""
ball,1,14.1,Sydney Sixers,DJ Thornely,SPD Smith,BG Drew,1,0,,,,,,"",""
ball,1,14.2,Sydney Sixers,SPD Smith,DJ Thornely,BG Drew,1,0,,,,,,"",""
ball,1,14.3,Sydney Sixers,DJ Thornely,SPD Smith,BG Drew,1,0,,,,,,run out,DJ Thornely
ball,1,14.4,Sydney Sixers,NL McCullum,SPD Smith,BG Drew,0,1,1,,,,,"",""
ball,1,14.5,Sydney Sixers,NL McCullum,SPD Smith,BG Drew,0,0,,,,,,"",""
ball,1,14.6,Sydney Sixers,NL McCullum,SPD Smith,BG Drew,0,0,,,,,,"",""
ball,1,14.7,Sydney Sixers,NL McCullum,SPD Smith,BG Drew,1,0,,,,,,"",""
ball,1,15.1,Sydney Sixers,NL McCullum,SPD Smith,DR Salpietro,1,0,,,,,,"",""
ball,1,15.2,Sydney Sixers,SPD Smith,NL McCullum,DR Salpietro,0,0,,,,,,"",""
ball,1,15.3,Sydney Sixers,SPD Smith,NL McCullum,DR Salpietro,1,0,,,,,,"",""
ball,1,15.4,Sydney Sixers,NL McCullum,SPD Smith,DR Salpietro,1,0,,,,,,"",""
ball,1,15.5,Sydney Sixers,SPD Smith,NL McCullum,DR Salpietro,2,0,,,,,,"",""
ball,1,15.6,Sydney Sixers,SPD Smith,NL McCullum,DR Salpietro,2,0,,,,,,"",""
ball,1,16.1,Sydney Sixers,NL McCullum,SPD Smith,BG Drew,2,0,,,,,,"",""
ball,1,16.2,Sydney Sixers,NL McCullum,SPD Smith,BG Drew,1,0,,,,,,"",""
ball,1,16.3,Sydney Sixers,SPD Smith,NL McCullum,BG Drew,1,0,,,,,,"",""
ball,1,16.4,Sydney Sixers,NL McCullum,SPD Smith,BG Drew,1,0,,,,,,"",""
ball,1,16.5,Sydney Sixers,SPD Smith,NL McCullum,BG Drew,0,0,,,,,,"",""
ball,1,16.6,Sydney Sixers,SPD Smith,NL McCullum,BG Drew,0,0,,,,,,caught,SPD Smith
ball,1,17.1,Sydney Sixers,PM Nevill,NL McCullum,AW O'Brien,1,0,,,,,,"",""
ball,1,17.2,Sydney Sixers,NL McCullum,PM Nevill,AW O'Brien,0,2,,,,2,,"",""
ball,1,17.3,Sydney Sixers,NL McCullum,PM Nevill,AW O'Brien,0,0,,,,,,"",""
ball,1,17.4,Sydney Sixers,NL McCullum,PM Nevill,AW O'Brien,1,0,,,,,,"",""
ball,1,17.5,Sydney Sixers,PM Nevill,NL McCullum,AW O'Brien,1,0,,,,,,"",""
ball,1,17.6,Sydney Sixers,NL McCullum,PM Nevill,AW O'Brien,0,0,,,,,,"",""
ball,1,18.1,Sydney Sixers,PM Nevill,NL McCullum,KW Richardson,1,0,,,,,,"",""
ball,1,18.2,Sydney Sixers,NL McCullum,PM Nevill,KW Richardson,0,0,,,,,,"",""
ball,1,18.3,Sydney Sixers,NL McCullum,PM Nevill,KW Richardson,2,0,,,,,,"",""
ball,1,18.4,Sydney Sixers,NL McCullum,PM Nevill,KW Richardson,6,0,,,,,,"",""
ball,1,18.5,Sydney Sixers,NL McCullum,PM Nevill,KW Richardson,0,5,5,,,,,"",""
ball,1,18.6,Sydney Sixers,NL McCullum,PM Nevill,KW Richardson,0,0,,,,,,"",""
ball,1,18.7,Sydney Sixers,NL McCullum,PM Nevill,KW Richardson,4,0,,,,,,"",""
ball,1,19.1,Sydney Sixers,PM Nevill,NL McCullum,AC Thomas,0,1,,,,1,,"",""
ball,1,19.2,Sydney Sixers,NL McCullum,PM Nevill,AC Thomas,0,0,,,,,,"",""
ball,1,19.3,Sydney Sixers,NL McCullum,PM Nevill,AC Thomas,0,1,,,1,,,"",""
ball,1,19.4,Sydney Sixers,PM Nevill,NL McCullum,AC Thomas,4,0,,,,,,"",""
ball,1,19.5,Sydney Sixers,PM Nevill,NL McCullum,AC Thomas,0,0,,,,,,run out,NL McCullum
ball,1,19.6,Sydney Sixers,SNJ O'Keefe,PM Nevill,AC Thomas,0,0,,,,,,bowled,SNJ O'Keefe
ball,2,0.1,Adelaide Strikers,M Klinger,DJ Harris,B Lee,0,0,,,,,,"",""
ball,2,0.2,Adelaide Strikers,M Klinger,DJ Harris,B Lee,0,0,,,,,,caught,M Klinger
ball,2,0.3,Adelaide Strikers,AC Blizzard,DJ Harris,B Lee,0,0,,,,,,"",""
ball,2,0.4,Adelaide Strikers,AC Blizzard,DJ Harris,B Lee,1,0,,,,,,"",""
ball,2,0.5,Adelaide Strikers,DJ Harris,AC Blizzard,B Lee,1,0,,,,,,"",""
ball,2,0.6,Adelaide Strikers,AC Blizzard,DJ Harris,B Lee,1,0,,,,,,"",""
ball,2,1.1,Adelaide Strikers,AC Blizzard,DJ Harris,DJ Thornely,0,0,,,,,,"",""
ball,2,1.2,Adelaide Strikers,AC Blizzard,DJ Harris,DJ Thornely,0,0,,,,,,"",""
ball,2,1.3,Adelaide Strikers,AC Blizzard,DJ Harris,DJ Thornely,4,0,,,,,,"",""
ball,2,1.4,Adelaide Strikers,AC Blizzard,DJ Harris,DJ Thornely,0,0,,,,,,"",""
ball,2,1.5,Adelaide Strikers,AC Blizzard,DJ Harris,DJ Thornely,0,0,,,,,,"",""
ball,2,1.6,Adelaide Strikers,AC Blizzard,DJ Harris,DJ Thornely,0,0,,,,,,"",""
ball,2,2.1,Adelaide Strikers,DJ Harris,AC Blizzard,B Lee,2,0,,,,,,"",""
ball,2,2.2,Adelaide Strikers,DJ Harris,AC Blizzard,B Lee,0,0,,,,,,"",""
ball,2,2.3,Adelaide Strikers,DJ Harris,AC Blizzard,B Lee,0,0,,,,,,"",""
ball,2,2.4,Adelaide Strikers,DJ Harris,AC Blizzard,B Lee,4,0,,,,,,"",""
ball,2,2.5,Adelaide Strikers,DJ Harris,AC Blizzard,B Lee,1,0,,,,,,"",""
ball,2,2.6,Adelaide Strikers,AC Blizzard,DJ Harris,B Lee,6,0,,,,,,"",""
ball,2,3.1,Adelaide Strikers,DJ Harris,AC Blizzard,MC Henriques,0,0,,,,,,"",""
ball,2,3.2,Adelaide Strikers,DJ Harris,AC Blizzard,MC Henriques,0,1,,,,1,,"",""
ball,2,3.3,Adelaide Strikers,AC Blizzard,DJ Harris,MC Henriques,1,0,,,,,,"",""
ball,2,3.4,Adelaide Strikers,DJ Harris,AC Blizzard,MC Henriques,0,0,,,,,,"",""
ball,2,3.5,Adelaide Strikers,DJ Harris,AC Blizzard,MC Henriques,1,0,,,,,,"",""
ball,2,3.6,Adelaide Strikers,AC Blizzard,DJ Harris,MC Henriques,4,0,,,,,,"",""
ball,2,4.1,Adelaide Strikers,DJ Harris,AC Blizzard,SNJ O'Keefe,0,0,,,,,,"",""
ball,2,4.2,Adelaide Strikers,DJ Harris,AC Blizzard,SNJ O'Keefe,0,0,,,,,,bowled,DJ Harris
ball,2,4.3,Adelaide Strikers,TLW Cooper,AC Blizzard,SNJ O'Keefe,1,0,,,,,,"",""
ball,2,4.4,Adelaide Strikers,AC Blizzard,TLW Cooper,SNJ O'Keefe,0,0,,,,,,"",""
ball,2,4.5,Adelaide Strikers,AC Blizzard,TLW Cooper,SNJ O'Keefe,0,0,,,,,,"",""
ball,2,4.6,Adelaide Strikers,AC Blizzard,TLW Cooper,SNJ O'Keefe,1,0,,,,,,"",""
ball,2,5.1,Adelaide Strikers,AC Blizzard,TLW Cooper,NL McCullum,0,0,,,,,,"",""
ball,2,5.2,Adelaide Strikers,AC Blizzard,TLW Cooper,NL McCullum,4,0,,,,,,"",""
ball,2,5.3,Adelaide Strikers,AC Blizzard,TLW Cooper,NL McCullum,1,0,,,,,,"",""
ball,2,5.4,Adelaide Strikers,TLW Cooper,AC Blizzard,NL McCullum,0,0,,,,,,caught,TLW Cooper
ball,2,5.5,Adelaide Strikers,CJ Borgas,AC Blizzard,NL McCullum,0,0,,,,,,"",""
ball,2,5.6,Adelaide Strikers,CJ Borgas,AC Blizzard,NL McCullum,2,0,,,,,,"",""
ball,2,6.1,Adelaide Strikers,AC Blizzard,CJ Borgas,SNJ O'Keefe,3,0,,,,,,"",""
ball,2,6.2,Adelaide Strikers,CJ Borgas,AC Blizzard,SNJ O'Keefe,1,0,,,,,,"",""
ball,2,6.3,Adelaide Strikers,AC Blizzard,CJ Borgas,SNJ O'Keefe,1,0,,,,,,"",""
ball,2,6.4,Adelaide Strikers,CJ Borgas,AC Blizzard,SNJ O'Keefe,1,0,,,,,,"",""
ball,2,6.5,Adelaide Strikers,AC Blizzard,CJ Borgas,SNJ O'Keefe,0,0,,,,,,caught,AC Blizzard
ball,2,6.6,Adelaide Strikers,AW O'Brien,CJ Borgas,SNJ O'Keefe,1,0,,,,,,"",""
ball,2,7.1,Adelaide Strikers,AW O'Brien,CJ Borgas,NL McCullum,0,0,,,,,,lbw,AW O'Brien
ball,2,7.2,Adelaide Strikers,AJ Crosthwaite,CJ Borgas,NL McCullum,0,0,,,,,,"",""
ball,2,7.3,Adelaide Strikers,AJ Crosthwaite,CJ Borgas,NL McCullum,0,0,,,,,,"",""
ball,2,7.4,Adelaide Strikers,AJ Crosthwaite,CJ Borgas,NL McCullum,0,0,,,,,,"",""
ball,2,7.5,Adelaide Strikers,AJ Crosthwaite,CJ Borgas,NL McCullum,1,0,,,,,,"",""
ball,2,7.6,Adelaide Strikers,CJ Borgas,AJ Crosthwaite,NL McCullum,0,0,,,,,,"",""
ball,2,8.1,Adelaide Strikers,AJ Crosthwaite,CJ Borgas,SCG MacGill,1,0,,,,,,"",""
ball,2,8.2,Adelaide Strikers,CJ Borgas,AJ Crosthwaite,SCG MacGill,2,0,,,,,,"",""
ball,2,8.3,Adelaide Strikers,CJ Borgas,AJ Crosthwaite,SCG MacGill,1,0,,,,,,"",""
ball,2,8.4,Adelaide Strikers,AJ Crosthwaite,CJ Borgas,SCG MacGill,0,0,,,,,,"",""
ball,2,8.5,Adelaide Strikers,AJ Crosthwaite,CJ Borgas,SCG MacGill,0,0,,,,,,"",""
ball,2,8.6,Adelaide Strikers,AJ Crosthwaite,CJ Borgas,SCG MacGill,1,0,,,,,,"",""
ball,2,9.1,Adelaide Strikers,AJ Crosthwaite,CJ Borgas,SNJ O'Keefe,1,0,,,,,,"",""
ball,2,9.2,Adelaide Strikers,CJ Borgas,AJ Crosthwaite,SNJ O'Keefe,1,0,,,,,,"",""
ball,2,9.3,Adelaide Strikers,AJ Crosthwaite,CJ Borgas,SNJ O'Keefe,1,0,,,,,,"",""
ball,2,9.4,Adelaide Strikers,CJ Borgas,AJ Crosthwaite,SNJ O'Keefe,0,0,,,,,,stumped,CJ Borgas
ball,2,9.5,Adelaide Strikers,BG Drew,AJ Crosthwaite,SNJ O'Keefe,0,3,3,,,,,"",""
ball,2,9.6,Adelaide Strikers,BG Drew,AJ Crosthwaite,SNJ O'Keefe,1,0,,,,,,"",""
ball,2,9.7,Adelaide Strikers,AJ Crosthwaite,BG Drew,SNJ O'Keefe,0,0,,,,,,"",""
ball,2,10.1,Adelaide Strikers,BG Drew,AJ Crosthwaite,SCG MacGill,0,0,,,,,,"",""
ball,2,10.2,Adelaide Strikers,BG Drew,AJ Crosthwaite,SCG MacGill,0,0,,,,,,"",""
ball,2,10.3,Adelaide Strikers,BG Drew,AJ Crosthwaite,SCG MacGill,0,0,,,,,,"",""
ball,2,10.4,Adelaide Strikers,BG Drew,AJ Crosthwaite,SCG MacGill,0,1,1,,,,,"",""
ball,2,10.5,Adelaide Strikers,BG Drew,AJ Crosthwaite,SCG MacGill,2,0,,,,,,"",""
ball,2,10.6,Adelaide Strikers,BG Drew,AJ Crosthwaite,SCG MacGill,0,0,,,,,,"",""
ball,2,10.7,Adelaide Strikers,BG Drew,AJ Crosthwaite,SCG MacGill,0,0,,,,,,"",""
ball,2,11.1,Adelaide Strikers,AJ Crosthwaite,BG Drew,SPD Smith,4,0,,,,,,"",""
ball,2,11.2,Adelaide Strikers,AJ Crosthwaite,BG Drew,SPD Smith,1,0,,,,,,"",""
ball,2,11.3,Adelaide Strikers,BG Drew,AJ Crosthwaite,SPD Smith,1,0,,,,,,"",""
ball,2,11.4,Adelaide Strikers,AJ Crosthwaite,BG Drew,SPD Smith,0,0,,,,,,"",""
ball,2,11.5,Adelaide Strikers,AJ Crosthwaite,BG Drew,SPD Smith,0,1,,,,1,,"",""
ball,2,11.6,Adelaide Strikers,BG Drew,AJ Crosthwaite,SPD Smith,1,0,,,,,,"",""
ball,2,12.1,Adelaide Strikers,BG Drew,AJ Crosthwaite,SCG MacGill,0,0,,,,,,"",""
ball,2,12.2,Adelaide Strikers,BG Drew,AJ Crosthwaite,SCG MacGill,0,0,,,,,,lbw,BG Drew
ball,2,12.3,Adelaide Strikers,DR Salpietro,AJ Crosthwaite,SCG MacGill,0,0,,,,,,"",""
ball,2,12.4,Adelaide Strikers,DR Salpietro,AJ Crosthwaite,SCG MacGill,0,0,,,,,,"",""
ball,2,12.5,Adelaide Strikers,DR Salpietro,AJ Crosthwaite,SCG MacGill,1,0,,,,,,"",""
ball,2,12.6,Adelaide Strikers,AJ Crosthwaite,DR Salpietro,SCG MacGill,1,0,,,,,,"",""
ball,2,13.1,Adelaide Strikers,AJ Crosthwaite,DR Salpietro,SPD Smith,0,0,,,,,,"",""
ball,2,13.2,Adelaide Strikers,AJ Crosthwaite,DR Salpietro,SPD Smith,0,0,,,,,,"",""
ball,2,13.3,Adelaide Strikers,AJ Crosthwaite,DR Salpietro,SPD Smith,1,0,,,,,,"",""
ball,2,13.4,Adelaide Strikers,DR Salpietro,AJ Crosthwaite,SPD Smith,1,0,,,,,,"",""
ball,2,13.5,Adelaide Strikers,AJ Crosthwaite,DR Salpietro,SPD Smith,1,0,,,,,,"",""
ball,2,13.6,Adelaide Strikers,DR Salpietro,AJ Crosthwaite,SPD Smith,1,0,,,,,,"",""
ball,2,14.1,Adelaide Strikers,DR Salpietro,AJ Crosthwaite,SCG MacGill,0,0,,,,,,"",""
ball,2,14.2,Adelaide Strikers,DR Salpietro,AJ Crosthwaite,SCG MacGill,1,0,,,,,,"",""
ball,2,14.3,Adelaide Strikers,AJ Crosthwaite,DR Salpietro,SCG MacGill,0,0,,,,,,caught,AJ Crosthwaite
ball,2,14.4,Adelaide Strikers,DR Salpietro,KW Richardson,SCG MacGill,0,0,,,,,,"",""
ball,2,14.5,Adelaide Strikers,DR Salpietro,KW Richardson,SCG MacGill,0,0,,,,,,"",""
ball,2,14.6,Adelaide Strikers,DR Salpietro,KW Richardson,SCG MacGill,1,0,,,,,,"",""
ball,2,15.1,Adelaide Strikers,DR Salpietro,KW Richardson,SPD Smith,1,0,,,,,,"",""
ball,2,15.2,Adelaide Strikers,KW Richardson,DR Salpietro,SPD Smith,0,0,,,,,,caught,KW Richardson
ball,2,15.3,Adelaide Strikers,DR Salpietro,AC Thomas,SPD Smith,0,0,,,,,,"",""
ball,2,15.4,Adelaide Strikers,DR Salpietro,AC Thomas,SPD Smith,1,0,,,,,,"",""
ball,2,15.5,Adelaide Strikers,AC Thomas,DR Salpietro,SPD Smith,1,0,,,,,,"",""
ball,2,15.6,Adelaide Strikers,DR Salpietro,AC Thomas,SPD Smith,2,0,,,,,,"",""
ball,2,16.1,Adelaide Strikers,AC Thomas,DR Salpietro,SNJ O'Keefe,1,0,,,,,,"",""
ball,2,16.2,Adelaide Strikers,DR Salpietro,AC Thomas,SNJ O'Keefe,1,0,,,,,,"",""
ball,2,16.3,Adelaide Strikers,AC Thomas,DR Salpietro,SNJ O'Keefe,1,0,,,,,,"",""
ball,2,16.4,Adelaide Strikers,DR Salpietro,AC Thomas,SNJ O'Keefe,1,0,,,,,,"",""
ball,2,16.5,Adelaide Strikers,AC Thomas,DR Salpietro,SNJ O'Keefe,0,0,,,,,,"",""
ball,2,16.6,Adelaide Strikers,AC Thomas,DR Salpietro,SNJ O'Keefe,0,0,,,,,,"",""
ball,2,17.1,Adelaide Strikers,DR Salpietro,AC Thomas,SPD Smith,0,0,,,,,,"",""
ball,2,17.2,Adelaide Strikers,DR Salpietro,AC Thomas,SPD Smith,0,0,,,,,,"",""
ball,2,17.3,Adelaide Strikers,DR Salpietro,AC Thomas,SPD Smith,0,0,,,,,,"",""
ball,2,17.4,Adelaide Strikers,DR Salpietro,AC Thomas,SPD Smith,1,0,,,,,,"",""
ball,2,17.5,Adelaide Strikers,AC Thomas,DR Salpietro,SPD Smith,0,0,,,,,,"",""
ball,2,17.6,Adelaide Strikers,AC Thomas,DR Salpietro,SPD Smith,1,0,,,,,,"",""
ball,2,18.1,Adelaide Strikers,AC Thomas,DR Salpietro,B Lee,0,0,,,,,,"",""
ball,2,18.2,Adelaide Strikers,AC Thomas,DR Salpietro,B Lee,0,0,,,,,,"",""
ball,2,18.3,Adelaide Strikers,AC Thomas,DR Salpietro,B Lee,1,0,,,,,,"",""
ball,2,18.4,Adelaide Strikers,DR Salpietro,AC Thomas,B Lee,0,0,,,,,,bowled,DR Salpietro
