version,1.6.0
info,balls_per_over,6
info,team,Melbourne Renegades
info,team,Sydney Sixers
info,gender,male
info,season,2011/12
info,date,2012/01/02
info,event,Big Bash League
info,venue,Docklands Stadium
info,city,Melbourne
info,toss_winner,Sydney Sixers
info,toss_decision,bat
info,player_of_match,AB McDonald
info,umpire,MD Martell
info,umpire,PR Reiffel
info,tv_umpire,RL Parry
info,match_referee,PL Marshall
info,winner,Melbourne Renegades
info,winner_wickets,8
info,player,Melbourne Renegades,AJ Finch
info,player,Melbourne Renegades,BJ Hodge
info,player,Melbourne Renegades,GJ Maxwell
info,player,Melbourne Renegades,AB McDonald
info,player,Melbourne Renegades,Shahid Afridi
info,player,Melbourne Renegades,NJ Reardon
info,player,Melbourne Renegades,Abdul Razzaq
info,player,Melbourne Renegades,GA Manou
info,player,Melbourne Renegades,SM Harwood
info,player,Melbourne Renegades,DP Nannes
info,player,Melbourne Renegades,SW Tait
info,player,Sydney Sixers,DJ Bravo
info,player,Sydney Sixers,MJ Lumb
info,player,Sydney Sixers,NJ Maddinson
info,player,Sydney Sixers,SPD Smith
info,player,Sydney Sixers,MC Henriques
info,player,Sydney Sixers,BJ Rohrer
info,player,Sydney Sixers,PM Nevill
info,player,Sydney Sixers,DJ Thornely
info,player,Sydney Sixers,B Lee
info,player,Sydney Sixers,JR Hazlewood
info,player,Sydney Sixers,SCG MacGill
info,registry,people,AB McDonald,16043342
info,registry,people,AJ Finch,b8d490fd
info,registry,people,Abdul Razzaq,390ff45b
info,registry,people,B Lee,dd09ff8e
info,registry,people,BJ Hodge,b57f8a9a
info,registry,people,BJ Rohrer,27af6414
info,registry,people,DJ Bravo,87e562a9
info,registry,people,DJ Thornely,7d3937ed
info,registry,people,DP Nannes,c404f58a
info,registry,people,GA Manou,f58839ad
info,registry,people,GJ Maxwell,b681e71e
info,registry,people,JR Hazlewood,03806cf8
info,registry,people,MC Henriques,32198ae0
info,registry,people,MD Martell,487c072e
info,registry,people,MJ Lumb,11df3dc8
info,registry,people,NJ Maddinson,44afbf2d
info,registry,people,NJ Reardon,c7bdb5b5
info,registry,people,PL Marshall,c1ca6df3
info,registry,people,PM Nevill,a22fb7b5
info,registry,people,PR Reiffel,c9354f29
info,registry,people,RL Parry,86d151dc
info,registry,people,SCG MacGill,60dac349
info,registry,people,SM Harwood,63bff7f9
info,registry,people,SPD Smith,30a45b23
info,registry,people,SW Tait,addfb70e
info,registry,people,Shahid Afridi,0dc00542
ball,1,0.1,Sydney Sixers,DJ Bravo,MJ Lumb,GJ Maxwell,0,0,,,,,,"",""
ball,1,0.2,Sydney Sixers,DJ Bravo,MJ Lumb,GJ Maxwell,2,0,,,,,,"",""
ball,1,0.3,Sydney Sixers,DJ Bravo,MJ Lumb,GJ Maxwell,0,1,1,,,,,"",""
ball,1,0.4,Sydney Sixers,DJ Bravo,MJ Lumb,GJ Maxwell,0,0,,,,,,"",""
ball,1,0.5,Sydney Sixers,DJ Bravo,MJ Lumb,GJ Maxwell,1,0,,,,,,"",""
ball,1,0.6,Sydney Sixers,MJ Lumb,DJ Bravo,GJ Maxwell,0,0,,,,,,"",""
ball,1,0.7,Sydney Sixers,MJ Lumb,DJ Bravo,GJ Maxwell,0,0,,,,,,"",""
ball,1,1.1,Sydney Sixers,DJ Bravo,MJ Lumb,DP Nannes,0,0,,,,,,"",""
ball,1,1.2,Sydney Sixers,DJ Bravo,MJ Lumb,DP Nannes,0,0,,,,,,"",""
ball,1,1.3,Sydney Sixers,DJ Bravo,MJ Lumb,DP Nannes,0,0,,,,,,"",""
ball,1,1.4,Sydney Sixers,DJ Bravo,MJ Lumb,DP Nannes,0,2,,,,2,,"",""
ball,1,1.5,Sydney Sixers,DJ Bravo,MJ Lumb,DP Nannes,4,0,,,,,,"",""
ball,1,1.6,Sydney Sixers,DJ Bravo,MJ Lumb,DP Nannes,0,0,,,,,,bowled,DJ Bravo
ball,1,2.1,Sydney Sixers,MJ Lumb,NJ Maddinson,GJ Maxwell,1,0,,,,,,"",""
ball,1,2.2,Sydney Sixers,NJ Maddinson,MJ Lumb,GJ Maxwell,0,0,,,,,,"",""
ball,1,2.3,Sydney Sixers,NJ Maddinson,MJ Lumb,GJ Maxwell,0,0,,,,,,"",""
ball,1,2.4,Sydney Sixers,NJ Maddinson,MJ Lumb,GJ Maxwell,4,0,,,,,,"",""
ball,1,2.5,Sydney Sixers,NJ Maddinson,MJ Lumb,GJ Maxwell,0,0,,,,,,"",""
ball,1,2.6,Sydney Sixers,NJ Maddinson,MJ Lumb,GJ Maxwell,0,0,,,,,,"",""
ball,1,3.1,Sydney Sixers,MJ Lumb,NJ Maddinson,DP Nannes,1,0,,,,,,"",""
ball,1,3.2,Sydney Sixers,NJ Maddinson,MJ Lumb,DP Nannes,0,0,,,,,,"",""
ball,1,3.3,Sydney Sixers,NJ Maddinson,MJ Lumb,DP Nannes,0,0,,,,,,"",""
ball,1,3.4,Sydney Sixers,NJ Maddinson,MJ Lumb,DP Nannes,4,0,,,,,,"",""
ball,1,3.5,Sydney Sixers,NJ Maddinson,MJ Lumb,DP Nannes,0,0,,,,,,"",""
ball,1,3.6,Sydney Sixers,NJ Maddinson,MJ Lumb,DP Nannes,4,0,,,,,,"",""
ball,1,4.1,Sydney Sixers,MJ Lumb,NJ Maddinson,SW Tait,0,0,,,,,,"",""
ball,1,4.2,Sydney Sixers,MJ Lumb,NJ Maddinson,SW Tait,0,0,,,,,,"",""
ball,1,4.3,Sydney Sixers,MJ Lumb,NJ Maddinson,SW Tait,1,0,,,,,,"",""
ball,1,4.4,Sydney Sixers,NJ Maddinson,MJ Lumb,SW Tait,0,0,,,,,,"",""
ball,1,4.5,Sydney Sixers,NJ Maddinson,MJ Lumb,SW Tait,4,0,,,,,,"",""
ball,1,4.6,Sydney Sixers,NJ Maddinson,MJ Lumb,SW Tait,2,0,,,,,,"",""
ball,1,5.1,Sydney Sixers,MJ Lumb,NJ Maddinson,DP Nannes,4,0,,,,,,"",""
ball,1,5.2,Sydney Sixers,MJ Lumb,NJ Maddinson,DP Nannes,0,1,,,,1,,"",""
ball,1,5.3,Sydney Sixers,NJ Maddinson,MJ Lumb,DP Nannes,4,0,,,,,,"",""
ball,1,5.4,Sydney Sixers,NJ Maddinson,MJ Lumb,DP Nannes,0,0,,,,,,"",""
ball,1,5.5,Sydney Sixers,NJ Maddinson,MJ Lumb,DP Nannes,3,0,,,,,,"",""
ball,1,5.6,Sydney Sixers,MJ Lumb,NJ Maddinson,DP Nannes,1,0,,,,,,"",""
ball,1,6.1,Sydney Sixers,MJ Lumb,NJ Maddinson,GJ Maxwell,1,0,,,,,,"",""
ball,1,6.2,Sydney Sixers,NJ Maddinson,MJ Lumb,GJ Maxwell,1,0,,,,,,"",""
ball,1,6.3,Sydney Sixers,MJ Lumb,NJ Maddinson,GJ Maxwell,1,0,,,,,,"",""
ball,1,6.4,Sydney Sixers,NJ Maddinson,MJ Lumb,GJ Maxwell,1,0,,,,,,"",""
ball,1,6.5,Sydney Sixers,MJ Lumb,NJ Maddinson,GJ Maxwell,0,1,,,,1,,"",""
ball,1,6.6,Sydney Sixers,NJ Maddinson,MJ Lumb,GJ Maxwell,1,0,,,,,,"",""
ball,1,7.1,Sydney Sixers,NJ Maddinson,MJ Lumb,Shahid Afridi,1,0,,,,,,"",""
ball,1,7.2,Sydney Sixers,MJ Lumb,NJ Maddinson,Shahid Afridi,4,0,,,,,,"",""
ball,1,7.3,Sydney Sixers,MJ Lumb,NJ Maddinson,Shahid Afridi,0,0,,,,,,"",""
ball,1,7.4,Sydney Sixers,MJ Lumb,NJ Maddinson,Shahid Afridi,1,0,,,,,,"",""
ball,1,7.5,Sydney Sixers,NJ Maddinson,MJ Lumb,Shahid Afridi,0,0,,,,,,stumped,NJ Maddinson
ball,1,7.6,Sydney Sixers,SPD Smith,MJ Lumb,Shahid Afridi,1,0,,,,,,"",""
ball,1,8.1,Sydney Sixers,SPD Smith,MJ Lumb,AB McDonald,0,0,,,,,,"",""
ball,1,8.2,Sydney Sixers,SPD Smith,MJ Lumb,AB McDonald,1,0,,,,,,"",""
ball,1,8.3,Sydney Sixers,MJ Lumb,SPD Smith,AB McDonald,4,0,,,,,,"",""
ball,1,8.4,Sydney Sixers,MJ Lumb,SPD Smith,AB McDonald,1,0,,,,,,"",""
ball,1,8.5,Sydney Sixers,SPD Smith,MJ Lumb,AB McDonald,1,0,,,,,,"",""
ball,1,8.6,Sydney Sixers,MJ Lumb,SPD Smith,AB McDonald,1,0,,,,,,"",""
ball,1,9.1,Sydney Sixers,MJ Lumb,SPD Smith,GJ Maxwell,4,0,,,,,,"",""
ball,1,9.2,Sydney Sixers,MJ Lumb,SPD Smith,GJ Maxwell,0,0,,,,,,"",""
ball,1,9.3,Sydney Sixers,MJ Lumb,SPD Smith,GJ Maxwell,0,0,,,,,,bowled,MJ Lumb
ball,1,9.4,Sydney Sixers,MC Henriques,SPD Smith,GJ Maxwell,1,0,,,,,,"",""
ball,1,9.5,Sydney Sixers,SPD Smith,MC Henriques,GJ Maxwell,1,0,,,,,,"",""
ball,1,9.6,Sydney Sixers,MC Henriques,SPD Smith,GJ Maxwell,1,0,,,,,,"",""
ball,1,10.1,Sydney Sixers,MC Henriques,SPD Smith,Shahid Afridi,1,0,,,,,,"",""
ball,1,10.2,Sydney Sixers,SPD Smith,MC Henriques,Shahid Afridi,0,0,,,,,,"",""
ball,1,10.3,Sydney Sixers,SPD Smith,MC Henriques,Shahid Afridi,0,1,,,,1,,"",""
ball,1,10.4,Sydney Sixers,MC Henriques,SPD Smith,Shahid Afridi,2,0,,,,,,"",""
ball,1,10.5,Sydney Sixers,MC Henriques,SPD Smith,Shahid Afridi,1,0,,,,,,"",""
ball,1,10.6,Sydney Sixers,SPD Smith,MC Henriques,Shahid Afridi,1,0,,,,,,"",""
ball,1,11.1,Sydney Sixers,SPD Smith,MC Henriques,SM Harwood,1,0,,,,,,"",""
ball,1,11.2,Sydney Sixers,MC Henriques,SPD Smith,SM Harwood,2,0,,,,,,"",""
ball,1,11.3,Sydney Sixers,MC Henriques,SPD Smith,SM Harwood,1,0,,,,,,"",""
ball,1,11.4,Sydney Sixers,SPD Smith,MC Henriques,SM Harwood,1,0,,,,,,"",""
ball,1,11.5,Sydney Sixers,MC Henriques,SPD Smith,SM Harwood,4,0,,,,,,"",""
ball,1,11.6,Sydney Sixers,MC Henriques,SPD Smith,SM Harwood,1,0,,,,,,"",""
ball,1,12.1,Sydney Sixers,MC Henriques,SPD Smith,AB McDonald,4,0,,,,,,"",""
ball,1,12.2,Sydney Sixers,MC Henriques,SPD Smith,AB McDonald,2,0,,,,,,"",""
ball,1,12.3,Sydney Sixers,MC Henriques,SPD Smith,AB McDonald,2,0,,,,,,"",""
ball,1,12.4,Sydney Sixers,MC Henriques,SPD Smith,AB McDonald,0,0,,,,,,"",""
ball,1,12.5,Sydney Sixers,MC Henriques,SPD Smith,AB McDonald,1,0,,,,,,"",""
ball,1,12.6,Sydney Sixers,SPD Smith,MC Henriques,AB McDonald,2,0,,,,,,"",""
ball,1,13.1,Sydney Sixers,MC Henriques,SPD Smith,Shahid Afridi,1,0,,,,,,"",""
ball,1,13.2,Sydney Sixers,SPD Smith,MC Henriques,Shahid Afridi,1,0,,,,,,"",""
ball,1,13.3,Sydney Sixers,MC Henriques,SPD Smith,Shahid Afridi,0,0,,,,,,"",""
ball,1,13.4,Sydney Sixers,MC Henriques,SPD Smith,Shahid Afridi,1,0,,,,,,"",""
ball,1,13.5,Sydney Sixers,SPD Smith,MC Henriques,Shahid Afridi,2,0,,,,,,"",""
ball,1,13.6,Sydney Sixers,SPD Smith,MC Henriques,Shahid Afridi,1,0,,,,,,"",""
ball,1,14.1,Sydney Sixers,SPD Smith,MC Henriques,Abdul Razzaq,1,0,,,,,,"",""
ball,1,14.2,Sydney Sixers,MC Henriques,SPD Smith,Abdul Razzaq,1,0,,,,,,"",""
ball,1,14.3,Sydney Sixers,SPD Smith,MC Henriques,Abdul Razzaq,1,0,,,,,,"",""
ball,1,14.4,Sydney Sixers,MC Henriques,SPD Smith,Abdul Razzaq,4,0,,,,,,"",""
ball,1,14.5,Sydney Sixers,MC Henriques,SPD Smith,Abdul Razzaq,0,0,,,,,,"",""
ball,1,14.6,Sydney Sixers,MC Henriques,SPD Smith,Abdul Razzaq,1,0,,,,,,"",""
ball,1,15.1,Sydney Sixers,MC Henriques,SPD Smith,SW Tait,1,0,,,,,,"",""
ball,1,15.2,Sydney Sixers,SPD Smith,MC Henriques,SW Tait,6,0,,,,,,"",""
ball,1,15.3,Sydney Sixers,SPD Smith,MC Henriques,SW Tait,0,0,,,,,,"",""
ball,1,15.4,Sydney Sixers,SPD Smith,MC Henriques,SW Tait,1,0,,,,,,"",""
ball,1,15.5,Sydney Sixers,MC Henriques,SPD Smith,SW Tait,0,0,,,,,,"",""
ball,1,15.6,Sydney Sixers,MC Henriques,SPD Smith,SW Tait,6,0,,,,,,"",""
ball,1,16.1,Sydney Sixers,SPD Smith,MC Henriques,Shahid Afridi,1,0,,,,,,"",""
ball,1,16.2,Sydney Sixers,MC Henriques,SPD Smith,Shahid Afridi,0,0,,,,,,"",""
ball,1,16.3,Sydney Sixers,MC Henriques,SPD Smith,Shahid Afridi,1,0,,,,,,"",""
ball,1,16.4,Sydney Sixers,SPD Smith,MC Henriques,Shahid Afridi,1,0,,,,,,"",""
ball,1,16.5,Sydney Sixers,MC Henriques,SPD Smith,Shahid Afridi,1,0,,,,,,"",""
ball,1,16.6,Sydney Sixers,SPD Smith,MC Henriques,Shahid Afridi,1,0,,,,,,"",""
ball,1,17.1,Sydney Sixers,SPD Smith,MC Henriques,SM Harwood,0,0,,,,,,bowled,SPD Smith
ball,1,17.2,Sydney Sixers,BJ Rohrer,MC Henriques,SM Harwood,2,0,,,,,,"",""
ball,1,17.3,Sydney Sixers,BJ Rohrer,MC Henriques,SM Harwood,0,0,,,,,,caught,BJ Rohrer
ball,1,17.4,Sydney Sixers,MC Henriques,PM Nevill,SM Harwood,1,0,,,,,,"",""
ball,1,17.5,Sydney Sixers,PM Nevill,MC Henriques,SM Harwood,1,0,,,,,,"",""
ball,1,17.6,Sydney Sixers,MC Henriques,PM Nevill,SM Harwood,0,0,,,,,,"",""
ball,1,18.1,Sydney Sixers,PM Nevill,MC Henriques,DP Nannes,0,0,,,,,,"",""
ball,1,18.2,Sydney Sixers,PM Nevill,MC Henriques,DP Nannes,1,0,,,,,,"",""
ball,1,18.3,Sydney Sixers,MC Henriques,PM Nevill,DP Nannes,0,1,1,,,,,"",""
ball,1,18.4,Sydney Sixers,MC Henriques,PM Nevill,DP Nannes,0,0,,,,,,caught,MC Henriques
ball,1,18.5,Sydney Sixers,DJ Thornely,PM Nevill,DP Nannes,2,0,,,,,,"",""
ball,1,18.6,Sydney Sixers,DJ Thornely,PM Nevill,DP Nannes,1,0,,,,,,"",""
ball,1,18.7,Sydney Sixers,PM Nevill,DJ Thornely,DP Nannes,6,0,,,,,,"",""
ball,1,19.1,Sydney Sixers,DJ Thornely,PM Nevill,SM Harwood,4,0,,,,,,"",""
ball,1,19.2,Sydney Sixers,DJ Thornely,PM Nevill,SM Harwood,1,0,,,,,,"",""
ball,1,19.3,Sydney Sixers,PM Nevill,DJ Thornely,SM Harwood,1,0,,,,,,"",""
ball,1,19.4,Sydney Sixers,DJ Thornely,PM Nevill,SM Harwood,1,0,,,,,,"",""
ball,1,19.5,Sydney Sixers,PM Nevill,DJ Thornely,SM Harwood,1,0,,,,,,"",""
ball,1,19.6,Sydney Sixers,DJ Thornely,PM Nevill,SM Harwood,6,0,,,,,,"",""
ball,2,0.1,Melbourne Renegades,AJ Finch,BJ Hodge,B Lee,0,1,1,,,,,"",""
ball,2,0.2,Melbourne Renegades,AJ Finch,BJ Hodge,B Lee,0,0,,,,,,"",""
ball,2,0.3,Melbourne Renegades,AJ Finch,BJ Hodge,B Lee,0,0,,,,,,"",""
ball,2,0.4,Melbourne Renegades,AJ Finch,BJ Hodge,B Lee,0,1,1,,,,,"",""
ball,2,0.5,Melbourne Renegades,AJ Finch,BJ Hodge,B Lee,0,0,,,,,,"",""
ball,2,0.6,Melbourne Renegades,AJ Finch,BJ Hodge,B Lee,6,0,,,,,,"",""
ball,2,0.7,Melbourne Renegades,AJ Finch,BJ Hodge,B Lee,0,0,,,,,,"",""
ball,2,0.8,Melbourne Renegades,AJ Finch,BJ Hodge,B Lee,4,0,,,,,,"",""
ball,2,1.1,Melbourne Renegades,BJ Hodge,AJ Finch,JR Hazlewood,3,0,,,,,,"",""
ball,2,1.2,Melbourne Renegades,AJ Finch,BJ Hodge,JR Hazlewood,4,0,,,,,,"",""
ball,2,1.3,Melbourne Renegades,AJ Finch,BJ Hodge,JR Hazlewood,0,0,,,,,,"",""
ball,2,1.4,Melbourne Renegades,AJ Finch,BJ Hodge,JR Hazlewood,0,0,,,,,,"",""
ball,2,1.5,Melbourne Renegades,AJ Finch,BJ Hodge,JR Hazlewood,0,0,,,,,,"",""
ball,2,1.6,Melbourne Renegades,AJ Finch,BJ Hodge,JR Hazlewood,6,0,,,,,,"",""
ball,2,2.1,Melbourne Renegades,BJ Hodge,AJ Finch,B Lee,0,0,,,,,,"",""
ball,2,2.2,Melbourne Renegades,BJ Hodge,AJ Finch,B Lee,0,0,,,,,,"",""
ball,2,2.3,Melbourne Renegades,BJ Hodge,AJ Finch,B Lee,3,0,,,,,,"",""
ball,2,2.4,Melbourne Renegades,AJ Finch,BJ Hodge,B Lee,0,0,,,,,,"",""
ball,2,2.5,Melbourne Renegades,AJ Finch,BJ Hodge,B Lee,1,0,,,,,,"",""
ball,2,2.6,Melbourne Renegades,BJ Hodge,AJ Finch,B Lee,1,0,,,,,,"",""
ball,2,3.1,Melbourne Renegades,BJ Hodge,AJ Finch,DJ Thornely,1,0,,,,,,"",""
ball,2,3.2,Melbourne Renegades,AJ Finch,BJ Hodge,DJ Thornely,4,0,,,,,,"",""
ball,2,3.3,Melbourne Renegades,AJ Finch,BJ Hodge,DJ Thornely,0,0,,,,,,caught,AJ Finch
ball,2,3.4,Melbourne Renegades,GJ Maxwell,BJ Hodge,DJ Thornely,2,0,,,,,,"",""
ball,2,3.5,Melbourne Renegades,GJ Maxwell,BJ Hodge,DJ Thornely,1,0,,,,,,"",""
ball,2,3.6,Melbourne Renegades,BJ Hodge,GJ Maxwell,DJ Thornely,1,0,,,,,,"",""
ball,2,4.1,Melbourne Renegades,BJ Hodge,GJ Maxwell,JR Hazlewood,1,0,,,,,,"",""
ball,2,4.2,Melbourne Renegades,GJ Maxwell,BJ Hodge,JR Hazlewood,0,0,,,,,,caught,GJ Maxwell
ball,2,4.3,Melbourne Renegades,BJ Hodge,AB McDonald,JR Hazlewood,0,0,,,,,,"",""
ball,2,4.4,Melbourne Renegades,BJ Hodge,AB McDonald,JR Hazlewood,4,0,,,,,,"",""
ball,2,4.5,Melbourne Renegades,BJ Hodge,AB McDonald,JR Hazlewood,1,0,,,,,,"",""
ball,2,4.6,Melbourne Renegades,AB McDonald,BJ Hodge,JR Hazlewood,0,0,,,,,,"",""
ball,2,5.1,Melbourne Renegades,BJ Hodge,AB McDonald,DJ Thornely,1,0,,,,,,"",""
ball,2,5.2,Melbourne Renegades,AB McDonald,BJ Hodge,DJ Thornely,1,0,,,,,,"",""
ball,2,5.3,Melbourne Renegades,BJ Hodge,AB McDonald,DJ Thornely,1,0,,,,,,"",""
ball,2,5.4,Melbourne Renegades,AB McDonald,BJ Hodge,DJ Thornely,0,0,,,,,,"",""
ball,2,5.5,Melbourne Renegades,AB McDonald,BJ Hodge,DJ Thornely,1,0,,,,,,"",""
ball,2,5.6,Melbourne Renegades,BJ Hodge,AB McDonald,DJ Thornely,0,0,,,,,,"",""
ball,2,6.1,Melbourne Renegades,AB McDonald,BJ Hodge,SCG MacGill,1,0,,,,,,"",""
ball,2,6.2,Melbourne Renegades,BJ Hodge,AB McDonald,SCG MacGill,1,0,,,,,,"",""
ball,2,6.3,Melbourne Renegades,AB McDonald,BJ Hodge,SCG MacGill,0,0,,,,,,"",""
ball,2,6.4,Melbourne Renegades,AB McDonald,BJ Hodge,SCG MacGill,0,0,,,,,,"",""
ball,2,6.5,Melbourne Renegades,AB McDonald,BJ Hodge,SCG MacGill,1,0,,,,,,"",""
ball,2,6.6,Melbourne Renegades,BJ Hodge,AB McDonald,SCG MacGill,1,0,,,,,,"",""
ball,2,7.1,Melbourne Renegades,BJ Hodge,AB McDonald,SPD Smith,0,0,,,,,,"",""
ball,2,7.2,Melbourne Renegades,BJ Hodge,AB McDonald,SPD Smith,1,0,,,,,,"",""
ball,2,7.3,Melbourne Renegades,AB McDonald,BJ Hodge,SPD Smith,0,0,,,,,,"",""
ball,2,7.4,Melbourne Renegades,AB McDonald,BJ Hodge,SPD Smith,1,0,,,,,,"",""
ball,2,7.5,Melbourne Renegades,BJ Hodge,AB McDonald,SPD Smith,0,0,,,,,,"",""
ball,2,7.6,Melbourne Renegades,BJ Hodge,AB McDonald,SPD Smith,0,0,,,,,,"",""
ball,2,8.1,Melbourne Renegades,AB McDonald,BJ Hodge,SCG MacGill,1,0,,,,,,"",""
ball,2,8.2,Melbourne Renegades,BJ Hodge,AB McDonald,SCG MacGill,2,0,,,,,,"",""
ball,2,8.3,Melbourne Renegades,BJ Hodge,AB McDonald,SCG MacGill,1,0,,,,,,"",""
ball,2,8.4,Melbourne Renegades,AB McDonald,BJ Hodge,SCG MacGill,1,0,,,,,,"",""
ball,2,8.5,Melbourne Renegades,BJ Hodge,AB McDonald,SCG MacGill,1,0,,,,,,"",""
ball,2,8.6,Melbourne Renegades,AB McDonald,BJ Hodge,SCG MacGill,0,0,,,,,,"",""
ball,2,9.1,Melbourne Renegades,BJ Hodge,AB McDonald,SPD Smith,1,0,,,,,,"",""
ball,2,9.2,Melbourne Renegades,AB McDonald,BJ Hodge,SPD Smith,0,0,,,,,,"",""
ball,2,9.3,Melbourne Renegades,AB McDonald,BJ Hodge,SPD Smith,0,0,,,,,,"",""
ball,2,9.4,Melbourne Renegades,AB McDonald,BJ Hodge,SPD Smith,0,0,,,,,,"",""
ball,2,9.5,Melbourne Renegades,AB McDonald,BJ Hodge,SPD Smith,2,0,,,,,,"",""
ball,2,9.6,Melbourne Renegades,AB McDonald,BJ Hodge,SPD Smith,1,0,,,,,,"",""
ball,2,10.1,Melbourne Renegades,AB McDonald,BJ Hodge,SCG MacGill,1,0,,,,,,"",""
ball,2,10.2,Melbourne Renegades,BJ Hodge,AB McDonald,SCG MacGill,1,0,,,,,,"",""
ball,2,10.3,Melbourne Renegades,AB McDonald,BJ Hodge,SCG MacGill,6,0,,,,,,"",""
ball,2,10.4,Melbourne Renegades,AB McDonald,BJ Hodge,SCG MacGill,0,0,,,,,,"",""
ball,2,10.5,Melbourne Renegades,AB McDonald,BJ Hodge,SCG MacGill,0,0,,,,,,"",""
ball,2,10.6,Melbourne Renegades,AB McDonald,BJ Hodge,SCG MacGill,6,0,,,,,,"",""
ball,2,11.1,Melbourne Renegades,BJ Hodge,AB McDonald,SPD Smith,0,0,,,,,,"",""
ball,2,11.2,Melbourne Renegades,BJ Hodge,AB McDonald,SPD Smith,6,0,,,,,,"",""
ball,2,11.3,Melbourne Renegades,BJ Hodge,AB McDonald,SPD Smith,1,0,,,,,,"",""
ball,2,11.4,Melbourne Renegades,AB McDonald,BJ Hodge,SPD Smith,1,0,,,,,,"",""
ball,2,11.5,Melbourne Renegades,BJ Hodge,AB McDonald,SPD Smith,1,0,,,,,,"",""
ball,2,11.6,Melbourne Renegades,AB McDonald,BJ Hodge,SPD Smith,1,0,,,,,,"",""
ball,2,12.1,Melbourne Renegades,AB McDonald,BJ Hodge,DJ Bravo,0,1,,,,1,,"",""
ball,2,12.2,Melbourne Renegades,BJ Hodge,AB McDonald,DJ Bravo,1,0,,,,,,"",""
ball,2,12.3,Melbourne Renegades,AB McDonald,BJ Hodge,DJ Bravo,0,0,,,,,,"",""
ball,2,12.4,Melbourne Renegades,AB McDonald,BJ Hodge,DJ Bravo,1,0,,,,,,"",""
ball,2,12.5,Melbourne Renegades,BJ Hodge,AB McDonald,DJ Bravo,1,0,,,,,,"",""
ball,2,12.6,Melbourne Renegades,AB McDonald,BJ Hodge,DJ Bravo,6,0,,,,,,"",""
ball,2,13.1,Melbourne Renegades,BJ Hodge,AB McDonald,B Lee,0,0,,,,,,"",""
ball,2,13.2,Melbourne Renegades,BJ Hodge,AB McDonald,B Lee,4,0,,,,,,"",""
ball,2,13.3,Melbourne Renegades,BJ Hodge,AB McDonald,B Lee,0,0,,,,,,"",""
ball,2,13.4,Melbourne Renegades,BJ Hodge,AB McDonald,B Lee,0,0,,,,,,"",""
ball,2,13.5,Melbourne Renegades,BJ Hodge,AB McDonald,B Lee,4,0,,,,,,"",""
ball,2,13.6,Melbourne Renegades,BJ Hodge,AB McDonald,B Lee,4,0,,,,,,"",""
ball,2,14.1,Melbourne Renegades,AB McDonald,BJ Hodge,DJ Thornely,1,0,,,,,,"",""
ball,2,14.2,Melbourne Renegades,BJ Hodge,AB McDonald,DJ Thornely,0,0,,,,,,"",""
ball,2,14.3,Melbourne Renegades,BJ Hodge,AB McDonald,DJ Thornely,2,0,,,,,,"",""
ball,2,14.4,Melbourne Renegades,BJ Hodge,AB McDonald,DJ Thornely,6,0,,,,,,"",""
ball,2,14.5,Melbourne Renegades,BJ Hodge,AB McDonald,DJ Thornely,6,0,,,,,,"",""
ball,2,14.6,Melbourne Renegades,BJ Hodge,AB McDonald,DJ Thornely,1,0,,,,,,"",""
ball,2,15.1,Melbourne Renegades,BJ Hodge,AB McDonald,SPD Smith,1,0,,,,,,"",""
ball,2,15.2,Melbourne Renegades,AB McDonald,BJ Hodge,SPD Smith,6,0,,,,,,"",""
ball,2,15.3,Melbourne Renegades,AB McDonald,BJ Hodge,SPD Smith,1,0,,,,,,"",""
ball,2,15.4,Melbourne Renegades,BJ Hodge,AB McDonald,SPD Smith,1,0,,,,,,"",""
ball,2,15.5,Melbourne Renegades,AB McDonald,BJ Hodge,SPD Smith,6,0,,,,,,"",""
ball,2,15.6,Melbourne Renegades,AB McDonald,BJ Hodge,SPD Smith,6,0,,,,,,"",""
ball,2,16.1,Melbourne Renegades,BJ Hodge,AB McDonald,DJ Bravo,1,0,,,,,,"",""
ball,2,16.2,Melbourne Renegades,AB McDonald,BJ Hodge,DJ Bravo,1,0,,,,,,"",""
ball,2,16.3,Melbourne Renegades,BJ Hodge,AB McDonald,DJ Bravo,0,0,,,,,,"",""
ball,2,16.4,Melbourne Renegades,BJ Hodge,AB McDonald,DJ Bravo,0,0,,,,,,"",""
ball,2,16.5,Melbourne Renegades,BJ Hodge,AB McDonald,DJ Bravo,0,0,,,,,,"",""
ball,2,16.6,Melbourne Renegades,BJ Hodge,AB McDonald,DJ Bravo,1,0,,,,,,"",""
ball,2,17.1,Melbourne Renegades,BJ Hodge,AB McDonald,B Lee,1,0,,,,,,"",""
ball,2,17.2,Melbourne Renegades,AB McDonald,BJ Hodge,B Lee,6,0,,,,,,"",""
ball,2,17.3,Melbourne Renegades,AB McDonald,BJ Hodge,B Lee,1,0,,,,,,"",""
ball,2,17.4,Melbourne Renegades,BJ Hodge,AB McDonald,B Lee,0,1,1,,,,,"",""
ball,2,17.5,Melbourne Renegades,BJ Hodge,AB McDonald,B Lee,4,0,,,,,,"",""
