version,1.6.0
info,balls_per_over,6
info,team,Sydney Sixers
info,team,Hobart Hurricanes
info,gender,male
info,season,2012/13
info,date,2012/12/26
info,event,Big Bash League
info,venue,Sydney Cricket Ground
info,city,
info,toss_winner,Hobart Hurricanes
info,toss_decision,field
info,player_of_match,RT Ponting
info,umpire,SJ Davis
info,umpire,DB Mealey
info,tv_umpire,PR Reiffel
info,match_referee,PL Marshall
info,winner,Hobart Hurricanes
info,winner_wickets,7
info,player,Hobart Hurricanes,TD Paine
info,player,Hobart Hurricanes,AC Blizzard
info,player,Hobart Hurricanes,RT Ponting
info,player,Hobart Hurricanes,TR Birt
info,player,Hobart Hurricanes,OA Shah
info,player,Hobart Hurricanes,GJ Bailey
info,player,Hobart Hurricanes,JJ Krejza
info,player,Hobart Hurricanes,XJ Doherty
info,player,Hobart Hurricanes,B Laughlin
info,player,Hobart Hurricanes,MG Hogan
info,player,Hobart Hurricanes,DE Bollinger
info,player,Sydney Sixers,MJ Lumb
info,player,Sydney Sixers,BJ Haddin
info,player,Sydney Sixers,MC Henriques
info,player,Sydney Sixers,SPD Smith
info,player,Sydney Sixers,DP Hughes
info,player,Sydney Sixers,B Lee
info,player,Sydney Sixers,KR Patterson
info,player,Sydney Sixers,SNJ O'Keefe
info,player,Sydney Sixers,JK Lalor
info,player,Sydney Sixers,SP Narine
info,player,Sydney Sixers,LW Feldman
info,registry,people,AC Blizzard,1efb8a28
info,registry,people,B Laughlin,b2a79f17
info,registry,people,B Lee,dd09ff8e
info,registry,people,BJ Haddin,b0c772ee
info,registry,people,DB Mealey,2199afd4
info,registry,people,DE Bollinger,45c2196c
info,registry,people,DP Hughes,f3982af9
info,registry,people,GJ Bailey,5056011d
info,registry,people,JJ Krejza,047d9032
info,registry,people,JK Lalor,88209c84
info,registry,people,KR Patterson,e3bf8356
info,registry,people,LW Feldman,da13a0fc
info,registry,people,MC Henriques,32198ae0
info,registry,people,MG Hogan,5da34add
info,registry,people,MJ Lumb,11df3dc8
info,registry,people,OA Shah,7bf96684
info,registry,people,PL Marshall,c1ca6df3
info,registry,people,PR Reiffel,c9354f29
info,registry,people,RT Ponting,7d415ea5
info,registry,people,SJ Davis,bc71b0b2
info,registry,people,SNJ O'Keefe,3540beff
info,registry,people,SP Narine,9d430b40
info,registry,people,SPD Smith,30a45b23
info,registry,people,TD Paine,5748e866
info,registry,people,TR Birt,d2d4bb0a
info,registry,people,XJ Doherty,502b2c81
ball,1,0.1,Sydney Sixers,MJ Lumb,BJ Haddin,DE Bollinger,0,0,,,,,,"",""
ball,1,0.2,Sydney Sixers,MJ Lumb,BJ Haddin,DE Bollinger,0,0,,,,,,"",""
ball,1,0.3,Sydney Sixers,MJ Lumb,BJ Haddin,DE Bollinger,0,0,,,,,,"",""
ball,1,0.4,Sydney Sixers,MJ Lumb,BJ Haddin,DE Bollinger,3,0,,,,,,"",""
ball,1,0.5,Sydney Sixers,BJ Haddin,MJ Lumb,DE Bollinger,2,0,,,,,,"",""
ball,1,0.6,Sydney Sixers,BJ Haddin,MJ Lumb,DE Bollinger,0,0,,,,,,"",""
ball,1,1.1,Sydney Sixers,MJ Lumb,BJ Haddin,JJ Krejza,3,0,,,,,,"",""
ball,1,1.2,Sydney Sixers,BJ Haddin,MJ Lumb,JJ Krejza,0,0,,,,,,"",""
ball,1,1.3,Sydney Sixers,BJ Haddin,MJ Lumb,JJ Krejza,4,0,,,,,,"",""
ball,1,1.4,Sydney Sixers,BJ Haddin,MJ Lumb,JJ Krejza,0,0,,,,,,"",""
ball,1,1.5,Sydney Sixers,BJ Haddin,MJ Lumb,JJ Krejza,4,0,,,,,,"",""
ball,1,1.6,Sydney Sixers,BJ Haddin,MJ Lumb,JJ Krejza,0,0,,,,,,"",""
ball,1,2.1,Sydney Sixers,MJ Lumb,BJ Haddin,DE Bollinger,0,0,,,,,,"",""
ball,1,2.2,Sydney Sixers,MJ Lumb,BJ Haddin,DE Bollinger,1,0,,,,,,"",""
ball,1,2.3,Sydney Sixers,BJ Haddin,MJ Lumb,DE Bollinger,0,0,,,,,,"",""
ball,1,2.4,Sydney Sixers,BJ Haddin,MJ Lumb,DE Bollinger,0,0,,,,,,"",""
ball,1,2.5,Sydney Sixers,BJ Haddin,MJ Lumb,DE Bollinger,1,0,,,,,,"",""
ball,1,2.6,Sydney Sixers,MJ Lumb,BJ Haddin,DE Bollinger,0,0,,,,,,"",""
ball,1,3.1,Sydney Sixers,BJ Haddin,MJ Lumb,MG Hogan,1,0,,,,,,"",""
ball,1,3.2,Sydney Sixers,MJ Lumb,BJ Haddin,MG Hogan,0,1,,,,1,,"",""
ball,1,3.3,Sydney Sixers,BJ Haddin,MJ Lumb,MG Hogan,4,0,,,,,,"",""
ball,1,3.4,Sydney Sixers,BJ Haddin,MJ Lumb,MG Hogan,4,0,,,,,,"",""
ball,1,3.5,Sydney Sixers,BJ Haddin,MJ Lumb,MG Hogan,0,0,,,,,,"",""
ball,1,3.6,Sydney Sixers,BJ Haddin,MJ Lumb,MG Hogan,1,0,,,,,,"",""
ball,1,4.1,Sydney Sixers,BJ Haddin,MJ Lumb,B Laughlin,1,0,,,,,,"",""
ball,1,4.2,Sydney Sixers,MJ Lumb,BJ Haddin,B Laughlin,4,0,,,,,,"",""
ball,1,4.3,Sydney Sixers,MJ Lumb,BJ Haddin,B Laughlin,0,0,,,,,,"",""
ball,1,4.4,Sydney Sixers,MJ Lumb,BJ Haddin,B Laughlin,4,0,,,,,,"",""
ball,1,4.5,Sydney Sixers,MJ Lumb,BJ Haddin,B Laughlin,4,0,,,,,,"",""
ball,1,4.6,Sydney Sixers,MJ Lumb,BJ Haddin,B Laughlin,0,1,1,,,,,"",""
ball,1,4.7,Sydney Sixers,MJ Lumb,BJ Haddin,B Laughlin,1,0,,,,,,"",""
ball,1,5.1,Sydney Sixers,MJ Lumb,BJ Haddin,MG Hogan,4,0,,,,,,"",""
ball,1,5.2,Sydney Sixers,MJ Lumb,BJ Haddin,MG Hogan,4,0,,,,,,"",""
ball,1,5.3,Sydney Sixers,MJ Lumb,BJ Haddin,MG Hogan,4,0,,,,,,"",""
ball,1,5.4,Sydney Sixers,MJ Lumb,BJ Haddin,MG Hogan,1,0,,,,,,"",""
ball,1,5.5,Sydney Sixers,BJ Haddin,MJ Lumb,MG Hogan,0,0,,,,,,bowled,BJ Haddin
ball,1,5.6,Sydney Sixers,MC Henriques,MJ Lumb,MG Hogan,0,0,,,,,,"",""
ball,1,6.1,Sydney Sixers,MJ Lumb,MC Henriques,XJ Doherty,0,0,,,,,,"",""
ball,1,6.2,Sydney Sixers,MJ Lumb,MC Henriques,XJ Doherty,0,0,,,,,,"",""
ball,1,6.3,Sydney Sixers,MJ Lumb,MC Henriques,XJ Doherty,1,0,,,,,,"",""
ball,1,6.4,Sydney Sixers,MC Henriques,MJ Lumb,XJ Doherty,1,0,,,,,,"",""
ball,1,6.5,Sydney Sixers,MJ Lumb,MC Henriques,XJ Doherty,0,0,,,,,,lbw,MJ Lumb
ball,1,6.6,Sydney Sixers,SPD Smith,MC Henriques,XJ Doherty,1,0,,,,,,"",""
ball,1,7.1,Sydney Sixers,SPD Smith,MC Henriques,JJ Krejza,0,0,,,,,,"",""
ball,1,7.2,Sydney Sixers,SPD Smith,MC Henriques,JJ Krejza,1,0,,,,,,"",""
ball,1,7.3,Sydney Sixers,MC Henriques,SPD Smith,JJ Krejza,1,0,,,,,,"",""
ball,1,7.4,Sydney Sixers,SPD Smith,MC Henriques,JJ Krejza,1,0,,,,,,"",""
ball,1,7.5,Sydney Sixers,MC Henriques,SPD Smith,JJ Krejza,0,0,,,,,,"",""
ball,1,7.6,Sydney Sixers,MC Henriques,SPD Smith,JJ Krejza,4,0,,,,,,"",""
ball,1,8.1,Sydney Sixers,SPD Smith,MC Henriques,XJ Doherty,1,0,,,,,,"",""
ball,1,8.2,Sydney Sixers,MC Henriques,SPD Smith,XJ Doherty,1,0,,,,,,"",""
ball,1,8.3,Sydney Sixers,SPD Smith,MC Henriques,XJ Doherty,2,0,,,,,,"",""
ball,1,8.4,Sydney Sixers,SPD Smith,MC Henriques,XJ Doherty,1,0,,,,,,"",""
ball,1,8.5,Sydney Sixers,MC Henriques,SPD Smith,XJ Doherty,2,0,,,,,,"",""
ball,1,8.6,Sydney Sixers,MC Henriques,SPD Smith,XJ Doherty,0,0,,,,,,"",""
ball,1,9.1,Sydney Sixers,SPD Smith,MC Henriques,JJ Krejza,0,1,1,,,,,"",""
ball,1,9.2,Sydney Sixers,SPD Smith,MC Henriques,JJ Krejza,0,0,,,,,,"",""
ball,1,9.3,Sydney Sixers,SPD Smith,MC Henriques,JJ Krejza,1,0,,,,,,"",""
ball,1,9.4,Sydney Sixers,MC Henriques,SPD Smith,JJ Krejza,1,0,,,,,,"",""
ball,1,9.5,Sydney Sixers,SPD Smith,MC Henriques,JJ Krejza,0,0,,,,,,"",""
ball,1,9.6,Sydney Sixers,SPD Smith,MC Henriques,JJ Krejza,0,0,,,,,,"",""
ball,1,9.7,Sydney Sixers,SPD Smith,MC Henriques,JJ Krejza,0,0,,,,,,"",""
ball,1,10.1,Sydney Sixers,MC Henriques,SPD Smith,XJ Doherty,4,0,,,,,,"",""
ball,1,10.2,Sydney Sixers,MC Henriques,SPD Smith,XJ Doherty,1,0,,,,,,"",""
ball,1,10.3,Sydney Sixers,SPD Smith,MC Henriques,XJ Doherty,0,0,,,,,,"",""
ball,1,10.4,Sydney Sixers,SPD Smith,MC Henriques,XJ Doherty,2,0,,,,,,"",""
ball,1,10.5,Sydney Sixers,SPD Smith,MC Henriques,XJ Doherty,0,0,,,,,,"",""
ball,1,10.6,Sydney Sixers,SPD Smith,MC Henriques,XJ Doherty,0,0,,,,,,"",""
ball,1,11.1,Sydney Sixers,MC Henriques,SPD Smith,B Laughlin,2,0,,,,,,"",""
ball,1,11.2,Sydney Sixers,MC Henriques,SPD Smith,B Laughlin,1,0,,,,,,"",""
ball,1,11.3,Sydney Sixers,SPD Smith,MC Henriques,B Laughlin,1,0,,,,,,"",""
ball,1,11.4,Sydney Sixers,MC Henriques,SPD Smith,B Laughlin,0,0,,,,,,caught,MC Henriques
ball,1,11.5,Sydney Sixers,DP Hughes,SPD Smith,B Laughlin,1,0,,,,,,"",""
ball,1,11.6,Sydney Sixers,SPD Smith,DP Hughes,B Laughlin,0,0,,,,,,"",""
ball,1,12.1,Sydney Sixers,DP Hughes,SPD Smith,MG Hogan,0,1,,,,1,,"",""
ball,1,12.2,Sydney Sixers,SPD Smith,DP Hughes,MG Hogan,0,0,,,,,,"",""
ball,1,12.3,Sydney Sixers,SPD Smith,DP Hughes,MG Hogan,4,0,,,,,,"",""
ball,1,12.4,Sydney Sixers,SPD Smith,DP Hughes,MG Hogan,1,0,,,,,,"",""
ball,1,12.5,Sydney Sixers,DP Hughes,SPD Smith,MG Hogan,0,0,,,,,,"",""
ball,1,12.6,Sydney Sixers,DP Hughes,SPD Smith,MG Hogan,0,0,,,,,,"",""
ball,1,13.1,Sydney Sixers,SPD Smith,DP Hughes,JJ Krejza,2,0,,,,,,"",""
ball,1,13.2,Sydney Sixers,SPD Smith,DP Hughes,JJ Krejza,1,0,,,,,,"",""
ball,1,13.3,Sydney Sixers,DP Hughes,SPD Smith,JJ Krejza,1,0,,,,,,"",""
ball,1,13.4,Sydney Sixers,SPD Smith,DP Hughes,JJ Krejza,0,0,,,,,,"",""
ball,1,13.5,Sydney Sixers,SPD Smith,DP Hughes,JJ Krejza,1,0,,,,,,"",""
ball,1,13.6,Sydney Sixers,DP Hughes,SPD Smith,JJ Krejza,0,0,,,,,,"",""
ball,1,14.1,Sydney Sixers,SPD Smith,DP Hughes,DE Bollinger,2,0,,,,,,"",""
ball,1,14.2,Sydney Sixers,SPD Smith,DP Hughes,DE Bollinger,0,0,,,,,,"",""
ball,1,14.3,Sydney Sixers,SPD Smith,DP Hughes,DE Bollinger,1,0,,,,,,"",""
ball,1,14.4,Sydney Sixers,DP Hughes,SPD Smith,DE Bollinger,1,0,,,,,,"",""
ball,1,14.5,Sydney Sixers,SPD Smith,DP Hughes,DE Bollinger,1,0,,,,,,"",""
ball,1,14.6,Sydney Sixers,DP Hughes,SPD Smith,DE Bollinger,0,0,,,,,,"",""
ball,1,15.1,Sydney Sixers,SPD Smith,DP Hughes,MG Hogan,4,0,,,,,,"",""
ball,1,15.2,Sydney Sixers,SPD Smith,DP Hughes,MG Hogan,1,0,,,,,,"",""
ball,1,15.3,Sydney Sixers,DP Hughes,SPD Smith,MG Hogan,2,0,,,,,,"",""
ball,1,15.4,Sydney Sixers,DP Hughes,SPD Smith,MG Hogan,0,0,,,,,,"",""
ball,1,15.5,Sydney Sixers,DP Hughes,SPD Smith,MG Hogan,6,0,,,,,,"",""
ball,1,15.6,Sydney Sixers,DP Hughes,SPD Smith,MG Hogan,6,0,,,,,,"",""
ball,1,16.1,Sydney Sixers,SPD Smith,DP Hughes,XJ Doherty,2,0,,,,,,"",""
ball,1,16.2,Sydney Sixers,SPD Smith,DP Hughes,XJ Doherty,3,0,,,,,,"",""
ball,1,16.3,Sydney Sixers,DP Hughes,SPD Smith,XJ Doherty,0,0,,,,,,stumped,DP Hughes
ball,1,16.4,Sydney Sixers,B Lee,SPD Smith,XJ Doherty,0,0,,,,,,"",""
ball,1,16.5,Sydney Sixers,B Lee,SPD Smith,XJ Doherty,4,0,,,,,,"",""
ball,1,16.6,Sydney Sixers,B Lee,SPD Smith,XJ Doherty,0,1,,,,1,,"",""
ball,1,17.1,Sydney Sixers,B Lee,SPD Smith,B Laughlin,0,0,,,,,,caught,B Lee
ball,1,17.2,Sydney Sixers,SPD Smith,KR Patterson,B Laughlin,0,0,,,,,,bowled,SPD Smith
ball,1,17.3,Sydney Sixers,SNJ O'Keefe,KR Patterson,B Laughlin,1,0,,,,,,"",""
ball,1,17.4,Sydney Sixers,KR Patterson,SNJ O'Keefe,B Laughlin,4,0,,,,,,"",""
ball,1,17.5,Sydney Sixers,KR Patterson,SNJ O'Keefe,B Laughlin,0,0,,,,,,bowled,KR Patterson
ball,1,17.6,Sydney Sixers,JK Lalor,SNJ O'Keefe,B Laughlin,0,0,,,,,,"",""
ball,1,18.1,Sydney Sixers,SNJ O'Keefe,JK Lalor,DE Bollinger,4,0,,,,,,"",""
ball,1,18.2,Sydney Sixers,SNJ O'Keefe,JK Lalor,DE Bollinger,0,0,,,,,,"",""
ball,1,18.3,Sydney Sixers,SNJ O'Keefe,JK Lalor,DE Bollinger,4,0,,,,,,"",""
ball,1,18.4,Sydney Sixers,SNJ O'Keefe,JK Lalor,DE Bollinger,0,0,,,,,,caught,SNJ O'Keefe
ball,1,18.5,Sydney Sixers,JK Lalor,SP Narine,DE Bollinger,0,0,,,,,,"",""
ball,1,18.6,Sydney Sixers,JK Lalor,SP Narine,DE Bollinger,0,0,,,,,,"",""
ball,1,19.1,Sydney Sixers,SP Narine,JK Lalor,B Laughlin,0,0,,,,,,"",""
ball,1,19.2,Sydney Sixers,SP Narine,JK Lalor,B Laughlin,0,0,,,,,,"",""
ball,1,19.3,Sydney Sixers,SP Narine,JK Lalor,B Laughlin,6,0,,,,,,"",""
ball,1,19.4,Sydney Sixers,SP Narine,JK Lalor,B Laughlin,0,0,,,,,,"",""
ball,1,19.5,Sydney Sixers,SP Narine,JK Lalor,B Laughlin,0,0,,,,,,"",""
ball,1,19.6,Sydney Sixers,SP Narine,JK Lalor,B Laughlin,0,1,,,1,,,"",""
ball,2,0.1,Hobart Hurricanes,TD Paine,AC Blizzard,JK Lalor,4,0,,,,,,"",""
ball,2,0.2,Hobart Hurricanes,TD Paine,AC Blizzard,JK Lalor,0,0,,,,,,"",""
ball,2,0.3,Hobart Hurricanes,TD Paine,AC Blizzard,JK Lalor,0,0,,,,,,"",""
ball,2,0.4,Hobart Hurricanes,TD Paine,AC Blizzard,JK Lalor,4,0,,,,,,"",""
ball,2,0.5,Hobart Hurricanes,TD Paine,AC Blizzard,JK Lalor,0,0,,,,,,"",""
ball,2,0.6,Hobart Hurricanes,TD Paine,AC Blizzard,JK Lalor,0,0,,,,,,"",""
ball,2,1.1,Hobart Hurricanes,AC Blizzard,TD Paine,B Lee,1,0,,,,,,"",""
ball,2,1.2,Hobart Hurricanes,TD Paine,AC Blizzard,B Lee,0,0,,,,,,"",""
ball,2,1.3,Hobart Hurricanes,TD Paine,AC Blizzard,B Lee,1,0,,,,,,"",""
ball,2,1.4,Hobart Hurricanes,AC Blizzard,TD Paine,B Lee,1,0,,,,,,"",""
ball,2,1.5,Hobart Hurricanes,TD Paine,AC Blizzard,B Lee,0,0,,,,,,"",""
ball,2,1.6,Hobart Hurricanes,TD Paine,AC Blizzard,B Lee,0,0,,,,,,caught,TD Paine
ball,2,2.1,Hobart Hurricanes,AC Blizzard,RT Ponting,JK Lalor,1,0,,,,,,"",""
ball,2,2.2,Hobart Hurricanes,RT Ponting,AC Blizzard,JK Lalor,0,0,,,,,,"",""
ball,2,2.3,Hobart Hurricanes,RT Ponting,AC Blizzard,JK Lalor,0,0,,,,,,"",""
ball,2,2.4,Hobart Hurricanes,RT Ponting,AC Blizzard,JK Lalor,0,0,,,,,,"",""
ball,2,2.5,Hobart Hurricanes,RT Ponting,AC Blizzard,JK Lalor,6,0,,,,,,"",""
ball,2,2.6,Hobart Hurricanes,RT Ponting,AC Blizzard,JK Lalor,1,0,,,,,,"",""
ball,2,3.1,Hobart Hurricanes,RT Ponting,AC Blizzard,B Lee,0,0,,,,,,"",""
ball,2,3.2,Hobart Hurricanes,RT Ponting,AC Blizzard,B Lee,0,0,,,,,,"",""
ball,2,3.3,Hobart Hurricanes,RT Ponting,AC Blizzard,B Lee,1,0,,,,,,"",""
ball,2,3.4,Hobart Hurricanes,AC Blizzard,RT Ponting,B Lee,0,0,,,,,,"",""
ball,2,3.5,Hobart Hurricanes,AC Blizzard,RT Ponting,B Lee,0,0,,,,,,"",""
ball,2,3.6,Hobart Hurricanes,AC Blizzard,RT Ponting,B Lee,0,0,,,,,,"",""
ball,2,4.1,Hobart Hurricanes,RT Ponting,AC Blizzard,JK Lalor,4,0,,,,,,"",""
ball,2,4.2,Hobart Hurricanes,RT Ponting,AC Blizzard,JK Lalor,0,0,,,,,,"",""
ball,2,4.3,Hobart Hurricanes,RT Ponting,AC Blizzard,JK Lalor,3,0,,,,,,"",""
ball,2,4.4,Hobart Hurricanes,AC Blizzard,RT Ponting,JK Lalor,4,0,,,,,,"",""
ball,2,4.5,Hobart Hurricanes,AC Blizzard,RT Ponting,JK Lalor,1,0,,,,,,"",""
ball,2,4.6,Hobart Hurricanes,RT Ponting,AC Blizzard,JK Lalor,0,0,,,,,,"",""
ball,2,5.1,Hobart Hurricanes,AC Blizzard,RT Ponting,SP Narine,1,0,,,,,,"",""
ball,2,5.2,Hobart Hurricanes,RT Ponting,AC Blizzard,SP Narine,0,0,,,,,,"",""
ball,2,5.3,Hobart Hurricanes,RT Ponting,AC Blizzard,SP Narine,1,0,,,,,,"",""
ball,2,5.4,Hobart Hurricanes,AC Blizzard,RT Ponting,SP Narine,4,0,,,,,,"",""
ball,2,5.5,Hobart Hurricanes,AC Blizzard,RT Ponting,SP Narine,4,0,,,,,,"",""
ball,2,5.6,Hobart Hurricanes,AC Blizzard,RT Ponting,SP Narine,2,0,,,,,,"",""
ball,2,6.1,Hobart Hurricanes,RT Ponting,AC Blizzard,SNJ O'Keefe,2,0,,,,,,"",""
ball,2,6.2,Hobart Hurricanes,RT Ponting,AC Blizzard,SNJ O'Keefe,0,0,,,,,,"",""
ball,2,6.3,Hobart Hurricanes,RT Ponting,AC Blizzard,SNJ O'Keefe,1,0,,,,,,"",""
ball,2,6.4,Hobart Hurricanes,AC Blizzard,RT Ponting,SNJ O'Keefe,2,0,,,,,,"",""
ball,2,6.5,Hobart Hurricanes,AC Blizzard,RT Ponting,SNJ O'Keefe,1,0,,,,,,"",""
ball,2,6.6,Hobart Hurricanes,RT Ponting,AC Blizzard,SNJ O'Keefe,1,0,,,,,,"",""
ball,2,7.1,Hobart Hurricanes,RT Ponting,AC Blizzard,SP Narine,1,0,,,,,,"",""
ball,2,7.2,Hobart Hurricanes,AC Blizzard,RT Ponting,SP Narine,1,0,,,,,,"",""
ball,2,7.3,Hobart Hurricanes,RT Ponting,AC Blizzard,SP Narine,0,0,,,,,,"",""
ball,2,7.4,Hobart Hurricanes,RT Ponting,AC Blizzard,SP Narine,6,0,,,,,,"",""
ball,2,7.5,Hobart Hurricanes,RT Ponting,AC Blizzard,SP Narine,0,0,,,,,,"",""
ball,2,7.6,Hobart Hurricanes,RT Ponting,AC Blizzard,SP Narine,0,0,,,,,,"",""
ball,2,8.1,Hobart Hurricanes,AC Blizzard,RT Ponting,SNJ O'Keefe,6,0,,,,,,"",""
ball,2,8.2,Hobart Hurricanes,AC Blizzard,RT Ponting,SNJ O'Keefe,0,0,,,,,,"",""
ball,2,8.3,Hobart Hurricanes,AC Blizzard,RT Ponting,SNJ O'Keefe,2,0,,,,,,"",""
ball,2,8.4,Hobart Hurricanes,AC Blizzard,RT Ponting,SNJ O'Keefe,1,0,,,,,,"",""
ball,2,8.5,Hobart Hurricanes,RT Ponting,AC Blizzard,SNJ O'Keefe,1,0,,,,,,"",""
ball,2,8.6,Hobart Hurricanes,AC Blizzard,RT Ponting,SNJ O'Keefe,1,0,,,,,,"",""
ball,2,9.1,Hobart Hurricanes,AC Blizzard,RT Ponting,LW Feldman,2,0,,,,,,"",""
ball,2,9.2,Hobart Hurricanes,AC Blizzard,RT Ponting,LW Feldman,1,0,,,,,,"",""
ball,2,9.3,Hobart Hurricanes,RT Ponting,AC Blizzard,LW Feldman,0,0,,,,,,"",""
ball,2,9.4,Hobart Hurricanes,RT Ponting,AC Blizzard,LW Feldman,1,0,,,,,,"",""
ball,2,9.5,Hobart Hurricanes,AC Blizzard,RT Ponting,LW Feldman,1,0,,,,,,"",""
ball,2,9.6,Hobart Hurricanes,RT Ponting,AC Blizzard,LW Feldman,0,0,,,,,,"",""
ball,2,10.1,Hobart Hurricanes,AC Blizzard,RT Ponting,MC Henriques,0,0,,,,,,"",""
ball,2,10.2,Hobart Hurricanes,AC Blizzard,RT Ponting,MC Henriques,4,0,,,,,,"",""
ball,2,10.3,Hobart Hurricanes,AC Blizzard,RT Ponting,MC Henriques,1,0,,,,,,"",""
ball,2,10.4,Hobart Hurricanes,RT Ponting,AC Blizzard,MC Henriques,1,0,,,,,,"",""
ball,2,10.5,Hobart Hurricanes,AC Blizzard,RT Ponting,MC Henriques,0,1,1,,,,,"",""
ball,2,10.6,Hobart Hurricanes,AC Blizzard,RT Ponting,MC Henriques,1,0,,,,,,"",""
ball,2,10.7,Hobart Hurricanes,RT Ponting,AC Blizzard,MC Henriques,3,0,,,,,,"",""
ball,2,11.1,Hobart Hurricanes,RT Ponting,AC Blizzard,LW Feldman,3,0,,,,,,"",""
ball,2,11.2,Hobart Hurricanes,AC Blizzard,RT Ponting,LW Feldman,4,0,,,,,,"",""
ball,2,11.3,Hobart Hurricanes,AC Blizzard,RT Ponting,LW Feldman,1,0,,,,,,"",""
ball,2,11.4,Hobart Hurricanes,RT Ponting,AC Blizzard,LW Feldman,1,0,,,,,,"",""
ball,2,11.5,Hobart Hurricanes,AC Blizzard,RT Ponting,LW Feldman,0,0,,,,,,bowled,AC Blizzard
ball,2,11.6,Hobart Hurricanes,TR Birt,RT Ponting,LW Feldman,0,0,,,,,,"",""
ball,2,12.1,Hobart Hurricanes,RT Ponting,TR Birt,B Lee,1,0,,,,,,"",""
ball,2,12.2,Hobart Hurricanes,TR Birt,RT Ponting,B Lee,0,1,1,,,,,"",""
ball,2,12.3,Hobart Hurricanes,TR Birt,RT Ponting,B Lee,2,0,,,,,,"",""
ball,2,12.4,Hobart Hurricanes,TR Birt,RT Ponting,B Lee,1,0,,,,,,"",""
ball,2,12.5,Hobart Hurricanes,RT Ponting,TR Birt,B Lee,1,0,,,,,,"",""
ball,2,12.6,Hobart Hurricanes,TR Birt,RT Ponting,B Lee,0,0,,,,,,"",""
ball,2,12.7,Hobart Hurricanes,TR Birt,RT Ponting,B Lee,1,0,,,,,,"",""
ball,2,13.1,Hobart Hurricanes,TR Birt,RT Ponting,SP Narine,0,0,,,,,,"",""
ball,2,13.2,Hobart Hurricanes,TR Birt,RT Ponting,SP Narine,6,1,,1,,,,"",""
ball,2,13.3,Hobart Hurricanes,TR Birt,RT Ponting,SP Narine,6,0,,,,,,"",""
ball,2,13.4,Hobart Hurricanes,TR Birt,RT Ponting,SP Narine,0,0,,,,,,"",""
ball,2,13.5,Hobart Hurricanes,TR Birt,RT Ponting,SP Narine,1,0,,,,,,"",""
ball,2,13.6,Hobart Hurricanes,RT Ponting,TR Birt,SP Narine,1,0,,,,,,"",""
ball,2,13.7,Hobart Hurricanes,TR Birt,RT Ponting,SP Narine,0,0,,,,,,"",""
ball,2,14.1,Hobart Hurricanes,RT Ponting,TR Birt,LW Feldman,0,0,,,,,,"",""
ball,2,14.2,Hobart Hurricanes,RT Ponting,TR Birt,LW Feldman,0,0,,,,,,"",""
ball,2,14.3,Hobart Hurricanes,RT Ponting,TR Birt,LW Feldman,3,0,,,,,,"",""
ball,2,14.4,Hobart Hurricanes,TR Birt,RT Ponting,LW Feldman,1,0,,,,,,"",""
ball,2,14.5,Hobart Hurricanes,RT Ponting,TR Birt,LW Feldman,0,0,,,,,,"",""
ball,2,14.6,Hobart Hurricanes,RT Ponting,TR Birt,LW Feldman,1,0,,,,,,"",""
ball,2,15.1,Hobart Hurricanes,RT Ponting,TR Birt,B Lee,0,0,,,,,,"",""
ball,2,15.2,Hobart Hurricanes,RT Ponting,TR Birt,B Lee,4,0,,,,,,"",""
ball,2,15.3,Hobart Hurricanes,RT Ponting,TR Birt,B Lee,6,0,,,,,,"",""
ball,2,15.4,Hobart Hurricanes,RT Ponting,TR Birt,B Lee,0,1,,,,1,,"",""
ball,2,15.5,Hobart Hurricanes,TR Birt,RT Ponting,B Lee,0,0,,,,,,"",""
ball,2,15.6,Hobart Hurricanes,TR Birt,RT Ponting,B Lee,0,0,,,,,,"",""
ball,2,16.1,Hobart Hurricanes,RT Ponting,TR Birt,LW Feldman,1,0,,,,,,"",""
ball,2,16.2,Hobart Hurricanes,TR Birt,RT Ponting,LW Feldman,0,0,,,,,,"",""
ball,2,16.3,Hobart Hurricanes,TR Birt,RT Ponting,LW Feldman,0,1,1,,,,,"",""
ball,2,16.4,Hobart Hurricanes,TR Birt,RT Ponting,LW Feldman,0,0,,,,,,bowled,TR Birt
ball,2,16.5,Hobart Hurricanes,OA Shah,RT Ponting,LW Feldman,0,0,,,,,,"",""
ball,2,16.6,Hobart Hurricanes,OA Shah,RT Ponting,LW Feldman,0,0,,,,,,"",""
ball,2,16.7,Hobart Hurricanes,OA Shah,RT Ponting,LW Feldman,0,0,,,,,,"",""
ball,2,17.1,Hobart Hurricanes,RT Ponting,OA Shah,MC Henriques,1,0,,,,,,"",""
ball,2,17.2,Hobart Hurricanes,OA Shah,RT Ponting,MC Henriques,1,0,,,,,,"",""
ball,2,17.3,Hobart Hurricanes,RT Ponting,OA Shah,MC Henriques,1,0,,,,,,"",""
ball,2,17.4,Hobart Hurricanes,OA Shah,RT Ponting,MC Henriques,1,0,,,,,,"",""
ball,2,17.5,Hobart Hurricanes,RT Ponting,OA Shah,MC Henriques,1,0,,,,,,"",""
ball,2,17.6,Hobart Hurricanes,OA Shah,RT Ponting,MC Henriques,1,0,,,,,,"",""
ball,2,18.1,Hobart Hurricanes,OA Shah,RT Ponting,SP Narine,0,0,,,,,,"",""
ball,2,18.2,Hobart Hurricanes,OA Shah,RT Ponting,SP Narine,1,0,,,,,,"",""
ball,2,18.3,Hobart Hurricanes,RT Ponting,OA Shah,SP Narine,0,1,,,,1,,"",""
ball,2,18.4,Hobart Hurricanes,OA Shah,RT Ponting,SP Narine,1,0,,,,,,"",""
ball,2,18.5,Hobart Hurricanes,RT Ponting,OA Shah,SP Narine,0,0,,,,,,"",""
ball,2,18.6,Hobart Hurricanes,RT Ponting,OA Shah,SP Narine,2,0,,,,,,"",""
ball,2,19.1,Hobart Hurricanes,OA Shah,RT Ponting,MC Henriques,0,1,,,,1,,"",""
ball,2,19.2,Hobart Hurricanes,RT Ponting,OA Shah,MC Henriques,2,0,,,,,,"",""
ball,2,19.3,Hobart Hurricanes,RT Ponting,OA Shah,MC Henriques,1,0,,,,,,"",""
ball,2,19.4,Hobart Hurricanes,OA Shah,RT Ponting,MC Henriques,4,0,,,,,,"",""
ball,2,19.5,Hobart Hurricanes,OA Shah,RT Ponting,MC Henriques,4,0,,,,,,"",""
