version,1.6.0
info,balls_per_over,6
info,team,Melbourne Stars
info,team,Hobart Hurricanes
info,gender,male
info,season,2012/13
info,date,2012/12/15
info,event,Big Bash League
info,venue,Melbourne Cricket Ground
info,city,
info,toss_winner,Melbourne Stars
info,toss_decision,field
info,player_of_match,CJ McKay
info,umpire,GC Joshua
info,umpire,MD Martell
info,tv_umpire,IH Lock
info,match_referee,D Levens
info,winner,Melbourne Stars
info,winner_wickets,4
info,player,Hobart Hurricanes,RT Ponting
info,player,Hobart Hurricanes,TD Paine
info,player,Hobart Hurricanes,TR Birt
info,player,Hobart Hurricanes,OA Shah
info,player,Hobart Hurricanes,GJ Bailey
info,player,Hobart Hurricanes,SB Styris
info,player,Hobart Hurricanes,EP Gulbis
info,player,Hobart Hurricanes,B Laughlin
info,player,Hobart Hurricanes,MG Hogan
info,player,Hobart Hurricanes,XJ Doherty
info,player,Hobart Hurricanes,DE Bollinger
info,player,Melbourne Stars,RJ Quiney
info,player,Melbourne Stars,LJ Wright
info,player,Melbourne Stars,BJ Hodge
info,player,Melbourne Stars,DJ Hussey
info,player,Melbourne Stars,CL White
info,player,Melbourne Stars,GJ Maxwell
info,player,Melbourne Stars,JP Faulkner
info,player,Melbourne Stars,PSP Handscomb
info,player,Melbourne Stars,CJ McKay
info,player,Melbourne Stars,SL Malinga
info,player,Melbourne Stars,SK Warne
info,registry,people,B Laughlin,b2a79f17
info,registry,people,BJ Hodge,b57f8a9a
info,registry,people,CJ McKay,94eac556
info,registry,people,CL White,d0513f63
info,registry,people,D Levens,8fc718ea
info,registry,people,DE Bollinger,45c2196c
info,registry,people,DJ Hussey,fd835ab3
info,registry,people,EP Gulbis,bbce4647
info,registry,people,GC Joshua,4c47ebf2
info,registry,people,GJ Bailey,5056011d
info,registry,people,GJ Maxwell,b681e71e
info,registry,people,IH Lock,a1b1e3c2
info,registry,people,JP Faulkner,808f425a
info,registry,people,LJ Wright,cca50cd6
info,registry,people,MD Martell,487c072e
info,registry,people,MG Hogan,5da34add
info,registry,people,OA Shah,7bf96684
info,registry,people,PSP Handscomb,ada15e88
info,registry,people,RJ Quiney,23ac69e6
info,registry,people,RT Ponting,7d415ea5
info,registry,people,SB Styris,57efa3be
info,registry,people,SK Warne,bb18be76
info,registry,people,SL Malinga,a12e1d51
info,registry,people,TD Paine,5748e866
info,registry,people,TR Birt,d2d4bb0a
info,registry,people,XJ Doherty,502b2c81
ball,1,0.1,Hobart Hurricanes,RT Ponting,TD Paine,GJ Maxwell,0,0,,,,,,"",""
ball,1,0.2,Hobart Hurricanes,RT Ponting,TD Paine,GJ Maxwell,0,0,,,,,,"",""
ball,1,0.3,Hobart Hurricanes,RT Ponting,TD Paine,GJ Maxwell,3,0,,,,,,"",""
ball,1,0.4,Hobart Hurricanes,TD Paine,RT Ponting,GJ Maxwell,1,0,,,,,,"",""
ball,1,0.5,Hobart Hurricanes,RT Ponting,TD Paine,GJ Maxwell,4,0,,,,,,"",""
ball,1,0.6,Hobart Hurricanes,RT Ponting,TD Paine,GJ Maxwell,1,0,,,,,,"",""
ball,1,1.1,Hobart Hurricanes,RT Ponting,TD Paine,CJ McKay,0,0,,,,,,caught,RT Ponting
ball,1,1.2,Hobart Hurricanes,TD Paine,TR Birt,CJ McKay,1,0,,,,,,"",""
ball,1,1.3,Hobart Hurricanes,TR Birt,TD Paine,CJ McKay,3,0,,,,,,"",""
ball,1,1.4,Hobart Hurricanes,TD Paine,TR Birt,CJ McKay,0,5,5,,,,,"",""
ball,1,1.5,Hobart Hurricanes,TD Paine,TR Birt,CJ McKay,1,0,,,,,,"",""
ball,1,1.6,Hobart Hurricanes,TR Birt,TD Paine,CJ McKay,0,0,,,,,,"",""
ball,1,1.7,Hobart Hurricanes,TR Birt,TD Paine,CJ McKay,0,0,,,,,,"",""
ball,1,2.1,Hobart Hurricanes,TD Paine,TR Birt,SL Malinga,0,0,,,,,,"",""
ball,1,2.2,Hobart Hurricanes,TD Paine,TR Birt,SL Malinga,0,0,,,,,,"",""
ball,1,2.3,Hobart Hurricanes,TD Paine,TR Birt,SL Malinga,0,0,,,,,,"",""
ball,1,2.4,Hobart Hurricanes,TD Paine,TR Birt,SL Malinga,0,0,,,,,,"",""
ball,1,2.5,Hobart Hurricanes,TD Paine,TR Birt,SL Malinga,1,0,,,,,,"",""
ball,1,2.6,Hobart Hurricanes,TR Birt,TD Paine,SL Malinga,0,0,,,,,,"",""
ball,1,3.1,Hobart Hurricanes,TD Paine,TR Birt,CJ McKay,0,0,,,,,,"",""
ball,1,3.2,Hobart Hurricanes,TD Paine,TR Birt,CJ McKay,1,0,,,,,,"",""
ball,1,3.3,Hobart Hurricanes,TR Birt,TD Paine,CJ McKay,0,0,,,,,,caught,TR Birt
ball,1,3.4,Hobart Hurricanes,TD Paine,OA Shah,CJ McKay,0,0,,,,,,"",""
ball,1,3.5,Hobart Hurricanes,TD Paine,OA Shah,CJ McKay,2,0,,,,,,"",""
ball,1,3.6,Hobart Hurricanes,TD Paine,OA Shah,CJ McKay,0,0,,,,,,"",""
ball,1,4.1,Hobart Hurricanes,OA Shah,TD Paine,JP Faulkner,1,0,,,,,,"",""
ball,1,4.2,Hobart Hurricanes,TD Paine,OA Shah,JP Faulkner,0,0,,,,,,"",""
ball,1,4.3,Hobart Hurricanes,TD Paine,OA Shah,JP Faulkner,1,0,,,,,,"",""
ball,1,4.4,Hobart Hurricanes,OA Shah,TD Paine,JP Faulkner,0,0,,,,,,"",""
ball,1,4.5,Hobart Hurricanes,OA Shah,TD Paine,JP Faulkner,0,0,,,,,,lbw,OA Shah
ball,1,4.6,Hobart Hurricanes,GJ Bailey,TD Paine,JP Faulkner,3,0,,,,,,"",""
ball,1,5.1,Hobart Hurricanes,GJ Bailey,TD Paine,SL Malinga,0,0,,,,,,"",""
ball,1,5.2,Hobart Hurricanes,GJ Bailey,TD Paine,SL Malinga,0,0,,,,,,"",""
ball,1,5.3,Hobart Hurricanes,GJ Bailey,TD Paine,SL Malinga,2,0,,,,,,"",""
ball,1,5.4,Hobart Hurricanes,GJ Bailey,TD Paine,SL Malinga,0,0,,,,,,"",""
ball,1,5.5,Hobart Hurricanes,GJ Bailey,TD Paine,SL Malinga,1,0,,,,,,"",""
ball,1,5.6,Hobart Hurricanes,TD Paine,GJ Bailey,SL Malinga,4,0,,,,,,"",""
ball,1,6.1,Hobart Hurricanes,GJ Bailey,TD Paine,SK Warne,1,0,,,,,,"",""
ball,1,6.2,Hobart Hurricanes,TD Paine,GJ Bailey,SK Warne,2,0,,,,,,"",""
ball,1,6.3,Hobart Hurricanes,TD Paine,GJ Bailey,SK Warne,1,0,,,,,,"",""
ball,1,6.4,Hobart Hurricanes,GJ Bailey,TD Paine,SK Warne,0,0,,,,,,"",""
ball,1,6.5,Hobart Hurricanes,GJ Bailey,TD Paine,SK Warne,0,0,,,,,,"",""
ball,1,6.6,Hobart Hurricanes,GJ Bailey,TD Paine,SK Warne,2,0,,,,,,"",""
ball,1,7.1,Hobart Hurricanes,TD Paine,GJ Bailey,JP Faulkner,0,0,,,,,,"",""
ball,1,7.2,Hobart Hurricanes,TD Paine,GJ Bailey,JP Faulkner,0,0,,,,,,"",""
ball,1,7.3,Hobart Hurricanes,TD Paine,GJ Bailey,JP Faulkner,0,0,,,,,,"",""
ball,1,7.4,Hobart Hurricanes,TD Paine,GJ Bailey,JP Faulkner,1,0,,,,,,"",""
ball,1,7.5,Hobart Hurricanes,GJ Bailey,TD Paine,JP Faulkner,0,0,,,,,,"",""
ball,1,7.6,Hobart Hurricanes,GJ Bailey,TD Paine,JP Faulkner,1,0,,,,,,"",""
ball,1,8.1,Hobart Hurricanes,GJ Bailey,TD Paine,SK Warne,1,0,,,,,,"",""
ball,1,8.2,Hobart Hurricanes,TD Paine,GJ Bailey,SK Warne,0,0,,,,,,"",""
ball,1,8.3,Hobart Hurricanes,TD Paine,GJ Bailey,SK Warne,1,0,,,,,,"",""
ball,1,8.4,Hobart Hurricanes,GJ Bailey,TD Paine,SK Warne,0,0,,,,,,"",""
ball,1,8.5,Hobart Hurricanes,GJ Bailey,TD Paine,SK Warne,1,0,,,,,,"",""
ball,1,8.6,Hobart Hurricanes,TD Paine,GJ Bailey,SK Warne,2,0,,,,,,"",""
ball,1,9.1,Hobart Hurricanes,GJ Bailey,TD Paine,JP Faulkner,4,0,,,,,,"",""
ball,1,9.2,Hobart Hurricanes,GJ Bailey,TD Paine,JP Faulkner,2,0,,,,,,"",""
ball,1,9.3,Hobart Hurricanes,GJ Bailey,TD Paine,JP Faulkner,0,0,,,,,,"",""
ball,1,9.4,Hobart Hurricanes,GJ Bailey,TD Paine,JP Faulkner,4,0,,,,,,"",""
ball,1,9.5,Hobart Hurricanes,GJ Bailey,TD Paine,JP Faulkner,1,0,,,,,,"",""
ball,1,9.6,Hobart Hurricanes,TD Paine,GJ Bailey,JP Faulkner,1,0,,,,,,"",""
ball,1,10.1,Hobart Hurricanes,TD Paine,GJ Bailey,SK Warne,1,0,,,,,,"",""
ball,1,10.2,Hobart Hurricanes,GJ Bailey,TD Paine,SK Warne,1,0,,,,,,"",""
ball,1,10.3,Hobart Hurricanes,TD Paine,GJ Bailey,SK Warne,1,0,,,,,,"",""
ball,1,10.4,Hobart Hurricanes,GJ Bailey,TD Paine,SK Warne,0,0,,,,,,"",""
ball,1,10.5,Hobart Hurricanes,GJ Bailey,TD Paine,SK Warne,1,0,,,,,,"",""
ball,1,10.6,Hobart Hurricanes,TD Paine,GJ Bailey,SK Warne,1,0,,,,,,"",""
ball,1,11.1,Hobart Hurricanes,TD Paine,GJ Bailey,CL White,1,0,,,,,,"",""
ball,1,11.2,Hobart Hurricanes,GJ Bailey,TD Paine,CL White,0,1,1,,,,,"",""
ball,1,11.3,Hobart Hurricanes,GJ Bailey,TD Paine,CL White,1,0,,,,,,"",""
ball,1,11.4,Hobart Hurricanes,TD Paine,GJ Bailey,CL White,1,0,,,,,,"",""
ball,1,11.5,Hobart Hurricanes,GJ Bailey,TD Paine,CL White,2,0,,,,,,"",""
ball,1,11.6,Hobart Hurricanes,GJ Bailey,TD Paine,CL White,0,0,,,,,,caught,GJ Bailey
ball,1,11.7,Hobart Hurricanes,TD Paine,SB Styris,CL White,1,0,,,,,,"",""
ball,1,12.1,Hobart Hurricanes,TD Paine,SB Styris,CJ McKay,0,0,,,,,,"",""
ball,1,12.2,Hobart Hurricanes,TD Paine,SB Styris,CJ McKay,0,0,,,,,,"",""
ball,1,12.3,Hobart Hurricanes,TD Paine,SB Styris,CJ McKay,1,0,,,,,,"",""
ball,1,12.4,Hobart Hurricanes,SB Styris,TD Paine,CJ McKay,0,0,,,,,,"",""
ball,1,12.5,Hobart Hurricanes,SB Styris,TD Paine,CJ McKay,1,0,,,,,,"",""
ball,1,12.6,Hobart Hurricanes,TD Paine,SB Styris,CJ McKay,1,0,,,,,,"",""
ball,1,13.1,Hobart Hurricanes,TD Paine,SB Styris,CL White,1,0,,,,,,"",""
ball,1,13.2,Hobart Hurricanes,SB Styris,TD Paine,CL White,1,0,,,,,,"",""
ball,1,13.3,Hobart Hurricanes,TD Paine,SB Styris,CL White,1,0,,,,,,"",""
ball,1,13.4,Hobart Hurricanes,SB Styris,TD Paine,CL White,0,0,,,,,,"",""
ball,1,13.5,Hobart Hurricanes,SB Styris,TD Paine,CL White,1,0,,,,,,"",""
ball,1,13.6,Hobart Hurricanes,TD Paine,SB Styris,CL White,1,0,,,,,,"",""
ball,1,14.1,Hobart Hurricanes,TD Paine,SB Styris,SK Warne,1,0,,,,,,"",""
ball,1,14.2,Hobart Hurricanes,SB Styris,TD Paine,SK Warne,1,0,,,,,,"",""
ball,1,14.3,Hobart Hurricanes,TD Paine,SB Styris,SK Warne,4,0,,,,,,"",""
ball,1,14.4,Hobart Hurricanes,TD Paine,SB Styris,SK Warne,6,0,,,,,,"",""
ball,1,14.5,Hobart Hurricanes,TD Paine,SB Styris,SK Warne,0,0,,,,,,"",""
ball,1,14.6,Hobart Hurricanes,TD Paine,SB Styris,SK Warne,3,0,,,,,,"",""
ball,1,15.1,Hobart Hurricanes,TD Paine,SB Styris,CJ McKay,1,0,,,,,,"",""
ball,1,15.2,Hobart Hurricanes,SB Styris,TD Paine,CJ McKay,2,0,,,,,,"",""
ball,1,15.3,Hobart Hurricanes,SB Styris,TD Paine,CJ McKay,1,0,,,,,,"",""
ball,1,15.4,Hobart Hurricanes,TD Paine,SB Styris,CJ McKay,0,0,,,,,,caught,TD Paine
ball,1,15.5,Hobart Hurricanes,EP Gulbis,SB Styris,CJ McKay,4,0,,,,,,"",""
ball,1,15.6,Hobart Hurricanes,EP Gulbis,SB Styris,CJ McKay,1,0,,,,,,"",""
ball,1,16.1,Hobart Hurricanes,EP Gulbis,SB Styris,LJ Wright,1,0,,,,,,"",""
ball,1,16.2,Hobart Hurricanes,SB Styris,EP Gulbis,LJ Wright,2,0,,,,,,"",""
ball,1,16.3,Hobart Hurricanes,SB Styris,EP Gulbis,LJ Wright,4,0,,,,,,"",""
ball,1,16.4,Hobart Hurricanes,SB Styris,EP Gulbis,LJ Wright,2,0,,,,,,"",""
ball,1,16.5,Hobart Hurricanes,SB Styris,EP Gulbis,LJ Wright,4,0,,,,,,"",""
ball,1,16.6,Hobart Hurricanes,SB Styris,EP Gulbis,LJ Wright,1,0,,,,,,"",""
ball,1,17.1,Hobart Hurricanes,SB Styris,EP Gulbis,SL Malinga,1,0,,,,,,"",""
ball,1,17.2,Hobart Hurricanes,EP Gulbis,SB Styris,SL Malinga,0,0,,,,,,bowled,EP Gulbis
ball,1,17.3,Hobart Hurricanes,B Laughlin,SB Styris,SL Malinga,1,0,,,,,,"",""
ball,1,17.4,Hobart Hurricanes,SB Styris,B Laughlin,SL Malinga,1,0,,,,,,"",""
ball,1,17.5,Hobart Hurricanes,B Laughlin,SB Styris,SL Malinga,0,0,,,,,,"",""
ball,1,17.6,Hobart Hurricanes,B Laughlin,SB Styris,SL Malinga,1,0,,,,,,"",""
ball,1,18.1,Hobart Hurricanes,B Laughlin,SB Styris,JP Faulkner,0,1,,,,1,,"",""
ball,1,18.2,Hobart Hurricanes,SB Styris,B Laughlin,JP Faulkner,2,0,,,,,,"",""
ball,1,18.3,Hobart Hurricanes,SB Styris,B Laughlin,JP Faulkner,0,0,,,,,,caught,SB Styris
ball,1,18.4,Hobart Hurricanes,MG Hogan,B Laughlin,JP Faulkner,0,0,,,,,,"",""
ball,1,18.5,Hobart Hurricanes,MG Hogan,B Laughlin,JP Faulkner,2,0,,,,,,"",""
ball,1,18.6,Hobart Hurricanes,MG Hogan,B Laughlin,JP Faulkner,0,0,,,,,,"",""
ball,1,19.1,Hobart Hurricanes,B Laughlin,MG Hogan,SL Malinga,0,0,,,,,,bowled,B Laughlin
ball,1,19.2,Hobart Hurricanes,XJ Doherty,MG Hogan,SL Malinga,1,0,,,,,,"",""
ball,1,19.3,Hobart Hurricanes,MG Hogan,XJ Doherty,SL Malinga,2,0,,,,,,"",""
ball,1,19.4,Hobart Hurricanes,MG Hogan,XJ Doherty,SL Malinga,1,0,,,,,,"",""
ball,1,19.5,Hobart Hurricanes,XJ Doherty,MG Hogan,SL Malinga,2,0,,,,,,"",""
ball,1,19.6,Hobart Hurricanes,XJ Doherty,MG Hogan,SL Malinga,1,0,,,,,,"",""
ball,2,0.1,Melbourne Stars,RJ Quiney,LJ Wright,DE Bollinger,0,0,,,,,,"",""
ball,2,0.2,Melbourne Stars,RJ Quiney,LJ Wright,DE Bollinger,0,0,,,,,,"",""
ball,2,0.3,Melbourne Stars,RJ Quiney,LJ Wright,DE Bollinger,0,0,,,,,,"",""
ball,2,0.4,Melbourne Stars,RJ Quiney,LJ Wright,DE Bollinger,0,0,,,,,,"",""
ball,2,0.5,Melbourne Stars,RJ Quiney,LJ Wright,DE Bollinger,0,0,,,,,,"",""
ball,2,0.6,Melbourne Stars,RJ Quiney,LJ Wright,DE Bollinger,0,0,,,,,,"",""
ball,2,1.1,Melbourne Stars,LJ Wright,RJ Quiney,MG Hogan,0,0,,,,,,"",""
ball,2,1.2,Melbourne Stars,LJ Wright,RJ Quiney,MG Hogan,0,0,,,,,,"",""
ball,2,1.3,Melbourne Stars,LJ Wright,RJ Quiney,MG Hogan,0,0,,,,,,"",""
ball,2,1.4,Melbourne Stars,LJ Wright,RJ Quiney,MG Hogan,1,0,,,,,,"",""
ball,2,1.5,Melbourne Stars,RJ Quiney,LJ Wright,MG Hogan,0,0,,,,,,"",""
ball,2,1.6,Melbourne Stars,RJ Quiney,LJ Wright,MG Hogan,4,0,,,,,,"",""
ball,2,2.1,Melbourne Stars,LJ Wright,RJ Quiney,DE Bollinger,0,0,,,,,,caught,LJ Wright
ball,2,2.2,Melbourne Stars,RJ Quiney,BJ Hodge,DE Bollinger,0,1,,,,1,,"",""
ball,2,2.3,Melbourne Stars,BJ Hodge,RJ Quiney,DE Bollinger,0,0,,,,,,"",""
ball,2,2.4,Melbourne Stars,BJ Hodge,RJ Quiney,DE Bollinger,0,0,,,,,,"",""
ball,2,2.5,Melbourne Stars,BJ Hodge,RJ Quiney,DE Bollinger,0,0,,,,,,"",""
ball,2,2.6,Melbourne Stars,BJ Hodge,RJ Quiney,DE Bollinger,0,0,,,,,,"",""
ball,2,3.1,Melbourne Stars,RJ Quiney,BJ Hodge,MG Hogan,1,0,,,,,,"",""
ball,2,3.2,Melbourne Stars,BJ Hodge,RJ Quiney,MG Hogan,2,0,,,,,,"",""
ball,2,3.3,Melbourne Stars,BJ Hodge,RJ Quiney,MG Hogan,4,0,,,,,,"",""
ball,2,3.4,Melbourne Stars,BJ Hodge,RJ Quiney,MG Hogan,0,0,,,,,,"",""
ball,2,3.5,Melbourne Stars,BJ Hodge,RJ Quiney,MG Hogan,0,0,,,,,,"",""
ball,2,3.6,Melbourne Stars,BJ Hodge,RJ Quiney,MG Hogan,1,0,,,,,,"",""
ball,2,4.1,Melbourne Stars,BJ Hodge,RJ Quiney,DE Bollinger,4,0,,,,,,"",""
ball,2,4.2,Melbourne Stars,BJ Hodge,RJ Quiney,DE Bollinger,1,0,,,,,,"",""
ball,2,4.3,Melbourne Stars,RJ Quiney,BJ Hodge,DE Bollinger,0,0,,,,,,"",""
ball,2,4.4,Melbourne Stars,RJ Quiney,BJ Hodge,DE Bollinger,3,0,,,,,,"",""
ball,2,4.5,Melbourne Stars,BJ Hodge,RJ Quiney,DE Bollinger,0,0,,,,,,"",""
ball,2,4.6,Melbourne Stars,BJ Hodge,RJ Quiney,DE Bollinger,0,0,,,,,,"",""
ball,2,5.1,Melbourne Stars,RJ Quiney,BJ Hodge,MG Hogan,1,0,,,,,,"",""
ball,2,5.2,Melbourne Stars,BJ Hodge,RJ Quiney,MG Hogan,1,0,,,,,,"",""
ball,2,5.3,Melbourne Stars,RJ Quiney,BJ Hodge,MG Hogan,0,0,,,,,,"",""
ball,2,5.4,Melbourne Stars,RJ Quiney,BJ Hodge,MG Hogan,4,0,,,,,,"",""
ball,2,5.5,Melbourne Stars,RJ Quiney,BJ Hodge,MG Hogan,4,0,,,,,,"",""
ball,2,5.6,Melbourne Stars,RJ Quiney,BJ Hodge,MG Hogan,1,0,,,,,,"",""
ball,2,6.1,Melbourne Stars,RJ Quiney,BJ Hodge,XJ Doherty,1,0,,,,,,"",""
ball,2,6.2,Melbourne Stars,BJ Hodge,RJ Quiney,XJ Doherty,0,0,,,,,,"",""
ball,2,6.3,Melbourne Stars,BJ Hodge,RJ Quiney,XJ Doherty,1,0,,,,,,"",""
ball,2,6.4,Melbourne Stars,RJ Quiney,BJ Hodge,XJ Doherty,1,0,,,,,,"",""
ball,2,6.5,Melbourne Stars,BJ Hodge,RJ Quiney,XJ Doherty,0,0,,,,,,"",""
ball,2,6.6,Melbourne Stars,BJ Hodge,RJ Quiney,XJ Doherty,0,0,,,,,,"",""
ball,2,7.1,Melbourne Stars,RJ Quiney,BJ Hodge,B Laughlin,0,0,,,,,,"",""
ball,2,7.2,Melbourne Stars,RJ Quiney,BJ Hodge,B Laughlin,2,0,,,,,,"",""
ball,2,7.3,Melbourne Stars,RJ Quiney,BJ Hodge,B Laughlin,0,0,,,,,,"",""
ball,2,7.4,Melbourne Stars,RJ Quiney,BJ Hodge,B Laughlin,0,0,,,,,,"",""
ball,2,7.5,Melbourne Stars,RJ Quiney,BJ Hodge,B Laughlin,0,0,,,,,,"",""
ball,2,7.6,Melbourne Stars,RJ Quiney,BJ Hodge,B Laughlin,0,0,,,,,,"",""
ball,2,8.1,Melbourne Stars,BJ Hodge,RJ Quiney,SB Styris,2,0,,,,,,"",""
ball,2,8.2,Melbourne Stars,BJ Hodge,RJ Quiney,SB Styris,6,0,,,,,,"",""
ball,2,8.3,Melbourne Stars,BJ Hodge,RJ Quiney,SB Styris,1,0,,,,,,"",""
ball,2,8.4,Melbourne Stars,RJ Quiney,BJ Hodge,SB Styris,6,0,,,,,,"",""
ball,2,8.5,Melbourne Stars,RJ Quiney,BJ Hodge,SB Styris,0,0,,,,,,"",""
ball,2,8.6,Melbourne Stars,RJ Quiney,BJ Hodge,SB Styris,6,0,,,,,,"",""
ball,2,9.1,Melbourne Stars,BJ Hodge,RJ Quiney,B Laughlin,1,0,,,,,,"",""
ball,2,9.2,Melbourne Stars,RJ Quiney,BJ Hodge,B Laughlin,0,0,,,,,,"",""
ball,2,9.3,Melbourne Stars,RJ Quiney,BJ Hodge,B Laughlin,1,0,,,,,,"",""
ball,2,9.4,Melbourne Stars,BJ Hodge,RJ Quiney,B Laughlin,0,0,,,,,,"",""
ball,2,9.5,Melbourne Stars,BJ Hodge,RJ Quiney,B Laughlin,1,0,,,,,,"",""
ball,2,9.6,Melbourne Stars,RJ Quiney,BJ Hodge,B Laughlin,0,0,,,,,,caught,RJ Quiney
ball,2,10.1,Melbourne Stars,BJ Hodge,DJ Hussey,EP Gulbis,3,0,,,,,,"",""
ball,2,10.2,Melbourne Stars,DJ Hussey,BJ Hodge,EP Gulbis,1,0,,,,,,"",""
ball,2,10.3,Melbourne Stars,BJ Hodge,DJ Hussey,EP Gulbis,4,0,,,,,,"",""
ball,2,10.4,Melbourne Stars,BJ Hodge,DJ Hussey,EP Gulbis,0,0,,,,,,"",""
ball,2,10.5,Melbourne Stars,BJ Hodge,DJ Hussey,EP Gulbis,0,1,,,,1,,"",""
ball,2,10.6,Melbourne Stars,DJ Hussey,BJ Hodge,EP Gulbis,4,0,,,,,,"",""
ball,2,11.1,Melbourne Stars,BJ Hodge,DJ Hussey,MG Hogan,2,0,,,,,,"",""
ball,2,11.2,Melbourne Stars,BJ Hodge,DJ Hussey,MG Hogan,0,0,,,,,,caught,BJ Hodge
ball,2,11.3,Melbourne Stars,CL White,DJ Hussey,MG Hogan,0,0,,,,,,"",""
ball,2,11.4,Melbourne Stars,CL White,DJ Hussey,MG Hogan,1,0,,,,,,"",""
ball,2,11.5,Melbourne Stars,DJ Hussey,CL White,MG Hogan,2,0,,,,,,"",""
ball,2,11.6,Melbourne Stars,DJ Hussey,CL White,MG Hogan,1,0,,,,,,"",""
ball,2,12.1,Melbourne Stars,DJ Hussey,CL White,EP Gulbis,1,0,,,,,,"",""
ball,2,12.2,Melbourne Stars,CL White,DJ Hussey,EP Gulbis,1,0,,,,,,"",""
ball,2,12.3,Melbourne Stars,DJ Hussey,CL White,EP Gulbis,2,0,,,,,,"",""
ball,2,12.4,Melbourne Stars,DJ Hussey,CL White,EP Gulbis,0,0,,,,,,"",""
ball,2,12.5,Melbourne Stars,DJ Hussey,CL White,EP Gulbis,0,0,,,,,,"",""
ball,2,12.6,Melbourne Stars,DJ Hussey,CL White,EP Gulbis,1,0,,,,,,"",""
ball,2,13.1,Melbourne Stars,DJ Hussey,CL White,B Laughlin,1,0,,,,,,"",""
ball,2,13.2,Melbourne Stars,CL White,DJ Hussey,B Laughlin,0,0,,,,,,"",""
ball,2,13.3,Melbourne Stars,CL White,DJ Hussey,B Laughlin,2,0,,,,,,"",""
ball,2,13.4,Melbourne Stars,CL White,DJ Hussey,B Laughlin,0,0,,,,,,"",""
ball,2,13.5,Melbourne Stars,CL White,DJ Hussey,B Laughlin,1,0,,,,,,"",""
ball,2,13.6,Melbourne Stars,DJ Hussey,CL White,B Laughlin,0,0,,,,,,caught,DJ Hussey
ball,2,14.1,Melbourne Stars,CL White,GJ Maxwell,XJ Doherty,1,0,,,,,,"",""
ball,2,14.2,Melbourne Stars,GJ Maxwell,CL White,XJ Doherty,0,0,,,,,,"",""
ball,2,14.3,Melbourne Stars,GJ Maxwell,CL White,XJ Doherty,0,0,,,,,,"",""
ball,2,14.4,Melbourne Stars,GJ Maxwell,CL White,XJ Doherty,2,0,,,,,,"",""
ball,2,14.5,Melbourne Stars,GJ Maxwell,CL White,XJ Doherty,0,0,,,,,,"",""
ball,2,14.6,Melbourne Stars,GJ Maxwell,CL White,XJ Doherty,6,0,,,,,,"",""
ball,2,15.1,Melbourne Stars,CL White,GJ Maxwell,SB Styris,0,0,,,,,,"",""
ball,2,15.2,Melbourne Stars,CL White,GJ Maxwell,SB Styris,4,0,,,,,,"",""
ball,2,15.3,Melbourne Stars,CL White,GJ Maxwell,SB Styris,0,0,,,,,,"",""
ball,2,15.4,Melbourne Stars,CL White,GJ Maxwell,SB Styris,0,0,,,,,,"",""
ball,2,15.5,Melbourne Stars,CL White,GJ Maxwell,SB Styris,1,0,,,,,,"",""
ball,2,15.6,Melbourne Stars,GJ Maxwell,CL White,SB Styris,1,0,,,,,,"",""
ball,2,16.1,Melbourne Stars,GJ Maxwell,CL White,EP Gulbis,1,0,,,,,,"",""
ball,2,16.2,Melbourne Stars,CL White,GJ Maxwell,EP Gulbis,1,0,,,,,,"",""
ball,2,16.3,Melbourne Stars,GJ Maxwell,CL White,EP Gulbis,1,0,,,,,,"",""
ball,2,16.4,Melbourne Stars,CL White,GJ Maxwell,EP Gulbis,2,0,,,,,,"",""
ball,2,16.5,Melbourne Stars,CL White,GJ Maxwell,EP Gulbis,1,0,,,,,,"",""
ball,2,16.6,Melbourne Stars,GJ Maxwell,CL White,EP Gulbis,0,0,,,,,,"",""
ball,2,17.1,Melbourne Stars,CL White,GJ Maxwell,DE Bollinger,1,0,,,,,,"",""
ball,2,17.2,Melbourne Stars,GJ Maxwell,CL White,DE Bollinger,4,0,,,,,,"",""
ball,2,17.3,Melbourne Stars,GJ Maxwell,CL White,DE Bollinger,4,0,,,,,,"",""
ball,2,17.4,Melbourne Stars,GJ Maxwell,CL White,DE Bollinger,0,0,,,,,,caught,GJ Maxwell
ball,2,17.5,Melbourne Stars,CL White,JP Faulkner,DE Bollinger,4,0,,,,,,"",""
ball,2,17.6,Melbourne Stars,CL White,JP Faulkner,DE Bollinger,1,0,,,,,,"",""
ball,2,18.1,Melbourne Stars,CL White,JP Faulkner,B Laughlin,1,0,,,,,,"",""
ball,2,18.2,Melbourne Stars,JP Faulkner,CL White,B Laughlin,1,0,,,,,,"",""
ball,2,18.3,Melbourne Stars,CL White,JP Faulkner,B Laughlin,0,0,,,,,,caught,CL White
ball,2,18.4,Melbourne Stars,JP Faulkner,PSP Handscomb,B Laughlin,1,0,,,,,,"",""
ball,2,18.5,Melbourne Stars,PSP Handscomb,JP Faulkner,B Laughlin,2,0,,,,,,"",""
ball,2,18.6,Melbourne Stars,PSP Handscomb,JP Faulkner,B Laughlin,0,0,,,,,,"",""
ball,2,19.1,Melbourne Stars,JP Faulkner,PSP Handscomb,EP Gulbis,4,0,,,,,,"",""
ball,2,19.2,Melbourne Stars,JP Faulkner,PSP Handscomb,EP Gulbis,0,1,,1,,,,"",""
