version,1.6.0
info,balls_per_over,6
info,team,Adelaide Strikers
info,team,Melbourne Stars
info,gender,male
info,season,2012/13
info,date,2012/12/27
info,event,Big Bash League
info,venue,Adelaide Oval
info,city,
info,toss_winner,Melbourne Stars
info,toss_decision,bat
info,player_of_match,BJ Hodge
info,umpire,GC Joshua
info,umpire,IH Lock
info,tv_umpire,MD Martell
info,match_referee,DJ Harper
info,winner,Melbourne Stars
info,winner_runs,8
info,player,Adelaide Strikers,M Klinger
info,player,Adelaide Strikers,TP Ludeman
info,player,Adelaide Strikers,CJ Ferguson
info,player,Adelaide Strikers,NJ Reardon
info,player,Adelaide Strikers,KA Pollard
info,player,Adelaide Strikers,MJ Johnston
info,player,Adelaide Strikers,J Botha
info,player,Adelaide Strikers,CJ Boyce
info,player,Adelaide Strikers,KW Richardson
info,player,Adelaide Strikers,BE Young
info,player,Adelaide Strikers,SW Tait
info,player,Melbourne Stars,RJ Quiney
info,player,Melbourne Stars,BJ Hodge
info,player,Melbourne Stars,JP Faulkner
info,player,Melbourne Stars,DJ Hussey
info,player,Melbourne Stars,CL White
info,player,Melbourne Stars,GJ Maxwell
info,player,Melbourne Stars,PSP Handscomb
info,player,Melbourne Stars,JW Hastings
info,player,Melbourne Stars,CA Rose
info,player,Melbourne Stars,CJ McKay
info,player,Melbourne Stars,SL Malinga
info,registry,people,BE Young,278fd5ff
info,registry,people,BJ Hodge,b57f8a9a
info,registry,people,CA Rose,7517d134
info,registry,people,CJ Boyce,51a60c16
info,registry,people,CJ Ferguson,9b4935c8
info,registry,people,CJ McKay,94eac556
info,registry,people,CL White,d0513f63
info,registry,people,DJ Harper,0ec08b27
info,registry,people,DJ Hussey,fd835ab3
info,registry,people,GC Joshua,4c47ebf2
info,registry,people,GJ Maxwell,b681e71e
info,registry,people,IH Lock,a1b1e3c2
info,registry,people,J Botha,7c503806
info,registry,people,JP Faulkner,808f425a
info,registry,people,JW Hastings,012829ff
info,registry,people,KA Pollard,a757b0d8
info,registry,people,KW Richardson,dfc4d8b5
info,registry,people,M Klinger,b970a03f
info,registry,people,MD Martell,487c072e
info,registry,people,MJ Johnston,db2114f1
info,registry,people,NJ Reardon,c7bdb5b5
info,registry,people,PSP Handscomb,ada15e88
info,registry,people,RJ Quiney,23ac69e6
info,registry,people,SL Malinga,a12e1d51
info,registry,people,SW Tait,addfb70e
info,registry,people,TP Ludeman,c3f7898b
ball,1,0.1,Melbourne Stars,RJ Quiney,BJ Hodge,KW Richardson,0,1,1,,,,,"",""
ball,1,0.2,Melbourne Stars,RJ Quiney,BJ Hodge,KW Richardson,0,1,1,,,,,"",""
ball,1,0.3,Melbourne Stars,RJ Quiney,BJ Hodge,KW Richardson,0,0,,,,,,"",""
ball,1,0.4,Melbourne Stars,RJ Quiney,BJ Hodge,KW Richardson,4,0,,,,,,"",""
ball,1,0.5,Melbourne Stars,RJ Quiney,BJ Hodge,KW Richardson,1,0,,,,,,"",""
ball,1,0.6,Melbourne Stars,BJ Hodge,RJ Quiney,KW Richardson,0,0,,,,,,"",""
ball,1,0.7,Melbourne Stars,BJ Hodge,RJ Quiney,KW Richardson,0,0,,,,,,"",""
ball,1,0.8,Melbourne Stars,BJ Hodge,RJ Quiney,KW Richardson,3,0,,,,,,"",""
ball,1,1.1,Melbourne Stars,BJ Hodge,RJ Quiney,J Botha,1,0,,,,,,"",""
ball,1,1.2,Melbourne Stars,RJ Quiney,BJ Hodge,J Botha,0,0,,,,,,"",""
ball,1,1.3,Melbourne Stars,RJ Quiney,BJ Hodge,J Botha,1,0,,,,,,"",""
ball,1,1.4,Melbourne Stars,BJ Hodge,RJ Quiney,J Botha,0,0,,,,,,"",""
ball,1,1.5,Melbourne Stars,BJ Hodge,RJ Quiney,J Botha,4,0,,,,,,"",""
ball,1,1.6,Melbourne Stars,BJ Hodge,RJ Quiney,J Botha,1,0,,,,,,"",""
ball,1,2.1,Melbourne Stars,BJ Hodge,RJ Quiney,SW Tait,0,0,,,,,,"",""
ball,1,2.2,Melbourne Stars,BJ Hodge,RJ Quiney,SW Tait,0,0,,,,,,"",""
ball,1,2.3,Melbourne Stars,BJ Hodge,RJ Quiney,SW Tait,4,0,,,,,,"",""
ball,1,2.4,Melbourne Stars,BJ Hodge,RJ Quiney,SW Tait,4,0,,,,,,"",""
ball,1,2.5,Melbourne Stars,BJ Hodge,RJ Quiney,SW Tait,0,0,,,,,,"",""
ball,1,2.6,Melbourne Stars,BJ Hodge,RJ Quiney,SW Tait,0,0,,,,,,"",""
ball,1,3.1,Melbourne Stars,RJ Quiney,BJ Hodge,MJ Johnston,0,0,,,,,,"",""
ball,1,3.2,Melbourne Stars,RJ Quiney,BJ Hodge,MJ Johnston,6,0,,,,,,"",""
ball,1,3.3,Melbourne Stars,RJ Quiney,BJ Hodge,MJ Johnston,4,0,,,,,,"",""
ball,1,3.4,Melbourne Stars,RJ Quiney,BJ Hodge,MJ Johnston,0,0,,,,,,"",""
ball,1,3.5,Melbourne Stars,RJ Quiney,BJ Hodge,MJ Johnston,6,0,,,,,,"",""
ball,1,3.6,Melbourne Stars,RJ Quiney,BJ Hodge,MJ Johnston,0,0,,,,,,"",""
ball,1,4.1,Melbourne Stars,BJ Hodge,RJ Quiney,BE Young,0,0,,,,,,"",""
ball,1,4.2,Melbourne Stars,BJ Hodge,RJ Quiney,BE Young,4,0,,,,,,"",""
ball,1,4.3,Melbourne Stars,BJ Hodge,RJ Quiney,BE Young,0,0,,,,,,"",""
ball,1,4.4,Melbourne Stars,BJ Hodge,RJ Quiney,BE Young,0,0,,,,,,"",""
ball,1,4.5,Melbourne Stars,BJ Hodge,RJ Quiney,BE Young,1,0,,,,,,"",""
ball,1,4.6,Melbourne Stars,RJ Quiney,BJ Hodge,BE Young,0,0,,,,,,bowled,RJ Quiney
ball,1,5.1,Melbourne Stars,BJ Hodge,JP Faulkner,KW Richardson,1,0,,,,,,"",""
ball,1,5.2,Melbourne Stars,JP Faulkner,BJ Hodge,KW Richardson,1,0,,,,,,"",""
ball,1,5.3,Melbourne Stars,BJ Hodge,JP Faulkner,KW Richardson,0,0,,,,,,"",""
ball,1,5.4,Melbourne Stars,BJ Hodge,JP Faulkner,KW Richardson,4,0,,,,,,"",""
ball,1,5.5,Melbourne Stars,BJ Hodge,JP Faulkner,KW Richardson,0,0,,,,,,"",""
ball,1,5.6,Melbourne Stars,BJ Hodge,JP Faulkner,KW Richardson,0,1,,,,1,,"",""
ball,1,6.1,Melbourne Stars,BJ Hodge,JP Faulkner,BE Young,6,0,,,,,,"",""
ball,1,6.2,Melbourne Stars,BJ Hodge,JP Faulkner,BE Young,0,0,,,,,,"",""
ball,1,6.3,Melbourne Stars,BJ Hodge,JP Faulkner,BE Young,1,0,,,,,,"",""
ball,1,6.4,Melbourne Stars,JP Faulkner,BJ Hodge,BE Young,2,0,,,,,,"",""
ball,1,6.5,Melbourne Stars,JP Faulkner,BJ Hodge,BE Young,1,0,,,,,,"",""
ball,1,6.6,Melbourne Stars,BJ Hodge,JP Faulkner,BE Young,1,0,,,,,,"",""
ball,1,7.1,Melbourne Stars,BJ Hodge,JP Faulkner,J Botha,1,0,,,,,,"",""
ball,1,7.2,Melbourne Stars,JP Faulkner,BJ Hodge,J Botha,1,0,,,,,,"",""
ball,1,7.3,Melbourne Stars,BJ Hodge,JP Faulkner,J Botha,0,1,1,,,,,"",""
ball,1,7.4,Melbourne Stars,BJ Hodge,JP Faulkner,J Botha,2,0,,,,,,"",""
ball,1,7.5,Melbourne Stars,BJ Hodge,JP Faulkner,J Botha,0,0,,,,,,"",""
ball,1,7.6,Melbourne Stars,BJ Hodge,JP Faulkner,J Botha,0,0,,,,,,"",""
ball,1,7.7,Melbourne Stars,BJ Hodge,JP Faulkner,J Botha,1,0,,,,,,"",""
ball,1,8.1,Melbourne Stars,BJ Hodge,JP Faulkner,CJ Boyce,4,0,,,,,,"",""
ball,1,8.2,Melbourne Stars,BJ Hodge,JP Faulkner,CJ Boyce,2,0,,,,,,"",""
ball,1,8.3,Melbourne Stars,BJ Hodge,JP Faulkner,CJ Boyce,1,0,,,,,,"",""
ball,1,8.4,Melbourne Stars,JP Faulkner,BJ Hodge,CJ Boyce,1,0,,,,,,"",""
ball,1,8.5,Melbourne Stars,BJ Hodge,JP Faulkner,CJ Boyce,0,0,,,,,,"",""
ball,1,8.6,Melbourne Stars,BJ Hodge,JP Faulkner,CJ Boyce,0,0,,,,,,"",""
ball,1,9.1,Melbourne Stars,JP Faulkner,BJ Hodge,J Botha,0,0,,,,,,"",""
ball,1,9.2,Melbourne Stars,JP Faulkner,BJ Hodge,J Botha,1,0,,,,,,"",""
ball,1,9.3,Melbourne Stars,BJ Hodge,JP Faulkner,J Botha,1,0,,,,,,"",""
ball,1,9.4,Melbourne Stars,JP Faulkner,BJ Hodge,J Botha,1,0,,,,,,"",""
ball,1,9.5,Melbourne Stars,BJ Hodge,JP Faulkner,J Botha,6,0,,,,,,"",""
ball,1,9.6,Melbourne Stars,BJ Hodge,JP Faulkner,J Botha,1,0,,,,,,"",""
ball,1,10.1,Melbourne Stars,BJ Hodge,JP Faulkner,SW Tait,4,0,,,,,,"",""
ball,1,10.2,Melbourne Stars,BJ Hodge,JP Faulkner,SW Tait,4,0,,,,,,"",""
ball,1,10.3,Melbourne Stars,BJ Hodge,JP Faulkner,SW Tait,0,0,,,,,,"",""
ball,1,10.4,Melbourne Stars,BJ Hodge,JP Faulkner,SW Tait,0,0,,,,,,"",""
ball,1,10.5,Melbourne Stars,BJ Hodge,JP Faulkner,SW Tait,0,1,1,,,,,"",""
ball,1,10.6,Melbourne Stars,BJ Hodge,JP Faulkner,SW Tait,0,1,,,,1,,"",""
ball,1,10.7,Melbourne Stars,JP Faulkner,BJ Hodge,SW Tait,1,0,,,,,,"",""
ball,1,11.1,Melbourne Stars,JP Faulkner,BJ Hodge,KA Pollard,1,0,,,,,,"",""
ball,1,11.2,Melbourne Stars,BJ Hodge,JP Faulkner,KA Pollard,2,0,,,,,,"",""
ball,1,11.3,Melbourne Stars,BJ Hodge,JP Faulkner,KA Pollard,1,0,,,,,,"",""
ball,1,11.4,Melbourne Stars,JP Faulkner,BJ Hodge,KA Pollard,0,0,,,,,,caught,JP Faulkner
ball,1,11.5,Melbourne Stars,BJ Hodge,DJ Hussey,KA Pollard,1,0,,,,,,"",""
ball,1,11.6,Melbourne Stars,DJ Hussey,BJ Hodge,KA Pollard,1,0,,,,,,"",""
ball,1,12.1,Melbourne Stars,DJ Hussey,BJ Hodge,BE Young,1,0,,,,,,"",""
ball,1,12.2,Melbourne Stars,BJ Hodge,DJ Hussey,BE Young,2,0,,,,,,"",""
ball,1,12.3,Melbourne Stars,BJ Hodge,DJ Hussey,BE Young,2,0,,,,,,"",""
ball,1,12.4,Melbourne Stars,BJ Hodge,DJ Hussey,BE Young,4,0,,,,,,"",""
ball,1,12.5,Melbourne Stars,BJ Hodge,DJ Hussey,BE Young,1,0,,,,,,"",""
ball,1,12.6,Melbourne Stars,DJ Hussey,BJ Hodge,BE Young,1,0,,,,,,"",""
ball,1,13.1,Melbourne Stars,DJ Hussey,BJ Hodge,KA Pollard,6,0,,,,,,"",""
ball,1,13.2,Melbourne Stars,DJ Hussey,BJ Hodge,KA Pollard,4,0,,,,,,"",""
ball,1,13.3,Melbourne Stars,DJ Hussey,BJ Hodge,KA Pollard,1,0,,,,,,"",""
ball,1,13.4,Melbourne Stars,BJ Hodge,DJ Hussey,KA Pollard,1,0,,,,,,"",""
ball,1,13.5,Melbourne Stars,DJ Hussey,BJ Hodge,KA Pollard,0,0,,,,,,"",""
ball,1,13.6,Melbourne Stars,DJ Hussey,BJ Hodge,KA Pollard,1,0,,,,,,"",""
ball,1,14.1,Melbourne Stars,DJ Hussey,BJ Hodge,MJ Johnston,1,0,,,,,,"",""
ball,1,14.2,Melbourne Stars,BJ Hodge,DJ Hussey,MJ Johnston,2,0,,,,,,"",""
ball,1,14.3,Melbourne Stars,BJ Hodge,DJ Hussey,MJ Johnston,4,0,,,,,,"",""
ball,1,14.4,Melbourne Stars,BJ Hodge,DJ Hussey,MJ Johnston,6,0,,,,,,"",""
ball,1,14.5,Melbourne Stars,BJ Hodge,DJ Hussey,MJ Johnston,0,0,,,,,,"",""
ball,1,14.6,Melbourne Stars,BJ Hodge,DJ Hussey,MJ Johnston,0,0,,,,,,caught,BJ Hodge
ball,1,15.1,Melbourne Stars,CL White,DJ Hussey,J Botha,1,0,,,,,,"",""
ball,1,15.2,Melbourne Stars,DJ Hussey,CL White,J Botha,1,0,,,,,,"",""
ball,1,15.3,Melbourne Stars,CL White,DJ Hussey,J Botha,0,0,,,,,,"",""
ball,1,15.4,Melbourne Stars,CL White,DJ Hussey,J Botha,1,0,,,,,,"",""
ball,1,15.5,Melbourne Stars,DJ Hussey,CL White,J Botha,0,0,,,,,,caught,DJ Hussey
ball,1,15.6,Melbourne Stars,CL White,GJ Maxwell,J Botha,0,0,,,,,,"",""
ball,1,16.1,Melbourne Stars,GJ Maxwell,CL White,SW Tait,6,0,,,,,,"",""
ball,1,16.2,Melbourne Stars,GJ Maxwell,CL White,SW Tait,4,0,,,,,,"",""
ball,1,16.3,Melbourne Stars,GJ Maxwell,CL White,SW Tait,1,0,,,,,,"",""
ball,1,16.4,Melbourne Stars,CL White,GJ Maxwell,SW Tait,1,0,,,,,,"",""
ball,1,16.5,Melbourne Stars,GJ Maxwell,CL White,SW Tait,0,0,,,,,,"",""
ball,1,16.6,Melbourne Stars,GJ Maxwell,CL White,SW Tait,0,0,,,,,,bowled,GJ Maxwell
ball,1,17.1,Melbourne Stars,CL White,PSP Handscomb,KW Richardson,0,0,,,,,,"",""
ball,1,17.2,Melbourne Stars,CL White,PSP Handscomb,KW Richardson,0,0,,,,,,"",""
ball,1,17.3,Melbourne Stars,CL White,PSP Handscomb,KW Richardson,4,0,,,,,,"",""
ball,1,17.4,Melbourne Stars,CL White,PSP Handscomb,KW Richardson,1,0,,,,,,"",""
ball,1,17.5,Melbourne Stars,PSP Handscomb,CL White,KW Richardson,1,0,,,,,,"",""
ball,1,17.6,Melbourne Stars,CL White,PSP Handscomb,KW Richardson,0,0,,,,,,"",""
ball,1,18.1,Melbourne Stars,PSP Handscomb,CL White,SW Tait,1,0,,,,,,"",""
ball,1,18.2,Melbourne Stars,CL White,PSP Handscomb,SW Tait,4,0,,,,,,"",""
ball,1,18.3,Melbourne Stars,CL White,PSP Handscomb,SW Tait,1,0,,,,,,"",""
ball,1,18.4,Melbourne Stars,PSP Handscomb,CL White,SW Tait,0,1,,,,1,,"",""
ball,1,18.5,Melbourne Stars,CL White,PSP Handscomb,SW Tait,0,0,,,,,,bowled,CL White
ball,1,18.6,Melbourne Stars,JW Hastings,PSP Handscomb,SW Tait,0,0,,,,,,"",""
ball,1,19.1,Melbourne Stars,PSP Handscomb,JW Hastings,KW Richardson,1,0,,,,,,"",""
ball,1,19.2,Melbourne Stars,JW Hastings,PSP Handscomb,KW Richardson,0,0,,,,,,run out,JW Hastings
ball,1,19.3,Melbourne Stars,PSP Handscomb,CA Rose,KW Richardson,2,0,,,,,,"",""
ball,1,19.4,Melbourne Stars,PSP Handscomb,CA Rose,KW Richardson,1,0,,,,,,"",""
ball,1,19.5,Melbourne Stars,CA Rose,PSP Handscomb,KW Richardson,0,0,,,,,,caught,CA Rose
ball,1,19.6,Melbourne Stars,PSP Handscomb,CJ McKay,KW Richardson,1,0,,,,,,"",""
ball,2,0.1,Adelaide Strikers,M Klinger,TP Ludeman,CA Rose,0,0,,,,,,"",""
ball,2,0.2,Adelaide Strikers,M Klinger,TP Ludeman,CA Rose,1,0,,,,,,"",""
ball,2,0.3,Adelaide Strikers,TP Ludeman,M Klinger,CA Rose,0,0,,,,,,"",""
ball,2,0.4,Adelaide Strikers,TP Ludeman,M Klinger,CA Rose,0,0,,,,,,"",""
ball,2,0.5,Adelaide Strikers,TP Ludeman,M Klinger,CA Rose,2,0,,,,,,"",""
ball,2,0.6,Adelaide Strikers,TP Ludeman,M Klinger,CA Rose,0,0,,,,,,"",""
ball,2,1.1,Adelaide Strikers,M Klinger,TP Ludeman,CJ McKay,1,0,,,,,,"",""
ball,2,1.2,Adelaide Strikers,TP Ludeman,M Klinger,CJ McKay,0,1,1,,,,,"",""
ball,2,1.3,Adelaide Strikers,TP Ludeman,M Klinger,CJ McKay,6,0,,,,,,"",""
ball,2,1.4,Adelaide Strikers,TP Ludeman,M Klinger,CJ McKay,0,0,,,,,,"",""
ball,2,1.5,Adelaide Strikers,TP Ludeman,M Klinger,CJ McKay,0,0,,,,,,"",""
ball,2,1.6,Adelaide Strikers,TP Ludeman,M Klinger,CJ McKay,1,0,,,,,,"",""
ball,2,1.7,Adelaide Strikers,M Klinger,TP Ludeman,CJ McKay,0,0,,,,,,"",""
ball,2,2.1,Adelaide Strikers,TP Ludeman,M Klinger,JP Faulkner,2,0,,,,,,"",""
ball,2,2.2,Adelaide Strikers,TP Ludeman,M Klinger,JP Faulkner,0,0,,,,,,"",""
ball,2,2.3,Adelaide Strikers,TP Ludeman,M Klinger,JP Faulkner,1,0,,,,,,"",""
ball,2,2.4,Adelaide Strikers,M Klinger,TP Ludeman,JP Faulkner,1,0,,,,,,"",""
ball,2,2.5,Adelaide Strikers,TP Ludeman,M Klinger,JP Faulkner,0,0,,,,,,"",""
ball,2,2.6,Adelaide Strikers,TP Ludeman,M Klinger,JP Faulkner,6,0,,,,,,"",""
ball,2,3.1,Adelaide Strikers,M Klinger,TP Ludeman,CJ McKay,0,0,,,,,,"",""
ball,2,3.2,Adelaide Strikers,M Klinger,TP Ludeman,CJ McKay,6,0,,,,,,"",""
ball,2,3.3,Adelaide Strikers,M Klinger,TP Ludeman,CJ McKay,0,0,,,,,,"",""
ball,2,3.4,Adelaide Strikers,M Klinger,TP Ludeman,CJ McKay,2,0,,,,,,"",""
ball,2,3.5,Adelaide Strikers,M Klinger,TP Ludeman,CJ McKay,1,0,,,,,,"",""
ball,2,3.6,Adelaide Strikers,TP Ludeman,M Klinger,CJ McKay,3,0,,,,,,"",""
ball,2,4.1,Adelaide Strikers,TP Ludeman,M Klinger,SL Malinga,0,0,,,,,,"",""
ball,2,4.2,Adelaide Strikers,TP Ludeman,M Klinger,SL Malinga,0,0,,,,,,"",""
ball,2,4.3,Adelaide Strikers,TP Ludeman,M Klinger,SL Malinga,1,0,,,,,,"",""
ball,2,4.4,Adelaide Strikers,M Klinger,TP Ludeman,SL Malinga,2,0,,,,,,"",""
ball,2,4.5,Adelaide Strikers,M Klinger,TP Ludeman,SL Malinga,0,0,,,,,,"",""
ball,2,4.6,Adelaide Strikers,M Klinger,TP Ludeman,SL Malinga,0,0,,,,,,bowled,M Klinger
ball,2,5.1,Adelaide Strikers,TP Ludeman,CJ Ferguson,JW Hastings,1,0,,,,,,"",""
ball,2,5.2,Adelaide Strikers,CJ Ferguson,TP Ludeman,JW Hastings,4,0,,,,,,"",""
ball,2,5.3,Adelaide Strikers,CJ Ferguson,TP Ludeman,JW Hastings,4,0,,,,,,"",""
ball,2,5.4,Adelaide Strikers,CJ Ferguson,TP Ludeman,JW Hastings,0,0,,,,,,"",""
ball,2,5.5,Adelaide Strikers,CJ Ferguson,TP Ludeman,JW Hastings,1,0,,,,,,"",""
ball,2,5.6,Adelaide Strikers,TP Ludeman,CJ Ferguson,JW Hastings,0,1,1,,,,,"",""
ball,2,5.7,Adelaide Strikers,TP Ludeman,CJ Ferguson,JW Hastings,1,0,,,,,,"",""
ball,2,6.1,Adelaide Strikers,TP Ludeman,CJ Ferguson,JP Faulkner,6,0,,,,,,"",""
ball,2,6.2,Adelaide Strikers,TP Ludeman,CJ Ferguson,JP Faulkner,0,0,,,,,,caught,TP Ludeman
ball,2,6.3,Adelaide Strikers,CJ Ferguson,NJ Reardon,JP Faulkner,0,0,,,,,,"",""
ball,2,6.4,Adelaide Strikers,CJ Ferguson,NJ Reardon,JP Faulkner,1,0,,,,,,"",""
ball,2,6.5,Adelaide Strikers,NJ Reardon,CJ Ferguson,JP Faulkner,0,0,,,,,,"",""
ball,2,6.6,Adelaide Strikers,NJ Reardon,CJ Ferguson,JP Faulkner,2,0,,,,,,"",""
ball,2,7.1,Adelaide Strikers,CJ Ferguson,NJ Reardon,DJ Hussey,2,0,,,,,,"",""
ball,2,7.2,Adelaide Strikers,CJ Ferguson,NJ Reardon,DJ Hussey,2,0,,,,,,"",""
ball,2,7.3,Adelaide Strikers,CJ Ferguson,NJ Reardon,DJ Hussey,1,0,,,,,,"",""
ball,2,7.4,Adelaide Strikers,NJ Reardon,CJ Ferguson,DJ Hussey,2,0,,,,,,"",""
ball,2,7.5,Adelaide Strikers,NJ Reardon,CJ Ferguson,DJ Hussey,1,0,,,,,,"",""
ball,2,7.6,Adelaide Strikers,CJ Ferguson,NJ Reardon,DJ Hussey,1,0,,,,,,"",""
ball,2,8.1,Adelaide Strikers,CJ Ferguson,NJ Reardon,JW Hastings,1,0,,,,,,"",""
ball,2,8.2,Adelaide Strikers,NJ Reardon,CJ Ferguson,JW Hastings,2,0,,,,,,"",""
ball,2,8.3,Adelaide Strikers,NJ Reardon,CJ Ferguson,JW Hastings,0,0,,,,,,"",""
ball,2,8.4,Adelaide Strikers,NJ Reardon,CJ Ferguson,JW Hastings,0,0,,,,,,caught,NJ Reardon
ball,2,8.5,Adelaide Strikers,KA Pollard,CJ Ferguson,JW Hastings,0,0,,,,,,"",""
ball,2,8.6,Adelaide Strikers,KA Pollard,CJ Ferguson,JW Hastings,1,0,,,,,,"",""
ball,2,9.1,Adelaide Strikers,KA Pollard,CJ Ferguson,CA Rose,0,0,,,,,,"",""
ball,2,9.2,Adelaide Strikers,KA Pollard,CJ Ferguson,CA Rose,6,0,,,,,,"",""
ball,2,9.3,Adelaide Strikers,KA Pollard,CJ Ferguson,CA Rose,1,0,,,,,,"",""
ball,2,9.4,Adelaide Strikers,CJ Ferguson,KA Pollard,CA Rose,2,0,,,,,,"",""
ball,2,9.5,Adelaide Strikers,CJ Ferguson,KA Pollard,CA Rose,0,0,,,,,,"",""
ball,2,9.6,Adelaide Strikers,CJ Ferguson,KA Pollard,CA Rose,2,0,,,,,,"",""
ball,2,10.1,Adelaide Strikers,KA Pollard,CJ Ferguson,SL Malinga,0,0,,,,,,"",""
ball,2,10.2,Adelaide Strikers,KA Pollard,CJ Ferguson,SL Malinga,1,0,,,,,,"",""
ball,2,10.3,Adelaide Strikers,CJ Ferguson,KA Pollard,SL Malinga,1,0,,,,,,"",""
ball,2,10.4,Adelaide Strikers,KA Pollard,CJ Ferguson,SL Malinga,0,0,,,,,,"",""
ball,2,10.5,Adelaide Strikers,KA Pollard,CJ Ferguson,SL Malinga,0,0,,,,,,"",""
ball,2,10.6,Adelaide Strikers,KA Pollard,CJ Ferguson,SL Malinga,0,0,,,,,,"",""
ball,2,11.1,Adelaide Strikers,CJ Ferguson,KA Pollard,JP Faulkner,0,0,,,,,,"",""
ball,2,11.2,Adelaide Strikers,CJ Ferguson,KA Pollard,JP Faulkner,0,0,,,,,,"",""
ball,2,11.3,Adelaide Strikers,CJ Ferguson,KA Pollard,JP Faulkner,1,0,,,,,,"",""
ball,2,11.4,Adelaide Strikers,KA Pollard,CJ Ferguson,JP Faulkner,0,1,1,,,,,"",""
ball,2,11.5,Adelaide Strikers,KA Pollard,CJ Ferguson,JP Faulkner,1,0,,,,,,"",""
ball,2,11.6,Adelaide Strikers,CJ Ferguson,KA Pollard,JP Faulkner,4,0,,,,,,"",""
ball,2,11.7,Adelaide Strikers,CJ Ferguson,KA Pollard,JP Faulkner,1,0,,,,,,"",""
ball,2,12.1,Adelaide Strikers,CJ Ferguson,KA Pollard,JW Hastings,2,0,,,,,,"",""
ball,2,12.2,Adelaide Strikers,CJ Ferguson,KA Pollard,JW Hastings,0,0,,,,,,"",""
ball,2,12.3,Adelaide Strikers,CJ Ferguson,KA Pollard,JW Hastings,0,0,,,,,,"",""
ball,2,12.4,Adelaide Strikers,CJ Ferguson,KA Pollard,JW Hastings,1,0,,,,,,"",""
ball,2,12.5,Adelaide Strikers,KA Pollard,CJ Ferguson,JW Hastings,0,0,,,,,,"",""
ball,2,12.6,Adelaide Strikers,KA Pollard,CJ Ferguson,JW Hastings,1,0,,,,,,"",""
ball,2,13.1,Adelaide Strikers,KA Pollard,CJ Ferguson,CJ McKay,0,0,,,,,,"",""
ball,2,13.2,Adelaide Strikers,KA Pollard,CJ Ferguson,CJ McKay,0,1,1,,,,,"",""
ball,2,13.3,Adelaide Strikers,KA Pollard,CJ Ferguson,CJ McKay,0,0,,,,,,"",""
ball,2,13.4,Adelaide Strikers,KA Pollard,CJ Ferguson,CJ McKay,2,0,,,,,,"",""
ball,2,13.5,Adelaide Strikers,KA Pollard,CJ Ferguson,CJ McKay,0,0,,,,,,"",""
ball,2,13.6,Adelaide Strikers,KA Pollard,CJ Ferguson,CJ McKay,0,0,,,,,,"",""
ball,2,13.7,Adelaide Strikers,KA Pollard,CJ Ferguson,CJ McKay,1,0,,,,,,"",""
ball,2,14.1,Adelaide Strikers,KA Pollard,CJ Ferguson,SL Malinga,1,0,,,,,,"",""
ball,2,14.2,Adelaide Strikers,CJ Ferguson,KA Pollard,SL Malinga,1,0,,,,,,"",""
ball,2,14.3,Adelaide Strikers,KA Pollard,CJ Ferguson,SL Malinga,4,0,,,,,,"",""
ball,2,14.4,Adelaide Strikers,KA Pollard,CJ Ferguson,SL Malinga,1,0,,,,,,"",""
ball,2,14.5,Adelaide Strikers,CJ Ferguson,KA Pollard,SL Malinga,2,0,,,,,,"",""
ball,2,14.6,Adelaide Strikers,CJ Ferguson,KA Pollard,SL Malinga,1,0,,,,,,"",""
ball,2,15.1,Adelaide Strikers,CJ Ferguson,KA Pollard,JP Faulkner,0,0,,,,,,caught,CJ Ferguson
ball,2,15.2,Adelaide Strikers,KA Pollard,MJ Johnston,JP Faulkner,0,0,,,,,,"",""
ball,2,15.3,Adelaide Strikers,KA Pollard,MJ Johnston,JP Faulkner,4,0,,,,,,"",""
ball,2,15.4,Adelaide Strikers,KA Pollard,MJ Johnston,JP Faulkner,0,0,,,,,,"",""
ball,2,15.5,Adelaide Strikers,KA Pollard,MJ Johnston,JP Faulkner,0,0,,,,,,"",""
ball,2,15.6,Adelaide Strikers,KA Pollard,MJ Johnston,JP Faulkner,1,0,,,,,,"",""
ball,2,16.1,Adelaide Strikers,KA Pollard,MJ Johnston,CJ McKay,0,0,,,,,,"",""
ball,2,16.2,Adelaide Strikers,KA Pollard,MJ Johnston,CJ McKay,1,0,,,,,,"",""
ball,2,16.3,Adelaide Strikers,MJ Johnston,KA Pollard,CJ McKay,0,0,,,,,,"",""
ball,2,16.4,Adelaide Strikers,MJ Johnston,KA Pollard,CJ McKay,0,0,,,,,,"",""
ball,2,16.5,Adelaide Strikers,MJ Johnston,KA Pollard,CJ McKay,0,1,,,,1,,"",""
ball,2,16.6,Adelaide Strikers,KA Pollard,MJ Johnston,CJ McKay,1,0,,,,,,"",""
ball,2,17.1,Adelaide Strikers,KA Pollard,MJ Johnston,JW Hastings,2,0,,,,,,"",""
ball,2,17.2,Adelaide Strikers,KA Pollard,MJ Johnston,JW Hastings,6,0,,,,,,"",""
ball,2,17.3,Adelaide Strikers,KA Pollard,MJ Johnston,JW Hastings,4,0,,,,,,"",""
ball,2,17.4,Adelaide Strikers,KA Pollard,MJ Johnston,JW Hastings,1,0,,,,,,"",""
ball,2,17.5,Adelaide Strikers,MJ Johnston,KA Pollard,JW Hastings,2,0,,,,,,"",""
ball,2,17.6,Adelaide Strikers,MJ Johnston,KA Pollard,JW Hastings,2,0,,,,,,"",""
ball,2,18.1,Adelaide Strikers,KA Pollard,MJ Johnston,SL Malinga,1,0,,,,,,"",""
ball,2,18.2,Adelaide Strikers,MJ Johnston,KA Pollard,SL Malinga,2,0,,,,,,"",""
ball,2,18.3,Adelaide Strikers,MJ Johnston,KA Pollard,SL Malinga,1,0,,,,,,"",""
ball,2,18.4,Adelaide Strikers,KA Pollard,MJ Johnston,SL Malinga,0,3,3,,,,,"",""
ball,2,18.5,Adelaide Strikers,KA Pollard,MJ Johnston,SL Malinga,2,0,,,,,,"",""
ball,2,18.6,Adelaide Strikers,KA Pollard,MJ Johnston,SL Malinga,4,0,,,,,,"",""
ball,2,18.7,Adelaide Strikers,KA Pollard,MJ Johnston,SL Malinga,1,0,,,,,,"",""
ball,2,19.1,Adelaide Strikers,KA Pollard,MJ Johnston,CA Rose,1,0,,,,,,"",""
ball,2,19.2,Adelaide Strikers,MJ Johnston,KA Pollard,CA Rose,1,0,,,,,,"",""
ball,2,19.3,Adelaide Strikers,KA Pollard,MJ Johnston,CA Rose,4,0,,,,,,"",""
ball,2,19.4,Adelaide Strikers,KA Pollard,MJ Johnston,CA Rose,6,0,,,,,,"",""
ball,2,19.5,Adelaide Strikers,KA Pollard,MJ Johnston,CA Rose,0,0,,,,,,"",""
ball,2,19.6,Adelaide Strikers,KA Pollard,MJ Johnston,CA Rose,6,0,,,,,,"",""
