version,1.6.0
info,balls_per_over,6
info,team,Melbourne Renegades
info,team,Brisbane Heat
info,gender,male
info,season,2013/14
info,date,2013/12/30
info,event,Big Bash League
info,venue,Docklands Stadium
info,city,Melbourne
info,toss_winner,Melbourne Renegades
info,toss_decision,bat
info,player_of_match,AJ Finch
info,umpire,GC Joshua
info,umpire,SJ Nogajski
info,reserve_umpire,PJ Gillespie
info,tv_umpire,GA Abood
info,match_referee,RW Stratford
info,winner,Melbourne Renegades
info,winner_runs,57
info,player,Brisbane Heat,LA Pomersbach
info,player,Brisbane Heat,C Kieswetter
info,player,Brisbane Heat,JA Burns
info,player,Brisbane Heat,DT Christian
info,player,Brisbane Heat,CA Lynn
info,player,Brisbane Heat,BCJ Cutting
info,player,Brisbane Heat,PJ Forrest
info,player,Brisbane Heat,DL Vettori
info,player,Brisbane Heat,NM Hauritz
info,player,Brisbane Heat,CJ Gannon
info,player,Brisbane Heat,AC McDermott
info,player,Melbourne Renegades,AJ Doolan
info,player,Melbourne Renegades,AJ Finch
info,player,Melbourne Renegades,JC Buttler
info,player,Melbourne Renegades,TLW Cooper
info,player,Melbourne Renegades,BJ Rohrer
info,player,Melbourne Renegades,PM Nevill
info,player,Melbourne Renegades,NJ Rimmington
info,player,Melbourne Renegades,JL Pattinson
info,player,Melbourne Renegades,AW O'Brien
info,player,Melbourne Renegades,AL Fekete
info,player,Melbourne Renegades,M Muralitharan
info,registry,people,AC McDermott,956887b2
info,registry,people,AJ Doolan,36eafb02
info,registry,people,AJ Finch,b8d490fd
info,registry,people,AL Fekete,029c4618
info,registry,people,AW O'Brien,d29be810
info,registry,people,BCJ Cutting,2e11c706
info,registry,people,BJ Rohrer,27af6414
info,registry,people,C Kieswetter,1e960f2a
info,registry,people,CA Lynn,45eda7c8
info,registry,people,CJ Gannon,519c30cb
info,registry,people,DL Vettori,d7c6af50
info,registry,people,DT Christian,2a2e6343
info,registry,people,GA Abood,a4af5528
info,registry,people,GC Joshua,4c47ebf2
info,registry,people,JA Burns,7a5f232a
info,registry,people,JC Buttler,99b75528
info,registry,people,JL Pattinson,f752db61
info,registry,people,LA Pomersbach,b63ab531
info,registry,people,M Muralitharan,4ba44e19
info,registry,people,NJ Rimmington,6042bf26
info,registry,people,NM Hauritz,8ea6e670
info,registry,people,PJ Forrest,56c205b7
info,registry,people,PJ Gillespie,3e253a50
info,registry,people,PM Nevill,a22fb7b5
info,registry,people,RW Stratford,85489579
info,registry,people,SJ Nogajski,9b3f9323
info,registry,people,TLW Cooper,2318ba22
ball,1,0.1,Melbourne Renegades,AJ Doolan,AJ Finch,AC McDermott,0,0,,,,,,"",""
ball,1,0.2,Melbourne Renegades,AJ Doolan,AJ Finch,AC McDermott,0,0,,,,,,"",""
ball,1,0.3,Melbourne Renegades,AJ Doolan,AJ Finch,AC McDermott,1,0,,,,,,"",""
ball,1,0.4,Melbourne Renegades,AJ Finch,AJ Doolan,AC McDermott,2,0,,,,,,"",""
ball,1,0.5,Melbourne Renegades,AJ Finch,AJ Doolan,AC McDermott,1,0,,,,,,"",""
ball,1,0.6,Melbourne Renegades,AJ Doolan,AJ Finch,AC McDermott,4,0,,,,,,"",""
ball,1,1.1,Melbourne Renegades,AJ Finch,AJ Doolan,CJ Gannon,0,0,,,,,,"",""
ball,1,1.2,Melbourne Renegades,AJ Finch,AJ Doolan,CJ Gannon,1,0,,,,,,"",""
ball,1,1.3,Melbourne Renegades,AJ Doolan,AJ Finch,CJ Gannon,0,0,,,,,,"",""
ball,1,1.4,Melbourne Renegades,AJ Doolan,AJ Finch,CJ Gannon,1,0,,,,,,"",""
ball,1,1.5,Melbourne Renegades,AJ Finch,AJ Doolan,CJ Gannon,1,0,,,,,,"",""
ball,1,1.6,Melbourne Renegades,AJ Doolan,AJ Finch,CJ Gannon,0,0,,,,,,"",""
ball,1,2.1,Melbourne Renegades,AJ Finch,AJ Doolan,AC McDermott,0,0,,,,,,"",""
ball,1,2.2,Melbourne Renegades,AJ Finch,AJ Doolan,AC McDermott,0,0,,,,,,"",""
ball,1,2.3,Melbourne Renegades,AJ Finch,AJ Doolan,AC McDermott,0,0,,,,,,"",""
ball,1,2.4,Melbourne Renegades,AJ Finch,AJ Doolan,AC McDermott,1,0,,,,,,"",""
ball,1,2.5,Melbourne Renegades,AJ Doolan,AJ Finch,AC McDermott,1,0,,,,,,"",""
ball,1,2.6,Melbourne Renegades,AJ Finch,AJ Doolan,AC McDermott,0,0,,,,,,"",""
ball,1,3.1,Melbourne Renegades,AJ Doolan,AJ Finch,CJ Gannon,2,0,,,,,,"",""
ball,1,3.2,Melbourne Renegades,AJ Doolan,AJ Finch,CJ Gannon,1,0,,,,,,"",""
ball,1,3.3,Melbourne Renegades,AJ Finch,AJ Doolan,CJ Gannon,4,0,,,,,,"",""
ball,1,3.4,Melbourne Renegades,AJ Finch,AJ Doolan,CJ Gannon,0,0,,,,,,"",""
ball,1,3.5,Melbourne Renegades,AJ Finch,AJ Doolan,CJ Gannon,4,0,,,,,,"",""
ball,1,3.6,Melbourne Renegades,AJ Finch,AJ Doolan,CJ Gannon,2,0,,,,,,"",""
ball,1,4.1,Melbourne Renegades,AJ Doolan,AJ Finch,DT Christian,1,0,,,,,,"",""
ball,1,4.2,Melbourne Renegades,AJ Finch,AJ Doolan,DT Christian,4,0,,,,,,"",""
ball,1,4.3,Melbourne Renegades,AJ Finch,AJ Doolan,DT Christian,0,1,,,,1,,"",""
ball,1,4.4,Melbourne Renegades,AJ Doolan,AJ Finch,DT Christian,2,0,,,,,,"",""
ball,1,4.5,Melbourne Renegades,AJ Doolan,AJ Finch,DT Christian,0,0,,,,,,caught,AJ Doolan
ball,1,4.6,Melbourne Renegades,JC Buttler,AJ Finch,DT Christian,2,0,,,,,,"",""
ball,1,5.1,Melbourne Renegades,AJ Finch,JC Buttler,DL Vettori,1,0,,,,,,"",""
ball,1,5.2,Melbourne Renegades,JC Buttler,AJ Finch,DL Vettori,0,0,,,,,,"",""
ball,1,5.3,Melbourne Renegades,JC Buttler,AJ Finch,DL Vettori,2,0,,,,,,"",""
ball,1,5.4,Melbourne Renegades,JC Buttler,AJ Finch,DL Vettori,0,0,,,,,,"",""
ball,1,5.5,Melbourne Renegades,JC Buttler,AJ Finch,DL Vettori,0,0,,,,,,"",""
ball,1,5.6,Melbourne Renegades,JC Buttler,AJ Finch,DL Vettori,0,0,,,,,,"",""
ball,1,6.1,Melbourne Renegades,AJ Finch,JC Buttler,DT Christian,4,0,,,,,,"",""
ball,1,6.2,Melbourne Renegades,AJ Finch,JC Buttler,DT Christian,0,0,,,,,,"",""
ball,1,6.3,Melbourne Renegades,AJ Finch,JC Buttler,DT Christian,1,0,,,,,,"",""
ball,1,6.4,Melbourne Renegades,JC Buttler,AJ Finch,DT Christian,1,0,,,,,,"",""
ball,1,6.5,Melbourne Renegades,AJ Finch,JC Buttler,DT Christian,1,0,,,,,,"",""
ball,1,6.6,Melbourne Renegades,JC Buttler,AJ Finch,DT Christian,1,0,,,,,,"",""
ball,1,7.1,Melbourne Renegades,JC Buttler,AJ Finch,DL Vettori,1,0,,,,,,"",""
ball,1,7.2,Melbourne Renegades,AJ Finch,JC Buttler,DL Vettori,1,0,,,,,,"",""
ball,1,7.3,Melbourne Renegades,JC Buttler,AJ Finch,DL Vettori,0,0,,,,,,"",""
ball,1,7.4,Melbourne Renegades,JC Buttler,AJ Finch,DL Vettori,2,0,,,,,,"",""
ball,1,7.5,Melbourne Renegades,JC Buttler,AJ Finch,DL Vettori,1,0,,,,,,"",""
ball,1,7.6,Melbourne Renegades,AJ Finch,JC Buttler,DL Vettori,1,0,,,,,,"",""
ball,1,8.1,Melbourne Renegades,AJ Finch,JC Buttler,NM Hauritz,2,0,,,,,,"",""
ball,1,8.2,Melbourne Renegades,AJ Finch,JC Buttler,NM Hauritz,2,0,,,,,,"",""
ball,1,8.3,Melbourne Renegades,AJ Finch,JC Buttler,NM Hauritz,1,0,,,,,,"",""
ball,1,8.4,Melbourne Renegades,JC Buttler,AJ Finch,NM Hauritz,1,0,,,,,,"",""
ball,1,8.5,Melbourne Renegades,AJ Finch,JC Buttler,NM Hauritz,6,0,,,,,,"",""
ball,1,8.6,Melbourne Renegades,AJ Finch,JC Buttler,NM Hauritz,6,0,,,,,,"",""
ball,1,9.1,Melbourne Renegades,JC Buttler,AJ Finch,BCJ Cutting,1,0,,,,,,"",""
ball,1,9.2,Melbourne Renegades,AJ Finch,JC Buttler,BCJ Cutting,0,0,,,,,,"",""
ball,1,9.3,Melbourne Renegades,AJ Finch,JC Buttler,BCJ Cutting,1,0,,,,,,"",""
ball,1,9.4,Melbourne Renegades,JC Buttler,AJ Finch,BCJ Cutting,2,0,,,,,,"",""
ball,1,9.5,Melbourne Renegades,JC Buttler,AJ Finch,BCJ Cutting,2,0,,,,,,"",""
ball,1,9.6,Melbourne Renegades,JC Buttler,AJ Finch,BCJ Cutting,0,0,,,,,,"",""
ball,1,10.1,Melbourne Renegades,AJ Finch,JC Buttler,CJ Gannon,0,0,,,,,,"",""
ball,1,10.2,Melbourne Renegades,AJ Finch,JC Buttler,CJ Gannon,1,0,,,,,,"",""
ball,1,10.3,Melbourne Renegades,JC Buttler,AJ Finch,CJ Gannon,4,0,,,,,,"",""
ball,1,10.4,Melbourne Renegades,JC Buttler,AJ Finch,CJ Gannon,6,0,,,,,,"",""
ball,1,10.5,Melbourne Renegades,JC Buttler,AJ Finch,CJ Gannon,1,0,,,,,,"",""
ball,1,10.6,Melbourne Renegades,AJ Finch,JC Buttler,CJ Gannon,1,0,,,,,,"",""
ball,1,11.1,Melbourne Renegades,AJ Finch,JC Buttler,BCJ Cutting,1,0,,,,,,"",""
ball,1,11.2,Melbourne Renegades,JC Buttler,AJ Finch,BCJ Cutting,4,0,,,,,,"",""
ball,1,11.3,Melbourne Renegades,JC Buttler,AJ Finch,BCJ Cutting,6,0,,,,,,"",""
ball,1,11.4,Melbourne Renegades,JC Buttler,AJ Finch,BCJ Cutting,6,0,,,,,,"",""
ball,1,11.5,Melbourne Renegades,JC Buttler,AJ Finch,BCJ Cutting,2,0,,,,,,"",""
ball,1,11.6,Melbourne Renegades,JC Buttler,AJ Finch,BCJ Cutting,1,0,,,,,,"",""
ball,1,12.1,Melbourne Renegades,JC Buttler,AJ Finch,DT Christian,1,0,,,,,,"",""
ball,1,12.2,Melbourne Renegades,AJ Finch,JC Buttler,DT Christian,2,0,,,,,,"",""
ball,1,12.3,Melbourne Renegades,AJ Finch,JC Buttler,DT Christian,6,0,,,,,,"",""
ball,1,12.4,Melbourne Renegades,AJ Finch,JC Buttler,DT Christian,0,0,,,,,,"",""
ball,1,12.5,Melbourne Renegades,AJ Finch,JC Buttler,DT Christian,1,0,,,,,,"",""
ball,1,12.6,Melbourne Renegades,JC Buttler,AJ Finch,DT Christian,6,0,,,,,,"",""
ball,1,13.1,Melbourne Renegades,AJ Finch,JC Buttler,DL Vettori,1,0,,,,,,"",""
ball,1,13.2,Melbourne Renegades,JC Buttler,AJ Finch,DL Vettori,1,0,,,,,,"",""
ball,1,13.3,Melbourne Renegades,AJ Finch,JC Buttler,DL Vettori,0,1,1,,,,,"",""
ball,1,13.4,Melbourne Renegades,AJ Finch,JC Buttler,DL Vettori,2,0,,,,,,"",""
ball,1,13.5,Melbourne Renegades,AJ Finch,JC Buttler,DL Vettori,1,0,,,,,,"",""
ball,1,13.6,Melbourne Renegades,JC Buttler,AJ Finch,DL Vettori,1,0,,,,,,"",""
ball,1,13.7,Melbourne Renegades,AJ Finch,JC Buttler,DL Vettori,1,0,,,,,,"",""
ball,1,14.1,Melbourne Renegades,AJ Finch,JC Buttler,AC McDermott,1,0,,,,,,"",""
ball,1,14.2,Melbourne Renegades,JC Buttler,AJ Finch,AC McDermott,0,0,,,,,,"",""
ball,1,14.3,Melbourne Renegades,JC Buttler,AJ Finch,AC McDermott,0,0,,,,,,"",""
ball,1,14.4,Melbourne Renegades,JC Buttler,AJ Finch,AC McDermott,4,0,,,,,,"",""
ball,1,14.5,Melbourne Renegades,JC Buttler,AJ Finch,AC McDermott,0,0,,,,,,"",""
ball,1,14.6,Melbourne Renegades,JC Buttler,AJ Finch,AC McDermott,1,0,,,,,,"",""
ball,1,15.1,Melbourne Renegades,JC Buttler,AJ Finch,DL Vettori,1,0,,,,,,"",""
ball,1,15.2,Melbourne Renegades,AJ Finch,JC Buttler,DL Vettori,1,0,,,,,,"",""
ball,1,15.3,Melbourne Renegades,JC Buttler,AJ Finch,DL Vettori,0,0,,,,,,caught,JC Buttler
ball,1,15.4,Melbourne Renegades,AJ Finch,TLW Cooper,DL Vettori,1,0,,,,,,"",""
ball,1,15.5,Melbourne Renegades,TLW Cooper,AJ Finch,DL Vettori,0,0,,,,,,"",""
ball,1,15.6,Melbourne Renegades,TLW Cooper,AJ Finch,DL Vettori,0,0,,,,,,"",""
ball,1,16.1,Melbourne Renegades,AJ Finch,TLW Cooper,BCJ Cutting,4,0,,,,,,"",""
ball,1,16.2,Melbourne Renegades,AJ Finch,TLW Cooper,BCJ Cutting,4,0,,,,,,"",""
ball,1,16.3,Melbourne Renegades,AJ Finch,TLW Cooper,BCJ Cutting,1,0,,,,,,"",""
ball,1,16.4,Melbourne Renegades,TLW Cooper,AJ Finch,BCJ Cutting,1,0,,,,,,"",""
ball,1,16.5,Melbourne Renegades,AJ Finch,TLW Cooper,BCJ Cutting,4,0,,,,,,"",""
ball,1,16.6,Melbourne Renegades,AJ Finch,TLW Cooper,BCJ Cutting,1,0,,,,,,"",""
ball,1,17.1,Melbourne Renegades,AJ Finch,TLW Cooper,DT Christian,0,0,,,,,,caught,AJ Finch
ball,1,17.2,Melbourne Renegades,TLW Cooper,BJ Rohrer,DT Christian,2,0,,,,,,"",""
ball,1,17.3,Melbourne Renegades,TLW Cooper,BJ Rohrer,DT Christian,1,0,,,,,,"",""
ball,1,17.4,Melbourne Renegades,BJ Rohrer,TLW Cooper,DT Christian,1,0,,,,,,"",""
ball,1,17.5,Melbourne Renegades,TLW Cooper,BJ Rohrer,DT Christian,2,0,,,,,,"",""
ball,1,17.6,Melbourne Renegades,TLW Cooper,BJ Rohrer,DT Christian,4,0,,,,,,"",""
ball,1,18.1,Melbourne Renegades,BJ Rohrer,TLW Cooper,AC McDermott,1,0,,,,,,"",""
ball,1,18.2,Melbourne Renegades,TLW Cooper,BJ Rohrer,AC McDermott,2,0,,,,,,"",""
ball,1,18.3,Melbourne Renegades,TLW Cooper,BJ Rohrer,AC McDermott,1,0,,,,,,"",""
ball,1,18.4,Melbourne Renegades,BJ Rohrer,TLW Cooper,AC McDermott,6,1,,1,,,,"",""
ball,1,18.5,Melbourne Renegades,BJ Rohrer,TLW Cooper,AC McDermott,6,1,,1,,,,"",""
ball,1,18.6,Melbourne Renegades,BJ Rohrer,TLW Cooper,BCJ Cutting,2,0,,,,,,"",""
ball,1,18.7,Melbourne Renegades,BJ Rohrer,TLW Cooper,BCJ Cutting,2,0,,,,,,"",""
ball,1,18.8,Melbourne Renegades,BJ Rohrer,TLW Cooper,BCJ Cutting,6,0,,,,,,"",""
ball,1,19.1,Melbourne Renegades,TLW Cooper,BJ Rohrer,CJ Gannon,1,0,,,,,,"",""
ball,1,19.2,Melbourne Renegades,BJ Rohrer,TLW Cooper,CJ Gannon,1,0,,,,,,"",""
ball,1,19.3,Melbourne Renegades,TLW Cooper,BJ Rohrer,CJ Gannon,1,0,,,,,,"",""
ball,1,19.4,Melbourne Renegades,BJ Rohrer,TLW Cooper,CJ Gannon,4,0,,,,,,"",""
ball,1,19.5,Melbourne Renegades,BJ Rohrer,TLW Cooper,CJ Gannon,6,0,,,,,,"",""
ball,1,19.6,Melbourne Renegades,BJ Rohrer,TLW Cooper,CJ Gannon,1,0,,,,,,"",""
ball,2,0.1,Brisbane Heat,LA Pomersbach,C Kieswetter,AW O'Brien,0,0,,,,,,"",""
ball,2,0.2,Brisbane Heat,LA Pomersbach,C Kieswetter,AW O'Brien,0,0,,,,,,"",""
ball,2,0.3,Brisbane Heat,LA Pomersbach,C Kieswetter,AW O'Brien,1,0,,,,,,"",""
ball,2,0.4,Brisbane Heat,C Kieswetter,LA Pomersbach,AW O'Brien,1,0,,,,,,"",""
ball,2,0.5,Brisbane Heat,LA Pomersbach,C Kieswetter,AW O'Brien,1,0,,,,,,"",""
ball,2,0.6,Brisbane Heat,C Kieswetter,LA Pomersbach,AW O'Brien,1,0,,,,,,"",""
ball,2,1.1,Brisbane Heat,C Kieswetter,LA Pomersbach,JL Pattinson,0,1,1,,,,,"",""
ball,2,1.2,Brisbane Heat,C Kieswetter,LA Pomersbach,JL Pattinson,0,1,1,,,,,"",""
ball,2,1.3,Brisbane Heat,C Kieswetter,LA Pomersbach,JL Pattinson,1,0,,,,,,"",""
ball,2,1.4,Brisbane Heat,LA Pomersbach,C Kieswetter,JL Pattinson,0,0,,,,,,"",""
ball,2,1.5,Brisbane Heat,LA Pomersbach,C Kieswetter,JL Pattinson,0,0,,,,,,"",""
ball,2,1.6,Brisbane Heat,LA Pomersbach,C Kieswetter,JL Pattinson,0,0,,,,,,"",""
ball,2,1.7,Brisbane Heat,LA Pomersbach,C Kieswetter,JL Pattinson,0,0,,,,,,"",""
ball,2,1.8,Brisbane Heat,LA Pomersbach,C Kieswetter,JL Pattinson,0,0,,,,,,"",""
ball,2,2.1,Brisbane Heat,C Kieswetter,LA Pomersbach,AL Fekete,0,1,1,,,,,"",""
ball,2,2.2,Brisbane Heat,C Kieswetter,LA Pomersbach,AL Fekete,6,0,,,,,,"",""
ball,2,2.3,Brisbane Heat,C Kieswetter,LA Pomersbach,AL Fekete,1,0,,,,,,"",""
ball,2,2.4,Brisbane Heat,LA Pomersbach,C Kieswetter,AL Fekete,0,0,,,,,,"",""
ball,2,2.5,Brisbane Heat,LA Pomersbach,C Kieswetter,AL Fekete,4,0,,,,,,"",""
ball,2,2.6,Brisbane Heat,LA Pomersbach,C Kieswetter,AL Fekete,4,0,,,,,,"",""
ball,2,2.7,Brisbane Heat,LA Pomersbach,C Kieswetter,AL Fekete,0,0,,,,,,"",""
ball,2,3.1,Brisbane Heat,C Kieswetter,LA Pomersbach,JL Pattinson,0,0,,,,,,caught,C Kieswetter
ball,2,3.2,Brisbane Heat,JA Burns,LA Pomersbach,JL Pattinson,1,0,,,,,,"",""
ball,2,3.3,Brisbane Heat,LA Pomersbach,JA Burns,JL Pattinson,4,0,,,,,,"",""
ball,2,3.4,Brisbane Heat,LA Pomersbach,JA Burns,JL Pattinson,0,0,,,,,,"",""
ball,2,3.5,Brisbane Heat,LA Pomersbach,JA Burns,JL Pattinson,0,0,,,,,,"",""
ball,2,3.6,Brisbane Heat,LA Pomersbach,JA Burns,JL Pattinson,0,0,,,,,,"",""
ball,2,4.1,Brisbane Heat,JA Burns,LA Pomersbach,AL Fekete,0,0,,,,,,"",""
ball,2,4.2,Brisbane Heat,JA Burns,LA Pomersbach,AL Fekete,1,0,,,,,,"",""
ball,2,4.3,Brisbane Heat,LA Pomersbach,JA Burns,AL Fekete,1,0,,,,,,"",""
ball,2,4.4,Brisbane Heat,JA Burns,LA Pomersbach,AL Fekete,1,0,,,,,,"",""
ball,2,4.5,Brisbane Heat,LA Pomersbach,JA Burns,AL Fekete,1,0,,,,,,"",""
ball,2,4.6,Brisbane Heat,JA Burns,LA Pomersbach,AL Fekete,1,0,,,,,,"",""
ball,2,5.1,Brisbane Heat,JA Burns,LA Pomersbach,NJ Rimmington,4,0,,,,,,"",""
ball,2,5.2,Brisbane Heat,JA Burns,LA Pomersbach,NJ Rimmington,0,0,,,,,,"",""
ball,2,5.3,Brisbane Heat,JA Burns,LA Pomersbach,NJ Rimmington,0,0,,,,,,"",""
ball,2,5.4,Brisbane Heat,JA Burns,LA Pomersbach,NJ Rimmington,4,0,,,,,,"",""
ball,2,5.5,Brisbane Heat,JA Burns,LA Pomersbach,NJ Rimmington,1,0,,,,,,"",""
ball,2,5.6,Brisbane Heat,LA Pomersbach,JA Burns,NJ Rimmington,0,0,,,,,,"",""
ball,2,6.1,Brisbane Heat,JA Burns,LA Pomersbach,M Muralitharan,1,0,,,,,,"",""
ball,2,6.2,Brisbane Heat,LA Pomersbach,JA Burns,M Muralitharan,0,0,,,,,,"",""
ball,2,6.3,Brisbane Heat,LA Pomersbach,JA Burns,M Muralitharan,0,0,,,,,,"",""
ball,2,6.4,Brisbane Heat,LA Pomersbach,JA Burns,M Muralitharan,1,0,,,,,,"",""
ball,2,6.5,Brisbane Heat,JA Burns,LA Pomersbach,M Muralitharan,1,0,,,,,,"",""
ball,2,6.6,Brisbane Heat,LA Pomersbach,JA Burns,M Muralitharan,1,0,,,,,,"",""
ball,2,7.1,Brisbane Heat,LA Pomersbach,JA Burns,TLW Cooper,1,0,,,,,,"",""
ball,2,7.2,Brisbane Heat,JA Burns,LA Pomersbach,TLW Cooper,0,0,,,,,,"",""
ball,2,7.3,Brisbane Heat,JA Burns,LA Pomersbach,TLW Cooper,1,0,,,,,,"",""
ball,2,7.4,Brisbane Heat,LA Pomersbach,JA Burns,TLW Cooper,0,0,,,,,,"",""
ball,2,7.5,Brisbane Heat,LA Pomersbach,JA Burns,TLW Cooper,0,0,,,,,,"",""
ball,2,7.6,Brisbane Heat,LA Pomersbach,JA Burns,TLW Cooper,1,0,,,,,,"",""
ball,2,8.1,Brisbane Heat,LA Pomersbach,JA Burns,AW O'Brien,1,0,,,,,,"",""
ball,2,8.2,Brisbane Heat,JA Burns,LA Pomersbach,AW O'Brien,2,0,,,,,,"",""
ball,2,8.3,Brisbane Heat,JA Burns,LA Pomersbach,AW O'Brien,1,0,,,,,,"",""
ball,2,8.4,Brisbane Heat,LA Pomersbach,JA Burns,AW O'Brien,0,0,,,,,,bowled,LA Pomersbach
ball,2,8.5,Brisbane Heat,DT Christian,JA Burns,AW O'Brien,0,0,,,,,,"",""
ball,2,8.6,Brisbane Heat,DT Christian,JA Burns,AW O'Brien,2,0,,,,,,"",""
ball,2,9.1,Brisbane Heat,JA Burns,DT Christian,M Muralitharan,1,0,,,,,,"",""
ball,2,9.2,Brisbane Heat,DT Christian,JA Burns,M Muralitharan,1,0,,,,,,"",""
ball,2,9.3,Brisbane Heat,JA Burns,DT Christian,M Muralitharan,1,0,,,,,,"",""
ball,2,9.4,Brisbane Heat,DT Christian,JA Burns,M Muralitharan,0,0,,,,,,"",""
ball,2,9.5,Brisbane Heat,DT Christian,JA Burns,M Muralitharan,1,0,,,,,,"",""
ball,2,9.6,Brisbane Heat,JA Burns,DT Christian,M Muralitharan,1,0,,,,,,"",""
ball,2,10.1,Brisbane Heat,JA Burns,DT Christian,AJ Finch,2,0,,,,,,"",""
ball,2,10.2,Brisbane Heat,JA Burns,DT Christian,AJ Finch,6,0,,,,,,"",""
ball,2,10.3,Brisbane Heat,JA Burns,DT Christian,AJ Finch,1,0,,,,,,"",""
ball,2,10.4,Brisbane Heat,DT Christian,JA Burns,AJ Finch,2,0,,,,,,"",""
ball,2,10.5,Brisbane Heat,DT Christian,JA Burns,AJ Finch,0,0,,,,,,"",""
ball,2,10.6,Brisbane Heat,DT Christian,JA Burns,AJ Finch,2,0,,,,,,"",""
ball,2,11.1,Brisbane Heat,JA Burns,DT Christian,AW O'Brien,1,0,,,,,,"",""
ball,2,11.2,Brisbane Heat,DT Christian,JA Burns,AW O'Brien,1,0,,,,,,"",""
ball,2,11.3,Brisbane Heat,JA Burns,DT Christian,AW O'Brien,2,0,,,,,,"",""
ball,2,11.4,Brisbane Heat,JA Burns,DT Christian,AW O'Brien,1,0,,,,,,"",""
ball,2,11.5,Brisbane Heat,DT Christian,JA Burns,AW O'Brien,1,0,,,,,,"",""
ball,2,11.6,Brisbane Heat,JA Burns,DT Christian,AW O'Brien,1,0,,,,,,"",""
ball,2,12.1,Brisbane Heat,JA Burns,DT Christian,NJ Rimmington,0,0,,,,,,caught,JA Burns
ball,2,12.2,Brisbane Heat,DT Christian,CA Lynn,NJ Rimmington,0,0,,,,,,bowled,DT Christian
ball,2,12.3,Brisbane Heat,BCJ Cutting,CA Lynn,NJ Rimmington,1,0,,,,,,"",""
ball,2,12.4,Brisbane Heat,CA Lynn,BCJ Cutting,NJ Rimmington,1,0,,,,,,"",""
ball,2,12.5,Brisbane Heat,BCJ Cutting,CA Lynn,NJ Rimmington,1,0,,,,,,"",""
ball,2,12.6,Brisbane Heat,CA Lynn,BCJ Cutting,NJ Rimmington,0,0,,,,,,"",""
ball,2,13.1,Brisbane Heat,BCJ Cutting,CA Lynn,M Muralitharan,1,0,,,,,,"",""
ball,2,13.2,Brisbane Heat,CA Lynn,BCJ Cutting,M Muralitharan,1,0,,,,,,"",""
ball,2,13.3,Brisbane Heat,BCJ Cutting,CA Lynn,M Muralitharan,2,0,,,,,,"",""
ball,2,13.4,Brisbane Heat,BCJ Cutting,CA Lynn,M Muralitharan,1,0,,,,,,"",""
ball,2,13.5,Brisbane Heat,CA Lynn,BCJ Cutting,M Muralitharan,0,0,,,,,,bowled,CA Lynn
ball,2,13.6,Brisbane Heat,PJ Forrest,BCJ Cutting,M Muralitharan,0,0,,,,,,"",""
ball,2,14.1,Brisbane Heat,BCJ Cutting,PJ Forrest,AW O'Brien,6,0,,,,,,"",""
ball,2,14.2,Brisbane Heat,BCJ Cutting,PJ Forrest,AW O'Brien,1,0,,,,,,"",""
ball,2,14.3,Brisbane Heat,PJ Forrest,BCJ Cutting,AW O'Brien,1,0,,,,,,"",""
ball,2,14.4,Brisbane Heat,BCJ Cutting,PJ Forrest,AW O'Brien,0,0,,,,,,"",""
ball,2,14.5,Brisbane Heat,BCJ Cutting,PJ Forrest,AW O'Brien,1,0,,,,,,"",""
ball,2,14.6,Brisbane Heat,PJ Forrest,BCJ Cutting,AW O'Brien,0,0,,,,,,caught,PJ Forrest
ball,2,15.1,Brisbane Heat,BCJ Cutting,DL Vettori,M Muralitharan,6,0,,,,,,"",""
ball,2,15.2,Brisbane Heat,BCJ Cutting,DL Vettori,M Muralitharan,1,0,,,,,,"",""
ball,2,15.3,Brisbane Heat,DL Vettori,BCJ Cutting,M Muralitharan,1,0,,,,,,"",""
ball,2,15.4,Brisbane Heat,BCJ Cutting,DL Vettori,M Muralitharan,6,0,,,,,,"",""
ball,2,15.5,Brisbane Heat,BCJ Cutting,DL Vettori,M Muralitharan,0,0,,,,,,"",""
ball,2,15.6,Brisbane Heat,BCJ Cutting,DL Vettori,M Muralitharan,1,0,,,,,,"",""
ball,2,16.1,Brisbane Heat,BCJ Cutting,DL Vettori,JL Pattinson,0,0,,,,,,"",""
ball,2,16.2,Brisbane Heat,BCJ Cutting,DL Vettori,JL Pattinson,6,0,,,,,,"",""
ball,2,16.3,Brisbane Heat,BCJ Cutting,DL Vettori,JL Pattinson,0,1,1,,,,,"",""
ball,2,16.4,Brisbane Heat,BCJ Cutting,DL Vettori,JL Pattinson,6,0,,,,,,"",""
ball,2,16.5,Brisbane Heat,BCJ Cutting,DL Vettori,JL Pattinson,0,1,1,,,,,"",""
ball,2,16.6,Brisbane Heat,BCJ Cutting,DL Vettori,JL Pattinson,0,0,,,,,,"",""
ball,2,16.7,Brisbane Heat,BCJ Cutting,DL Vettori,JL Pattinson,0,0,,,,,,caught,BCJ Cutting
ball,2,16.8,Brisbane Heat,NM Hauritz,DL Vettori,JL Pattinson,1,0,,,,,,"",""
ball,2,17.1,Brisbane Heat,NM Hauritz,DL Vettori,NJ Rimmington,1,0,,,,,,"",""
ball,2,17.2,Brisbane Heat,DL Vettori,NM Hauritz,NJ Rimmington,2,0,,,,,,"",""
ball,2,17.3,Brisbane Heat,DL Vettori,NM Hauritz,NJ Rimmington,2,0,,,,,,"",""
ball,2,17.4,Brisbane Heat,DL Vettori,NM Hauritz,NJ Rimmington,1,0,,,,,,"",""
ball,2,17.5,Brisbane Heat,NM Hauritz,DL Vettori,NJ Rimmington,1,0,,,,,,"",""
ball,2,17.6,Brisbane Heat,DL Vettori,NM Hauritz,NJ Rimmington,0,3,3,,,,,"",""
ball,2,17.7,Brisbane Heat,DL Vettori,NM Hauritz,NJ Rimmington,0,0,,,,,,run out,NM Hauritz
ball,2,18.1,Brisbane Heat,DL Vettori,CJ Gannon,JL Pattinson,2,0,,,,,,"",""
ball,2,18.2,Brisbane Heat,DL Vettori,CJ Gannon,JL Pattinson,6,0,,,,,,"",""
ball,2,18.3,Brisbane Heat,DL Vettori,CJ Gannon,JL Pattinson,0,0,,,,,,"",""
ball,2,18.4,Brisbane Heat,DL Vettori,CJ Gannon,JL Pattinson,0,5,5,,,,,"",""
ball,2,18.5,Brisbane Heat,DL Vettori,CJ Gannon,JL Pattinson,0,1,,,,1,,"",""
ball,2,18.6,Brisbane Heat,CJ Gannon,DL Vettori,JL Pattinson,0,0,,,,,,"",""
ball,2,18.7,Brisbane Heat,CJ Gannon,DL Vettori,JL Pattinson,0,0,,,,,,bowled,CJ Gannon
ball,2,19.1,Brisbane Heat,DL Vettori,AC McDermott,NJ Rimmington,0,1,1,,,,,"",""
ball,2,19.2,Brisbane Heat,DL Vettori,AC McDermott,NJ Rimmington,0,0,,,,,,"",""
ball,2,19.3,Brisbane Heat,DL Vettori,AC McDermott,NJ Rimmington,1,0,,,,,,run out,DL Vettori
