version,1.6.0
info,balls_per_over,6
info,team,Sydney Sixers
info,team,Melbourne Stars
info,gender,male
info,season,2013/14
info,date,2013/12/29
info,event,Big Bash League
info,venue,Sydney Cricket Ground
info,city,
info,toss_winner,Sydney Sixers
info,toss_decision,field
info,player_of_match,GJ Maxwell
info,umpire,AJ Barrow
info,umpire,MW Graham-Smith
info,reserve_umpire,AK Wilds
info,tv_umpire,SD Fry
info,match_referee,SR Bernard
info,winner,Melbourne Stars
info,winner_runs,77
info,player,Melbourne Stars,CL White
info,player,Melbourne Stars,LJ Wright
info,player,Melbourne Stars,MS Wade
info,player,Melbourne Stars,BJ Hodge
info,player,Melbourne Stars,DJ Hussey
info,player,Melbourne Stars,GJ Maxwell
info,player,Melbourne Stars,JP Faulkner
info,player,Melbourne Stars,JW Hastings
info,player,Melbourne Stars,CJ McKay
info,player,Melbourne Stars,SL Malinga
info,player,Melbourne Stars,JM Bird
info,player,Sydney Sixers,MJ Lumb
info,player,Sydney Sixers,NJ Maddinson
info,player,Sydney Sixers,MJ North
info,player,Sydney Sixers,RS Bopara
info,player,Sydney Sixers,MC Henriques
info,player,Sydney Sixers,JC Silk
info,player,Sydney Sixers,DLR Smith
info,player,Sydney Sixers,SNJ O'Keefe
info,player,Sydney Sixers,B Lee
info,player,Sydney Sixers,JK Lalor
info,player,Sydney Sixers,JR Hazlewood
info,registry,people,AJ Barrow,a67aa9df
info,registry,people,AK Wilds,de412f40
info,registry,people,B Lee,dd09ff8e
info,registry,people,BJ Hodge,b57f8a9a
info,registry,people,CJ McKay,94eac556
info,registry,people,CL White,d0513f63
info,registry,people,DJ Hussey,fd835ab3
info,registry,people,DLR Smith,0c5c3a87
info,registry,people,GJ Maxwell,b681e71e
info,registry,people,JC Silk,7a6dc294
info,registry,people,JK Lalor,88209c84
info,registry,people,JM Bird,bc773eeb
info,registry,people,JP Faulkner,808f425a
info,registry,people,JR Hazlewood,03806cf8
info,registry,people,JW Hastings,012829ff
info,registry,people,LJ Wright,cca50cd6
info,registry,people,MC Henriques,32198ae0
info,registry,people,MJ Lumb,11df3dc8
info,registry,people,MJ North,99464591
info,registry,people,MS Wade,afa7e784
info,registry,people,MW Graham-Smith,18aca3ce
info,registry,people,NJ Maddinson,44afbf2d
info,registry,people,RS Bopara,7ca5e05d
info,registry,people,SD Fry,6b725ed1
info,registry,people,SL Malinga,a12e1d51
info,registry,people,SNJ O'Keefe,3540beff
info,registry,people,SR Bernard,800187dc
ball,1,0.1,Melbourne Stars,CL White,LJ Wright,B Lee,1,0,,,,,,"",""
ball,1,0.2,Melbourne Stars,LJ Wright,CL White,B Lee,0,1,1,,,,,"",""
ball,1,0.3,Melbourne Stars,LJ Wright,CL White,B Lee,0,0,,,,,,"",""
ball,1,0.4,Melbourne Stars,LJ Wright,CL White,B Lee,4,0,,,,,,"",""
ball,1,0.5,Melbourne Stars,LJ Wright,CL White,B Lee,4,0,,,,,,"",""
ball,1,0.6,Melbourne Stars,LJ Wright,CL White,B Lee,2,0,,,,,,"",""
ball,1,0.7,Melbourne Stars,LJ Wright,CL White,B Lee,0,0,,,,,,"",""
ball,1,1.1,Melbourne Stars,CL White,LJ Wright,JR Hazlewood,1,0,,,,,,"",""
ball,1,1.2,Melbourne Stars,LJ Wright,CL White,JR Hazlewood,0,0,,,,,,"",""
ball,1,1.3,Melbourne Stars,LJ Wright,CL White,JR Hazlewood,0,0,,,,,,"",""
ball,1,1.4,Melbourne Stars,LJ Wright,CL White,JR Hazlewood,4,0,,,,,,"",""
ball,1,1.5,Melbourne Stars,LJ Wright,CL White,JR Hazlewood,4,0,,,,,,"",""
ball,1,1.6,Melbourne Stars,LJ Wright,CL White,JR Hazlewood,0,0,,,,,,"",""
ball,1,2.1,Melbourne Stars,CL White,LJ Wright,B Lee,0,1,1,,,,,"",""
ball,1,2.2,Melbourne Stars,CL White,LJ Wright,B Lee,0,2,,,,2,,"",""
ball,1,2.3,Melbourne Stars,CL White,LJ Wright,B Lee,1,0,,,,,,"",""
ball,1,2.4,Melbourne Stars,LJ Wright,CL White,B Lee,6,0,,,,,,"",""
ball,1,2.5,Melbourne Stars,LJ Wright,CL White,B Lee,0,0,,,,,,"",""
ball,1,2.6,Melbourne Stars,LJ Wright,CL White,B Lee,4,1,,1,,,,"",""
ball,1,2.7,Melbourne Stars,LJ Wright,CL White,B Lee,0,0,,,,,,"",""
ball,1,2.8,Melbourne Stars,LJ Wright,CL White,B Lee,0,0,,,,,,"",""
ball,1,3.1,Melbourne Stars,CL White,LJ Wright,SNJ O'Keefe,1,0,,,,,,"",""
ball,1,3.2,Melbourne Stars,LJ Wright,CL White,SNJ O'Keefe,0,0,,,,,,"",""
ball,1,3.3,Melbourne Stars,LJ Wright,CL White,SNJ O'Keefe,0,0,,,,,,stumped,LJ Wright
ball,1,3.4,Melbourne Stars,MS Wade,CL White,SNJ O'Keefe,0,0,,,,,,"",""
ball,1,3.5,Melbourne Stars,MS Wade,CL White,SNJ O'Keefe,4,0,,,,,,"",""
ball,1,3.6,Melbourne Stars,MS Wade,CL White,SNJ O'Keefe,0,0,,,,,,"",""
ball,1,4.1,Melbourne Stars,CL White,MS Wade,JK Lalor,0,0,,,,,,"",""
ball,1,4.2,Melbourne Stars,CL White,MS Wade,JK Lalor,0,0,,,,,,"",""
ball,1,4.3,Melbourne Stars,CL White,MS Wade,JK Lalor,0,0,,,,,,"",""
ball,1,4.4,Melbourne Stars,CL White,MS Wade,JK Lalor,0,0,,,,,,"",""
ball,1,4.5,Melbourne Stars,CL White,MS Wade,JK Lalor,4,0,,,,,,"",""
ball,1,4.6,Melbourne Stars,CL White,MS Wade,JK Lalor,1,0,,,,,,"",""
ball,1,5.1,Melbourne Stars,CL White,MS Wade,JR Hazlewood,0,0,,,,,,bowled,CL White
ball,1,5.2,Melbourne Stars,BJ Hodge,MS Wade,JR Hazlewood,0,0,,,,,,"",""
ball,1,5.3,Melbourne Stars,BJ Hodge,MS Wade,JR Hazlewood,0,0,,,,,,caught,BJ Hodge
ball,1,5.4,Melbourne Stars,DJ Hussey,MS Wade,JR Hazlewood,0,0,,,,,,"",""
ball,1,5.5,Melbourne Stars,DJ Hussey,MS Wade,JR Hazlewood,0,0,,,,,,"",""
ball,1,5.6,Melbourne Stars,DJ Hussey,MS Wade,JR Hazlewood,1,0,,,,,,"",""
ball,1,6.1,Melbourne Stars,DJ Hussey,MS Wade,JK Lalor,1,0,,,,,,"",""
ball,1,6.2,Melbourne Stars,MS Wade,DJ Hussey,JK Lalor,1,0,,,,,,"",""
ball,1,6.3,Melbourne Stars,DJ Hussey,MS Wade,JK Lalor,1,0,,,,,,"",""
ball,1,6.4,Melbourne Stars,MS Wade,DJ Hussey,JK Lalor,0,1,1,,,,,"",""
ball,1,6.5,Melbourne Stars,MS Wade,DJ Hussey,JK Lalor,0,0,,,,,,"",""
ball,1,6.6,Melbourne Stars,MS Wade,DJ Hussey,JK Lalor,0,0,,,,,,"",""
ball,1,6.7,Melbourne Stars,MS Wade,DJ Hussey,JK Lalor,3,0,,,,,,"",""
ball,1,7.1,Melbourne Stars,MS Wade,DJ Hussey,MC Henriques,1,0,,,,,,"",""
ball,1,7.2,Melbourne Stars,DJ Hussey,MS Wade,MC Henriques,1,0,,,,,,"",""
ball,1,7.3,Melbourne Stars,MS Wade,DJ Hussey,MC Henriques,1,0,,,,,,"",""
ball,1,7.4,Melbourne Stars,DJ Hussey,MS Wade,MC Henriques,0,5,5,,,,,"",""
ball,1,7.5,Melbourne Stars,DJ Hussey,MS Wade,MC Henriques,4,0,,,,,,"",""
ball,1,7.6,Melbourne Stars,DJ Hussey,MS Wade,MC Henriques,0,2,,,,2,,"",""
ball,1,7.7,Melbourne Stars,DJ Hussey,MS Wade,MC Henriques,0,0,,,,,,"",""
ball,1,8.1,Melbourne Stars,MS Wade,DJ Hussey,RS Bopara,1,0,,,,,,"",""
ball,1,8.2,Melbourne Stars,DJ Hussey,MS Wade,RS Bopara,0,0,,,,,,"",""
ball,1,8.3,Melbourne Stars,DJ Hussey,MS Wade,RS Bopara,1,0,,,,,,"",""
ball,1,8.4,Melbourne Stars,MS Wade,DJ Hussey,RS Bopara,1,0,,,,,,"",""
ball,1,8.5,Melbourne Stars,DJ Hussey,MS Wade,RS Bopara,1,0,,,,,,"",""
ball,1,8.6,Melbourne Stars,MS Wade,DJ Hussey,RS Bopara,0,1,1,,,,,"",""
ball,1,8.7,Melbourne Stars,MS Wade,DJ Hussey,RS Bopara,0,1,1,,,,,"",""
ball,1,8.8,Melbourne Stars,MS Wade,DJ Hussey,RS Bopara,0,1,1,,,,,"",""
ball,1,8.9,Melbourne Stars,MS Wade,DJ Hussey,RS Bopara,2,0,,,,,,"",""
ball,1,9.1,Melbourne Stars,DJ Hussey,MS Wade,MC Henriques,4,0,,,,,,"",""
ball,1,9.2,Melbourne Stars,DJ Hussey,MS Wade,MC Henriques,1,0,,,,,,"",""
ball,1,9.3,Melbourne Stars,MS Wade,DJ Hussey,MC Henriques,6,0,,,,,,"",""
ball,1,9.4,Melbourne Stars,MS Wade,DJ Hussey,MC Henriques,4,0,,,,,,"",""
ball,1,9.5,Melbourne Stars,MS Wade,DJ Hussey,MC Henriques,1,0,,,,,,"",""
ball,1,9.6,Melbourne Stars,DJ Hussey,MS Wade,MC Henriques,1,0,,,,,,"",""
ball,1,10.1,Melbourne Stars,DJ Hussey,MS Wade,JR Hazlewood,1,0,,,,,,"",""
ball,1,10.2,Melbourne Stars,MS Wade,DJ Hussey,JR Hazlewood,0,0,,,,,,"",""
ball,1,10.3,Melbourne Stars,MS Wade,DJ Hussey,JR Hazlewood,1,0,,,,,,"",""
ball,1,10.4,Melbourne Stars,DJ Hussey,MS Wade,JR Hazlewood,1,0,,,,,,"",""
ball,1,10.5,Melbourne Stars,MS Wade,DJ Hussey,JR Hazlewood,1,0,,,,,,"",""
ball,1,10.6,Melbourne Stars,DJ Hussey,MS Wade,JR Hazlewood,0,1,1,,,,,"",""
ball,1,10.7,Melbourne Stars,DJ Hussey,MS Wade,JR Hazlewood,0,1,1,,,,,"",""
ball,1,10.8,Melbourne Stars,DJ Hussey,MS Wade,JR Hazlewood,1,0,,,,,,"",""
ball,1,11.1,Melbourne Stars,DJ Hussey,MS Wade,SNJ O'Keefe,0,1,,,,1,,"",""
ball,1,11.2,Melbourne Stars,MS Wade,DJ Hussey,SNJ O'Keefe,1,0,,,,,,"",""
ball,1,11.3,Melbourne Stars,DJ Hussey,MS Wade,SNJ O'Keefe,1,0,,,,,,"",""
ball,1,11.4,Melbourne Stars,MS Wade,DJ Hussey,SNJ O'Keefe,0,5,5,,,,,"",""
ball,1,11.5,Melbourne Stars,MS Wade,DJ Hussey,SNJ O'Keefe,0,0,,,,,,"",""
ball,1,11.6,Melbourne Stars,MS Wade,DJ Hussey,SNJ O'Keefe,1,0,,,,,,"",""
ball,1,11.7,Melbourne Stars,DJ Hussey,MS Wade,SNJ O'Keefe,1,0,,,,,,"",""
ball,1,12.1,Melbourne Stars,DJ Hussey,MS Wade,RS Bopara,1,0,,,,,,"",""
ball,1,12.2,Melbourne Stars,MS Wade,DJ Hussey,RS Bopara,1,0,,,,,,"",""
ball,1,12.3,Melbourne Stars,DJ Hussey,MS Wade,RS Bopara,1,0,,,,,,"",""
ball,1,12.4,Melbourne Stars,MS Wade,DJ Hussey,RS Bopara,6,0,,,,,,"",""
ball,1,12.5,Melbourne Stars,MS Wade,DJ Hussey,RS Bopara,0,0,,,,,,"",""
ball,1,12.6,Melbourne Stars,MS Wade,DJ Hussey,RS Bopara,0,0,,,,,,bowled,MS Wade
ball,1,13.1,Melbourne Stars,DJ Hussey,GJ Maxwell,SNJ O'Keefe,0,1,1,,,,,"",""
ball,1,13.2,Melbourne Stars,DJ Hussey,GJ Maxwell,SNJ O'Keefe,2,0,,,,,,"",""
ball,1,13.3,Melbourne Stars,DJ Hussey,GJ Maxwell,SNJ O'Keefe,1,0,,,,,,"",""
ball,1,13.4,Melbourne Stars,GJ Maxwell,DJ Hussey,SNJ O'Keefe,2,0,,,,,,"",""
ball,1,13.5,Melbourne Stars,GJ Maxwell,DJ Hussey,SNJ O'Keefe,1,0,,,,,,"",""
ball,1,13.6,Melbourne Stars,DJ Hussey,GJ Maxwell,SNJ O'Keefe,2,0,,,,,,"",""
ball,1,13.7,Melbourne Stars,DJ Hussey,GJ Maxwell,SNJ O'Keefe,4,0,,,,,,"",""
ball,1,14.1,Melbourne Stars,GJ Maxwell,DJ Hussey,B Lee,0,1,1,,,,,"",""
ball,1,14.2,Melbourne Stars,GJ Maxwell,DJ Hussey,B Lee,1,0,,,,,,"",""
ball,1,14.3,Melbourne Stars,DJ Hussey,GJ Maxwell,B Lee,0,0,,,,,,"",""
ball,1,14.4,Melbourne Stars,DJ Hussey,GJ Maxwell,B Lee,0,0,,,,,,"",""
ball,1,14.5,Melbourne Stars,DJ Hussey,GJ Maxwell,B Lee,1,0,,,,,,"",""
ball,1,14.6,Melbourne Stars,GJ Maxwell,DJ Hussey,B Lee,0,0,,,,,,"",""
ball,1,14.7,Melbourne Stars,GJ Maxwell,DJ Hussey,B Lee,0,1,1,,,,,"",""
ball,1,14.8,Melbourne Stars,GJ Maxwell,DJ Hussey,B Lee,2,0,,,,,,"",""
ball,1,15.1,Melbourne Stars,DJ Hussey,GJ Maxwell,RS Bopara,1,0,,,,,,"",""
ball,1,15.2,Melbourne Stars,GJ Maxwell,DJ Hussey,RS Bopara,4,0,,,,,,"",""
ball,1,15.3,Melbourne Stars,GJ Maxwell,DJ Hussey,RS Bopara,4,0,,,,,,"",""
ball,1,15.4,Melbourne Stars,GJ Maxwell,DJ Hussey,RS Bopara,0,0,,,,,,"",""
ball,1,15.5,Melbourne Stars,GJ Maxwell,DJ Hussey,RS Bopara,6,0,,,,,,"",""
ball,1,15.6,Melbourne Stars,GJ Maxwell,DJ Hussey,RS Bopara,1,0,,,,,,"",""
ball,1,16.1,Melbourne Stars,GJ Maxwell,DJ Hussey,JK Lalor,6,0,,,,,,"",""
ball,1,16.2,Melbourne Stars,GJ Maxwell,DJ Hussey,JK Lalor,4,0,,,,,,"",""
ball,1,16.3,Melbourne Stars,GJ Maxwell,DJ Hussey,JK Lalor,2,0,,,,,,"",""
ball,1,16.4,Melbourne Stars,GJ Maxwell,DJ Hussey,JK Lalor,2,0,,,,,,"",""
ball,1,16.5,Melbourne Stars,GJ Maxwell,DJ Hussey,JK Lalor,0,1,1,,,,,"",""
ball,1,16.6,Melbourne Stars,GJ Maxwell,DJ Hussey,JK Lalor,1,0,,,,,,"",""
ball,1,16.7,Melbourne Stars,DJ Hussey,GJ Maxwell,JK Lalor,4,0,,,,,,"",""
ball,1,17.1,Melbourne Stars,GJ Maxwell,DJ Hussey,JR Hazlewood,0,0,,,,,,"",""
ball,1,17.2,Melbourne Stars,GJ Maxwell,DJ Hussey,JR Hazlewood,1,0,,,,,,"",""
ball,1,17.3,Melbourne Stars,DJ Hussey,GJ Maxwell,JR Hazlewood,0,1,,,1,,,"",""
ball,1,17.4,Melbourne Stars,GJ Maxwell,DJ Hussey,JR Hazlewood,0,0,,,,,,caught,GJ Maxwell
ball,1,17.5,Melbourne Stars,DJ Hussey,JP Faulkner,JR Hazlewood,2,0,,,,,,"",""
ball,1,17.6,Melbourne Stars,DJ Hussey,JP Faulkner,JR Hazlewood,0,0,,,,,,"",""
ball,1,18.1,Melbourne Stars,JP Faulkner,DJ Hussey,JK Lalor,0,0,,,,,,"",""
ball,1,18.2,Melbourne Stars,JP Faulkner,DJ Hussey,JK Lalor,1,0,,,,,,"",""
ball,1,18.3,Melbourne Stars,DJ Hussey,JP Faulkner,JK Lalor,1,0,,,,,,"",""
ball,1,18.4,Melbourne Stars,JP Faulkner,DJ Hussey,JK Lalor,6,0,,,,,,"",""
ball,1,18.5,Melbourne Stars,JP Faulkner,DJ Hussey,JK Lalor,1,0,,,,,,"",""
ball,1,18.6,Melbourne Stars,DJ Hussey,JP Faulkner,JK Lalor,4,0,,,,,,"",""
ball,1,19.1,Melbourne Stars,JP Faulkner,DJ Hussey,B Lee,0,1,,,1,,,"",""
ball,1,19.2,Melbourne Stars,DJ Hussey,JP Faulkner,B Lee,2,0,,,,,,"",""
ball,1,19.3,Melbourne Stars,DJ Hussey,JP Faulkner,B Lee,0,1,,,1,,,"",""
ball,1,19.4,Melbourne Stars,JP Faulkner,DJ Hussey,B Lee,1,0,,,,,,"",""
ball,1,19.5,Melbourne Stars,DJ Hussey,JP Faulkner,B Lee,2,0,,,,,,"",""
ball,1,19.6,Melbourne Stars,DJ Hussey,JP Faulkner,B Lee,1,0,,,,,,"",""
ball,2,0.1,Sydney Sixers,MJ Lumb,NJ Maddinson,JM Bird,0,0,,,,,,"",""
ball,2,0.2,Sydney Sixers,MJ Lumb,NJ Maddinson,JM Bird,0,0,,,,,,"",""
ball,2,0.3,Sydney Sixers,MJ Lumb,NJ Maddinson,JM Bird,0,0,,,,,,"",""
ball,2,0.4,Sydney Sixers,MJ Lumb,NJ Maddinson,JM Bird,4,0,,,,,,"",""
ball,2,0.5,Sydney Sixers,MJ Lumb,NJ Maddinson,JM Bird,4,0,,,,,,"",""
ball,2,0.6,Sydney Sixers,MJ Lumb,NJ Maddinson,JM Bird,4,0,,,,,,"",""
ball,2,1.1,Sydney Sixers,NJ Maddinson,MJ Lumb,JP Faulkner,0,0,,,,,,"",""
ball,2,1.2,Sydney Sixers,NJ Maddinson,MJ Lumb,JP Faulkner,4,0,,,,,,"",""
ball,2,1.3,Sydney Sixers,NJ Maddinson,MJ Lumb,JP Faulkner,0,0,,,,,,"",""
ball,2,1.4,Sydney Sixers,NJ Maddinson,MJ Lumb,JP Faulkner,2,0,,,,,,"",""
ball,2,1.5,Sydney Sixers,NJ Maddinson,MJ Lumb,JP Faulkner,0,0,,,,,,"",""
ball,2,1.6,Sydney Sixers,NJ Maddinson,MJ Lumb,JP Faulkner,0,0,,,,,,"",""
ball,2,2.1,Sydney Sixers,MJ Lumb,NJ Maddinson,JW Hastings,0,1,1,,,,,"",""
ball,2,2.2,Sydney Sixers,MJ Lumb,NJ Maddinson,JW Hastings,0,0,,,,,,"",""
ball,2,2.3,Sydney Sixers,MJ Lumb,NJ Maddinson,JW Hastings,6,0,,,,,,"",""
ball,2,2.4,Sydney Sixers,MJ Lumb,NJ Maddinson,JW Hastings,0,0,,,,,,"",""
ball,2,2.5,Sydney Sixers,MJ Lumb,NJ Maddinson,JW Hastings,4,0,,,,,,"",""
ball,2,2.6,Sydney Sixers,MJ Lumb,NJ Maddinson,JW Hastings,0,0,,,,,,"",""
ball,2,2.7,Sydney Sixers,MJ Lumb,NJ Maddinson,JW Hastings,0,0,,,,,,"",""
ball,2,3.1,Sydney Sixers,NJ Maddinson,MJ Lumb,JP Faulkner,0,0,,,,,,"",""
ball,2,3.2,Sydney Sixers,NJ Maddinson,MJ Lumb,JP Faulkner,2,0,,,,,,"",""
ball,2,3.3,Sydney Sixers,NJ Maddinson,MJ Lumb,JP Faulkner,1,0,,,,,,"",""
ball,2,3.4,Sydney Sixers,MJ Lumb,NJ Maddinson,JP Faulkner,2,0,,,,,,"",""
ball,2,3.5,Sydney Sixers,MJ Lumb,NJ Maddinson,JP Faulkner,0,0,,,,,,"",""
ball,2,3.6,Sydney Sixers,MJ Lumb,NJ Maddinson,JP Faulkner,1,1,,1,,,,"",""
ball,2,3.7,Sydney Sixers,NJ Maddinson,MJ Lumb,JP Faulkner,1,0,,,,,,"",""
ball,2,4.1,Sydney Sixers,NJ Maddinson,MJ Lumb,SL Malinga,4,0,,,,,,"",""
ball,2,4.2,Sydney Sixers,NJ Maddinson,MJ Lumb,SL Malinga,0,0,,,,,,"",""
ball,2,4.3,Sydney Sixers,NJ Maddinson,MJ Lumb,SL Malinga,0,0,,,,,,"",""
ball,2,4.4,Sydney Sixers,NJ Maddinson,MJ Lumb,SL Malinga,4,0,,,,,,"",""
ball,2,4.5,Sydney Sixers,NJ Maddinson,MJ Lumb,SL Malinga,0,0,,,,,,"",""
ball,2,4.6,Sydney Sixers,NJ Maddinson,MJ Lumb,SL Malinga,0,0,,,,,,"",""
ball,2,5.1,Sydney Sixers,MJ Lumb,NJ Maddinson,JM Bird,2,0,,,,,,"",""
ball,2,5.2,Sydney Sixers,MJ Lumb,NJ Maddinson,JM Bird,2,0,,,,,,"",""
ball,2,5.3,Sydney Sixers,MJ Lumb,NJ Maddinson,JM Bird,0,0,,,,,,"",""
ball,2,5.4,Sydney Sixers,MJ Lumb,NJ Maddinson,JM Bird,0,0,,,,,,bowled,MJ Lumb
ball,2,5.5,Sydney Sixers,MJ North,NJ Maddinson,JM Bird,0,0,,,,,,"",""
ball,2,5.6,Sydney Sixers,MJ North,NJ Maddinson,JM Bird,4,0,,,,,,"",""
ball,2,6.1,Sydney Sixers,NJ Maddinson,MJ North,JW Hastings,0,0,,,,,,"",""
ball,2,6.2,Sydney Sixers,NJ Maddinson,MJ North,JW Hastings,0,0,,,,,,"",""
ball,2,6.3,Sydney Sixers,NJ Maddinson,MJ North,JW Hastings,0,0,,,,,,caught,NJ Maddinson
ball,2,6.4,Sydney Sixers,RS Bopara,MJ North,JW Hastings,0,0,,,,,,"",""
ball,2,6.5,Sydney Sixers,RS Bopara,MJ North,JW Hastings,0,0,,,,,,"",""
ball,2,6.6,Sydney Sixers,RS Bopara,MJ North,JW Hastings,0,0,,,,,,"",""
ball,2,7.1,Sydney Sixers,MJ North,RS Bopara,GJ Maxwell,1,0,,,,,,"",""
ball,2,7.2,Sydney Sixers,RS Bopara,MJ North,GJ Maxwell,1,0,,,,,,"",""
ball,2,7.3,Sydney Sixers,MJ North,RS Bopara,GJ Maxwell,2,0,,,,,,"",""
ball,2,7.4,Sydney Sixers,MJ North,RS Bopara,GJ Maxwell,0,0,,,,,,"",""
ball,2,7.5,Sydney Sixers,MJ North,RS Bopara,GJ Maxwell,2,0,,,,,,"",""
ball,2,7.6,Sydney Sixers,MJ North,RS Bopara,GJ Maxwell,0,0,,,,,,"",""
ball,2,8.1,Sydney Sixers,RS Bopara,MJ North,JW Hastings,0,1,,,,1,,"",""
ball,2,8.2,Sydney Sixers,MJ North,RS Bopara,JW Hastings,0,0,,,,,,"",""
ball,2,8.3,Sydney Sixers,MJ North,RS Bopara,JW Hastings,0,0,,,,,,"",""
ball,2,8.4,Sydney Sixers,MJ North,RS Bopara,JW Hastings,4,0,,,,,,"",""
ball,2,8.5,Sydney Sixers,MJ North,RS Bopara,JW Hastings,2,0,,,,,,"",""
ball,2,8.6,Sydney Sixers,MJ North,RS Bopara,JW Hastings,0,0,,,,,,"",""
ball,2,9.1,Sydney Sixers,RS Bopara,MJ North,JM Bird,0,0,,,,,,"",""
ball,2,9.2,Sydney Sixers,RS Bopara,MJ North,JM Bird,1,0,,,,,,"",""
ball,2,9.3,Sydney Sixers,MJ North,RS Bopara,JM Bird,0,0,,,,,,"",""
ball,2,9.4,Sydney Sixers,MJ North,RS Bopara,JM Bird,2,0,,,,,,"",""
ball,2,9.5,Sydney Sixers,MJ North,RS Bopara,JM Bird,1,0,,,,,,"",""
ball,2,9.6,Sydney Sixers,RS Bopara,MJ North,JM Bird,2,0,,,,,,"",""
ball,2,10.1,Sydney Sixers,MJ North,RS Bopara,CJ McKay,2,0,,,,,,"",""
ball,2,10.2,Sydney Sixers,MJ North,RS Bopara,CJ McKay,1,0,,,,,,"",""
ball,2,10.3,Sydney Sixers,RS Bopara,MJ North,CJ McKay,1,0,,,,,,"",""
ball,2,10.4,Sydney Sixers,MJ North,RS Bopara,CJ McKay,1,0,,,,,,"",""
ball,2,10.5,Sydney Sixers,RS Bopara,MJ North,CJ McKay,0,0,,,,,,caught,RS Bopara
ball,2,10.6,Sydney Sixers,MC Henriques,MJ North,CJ McKay,0,0,,,,,,"",""
ball,2,11.1,Sydney Sixers,MJ North,MC Henriques,JM Bird,1,0,,,,,,run out,MJ North
ball,2,11.2,Sydney Sixers,JC Silk,MC Henriques,JM Bird,1,0,,,,,,"",""
ball,2,11.3,Sydney Sixers,MC Henriques,JC Silk,JM Bird,0,0,,,,,,"",""
ball,2,11.4,Sydney Sixers,MC Henriques,JC Silk,JM Bird,0,0,,,,,,"",""
ball,2,11.5,Sydney Sixers,MC Henriques,JC Silk,JM Bird,1,0,,,,,,"",""
ball,2,11.6,Sydney Sixers,JC Silk,MC Henriques,JM Bird,0,0,,,,,,"",""
ball,2,12.1,Sydney Sixers,MC Henriques,JC Silk,GJ Maxwell,2,0,,,,,,"",""
ball,2,12.2,Sydney Sixers,MC Henriques,JC Silk,GJ Maxwell,1,0,,,,,,"",""
ball,2,12.3,Sydney Sixers,JC Silk,MC Henriques,GJ Maxwell,1,0,,,,,,"",""
ball,2,12.4,Sydney Sixers,MC Henriques,JC Silk,GJ Maxwell,4,0,,,,,,"",""
ball,2,12.5,Sydney Sixers,MC Henriques,JC Silk,GJ Maxwell,1,0,,,,,,"",""
ball,2,12.6,Sydney Sixers,JC Silk,MC Henriques,GJ Maxwell,0,0,,,,,,bowled,JC Silk
ball,2,13.1,Sydney Sixers,MC Henriques,DLR Smith,SL Malinga,0,0,,,,,,"",""
ball,2,13.2,Sydney Sixers,MC Henriques,DLR Smith,SL Malinga,2,0,,,,,,"",""
ball,2,13.3,Sydney Sixers,MC Henriques,DLR Smith,SL Malinga,2,0,,,,,,"",""
ball,2,13.4,Sydney Sixers,MC Henriques,DLR Smith,SL Malinga,1,0,,,,,,"",""
ball,2,13.5,Sydney Sixers,DLR Smith,MC Henriques,SL Malinga,0,0,,,,,,"",""
ball,2,13.6,Sydney Sixers,DLR Smith,MC Henriques,SL Malinga,2,0,,,,,,"",""
ball,2,14.1,Sydney Sixers,MC Henriques,DLR Smith,GJ Maxwell,1,0,,,,,,"",""
ball,2,14.2,Sydney Sixers,DLR Smith,MC Henriques,GJ Maxwell,1,0,,,,,,"",""
ball,2,14.3,Sydney Sixers,MC Henriques,DLR Smith,GJ Maxwell,2,0,,,,,,"",""
ball,2,14.4,Sydney Sixers,MC Henriques,DLR Smith,GJ Maxwell,0,0,,,,,,caught,MC Henriques
ball,2,14.5,Sydney Sixers,DLR Smith,SNJ O'Keefe,GJ Maxwell,1,0,,,,,,"",""
ball,2,14.6,Sydney Sixers,SNJ O'Keefe,DLR Smith,GJ Maxwell,0,0,,,,,,"",""
ball,2,15.1,Sydney Sixers,DLR Smith,SNJ O'Keefe,JP Faulkner,0,0,,,,,,"",""
ball,2,15.2,Sydney Sixers,DLR Smith,SNJ O'Keefe,JP Faulkner,0,1,,,,1,,"",""
ball,2,15.3,Sydney Sixers,SNJ O'Keefe,DLR Smith,JP Faulkner,2,0,,,,,,"",""
ball,2,15.4,Sydney Sixers,SNJ O'Keefe,DLR Smith,JP Faulkner,0,0,,,,,,"",""
ball,2,15.5,Sydney Sixers,SNJ O'Keefe,DLR Smith,JP Faulkner,2,0,,,,,,"",""
ball,2,15.6,Sydney Sixers,SNJ O'Keefe,DLR Smith,JP Faulkner,1,0,,,,,,"",""
ball,2,16.1,Sydney Sixers,SNJ O'Keefe,DLR Smith,GJ Maxwell,1,0,,,,,,"",""
ball,2,16.2,Sydney Sixers,DLR Smith,SNJ O'Keefe,GJ Maxwell,2,0,,,,,,"",""
ball,2,16.3,Sydney Sixers,DLR Smith,SNJ O'Keefe,GJ Maxwell,0,0,,,,,,caught,DLR Smith
ball,2,16.4,Sydney Sixers,B Lee,SNJ O'Keefe,GJ Maxwell,0,1,,,1,,,"",""
ball,2,16.5,Sydney Sixers,SNJ O'Keefe,B Lee,GJ Maxwell,2,0,,,,,,"",""
ball,2,16.6,Sydney Sixers,SNJ O'Keefe,B Lee,GJ Maxwell,1,0,,,,,,"",""
ball,2,17.1,Sydney Sixers,SNJ O'Keefe,B Lee,JP Faulkner,0,0,,,,,,"",""
ball,2,17.2,Sydney Sixers,SNJ O'Keefe,B Lee,JP Faulkner,0,0,,,,,,"",""
ball,2,17.3,Sydney Sixers,SNJ O'Keefe,B Lee,JP Faulkner,0,0,,,,,,caught,SNJ O'Keefe
ball,2,17.4,Sydney Sixers,JK Lalor,B Lee,JP Faulkner,0,0,,,,,,"",""
ball,2,17.5,Sydney Sixers,JK Lalor,B Lee,JP Faulkner,0,1,,,,1,,"",""
ball,2,17.6,Sydney Sixers,B Lee,JK Lalor,JP Faulkner,0,1,,1,,,,"",""
ball,2,17.7,Sydney Sixers,B Lee,JK Lalor,JP Faulkner,0,0,,,,,,"",""
ball,2,18.1,Sydney Sixers,JK Lalor,B Lee,DJ Hussey,1,0,,,,,,"",""
ball,2,18.2,Sydney Sixers,B Lee,JK Lalor,DJ Hussey,0,0,,,,,,caught,B Lee
ball,2,18.3,Sydney Sixers,JK Lalor,JR Hazlewood,DJ Hussey,1,0,,,,,,"",""
ball,2,18.4,Sydney Sixers,JR Hazlewood,JK Lalor,DJ Hussey,0,0,,,,,,"",""
ball,2,18.5,Sydney Sixers,JR Hazlewood,JK Lalor,DJ Hussey,1,0,,,,,,"",""
ball,2,18.6,Sydney Sixers,JK Lalor,JR Hazlewood,DJ Hussey,1,0,,,,,,"",""
ball,2,19.1,Sydney Sixers,JK Lalor,JR Hazlewood,CJ McKay,1,0,,,,,,"",""
ball,2,19.2,Sydney Sixers,JR Hazlewood,JK Lalor,CJ McKay,0,0,,,,,,"",""
ball,2,19.3,Sydney Sixers,JR Hazlewood,JK Lalor,CJ McKay,0,0,,,,,,"",""
ball,2,19.4,Sydney Sixers,JR Hazlewood,JK Lalor,CJ McKay,1,0,,,,,,"",""
ball,2,19.5,Sydney Sixers,JK Lalor,JR Hazlewood,CJ McKay,0,0,,,,,,"",""
ball,2,19.6,Sydney Sixers,JK Lalor,JR Hazlewood,CJ McKay,1,0,,,,,,"",""
