version,1.6.0
info,balls_per_over,6
info,team,Hobart Hurricanes
info,team,Melbourne Renegades
info,gender,male
info,season,2013/14
info,date,2014/01/01
info,event,Big Bash League
info,venue,Bellerive Oval
info,city,Hobart
info,toss_winner,Melbourne Renegades
info,toss_decision,bat
info,player_of_match,JL Pattinson
info,umpire,GC Joshua
info,umpire,IH Lock
info,reserve_umpire,JM Mitchell
info,tv_umpire,SJ Nogajski
info,match_referee,PL Marshall
info,winner,Melbourne Renegades
info,winner_runs,51
info,player,Hobart Hurricanes,BR Dunk
info,player,Hobart Hurricanes,Shoaib Malik
info,player,Hobart Hurricanes,TR Birt
info,player,Hobart Hurricanes,OA Shah
info,player,Hobart Hurricanes,JW Wells
info,player,Hobart Hurricanes,TD Paine
info,player,Hobart Hurricanes,EP Gulbis
info,player,Hobart Hurricanes,B Laughlin
info,player,Hobart Hurricanes,BW Hilfenhaus
info,player,Hobart Hurricanes,XJ Doherty
info,player,Hobart Hurricanes,DE Bollinger
info,player,Melbourne Renegades,MW Hill
info,player,Melbourne Renegades,AJ Finch
info,player,Melbourne Renegades,JC Buttler
info,player,Melbourne Renegades,BJ Rohrer
info,player,Melbourne Renegades,TLW Cooper
info,player,Melbourne Renegades,PM Nevill
info,player,Melbourne Renegades,MG Gale
info,player,Melbourne Renegades,JL Pattinson
info,player,Melbourne Renegades,NJ Rimmington
info,player,Melbourne Renegades,AW O'Brien
info,player,Melbourne Renegades,M Muralitharan
info,registry,people,AJ Finch,b8d490fd
info,registry,people,AW O'Brien,d29be810
info,registry,people,B Laughlin,b2a79f17
info,registry,people,BJ Rohrer,27af6414
info,registry,people,BR Dunk,272d796e
info,registry,people,BW Hilfenhaus,f3171936
info,registry,people,DE Bollinger,45c2196c
info,registry,people,EP Gulbis,bbce4647
info,registry,people,GC Joshua,4c47ebf2
info,registry,people,IH Lock,a1b1e3c2
info,registry,people,JC Buttler,99b75528
info,registry,people,JL Pattinson,f752db61
info,registry,people,JM Mitchell,b1b4ab36
info,registry,people,JW Wells,8bdac857
info,registry,people,M Muralitharan,4ba44e19
info,registry,people,MG Gale,9ef8ebb9
info,registry,people,MW Hill,1952e660
info,registry,people,NJ Rimmington,6042bf26
info,registry,people,OA Shah,7bf96684
info,registry,people,PL Marshall,c1ca6df3
info,registry,people,PM Nevill,a22fb7b5
info,registry,people,SJ Nogajski,9b3f9323
info,registry,people,Shoaib Malik,64c34cd0
info,registry,people,TD Paine,5748e866
info,registry,people,TLW Cooper,2318ba22
info,registry,people,TR Birt,d2d4bb0a
info,registry,people,XJ Doherty,502b2c81
ball,1,0.1,Melbourne Renegades,MW Hill,AJ Finch,DE Bollinger,4,0,,,,,,"",""
ball,1,0.2,Melbourne Renegades,MW Hill,AJ Finch,DE Bollinger,1,0,,,,,,"",""
ball,1,0.3,Melbourne Renegades,AJ Finch,MW Hill,DE Bollinger,1,0,,,,,,"",""
ball,1,0.4,Melbourne Renegades,MW Hill,AJ Finch,DE Bollinger,0,1,,,,1,,"",""
ball,1,0.5,Melbourne Renegades,AJ Finch,MW Hill,DE Bollinger,0,1,1,,,,,"",""
ball,1,0.6,Melbourne Renegades,AJ Finch,MW Hill,DE Bollinger,4,0,,,,,,"",""
ball,1,0.7,Melbourne Renegades,AJ Finch,MW Hill,DE Bollinger,0,0,,,,,,"",""
ball,1,1.1,Melbourne Renegades,MW Hill,AJ Finch,BW Hilfenhaus,1,0,,,,,,"",""
ball,1,1.2,Melbourne Renegades,AJ Finch,MW Hill,BW Hilfenhaus,0,0,,,,,,"",""
ball,1,1.3,Melbourne Renegades,AJ Finch,MW Hill,BW Hilfenhaus,0,0,,,,,,"",""
ball,1,1.4,Melbourne Renegades,AJ Finch,MW Hill,BW Hilfenhaus,0,0,,,,,,"",""
ball,1,1.5,Melbourne Renegades,AJ Finch,MW Hill,BW Hilfenhaus,4,1,,1,,,,"",""
ball,1,1.6,Melbourne Renegades,AJ Finch,MW Hill,BW Hilfenhaus,4,0,,,,,,"",""
ball,1,1.7,Melbourne Renegades,AJ Finch,MW Hill,BW Hilfenhaus,4,0,,,,,,"",""
ball,1,2.1,Melbourne Renegades,MW Hill,AJ Finch,DE Bollinger,0,0,,,,,,"",""
ball,1,2.2,Melbourne Renegades,MW Hill,AJ Finch,DE Bollinger,4,0,,,,,,"",""
ball,1,2.3,Melbourne Renegades,MW Hill,AJ Finch,DE Bollinger,0,0,,,,,,"",""
ball,1,2.4,Melbourne Renegades,MW Hill,AJ Finch,DE Bollinger,4,0,,,,,,"",""
ball,1,2.5,Melbourne Renegades,MW Hill,AJ Finch,DE Bollinger,0,0,,,,,,"",""
ball,1,2.6,Melbourne Renegades,MW Hill,AJ Finch,DE Bollinger,4,0,,,,,,"",""
ball,1,3.1,Melbourne Renegades,AJ Finch,MW Hill,XJ Doherty,1,0,,,,,,"",""
ball,1,3.2,Melbourne Renegades,MW Hill,AJ Finch,XJ Doherty,2,0,,,,,,"",""
ball,1,3.3,Melbourne Renegades,MW Hill,AJ Finch,XJ Doherty,1,0,,,,,,"",""
ball,1,3.4,Melbourne Renegades,AJ Finch,MW Hill,XJ Doherty,1,0,,,,,,"",""
ball,1,3.5,Melbourne Renegades,MW Hill,AJ Finch,XJ Doherty,4,0,,,,,,"",""
ball,1,3.6,Melbourne Renegades,MW Hill,AJ Finch,XJ Doherty,0,0,,,,,,"",""
ball,1,4.1,Melbourne Renegades,AJ Finch,MW Hill,BW Hilfenhaus,4,0,,,,,,"",""
ball,1,4.2,Melbourne Renegades,AJ Finch,MW Hill,BW Hilfenhaus,0,0,,,,,,"",""
ball,1,4.3,Melbourne Renegades,AJ Finch,MW Hill,BW Hilfenhaus,4,0,,,,,,"",""
ball,1,4.4,Melbourne Renegades,AJ Finch,MW Hill,BW Hilfenhaus,0,0,,,,,,"",""
ball,1,4.5,Melbourne Renegades,AJ Finch,MW Hill,BW Hilfenhaus,1,0,,,,,,"",""
ball,1,4.6,Melbourne Renegades,MW Hill,AJ Finch,BW Hilfenhaus,1,0,,,,,,"",""
ball,1,5.1,Melbourne Renegades,MW Hill,AJ Finch,XJ Doherty,1,0,,,,,,"",""
ball,1,5.2,Melbourne Renegades,AJ Finch,MW Hill,XJ Doherty,1,0,,,,,,"",""
ball,1,5.3,Melbourne Renegades,MW Hill,AJ Finch,XJ Doherty,0,0,,,,,,"",""
ball,1,5.4,Melbourne Renegades,MW Hill,AJ Finch,XJ Doherty,1,0,,,,,,"",""
ball,1,5.5,Melbourne Renegades,AJ Finch,MW Hill,XJ Doherty,1,0,,,,,,"",""
ball,1,5.6,Melbourne Renegades,MW Hill,AJ Finch,XJ Doherty,0,0,,,,,,"",""
ball,1,6.1,Melbourne Renegades,AJ Finch,MW Hill,Shoaib Malik,1,0,,,,,,"",""
ball,1,6.2,Melbourne Renegades,MW Hill,AJ Finch,Shoaib Malik,1,0,,,,,,"",""
ball,1,6.3,Melbourne Renegades,AJ Finch,MW Hill,Shoaib Malik,6,0,,,,,,"",""
ball,1,6.4,Melbourne Renegades,AJ Finch,MW Hill,Shoaib Malik,0,0,,,,,,"",""
ball,1,6.5,Melbourne Renegades,AJ Finch,MW Hill,Shoaib Malik,0,0,,,,,,"",""
ball,1,6.6,Melbourne Renegades,AJ Finch,MW Hill,Shoaib Malik,1,0,,,,,,"",""
ball,1,7.1,Melbourne Renegades,AJ Finch,MW Hill,B Laughlin,1,0,,,,,,"",""
ball,1,7.2,Melbourne Renegades,MW Hill,AJ Finch,B Laughlin,0,0,,,,,,"",""
ball,1,7.3,Melbourne Renegades,MW Hill,AJ Finch,B Laughlin,1,0,,,,,,"",""
ball,1,7.4,Melbourne Renegades,AJ Finch,MW Hill,B Laughlin,1,0,,,,,,"",""
ball,1,7.5,Melbourne Renegades,MW Hill,AJ Finch,B Laughlin,0,0,,,,,,"",""
ball,1,7.6,Melbourne Renegades,MW Hill,AJ Finch,B Laughlin,1,0,,,,,,"",""
ball,1,8.1,Melbourne Renegades,MW Hill,AJ Finch,Shoaib Malik,1,0,,,,,,"",""
ball,1,8.2,Melbourne Renegades,AJ Finch,MW Hill,Shoaib Malik,1,0,,,,,,"",""
ball,1,8.3,Melbourne Renegades,MW Hill,AJ Finch,Shoaib Malik,6,0,,,,,,"",""
ball,1,8.4,Melbourne Renegades,MW Hill,AJ Finch,Shoaib Malik,1,0,,,,,,"",""
ball,1,8.5,Melbourne Renegades,AJ Finch,MW Hill,Shoaib Malik,6,0,,,,,,"",""
ball,1,8.6,Melbourne Renegades,AJ Finch,MW Hill,Shoaib Malik,1,0,,,,,,"",""
ball,1,9.1,Melbourne Renegades,AJ Finch,MW Hill,B Laughlin,0,1,,1,,,,"",""
ball,1,9.2,Melbourne Renegades,AJ Finch,MW Hill,B Laughlin,2,0,,,,,,"",""
ball,1,9.3,Melbourne Renegades,AJ Finch,MW Hill,B Laughlin,0,0,,,,,,caught,AJ Finch
ball,1,9.4,Melbourne Renegades,JC Buttler,MW Hill,B Laughlin,1,0,,,,,,"",""
ball,1,9.5,Melbourne Renegades,MW Hill,JC Buttler,B Laughlin,0,0,,,,,,"",""
ball,1,9.6,Melbourne Renegades,MW Hill,JC Buttler,B Laughlin,1,0,,,,,,"",""
ball,1,9.7,Melbourne Renegades,JC Buttler,MW Hill,B Laughlin,0,0,,,,,,run out,MW Hill
ball,1,10.1,Melbourne Renegades,BJ Rohrer,JC Buttler,BW Hilfenhaus,1,0,,,,,,"",""
ball,1,10.2,Melbourne Renegades,JC Buttler,BJ Rohrer,BW Hilfenhaus,0,0,,,,,,"",""
ball,1,10.3,Melbourne Renegades,JC Buttler,BJ Rohrer,BW Hilfenhaus,0,0,,,,,,"",""
ball,1,10.4,Melbourne Renegades,JC Buttler,BJ Rohrer,BW Hilfenhaus,2,0,,,,,,"",""
ball,1,10.5,Melbourne Renegades,JC Buttler,BJ Rohrer,BW Hilfenhaus,0,0,,,,,,"",""
ball,1,10.6,Melbourne Renegades,JC Buttler,BJ Rohrer,BW Hilfenhaus,1,0,,,,,,"",""
ball,1,11.1,Melbourne Renegades,JC Buttler,BJ Rohrer,DE Bollinger,0,0,,,,,,"",""
ball,1,11.2,Melbourne Renegades,JC Buttler,BJ Rohrer,DE Bollinger,0,0,,,,,,"",""
ball,1,11.3,Melbourne Renegades,JC Buttler,BJ Rohrer,DE Bollinger,1,0,,,,,,"",""
ball,1,11.4,Melbourne Renegades,BJ Rohrer,JC Buttler,DE Bollinger,2,0,,,,,,"",""
ball,1,11.5,Melbourne Renegades,BJ Rohrer,JC Buttler,DE Bollinger,0,0,,,,,,"",""
ball,1,11.6,Melbourne Renegades,BJ Rohrer,JC Buttler,DE Bollinger,0,4,,,,4,,"",""
ball,1,12.1,Melbourne Renegades,JC Buttler,BJ Rohrer,BW Hilfenhaus,4,0,,,,,,"",""
ball,1,12.2,Melbourne Renegades,JC Buttler,BJ Rohrer,BW Hilfenhaus,0,0,,,,,,"",""
ball,1,12.3,Melbourne Renegades,JC Buttler,BJ Rohrer,BW Hilfenhaus,4,0,,,,,,"",""
ball,1,12.4,Melbourne Renegades,JC Buttler,BJ Rohrer,BW Hilfenhaus,6,0,,,,,,"",""
ball,1,12.5,Melbourne Renegades,JC Buttler,BJ Rohrer,BW Hilfenhaus,1,0,,,,,,"",""
ball,1,12.6,Melbourne Renegades,BJ Rohrer,JC Buttler,BW Hilfenhaus,0,0,,,,,,"",""
ball,1,13.1,Melbourne Renegades,JC Buttler,BJ Rohrer,XJ Doherty,0,0,,,,,,"",""
ball,1,13.2,Melbourne Renegades,JC Buttler,BJ Rohrer,XJ Doherty,0,0,,,,,,caught,JC Buttler
ball,1,13.3,Melbourne Renegades,BJ Rohrer,TLW Cooper,XJ Doherty,1,0,,,,,,"",""
ball,1,13.4,Melbourne Renegades,TLW Cooper,BJ Rohrer,XJ Doherty,1,0,,,,,,"",""
ball,1,13.5,Melbourne Renegades,BJ Rohrer,TLW Cooper,XJ Doherty,4,0,,,,,,"",""
ball,1,13.6,Melbourne Renegades,BJ Rohrer,TLW Cooper,XJ Doherty,1,0,,,,,,"",""
ball,1,14.1,Melbourne Renegades,BJ Rohrer,TLW Cooper,Shoaib Malik,2,0,,,,,,"",""
ball,1,14.2,Melbourne Renegades,BJ Rohrer,TLW Cooper,Shoaib Malik,1,0,,,,,,"",""
ball,1,14.3,Melbourne Renegades,TLW Cooper,BJ Rohrer,Shoaib Malik,0,0,,,,,,"",""
ball,1,14.4,Melbourne Renegades,TLW Cooper,BJ Rohrer,Shoaib Malik,0,0,,,,,,"",""
ball,1,14.5,Melbourne Renegades,TLW Cooper,BJ Rohrer,Shoaib Malik,1,0,,,,,,"",""
ball,1,14.6,Melbourne Renegades,BJ Rohrer,TLW Cooper,Shoaib Malik,0,0,,,,,,bowled,BJ Rohrer
ball,1,15.1,Melbourne Renegades,TLW Cooper,PM Nevill,XJ Doherty,0,0,,,,,,"",""
ball,1,15.2,Melbourne Renegades,TLW Cooper,PM Nevill,XJ Doherty,0,0,,,,,,"",""
ball,1,15.3,Melbourne Renegades,TLW Cooper,PM Nevill,XJ Doherty,6,0,,,,,,"",""
ball,1,15.4,Melbourne Renegades,TLW Cooper,PM Nevill,XJ Doherty,1,0,,,,,,"",""
ball,1,15.5,Melbourne Renegades,PM Nevill,TLW Cooper,XJ Doherty,1,0,,,,,,"",""
ball,1,15.6,Melbourne Renegades,TLW Cooper,PM Nevill,XJ Doherty,2,0,,,,,,"",""
ball,1,16.1,Melbourne Renegades,PM Nevill,TLW Cooper,Shoaib Malik,1,0,,,,,,"",""
ball,1,16.2,Melbourne Renegades,TLW Cooper,PM Nevill,Shoaib Malik,1,0,,,,,,"",""
ball,1,16.3,Melbourne Renegades,PM Nevill,TLW Cooper,Shoaib Malik,0,0,,,,,,"",""
ball,1,16.4,Melbourne Renegades,PM Nevill,TLW Cooper,Shoaib Malik,1,0,,,,,,"",""
ball,1,16.5,Melbourne Renegades,TLW Cooper,PM Nevill,Shoaib Malik,2,0,,,,,,"",""
ball,1,16.6,Melbourne Renegades,TLW Cooper,PM Nevill,Shoaib Malik,0,1,,,,1,,"",""
ball,1,17.1,Melbourne Renegades,TLW Cooper,PM Nevill,B Laughlin,0,0,,,,,,"",""
ball,1,17.2,Melbourne Renegades,TLW Cooper,PM Nevill,B Laughlin,0,0,,,,,,"",""
ball,1,17.3,Melbourne Renegades,TLW Cooper,PM Nevill,B Laughlin,0,0,,,,,,"",""
ball,1,17.4,Melbourne Renegades,TLW Cooper,PM Nevill,B Laughlin,1,0,,,,,,"",""
ball,1,17.5,Melbourne Renegades,PM Nevill,TLW Cooper,B Laughlin,4,0,,,,,,"",""
ball,1,17.6,Melbourne Renegades,PM Nevill,TLW Cooper,B Laughlin,1,0,,,,,,"",""
ball,1,18.1,Melbourne Renegades,PM Nevill,TLW Cooper,DE Bollinger,1,0,,,,,,"",""
ball,1,18.2,Melbourne Renegades,TLW Cooper,PM Nevill,DE Bollinger,2,0,,,,,,"",""
ball,1,18.3,Melbourne Renegades,TLW Cooper,PM Nevill,DE Bollinger,0,0,,,,,,caught,TLW Cooper
ball,1,18.4,Melbourne Renegades,MG Gale,PM Nevill,DE Bollinger,2,0,,,,,,"",""
ball,1,18.5,Melbourne Renegades,MG Gale,PM Nevill,DE Bollinger,1,0,,,,,,"",""
ball,1,18.6,Melbourne Renegades,PM Nevill,MG Gale,DE Bollinger,0,0,,,,,,caught,PM Nevill
ball,1,19.1,Melbourne Renegades,MG Gale,JL Pattinson,B Laughlin,1,0,,,,,,"",""
ball,1,19.2,Melbourne Renegades,JL Pattinson,MG Gale,B Laughlin,0,0,,,,,,bowled,JL Pattinson
ball,1,19.3,Melbourne Renegades,NJ Rimmington,MG Gale,B Laughlin,0,0,,,,,,"",""
ball,1,19.4,Melbourne Renegades,NJ Rimmington,MG Gale,B Laughlin,0,0,,,,,,"",""
ball,1,19.5,Melbourne Renegades,NJ Rimmington,MG Gale,B Laughlin,0,0,,,,,,caught,NJ Rimmington
ball,1,19.6,Melbourne Renegades,MG Gale,AW O'Brien,B Laughlin,0,1,,,1,,,"",""
ball,2,0.1,Hobart Hurricanes,BR Dunk,Shoaib Malik,JL Pattinson,0,0,,,,,,"",""
ball,2,0.2,Hobart Hurricanes,BR Dunk,Shoaib Malik,JL Pattinson,0,0,,,,,,"",""
ball,2,0.3,Hobart Hurricanes,BR Dunk,Shoaib Malik,JL Pattinson,0,0,,,,,,"",""
ball,2,0.4,Hobart Hurricanes,BR Dunk,Shoaib Malik,JL Pattinson,1,0,,,,,,"",""
ball,2,0.5,Hobart Hurricanes,Shoaib Malik,BR Dunk,JL Pattinson,0,0,,,,,,"",""
ball,2,0.6,Hobart Hurricanes,Shoaib Malik,BR Dunk,JL Pattinson,0,0,,,,,,"",""
ball,2,1.1,Hobart Hurricanes,BR Dunk,Shoaib Malik,MG Gale,0,4,,,,4,,"",""
ball,2,1.2,Hobart Hurricanes,BR Dunk,Shoaib Malik,MG Gale,0,0,,,,,,caught,BR Dunk
ball,2,1.3,Hobart Hurricanes,Shoaib Malik,TR Birt,MG Gale,0,0,,,,,,"",""
ball,2,1.4,Hobart Hurricanes,Shoaib Malik,TR Birt,MG Gale,1,0,,,,,,"",""
ball,2,1.5,Hobart Hurricanes,TR Birt,Shoaib Malik,MG Gale,4,0,,,,,,"",""
ball,2,1.6,Hobart Hurricanes,TR Birt,Shoaib Malik,MG Gale,0,0,,,,,,"",""
ball,2,2.1,Hobart Hurricanes,Shoaib Malik,TR Birt,JL Pattinson,0,0,,,,,,caught,Shoaib Malik
ball,2,2.2,Hobart Hurricanes,OA Shah,TR Birt,JL Pattinson,0,0,,,,,,caught,OA Shah
ball,2,2.3,Hobart Hurricanes,JW Wells,TR Birt,JL Pattinson,0,0,,,,,,"",""
ball,2,2.4,Hobart Hurricanes,JW Wells,TR Birt,JL Pattinson,4,0,,,,,,"",""
ball,2,2.5,Hobart Hurricanes,JW Wells,TR Birt,JL Pattinson,4,0,,,,,,"",""
ball,2,2.6,Hobart Hurricanes,JW Wells,TR Birt,JL Pattinson,4,0,,,,,,"",""
ball,2,3.1,Hobart Hurricanes,TR Birt,JW Wells,MG Gale,4,0,,,,,,"",""
ball,2,3.2,Hobart Hurricanes,TR Birt,JW Wells,MG Gale,1,0,,,,,,"",""
ball,2,3.3,Hobart Hurricanes,JW Wells,TR Birt,MG Gale,2,0,,,,,,"",""
ball,2,3.4,Hobart Hurricanes,JW Wells,TR Birt,MG Gale,1,0,,,,,,"",""
ball,2,3.5,Hobart Hurricanes,TR Birt,JW Wells,MG Gale,4,0,,,,,,"",""
ball,2,3.6,Hobart Hurricanes,TR Birt,JW Wells,MG Gale,0,0,,,,,,"",""
ball,2,4.1,Hobart Hurricanes,JW Wells,TR Birt,JL Pattinson,0,0,,,,,,"",""
ball,2,4.2,Hobart Hurricanes,JW Wells,TR Birt,JL Pattinson,2,0,,,,,,"",""
ball,2,4.3,Hobart Hurricanes,JW Wells,TR Birt,JL Pattinson,0,0,,,,,,"",""
ball,2,4.4,Hobart Hurricanes,JW Wells,TR Birt,JL Pattinson,0,0,,,,,,"",""
ball,2,4.5,Hobart Hurricanes,JW Wells,TR Birt,JL Pattinson,0,0,,,,,,"",""
ball,2,4.6,Hobart Hurricanes,JW Wells,TR Birt,JL Pattinson,0,0,,,,,,"",""
ball,2,5.1,Hobart Hurricanes,TR Birt,JW Wells,NJ Rimmington,0,0,,,,,,"",""
ball,2,5.2,Hobart Hurricanes,TR Birt,JW Wells,NJ Rimmington,6,0,,,,,,"",""
ball,2,5.3,Hobart Hurricanes,TR Birt,JW Wells,NJ Rimmington,1,0,,,,,,"",""
ball,2,5.4,Hobart Hurricanes,JW Wells,TR Birt,NJ Rimmington,0,0,,,,,,caught,JW Wells
ball,2,5.5,Hobart Hurricanes,TR Birt,TD Paine,NJ Rimmington,0,0,,,,,,"",""
ball,2,5.6,Hobart Hurricanes,TR Birt,TD Paine,NJ Rimmington,0,0,,,,,,"",""
ball,2,6.1,Hobart Hurricanes,TD Paine,TR Birt,AW O'Brien,4,0,,,,,,"",""
ball,2,6.2,Hobart Hurricanes,TD Paine,TR Birt,AW O'Brien,1,0,,,,,,"",""
ball,2,6.3,Hobart Hurricanes,TR Birt,TD Paine,AW O'Brien,1,0,,,,,,"",""
ball,2,6.4,Hobart Hurricanes,TD Paine,TR Birt,AW O'Brien,0,0,,,,,,"",""
ball,2,6.5,Hobart Hurricanes,TD Paine,TR Birt,AW O'Brien,0,0,,,,,,"",""
ball,2,6.6,Hobart Hurricanes,TD Paine,TR Birt,AW O'Brien,1,0,,,,,,"",""
ball,2,7.1,Hobart Hurricanes,TD Paine,TR Birt,M Muralitharan,1,0,,,,,,"",""
ball,2,7.2,Hobart Hurricanes,TR Birt,TD Paine,M Muralitharan,0,0,,,,,,"",""
ball,2,7.3,Hobart Hurricanes,TR Birt,TD Paine,M Muralitharan,0,0,,,,,,caught,TR Birt
ball,2,7.4,Hobart Hurricanes,TD Paine,EP Gulbis,M Muralitharan,2,0,,,,,,"",""
ball,2,7.5,Hobart Hurricanes,TD Paine,EP Gulbis,M Muralitharan,2,0,,,,,,"",""
ball,2,7.6,Hobart Hurricanes,TD Paine,EP Gulbis,M Muralitharan,0,0,,,,,,"",""
ball,2,8.1,Hobart Hurricanes,EP Gulbis,TD Paine,AW O'Brien,1,0,,,,,,"",""
ball,2,8.2,Hobart Hurricanes,TD Paine,EP Gulbis,AW O'Brien,1,0,,,,,,"",""
ball,2,8.3,Hobart Hurricanes,EP Gulbis,TD Paine,AW O'Brien,4,0,,,,,,"",""
ball,2,8.4,Hobart Hurricanes,EP Gulbis,TD Paine,AW O'Brien,1,0,,,,,,"",""
ball,2,8.5,Hobart Hurricanes,TD Paine,EP Gulbis,AW O'Brien,0,0,,,,,,"",""
ball,2,8.6,Hobart Hurricanes,TD Paine,EP Gulbis,AW O'Brien,2,0,,,,,,"",""
ball,2,9.1,Hobart Hurricanes,EP Gulbis,TD Paine,M Muralitharan,0,0,,,,,,"",""
ball,2,9.2,Hobart Hurricanes,EP Gulbis,TD Paine,M Muralitharan,1,0,,,,,,"",""
ball,2,9.3,Hobart Hurricanes,TD Paine,EP Gulbis,M Muralitharan,0,0,,,,,,"",""
ball,2,9.4,Hobart Hurricanes,TD Paine,EP Gulbis,M Muralitharan,1,0,,,,,,"",""
ball,2,9.5,Hobart Hurricanes,EP Gulbis,TD Paine,M Muralitharan,1,0,,,,,,"",""
ball,2,9.6,Hobart Hurricanes,TD Paine,EP Gulbis,M Muralitharan,2,0,,,,,,"",""
ball,2,10.1,Hobart Hurricanes,EP Gulbis,TD Paine,MG Gale,1,0,,,,,,"",""
ball,2,10.2,Hobart Hurricanes,TD Paine,EP Gulbis,MG Gale,0,0,,,,,,"",""
ball,2,10.3,Hobart Hurricanes,TD Paine,EP Gulbis,MG Gale,1,0,,,,,,"",""
ball,2,10.4,Hobart Hurricanes,EP Gulbis,TD Paine,MG Gale,1,0,,,,,,"",""
ball,2,10.5,Hobart Hurricanes,TD Paine,EP Gulbis,MG Gale,1,0,,,,,,"",""
ball,2,10.6,Hobart Hurricanes,EP Gulbis,TD Paine,MG Gale,1,0,,,,,,"",""
ball,2,11.1,Hobart Hurricanes,EP Gulbis,TD Paine,AJ Finch,1,0,,,,,,"",""
ball,2,11.2,Hobart Hurricanes,TD Paine,EP Gulbis,AJ Finch,2,0,,,,,,"",""
ball,2,11.3,Hobart Hurricanes,TD Paine,EP Gulbis,AJ Finch,0,0,,,,,,"",""
ball,2,11.4,Hobart Hurricanes,TD Paine,EP Gulbis,AJ Finch,4,0,,,,,,"",""
ball,2,11.5,Hobart Hurricanes,TD Paine,EP Gulbis,AJ Finch,1,0,,,,,,"",""
ball,2,11.6,Hobart Hurricanes,EP Gulbis,TD Paine,AJ Finch,2,0,,,,,,"",""
ball,2,12.1,Hobart Hurricanes,TD Paine,EP Gulbis,NJ Rimmington,1,0,,,,,,"",""
ball,2,12.2,Hobart Hurricanes,EP Gulbis,TD Paine,NJ Rimmington,1,0,,,,,,"",""
ball,2,12.3,Hobart Hurricanes,TD Paine,EP Gulbis,NJ Rimmington,1,0,,,,,,"",""
ball,2,12.4,Hobart Hurricanes,EP Gulbis,TD Paine,NJ Rimmington,1,0,,,,,,"",""
ball,2,12.5,Hobart Hurricanes,TD Paine,EP Gulbis,NJ Rimmington,1,0,,,,,,"",""
ball,2,12.6,Hobart Hurricanes,EP Gulbis,TD Paine,NJ Rimmington,0,0,,,,,,caught,EP Gulbis
ball,2,13.1,Hobart Hurricanes,B Laughlin,TD Paine,AW O'Brien,0,0,,,,,,"",""
ball,2,13.2,Hobart Hurricanes,B Laughlin,TD Paine,AW O'Brien,0,0,,,,,,"",""
ball,2,13.3,Hobart Hurricanes,B Laughlin,TD Paine,AW O'Brien,0,0,,,,,,"",""
ball,2,13.4,Hobart Hurricanes,B Laughlin,TD Paine,AW O'Brien,1,0,,,,,,"",""
ball,2,13.5,Hobart Hurricanes,TD Paine,B Laughlin,AW O'Brien,1,0,,,,,,"",""
ball,2,13.6,Hobart Hurricanes,B Laughlin,TD Paine,AW O'Brien,1,0,,,,,,"",""
ball,2,14.1,Hobart Hurricanes,B Laughlin,TD Paine,M Muralitharan,1,0,,,,,,"",""
ball,2,14.2,Hobart Hurricanes,TD Paine,B Laughlin,M Muralitharan,1,0,,,,,,"",""
ball,2,14.3,Hobart Hurricanes,B Laughlin,TD Paine,M Muralitharan,1,0,,,,,,"",""
ball,2,14.4,Hobart Hurricanes,TD Paine,B Laughlin,M Muralitharan,0,0,,,,,,caught,TD Paine
ball,2,14.5,Hobart Hurricanes,B Laughlin,BW Hilfenhaus,M Muralitharan,1,0,,,,,,"",""
ball,2,14.6,Hobart Hurricanes,BW Hilfenhaus,B Laughlin,M Muralitharan,1,0,,,,,,"",""
ball,2,15.1,Hobart Hurricanes,BW Hilfenhaus,B Laughlin,AW O'Brien,1,0,,,,,,"",""
ball,2,15.2,Hobart Hurricanes,B Laughlin,BW Hilfenhaus,AW O'Brien,1,0,,,,,,"",""
ball,2,15.3,Hobart Hurricanes,BW Hilfenhaus,B Laughlin,AW O'Brien,0,1,,,,1,,"",""
ball,2,15.4,Hobart Hurricanes,B Laughlin,BW Hilfenhaus,AW O'Brien,0,0,,,,,,"",""
ball,2,15.5,Hobart Hurricanes,B Laughlin,BW Hilfenhaus,AW O'Brien,2,0,,,,,,"",""
ball,2,15.6,Hobart Hurricanes,B Laughlin,BW Hilfenhaus,AW O'Brien,0,0,,,,,,"",""
ball,2,16.1,Hobart Hurricanes,BW Hilfenhaus,B Laughlin,JL Pattinson,0,0,,,,,,caught,BW Hilfenhaus
ball,2,16.2,Hobart Hurricanes,B Laughlin,XJ Doherty,JL Pattinson,1,0,,,,,,"",""
ball,2,16.3,Hobart Hurricanes,XJ Doherty,B Laughlin,JL Pattinson,1,0,,,,,,"",""
ball,2,16.4,Hobart Hurricanes,B Laughlin,XJ Doherty,JL Pattinson,0,0,,,,,,caught,B Laughlin
ball,2,16.5,Hobart Hurricanes,XJ Doherty,DE Bollinger,JL Pattinson,4,0,,,,,,"",""
ball,2,16.6,Hobart Hurricanes,XJ Doherty,DE Bollinger,JL Pattinson,3,0,,,,,,"",""
ball,2,17.1,Hobart Hurricanes,XJ Doherty,DE Bollinger,NJ Rimmington,0,0,,,,,,run out,DE Bollinger
