version,1.6.0
info,balls_per_over,6
info,team,Sydney Thunder
info,team,Brisbane Heat
info,gender,male
info,season,2013/14
info,date,2014/01/08
info,event,Big Bash League
info,venue,Stadium Australia
info,city,Sydney
info,toss_winner,Brisbane Heat
info,toss_decision,bat
info,player_of_match,CA Lynn
info,umpire,SD Fry
info,umpire,AP Ward
info,reserve_umpire,GJ Davidson
info,tv_umpire,GA Abood
info,match_referee,PL Marshall
info,winner,Brisbane Heat
info,winner_runs,48
info,player,Brisbane Heat,LA Pomersbach
info,player,Brisbane Heat,C Kieswetter
info,player,Brisbane Heat,PJ Forrest
info,player,Brisbane Heat,DT Christian
info,player,Brisbane Heat,CA Lynn
info,player,Brisbane Heat,BCJ Cutting
info,player,Brisbane Heat,JR Hopes
info,player,Brisbane Heat,DL Vettori
info,player,Brisbane Heat,CJM Sabburg
info,player,Brisbane Heat,CJ Gannon
info,player,Brisbane Heat,MT Steketee
info,player,Sydney Thunder,UT Khawaja
info,player,Sydney Thunder,DP Hughes
info,player,Sydney Thunder,MEK Hussey
info,player,Sydney Thunder,KR Patterson
info,player,Sydney Thunder,JS Floros
info,player,Sydney Thunder,CJ Borgas
info,player,Sydney Thunder,RGL Carters
info,player,Sydney Thunder,CP Tremain
info,player,Sydney Thunder,BAW Mendis
info,player,Sydney Thunder,GS Sandhu
info,player,Sydney Thunder,DP Nannes
info,registry,people,AP Ward,196a3809
info,registry,people,BAW Mendis,ea0cdc12
info,registry,people,BCJ Cutting,2e11c706
info,registry,people,C Kieswetter,1e960f2a
info,registry,people,CA Lynn,45eda7c8
info,registry,people,CJ Borgas,d901964b
info,registry,people,CJ Gannon,519c30cb
info,registry,people,CJM Sabburg,9fc73711
info,registry,people,CP Tremain,96824e68
info,registry,people,DL Vettori,d7c6af50
info,registry,people,DP Hughes,f3982af9
info,registry,people,DP Nannes,c404f58a
info,registry,people,DT Christian,2a2e6343
info,registry,people,GA Abood,a4af5528
info,registry,people,GJ Davidson,31ad5973
info,registry,people,GS Sandhu,1558d83b
info,registry,people,JR Hopes,2498e163
info,registry,people,JS Floros,79765f6f
info,registry,people,KR Patterson,e3bf8356
info,registry,people,LA Pomersbach,b63ab531
info,registry,people,MEK Hussey,48fd7349
info,registry,people,MT Steketee,903560ed
info,registry,people,PJ Forrest,56c205b7
info,registry,people,PL Marshall,c1ca6df3
info,registry,people,RGL Carters,f54c8804
info,registry,people,SD Fry,6b725ed1
info,registry,people,UT Khawaja,331ea488
ball,1,0.1,Brisbane Heat,LA Pomersbach,C Kieswetter,JS Floros,0,0,,,,,,"",""
ball,1,0.2,Brisbane Heat,LA Pomersbach,C Kieswetter,JS Floros,1,0,,,,,,"",""
ball,1,0.3,Brisbane Heat,C Kieswetter,LA Pomersbach,JS Floros,1,0,,,,,,"",""
ball,1,0.4,Brisbane Heat,LA Pomersbach,C Kieswetter,JS Floros,2,0,,,,,,"",""
ball,1,0.5,Brisbane Heat,LA Pomersbach,C Kieswetter,JS Floros,0,0,,,,,,"",""
ball,1,0.6,Brisbane Heat,LA Pomersbach,C Kieswetter,JS Floros,0,0,,,,,,"",""
ball,1,1.1,Brisbane Heat,C Kieswetter,LA Pomersbach,DP Nannes,0,0,,,,,,"",""
ball,1,1.2,Brisbane Heat,C Kieswetter,LA Pomersbach,DP Nannes,1,0,,,,,,"",""
ball,1,1.3,Brisbane Heat,LA Pomersbach,C Kieswetter,DP Nannes,0,1,1,,,,,"",""
ball,1,1.4,Brisbane Heat,LA Pomersbach,C Kieswetter,DP Nannes,1,0,,,,,,"",""
ball,1,1.5,Brisbane Heat,C Kieswetter,LA Pomersbach,DP Nannes,1,0,,,,,,"",""
ball,1,1.6,Brisbane Heat,LA Pomersbach,C Kieswetter,DP Nannes,0,0,,,,,,"",""
ball,1,1.7,Brisbane Heat,LA Pomersbach,C Kieswetter,DP Nannes,4,0,,,,,,"",""
ball,1,2.1,Brisbane Heat,C Kieswetter,LA Pomersbach,BAW Mendis,1,0,,,,,,"",""
ball,1,2.2,Brisbane Heat,LA Pomersbach,C Kieswetter,BAW Mendis,6,0,,,,,,"",""
ball,1,2.3,Brisbane Heat,LA Pomersbach,C Kieswetter,BAW Mendis,1,0,,,,,,"",""
ball,1,2.4,Brisbane Heat,C Kieswetter,LA Pomersbach,BAW Mendis,0,0,,,,,,"",""
ball,1,2.5,Brisbane Heat,C Kieswetter,LA Pomersbach,BAW Mendis,0,0,,,,,,"",""
ball,1,2.6,Brisbane Heat,C Kieswetter,LA Pomersbach,BAW Mendis,0,0,,,,,,"",""
ball,1,3.1,Brisbane Heat,LA Pomersbach,C Kieswetter,DP Nannes,1,0,,,,,,"",""
ball,1,3.2,Brisbane Heat,C Kieswetter,LA Pomersbach,DP Nannes,0,0,,,,,,"",""
ball,1,3.3,Brisbane Heat,C Kieswetter,LA Pomersbach,DP Nannes,0,0,,,,,,caught,C Kieswetter
ball,1,3.4,Brisbane Heat,PJ Forrest,LA Pomersbach,DP Nannes,0,0,,,,,,"",""
ball,1,3.5,Brisbane Heat,PJ Forrest,LA Pomersbach,DP Nannes,0,0,,,,,,"",""
ball,1,3.6,Brisbane Heat,PJ Forrest,LA Pomersbach,DP Nannes,0,0,,,,,,"",""
ball,1,4.1,Brisbane Heat,LA Pomersbach,PJ Forrest,JS Floros,0,0,,,,,,"",""
ball,1,4.2,Brisbane Heat,LA Pomersbach,PJ Forrest,JS Floros,1,0,,,,,,"",""
ball,1,4.3,Brisbane Heat,PJ Forrest,LA Pomersbach,JS Floros,1,0,,,,,,"",""
ball,1,4.4,Brisbane Heat,LA Pomersbach,PJ Forrest,JS Floros,1,0,,,,,,"",""
ball,1,4.5,Brisbane Heat,PJ Forrest,LA Pomersbach,JS Floros,0,0,,,,,,"",""
ball,1,4.6,Brisbane Heat,PJ Forrest,LA Pomersbach,JS Floros,1,0,,,,,,"",""
ball,1,5.1,Brisbane Heat,PJ Forrest,LA Pomersbach,GS Sandhu,0,1,,,,1,,"",""
ball,1,5.2,Brisbane Heat,LA Pomersbach,PJ Forrest,GS Sandhu,1,0,,,,,,"",""
ball,1,5.3,Brisbane Heat,PJ Forrest,LA Pomersbach,GS Sandhu,0,1,,,,1,,"",""
ball,1,5.4,Brisbane Heat,LA Pomersbach,PJ Forrest,GS Sandhu,6,0,,,,,,"",""
ball,1,5.5,Brisbane Heat,LA Pomersbach,PJ Forrest,GS Sandhu,0,0,,,,,,caught,LA Pomersbach
ball,1,5.6,Brisbane Heat,PJ Forrest,DT Christian,GS Sandhu,1,0,,,,,,"",""
ball,1,6.1,Brisbane Heat,PJ Forrest,DT Christian,JS Floros,0,0,,,,,,"",""
ball,1,6.2,Brisbane Heat,PJ Forrest,DT Christian,JS Floros,4,0,,,,,,"",""
ball,1,6.3,Brisbane Heat,PJ Forrest,DT Christian,JS Floros,0,0,,,,,,"",""
ball,1,6.4,Brisbane Heat,PJ Forrest,DT Christian,JS Floros,1,0,,,,,,"",""
ball,1,6.5,Brisbane Heat,DT Christian,PJ Forrest,JS Floros,0,0,,,,,,"",""
ball,1,6.6,Brisbane Heat,DT Christian,PJ Forrest,JS Floros,0,0,,,,,,"",""
ball,1,7.1,Brisbane Heat,PJ Forrest,DT Christian,GS Sandhu,0,0,,,,,,"",""
ball,1,7.2,Brisbane Heat,PJ Forrest,DT Christian,GS Sandhu,0,0,,,,,,"",""
ball,1,7.3,Brisbane Heat,PJ Forrest,DT Christian,GS Sandhu,1,0,,,,,,"",""
ball,1,7.4,Brisbane Heat,DT Christian,PJ Forrest,GS Sandhu,1,0,,,,,,"",""
ball,1,7.5,Brisbane Heat,PJ Forrest,DT Christian,GS Sandhu,1,0,,,,,,"",""
ball,1,7.6,Brisbane Heat,DT Christian,PJ Forrest,GS Sandhu,0,0,,,,,,run out,PJ Forrest
ball,1,8.1,Brisbane Heat,CA Lynn,DT Christian,BAW Mendis,0,0,,,,,,"",""
ball,1,8.2,Brisbane Heat,CA Lynn,DT Christian,BAW Mendis,1,0,,,,,,"",""
ball,1,8.3,Brisbane Heat,DT Christian,CA Lynn,BAW Mendis,0,0,,,,,,"",""
ball,1,8.4,Brisbane Heat,DT Christian,CA Lynn,BAW Mendis,0,0,,,,,,"",""
ball,1,8.5,Brisbane Heat,DT Christian,CA Lynn,BAW Mendis,1,0,,,,,,"",""
ball,1,8.6,Brisbane Heat,CA Lynn,DT Christian,BAW Mendis,1,0,,,,,,"",""
ball,1,9.1,Brisbane Heat,CA Lynn,DT Christian,CP Tremain,1,0,,,,,,"",""
ball,1,9.2,Brisbane Heat,DT Christian,CA Lynn,CP Tremain,2,0,,,,,,"",""
ball,1,9.3,Brisbane Heat,DT Christian,CA Lynn,CP Tremain,0,0,,,,,,"",""
ball,1,9.4,Brisbane Heat,DT Christian,CA Lynn,CP Tremain,1,0,,,,,,"",""
ball,1,9.5,Brisbane Heat,CA Lynn,DT Christian,CP Tremain,0,0,,,,,,"",""
ball,1,9.6,Brisbane Heat,CA Lynn,DT Christian,CP Tremain,1,0,,,,,,"",""
ball,1,10.1,Brisbane Heat,CA Lynn,DT Christian,JS Floros,1,0,,,,,,"",""
ball,1,10.2,Brisbane Heat,DT Christian,CA Lynn,JS Floros,1,0,,,,,,"",""
ball,1,10.3,Brisbane Heat,CA Lynn,DT Christian,JS Floros,0,0,,,,,,"",""
ball,1,10.4,Brisbane Heat,CA Lynn,DT Christian,JS Floros,0,0,,,,,,"",""
ball,1,10.5,Brisbane Heat,CA Lynn,DT Christian,JS Floros,1,0,,,,,,"",""
ball,1,10.6,Brisbane Heat,DT Christian,CA Lynn,JS Floros,2,0,,,,,,"",""
ball,1,11.1,Brisbane Heat,CA Lynn,DT Christian,CP Tremain,1,0,,,,,,"",""
ball,1,11.2,Brisbane Heat,DT Christian,CA Lynn,CP Tremain,6,0,,,,,,"",""
ball,1,11.3,Brisbane Heat,DT Christian,CA Lynn,CP Tremain,1,0,,,,,,"",""
ball,1,11.4,Brisbane Heat,CA Lynn,DT Christian,CP Tremain,0,0,,,,,,"",""
ball,1,11.5,Brisbane Heat,CA Lynn,DT Christian,CP Tremain,6,0,,,,,,"",""
ball,1,11.6,Brisbane Heat,CA Lynn,DT Christian,CP Tremain,0,0,,,,,,"",""
ball,1,12.1,Brisbane Heat,DT Christian,CA Lynn,BAW Mendis,6,0,,,,,,"",""
ball,1,12.2,Brisbane Heat,DT Christian,CA Lynn,BAW Mendis,0,0,,,,,,"",""
ball,1,12.3,Brisbane Heat,DT Christian,CA Lynn,BAW Mendis,1,0,,,,,,"",""
ball,1,12.4,Brisbane Heat,CA Lynn,DT Christian,BAW Mendis,0,1,1,,,,,"",""
ball,1,12.5,Brisbane Heat,CA Lynn,DT Christian,BAW Mendis,0,0,,,,,,"",""
ball,1,12.6,Brisbane Heat,CA Lynn,DT Christian,BAW Mendis,6,0,,,,,,"",""
ball,1,12.7,Brisbane Heat,CA Lynn,DT Christian,BAW Mendis,0,0,,,,,,"",""
ball,1,13.1,Brisbane Heat,DT Christian,CA Lynn,GS Sandhu,1,0,,,,,,"",""
ball,1,13.2,Brisbane Heat,CA Lynn,DT Christian,GS Sandhu,0,0,,,,,,"",""
ball,1,13.3,Brisbane Heat,CA Lynn,DT Christian,GS Sandhu,1,0,,,,,,"",""
ball,1,13.4,Brisbane Heat,DT Christian,CA Lynn,GS Sandhu,0,1,1,,,,,"",""
ball,1,13.5,Brisbane Heat,DT Christian,CA Lynn,GS Sandhu,1,0,,,,,,"",""
ball,1,13.6,Brisbane Heat,CA Lynn,DT Christian,GS Sandhu,0,0,,,,,,"",""
ball,1,13.7,Brisbane Heat,CA Lynn,DT Christian,GS Sandhu,1,0,,,,,,"",""
ball,1,14.1,Brisbane Heat,CA Lynn,DT Christian,CP Tremain,6,0,,,,,,"",""
ball,1,14.2,Brisbane Heat,CA Lynn,DT Christian,CP Tremain,2,0,,,,,,"",""
ball,1,14.3,Brisbane Heat,CA Lynn,DT Christian,CP Tremain,0,0,,,,,,"",""
ball,1,14.4,Brisbane Heat,CA Lynn,DT Christian,CP Tremain,2,0,,,,,,"",""
ball,1,14.5,Brisbane Heat,CA Lynn,DT Christian,CP Tremain,6,0,,,,,,"",""
ball,1,14.6,Brisbane Heat,CA Lynn,DT Christian,CP Tremain,4,0,,,,,,"",""
ball,1,15.1,Brisbane Heat,DT Christian,CA Lynn,DP Nannes,0,0,,,,,,caught,DT Christian
ball,1,15.2,Brisbane Heat,CA Lynn,BCJ Cutting,DP Nannes,1,0,,,,,,"",""
ball,1,15.3,Brisbane Heat,BCJ Cutting,CA Lynn,DP Nannes,1,0,,,,,,"",""
ball,1,15.4,Brisbane Heat,CA Lynn,BCJ Cutting,DP Nannes,6,0,,,,,,"",""
ball,1,15.5,Brisbane Heat,CA Lynn,BCJ Cutting,DP Nannes,0,0,,,,,,"",""
ball,1,15.6,Brisbane Heat,CA Lynn,BCJ Cutting,DP Nannes,0,0,,,,,,"",""
ball,1,16.1,Brisbane Heat,BCJ Cutting,CA Lynn,BAW Mendis,1,0,,,,,,"",""
ball,1,16.2,Brisbane Heat,CA Lynn,BCJ Cutting,BAW Mendis,6,0,,,,,,"",""
ball,1,16.3,Brisbane Heat,CA Lynn,BCJ Cutting,BAW Mendis,1,0,,,,,,"",""
ball,1,16.4,Brisbane Heat,BCJ Cutting,CA Lynn,BAW Mendis,6,0,,,,,,"",""
ball,1,16.5,Brisbane Heat,BCJ Cutting,CA Lynn,BAW Mendis,2,0,,,,,,"",""
ball,1,16.6,Brisbane Heat,BCJ Cutting,CA Lynn,BAW Mendis,0,0,,,,,,"",""
ball,1,17.1,Brisbane Heat,CA Lynn,BCJ Cutting,DP Nannes,1,0,,,,,,"",""
ball,1,17.2,Brisbane Heat,BCJ Cutting,CA Lynn,DP Nannes,0,1,,,,1,,"",""
ball,1,17.3,Brisbane Heat,CA Lynn,BCJ Cutting,DP Nannes,0,0,,,,,,caught,CA Lynn
ball,1,17.4,Brisbane Heat,BCJ Cutting,JR Hopes,DP Nannes,1,0,,,,,,"",""
ball,1,17.5,Brisbane Heat,JR Hopes,BCJ Cutting,DP Nannes,2,0,,,,,,"",""
ball,1,17.6,Brisbane Heat,JR Hopes,BCJ Cutting,DP Nannes,0,0,,,,,,"",""
ball,1,18.1,Brisbane Heat,BCJ Cutting,JR Hopes,GS Sandhu,1,0,,,,,,"",""
ball,1,18.2,Brisbane Heat,JR Hopes,BCJ Cutting,GS Sandhu,0,1,,,,1,,"",""
ball,1,18.3,Brisbane Heat,BCJ Cutting,JR Hopes,GS Sandhu,0,1,1,,,,,"",""
ball,1,18.4,Brisbane Heat,BCJ Cutting,JR Hopes,GS Sandhu,1,0,,,,,,"",""
ball,1,18.5,Brisbane Heat,JR Hopes,BCJ Cutting,GS Sandhu,2,0,,,,,,"",""
ball,1,18.6,Brisbane Heat,JR Hopes,BCJ Cutting,GS Sandhu,1,0,,,,,,"",""
ball,1,18.7,Brisbane Heat,BCJ Cutting,JR Hopes,GS Sandhu,6,0,,,,,,"",""
ball,1,19.1,Brisbane Heat,JR Hopes,BCJ Cutting,CP Tremain,2,0,,,,,,"",""
ball,1,19.2,Brisbane Heat,JR Hopes,BCJ Cutting,CP Tremain,4,0,,,,,,"",""
ball,1,19.3,Brisbane Heat,JR Hopes,BCJ Cutting,CP Tremain,1,0,,,,,,"",""
ball,1,19.4,Brisbane Heat,BCJ Cutting,JR Hopes,CP Tremain,0,1,1,,,,,"",""
ball,1,19.5,Brisbane Heat,BCJ Cutting,JR Hopes,CP Tremain,0,0,,,,,,"",""
ball,1,19.6,Brisbane Heat,BCJ Cutting,JR Hopes,CP Tremain,0,0,,,,,,"",""
ball,1,19.7,Brisbane Heat,BCJ Cutting,JR Hopes,CP Tremain,6,0,,,,,,"",""
ball,2,0.1,Sydney Thunder,UT Khawaja,DP Hughes,DL Vettori,3,0,,,,,,"",""
ball,2,0.2,Sydney Thunder,DP Hughes,UT Khawaja,DL Vettori,0,0,,,,,,"",""
ball,2,0.3,Sydney Thunder,DP Hughes,UT Khawaja,DL Vettori,0,0,,,,,,"",""
ball,2,0.4,Sydney Thunder,DP Hughes,UT Khawaja,DL Vettori,0,0,,,,,,"",""
ball,2,0.5,Sydney Thunder,DP Hughes,UT Khawaja,DL Vettori,0,0,,,,,,"",""
ball,2,0.6,Sydney Thunder,DP Hughes,UT Khawaja,DL Vettori,1,0,,,,,,"",""
ball,2,1.1,Sydney Thunder,DP Hughes,UT Khawaja,DT Christian,0,0,,,,,,"",""
ball,2,1.2,Sydney Thunder,DP Hughes,UT Khawaja,DT Christian,0,0,,,,,,"",""
ball,2,1.3,Sydney Thunder,DP Hughes,UT Khawaja,DT Christian,1,0,,,,,,"",""
ball,2,1.4,Sydney Thunder,UT Khawaja,DP Hughes,DT Christian,0,0,,,,,,"",""
ball,2,1.5,Sydney Thunder,UT Khawaja,DP Hughes,DT Christian,1,0,,,,,,"",""
ball,2,1.6,Sydney Thunder,DP Hughes,UT Khawaja,DT Christian,4,0,,,,,,"",""
ball,2,2.1,Sydney Thunder,UT Khawaja,DP Hughes,DL Vettori,0,1,,,,1,,"",""
ball,2,2.2,Sydney Thunder,DP Hughes,UT Khawaja,DL Vettori,0,0,,,,,,"",""
ball,2,2.3,Sydney Thunder,DP Hughes,UT Khawaja,DL Vettori,1,0,,,,,,"",""
ball,2,2.4,Sydney Thunder,UT Khawaja,DP Hughes,DL Vettori,2,0,,,,,,"",""
ball,2,2.5,Sydney Thunder,UT Khawaja,DP Hughes,DL Vettori,2,0,,,,,,"",""
ball,2,2.6,Sydney Thunder,UT Khawaja,DP Hughes,DL Vettori,0,0,,,,,,"",""
ball,2,3.1,Sydney Thunder,DP Hughes,UT Khawaja,MT Steketee,0,0,,,,,,"",""
ball,2,3.2,Sydney Thunder,DP Hughes,UT Khawaja,MT Steketee,0,0,,,,,,caught,DP Hughes
ball,2,3.3,Sydney Thunder,UT Khawaja,MEK Hussey,MT Steketee,1,0,,,,,,"",""
ball,2,3.4,Sydney Thunder,MEK Hussey,UT Khawaja,MT Steketee,0,0,,,,,,"",""
ball,2,3.5,Sydney Thunder,MEK Hussey,UT Khawaja,MT Steketee,2,0,,,,,,"",""
ball,2,3.6,Sydney Thunder,MEK Hussey,UT Khawaja,MT Steketee,0,0,,,,,,"",""
ball,2,4.1,Sydney Thunder,UT Khawaja,MEK Hussey,DL Vettori,1,0,,,,,,"",""
ball,2,4.2,Sydney Thunder,MEK Hussey,UT Khawaja,DL Vettori,1,0,,,,,,"",""
ball,2,4.3,Sydney Thunder,UT Khawaja,MEK Hussey,DL Vettori,1,0,,,,,,"",""
ball,2,4.4,Sydney Thunder,MEK Hussey,UT Khawaja,DL Vettori,3,0,,,,,,"",""
ball,2,4.5,Sydney Thunder,UT Khawaja,MEK Hussey,DL Vettori,0,0,,,,,,"",""
ball,2,4.6,Sydney Thunder,UT Khawaja,MEK Hussey,DL Vettori,1,0,,,,,,"",""
ball,2,5.1,Sydney Thunder,UT Khawaja,MEK Hussey,MT Steketee,0,0,,,,,,"",""
ball,2,5.2,Sydney Thunder,UT Khawaja,MEK Hussey,MT Steketee,1,0,,,,,,"",""
ball,2,5.3,Sydney Thunder,MEK Hussey,UT Khawaja,MT Steketee,1,0,,,,,,"",""
ball,2,5.4,Sydney Thunder,UT Khawaja,MEK Hussey,MT Steketee,1,0,,,,,,"",""
ball,2,5.5,Sydney Thunder,MEK Hussey,UT Khawaja,MT Steketee,4,0,,,,,,"",""
ball,2,5.6,Sydney Thunder,MEK Hussey,UT Khawaja,MT Steketee,1,0,,,,,,"",""
ball,2,6.1,Sydney Thunder,MEK Hussey,UT Khawaja,DL Vettori,1,0,,,,,,"",""
ball,2,6.2,Sydney Thunder,UT Khawaja,MEK Hussey,DL Vettori,1,0,,,,,,"",""
ball,2,6.3,Sydney Thunder,MEK Hussey,UT Khawaja,DL Vettori,1,0,,,,,,"",""
ball,2,6.4,Sydney Thunder,UT Khawaja,MEK Hussey,DL Vettori,1,0,,,,,,"",""
ball,2,6.5,Sydney Thunder,MEK Hussey,UT Khawaja,DL Vettori,1,0,,,,,,"",""
ball,2,6.6,Sydney Thunder,UT Khawaja,MEK Hussey,DL Vettori,4,0,,,,,,"",""
ball,2,7.1,Sydney Thunder,MEK Hussey,UT Khawaja,BCJ Cutting,2,0,,,,,,"",""
ball,2,7.2,Sydney Thunder,MEK Hussey,UT Khawaja,BCJ Cutting,1,0,,,,,,"",""
ball,2,7.3,Sydney Thunder,UT Khawaja,MEK Hussey,BCJ Cutting,1,0,,,,,,"",""
ball,2,7.4,Sydney Thunder,MEK Hussey,UT Khawaja,BCJ Cutting,4,0,,,,,,"",""
ball,2,7.5,Sydney Thunder,MEK Hussey,UT Khawaja,BCJ Cutting,0,0,,,,,,"",""
ball,2,7.6,Sydney Thunder,MEK Hussey,UT Khawaja,BCJ Cutting,0,0,,,,,,"",""
ball,2,8.1,Sydney Thunder,UT Khawaja,MEK Hussey,JR Hopes,0,0,,,,,,"",""
ball,2,8.2,Sydney Thunder,UT Khawaja,MEK Hussey,JR Hopes,1,0,,,,,,"",""
ball,2,8.3,Sydney Thunder,MEK Hussey,UT Khawaja,JR Hopes,3,0,,,,,,"",""
ball,2,8.4,Sydney Thunder,UT Khawaja,MEK Hussey,JR Hopes,0,0,,,,,,caught,UT Khawaja
ball,2,8.5,Sydney Thunder,MEK Hussey,KR Patterson,JR Hopes,1,0,,,,,,"",""
ball,2,8.6,Sydney Thunder,KR Patterson,MEK Hussey,JR Hopes,0,0,,,,,,"",""
ball,2,9.1,Sydney Thunder,MEK Hussey,KR Patterson,BCJ Cutting,2,0,,,,,,"",""
ball,2,9.2,Sydney Thunder,MEK Hussey,KR Patterson,BCJ Cutting,6,0,,,,,,"",""
ball,2,9.3,Sydney Thunder,MEK Hussey,KR Patterson,BCJ Cutting,1,0,,,,,,"",""
ball,2,9.4,Sydney Thunder,KR Patterson,MEK Hussey,BCJ Cutting,1,0,,,,,,"",""
ball,2,9.5,Sydney Thunder,MEK Hussey,KR Patterson,BCJ Cutting,1,0,,,,,,"",""
ball,2,9.6,Sydney Thunder,KR Patterson,MEK Hussey,BCJ Cutting,1,0,,,,,,"",""
ball,2,10.1,Sydney Thunder,KR Patterson,MEK Hussey,JR Hopes,0,0,,,,,,lbw,KR Patterson
ball,2,10.2,Sydney Thunder,JS Floros,MEK Hussey,JR Hopes,1,0,,,,,,"",""
ball,2,10.3,Sydney Thunder,MEK Hussey,JS Floros,JR Hopes,1,0,,,,,,"",""
ball,2,10.4,Sydney Thunder,JS Floros,MEK Hussey,JR Hopes,0,0,,,,,,"",""
ball,2,10.5,Sydney Thunder,JS Floros,MEK Hussey,JR Hopes,1,0,,,,,,"",""
ball,2,10.6,Sydney Thunder,MEK Hussey,JS Floros,JR Hopes,0,0,,,,,,"",""
ball,2,11.1,Sydney Thunder,JS Floros,MEK Hussey,BCJ Cutting,0,0,,,,,,"",""
ball,2,11.2,Sydney Thunder,JS Floros,MEK Hussey,BCJ Cutting,0,0,,,,,,bowled,JS Floros
ball,2,11.3,Sydney Thunder,CJ Borgas,MEK Hussey,BCJ Cutting,1,0,,,,,,"",""
ball,2,11.4,Sydney Thunder,MEK Hussey,CJ Borgas,BCJ Cutting,0,0,,,,,,"",""
ball,2,11.5,Sydney Thunder,MEK Hussey,CJ Borgas,BCJ Cutting,4,0,,,,,,"",""
ball,2,11.6,Sydney Thunder,MEK Hussey,CJ Borgas,BCJ Cutting,4,0,,,,,,"",""
ball,2,12.1,Sydney Thunder,CJ Borgas,MEK Hussey,JR Hopes,0,0,,,,,,"",""
ball,2,12.2,Sydney Thunder,CJ Borgas,MEK Hussey,JR Hopes,1,0,,,,,,"",""
ball,2,12.3,Sydney Thunder,MEK Hussey,CJ Borgas,JR Hopes,1,0,,,,,,"",""
ball,2,12.4,Sydney Thunder,CJ Borgas,MEK Hussey,JR Hopes,0,0,,,,,,"",""
ball,2,12.5,Sydney Thunder,CJ Borgas,MEK Hussey,JR Hopes,3,0,,,,,,"",""
ball,2,12.6,Sydney Thunder,MEK Hussey,CJ Borgas,JR Hopes,1,0,,,,,,"",""
ball,2,13.1,Sydney Thunder,MEK Hussey,CJ Borgas,CJ Gannon,1,0,,,,,,"",""
ball,2,13.2,Sydney Thunder,CJ Borgas,MEK Hussey,CJ Gannon,0,0,,,,,,caught,CJ Borgas
ball,2,13.3,Sydney Thunder,MEK Hussey,RGL Carters,CJ Gannon,1,0,,,,,,"",""
ball,2,13.4,Sydney Thunder,RGL Carters,MEK Hussey,CJ Gannon,1,0,,,,,,"",""
ball,2,13.5,Sydney Thunder,MEK Hussey,RGL Carters,CJ Gannon,1,0,,,,,,"",""
ball,2,13.6,Sydney Thunder,RGL Carters,MEK Hussey,CJ Gannon,1,0,,,,,,"",""
ball,2,14.1,Sydney Thunder,RGL Carters,MEK Hussey,JR Hopes,1,0,,,,,,"",""
ball,2,14.2,Sydney Thunder,MEK Hussey,RGL Carters,JR Hopes,6,0,,,,,,"",""
ball,2,14.3,Sydney Thunder,MEK Hussey,RGL Carters,JR Hopes,1,0,,,,,,"",""
ball,2,14.4,Sydney Thunder,RGL Carters,MEK Hussey,JR Hopes,2,0,,,,,,"",""
ball,2,14.5,Sydney Thunder,RGL Carters,MEK Hussey,JR Hopes,1,0,,,,,,"",""
ball,2,14.6,Sydney Thunder,MEK Hussey,RGL Carters,JR Hopes,1,0,,,,,,"",""
ball,2,15.1,Sydney Thunder,MEK Hussey,RGL Carters,CJ Gannon,2,0,,,,,,"",""
ball,2,15.2,Sydney Thunder,MEK Hussey,RGL Carters,CJ Gannon,0,0,,,,,,caught,MEK Hussey
ball,2,15.3,Sydney Thunder,RGL Carters,CP Tremain,CJ Gannon,1,0,,,,,,"",""
ball,2,15.4,Sydney Thunder,CP Tremain,RGL Carters,CJ Gannon,0,0,,,,,,caught and bowled,CP Tremain
ball,2,15.5,Sydney Thunder,RGL Carters,BAW Mendis,CJ Gannon,0,0,,,,,,caught,RGL Carters
ball,2,15.6,Sydney Thunder,GS Sandhu,BAW Mendis,CJ Gannon,1,0,,,,,,"",""
ball,2,16.1,Sydney Thunder,GS Sandhu,BAW Mendis,MT Steketee,1,0,,,,,,"",""
ball,2,16.2,Sydney Thunder,BAW Mendis,GS Sandhu,MT Steketee,0,0,,,,,,"",""
ball,2,16.3,Sydney Thunder,BAW Mendis,GS Sandhu,MT Steketee,0,0,,,,,,"",""
ball,2,16.4,Sydney Thunder,BAW Mendis,GS Sandhu,MT Steketee,4,0,,,,,,"",""
ball,2,16.5,Sydney Thunder,BAW Mendis,GS Sandhu,MT Steketee,4,0,,,,,,"",""
ball,2,16.6,Sydney Thunder,BAW Mendis,GS Sandhu,MT Steketee,0,0,,,,,,caught,BAW Mendis
ball,2,17.1,Sydney Thunder,GS Sandhu,DP Nannes,CJ Gannon,1,0,,,,,,"",""
ball,2,17.2,Sydney Thunder,DP Nannes,GS Sandhu,CJ Gannon,0,0,,,,,,run out,GS Sandhu
