version,1.6.0
info,balls_per_over,6
info,team,Melbourne Renegades
info,team,Adelaide Strikers
info,gender,male
info,season,2014/15
info,date,2015/01/19
info,event,Big Bash League
info,venue,Docklands Stadium
info,city,Melbourne
info,toss_winner,Adelaide Strikers
info,toss_decision,bat
info,player_of_match,TM Head
info,umpire,GA Abood
info,umpire,GJ Davidson
info,reserve_umpire,AJ Sammartino
info,tv_umpire,GC Joshua
info,match_referee,D Talalla
info,winner,Adelaide Strikers
info,winner_runs,22
info,player,Adelaide Strikers,CJ Simmons
info,player,Adelaide Strikers,TP Ludeman
info,player,Adelaide Strikers,TM Head
info,player,Adelaide Strikers,RN ten Doeschate
info,player,Adelaide Strikers,KR Smith
info,player,Adelaide Strikers,J Botha
info,player,Adelaide Strikers,AI Ross
info,player,Adelaide Strikers,KW Richardson
info,player,Adelaide Strikers,A Zampa
info,player,Adelaide Strikers,B Laughlin
info,player,Adelaide Strikers,GD Putland
info,player,Melbourne Renegades,MS Wade
info,player,Melbourne Renegades,AJ Doolan
info,player,Melbourne Renegades,CJ Ferguson
info,player,Melbourne Renegades,BA Stokes
info,player,Melbourne Renegades,BJ Rohrer
info,player,Melbourne Renegades,Shakib Al Hasan
info,player,Melbourne Renegades,TM Beaton
info,player,Melbourne Renegades,JL Pattinson
info,player,Melbourne Renegades,NJ Rimmington
info,player,Melbourne Renegades,PM Siddle
info,player,Melbourne Renegades,Fawad Ahmed
info,registry,people,A Zampa,14f96089
info,registry,people,AI Ross,fb0d68b4
info,registry,people,AJ Doolan,36eafb02
info,registry,people,AJ Sammartino,284d6015
info,registry,people,B Laughlin,b2a79f17
info,registry,people,BA Stokes,e087956b
info,registry,people,BJ Rohrer,27af6414
info,registry,people,CJ Ferguson,9b4935c8
info,registry,people,CJ Simmons,0095ce38
info,registry,people,D Talalla,dcfe6cdd
info,registry,people,Fawad Ahmed,22ae3041
info,registry,people,GA Abood,a4af5528
info,registry,people,GC Joshua,4c47ebf2
info,registry,people,GD Putland,9f54ae00
info,registry,people,GJ Davidson,31ad5973
info,registry,people,J Botha,7c503806
info,registry,people,JL Pattinson,f752db61
info,registry,people,KR Smith,b816c2a5
info,registry,people,KW Richardson,dfc4d8b5
info,registry,people,MS Wade,afa7e784
info,registry,people,NJ Rimmington,6042bf26
info,registry,people,PM Siddle,bd93fea4
info,registry,people,RN ten Doeschate,4ec07775
info,registry,people,Shakib Al Hasan,7dc35884
info,registry,people,TM Beaton,f0ec8597
info,registry,people,TM Head,12b610c2
info,registry,people,TP Ludeman,c3f7898b
ball,1,0.1,Adelaide Strikers,CJ Simmons,TP Ludeman,JL Pattinson,0,0,,,,,,"",""
ball,1,0.2,Adelaide Strikers,CJ Simmons,TP Ludeman,JL Pattinson,0,0,,,,,,"",""
ball,1,0.3,Adelaide Strikers,CJ Simmons,TP Ludeman,JL Pattinson,0,0,,,,,,"",""
ball,1,0.4,Adelaide Strikers,CJ Simmons,TP Ludeman,JL Pattinson,0,0,,,,,,"",""
ball,1,0.5,Adelaide Strikers,CJ Simmons,TP Ludeman,JL Pattinson,1,0,,,,,,"",""
ball,1,0.6,Adelaide Strikers,TP Ludeman,CJ Simmons,JL Pattinson,0,0,,,,,,"",""
ball,1,1.1,Adelaide Strikers,CJ Simmons,TP Ludeman,PM Siddle,4,0,,,,,,"",""
ball,1,1.2,Adelaide Strikers,CJ Simmons,TP Ludeman,PM Siddle,1,0,,,,,,"",""
ball,1,1.3,Adelaide Strikers,TP Ludeman,CJ Simmons,PM Siddle,0,0,,,,,,"",""
ball,1,1.4,Adelaide Strikers,TP Ludeman,CJ Simmons,PM Siddle,1,0,,,,,,"",""
ball,1,1.5,Adelaide Strikers,CJ Simmons,TP Ludeman,PM Siddle,1,0,,,,,,"",""
ball,1,1.6,Adelaide Strikers,TP Ludeman,CJ Simmons,PM Siddle,0,0,,,,,,"",""
ball,1,2.1,Adelaide Strikers,CJ Simmons,TP Ludeman,JL Pattinson,0,0,,,,,,"",""
ball,1,2.2,Adelaide Strikers,CJ Simmons,TP Ludeman,JL Pattinson,0,0,,,,,,"",""
ball,1,2.3,Adelaide Strikers,CJ Simmons,TP Ludeman,JL Pattinson,0,0,,,,,,"",""
ball,1,2.4,Adelaide Strikers,CJ Simmons,TP Ludeman,JL Pattinson,0,0,,,,,,"",""
ball,1,2.5,Adelaide Strikers,CJ Simmons,TP Ludeman,JL Pattinson,0,0,,,,,,"",""
ball,1,2.6,Adelaide Strikers,CJ Simmons,TP Ludeman,JL Pattinson,0,0,,,,,,"",""
ball,1,3.1,Adelaide Strikers,TP Ludeman,CJ Simmons,PM Siddle,0,0,,,,,,"",""
ball,1,3.2,Adelaide Strikers,TP Ludeman,CJ Simmons,PM Siddle,1,0,,,,,,"",""
ball,1,3.3,Adelaide Strikers,CJ Simmons,TP Ludeman,PM Siddle,0,0,,,,,,"",""
ball,1,3.4,Adelaide Strikers,CJ Simmons,TP Ludeman,PM Siddle,2,0,,,,,,"",""
ball,1,3.5,Adelaide Strikers,CJ Simmons,TP Ludeman,PM Siddle,0,0,,,,,,"",""
ball,1,3.6,Adelaide Strikers,CJ Simmons,TP Ludeman,PM Siddle,6,0,,,,,,"",""
ball,1,4.1,Adelaide Strikers,TP Ludeman,CJ Simmons,JL Pattinson,0,0,,,,,,"",""
ball,1,4.2,Adelaide Strikers,TP Ludeman,CJ Simmons,JL Pattinson,0,0,,,,,,"",""
ball,1,4.3,Adelaide Strikers,TP Ludeman,CJ Simmons,JL Pattinson,1,0,,,,,,"",""
ball,1,4.4,Adelaide Strikers,CJ Simmons,TP Ludeman,JL Pattinson,0,0,,,,,,"",""
ball,1,4.5,Adelaide Strikers,CJ Simmons,TP Ludeman,JL Pattinson,0,0,,,,,,caught,CJ Simmons
ball,1,4.6,Adelaide Strikers,TM Head,TP Ludeman,JL Pattinson,1,0,,,,,,"",""
ball,1,5.1,Adelaide Strikers,TM Head,TP Ludeman,NJ Rimmington,1,0,,,,,,"",""
ball,1,5.2,Adelaide Strikers,TP Ludeman,TM Head,NJ Rimmington,1,0,,,,,,"",""
ball,1,5.3,Adelaide Strikers,TM Head,TP Ludeman,NJ Rimmington,2,0,,,,,,run out,TP Ludeman
ball,1,5.4,Adelaide Strikers,RN ten Doeschate,TM Head,NJ Rimmington,2,0,,,,,,"",""
ball,1,5.5,Adelaide Strikers,RN ten Doeschate,TM Head,NJ Rimmington,0,0,,,,,,bowled,RN ten Doeschate
ball,1,5.6,Adelaide Strikers,KR Smith,TM Head,NJ Rimmington,2,0,,,,,,"",""
ball,1,6.1,Adelaide Strikers,TM Head,KR Smith,JL Pattinson,0,0,,,,,,"",""
ball,1,6.2,Adelaide Strikers,TM Head,KR Smith,JL Pattinson,4,0,,,,,,"",""
ball,1,6.3,Adelaide Strikers,TM Head,KR Smith,JL Pattinson,0,0,,,,,,"",""
ball,1,6.4,Adelaide Strikers,TM Head,KR Smith,JL Pattinson,4,0,,,,,,"",""
ball,1,6.5,Adelaide Strikers,TM Head,KR Smith,JL Pattinson,1,0,,,,,,"",""
ball,1,6.6,Adelaide Strikers,KR Smith,TM Head,JL Pattinson,0,0,,,,,,"",""
ball,1,7.1,Adelaide Strikers,TM Head,KR Smith,Fawad Ahmed,1,0,,,,,,"",""
ball,1,7.2,Adelaide Strikers,KR Smith,TM Head,Fawad Ahmed,0,0,,,,,,"",""
ball,1,7.3,Adelaide Strikers,KR Smith,TM Head,Fawad Ahmed,2,0,,,,,,"",""
ball,1,7.4,Adelaide Strikers,KR Smith,TM Head,Fawad Ahmed,1,0,,,,,,"",""
ball,1,7.5,Adelaide Strikers,TM Head,KR Smith,Fawad Ahmed,0,0,,,,,,"",""
ball,1,7.6,Adelaide Strikers,TM Head,KR Smith,Fawad Ahmed,0,0,,,,,,"",""
ball,1,8.1,Adelaide Strikers,KR Smith,TM Head,Shakib Al Hasan,0,0,,,,,,"",""
ball,1,8.2,Adelaide Strikers,KR Smith,TM Head,Shakib Al Hasan,4,0,,,,,,"",""
ball,1,8.3,Adelaide Strikers,KR Smith,TM Head,Shakib Al Hasan,1,0,,,,,,"",""
ball,1,8.4,Adelaide Strikers,TM Head,KR Smith,Shakib Al Hasan,1,0,,,,,,"",""
ball,1,8.5,Adelaide Strikers,KR Smith,TM Head,Shakib Al Hasan,1,0,,,,,,"",""
ball,1,8.6,Adelaide Strikers,TM Head,KR Smith,Shakib Al Hasan,0,0,,,,,,"",""
ball,1,9.1,Adelaide Strikers,KR Smith,TM Head,Fawad Ahmed,0,0,,,,,,"",""
ball,1,9.2,Adelaide Strikers,KR Smith,TM Head,Fawad Ahmed,0,0,,,,,,"",""
ball,1,9.3,Adelaide Strikers,KR Smith,TM Head,Fawad Ahmed,0,0,,,,,,"",""
ball,1,9.4,Adelaide Strikers,KR Smith,TM Head,Fawad Ahmed,1,0,,,,,,"",""
ball,1,9.5,Adelaide Strikers,TM Head,KR Smith,Fawad Ahmed,4,0,,,,,,"",""
ball,1,9.6,Adelaide Strikers,TM Head,KR Smith,Fawad Ahmed,1,0,,,,,,"",""
ball,1,10.1,Adelaide Strikers,TM Head,KR Smith,Shakib Al Hasan,4,0,,,,,,"",""
ball,1,10.2,Adelaide Strikers,TM Head,KR Smith,Shakib Al Hasan,1,0,,,,,,"",""
ball,1,10.3,Adelaide Strikers,KR Smith,TM Head,Shakib Al Hasan,1,0,,,,,,"",""
ball,1,10.4,Adelaide Strikers,TM Head,KR Smith,Shakib Al Hasan,1,0,,,,,,"",""
ball,1,10.5,Adelaide Strikers,KR Smith,TM Head,Shakib Al Hasan,1,0,,,,,,"",""
ball,1,10.6,Adelaide Strikers,TM Head,KR Smith,Shakib Al Hasan,1,0,,,,,,"",""
ball,1,11.1,Adelaide Strikers,TM Head,KR Smith,BA Stokes,6,0,,,,,,"",""
ball,1,11.2,Adelaide Strikers,TM Head,KR Smith,BA Stokes,6,0,,,,,,"",""
ball,1,11.3,Adelaide Strikers,TM Head,KR Smith,BA Stokes,6,0,,,,,,"",""
ball,1,11.4,Adelaide Strikers,TM Head,KR Smith,BA Stokes,1,0,,,,,,"",""
ball,1,11.5,Adelaide Strikers,KR Smith,TM Head,BA Stokes,0,0,,,,,,"",""
ball,1,11.6,Adelaide Strikers,KR Smith,TM Head,BA Stokes,4,0,,,,,,"",""
ball,1,12.1,Adelaide Strikers,TM Head,KR Smith,Shakib Al Hasan,1,0,,,,,,"",""
ball,1,12.2,Adelaide Strikers,KR Smith,TM Head,Shakib Al Hasan,1,0,,,,,,"",""
ball,1,12.3,Adelaide Strikers,TM Head,KR Smith,Shakib Al Hasan,1,0,,,,,,"",""
ball,1,12.4,Adelaide Strikers,KR Smith,TM Head,Shakib Al Hasan,2,0,,,,,,"",""
ball,1,12.5,Adelaide Strikers,KR Smith,TM Head,Shakib Al Hasan,0,0,,,,,,"",""
ball,1,12.6,Adelaide Strikers,KR Smith,TM Head,Shakib Al Hasan,0,0,,,,,,"",""
ball,1,13.1,Adelaide Strikers,TM Head,KR Smith,NJ Rimmington,4,0,,,,,,"",""
ball,1,13.2,Adelaide Strikers,TM Head,KR Smith,NJ Rimmington,2,0,,,,,,"",""
ball,1,13.3,Adelaide Strikers,TM Head,KR Smith,NJ Rimmington,0,0,,,,,,"",""
ball,1,13.4,Adelaide Strikers,TM Head,KR Smith,NJ Rimmington,2,0,,,,,,"",""
ball,1,13.5,Adelaide Strikers,TM Head,KR Smith,NJ Rimmington,4,0,,,,,,"",""
ball,1,13.6,Adelaide Strikers,TM Head,KR Smith,NJ Rimmington,6,0,,,,,,"",""
ball,1,14.1,Adelaide Strikers,KR Smith,TM Head,Fawad Ahmed,1,0,,,,,,"",""
ball,1,14.2,Adelaide Strikers,TM Head,KR Smith,Fawad Ahmed,4,0,,,,,,"",""
ball,1,14.3,Adelaide Strikers,TM Head,KR Smith,Fawad Ahmed,1,0,,,,,,"",""
ball,1,14.4,Adelaide Strikers,KR Smith,TM Head,Fawad Ahmed,1,0,,,,,,"",""
ball,1,14.5,Adelaide Strikers,TM Head,KR Smith,Fawad Ahmed,0,0,,,,,,caught,TM Head
ball,1,14.6,Adelaide Strikers,KR Smith,J Botha,Fawad Ahmed,4,0,,,,,,"",""
ball,1,15.1,Adelaide Strikers,J Botha,KR Smith,PM Siddle,1,0,,,,,,"",""
ball,1,15.2,Adelaide Strikers,KR Smith,J Botha,PM Siddle,3,0,,,,,,"",""
ball,1,15.3,Adelaide Strikers,J Botha,KR Smith,PM Siddle,1,0,,,,,,"",""
ball,1,15.4,Adelaide Strikers,KR Smith,J Botha,PM Siddle,1,0,,,,,,"",""
ball,1,15.5,Adelaide Strikers,J Botha,KR Smith,PM Siddle,1,0,,,,,,"",""
ball,1,15.6,Adelaide Strikers,KR Smith,J Botha,PM Siddle,0,0,,,,,,"",""
ball,1,16.1,Adelaide Strikers,J Botha,KR Smith,Shakib Al Hasan,2,0,,,,,,"",""
ball,1,16.2,Adelaide Strikers,J Botha,KR Smith,Shakib Al Hasan,1,0,,,,,,"",""
ball,1,16.3,Adelaide Strikers,KR Smith,J Botha,Shakib Al Hasan,1,0,,,,,,"",""
ball,1,16.4,Adelaide Strikers,J Botha,KR Smith,Shakib Al Hasan,2,0,,,,,,"",""
ball,1,16.5,Adelaide Strikers,J Botha,KR Smith,Shakib Al Hasan,0,0,,,,,,"",""
ball,1,16.6,Adelaide Strikers,J Botha,KR Smith,Shakib Al Hasan,1,0,,,,,,"",""
ball,1,17.1,Adelaide Strikers,J Botha,KR Smith,Fawad Ahmed,1,0,,,,,,"",""
ball,1,17.2,Adelaide Strikers,KR Smith,J Botha,Fawad Ahmed,1,0,,,,,,"",""
ball,1,17.3,Adelaide Strikers,J Botha,KR Smith,Fawad Ahmed,2,0,,,,,,"",""
ball,1,17.4,Adelaide Strikers,J Botha,KR Smith,Fawad Ahmed,1,0,,,,,,"",""
ball,1,17.5,Adelaide Strikers,KR Smith,J Botha,Fawad Ahmed,4,0,,,,,,"",""
ball,1,17.6,Adelaide Strikers,KR Smith,J Botha,Fawad Ahmed,1,0,,,,,,"",""
ball,1,18.1,Adelaide Strikers,KR Smith,J Botha,PM Siddle,1,0,,,,,,"",""
ball,1,18.2,Adelaide Strikers,J Botha,KR Smith,PM Siddle,0,0,,,,,,"",""
ball,1,18.3,Adelaide Strikers,J Botha,KR Smith,PM Siddle,4,0,,,,,,"",""
ball,1,18.4,Adelaide Strikers,J Botha,KR Smith,PM Siddle,1,0,,,,,,"",""
ball,1,18.5,Adelaide Strikers,KR Smith,J Botha,PM Siddle,0,0,,,,,,"",""
ball,1,18.6,Adelaide Strikers,KR Smith,J Botha,PM Siddle,2,0,,,,,,"",""
ball,1,19.1,Adelaide Strikers,J Botha,KR Smith,NJ Rimmington,4,0,,,,,,"",""
ball,1,19.2,Adelaide Strikers,J Botha,KR Smith,NJ Rimmington,2,0,,,,,,"",""
ball,1,19.3,Adelaide Strikers,J Botha,KR Smith,NJ Rimmington,2,0,,,,,,"",""
ball,1,19.4,Adelaide Strikers,J Botha,KR Smith,NJ Rimmington,6,0,,,,,,"",""
ball,1,19.5,Adelaide Strikers,J Botha,KR Smith,NJ Rimmington,0,0,,,,,,caught,J Botha
ball,1,19.6,Adelaide Strikers,AI Ross,KR Smith,NJ Rimmington,0,1,,,1,,,"",""
ball,2,0.1,Melbourne Renegades,MS Wade,AJ Doolan,GD Putland,0,0,,,,,,"",""
ball,2,0.2,Melbourne Renegades,MS Wade,AJ Doolan,GD Putland,0,0,,,,,,"",""
ball,2,0.3,Melbourne Renegades,MS Wade,AJ Doolan,GD Putland,0,0,,,,,,"",""
ball,2,0.4,Melbourne Renegades,MS Wade,AJ Doolan,GD Putland,0,0,,,,,,"",""
ball,2,0.5,Melbourne Renegades,MS Wade,AJ Doolan,GD Putland,1,0,,,,,,"",""
ball,2,0.6,Melbourne Renegades,AJ Doolan,MS Wade,GD Putland,1,0,,,,,,"",""
ball,2,1.1,Melbourne Renegades,AJ Doolan,MS Wade,KW Richardson,0,1,1,,,,,"",""
ball,2,1.2,Melbourne Renegades,AJ Doolan,MS Wade,KW Richardson,4,0,,,,,,"",""
ball,2,1.3,Melbourne Renegades,AJ Doolan,MS Wade,KW Richardson,2,0,,,,,,"",""
ball,2,1.4,Melbourne Renegades,AJ Doolan,MS Wade,KW Richardson,4,0,,,,,,"",""
ball,2,1.5,Melbourne Renegades,AJ Doolan,MS Wade,KW Richardson,0,0,,,,,,"",""
ball,2,1.6,Melbourne Renegades,AJ Doolan,MS Wade,KW Richardson,1,0,,,,,,"",""
ball,2,1.7,Melbourne Renegades,MS Wade,AJ Doolan,KW Richardson,2,0,,,,,,"",""
ball,2,2.1,Melbourne Renegades,AJ Doolan,MS Wade,GD Putland,0,0,,,,,,"",""
ball,2,2.2,Melbourne Renegades,AJ Doolan,MS Wade,GD Putland,0,0,,,,,,"",""
ball,2,2.3,Melbourne Renegades,AJ Doolan,MS Wade,GD Putland,0,0,,,,,,"",""
ball,2,2.4,Melbourne Renegades,AJ Doolan,MS Wade,GD Putland,0,0,,,,,,bowled,AJ Doolan
ball,2,2.5,Melbourne Renegades,CJ Ferguson,MS Wade,GD Putland,0,0,,,,,,"",""
ball,2,2.6,Melbourne Renegades,CJ Ferguson,MS Wade,GD Putland,0,0,,,,,,"",""
ball,2,3.1,Melbourne Renegades,MS Wade,CJ Ferguson,KW Richardson,1,0,,,,,,"",""
ball,2,3.2,Melbourne Renegades,CJ Ferguson,MS Wade,KW Richardson,0,0,,,,,,"",""
ball,2,3.3,Melbourne Renegades,CJ Ferguson,MS Wade,KW Richardson,2,0,,,,,,"",""
ball,2,3.4,Melbourne Renegades,CJ Ferguson,MS Wade,KW Richardson,4,0,,,,,,"",""
ball,2,3.5,Melbourne Renegades,CJ Ferguson,MS Wade,KW Richardson,0,0,,,,,,caught,CJ Ferguson
ball,2,3.6,Melbourne Renegades,MS Wade,BA Stokes,KW Richardson,1,0,,,,,,"",""
ball,2,4.1,Melbourne Renegades,MS Wade,BA Stokes,GD Putland,0,0,,,,,,"",""
ball,2,4.2,Melbourne Renegades,MS Wade,BA Stokes,GD Putland,1,0,,,,,,"",""
ball,2,4.3,Melbourne Renegades,BA Stokes,MS Wade,GD Putland,1,0,,,,,,"",""
ball,2,4.4,Melbourne Renegades,MS Wade,BA Stokes,GD Putland,0,1,1,,,,,"",""
ball,2,4.5,Melbourne Renegades,MS Wade,BA Stokes,GD Putland,1,0,,,,,,"",""
ball,2,4.6,Melbourne Renegades,BA Stokes,MS Wade,GD Putland,0,0,,,,,,"",""
ball,2,4.7,Melbourne Renegades,BA Stokes,MS Wade,GD Putland,0,0,,,,,,"",""
ball,2,5.1,Melbourne Renegades,MS Wade,BA Stokes,B Laughlin,0,0,,,,,,"",""
ball,2,5.2,Melbourne Renegades,MS Wade,BA Stokes,B Laughlin,1,0,,,,,,"",""
ball,2,5.3,Melbourne Renegades,BA Stokes,MS Wade,B Laughlin,4,0,,,,,,"",""
ball,2,5.4,Melbourne Renegades,BA Stokes,MS Wade,B Laughlin,0,1,1,,,,,"",""
ball,2,5.5,Melbourne Renegades,BA Stokes,MS Wade,B Laughlin,1,0,,,,,,"",""
ball,2,5.6,Melbourne Renegades,MS Wade,BA Stokes,B Laughlin,0,0,,,,,,"",""
ball,2,5.7,Melbourne Renegades,MS Wade,BA Stokes,B Laughlin,4,0,,,,,,"",""
ball,2,6.1,Melbourne Renegades,BA Stokes,MS Wade,GD Putland,2,0,,,,,,"",""
ball,2,6.2,Melbourne Renegades,BA Stokes,MS Wade,GD Putland,0,0,,,,,,"",""
ball,2,6.3,Melbourne Renegades,BA Stokes,MS Wade,GD Putland,6,0,,,,,,"",""
ball,2,6.4,Melbourne Renegades,BA Stokes,MS Wade,GD Putland,1,0,,,,,,"",""
ball,2,6.5,Melbourne Renegades,MS Wade,BA Stokes,GD Putland,0,0,,,,,,"",""
ball,2,6.6,Melbourne Renegades,MS Wade,BA Stokes,GD Putland,1,0,,,,,,"",""
ball,2,7.1,Melbourne Renegades,MS Wade,BA Stokes,J Botha,0,0,,,,,,"",""
ball,2,7.2,Melbourne Renegades,MS Wade,BA Stokes,J Botha,1,0,,,,,,"",""
ball,2,7.3,Melbourne Renegades,BA Stokes,MS Wade,J Botha,1,0,,,,,,"",""
ball,2,7.4,Melbourne Renegades,MS Wade,BA Stokes,J Botha,0,0,,,,,,"",""
ball,2,7.5,Melbourne Renegades,MS Wade,BA Stokes,J Botha,0,0,,,,,,"",""
ball,2,7.6,Melbourne Renegades,MS Wade,BA Stokes,J Botha,0,0,,,,,,"",""
ball,2,8.1,Melbourne Renegades,BA Stokes,MS Wade,A Zampa,6,0,,,,,,"",""
ball,2,8.2,Melbourne Renegades,BA Stokes,MS Wade,A Zampa,1,0,,,,,,"",""
ball,2,8.3,Melbourne Renegades,MS Wade,BA Stokes,A Zampa,0,0,,,,,,"",""
ball,2,8.4,Melbourne Renegades,MS Wade,BA Stokes,A Zampa,0,0,,,,,,"",""
ball,2,8.5,Melbourne Renegades,MS Wade,BA Stokes,A Zampa,0,0,,,,,,"",""
ball,2,8.6,Melbourne Renegades,MS Wade,BA Stokes,A Zampa,1,0,,,,,,"",""
ball,2,9.1,Melbourne Renegades,MS Wade,BA Stokes,J Botha,1,0,,,,,,"",""
ball,2,9.2,Melbourne Renegades,BA Stokes,MS Wade,J Botha,1,0,,,,,,"",""
ball,2,9.3,Melbourne Renegades,MS Wade,BA Stokes,J Botha,1,0,,,,,,"",""
ball,2,9.4,Melbourne Renegades,BA Stokes,MS Wade,J Botha,6,0,,,,,,"",""
ball,2,9.5,Melbourne Renegades,BA Stokes,MS Wade,J Botha,2,0,,,,,,"",""
ball,2,9.6,Melbourne Renegades,BA Stokes,MS Wade,J Botha,0,1,,,,1,,"",""
ball,2,10.1,Melbourne Renegades,BA Stokes,MS Wade,A Zampa,1,0,,,,,,"",""
ball,2,10.2,Melbourne Renegades,MS Wade,BA Stokes,A Zampa,1,0,,,,,,"",""
ball,2,10.3,Melbourne Renegades,BA Stokes,MS Wade,A Zampa,0,0,,,,,,"",""
ball,2,10.4,Melbourne Renegades,BA Stokes,MS Wade,A Zampa,0,0,,,,,,caught,BA Stokes
ball,2,10.5,Melbourne Renegades,BJ Rohrer,MS Wade,A Zampa,1,0,,,,,,"",""
ball,2,10.6,Melbourne Renegades,MS Wade,BJ Rohrer,A Zampa,1,0,,,,,,"",""
ball,2,11.1,Melbourne Renegades,MS Wade,BJ Rohrer,J Botha,0,0,,,,,,"",""
ball,2,11.2,Melbourne Renegades,MS Wade,BJ Rohrer,J Botha,1,0,,,,,,"",""
ball,2,11.3,Melbourne Renegades,BJ Rohrer,MS Wade,J Botha,0,0,,,,,,"",""
ball,2,11.4,Melbourne Renegades,BJ Rohrer,MS Wade,J Botha,0,0,,,,,,"",""
ball,2,11.5,Melbourne Renegades,BJ Rohrer,MS Wade,J Botha,0,0,,,,,,"",""
ball,2,11.6,Melbourne Renegades,BJ Rohrer,MS Wade,J Botha,0,0,,,,,,"",""
ball,2,12.1,Melbourne Renegades,MS Wade,BJ Rohrer,A Zampa,2,0,,,,,,"",""
ball,2,12.2,Melbourne Renegades,MS Wade,BJ Rohrer,A Zampa,0,0,,,,,,bowled,MS Wade
ball,2,12.3,Melbourne Renegades,Shakib Al Hasan,BJ Rohrer,A Zampa,0,0,,,,,,"",""
ball,2,12.4,Melbourne Renegades,Shakib Al Hasan,BJ Rohrer,A Zampa,1,0,,,,,,"",""
ball,2,12.5,Melbourne Renegades,BJ Rohrer,Shakib Al Hasan,A Zampa,1,0,,,,,,"",""
ball,2,12.6,Melbourne Renegades,Shakib Al Hasan,BJ Rohrer,A Zampa,1,0,,,,,,"",""
ball,2,13.1,Melbourne Renegades,Shakib Al Hasan,BJ Rohrer,TM Head,1,0,,,,,,"",""
ball,2,13.2,Melbourne Renegades,BJ Rohrer,Shakib Al Hasan,TM Head,0,1,,1,,,,"",""
ball,2,13.3,Melbourne Renegades,BJ Rohrer,Shakib Al Hasan,TM Head,1,0,,,,,,"",""
ball,2,13.4,Melbourne Renegades,Shakib Al Hasan,BJ Rohrer,TM Head,1,0,,,,,,"",""
ball,2,13.5,Melbourne Renegades,BJ Rohrer,Shakib Al Hasan,TM Head,0,0,,,,,,"",""
ball,2,13.6,Melbourne Renegades,BJ Rohrer,Shakib Al Hasan,TM Head,1,0,,,,,,"",""
ball,2,13.7,Melbourne Renegades,Shakib Al Hasan,BJ Rohrer,TM Head,1,0,,,,,,"",""
ball,2,14.1,Melbourne Renegades,Shakib Al Hasan,BJ Rohrer,A Zampa,0,0,,,,,,"",""
ball,2,14.2,Melbourne Renegades,Shakib Al Hasan,BJ Rohrer,A Zampa,2,0,,,,,,"",""
ball,2,14.3,Melbourne Renegades,Shakib Al Hasan,BJ Rohrer,A Zampa,1,0,,,,,,"",""
ball,2,14.4,Melbourne Renegades,BJ Rohrer,Shakib Al Hasan,A Zampa,4,0,,,,,,"",""
ball,2,14.5,Melbourne Renegades,BJ Rohrer,Shakib Al Hasan,A Zampa,1,0,,,,,,"",""
ball,2,14.6,Melbourne Renegades,Shakib Al Hasan,BJ Rohrer,A Zampa,6,0,,,,,,"",""
ball,2,15.1,Melbourne Renegades,BJ Rohrer,Shakib Al Hasan,TM Head,1,0,,,,,,"",""
ball,2,15.2,Melbourne Renegades,Shakib Al Hasan,BJ Rohrer,TM Head,2,0,,,,,,"",""
ball,2,15.3,Melbourne Renegades,Shakib Al Hasan,BJ Rohrer,TM Head,0,0,,,,,,"",""
ball,2,15.4,Melbourne Renegades,Shakib Al Hasan,BJ Rohrer,TM Head,4,0,,,,,,"",""
ball,2,15.5,Melbourne Renegades,Shakib Al Hasan,BJ Rohrer,TM Head,0,0,,,,,,"",""
ball,2,15.6,Melbourne Renegades,Shakib Al Hasan,BJ Rohrer,TM Head,2,0,,,,,,"",""
ball,2,16.1,Melbourne Renegades,BJ Rohrer,Shakib Al Hasan,J Botha,1,0,,,,,,"",""
ball,2,16.2,Melbourne Renegades,Shakib Al Hasan,BJ Rohrer,J Botha,0,0,,,,,,caught,Shakib Al Hasan
ball,2,16.3,Melbourne Renegades,BJ Rohrer,TM Beaton,J Botha,1,0,,,,,,"",""
ball,2,16.4,Melbourne Renegades,TM Beaton,BJ Rohrer,J Botha,1,0,,,,,,"",""
ball,2,16.5,Melbourne Renegades,BJ Rohrer,TM Beaton,J Botha,1,0,,,,,,"",""
ball,2,16.6,Melbourne Renegades,TM Beaton,BJ Rohrer,J Botha,6,0,,,,,,"",""
ball,2,17.1,Melbourne Renegades,BJ Rohrer,TM Beaton,B Laughlin,2,0,,,,,,"",""
ball,2,17.2,Melbourne Renegades,BJ Rohrer,TM Beaton,B Laughlin,2,0,,,,,,"",""
ball,2,17.3,Melbourne Renegades,BJ Rohrer,TM Beaton,B Laughlin,0,0,,,,,,caught,BJ Rohrer
ball,2,17.4,Melbourne Renegades,JL Pattinson,TM Beaton,B Laughlin,1,0,,,,,,"",""
ball,2,17.5,Melbourne Renegades,TM Beaton,JL Pattinson,B Laughlin,3,0,,,,,,"",""
ball,2,17.6,Melbourne Renegades,JL Pattinson,TM Beaton,B Laughlin,1,0,,,,,,"",""
ball,2,18.1,Melbourne Renegades,JL Pattinson,TM Beaton,KW Richardson,0,0,,,,,,"",""
ball,2,18.2,Melbourne Renegades,JL Pattinson,TM Beaton,KW Richardson,1,0,,,,,,"",""
ball,2,18.3,Melbourne Renegades,TM Beaton,JL Pattinson,KW Richardson,6,0,,,,,,"",""
ball,2,18.4,Melbourne Renegades,TM Beaton,JL Pattinson,KW Richardson,0,0,,,,,,"",""
ball,2,18.5,Melbourne Renegades,TM Beaton,JL Pattinson,KW Richardson,2,0,,,,,,"",""
ball,2,18.6,Melbourne Renegades,TM Beaton,JL Pattinson,KW Richardson,2,0,,,,,,"",""
ball,2,19.1,Melbourne Renegades,JL Pattinson,TM Beaton,B Laughlin,0,0,,,,,,caught,JL Pattinson
ball,2,19.2,Melbourne Renegades,TM Beaton,NJ Rimmington,B Laughlin,0,0,,,,,,"",""
ball,2,19.3,Melbourne Renegades,TM Beaton,NJ Rimmington,B Laughlin,2,0,,,,,,"",""
ball,2,19.4,Melbourne Renegades,TM Beaton,NJ Rimmington,B Laughlin,0,0,,,,,,"",""
ball,2,19.5,Melbourne Renegades,TM Beaton,NJ Rimmington,B Laughlin,1,0,,,,,,"",""
ball,2,19.6,Melbourne Renegades,NJ Rimmington,TM Beaton,B Laughlin,1,0,,,,,,"",""
