version,1.6.0
info,balls_per_over,6
info,team,Hobart Hurricanes
info,team,Sydney Sixers
info,gender,male
info,season,2014/15
info,date,2014/12/23
info,event,Big Bash League
info,venue,Bellerive Oval
info,city,Hobart
info,toss_winner,Hobart Hurricanes
info,toss_decision,bat
info,player_of_match,MC Henriques
info,umpire,MW Graham-Smith
info,umpire,P Wilson
info,reserve_umpire,H Wolff
info,tv_umpire,SJ Nogajski
info,match_referee,SR Bernard
info,winner,Sydney Sixers
info,winner_wickets,7
info,player,Hobart Hurricanes,BR Dunk
info,player,Hobart Hurricanes,AD Hales
info,player,Hobart Hurricanes,TD Paine
info,player,Hobart Hurricanes,GJ Bailey
info,player,Hobart Hurricanes,JW Wells
info,player,Hobart Hurricanes,DJG Sammy
info,player,Hobart Hurricanes,EP Gulbis
info,player,Hobart Hurricanes,JM Mennie
info,player,Hobart Hurricanes,BW Hilfenhaus
info,player,Hobart Hurricanes,CJ Boyce
info,player,Hobart Hurricanes,XJ Doherty
info,player,Sydney Sixers,MJ Lumb
info,player,Sydney Sixers,NJ Maddinson
info,player,Sydney Sixers,MH Wessels
info,player,Sydney Sixers,MC Henriques
info,player,Sydney Sixers,JC Silk
info,player,Sydney Sixers,RGL Carters
info,player,Sydney Sixers,SA Abbott
info,player,Sydney Sixers,LA Doran
info,player,Sydney Sixers,BJ Dwarshuis
info,player,Sydney Sixers,B Lee
info,player,Sydney Sixers,DE Bollinger
info,registry,people,AD Hales,92aeac25
info,registry,people,B Lee,dd09ff8e
info,registry,people,BJ Dwarshuis,e1b9f3a9
info,registry,people,BR Dunk,272d796e
info,registry,people,BW Hilfenhaus,f3171936
info,registry,people,CJ Boyce,51a60c16
info,registry,people,DE Bollinger,45c2196c
info,registry,people,DJG Sammy,c03c6200
info,registry,people,EP Gulbis,bbce4647
info,registry,people,GJ Bailey,5056011d
info,registry,people,H Wolff,e44c17f1
info,registry,people,JC Silk,7a6dc294
info,registry,people,JM Mennie,f048bb41
info,registry,people,JW Wells,8bdac857
info,registry,people,LA Doran,f201593c
info,registry,people,MC Henriques,32198ae0
info,registry,people,MH Wessels,90f47cf2
info,registry,people,MJ Lumb,11df3dc8
info,registry,people,MW Graham-Smith,18aca3ce
info,registry,people,NJ Maddinson,44afbf2d
info,registry,people,P Wilson,68304a36
info,registry,people,RGL Carters,f54c8804
info,registry,people,SA Abbott,1a2676c5
info,registry,people,SJ Nogajski,9b3f9323
info,registry,people,SR Bernard,800187dc
info,registry,people,TD Paine,5748e866
info,registry,people,XJ Doherty,502b2c81
ball,1,0.1,Hobart Hurricanes,BR Dunk,AD Hales,B Lee,1,0,,,,,,"",""
ball,1,0.2,Hobart Hurricanes,AD Hales,BR Dunk,B Lee,0,0,,,,,,"",""
ball,1,0.3,Hobart Hurricanes,AD Hales,BR Dunk,B Lee,0,0,,,,,,"",""
ball,1,0.4,Hobart Hurricanes,AD Hales,BR Dunk,B Lee,1,0,,,,,,"",""
ball,1,0.5,Hobart Hurricanes,BR Dunk,AD Hales,B Lee,1,0,,,,,,"",""
ball,1,0.6,Hobart Hurricanes,AD Hales,BR Dunk,B Lee,0,0,,,,,,caught,AD Hales
ball,1,1.1,Hobart Hurricanes,TD Paine,BR Dunk,DE Bollinger,0,0,,,,,,"",""
ball,1,1.2,Hobart Hurricanes,TD Paine,BR Dunk,DE Bollinger,0,0,,,,,,"",""
ball,1,1.3,Hobart Hurricanes,TD Paine,BR Dunk,DE Bollinger,4,0,,,,,,"",""
ball,1,1.4,Hobart Hurricanes,TD Paine,BR Dunk,DE Bollinger,0,0,,,,,,"",""
ball,1,1.5,Hobart Hurricanes,TD Paine,BR Dunk,DE Bollinger,0,0,,,,,,"",""
ball,1,1.6,Hobart Hurricanes,TD Paine,BR Dunk,DE Bollinger,0,0,,,,,,"",""
ball,1,2.1,Hobart Hurricanes,BR Dunk,TD Paine,B Lee,0,0,,,,,,"",""
ball,1,2.2,Hobart Hurricanes,BR Dunk,TD Paine,B Lee,2,0,,,,,,"",""
ball,1,2.3,Hobart Hurricanes,BR Dunk,TD Paine,B Lee,1,0,,,,,,"",""
ball,1,2.4,Hobart Hurricanes,TD Paine,BR Dunk,B Lee,3,0,,,,,,"",""
ball,1,2.5,Hobart Hurricanes,BR Dunk,TD Paine,B Lee,0,1,,,,1,,"",""
ball,1,2.6,Hobart Hurricanes,TD Paine,BR Dunk,B Lee,4,0,,,,,,"",""
ball,1,3.1,Hobart Hurricanes,BR Dunk,TD Paine,SA Abbott,1,0,,,,,,"",""
ball,1,3.2,Hobart Hurricanes,TD Paine,BR Dunk,SA Abbott,0,0,,,,,,"",""
ball,1,3.3,Hobart Hurricanes,TD Paine,BR Dunk,SA Abbott,2,0,,,,,,"",""
ball,1,3.4,Hobart Hurricanes,TD Paine,BR Dunk,SA Abbott,0,0,,,,,,"",""
ball,1,3.5,Hobart Hurricanes,TD Paine,BR Dunk,SA Abbott,0,0,,,,,,"",""
ball,1,3.6,Hobart Hurricanes,TD Paine,BR Dunk,SA Abbott,4,0,,,,,,"",""
ball,1,4.1,Hobart Hurricanes,BR Dunk,TD Paine,BJ Dwarshuis,4,0,,,,,,"",""
ball,1,4.2,Hobart Hurricanes,BR Dunk,TD Paine,BJ Dwarshuis,4,0,,,,,,"",""
ball,1,4.3,Hobart Hurricanes,BR Dunk,TD Paine,BJ Dwarshuis,0,0,,,,,,"",""
ball,1,4.4,Hobart Hurricanes,BR Dunk,TD Paine,BJ Dwarshuis,4,0,,,,,,"",""
ball,1,4.5,Hobart Hurricanes,BR Dunk,TD Paine,BJ Dwarshuis,1,0,,,,,,"",""
ball,1,4.6,Hobart Hurricanes,TD Paine,BR Dunk,BJ Dwarshuis,4,0,,,,,,"",""
ball,1,5.1,Hobart Hurricanes,BR Dunk,TD Paine,SA Abbott,0,0,,,,,,"",""
ball,1,5.2,Hobart Hurricanes,BR Dunk,TD Paine,SA Abbott,0,0,,,,,,"",""
ball,1,5.3,Hobart Hurricanes,BR Dunk,TD Paine,SA Abbott,1,0,,,,,,"",""
ball,1,5.4,Hobart Hurricanes,TD Paine,BR Dunk,SA Abbott,4,0,,,,,,"",""
ball,1,5.5,Hobart Hurricanes,TD Paine,BR Dunk,SA Abbott,1,0,,,,,,"",""
ball,1,5.6,Hobart Hurricanes,BR Dunk,TD Paine,SA Abbott,1,0,,,,,,"",""
ball,1,6.1,Hobart Hurricanes,BR Dunk,TD Paine,MC Henriques,2,0,,,,,,"",""
ball,1,6.2,Hobart Hurricanes,BR Dunk,TD Paine,MC Henriques,0,0,,,,,,caught,BR Dunk
ball,1,6.3,Hobart Hurricanes,TD Paine,GJ Bailey,MC Henriques,0,0,,,,,,"",""
ball,1,6.4,Hobart Hurricanes,TD Paine,GJ Bailey,MC Henriques,1,0,,,,,,"",""
ball,1,6.5,Hobart Hurricanes,GJ Bailey,TD Paine,MC Henriques,0,0,,,,,,"",""
ball,1,6.6,Hobart Hurricanes,GJ Bailey,TD Paine,MC Henriques,1,0,,,,,,"",""
ball,1,7.1,Hobart Hurricanes,GJ Bailey,TD Paine,DE Bollinger,1,0,,,,,,"",""
ball,1,7.2,Hobart Hurricanes,TD Paine,GJ Bailey,DE Bollinger,1,0,,,,,,"",""
ball,1,7.3,Hobart Hurricanes,GJ Bailey,TD Paine,DE Bollinger,1,0,,,,,,"",""
ball,1,7.4,Hobart Hurricanes,TD Paine,GJ Bailey,DE Bollinger,0,0,,,,,,"",""
ball,1,7.5,Hobart Hurricanes,TD Paine,GJ Bailey,DE Bollinger,1,0,,,,,,"",""
ball,1,7.6,Hobart Hurricanes,GJ Bailey,TD Paine,DE Bollinger,1,0,,,,,,"",""
ball,1,8.1,Hobart Hurricanes,GJ Bailey,TD Paine,MC Henriques,1,0,,,,,,"",""
ball,1,8.2,Hobart Hurricanes,TD Paine,GJ Bailey,MC Henriques,1,0,,,,,,"",""
ball,1,8.3,Hobart Hurricanes,GJ Bailey,TD Paine,MC Henriques,1,0,,,,,,"",""
ball,1,8.4,Hobart Hurricanes,TD Paine,GJ Bailey,MC Henriques,1,0,,,,,,"",""
ball,1,8.5,Hobart Hurricanes,GJ Bailey,TD Paine,MC Henriques,0,0,,,,,,"",""
ball,1,8.6,Hobart Hurricanes,GJ Bailey,TD Paine,MC Henriques,2,0,,,,,,"",""
ball,1,9.1,Hobart Hurricanes,TD Paine,GJ Bailey,DE Bollinger,0,0,,,,,,"",""
ball,1,9.2,Hobart Hurricanes,TD Paine,GJ Bailey,DE Bollinger,4,0,,,,,,"",""
ball,1,9.3,Hobart Hurricanes,TD Paine,GJ Bailey,DE Bollinger,1,0,,,,,,"",""
ball,1,9.4,Hobart Hurricanes,GJ Bailey,TD Paine,DE Bollinger,0,1,1,,,,,"",""
ball,1,9.5,Hobart Hurricanes,GJ Bailey,TD Paine,DE Bollinger,1,0,,,,,,"",""
ball,1,9.6,Hobart Hurricanes,TD Paine,GJ Bailey,DE Bollinger,0,0,,,,,,caught,TD Paine
ball,1,9.7,Hobart Hurricanes,JW Wells,GJ Bailey,DE Bollinger,0,0,,,,,,"",""
ball,1,10.1,Hobart Hurricanes,GJ Bailey,JW Wells,MC Henriques,1,0,,,,,,"",""
ball,1,10.2,Hobart Hurricanes,JW Wells,GJ Bailey,MC Henriques,0,0,,,,,,"",""
ball,1,10.3,Hobart Hurricanes,JW Wells,GJ Bailey,MC Henriques,1,0,,,,,,"",""
ball,1,10.4,Hobart Hurricanes,GJ Bailey,JW Wells,MC Henriques,1,0,,,,,,"",""
ball,1,10.5,Hobart Hurricanes,JW Wells,GJ Bailey,MC Henriques,1,0,,,,,,"",""
ball,1,10.6,Hobart Hurricanes,GJ Bailey,JW Wells,MC Henriques,1,0,,,,,,"",""
ball,1,11.1,Hobart Hurricanes,GJ Bailey,JW Wells,BJ Dwarshuis,0,0,,,,,,"",""
ball,1,11.2,Hobart Hurricanes,GJ Bailey,JW Wells,BJ Dwarshuis,4,0,,,,,,"",""
ball,1,11.3,Hobart Hurricanes,GJ Bailey,JW Wells,BJ Dwarshuis,0,0,,,,,,"",""
ball,1,11.4,Hobart Hurricanes,GJ Bailey,JW Wells,BJ Dwarshuis,4,0,,,,,,"",""
ball,1,11.5,Hobart Hurricanes,GJ Bailey,JW Wells,BJ Dwarshuis,1,0,,,,,,"",""
ball,1,11.6,Hobart Hurricanes,JW Wells,GJ Bailey,BJ Dwarshuis,0,0,,,,,,"",""
ball,1,12.1,Hobart Hurricanes,GJ Bailey,JW Wells,LA Doran,1,0,,,,,,"",""
ball,1,12.2,Hobart Hurricanes,JW Wells,GJ Bailey,LA Doran,1,0,,,,,,"",""
ball,1,12.3,Hobart Hurricanes,GJ Bailey,JW Wells,LA Doran,6,0,,,,,,"",""
ball,1,12.4,Hobart Hurricanes,GJ Bailey,JW Wells,LA Doran,6,0,,,,,,"",""
ball,1,12.5,Hobart Hurricanes,GJ Bailey,JW Wells,LA Doran,1,0,,,,,,"",""
ball,1,12.6,Hobart Hurricanes,JW Wells,GJ Bailey,LA Doran,0,0,,,,,,bowled,JW Wells
ball,1,13.1,Hobart Hurricanes,GJ Bailey,DJG Sammy,SA Abbott,0,0,,,,,,"",""
ball,1,13.2,Hobart Hurricanes,GJ Bailey,DJG Sammy,SA Abbott,0,0,,,,,,"",""
ball,1,13.3,Hobart Hurricanes,GJ Bailey,DJG Sammy,SA Abbott,0,0,,,,,,"",""
ball,1,13.4,Hobart Hurricanes,GJ Bailey,DJG Sammy,SA Abbott,1,0,,,,,,"",""
ball,1,13.5,Hobart Hurricanes,DJG Sammy,GJ Bailey,SA Abbott,1,0,,,,,,"",""
ball,1,13.6,Hobart Hurricanes,GJ Bailey,DJG Sammy,SA Abbott,0,0,,,,,,"",""
ball,1,14.1,Hobart Hurricanes,DJG Sammy,GJ Bailey,MC Henriques,1,0,,,,,,"",""
ball,1,14.2,Hobart Hurricanes,GJ Bailey,DJG Sammy,MC Henriques,1,0,,,,,,"",""
ball,1,14.3,Hobart Hurricanes,DJG Sammy,GJ Bailey,MC Henriques,0,0,,,,,,caught,DJG Sammy
ball,1,14.4,Hobart Hurricanes,GJ Bailey,EP Gulbis,MC Henriques,0,1,1,,,,,"",""
ball,1,14.5,Hobart Hurricanes,GJ Bailey,EP Gulbis,MC Henriques,2,0,,,,,,"",""
ball,1,14.6,Hobart Hurricanes,GJ Bailey,EP Gulbis,MC Henriques,2,0,,,,,,"",""
ball,1,14.7,Hobart Hurricanes,GJ Bailey,EP Gulbis,MC Henriques,0,0,,,,,,"",""
ball,1,15.1,Hobart Hurricanes,EP Gulbis,GJ Bailey,SA Abbott,1,0,,,,,,"",""
ball,1,15.2,Hobart Hurricanes,GJ Bailey,EP Gulbis,SA Abbott,4,0,,,,,,"",""
ball,1,15.3,Hobart Hurricanes,GJ Bailey,EP Gulbis,SA Abbott,4,0,,,,,,"",""
ball,1,15.4,Hobart Hurricanes,GJ Bailey,EP Gulbis,SA Abbott,2,0,,,,,,"",""
ball,1,15.5,Hobart Hurricanes,GJ Bailey,EP Gulbis,SA Abbott,1,0,,,,,,"",""
ball,1,15.6,Hobart Hurricanes,EP Gulbis,GJ Bailey,SA Abbott,1,0,,,,,,"",""
ball,1,16.1,Hobart Hurricanes,EP Gulbis,GJ Bailey,B Lee,0,0,,,,,,"",""
ball,1,16.2,Hobart Hurricanes,EP Gulbis,GJ Bailey,B Lee,1,0,,,,,,"",""
ball,1,16.3,Hobart Hurricanes,GJ Bailey,EP Gulbis,B Lee,4,0,,,,,,"",""
ball,1,16.4,Hobart Hurricanes,GJ Bailey,EP Gulbis,B Lee,0,0,,,,,,"",""
ball,1,16.5,Hobart Hurricanes,GJ Bailey,EP Gulbis,B Lee,2,0,,,,,,"",""
ball,1,16.6,Hobart Hurricanes,GJ Bailey,EP Gulbis,B Lee,4,0,,,,,,"",""
ball,1,17.1,Hobart Hurricanes,EP Gulbis,GJ Bailey,DE Bollinger,2,0,,,,,,"",""
ball,1,17.2,Hobart Hurricanes,EP Gulbis,GJ Bailey,DE Bollinger,6,0,,,,,,"",""
ball,1,17.3,Hobart Hurricanes,EP Gulbis,GJ Bailey,DE Bollinger,1,0,,,,,,"",""
ball,1,17.4,Hobart Hurricanes,GJ Bailey,EP Gulbis,DE Bollinger,1,0,,,,,,"",""
ball,1,17.5,Hobart Hurricanes,EP Gulbis,GJ Bailey,DE Bollinger,1,0,,,,,,"",""
ball,1,17.6,Hobart Hurricanes,GJ Bailey,EP Gulbis,DE Bollinger,0,0,,,,,,"",""
ball,1,18.1,Hobart Hurricanes,EP Gulbis,GJ Bailey,B Lee,1,0,,,,,,"",""
ball,1,18.2,Hobart Hurricanes,GJ Bailey,EP Gulbis,B Lee,2,0,,,,,,"",""
ball,1,18.3,Hobart Hurricanes,GJ Bailey,EP Gulbis,B Lee,6,0,,,,,,"",""
ball,1,18.4,Hobart Hurricanes,GJ Bailey,EP Gulbis,B Lee,0,0,,,,,,caught,GJ Bailey
ball,1,18.5,Hobart Hurricanes,EP Gulbis,JM Mennie,B Lee,1,0,,,,,,run out,JM Mennie
ball,1,18.6,Hobart Hurricanes,EP Gulbis,BW Hilfenhaus,B Lee,0,0,,,,,,caught,EP Gulbis
ball,2,0.1,Sydney Sixers,MJ Lumb,NJ Maddinson,BW Hilfenhaus,1,0,,,,,,"",""
ball,2,0.2,Sydney Sixers,NJ Maddinson,MJ Lumb,BW Hilfenhaus,0,0,,,,,,"",""
ball,2,0.3,Sydney Sixers,NJ Maddinson,MJ Lumb,BW Hilfenhaus,4,0,,,,,,"",""
ball,2,0.4,Sydney Sixers,NJ Maddinson,MJ Lumb,BW Hilfenhaus,4,0,,,,,,"",""
ball,2,0.5,Sydney Sixers,NJ Maddinson,MJ Lumb,BW Hilfenhaus,4,0,,,,,,"",""
ball,2,0.6,Sydney Sixers,NJ Maddinson,MJ Lumb,BW Hilfenhaus,1,0,,,,,,"",""
ball,2,1.1,Sydney Sixers,NJ Maddinson,MJ Lumb,JM Mennie,4,0,,,,,,"",""
ball,2,1.2,Sydney Sixers,NJ Maddinson,MJ Lumb,JM Mennie,0,0,,,,,,"",""
ball,2,1.3,Sydney Sixers,NJ Maddinson,MJ Lumb,JM Mennie,6,0,,,,,,"",""
ball,2,1.4,Sydney Sixers,NJ Maddinson,MJ Lumb,JM Mennie,0,0,,,,,,"",""
ball,2,1.5,Sydney Sixers,NJ Maddinson,MJ Lumb,JM Mennie,2,0,,,,,,"",""
ball,2,1.6,Sydney Sixers,NJ Maddinson,MJ Lumb,JM Mennie,4,0,,,,,,"",""
ball,2,2.1,Sydney Sixers,MJ Lumb,NJ Maddinson,XJ Doherty,0,0,,,,,,"",""
ball,2,2.2,Sydney Sixers,MJ Lumb,NJ Maddinson,XJ Doherty,1,0,,,,,,"",""
ball,2,2.3,Sydney Sixers,NJ Maddinson,MJ Lumb,XJ Doherty,0,0,,,,,,caught,NJ Maddinson
ball,2,2.4,Sydney Sixers,MJ Lumb,MH Wessels,XJ Doherty,1,0,,,,,,"",""
ball,2,2.5,Sydney Sixers,MH Wessels,MJ Lumb,XJ Doherty,1,0,,,,,,"",""
ball,2,2.6,Sydney Sixers,MJ Lumb,MH Wessels,XJ Doherty,1,0,,,,,,"",""
ball,2,3.1,Sydney Sixers,MJ Lumb,MH Wessels,JM Mennie,0,0,,,,,,"",""
ball,2,3.2,Sydney Sixers,MJ Lumb,MH Wessels,JM Mennie,1,0,,,,,,"",""
ball,2,3.3,Sydney Sixers,MH Wessels,MJ Lumb,JM Mennie,0,0,,,,,,"",""
ball,2,3.4,Sydney Sixers,MH Wessels,MJ Lumb,JM Mennie,0,0,,,,,,"",""
ball,2,3.5,Sydney Sixers,MH Wessels,MJ Lumb,JM Mennie,1,0,,,,,,"",""
ball,2,3.6,Sydney Sixers,MJ Lumb,MH Wessels,JM Mennie,0,1,,,,1,,"",""
ball,2,4.1,Sydney Sixers,MJ Lumb,MH Wessels,XJ Doherty,2,0,,,,,,"",""
ball,2,4.2,Sydney Sixers,MJ Lumb,MH Wessels,XJ Doherty,0,0,,,,,,"",""
ball,2,4.3,Sydney Sixers,MJ Lumb,MH Wessels,XJ Doherty,4,0,,,,,,"",""
ball,2,4.4,Sydney Sixers,MJ Lumb,MH Wessels,XJ Doherty,4,0,,,,,,"",""
ball,2,4.5,Sydney Sixers,MJ Lumb,MH Wessels,XJ Doherty,0,0,,,,,,"",""
ball,2,4.6,Sydney Sixers,MJ Lumb,MH Wessels,XJ Doherty,6,0,,,,,,"",""
ball,2,5.1,Sydney Sixers,MH Wessels,MJ Lumb,BW Hilfenhaus,1,0,,,,,,"",""
ball,2,5.2,Sydney Sixers,MJ Lumb,MH Wessels,BW Hilfenhaus,1,0,,,,,,"",""
ball,2,5.3,Sydney Sixers,MH Wessels,MJ Lumb,BW Hilfenhaus,1,0,,,,,,"",""
ball,2,5.4,Sydney Sixers,MJ Lumb,MH Wessels,BW Hilfenhaus,0,0,,,,,,"",""
ball,2,5.5,Sydney Sixers,MJ Lumb,MH Wessels,BW Hilfenhaus,1,0,,,,,,"",""
ball,2,5.6,Sydney Sixers,MH Wessels,MJ Lumb,BW Hilfenhaus,4,0,,,,,,"",""
ball,2,6.1,Sydney Sixers,MJ Lumb,MH Wessels,CJ Boyce,1,0,,,,,,"",""
ball,2,6.2,Sydney Sixers,MH Wessels,MJ Lumb,CJ Boyce,0,0,,,,,,"",""
ball,2,6.3,Sydney Sixers,MH Wessels,MJ Lumb,CJ Boyce,1,0,,,,,,"",""
ball,2,6.4,Sydney Sixers,MJ Lumb,MH Wessels,CJ Boyce,1,0,,,,,,"",""
ball,2,6.5,Sydney Sixers,MH Wessels,MJ Lumb,CJ Boyce,2,0,,,,,,"",""
ball,2,6.6,Sydney Sixers,MH Wessels,MJ Lumb,CJ Boyce,1,0,,,,,,"",""
ball,2,7.1,Sydney Sixers,MH Wessels,MJ Lumb,DJG Sammy,1,0,,,,,,"",""
ball,2,7.2,Sydney Sixers,MJ Lumb,MH Wessels,DJG Sammy,4,0,,,,,,"",""
ball,2,7.3,Sydney Sixers,MJ Lumb,MH Wessels,DJG Sammy,1,0,,,,,,"",""
ball,2,7.4,Sydney Sixers,MH Wessels,MJ Lumb,DJG Sammy,1,0,,,,,,"",""
ball,2,7.5,Sydney Sixers,MJ Lumb,MH Wessels,DJG Sammy,1,0,,,,,,"",""
ball,2,7.6,Sydney Sixers,MH Wessels,MJ Lumb,DJG Sammy,4,0,,,,,,"",""
ball,2,8.1,Sydney Sixers,MJ Lumb,MH Wessels,CJ Boyce,1,0,,,,,,"",""
ball,2,8.2,Sydney Sixers,MH Wessels,MJ Lumb,CJ Boyce,1,0,,,,,,"",""
ball,2,8.3,Sydney Sixers,MJ Lumb,MH Wessels,CJ Boyce,1,0,,,,,,"",""
ball,2,8.4,Sydney Sixers,MH Wessels,MJ Lumb,CJ Boyce,1,0,,,,,,"",""
ball,2,8.5,Sydney Sixers,MJ Lumb,MH Wessels,CJ Boyce,2,0,,,,,,"",""
ball,2,8.6,Sydney Sixers,MJ Lumb,MH Wessels,CJ Boyce,0,1,,,1,,,"",""
ball,2,9.1,Sydney Sixers,MJ Lumb,MH Wessels,JM Mennie,6,0,,,,,,"",""
ball,2,9.2,Sydney Sixers,MJ Lumb,MH Wessels,JM Mennie,1,0,,,,,,"",""
ball,2,9.3,Sydney Sixers,MH Wessels,MJ Lumb,JM Mennie,2,0,,,,,,"",""
ball,2,9.4,Sydney Sixers,MH Wessels,MJ Lumb,JM Mennie,0,0,,,,,,caught,MH Wessels
ball,2,9.5,Sydney Sixers,MJ Lumb,MC Henriques,JM Mennie,1,0,,,,,,"",""
ball,2,9.6,Sydney Sixers,MC Henriques,MJ Lumb,JM Mennie,0,0,,,,,,"",""
ball,2,10.1,Sydney Sixers,MJ Lumb,MC Henriques,CJ Boyce,1,0,,,,,,"",""
ball,2,10.2,Sydney Sixers,MC Henriques,MJ Lumb,CJ Boyce,0,0,,,,,,"",""
ball,2,10.3,Sydney Sixers,MC Henriques,MJ Lumb,CJ Boyce,1,0,,,,,,"",""
ball,2,10.4,Sydney Sixers,MJ Lumb,MC Henriques,CJ Boyce,0,0,,,,,,caught,MJ Lumb
ball,2,10.5,Sydney Sixers,MC Henriques,JC Silk,CJ Boyce,1,0,,,,,,"",""
ball,2,10.6,Sydney Sixers,JC Silk,MC Henriques,CJ Boyce,1,0,,,,,,"",""
ball,2,11.1,Sydney Sixers,JC Silk,MC Henriques,XJ Doherty,1,0,,,,,,"",""
ball,2,11.2,Sydney Sixers,MC Henriques,JC Silk,XJ Doherty,1,0,,,,,,"",""
ball,2,11.3,Sydney Sixers,JC Silk,MC Henriques,XJ Doherty,1,0,,,,,,"",""
ball,2,11.4,Sydney Sixers,MC Henriques,JC Silk,XJ Doherty,1,0,,,,,,"",""
ball,2,11.5,Sydney Sixers,JC Silk,MC Henriques,XJ Doherty,2,0,,,,,,"",""
ball,2,11.6,Sydney Sixers,JC Silk,MC Henriques,XJ Doherty,0,0,,,,,,"",""
ball,2,12.1,Sydney Sixers,MC Henriques,JC Silk,BW Hilfenhaus,0,0,,,,,,"",""
ball,2,12.2,Sydney Sixers,MC Henriques,JC Silk,BW Hilfenhaus,0,1,,,,1,,"",""
ball,2,12.3,Sydney Sixers,JC Silk,MC Henriques,BW Hilfenhaus,1,0,,,,,,"",""
ball,2,12.4,Sydney Sixers,MC Henriques,JC Silk,BW Hilfenhaus,1,0,,,,,,"",""
ball,2,12.5,Sydney Sixers,JC Silk,MC Henriques,BW Hilfenhaus,2,0,,,,,,"",""
ball,2,12.6,Sydney Sixers,JC Silk,MC Henriques,BW Hilfenhaus,2,0,,,,,,"",""
ball,2,13.1,Sydney Sixers,MC Henriques,JC Silk,XJ Doherty,1,0,,,,,,"",""
ball,2,13.2,Sydney Sixers,JC Silk,MC Henriques,XJ Doherty,0,0,,,,,,"",""
ball,2,13.3,Sydney Sixers,JC Silk,MC Henriques,XJ Doherty,2,0,,,,,,"",""
ball,2,13.4,Sydney Sixers,JC Silk,MC Henriques,XJ Doherty,1,0,,,,,,"",""
ball,2,13.5,Sydney Sixers,MC Henriques,JC Silk,XJ Doherty,1,0,,,,,,"",""
ball,2,13.6,Sydney Sixers,JC Silk,MC Henriques,XJ Doherty,1,0,,,,,,"",""
ball,2,14.1,Sydney Sixers,JC Silk,MC Henriques,CJ Boyce,1,0,,,,,,"",""
ball,2,14.2,Sydney Sixers,MC Henriques,JC Silk,CJ Boyce,2,0,,,,,,"",""
ball,2,14.3,Sydney Sixers,MC Henriques,JC Silk,CJ Boyce,2,0,,,,,,"",""
ball,2,14.4,Sydney Sixers,MC Henriques,JC Silk,CJ Boyce,2,0,,,,,,"",""
ball,2,14.5,Sydney Sixers,MC Henriques,JC Silk,CJ Boyce,1,0,,,,,,"",""
ball,2,14.6,Sydney Sixers,JC Silk,MC Henriques,CJ Boyce,0,0,,,,,,"",""
ball,2,15.1,Sydney Sixers,MC Henriques,JC Silk,JM Mennie,0,0,,,,,,"",""
ball,2,15.2,Sydney Sixers,MC Henriques,JC Silk,JM Mennie,0,0,,,,,,"",""
ball,2,15.3,Sydney Sixers,MC Henriques,JC Silk,JM Mennie,1,0,,,,,,"",""
ball,2,15.4,Sydney Sixers,JC Silk,MC Henriques,JM Mennie,4,0,,,,,,"",""
ball,2,15.5,Sydney Sixers,JC Silk,MC Henriques,JM Mennie,1,0,,,,,,"",""
ball,2,15.6,Sydney Sixers,MC Henriques,JC Silk,JM Mennie,1,0,,,,,,"",""
ball,2,16.1,Sydney Sixers,MC Henriques,JC Silk,BW Hilfenhaus,6,0,,,,,,"",""
ball,2,16.2,Sydney Sixers,MC Henriques,JC Silk,BW Hilfenhaus,0,0,,,,,,"",""
ball,2,16.3,Sydney Sixers,MC Henriques,JC Silk,BW Hilfenhaus,1,0,,,,,,"",""
ball,2,16.4,Sydney Sixers,JC Silk,MC Henriques,BW Hilfenhaus,4,0,,,,,,"",""
ball,2,16.5,Sydney Sixers,JC Silk,MC Henriques,BW Hilfenhaus,0,0,,,,,,"",""
ball,2,16.6,Sydney Sixers,JC Silk,MC Henriques,BW Hilfenhaus,1,0,,,,,,"",""
ball,2,17.1,Sydney Sixers,JC Silk,MC Henriques,DJG Sammy,1,0,,,,,,"",""
ball,2,17.2,Sydney Sixers,MC Henriques,JC Silk,DJG Sammy,1,0,,,,,,"",""
ball,2,17.3,Sydney Sixers,JC Silk,MC Henriques,DJG Sammy,2,0,,,,,,"",""
ball,2,17.4,Sydney Sixers,JC Silk,MC Henriques,DJG Sammy,1,0,,,,,,"",""
ball,2,17.5,Sydney Sixers,MC Henriques,JC Silk,DJG Sammy,1,0,,,,,,"",""
ball,2,17.6,Sydney Sixers,JC Silk,MC Henriques,DJG Sammy,2,0,,,,,,"",""
ball,2,18.1,Sydney Sixers,MC Henriques,JC Silk,EP Gulbis,4,0,,,,,,"",""
