version,1.6.0
info,balls_per_over,6
info,team,Adelaide Strikers
info,team,Hobart Hurricanes
info,gender,male
info,season,2014/15
info,date,2014/12/31
info,event,Big Bash League
info,venue,Adelaide Oval
info,city,
info,toss_winner,Hobart Hurricanes
info,toss_decision,bat
info,player_of_match,TP Ludeman
info,umpire,GJ Davidson
info,umpire,MD Martell
info,reserve_umpire,C Thomas
info,tv_umpire,SD Fry
info,match_referee,SR Bernard
info,winner,Adelaide Strikers
info,winner_wickets,8
info,player,Adelaide Strikers,TP Ludeman
info,player,Adelaide Strikers,CJ Simmons
info,player,Adelaide Strikers,JR Dean
info,player,Adelaide Strikers,KA Pollard
info,player,Adelaide Strikers,TM Head
info,player,Adelaide Strikers,J Botha
info,player,Adelaide Strikers,AI Ross
info,player,Adelaide Strikers,A Zampa
info,player,Adelaide Strikers,KW Richardson
info,player,Adelaide Strikers,B Laughlin
info,player,Adelaide Strikers,SW Tait
info,player,Hobart Hurricanes,BR Dunk
info,player,Hobart Hurricanes,AD Hales
info,player,Hobart Hurricanes,TD Paine
info,player,Hobart Hurricanes,GJ Bailey
info,player,Hobart Hurricanes,EP Gulbis
info,player,Hobart Hurricanes,JW Wells
info,player,Hobart Hurricanes,DJG Sammy
info,player,Hobart Hurricanes,JM Mennie
info,player,Hobart Hurricanes,BW Hilfenhaus
info,player,Hobart Hurricanes,T van der Gugten
info,player,Hobart Hurricanes,CJ Boyce
info,registry,people,A Zampa,14f96089
info,registry,people,AD Hales,92aeac25
info,registry,people,AI Ross,fb0d68b4
info,registry,people,B Laughlin,b2a79f17
info,registry,people,BR Dunk,272d796e
info,registry,people,BW Hilfenhaus,f3171936
info,registry,people,C Thomas,68664af7
info,registry,people,CJ Boyce,51a60c16
info,registry,people,CJ Simmons,0095ce38
info,registry,people,DJG Sammy,c03c6200
info,registry,people,EP Gulbis,bbce4647
info,registry,people,GJ Bailey,5056011d
info,registry,people,GJ Davidson,31ad5973
info,registry,people,J Botha,7c503806
info,registry,people,JM Mennie,f048bb41
info,registry,people,JR Dean,97188292
info,registry,people,JW Wells,8bdac857
info,registry,people,KA Pollard,a757b0d8
info,registry,people,KW Richardson,dfc4d8b5
info,registry,people,MD Martell,487c072e
info,registry,people,SD Fry,6b725ed1
info,registry,people,SR Bernard,800187dc
info,registry,people,SW Tait,addfb70e
info,registry,people,T van der Gugten,d99cc23a
info,registry,people,TD Paine,5748e866
info,registry,people,TM Head,12b610c2
info,registry,people,TP Ludeman,c3f7898b
ball,1,0.1,Hobart Hurricanes,BR Dunk,AD Hales,KW Richardson,0,0,,,,,,"",""
ball,1,0.2,Hobart Hurricanes,BR Dunk,AD Hales,KW Richardson,0,0,,,,,,caught,BR Dunk
ball,1,0.3,Hobart Hurricanes,TD Paine,AD Hales,KW Richardson,0,0,,,,,,"",""
ball,1,0.4,Hobart Hurricanes,TD Paine,AD Hales,KW Richardson,2,0,,,,,,"",""
ball,1,0.5,Hobart Hurricanes,TD Paine,AD Hales,KW Richardson,0,0,,,,,,"",""
ball,1,0.6,Hobart Hurricanes,TD Paine,AD Hales,KW Richardson,0,1,,,,1,,"",""
ball,1,1.1,Hobart Hurricanes,TD Paine,AD Hales,CJ Simmons,2,0,,,,,,"",""
ball,1,1.2,Hobart Hurricanes,TD Paine,AD Hales,CJ Simmons,1,0,,,,,,"",""
ball,1,1.3,Hobart Hurricanes,AD Hales,TD Paine,CJ Simmons,0,0,,,,,,"",""
ball,1,1.4,Hobart Hurricanes,AD Hales,TD Paine,CJ Simmons,0,0,,,,,,"",""
ball,1,1.5,Hobart Hurricanes,AD Hales,TD Paine,CJ Simmons,1,0,,,,,,"",""
ball,1,1.6,Hobart Hurricanes,TD Paine,AD Hales,CJ Simmons,0,1,,,1,,,"",""
ball,1,2.1,Hobart Hurricanes,TD Paine,AD Hales,KW Richardson,1,0,,,,,,"",""
ball,1,2.2,Hobart Hurricanes,AD Hales,TD Paine,KW Richardson,2,0,,,,,,"",""
ball,1,2.3,Hobart Hurricanes,AD Hales,TD Paine,KW Richardson,2,0,,,,,,"",""
ball,1,2.4,Hobart Hurricanes,AD Hales,TD Paine,KW Richardson,1,0,,,,,,"",""
ball,1,2.5,Hobart Hurricanes,TD Paine,AD Hales,KW Richardson,4,0,,,,,,"",""
ball,1,2.6,Hobart Hurricanes,TD Paine,AD Hales,KW Richardson,0,0,,,,,,"",""
ball,1,3.1,Hobart Hurricanes,AD Hales,TD Paine,CJ Simmons,0,0,,,,,,"",""
ball,1,3.2,Hobart Hurricanes,AD Hales,TD Paine,CJ Simmons,4,0,,,,,,"",""
ball,1,3.3,Hobart Hurricanes,AD Hales,TD Paine,CJ Simmons,0,0,,,,,,"",""
ball,1,3.4,Hobart Hurricanes,AD Hales,TD Paine,CJ Simmons,2,0,,,,,,"",""
ball,1,3.5,Hobart Hurricanes,AD Hales,TD Paine,CJ Simmons,1,0,,,,,,"",""
ball,1,3.6,Hobart Hurricanes,TD Paine,AD Hales,CJ Simmons,2,0,,,,,,"",""
ball,1,4.1,Hobart Hurricanes,AD Hales,TD Paine,SW Tait,2,0,,,,,,"",""
ball,1,4.2,Hobart Hurricanes,AD Hales,TD Paine,SW Tait,2,0,,,,,,"",""
ball,1,4.3,Hobart Hurricanes,AD Hales,TD Paine,SW Tait,0,0,,,,,,"",""
ball,1,4.4,Hobart Hurricanes,AD Hales,TD Paine,SW Tait,2,0,,,,,,"",""
ball,1,4.5,Hobart Hurricanes,AD Hales,TD Paine,SW Tait,6,0,,,,,,"",""
ball,1,4.6,Hobart Hurricanes,AD Hales,TD Paine,SW Tait,2,0,,,,,,"",""
ball,1,5.1,Hobart Hurricanes,TD Paine,AD Hales,B Laughlin,0,0,,,,,,"",""
ball,1,5.2,Hobart Hurricanes,TD Paine,AD Hales,B Laughlin,0,0,,,,,,"",""
ball,1,5.3,Hobart Hurricanes,TD Paine,AD Hales,B Laughlin,0,0,,,,,,caught,TD Paine
ball,1,5.4,Hobart Hurricanes,GJ Bailey,AD Hales,B Laughlin,1,0,,,,,,"",""
ball,1,5.5,Hobart Hurricanes,AD Hales,GJ Bailey,B Laughlin,0,0,,,,,,"",""
ball,1,5.6,Hobart Hurricanes,AD Hales,GJ Bailey,B Laughlin,0,0,,,,,,"",""
ball,1,6.1,Hobart Hurricanes,GJ Bailey,AD Hales,A Zampa,0,0,,,,,,"",""
ball,1,6.2,Hobart Hurricanes,GJ Bailey,AD Hales,A Zampa,1,0,,,,,,"",""
ball,1,6.3,Hobart Hurricanes,AD Hales,GJ Bailey,A Zampa,0,0,,,,,,"",""
ball,1,6.4,Hobart Hurricanes,AD Hales,GJ Bailey,A Zampa,1,0,,,,,,"",""
ball,1,6.5,Hobart Hurricanes,GJ Bailey,AD Hales,A Zampa,1,0,,,,,,"",""
ball,1,6.6,Hobart Hurricanes,AD Hales,GJ Bailey,A Zampa,0,0,,,,,,"",""
ball,1,7.1,Hobart Hurricanes,GJ Bailey,AD Hales,J Botha,1,0,,,,,,"",""
ball,1,7.2,Hobart Hurricanes,AD Hales,GJ Bailey,J Botha,1,0,,,,,,"",""
ball,1,7.3,Hobart Hurricanes,GJ Bailey,AD Hales,J Botha,1,0,,,,,,"",""
ball,1,7.4,Hobart Hurricanes,AD Hales,GJ Bailey,J Botha,0,0,,,,,,stumped,AD Hales
ball,1,7.5,Hobart Hurricanes,EP Gulbis,GJ Bailey,J Botha,1,0,,,,,,"",""
ball,1,7.6,Hobart Hurricanes,GJ Bailey,EP Gulbis,J Botha,0,0,,,,,,"",""
ball,1,8.1,Hobart Hurricanes,EP Gulbis,GJ Bailey,SW Tait,1,0,,,,,,"",""
ball,1,8.2,Hobart Hurricanes,GJ Bailey,EP Gulbis,SW Tait,1,0,,,,,,"",""
ball,1,8.3,Hobart Hurricanes,EP Gulbis,GJ Bailey,SW Tait,0,0,,,,,,caught,EP Gulbis
ball,1,8.4,Hobart Hurricanes,JW Wells,GJ Bailey,SW Tait,0,0,,,,,,"",""
ball,1,8.5,Hobart Hurricanes,JW Wells,GJ Bailey,SW Tait,0,0,,,,,,"",""
ball,1,8.6,Hobart Hurricanes,JW Wells,GJ Bailey,SW Tait,1,0,,,,,,"",""
ball,1,9.1,Hobart Hurricanes,JW Wells,GJ Bailey,J Botha,1,0,,,,,,"",""
ball,1,9.2,Hobart Hurricanes,GJ Bailey,JW Wells,J Botha,2,0,,,,,,"",""
ball,1,9.3,Hobart Hurricanes,GJ Bailey,JW Wells,J Botha,1,0,,,,,,"",""
ball,1,9.4,Hobart Hurricanes,JW Wells,GJ Bailey,J Botha,1,0,,,,,,"",""
ball,1,9.5,Hobart Hurricanes,GJ Bailey,JW Wells,J Botha,1,0,,,,,,"",""
ball,1,9.6,Hobart Hurricanes,JW Wells,GJ Bailey,J Botha,4,0,,,,,,"",""
ball,1,10.1,Hobart Hurricanes,GJ Bailey,JW Wells,A Zampa,2,0,,,,,,"",""
ball,1,10.2,Hobart Hurricanes,GJ Bailey,JW Wells,A Zampa,0,0,,,,,,"",""
ball,1,10.3,Hobart Hurricanes,GJ Bailey,JW Wells,A Zampa,0,0,,,,,,caught,GJ Bailey
ball,1,10.4,Hobart Hurricanes,JW Wells,DJG Sammy,A Zampa,0,0,,,,,,"",""
ball,1,10.5,Hobart Hurricanes,JW Wells,DJG Sammy,A Zampa,0,1,1,,,,,"",""
ball,1,10.6,Hobart Hurricanes,JW Wells,DJG Sammy,A Zampa,0,0,,,,,,"",""
ball,1,10.7,Hobart Hurricanes,JW Wells,DJG Sammy,A Zampa,1,0,,,,,,"",""
ball,1,11.1,Hobart Hurricanes,JW Wells,DJG Sammy,CJ Simmons,0,0,,,,,,"",""
ball,1,11.2,Hobart Hurricanes,JW Wells,DJG Sammy,CJ Simmons,1,0,,,,,,"",""
ball,1,11.3,Hobart Hurricanes,DJG Sammy,JW Wells,CJ Simmons,1,0,,,,,,"",""
ball,1,11.4,Hobart Hurricanes,JW Wells,DJG Sammy,CJ Simmons,1,0,,,,,,"",""
ball,1,11.5,Hobart Hurricanes,DJG Sammy,JW Wells,CJ Simmons,0,0,,,,,,"",""
ball,1,11.6,Hobart Hurricanes,DJG Sammy,JW Wells,CJ Simmons,0,0,,,,,,"",""
ball,1,12.1,Hobart Hurricanes,JW Wells,DJG Sammy,SW Tait,0,0,,,,,,"",""
ball,1,12.2,Hobart Hurricanes,JW Wells,DJG Sammy,SW Tait,1,0,,,,,,"",""
ball,1,12.3,Hobart Hurricanes,DJG Sammy,JW Wells,SW Tait,0,0,,,,,,bowled,DJG Sammy
ball,1,12.4,Hobart Hurricanes,JM Mennie,JW Wells,SW Tait,0,0,,,,,,"",""
ball,1,12.5,Hobart Hurricanes,JM Mennie,JW Wells,SW Tait,1,0,,,,,,"",""
ball,1,12.6,Hobart Hurricanes,JW Wells,JM Mennie,SW Tait,1,0,,,,,,"",""
ball,1,13.1,Hobart Hurricanes,JW Wells,JM Mennie,A Zampa,1,0,,,,,,"",""
ball,1,13.2,Hobart Hurricanes,JM Mennie,JW Wells,A Zampa,0,0,,,,,,"",""
ball,1,13.3,Hobart Hurricanes,JM Mennie,JW Wells,A Zampa,1,0,,,,,,"",""
ball,1,13.4,Hobart Hurricanes,JW Wells,JM Mennie,A Zampa,1,0,,,,,,"",""
ball,1,13.5,Hobart Hurricanes,JM Mennie,JW Wells,A Zampa,1,0,,,,,,"",""
ball,1,13.6,Hobart Hurricanes,JW Wells,JM Mennie,A Zampa,1,0,,,,,,"",""
ball,1,14.1,Hobart Hurricanes,JW Wells,JM Mennie,SW Tait,0,1,,,,1,,"",""
ball,1,14.2,Hobart Hurricanes,JM Mennie,JW Wells,SW Tait,0,0,,,,,,lbw,JM Mennie
ball,1,14.3,Hobart Hurricanes,BW Hilfenhaus,JW Wells,SW Tait,0,0,,,,,,"",""
ball,1,14.4,Hobart Hurricanes,BW Hilfenhaus,JW Wells,SW Tait,0,0,,,,,,"",""
ball,1,14.5,Hobart Hurricanes,BW Hilfenhaus,JW Wells,SW Tait,1,0,,,,,,"",""
ball,1,14.6,Hobart Hurricanes,JW Wells,BW Hilfenhaus,SW Tait,1,0,,,,,,"",""
ball,1,15.1,Hobart Hurricanes,JW Wells,BW Hilfenhaus,A Zampa,2,0,,,,,,"",""
ball,1,15.2,Hobart Hurricanes,JW Wells,BW Hilfenhaus,A Zampa,2,0,,,,,,"",""
ball,1,15.3,Hobart Hurricanes,JW Wells,BW Hilfenhaus,A Zampa,1,0,,,,,,"",""
ball,1,15.4,Hobart Hurricanes,BW Hilfenhaus,JW Wells,A Zampa,0,0,,,,,,"",""
ball,1,15.5,Hobart Hurricanes,BW Hilfenhaus,JW Wells,A Zampa,2,0,,,,,,"",""
ball,1,15.6,Hobart Hurricanes,BW Hilfenhaus,JW Wells,A Zampa,0,0,,,,,,"",""
ball,1,16.1,Hobart Hurricanes,JW Wells,BW Hilfenhaus,B Laughlin,2,0,,,,,,"",""
ball,1,16.2,Hobart Hurricanes,JW Wells,BW Hilfenhaus,B Laughlin,6,0,,,,,,"",""
ball,1,16.3,Hobart Hurricanes,JW Wells,BW Hilfenhaus,B Laughlin,1,0,,,,,,"",""
ball,1,16.4,Hobart Hurricanes,BW Hilfenhaus,JW Wells,B Laughlin,0,1,1,,,,,"",""
ball,1,16.5,Hobart Hurricanes,BW Hilfenhaus,JW Wells,B Laughlin,2,0,,,,,,"",""
ball,1,16.6,Hobart Hurricanes,BW Hilfenhaus,JW Wells,B Laughlin,0,0,,,,,,caught,BW Hilfenhaus
ball,1,16.7,Hobart Hurricanes,JW Wells,T van der Gugten,B Laughlin,4,0,,,,,,"",""
ball,1,17.1,Hobart Hurricanes,T van der Gugten,JW Wells,CJ Simmons,0,0,,,,,,"",""
ball,1,17.2,Hobart Hurricanes,T van der Gugten,JW Wells,CJ Simmons,1,0,,,,,,"",""
ball,1,17.3,Hobart Hurricanes,JW Wells,T van der Gugten,CJ Simmons,1,0,,,,,,"",""
ball,1,17.4,Hobart Hurricanes,T van der Gugten,JW Wells,CJ Simmons,2,0,,,,,,"",""
ball,1,17.5,Hobart Hurricanes,T van der Gugten,JW Wells,CJ Simmons,0,0,,,,,,"",""
ball,1,17.6,Hobart Hurricanes,T van der Gugten,JW Wells,CJ Simmons,1,0,,,,,,"",""
ball,1,18.1,Hobart Hurricanes,T van der Gugten,JW Wells,B Laughlin,1,0,,,,,,"",""
ball,1,18.2,Hobart Hurricanes,JW Wells,T van der Gugten,B Laughlin,2,0,,,,,,"",""
ball,1,18.3,Hobart Hurricanes,JW Wells,T van der Gugten,B Laughlin,0,0,,,,,,"",""
ball,1,18.4,Hobart Hurricanes,JW Wells,T van der Gugten,B Laughlin,1,0,,,,,,"",""
ball,1,18.5,Hobart Hurricanes,T van der Gugten,JW Wells,B Laughlin,1,0,,,,,,"",""
ball,1,18.6,Hobart Hurricanes,JW Wells,T van der Gugten,B Laughlin,4,0,,,,,,"",""
ball,1,19.1,Hobart Hurricanes,T van der Gugten,JW Wells,J Botha,2,0,,,,,,"",""
ball,1,19.2,Hobart Hurricanes,T van der Gugten,JW Wells,J Botha,1,0,,,,,,"",""
ball,1,19.3,Hobart Hurricanes,JW Wells,T van der Gugten,J Botha,4,0,,,,,,"",""
ball,1,19.4,Hobart Hurricanes,JW Wells,T van der Gugten,J Botha,2,0,,,,,,"",""
ball,1,19.5,Hobart Hurricanes,JW Wells,T van der Gugten,J Botha,6,0,,,,,,"",""
ball,1,19.6,Hobart Hurricanes,JW Wells,T van der Gugten,J Botha,4,0,,,,,,"",""
ball,2,0.1,Adelaide Strikers,TP Ludeman,CJ Simmons,T van der Gugten,0,0,,,,,,"",""
ball,2,0.2,Adelaide Strikers,TP Ludeman,CJ Simmons,T van der Gugten,0,0,,,,,,"",""
ball,2,0.3,Adelaide Strikers,TP Ludeman,CJ Simmons,T van der Gugten,0,0,,,,,,"",""
ball,2,0.4,Adelaide Strikers,TP Ludeman,CJ Simmons,T van der Gugten,4,0,,,,,,"",""
ball,2,0.5,Adelaide Strikers,TP Ludeman,CJ Simmons,T van der Gugten,0,0,,,,,,"",""
ball,2,0.6,Adelaide Strikers,TP Ludeman,CJ Simmons,T van der Gugten,0,0,,,,,,"",""
ball,2,1.1,Adelaide Strikers,CJ Simmons,TP Ludeman,JM Mennie,0,0,,,,,,"",""
ball,2,1.2,Adelaide Strikers,CJ Simmons,TP Ludeman,JM Mennie,0,0,,,,,,"",""
ball,2,1.3,Adelaide Strikers,CJ Simmons,TP Ludeman,JM Mennie,0,0,,,,,,"",""
ball,2,1.4,Adelaide Strikers,CJ Simmons,TP Ludeman,JM Mennie,0,0,,,,,,"",""
ball,2,1.5,Adelaide Strikers,CJ Simmons,TP Ludeman,JM Mennie,1,0,,,,,,"",""
ball,2,1.6,Adelaide Strikers,TP Ludeman,CJ Simmons,JM Mennie,4,0,,,,,,"",""
ball,2,2.1,Adelaide Strikers,CJ Simmons,TP Ludeman,T van der Gugten,4,0,,,,,,"",""
ball,2,2.2,Adelaide Strikers,CJ Simmons,TP Ludeman,T van der Gugten,2,0,,,,,,"",""
ball,2,2.3,Adelaide Strikers,CJ Simmons,TP Ludeman,T van der Gugten,1,0,,,,,,"",""
ball,2,2.4,Adelaide Strikers,TP Ludeman,CJ Simmons,T van der Gugten,0,1,,,,1,,"",""
ball,2,2.5,Adelaide Strikers,CJ Simmons,TP Ludeman,T van der Gugten,6,0,,,,,,"",""
ball,2,2.6,Adelaide Strikers,CJ Simmons,TP Ludeman,T van der Gugten,0,0,,,,,,"",""
ball,2,3.1,Adelaide Strikers,TP Ludeman,CJ Simmons,JM Mennie,4,0,,,,,,"",""
ball,2,3.2,Adelaide Strikers,TP Ludeman,CJ Simmons,JM Mennie,1,0,,,,,,"",""
ball,2,3.3,Adelaide Strikers,CJ Simmons,TP Ludeman,JM Mennie,0,0,,,,,,"",""
ball,2,3.4,Adelaide Strikers,CJ Simmons,TP Ludeman,JM Mennie,4,0,,,,,,"",""
ball,2,3.5,Adelaide Strikers,CJ Simmons,TP Ludeman,JM Mennie,4,0,,,,,,"",""
ball,2,3.6,Adelaide Strikers,CJ Simmons,TP Ludeman,JM Mennie,0,0,,,,,,"",""
ball,2,4.1,Adelaide Strikers,TP Ludeman,CJ Simmons,DJG Sammy,1,0,,,,,,"",""
ball,2,4.2,Adelaide Strikers,CJ Simmons,TP Ludeman,DJG Sammy,0,0,,,,,,"",""
ball,2,4.3,Adelaide Strikers,CJ Simmons,TP Ludeman,DJG Sammy,0,0,,,,,,"",""
ball,2,4.4,Adelaide Strikers,CJ Simmons,TP Ludeman,DJG Sammy,0,0,,,,,,caught,CJ Simmons
ball,2,4.5,Adelaide Strikers,JR Dean,TP Ludeman,DJG Sammy,0,0,,,,,,"",""
ball,2,4.6,Adelaide Strikers,JR Dean,TP Ludeman,DJG Sammy,1,0,,,,,,"",""
ball,2,5.1,Adelaide Strikers,JR Dean,TP Ludeman,BW Hilfenhaus,1,0,,,,,,"",""
ball,2,5.2,Adelaide Strikers,TP Ludeman,JR Dean,BW Hilfenhaus,0,0,,,,,,"",""
ball,2,5.3,Adelaide Strikers,TP Ludeman,JR Dean,BW Hilfenhaus,6,0,,,,,,"",""
ball,2,5.4,Adelaide Strikers,TP Ludeman,JR Dean,BW Hilfenhaus,0,0,,,,,,"",""
ball,2,5.5,Adelaide Strikers,TP Ludeman,JR Dean,BW Hilfenhaus,6,0,,,,,,"",""
ball,2,5.6,Adelaide Strikers,TP Ludeman,JR Dean,BW Hilfenhaus,6,0,,,,,,"",""
ball,2,6.1,Adelaide Strikers,JR Dean,TP Ludeman,CJ Boyce,0,0,,,,,,"",""
ball,2,6.2,Adelaide Strikers,JR Dean,TP Ludeman,CJ Boyce,1,0,,,,,,"",""
ball,2,6.3,Adelaide Strikers,TP Ludeman,JR Dean,CJ Boyce,1,0,,,,,,"",""
ball,2,6.4,Adelaide Strikers,JR Dean,TP Ludeman,CJ Boyce,0,0,,,,,,"",""
ball,2,6.5,Adelaide Strikers,JR Dean,TP Ludeman,CJ Boyce,0,0,,,,,,"",""
ball,2,6.6,Adelaide Strikers,JR Dean,TP Ludeman,CJ Boyce,1,0,,,,,,"",""
ball,2,7.1,Adelaide Strikers,JR Dean,TP Ludeman,T van der Gugten,1,0,,,,,,"",""
ball,2,7.2,Adelaide Strikers,TP Ludeman,JR Dean,T van der Gugten,4,0,,,,,,"",""
ball,2,7.3,Adelaide Strikers,TP Ludeman,JR Dean,T van der Gugten,2,0,,,,,,"",""
ball,2,7.4,Adelaide Strikers,TP Ludeman,JR Dean,T van der Gugten,1,0,,,,,,"",""
ball,2,7.5,Adelaide Strikers,JR Dean,TP Ludeman,T van der Gugten,1,0,,,,,,"",""
ball,2,7.6,Adelaide Strikers,TP Ludeman,JR Dean,T van der Gugten,6,0,,,,,,"",""
ball,2,8.1,Adelaide Strikers,JR Dean,TP Ludeman,DJG Sammy,0,0,,,,,,"",""
ball,2,8.2,Adelaide Strikers,JR Dean,TP Ludeman,DJG Sammy,0,0,,,,,,"",""
ball,2,8.3,Adelaide Strikers,JR Dean,TP Ludeman,DJG Sammy,0,0,,,,,,"",""
ball,2,8.4,Adelaide Strikers,JR Dean,TP Ludeman,DJG Sammy,3,0,,,,,,"",""
ball,2,8.5,Adelaide Strikers,TP Ludeman,JR Dean,DJG Sammy,2,0,,,,,,"",""
ball,2,8.6,Adelaide Strikers,TP Ludeman,JR Dean,DJG Sammy,0,0,,,,,,"",""
ball,2,9.1,Adelaide Strikers,JR Dean,TP Ludeman,CJ Boyce,1,0,,,,,,"",""
ball,2,9.2,Adelaide Strikers,TP Ludeman,JR Dean,CJ Boyce,1,0,,,,,,"",""
ball,2,9.3,Adelaide Strikers,JR Dean,TP Ludeman,CJ Boyce,6,0,,,,,,"",""
ball,2,9.4,Adelaide Strikers,JR Dean,TP Ludeman,CJ Boyce,0,0,,,,,,"",""
ball,2,9.5,Adelaide Strikers,JR Dean,TP Ludeman,CJ Boyce,0,0,,,,,,"",""
ball,2,9.6,Adelaide Strikers,JR Dean,TP Ludeman,CJ Boyce,1,0,,,,,,"",""
ball,2,10.1,Adelaide Strikers,JR Dean,TP Ludeman,DJG Sammy,0,0,,,,,,"",""
ball,2,10.2,Adelaide Strikers,JR Dean,TP Ludeman,DJG Sammy,1,0,,,,,,"",""
ball,2,10.3,Adelaide Strikers,TP Ludeman,JR Dean,DJG Sammy,0,0,,,,,,"",""
ball,2,10.4,Adelaide Strikers,TP Ludeman,JR Dean,DJG Sammy,2,0,,,,,,"",""
ball,2,10.5,Adelaide Strikers,TP Ludeman,JR Dean,DJG Sammy,0,0,,,,,,"",""
ball,2,10.6,Adelaide Strikers,TP Ludeman,JR Dean,DJG Sammy,0,0,,,,,,"",""
ball,2,11.1,Adelaide Strikers,JR Dean,TP Ludeman,CJ Boyce,0,0,,,,,,"",""
ball,2,11.2,Adelaide Strikers,JR Dean,TP Ludeman,CJ Boyce,6,0,,,,,,"",""
ball,2,11.3,Adelaide Strikers,JR Dean,TP Ludeman,CJ Boyce,1,0,,,,,,"",""
ball,2,11.4,Adelaide Strikers,TP Ludeman,JR Dean,CJ Boyce,0,0,,,,,,"",""
ball,2,11.5,Adelaide Strikers,TP Ludeman,JR Dean,CJ Boyce,1,0,,,,,,"",""
ball,2,11.6,Adelaide Strikers,JR Dean,TP Ludeman,CJ Boyce,0,0,,,,,,"",""
ball,2,12.1,Adelaide Strikers,TP Ludeman,JR Dean,EP Gulbis,1,0,,,,,,"",""
ball,2,12.2,Adelaide Strikers,JR Dean,TP Ludeman,EP Gulbis,0,0,,,,,,"",""
ball,2,12.3,Adelaide Strikers,JR Dean,TP Ludeman,EP Gulbis,0,0,,,,,,"",""
ball,2,12.4,Adelaide Strikers,JR Dean,TP Ludeman,EP Gulbis,0,1,1,,,,,"",""
ball,2,12.5,Adelaide Strikers,JR Dean,TP Ludeman,EP Gulbis,1,0,,,,,,"",""
ball,2,12.6,Adelaide Strikers,TP Ludeman,JR Dean,EP Gulbis,1,0,,,,,,"",""
ball,2,12.7,Adelaide Strikers,JR Dean,TP Ludeman,EP Gulbis,0,1,,,,1,,"",""
ball,2,13.1,Adelaide Strikers,JR Dean,TP Ludeman,CJ Boyce,6,0,,,,,,"",""
ball,2,13.2,Adelaide Strikers,JR Dean,TP Ludeman,CJ Boyce,0,1,,,,1,,"",""
ball,2,13.3,Adelaide Strikers,TP Ludeman,JR Dean,CJ Boyce,0,0,,,,,,caught,TP Ludeman
ball,2,13.4,Adelaide Strikers,JR Dean,KA Pollard,CJ Boyce,4,0,,,,,,"",""
ball,2,13.5,Adelaide Strikers,JR Dean,KA Pollard,CJ Boyce,6,0,,,,,,"",""
ball,2,13.6,Adelaide Strikers,JR Dean,KA Pollard,CJ Boyce,6,0,,,,,,"",""
ball,2,14.1,Adelaide Strikers,KA Pollard,JR Dean,BW Hilfenhaus,6,0,,,,,,"",""
ball,2,14.2,Adelaide Strikers,KA Pollard,JR Dean,BW Hilfenhaus,1,0,,,,,,"",""
ball,2,14.3,Adelaide Strikers,JR Dean,KA Pollard,BW Hilfenhaus,6,0,,,,,,"",""
