version,1.6.0
info,balls_per_over,6
info,team,Sydney Sixers
info,team,Brisbane Heat
info,gender,male
info,season,2015/16
info,date,2016/01/10
info,event,Big Bash League
info,match_number,26
info,venue,Sydney Cricket Ground
info,city,
info,toss_winner,Brisbane Heat
info,toss_decision,bat
info,player_of_match,JA Burns
info,umpire,PJ Gillespie
info,umpire,MW Graham-Smith
info,reserve_umpire,AK Wilds
info,tv_umpire,DB Mealey
info,match_referee,RW Stratford
info,winner,Brisbane Heat
info,winner_runs,6
info,player,Brisbane Heat,JJ Peirson
info,player,Brisbane Heat,LMP Simmons
info,player,Brisbane Heat,CA Lynn
info,player,Brisbane Heat,JA Burns
info,player,Brisbane Heat,NJ Reardon
info,player,Brisbane Heat,BCJ Cutting
info,player,Brisbane Heat,JS Floros
info,player,Brisbane Heat,JR Hopes
info,player,Brisbane Heat,JK Lalor
info,player,Brisbane Heat,MJ Swepson
info,player,Brisbane Heat,S Badree
info,player,Sydney Sixers,EJM Cowan
info,player,Sydney Sixers,MJ Lumb
info,player,Sydney Sixers,NCR Larkin
info,player,Sydney Sixers,SA Abbott
info,player,Sydney Sixers,BJ Haddin
info,player,Sydney Sixers,JC Silk
info,player,Sydney Sixers,BJ Dwarshuis
info,player,Sydney Sixers,J Botha
info,player,Sydney Sixers,NM Lyon
info,player,Sydney Sixers,JM Bird
info,player,Sydney Sixers,DE Bollinger
info,registry,people,AK Wilds,de412f40
info,registry,people,BCJ Cutting,2e11c706
info,registry,people,BJ Dwarshuis,e1b9f3a9
info,registry,people,BJ Haddin,b0c772ee
info,registry,people,CA Lynn,45eda7c8
info,registry,people,DB Mealey,2199afd4
info,registry,people,DE Bollinger,45c2196c
info,registry,people,EJM Cowan,fee3c48a
info,registry,people,J Botha,7c503806
info,registry,people,JA Burns,7a5f232a
info,registry,people,JC Silk,7a6dc294
info,registry,people,JJ Peirson,2b55c3b4
info,registry,people,JK Lalor,88209c84
info,registry,people,JM Bird,bc773eeb
info,registry,people,JR Hopes,2498e163
info,registry,people,JS Floros,79765f6f
info,registry,people,LMP Simmons,89f64c19
info,registry,people,MJ Lumb,11df3dc8
info,registry,people,MJ Swepson,86b4bf88
info,registry,people,MW Graham-Smith,18aca3ce
info,registry,people,NCR Larkin,02bce9a8
info,registry,people,NJ Reardon,c7bdb5b5
info,registry,people,NM Lyon,96a6a7ad
info,registry,people,PJ Gillespie,3e253a50
info,registry,people,RW Stratford,85489579
info,registry,people,S Badree,76388dc8
info,registry,people,SA Abbott,1a2676c5
ball,1,0.1,Brisbane Heat,JJ Peirson,LMP Simmons,DE Bollinger,0,1,1,,,,,"",""
ball,1,0.2,Brisbane Heat,JJ Peirson,LMP Simmons,DE Bollinger,0,0,,,,,,"",""
ball,1,0.3,Brisbane Heat,JJ Peirson,LMP Simmons,DE Bollinger,0,0,,,,,,"",""
ball,1,0.4,Brisbane Heat,JJ Peirson,LMP Simmons,DE Bollinger,0,0,,,,,,"",""
ball,1,0.5,Brisbane Heat,JJ Peirson,LMP Simmons,DE Bollinger,1,0,,,,,,"",""
ball,1,0.6,Brisbane Heat,LMP Simmons,JJ Peirson,DE Bollinger,1,0,,,,,,"",""
ball,1,0.7,Brisbane Heat,JJ Peirson,LMP Simmons,DE Bollinger,1,0,,,,,,"",""
ball,1,1.1,Brisbane Heat,JJ Peirson,LMP Simmons,JM Bird,6,0,,,,,,"",""
ball,1,1.2,Brisbane Heat,JJ Peirson,LMP Simmons,JM Bird,2,0,,,,,,"",""
ball,1,1.3,Brisbane Heat,JJ Peirson,LMP Simmons,JM Bird,0,0,,,,,,"",""
ball,1,1.4,Brisbane Heat,JJ Peirson,LMP Simmons,JM Bird,0,0,,,,,,caught,JJ Peirson
ball,1,1.5,Brisbane Heat,LMP Simmons,CA Lynn,JM Bird,0,0,,,,,,"",""
ball,1,1.6,Brisbane Heat,LMP Simmons,CA Lynn,JM Bird,0,0,,,,,,"",""
ball,1,2.1,Brisbane Heat,CA Lynn,LMP Simmons,DE Bollinger,0,0,,,,,,"",""
ball,1,2.2,Brisbane Heat,CA Lynn,LMP Simmons,DE Bollinger,1,0,,,,,,"",""
ball,1,2.3,Brisbane Heat,LMP Simmons,CA Lynn,DE Bollinger,4,0,,,,,,"",""
ball,1,2.4,Brisbane Heat,LMP Simmons,CA Lynn,DE Bollinger,0,0,,,,,,"",""
ball,1,2.5,Brisbane Heat,LMP Simmons,CA Lynn,DE Bollinger,4,0,,,,,,"",""
ball,1,2.6,Brisbane Heat,LMP Simmons,CA Lynn,DE Bollinger,1,0,,,,,,"",""
ball,1,3.1,Brisbane Heat,LMP Simmons,CA Lynn,JM Bird,0,0,,,,,,"",""
ball,1,3.2,Brisbane Heat,LMP Simmons,CA Lynn,JM Bird,4,0,,,,,,"",""
ball,1,3.3,Brisbane Heat,LMP Simmons,CA Lynn,JM Bird,4,0,,,,,,"",""
ball,1,3.4,Brisbane Heat,LMP Simmons,CA Lynn,JM Bird,0,0,,,,,,"",""
ball,1,3.5,Brisbane Heat,LMP Simmons,CA Lynn,JM Bird,1,0,,,,,,"",""
ball,1,3.6,Brisbane Heat,CA Lynn,LMP Simmons,JM Bird,0,0,,,,,,"",""
ball,1,4.1,Brisbane Heat,LMP Simmons,CA Lynn,DE Bollinger,0,2,,,2,,,"",""
ball,1,4.2,Brisbane Heat,LMP Simmons,CA Lynn,DE Bollinger,1,0,,,,,,"",""
ball,1,4.3,Brisbane Heat,CA Lynn,LMP Simmons,DE Bollinger,0,0,,,,,,"",""
ball,1,4.4,Brisbane Heat,CA Lynn,LMP Simmons,DE Bollinger,0,0,,,,,,caught,CA Lynn
ball,1,4.5,Brisbane Heat,JA Burns,LMP Simmons,DE Bollinger,0,0,,,,,,"",""
ball,1,4.6,Brisbane Heat,JA Burns,LMP Simmons,DE Bollinger,0,0,,,,,,"",""
ball,1,5.1,Brisbane Heat,LMP Simmons,JA Burns,JM Bird,4,0,,,,,,"",""
ball,1,5.2,Brisbane Heat,LMP Simmons,JA Burns,JM Bird,1,0,,,,,,"",""
ball,1,5.3,Brisbane Heat,JA Burns,LMP Simmons,JM Bird,0,0,,,,,,"",""
ball,1,5.4,Brisbane Heat,JA Burns,LMP Simmons,JM Bird,0,0,,,,,,"",""
ball,1,5.5,Brisbane Heat,JA Burns,LMP Simmons,JM Bird,1,0,,,,,,"",""
ball,1,5.6,Brisbane Heat,LMP Simmons,JA Burns,JM Bird,4,0,,,,,,"",""
ball,1,6.1,Brisbane Heat,JA Burns,LMP Simmons,NM Lyon,0,0,,,,,,"",""
ball,1,6.2,Brisbane Heat,JA Burns,LMP Simmons,NM Lyon,1,0,,,,,,"",""
ball,1,6.3,Brisbane Heat,LMP Simmons,JA Burns,NM Lyon,0,0,,,,,,"",""
ball,1,6.4,Brisbane Heat,LMP Simmons,JA Burns,NM Lyon,1,0,,,,,,"",""
ball,1,6.5,Brisbane Heat,JA Burns,LMP Simmons,NM Lyon,2,0,,,,,,"",""
ball,1,6.6,Brisbane Heat,JA Burns,LMP Simmons,NM Lyon,1,0,,,,,,"",""
ball,1,7.1,Brisbane Heat,JA Burns,LMP Simmons,J Botha,0,0,,,,,,"",""
ball,1,7.2,Brisbane Heat,JA Burns,LMP Simmons,J Botha,1,0,,,,,,"",""
ball,1,7.3,Brisbane Heat,LMP Simmons,JA Burns,J Botha,1,0,,,,,,"",""
ball,1,7.4,Brisbane Heat,JA Burns,LMP Simmons,J Botha,0,0,,,,,,"",""
ball,1,7.5,Brisbane Heat,JA Burns,LMP Simmons,J Botha,2,0,,,,,,"",""
ball,1,7.6,Brisbane Heat,JA Burns,LMP Simmons,J Botha,1,0,,,,,,"",""
ball,1,8.1,Brisbane Heat,JA Burns,LMP Simmons,NM Lyon,2,0,,,,,,"",""
ball,1,8.2,Brisbane Heat,JA Burns,LMP Simmons,NM Lyon,6,0,,,,,,"",""
ball,1,8.3,Brisbane Heat,JA Burns,LMP Simmons,NM Lyon,2,0,,,,,,"",""
ball,1,8.4,Brisbane Heat,JA Burns,LMP Simmons,NM Lyon,0,0,,,,,,"",""
ball,1,8.5,Brisbane Heat,JA Burns,LMP Simmons,NM Lyon,1,0,,,,,,"",""
ball,1,8.6,Brisbane Heat,LMP Simmons,JA Burns,NM Lyon,2,0,,,,,,"",""
ball,1,9.1,Brisbane Heat,JA Burns,LMP Simmons,BJ Dwarshuis,1,0,,,,,,"",""
ball,1,9.2,Brisbane Heat,LMP Simmons,JA Burns,BJ Dwarshuis,4,0,,,,,,"",""
ball,1,9.3,Brisbane Heat,LMP Simmons,JA Burns,BJ Dwarshuis,1,0,,,,,,"",""
ball,1,9.4,Brisbane Heat,JA Burns,LMP Simmons,BJ Dwarshuis,0,0,,,,,,"",""
ball,1,9.5,Brisbane Heat,JA Burns,LMP Simmons,BJ Dwarshuis,0,1,1,,,,,"",""
ball,1,9.6,Brisbane Heat,JA Burns,LMP Simmons,BJ Dwarshuis,4,0,,,,,,"",""
ball,1,9.7,Brisbane Heat,JA Burns,LMP Simmons,BJ Dwarshuis,1,0,,,,,,"",""
ball,1,10.1,Brisbane Heat,JA Burns,LMP Simmons,J Botha,1,0,,,,,,"",""
ball,1,10.2,Brisbane Heat,LMP Simmons,JA Burns,J Botha,1,0,,,,,,"",""
ball,1,10.3,Brisbane Heat,JA Burns,LMP Simmons,J Botha,1,0,,,,,,"",""
ball,1,10.4,Brisbane Heat,LMP Simmons,JA Burns,J Botha,4,0,,,,,,"",""
ball,1,10.5,Brisbane Heat,LMP Simmons,JA Burns,J Botha,1,0,,,,,,"",""
ball,1,10.6,Brisbane Heat,JA Burns,LMP Simmons,J Botha,1,0,,,,,,"",""
ball,1,11.1,Brisbane Heat,JA Burns,LMP Simmons,JM Bird,0,0,,,,,,"",""
ball,1,11.2,Brisbane Heat,JA Burns,LMP Simmons,JM Bird,2,0,,,,,,"",""
ball,1,11.3,Brisbane Heat,JA Burns,LMP Simmons,JM Bird,0,0,,,,,,"",""
ball,1,11.4,Brisbane Heat,JA Burns,LMP Simmons,JM Bird,4,0,,,,,,"",""
ball,1,11.5,Brisbane Heat,JA Burns,LMP Simmons,JM Bird,1,0,,,,,,"",""
ball,1,11.6,Brisbane Heat,LMP Simmons,JA Burns,JM Bird,0,1,1,,,,,"",""
ball,1,11.7,Brisbane Heat,LMP Simmons,JA Burns,JM Bird,0,0,,,,,,"",""
ball,1,12.1,Brisbane Heat,JA Burns,LMP Simmons,J Botha,1,0,,,,,,"",""
ball,1,12.2,Brisbane Heat,LMP Simmons,JA Burns,J Botha,4,0,,,,,,"",""
ball,1,12.3,Brisbane Heat,LMP Simmons,JA Burns,J Botha,6,0,,,,,,"",""
ball,1,12.4,Brisbane Heat,LMP Simmons,JA Burns,J Botha,0,0,,,,,,caught,LMP Simmons
ball,1,12.5,Brisbane Heat,JA Burns,NJ Reardon,J Botha,4,0,,,,,,"",""
ball,1,12.6,Brisbane Heat,JA Burns,NJ Reardon,J Botha,2,0,,,,,,"",""
ball,1,13.1,Brisbane Heat,NJ Reardon,JA Burns,NM Lyon,1,0,,,,,,"",""
ball,1,13.2,Brisbane Heat,JA Burns,NJ Reardon,NM Lyon,0,0,,,,,,"",""
ball,1,13.3,Brisbane Heat,JA Burns,NJ Reardon,NM Lyon,0,0,,,,,,"",""
ball,1,13.4,Brisbane Heat,JA Burns,NJ Reardon,NM Lyon,0,0,,,,,,"",""
ball,1,13.5,Brisbane Heat,JA Burns,NJ Reardon,NM Lyon,0,0,,,,,,"",""
ball,1,13.6,Brisbane Heat,JA Burns,NJ Reardon,NM Lyon,1,0,,,,,,"",""
ball,1,14.1,Brisbane Heat,JA Burns,NJ Reardon,J Botha,0,0,,,,,,"",""
ball,1,14.2,Brisbane Heat,JA Burns,NJ Reardon,J Botha,0,0,,,,,,"",""
ball,1,14.3,Brisbane Heat,JA Burns,NJ Reardon,J Botha,0,0,,,,,,"",""
ball,1,14.4,Brisbane Heat,JA Burns,NJ Reardon,J Botha,6,0,,,,,,"",""
ball,1,14.5,Brisbane Heat,JA Burns,NJ Reardon,J Botha,6,0,,,,,,"",""
ball,1,14.6,Brisbane Heat,JA Burns,NJ Reardon,J Botha,2,0,,,,,,"",""
ball,1,15.1,Brisbane Heat,NJ Reardon,JA Burns,NM Lyon,2,0,,,,,,"",""
ball,1,15.2,Brisbane Heat,NJ Reardon,JA Burns,NM Lyon,1,0,,,,,,"",""
ball,1,15.3,Brisbane Heat,JA Burns,NJ Reardon,NM Lyon,1,0,,,,,,"",""
ball,1,15.4,Brisbane Heat,NJ Reardon,JA Burns,NM Lyon,0,0,,,,,,"",""
ball,1,15.5,Brisbane Heat,NJ Reardon,JA Burns,NM Lyon,2,0,,,,,,"",""
ball,1,15.6,Brisbane Heat,NJ Reardon,JA Burns,NM Lyon,1,0,,,,,,"",""
ball,1,16.1,Brisbane Heat,NJ Reardon,JA Burns,BJ Dwarshuis,0,0,,,,,,bowled,NJ Reardon
ball,1,16.2,Brisbane Heat,BCJ Cutting,JA Burns,BJ Dwarshuis,0,0,,,,,,"",""
ball,1,16.3,Brisbane Heat,BCJ Cutting,JA Burns,BJ Dwarshuis,2,0,,,,,,"",""
ball,1,16.4,Brisbane Heat,BCJ Cutting,JA Burns,BJ Dwarshuis,6,0,,,,,,"",""
ball,1,16.5,Brisbane Heat,BCJ Cutting,JA Burns,BJ Dwarshuis,1,0,,,,,,"",""
ball,1,16.6,Brisbane Heat,JA Burns,BCJ Cutting,BJ Dwarshuis,1,0,,,,,,"",""
ball,1,17.1,Brisbane Heat,JA Burns,BCJ Cutting,SA Abbott,0,0,,,,,,"",""
ball,1,17.2,Brisbane Heat,JA Burns,BCJ Cutting,SA Abbott,0,0,,,,,,"",""
ball,1,17.3,Brisbane Heat,JA Burns,BCJ Cutting,SA Abbott,0,0,,,,,,"",""
ball,1,17.4,Brisbane Heat,JA Burns,BCJ Cutting,SA Abbott,0,0,,,,,,caught,JA Burns
ball,1,17.5,Brisbane Heat,BCJ Cutting,JS Floros,SA Abbott,1,0,,,,,,"",""
ball,1,17.6,Brisbane Heat,JS Floros,BCJ Cutting,SA Abbott,1,0,,,,,,"",""
ball,1,18.1,Brisbane Heat,JS Floros,BCJ Cutting,DE Bollinger,0,0,,,,,,"",""
ball,1,18.2,Brisbane Heat,JS Floros,BCJ Cutting,DE Bollinger,0,0,,,,,,"",""
ball,1,18.3,Brisbane Heat,JS Floros,BCJ Cutting,DE Bollinger,0,0,,,,,,"",""
ball,1,18.4,Brisbane Heat,JS Floros,BCJ Cutting,DE Bollinger,4,0,,,,,,"",""
ball,1,18.5,Brisbane Heat,JS Floros,BCJ Cutting,DE Bollinger,4,0,,,,,,"",""
ball,1,18.6,Brisbane Heat,JS Floros,BCJ Cutting,DE Bollinger,0,0,,,,,,"",""
ball,1,19.1,Brisbane Heat,BCJ Cutting,JS Floros,SA Abbott,2,0,,,,,,"",""
ball,1,19.2,Brisbane Heat,BCJ Cutting,JS Floros,SA Abbott,0,1,1,,,,,"",""
ball,1,19.3,Brisbane Heat,BCJ Cutting,JS Floros,SA Abbott,0,0,,,,,,"",""
ball,1,19.4,Brisbane Heat,BCJ Cutting,JS Floros,SA Abbott,0,0,,,,,,caught,BCJ Cutting
ball,1,19.5,Brisbane Heat,JS Floros,JR Hopes,SA Abbott,0,0,,,,,,caught,JS Floros
ball,1,19.6,Brisbane Heat,JR Hopes,JK Lalor,SA Abbott,2,0,,,,,,"",""
ball,1,19.7,Brisbane Heat,JR Hopes,JK Lalor,SA Abbott,1,0,,,,,,run out,JR Hopes
ball,2,0.1,Sydney Sixers,EJM Cowan,MJ Lumb,JR Hopes,0,0,,,,,,"",""
ball,2,0.2,Sydney Sixers,EJM Cowan,MJ Lumb,JR Hopes,0,0,,,,,,"",""
ball,2,0.3,Sydney Sixers,EJM Cowan,MJ Lumb,JR Hopes,0,0,,,,,,"",""
ball,2,0.4,Sydney Sixers,EJM Cowan,MJ Lumb,JR Hopes,1,0,,,,,,"",""
ball,2,0.5,Sydney Sixers,MJ Lumb,EJM Cowan,JR Hopes,1,0,,,,,,"",""
ball,2,0.6,Sydney Sixers,EJM Cowan,MJ Lumb,JR Hopes,2,0,,,,,,"",""
ball,2,1.1,Sydney Sixers,MJ Lumb,EJM Cowan,S Badree,1,0,,,,,,"",""
ball,2,1.2,Sydney Sixers,EJM Cowan,MJ Lumb,S Badree,1,0,,,,,,"",""
ball,2,1.3,Sydney Sixers,MJ Lumb,EJM Cowan,S Badree,0,0,,,,,,"",""
ball,2,1.4,Sydney Sixers,MJ Lumb,EJM Cowan,S Badree,0,1,1,,,,,"",""
ball,2,1.5,Sydney Sixers,MJ Lumb,EJM Cowan,S Badree,0,0,,,,,,"",""
ball,2,1.6,Sydney Sixers,MJ Lumb,EJM Cowan,S Badree,1,0,,,,,,"",""
ball,2,1.7,Sydney Sixers,EJM Cowan,MJ Lumb,S Badree,0,0,,,,,,"",""
ball,2,2.1,Sydney Sixers,MJ Lumb,EJM Cowan,JR Hopes,4,0,,,,,,"",""
ball,2,2.2,Sydney Sixers,MJ Lumb,EJM Cowan,JR Hopes,1,0,,,,,,"",""
ball,2,2.3,Sydney Sixers,EJM Cowan,MJ Lumb,JR Hopes,0,0,,,,,,"",""
ball,2,2.4,Sydney Sixers,EJM Cowan,MJ Lumb,JR Hopes,0,0,,,,,,caught,EJM Cowan
ball,2,2.5,Sydney Sixers,MJ Lumb,NCR Larkin,JR Hopes,0,0,,,,,,"",""
ball,2,2.6,Sydney Sixers,MJ Lumb,NCR Larkin,JR Hopes,4,0,,,,,,"",""
ball,2,3.1,Sydney Sixers,NCR Larkin,MJ Lumb,S Badree,0,0,,,,,,"",""
ball,2,3.2,Sydney Sixers,NCR Larkin,MJ Lumb,S Badree,4,0,,,,,,"",""
ball,2,3.3,Sydney Sixers,NCR Larkin,MJ Lumb,S Badree,0,0,,,,,,"",""
ball,2,3.4,Sydney Sixers,NCR Larkin,MJ Lumb,S Badree,0,0,,,,,,"",""
ball,2,3.5,Sydney Sixers,NCR Larkin,MJ Lumb,S Badree,0,0,,,,,,"",""
ball,2,3.6,Sydney Sixers,NCR Larkin,MJ Lumb,S Badree,1,0,,,,,,"",""
ball,2,4.1,Sydney Sixers,NCR Larkin,MJ Lumb,JK Lalor,1,0,,,,,,"",""
ball,2,4.2,Sydney Sixers,MJ Lumb,NCR Larkin,JK Lalor,0,0,,,,,,"",""
ball,2,4.3,Sydney Sixers,MJ Lumb,NCR Larkin,JK Lalor,0,1,1,,,,,"",""
ball,2,4.4,Sydney Sixers,MJ Lumb,NCR Larkin,JK Lalor,0,0,,,,,,"",""
ball,2,4.5,Sydney Sixers,MJ Lumb,NCR Larkin,JK Lalor,1,0,,,,,,"",""
ball,2,4.6,Sydney Sixers,NCR Larkin,MJ Lumb,JK Lalor,0,0,,,,,,"",""
ball,2,4.7,Sydney Sixers,NCR Larkin,MJ Lumb,JK Lalor,0,0,,,,,,"",""
ball,2,5.1,Sydney Sixers,MJ Lumb,NCR Larkin,S Badree,0,1,1,,,,,"",""
ball,2,5.2,Sydney Sixers,MJ Lumb,NCR Larkin,S Badree,4,0,,,,,,"",""
ball,2,5.3,Sydney Sixers,MJ Lumb,NCR Larkin,S Badree,0,0,,,,,,"",""
ball,2,5.4,Sydney Sixers,MJ Lumb,NCR Larkin,S Badree,2,0,,,,,,"",""
ball,2,5.5,Sydney Sixers,MJ Lumb,NCR Larkin,S Badree,0,0,,,,,,"",""
ball,2,5.6,Sydney Sixers,MJ Lumb,NCR Larkin,S Badree,0,0,,,,,,"",""
ball,2,5.7,Sydney Sixers,MJ Lumb,NCR Larkin,S Badree,0,0,,,,,,"",""
ball,2,6.1,Sydney Sixers,NCR Larkin,MJ Lumb,JK Lalor,4,0,,,,,,"",""
ball,2,6.2,Sydney Sixers,NCR Larkin,MJ Lumb,JK Lalor,0,0,,,,,,"",""
ball,2,6.3,Sydney Sixers,NCR Larkin,MJ Lumb,JK Lalor,0,0,,,,,,"",""
ball,2,6.4,Sydney Sixers,NCR Larkin,MJ Lumb,JK Lalor,1,0,,,,,,"",""
ball,2,6.5,Sydney Sixers,MJ Lumb,NCR Larkin,JK Lalor,0,1,1,,,,,"",""
ball,2,6.6,Sydney Sixers,MJ Lumb,NCR Larkin,JK Lalor,2,0,,,,,,"",""
ball,2,6.7,Sydney Sixers,MJ Lumb,NCR Larkin,JK Lalor,2,0,,,,,,"",""
ball,2,7.1,Sydney Sixers,NCR Larkin,MJ Lumb,MJ Swepson,4,0,,,,,,"",""
ball,2,7.2,Sydney Sixers,NCR Larkin,MJ Lumb,MJ Swepson,0,0,,,,,,caught,NCR Larkin
ball,2,7.3,Sydney Sixers,SA Abbott,MJ Lumb,MJ Swepson,0,0,,,,,,"",""
ball,2,7.4,Sydney Sixers,SA Abbott,MJ Lumb,MJ Swepson,0,0,,,,,,"",""
ball,2,7.5,Sydney Sixers,SA Abbott,MJ Lumb,MJ Swepson,0,0,,,,,,"",""
ball,2,7.6,Sydney Sixers,SA Abbott,MJ Lumb,MJ Swepson,0,0,,,,,,"",""
ball,2,8.1,Sydney Sixers,MJ Lumb,SA Abbott,JR Hopes,2,0,,,,,,"",""
ball,2,8.2,Sydney Sixers,MJ Lumb,SA Abbott,JR Hopes,1,0,,,,,,"",""
ball,2,8.3,Sydney Sixers,SA Abbott,MJ Lumb,JR Hopes,0,0,,,,,,"",""
ball,2,8.4,Sydney Sixers,SA Abbott,MJ Lumb,JR Hopes,1,0,,,,,,run out,SA Abbott
ball,2,8.5,Sydney Sixers,MJ Lumb,BJ Haddin,JR Hopes,0,1,,,,1,,"",""
ball,2,8.6,Sydney Sixers,BJ Haddin,MJ Lumb,JR Hopes,1,0,,,,,,"",""
ball,2,9.1,Sydney Sixers,BJ Haddin,MJ Lumb,MJ Swepson,0,0,,,,,,"",""
ball,2,9.2,Sydney Sixers,BJ Haddin,MJ Lumb,MJ Swepson,0,0,,,,,,"",""
ball,2,9.3,Sydney Sixers,BJ Haddin,MJ Lumb,MJ Swepson,6,0,,,,,,"",""
ball,2,9.4,Sydney Sixers,BJ Haddin,MJ Lumb,MJ Swepson,1,0,,,,,,"",""
ball,2,9.5,Sydney Sixers,MJ Lumb,BJ Haddin,MJ Swepson,1,0,,,,,,"",""
ball,2,9.6,Sydney Sixers,BJ Haddin,MJ Lumb,MJ Swepson,4,0,,,,,,"",""
ball,2,10.1,Sydney Sixers,MJ Lumb,BJ Haddin,JR Hopes,2,0,,,,,,"",""
ball,2,10.2,Sydney Sixers,MJ Lumb,BJ Haddin,JR Hopes,4,0,,,,,,"",""
ball,2,10.3,Sydney Sixers,MJ Lumb,BJ Haddin,JR Hopes,1,0,,,,,,"",""
ball,2,10.4,Sydney Sixers,BJ Haddin,MJ Lumb,JR Hopes,1,0,,,,,,"",""
ball,2,10.5,Sydney Sixers,MJ Lumb,BJ Haddin,JR Hopes,1,0,,,,,,"",""
ball,2,10.6,Sydney Sixers,BJ Haddin,MJ Lumb,JR Hopes,4,0,,,,,,"",""
ball,2,11.1,Sydney Sixers,MJ Lumb,BJ Haddin,S Badree,2,0,,,,,,"",""
ball,2,11.2,Sydney Sixers,MJ Lumb,BJ Haddin,S Badree,1,0,,,,,,"",""
ball,2,11.3,Sydney Sixers,BJ Haddin,MJ Lumb,S Badree,0,0,,,,,,"",""
ball,2,11.4,Sydney Sixers,BJ Haddin,MJ Lumb,S Badree,1,0,,,,,,"",""
ball,2,11.5,Sydney Sixers,MJ Lumb,BJ Haddin,S Badree,1,0,,,,,,"",""
ball,2,11.6,Sydney Sixers,BJ Haddin,MJ Lumb,S Badree,0,0,,,,,,"",""
ball,2,12.1,Sydney Sixers,MJ Lumb,BJ Haddin,BCJ Cutting,2,0,,,,,,"",""
ball,2,12.2,Sydney Sixers,MJ Lumb,BJ Haddin,BCJ Cutting,1,0,,,,,,"",""
ball,2,12.3,Sydney Sixers,BJ Haddin,MJ Lumb,BCJ Cutting,1,0,,,,,,"",""
ball,2,12.4,Sydney Sixers,MJ Lumb,BJ Haddin,BCJ Cutting,2,0,,,,,,"",""
ball,2,12.5,Sydney Sixers,MJ Lumb,BJ Haddin,BCJ Cutting,2,0,,,,,,"",""
ball,2,12.6,Sydney Sixers,MJ Lumb,BJ Haddin,BCJ Cutting,0,0,,,,,,"",""
ball,2,13.1,Sydney Sixers,BJ Haddin,MJ Lumb,JS Floros,1,0,,,,,,"",""
ball,2,13.2,Sydney Sixers,MJ Lumb,BJ Haddin,JS Floros,1,0,,,,,,"",""
ball,2,13.3,Sydney Sixers,BJ Haddin,MJ Lumb,JS Floros,6,0,,,,,,"",""
ball,2,13.4,Sydney Sixers,BJ Haddin,MJ Lumb,JS Floros,1,0,,,,,,"",""
ball,2,13.5,Sydney Sixers,MJ Lumb,BJ Haddin,JS Floros,0,0,,,,,,bowled,MJ Lumb
ball,2,13.6,Sydney Sixers,JC Silk,BJ Haddin,JS Floros,1,0,,,,,,"",""
ball,2,14.1,Sydney Sixers,JC Silk,BJ Haddin,BCJ Cutting,0,0,,,,,,"",""
ball,2,14.2,Sydney Sixers,JC Silk,BJ Haddin,BCJ Cutting,1,0,,,,,,"",""
ball,2,14.3,Sydney Sixers,BJ Haddin,JC Silk,BCJ Cutting,4,0,,,,,,"",""
ball,2,14.4,Sydney Sixers,BJ Haddin,JC Silk,BCJ Cutting,1,0,,,,,,"",""
ball,2,14.5,Sydney Sixers,JC Silk,BJ Haddin,BCJ Cutting,1,0,,,,,,"",""
ball,2,14.6,Sydney Sixers,BJ Haddin,JC Silk,BCJ Cutting,4,0,,,,,,"",""
ball,2,15.1,Sydney Sixers,JC Silk,BJ Haddin,MJ Swepson,0,0,,,,,,bowled,JC Silk
ball,2,15.2,Sydney Sixers,BJ Dwarshuis,BJ Haddin,MJ Swepson,0,0,,,,,,"",""
ball,2,15.3,Sydney Sixers,BJ Dwarshuis,BJ Haddin,MJ Swepson,2,0,,,,,,"",""
ball,2,15.4,Sydney Sixers,BJ Dwarshuis,BJ Haddin,MJ Swepson,6,0,,,,,,"",""
ball,2,15.5,Sydney Sixers,BJ Dwarshuis,BJ Haddin,MJ Swepson,1,0,,,,,,"",""
ball,2,15.6,Sydney Sixers,BJ Haddin,BJ Dwarshuis,MJ Swepson,1,0,,,,,,"",""
ball,2,16.1,Sydney Sixers,BJ Haddin,BJ Dwarshuis,JK Lalor,1,0,,,,,,"",""
ball,2,16.2,Sydney Sixers,BJ Dwarshuis,BJ Haddin,JK Lalor,2,0,,,,,,"",""
ball,2,16.3,Sydney Sixers,BJ Dwarshuis,BJ Haddin,JK Lalor,1,0,,,,,,"",""
ball,2,16.4,Sydney Sixers,BJ Haddin,BJ Dwarshuis,JK Lalor,4,0,,,,,,"",""
ball,2,16.5,Sydney Sixers,BJ Haddin,BJ Dwarshuis,JK Lalor,0,0,,,,,,"",""
ball,2,16.6,Sydney Sixers,BJ Haddin,BJ Dwarshuis,JK Lalor,0,0,,,,,,"",""
ball,2,17.1,Sydney Sixers,BJ Dwarshuis,BJ Haddin,BCJ Cutting,1,0,,,,,,"",""
ball,2,17.2,Sydney Sixers,BJ Haddin,BJ Dwarshuis,BCJ Cutting,0,0,,,,,,caught,BJ Haddin
ball,2,17.3,Sydney Sixers,J Botha,BJ Dwarshuis,BCJ Cutting,1,0,,,,,,"",""
ball,2,17.4,Sydney Sixers,BJ Dwarshuis,J Botha,BCJ Cutting,0,0,,,,,,caught,BJ Dwarshuis
ball,2,17.5,Sydney Sixers,NM Lyon,J Botha,BCJ Cutting,4,0,,,,,,"",""
ball,2,17.6,Sydney Sixers,NM Lyon,J Botha,BCJ Cutting,2,0,,,,,,"",""
ball,2,18.1,Sydney Sixers,J Botha,NM Lyon,JK Lalor,2,0,,,,,,"",""
ball,2,18.2,Sydney Sixers,J Botha,NM Lyon,JK Lalor,1,0,,,,,,"",""
ball,2,18.3,Sydney Sixers,NM Lyon,J Botha,JK Lalor,1,0,,,,,,"",""
ball,2,18.4,Sydney Sixers,J Botha,NM Lyon,JK Lalor,1,0,,,,,,"",""
ball,2,18.5,Sydney Sixers,NM Lyon,J Botha,JK Lalor,0,0,,,,,,caught,NM Lyon
ball,2,18.6,Sydney Sixers,J Botha,JM Bird,JK Lalor,0,0,,,,,,"",""
ball,2,19.1,Sydney Sixers,JM Bird,J Botha,BCJ Cutting,1,0,,,,,,"",""
ball,2,19.2,Sydney Sixers,J Botha,JM Bird,BCJ Cutting,0,0,,,,,,"",""
ball,2,19.3,Sydney Sixers,J Botha,JM Bird,BCJ Cutting,2,0,,,,,,"",""
ball,2,19.4,Sydney Sixers,J Botha,JM Bird,BCJ Cutting,4,0,,,,,,"",""
ball,2,19.5,Sydney Sixers,J Botha,JM Bird,BCJ Cutting,6,0,,,,,,"",""
ball,2,19.6,Sydney Sixers,J Botha,JM Bird,BCJ Cutting,1,0,,,,,,"",""
