version,1.6.0
info,balls_per_over,6
info,team,Melbourne Renegades
info,team,Sydney Sixers
info,gender,male
info,season,2015/16
info,date,2015/12/23
info,event,Big Bash League
info,match_number,8
info,venue,Docklands Stadium
info,city,Melbourne
info,toss_winner,Sydney Sixers
info,toss_decision,field
info,player_of_match,MJ Lumb
info,umpire,SD Fry
info,umpire,SJ Nogajski
info,reserve_umpire,S Brne
info,tv_umpire,GA Abood
info,match_referee,PL Marshall
info,winner,Sydney Sixers
info,winner_wickets,3
info,player,Melbourne Renegades,AJ Finch
info,player,Melbourne Renegades,CH Gayle
info,player,Melbourne Renegades,CL White
info,player,Melbourne Renegades,DJ Bravo
info,player,Melbourne Renegades,MS Wade
info,player,Melbourne Renegades,TM Beaton
info,player,Melbourne Renegades,TLW Cooper
info,player,Melbourne Renegades,CP Tremain
info,player,Melbourne Renegades,NJ Rimmington
info,player,Melbourne Renegades,XJ Doherty
info,player,Melbourne Renegades,CAH Stevenson
info,player,Sydney Sixers,MJ Lumb
info,player,Sydney Sixers,BJ Haddin
info,player,Sydney Sixers,NJ Maddinson
info,player,Sydney Sixers,MC Henriques
info,player,Sydney Sixers,JC Silk
info,player,Sydney Sixers,J Botha
info,player,Sydney Sixers,SNJ O'Keefe
info,player,Sydney Sixers,SA Abbott
info,player,Sydney Sixers,TL Lawford
info,player,Sydney Sixers,DE Bollinger
info,player,Sydney Sixers,JM Bird
info,registry,people,AJ Finch,b8d490fd
info,registry,people,BJ Haddin,b0c772ee
info,registry,people,CAH Stevenson,7239b60d
info,registry,people,CH Gayle,db584dad
info,registry,people,CL White,d0513f63
info,registry,people,CP Tremain,96824e68
info,registry,people,DE Bollinger,45c2196c
info,registry,people,DJ Bravo,87e562a9
info,registry,people,GA Abood,a4af5528
info,registry,people,J Botha,7c503806
info,registry,people,JC Silk,7a6dc294
info,registry,people,JM Bird,bc773eeb
info,registry,people,MC Henriques,32198ae0
info,registry,people,MJ Lumb,11df3dc8
info,registry,people,MS Wade,afa7e784
info,registry,people,NJ Maddinson,44afbf2d
info,registry,people,NJ Rimmington,6042bf26
info,registry,people,PL Marshall,c1ca6df3
info,registry,people,S Brne,f552dfcb
info,registry,people,SA Abbott,1a2676c5
info,registry,people,SD Fry,6b725ed1
info,registry,people,SJ Nogajski,9b3f9323
info,registry,people,SNJ O'Keefe,3540beff
info,registry,people,TL Lawford,e01b6c44
info,registry,people,TLW Cooper,2318ba22
info,registry,people,TM Beaton,f0ec8597
info,registry,people,XJ Doherty,502b2c81
ball,1,0.1,Melbourne Renegades,AJ Finch,CH Gayle,DE Bollinger,4,0,,,,,,"",""
ball,1,0.2,Melbourne Renegades,AJ Finch,CH Gayle,DE Bollinger,0,1,,,,1,,"",""
ball,1,0.3,Melbourne Renegades,CH Gayle,AJ Finch,DE Bollinger,0,0,,,,,,"",""
ball,1,0.4,Melbourne Renegades,CH Gayle,AJ Finch,DE Bollinger,0,0,,,,,,"",""
ball,1,0.5,Melbourne Renegades,CH Gayle,AJ Finch,DE Bollinger,1,0,,,,,,"",""
ball,1,0.6,Melbourne Renegades,AJ Finch,CH Gayle,DE Bollinger,0,0,,,,,,"",""
ball,1,1.1,Melbourne Renegades,CH Gayle,AJ Finch,JM Bird,1,0,,,,,,"",""
ball,1,1.2,Melbourne Renegades,AJ Finch,CH Gayle,JM Bird,4,0,,,,,,"",""
ball,1,1.3,Melbourne Renegades,AJ Finch,CH Gayle,JM Bird,0,0,,,,,,"",""
ball,1,1.4,Melbourne Renegades,AJ Finch,CH Gayle,JM Bird,0,0,,,,,,"",""
ball,1,1.5,Melbourne Renegades,AJ Finch,CH Gayle,JM Bird,0,0,,,,,,"",""
ball,1,1.6,Melbourne Renegades,AJ Finch,CH Gayle,JM Bird,0,0,,,,,,"",""
ball,1,2.1,Melbourne Renegades,CH Gayle,AJ Finch,DE Bollinger,1,0,,,,,,"",""
ball,1,2.2,Melbourne Renegades,AJ Finch,CH Gayle,DE Bollinger,4,0,,,,,,"",""
ball,1,2.3,Melbourne Renegades,AJ Finch,CH Gayle,DE Bollinger,1,0,,,,,,"",""
ball,1,2.4,Melbourne Renegades,CH Gayle,AJ Finch,DE Bollinger,0,0,,,,,,"",""
ball,1,2.5,Melbourne Renegades,CH Gayle,AJ Finch,DE Bollinger,1,0,,,,,,"",""
ball,1,2.6,Melbourne Renegades,AJ Finch,CH Gayle,DE Bollinger,0,0,,,,,,caught,AJ Finch
ball,1,3.1,Melbourne Renegades,CH Gayle,CL White,JM Bird,1,0,,,,,,"",""
ball,1,3.2,Melbourne Renegades,CL White,CH Gayle,JM Bird,0,0,,,,,,"",""
ball,1,3.3,Melbourne Renegades,CL White,CH Gayle,JM Bird,1,0,,,,,,"",""
ball,1,3.4,Melbourne Renegades,CH Gayle,CL White,JM Bird,0,0,,,,,,"",""
ball,1,3.5,Melbourne Renegades,CH Gayle,CL White,JM Bird,1,0,,,,,,"",""
ball,1,3.6,Melbourne Renegades,CL White,CH Gayle,JM Bird,0,0,,,,,,"",""
ball,1,4.1,Melbourne Renegades,CH Gayle,CL White,TL Lawford,0,0,,,,,,"",""
ball,1,4.2,Melbourne Renegades,CH Gayle,CL White,TL Lawford,4,0,,,,,,"",""
ball,1,4.3,Melbourne Renegades,CH Gayle,CL White,TL Lawford,1,0,,,,,,"",""
ball,1,4.4,Melbourne Renegades,CL White,CH Gayle,TL Lawford,0,0,,,,,,"",""
ball,1,4.5,Melbourne Renegades,CL White,CH Gayle,TL Lawford,1,0,,,,,,"",""
ball,1,4.6,Melbourne Renegades,CH Gayle,CL White,TL Lawford,1,0,,,,,,"",""
ball,1,5.1,Melbourne Renegades,CH Gayle,CL White,JM Bird,6,0,,,,,,"",""
ball,1,5.2,Melbourne Renegades,CH Gayle,CL White,JM Bird,0,0,,,,,,"",""
ball,1,5.3,Melbourne Renegades,CH Gayle,CL White,JM Bird,4,0,,,,,,"",""
ball,1,5.4,Melbourne Renegades,CH Gayle,CL White,JM Bird,1,0,,,,,,"",""
ball,1,5.5,Melbourne Renegades,CL White,CH Gayle,JM Bird,4,0,,,,,,"",""
ball,1,5.6,Melbourne Renegades,CL White,CH Gayle,JM Bird,0,0,,,,,,"",""
ball,1,6.1,Melbourne Renegades,CH Gayle,CL White,MC Henriques,1,0,,,,,,"",""
ball,1,6.2,Melbourne Renegades,CL White,CH Gayle,MC Henriques,4,0,,,,,,"",""
ball,1,6.3,Melbourne Renegades,CL White,CH Gayle,MC Henriques,1,0,,,,,,"",""
ball,1,6.4,Melbourne Renegades,CH Gayle,CL White,MC Henriques,1,0,,,,,,"",""
ball,1,6.5,Melbourne Renegades,CL White,CH Gayle,MC Henriques,1,0,,,,,,"",""
ball,1,6.6,Melbourne Renegades,CH Gayle,CL White,MC Henriques,1,0,,,,,,"",""
ball,1,7.1,Melbourne Renegades,CH Gayle,CL White,SA Abbott,0,1,1,,,,,"",""
ball,1,7.2,Melbourne Renegades,CH Gayle,CL White,SA Abbott,6,0,,,,,,"",""
ball,1,7.3,Melbourne Renegades,CH Gayle,CL White,SA Abbott,6,0,,,,,,"",""
ball,1,7.4,Melbourne Renegades,CH Gayle,CL White,SA Abbott,1,0,,,,,,"",""
ball,1,7.5,Melbourne Renegades,CL White,CH Gayle,SA Abbott,0,0,,,,,,"",""
ball,1,7.6,Melbourne Renegades,CL White,CH Gayle,SA Abbott,1,0,,,,,,"",""
ball,1,7.7,Melbourne Renegades,CH Gayle,CL White,SA Abbott,0,0,,,,,,"",""
ball,1,8.1,Melbourne Renegades,CL White,CH Gayle,TL Lawford,1,0,,,,,,"",""
ball,1,8.2,Melbourne Renegades,CH Gayle,CL White,TL Lawford,1,0,,,,,,"",""
ball,1,8.3,Melbourne Renegades,CL White,CH Gayle,TL Lawford,0,0,,,,,,"",""
ball,1,8.4,Melbourne Renegades,CL White,CH Gayle,TL Lawford,0,0,,,,,,"",""
ball,1,8.5,Melbourne Renegades,CL White,CH Gayle,TL Lawford,1,0,,,,,,"",""
ball,1,8.6,Melbourne Renegades,CH Gayle,CL White,TL Lawford,4,0,,,,,,"",""
ball,1,9.1,Melbourne Renegades,CL White,CH Gayle,MC Henriques,0,0,,,,,,caught,CL White
ball,1,9.2,Melbourne Renegades,CH Gayle,DJ Bravo,MC Henriques,0,0,,,,,,"",""
ball,1,9.3,Melbourne Renegades,CH Gayle,DJ Bravo,MC Henriques,1,0,,,,,,"",""
ball,1,9.4,Melbourne Renegades,DJ Bravo,CH Gayle,MC Henriques,1,0,,,,,,"",""
ball,1,9.5,Melbourne Renegades,CH Gayle,DJ Bravo,MC Henriques,0,0,,,,,,"",""
ball,1,9.6,Melbourne Renegades,CH Gayle,DJ Bravo,MC Henriques,0,1,1,,,,,"",""
ball,1,9.7,Melbourne Renegades,CH Gayle,DJ Bravo,MC Henriques,0,0,,,,,,"",""
ball,1,10.1,Melbourne Renegades,DJ Bravo,CH Gayle,J Botha,1,0,,,,,,"",""
ball,1,10.2,Melbourne Renegades,CH Gayle,DJ Bravo,J Botha,1,0,,,,,,"",""
ball,1,10.3,Melbourne Renegades,DJ Bravo,CH Gayle,J Botha,1,0,,,,,,"",""
ball,1,10.4,Melbourne Renegades,CH Gayle,DJ Bravo,J Botha,0,0,,,,,,caught,CH Gayle
ball,1,10.5,Melbourne Renegades,MS Wade,DJ Bravo,J Botha,0,0,,,,,,"",""
ball,1,10.6,Melbourne Renegades,MS Wade,DJ Bravo,J Botha,0,0,,,,,,"",""
ball,1,11.1,Melbourne Renegades,DJ Bravo,MS Wade,MC Henriques,0,0,,,,,,"",""
ball,1,11.2,Melbourne Renegades,DJ Bravo,MS Wade,MC Henriques,0,1,1,,,,,"",""
ball,1,11.3,Melbourne Renegades,DJ Bravo,MS Wade,MC Henriques,1,0,,,,,,"",""
ball,1,11.4,Melbourne Renegades,MS Wade,DJ Bravo,MC Henriques,0,0,,,,,,"",""
ball,1,11.5,Melbourne Renegades,MS Wade,DJ Bravo,MC Henriques,1,0,,,,,,"",""
ball,1,11.6,Melbourne Renegades,DJ Bravo,MS Wade,MC Henriques,0,0,,,,,,"",""
ball,1,11.7,Melbourne Renegades,DJ Bravo,MS Wade,MC Henriques,0,0,,,,,,"",""
ball,1,12.1,Melbourne Renegades,MS Wade,DJ Bravo,J Botha,2,0,,,,,,"",""
ball,1,12.2,Melbourne Renegades,MS Wade,DJ Bravo,J Botha,0,0,,,,,,"",""
ball,1,12.3,Melbourne Renegades,MS Wade,DJ Bravo,J Botha,1,0,,,,,,"",""
ball,1,12.4,Melbourne Renegades,DJ Bravo,MS Wade,J Botha,6,0,,,,,,"",""
ball,1,12.5,Melbourne Renegades,DJ Bravo,MS Wade,J Botha,0,0,,,,,,"",""
ball,1,12.6,Melbourne Renegades,DJ Bravo,MS Wade,J Botha,1,0,,,,,,"",""
ball,1,13.1,Melbourne Renegades,DJ Bravo,MS Wade,SA Abbott,1,0,,,,,,"",""
ball,1,13.2,Melbourne Renegades,MS Wade,DJ Bravo,SA Abbott,0,0,,,,,,bowled,MS Wade
ball,1,13.3,Melbourne Renegades,TM Beaton,DJ Bravo,SA Abbott,1,0,,,,,,"",""
ball,1,13.4,Melbourne Renegades,DJ Bravo,TM Beaton,SA Abbott,0,0,,,,,,"",""
ball,1,13.5,Melbourne Renegades,DJ Bravo,TM Beaton,SA Abbott,0,0,,,,,,"",""
ball,1,13.6,Melbourne Renegades,DJ Bravo,TM Beaton,SA Abbott,1,0,,,,,,"",""
ball,1,14.1,Melbourne Renegades,DJ Bravo,TM Beaton,JM Bird,1,0,,,,,,"",""
ball,1,14.2,Melbourne Renegades,TM Beaton,DJ Bravo,JM Bird,1,0,,,,,,"",""
ball,1,14.3,Melbourne Renegades,DJ Bravo,TM Beaton,JM Bird,2,0,,,,,,"",""
ball,1,14.4,Melbourne Renegades,DJ Bravo,TM Beaton,JM Bird,2,0,,,,,,"",""
ball,1,14.5,Melbourne Renegades,DJ Bravo,TM Beaton,JM Bird,0,1,,,,1,,"",""
ball,1,14.6,Melbourne Renegades,TM Beaton,DJ Bravo,JM Bird,1,0,,,,,,"",""
ball,1,15.1,Melbourne Renegades,TM Beaton,DJ Bravo,TL Lawford,1,0,,,,,,"",""
ball,1,15.2,Melbourne Renegades,DJ Bravo,TM Beaton,TL Lawford,1,0,,,,,,"",""
ball,1,15.3,Melbourne Renegades,TM Beaton,DJ Bravo,TL Lawford,4,0,,,,,,"",""
ball,1,15.4,Melbourne Renegades,TM Beaton,DJ Bravo,TL Lawford,2,0,,,,,,"",""
ball,1,15.5,Melbourne Renegades,TM Beaton,DJ Bravo,TL Lawford,4,0,,,,,,"",""
ball,1,15.6,Melbourne Renegades,TM Beaton,DJ Bravo,TL Lawford,1,0,,,,,,"",""
ball,1,16.1,Melbourne Renegades,TM Beaton,DJ Bravo,DE Bollinger,6,0,,,,,,"",""
ball,1,16.2,Melbourne Renegades,TM Beaton,DJ Bravo,DE Bollinger,1,0,,,,,,"",""
ball,1,16.3,Melbourne Renegades,DJ Bravo,TM Beaton,DE Bollinger,1,0,,,,,,"",""
ball,1,16.4,Melbourne Renegades,TM Beaton,DJ Bravo,DE Bollinger,0,0,,,,,,"",""
ball,1,16.5,Melbourne Renegades,TM Beaton,DJ Bravo,DE Bollinger,1,0,,,,,,"",""
ball,1,16.6,Melbourne Renegades,DJ Bravo,TM Beaton,DE Bollinger,2,0,,,,,,"",""
ball,1,17.1,Melbourne Renegades,TM Beaton,DJ Bravo,SA Abbott,6,0,,,,,,"",""
ball,1,17.2,Melbourne Renegades,TM Beaton,DJ Bravo,SA Abbott,2,0,,,,,,"",""
ball,1,17.3,Melbourne Renegades,TM Beaton,DJ Bravo,SA Abbott,1,0,,,,,,"",""
ball,1,17.4,Melbourne Renegades,DJ Bravo,TM Beaton,SA Abbott,4,0,,,,,,"",""
ball,1,17.5,Melbourne Renegades,DJ Bravo,TM Beaton,SA Abbott,1,0,,,,,,"",""
ball,1,17.6,Melbourne Renegades,TM Beaton,DJ Bravo,SA Abbott,1,0,,,,,,"",""
ball,1,18.1,Melbourne Renegades,TM Beaton,DJ Bravo,MC Henriques,1,0,,,,,,"",""
ball,1,18.2,Melbourne Renegades,DJ Bravo,TM Beaton,MC Henriques,4,0,,,,,,"",""
ball,1,18.3,Melbourne Renegades,DJ Bravo,TM Beaton,MC Henriques,2,0,,,,,,"",""
ball,1,18.4,Melbourne Renegades,DJ Bravo,TM Beaton,MC Henriques,0,2,2,,,,,"",""
ball,1,18.5,Melbourne Renegades,TM Beaton,DJ Bravo,MC Henriques,2,0,,,,,,"",""
ball,1,18.6,Melbourne Renegades,TM Beaton,DJ Bravo,MC Henriques,0,0,,,,,,"",""
ball,1,18.7,Melbourne Renegades,TM Beaton,DJ Bravo,MC Henriques,1,0,,,,,,"",""
ball,1,19.1,Melbourne Renegades,TM Beaton,DJ Bravo,DE Bollinger,1,0,,,,,,"",""
ball,1,19.2,Melbourne Renegades,DJ Bravo,TM Beaton,DE Bollinger,4,1,,1,,,,"",""
ball,1,19.3,Melbourne Renegades,DJ Bravo,TM Beaton,DE Bollinger,1,0,,,,,,"",""
ball,1,19.4,Melbourne Renegades,TM Beaton,DJ Bravo,DE Bollinger,1,0,,,,,,"",""
ball,1,19.5,Melbourne Renegades,DJ Bravo,TM Beaton,DE Bollinger,6,0,,,,,,"",""
ball,1,19.6,Melbourne Renegades,DJ Bravo,TM Beaton,DE Bollinger,1,0,,,,,,"",""
ball,1,19.7,Melbourne Renegades,TM Beaton,DJ Bravo,DE Bollinger,2,0,,,,,,"",""
ball,2,0.1,Sydney Sixers,MJ Lumb,BJ Haddin,CP Tremain,0,1,,,,1,,"",""
ball,2,0.2,Sydney Sixers,BJ Haddin,MJ Lumb,CP Tremain,0,0,,,,,,caught,BJ Haddin
ball,2,0.3,Sydney Sixers,NJ Maddinson,MJ Lumb,CP Tremain,0,0,,,,,,"",""
ball,2,0.4,Sydney Sixers,NJ Maddinson,MJ Lumb,CP Tremain,2,0,,,,,,"",""
ball,2,0.5,Sydney Sixers,NJ Maddinson,MJ Lumb,CP Tremain,0,0,,,,,,"",""
ball,2,0.6,Sydney Sixers,NJ Maddinson,MJ Lumb,CP Tremain,0,0,,,,,,"",""
ball,2,1.1,Sydney Sixers,MJ Lumb,NJ Maddinson,NJ Rimmington,1,0,,,,,,"",""
ball,2,1.2,Sydney Sixers,NJ Maddinson,MJ Lumb,NJ Rimmington,0,0,,,,,,"",""
ball,2,1.3,Sydney Sixers,NJ Maddinson,MJ Lumb,NJ Rimmington,0,0,,,,,,"",""
ball,2,1.4,Sydney Sixers,NJ Maddinson,MJ Lumb,NJ Rimmington,0,0,,,,,,"",""
ball,2,1.5,Sydney Sixers,NJ Maddinson,MJ Lumb,NJ Rimmington,2,0,,,,,,"",""
ball,2,1.6,Sydney Sixers,NJ Maddinson,MJ Lumb,NJ Rimmington,1,0,,,,,,"",""
ball,2,2.1,Sydney Sixers,NJ Maddinson,MJ Lumb,CP Tremain,0,0,,,,,,"",""
ball,2,2.2,Sydney Sixers,NJ Maddinson,MJ Lumb,CP Tremain,0,0,,,,,,"",""
ball,2,2.3,Sydney Sixers,NJ Maddinson,MJ Lumb,CP Tremain,0,0,,,,,,"",""
ball,2,2.4,Sydney Sixers,NJ Maddinson,MJ Lumb,CP Tremain,0,1,1,,,,,"",""
ball,2,2.5,Sydney Sixers,NJ Maddinson,MJ Lumb,CP Tremain,6,0,,,,,,"",""
ball,2,2.6,Sydney Sixers,NJ Maddinson,MJ Lumb,CP Tremain,1,0,,,,,,"",""
ball,2,2.7,Sydney Sixers,MJ Lumb,NJ Maddinson,CP Tremain,0,0,,,,,,"",""
ball,2,3.1,Sydney Sixers,NJ Maddinson,MJ Lumb,NJ Rimmington,4,0,,,,,,"",""
ball,2,3.2,Sydney Sixers,NJ Maddinson,MJ Lumb,NJ Rimmington,1,0,,,,,,"",""
ball,2,3.3,Sydney Sixers,MJ Lumb,NJ Maddinson,NJ Rimmington,1,0,,,,,,"",""
ball,2,3.4,Sydney Sixers,NJ Maddinson,MJ Lumb,NJ Rimmington,0,0,,,,,,caught,NJ Maddinson
ball,2,3.5,Sydney Sixers,MJ Lumb,MC Henriques,NJ Rimmington,1,0,,,,,,"",""
ball,2,3.6,Sydney Sixers,MC Henriques,MJ Lumb,NJ Rimmington,0,0,,,,,,"",""
ball,2,4.1,Sydney Sixers,MJ Lumb,MC Henriques,CH Gayle,0,3,3,,,,,"",""
ball,2,4.2,Sydney Sixers,MJ Lumb,MC Henriques,CH Gayle,4,0,,,,,,"",""
ball,2,4.3,Sydney Sixers,MJ Lumb,MC Henriques,CH Gayle,0,0,,,,,,"",""
ball,2,4.4,Sydney Sixers,MJ Lumb,MC Henriques,CH Gayle,1,0,,,,,,"",""
ball,2,4.5,Sydney Sixers,MC Henriques,MJ Lumb,CH Gayle,1,0,,,,,,"",""
ball,2,4.6,Sydney Sixers,MJ Lumb,MC Henriques,CH Gayle,4,0,,,,,,"",""
ball,2,4.7,Sydney Sixers,MJ Lumb,MC Henriques,CH Gayle,1,0,,,,,,"",""
ball,2,5.1,Sydney Sixers,MJ Lumb,MC Henriques,DJ Bravo,0,0,,,,,,"",""
ball,2,5.2,Sydney Sixers,MJ Lumb,MC Henriques,DJ Bravo,1,0,,,,,,"",""
ball,2,5.3,Sydney Sixers,MC Henriques,MJ Lumb,DJ Bravo,1,0,,,,,,"",""
ball,2,5.4,Sydney Sixers,MJ Lumb,MC Henriques,DJ Bravo,1,0,,,,,,"",""
ball,2,5.5,Sydney Sixers,MC Henriques,MJ Lumb,DJ Bravo,0,0,,,,,,"",""
ball,2,5.6,Sydney Sixers,MC Henriques,MJ Lumb,DJ Bravo,1,0,,,,,,"",""
ball,2,6.1,Sydney Sixers,MC Henriques,MJ Lumb,XJ Doherty,1,0,,,,,,"",""
ball,2,6.2,Sydney Sixers,MJ Lumb,MC Henriques,XJ Doherty,0,0,,,,,,"",""
ball,2,6.3,Sydney Sixers,MJ Lumb,MC Henriques,XJ Doherty,1,0,,,,,,"",""
ball,2,6.4,Sydney Sixers,MC Henriques,MJ Lumb,XJ Doherty,1,0,,,,,,"",""
ball,2,6.5,Sydney Sixers,MJ Lumb,MC Henriques,XJ Doherty,0,0,,,,,,"",""
ball,2,6.6,Sydney Sixers,MJ Lumb,MC Henriques,XJ Doherty,0,0,,,,,,"",""
ball,2,7.1,Sydney Sixers,MC Henriques,MJ Lumb,CAH Stevenson,0,0,,,,,,"",""
ball,2,7.2,Sydney Sixers,MC Henriques,MJ Lumb,CAH Stevenson,1,0,,,,,,"",""
ball,2,7.3,Sydney Sixers,MJ Lumb,MC Henriques,CAH Stevenson,2,0,,,,,,"",""
ball,2,7.4,Sydney Sixers,MJ Lumb,MC Henriques,CAH Stevenson,4,0,,,,,,"",""
ball,2,7.5,Sydney Sixers,MJ Lumb,MC Henriques,CAH Stevenson,0,0,,,,,,"",""
ball,2,7.6,Sydney Sixers,MJ Lumb,MC Henriques,CAH Stevenson,6,0,,,,,,"",""
ball,2,8.1,Sydney Sixers,MC Henriques,MJ Lumb,XJ Doherty,3,0,,,,,,"",""
ball,2,8.2,Sydney Sixers,MJ Lumb,MC Henriques,XJ Doherty,1,0,,,,,,"",""
ball,2,8.3,Sydney Sixers,MC Henriques,MJ Lumb,XJ Doherty,2,0,,,,,,"",""
ball,2,8.4,Sydney Sixers,MC Henriques,MJ Lumb,XJ Doherty,1,0,,,,,,"",""
ball,2,8.5,Sydney Sixers,MJ Lumb,MC Henriques,XJ Doherty,1,0,,,,,,"",""
ball,2,8.6,Sydney Sixers,MC Henriques,MJ Lumb,XJ Doherty,1,0,,,,,,"",""
ball,2,9.1,Sydney Sixers,MC Henriques,MJ Lumb,CAH Stevenson,1,0,,,,,,"",""
ball,2,9.2,Sydney Sixers,MJ Lumb,MC Henriques,CAH Stevenson,1,0,,,,,,"",""
ball,2,9.3,Sydney Sixers,MC Henriques,MJ Lumb,CAH Stevenson,0,0,,,,,,"",""
ball,2,9.4,Sydney Sixers,MC Henriques,MJ Lumb,CAH Stevenson,0,0,,,,,,"",""
ball,2,9.5,Sydney Sixers,MC Henriques,MJ Lumb,CAH Stevenson,1,0,,,,,,"",""
ball,2,9.6,Sydney Sixers,MJ Lumb,MC Henriques,CAH Stevenson,4,0,,,,,,"",""
ball,2,10.1,Sydney Sixers,MC Henriques,MJ Lumb,XJ Doherty,1,0,,,,,,"",""
ball,2,10.2,Sydney Sixers,MJ Lumb,MC Henriques,XJ Doherty,6,0,,,,,,"",""
ball,2,10.3,Sydney Sixers,MJ Lumb,MC Henriques,XJ Doherty,6,0,,,,,,"",""
ball,2,10.4,Sydney Sixers,MJ Lumb,MC Henriques,XJ Doherty,0,0,,,,,,"",""
ball,2,10.5,Sydney Sixers,MJ Lumb,MC Henriques,XJ Doherty,6,0,,,,,,"",""
ball,2,10.6,Sydney Sixers,MJ Lumb,MC Henriques,XJ Doherty,1,0,,,,,,"",""
ball,2,11.1,Sydney Sixers,MJ Lumb,MC Henriques,DJ Bravo,1,0,,,,,,"",""
ball,2,11.2,Sydney Sixers,MC Henriques,MJ Lumb,DJ Bravo,2,0,,,,,,"",""
ball,2,11.3,Sydney Sixers,MC Henriques,MJ Lumb,DJ Bravo,1,0,,,,,,"",""
ball,2,11.4,Sydney Sixers,MJ Lumb,MC Henriques,DJ Bravo,1,0,,,,,,"",""
ball,2,11.5,Sydney Sixers,MC Henriques,MJ Lumb,DJ Bravo,2,0,,,,,,"",""
ball,2,11.6,Sydney Sixers,MC Henriques,MJ Lumb,DJ Bravo,0,0,,,,,,"",""
ball,2,12.1,Sydney Sixers,MJ Lumb,MC Henriques,CP Tremain,6,0,,,,,,"",""
ball,2,12.2,Sydney Sixers,MJ Lumb,MC Henriques,CP Tremain,1,0,,,,,,"",""
ball,2,12.3,Sydney Sixers,MC Henriques,MJ Lumb,CP Tremain,4,0,,,,,,"",""
ball,2,12.4,Sydney Sixers,MC Henriques,MJ Lumb,CP Tremain,2,0,,,,,,"",""
ball,2,12.5,Sydney Sixers,MC Henriques,MJ Lumb,CP Tremain,6,0,,,,,,"",""
ball,2,12.6,Sydney Sixers,MC Henriques,MJ Lumb,CP Tremain,4,0,,,,,,"",""
ball,2,13.1,Sydney Sixers,MJ Lumb,MC Henriques,NJ Rimmington,0,0,,,,,,caught,MJ Lumb
ball,2,13.2,Sydney Sixers,JC Silk,MC Henriques,NJ Rimmington,1,0,,,,,,"",""
ball,2,13.3,Sydney Sixers,MC Henriques,JC Silk,NJ Rimmington,1,0,,,,,,"",""
ball,2,13.4,Sydney Sixers,JC Silk,MC Henriques,NJ Rimmington,2,0,,,,,,"",""
ball,2,13.5,Sydney Sixers,JC Silk,MC Henriques,NJ Rimmington,1,0,,,,,,"",""
ball,2,13.6,Sydney Sixers,MC Henriques,JC Silk,NJ Rimmington,1,0,,,,,,"",""
ball,2,14.1,Sydney Sixers,MC Henriques,JC Silk,XJ Doherty,2,0,,,,,,"",""
ball,2,14.2,Sydney Sixers,MC Henriques,JC Silk,XJ Doherty,1,0,,,,,,"",""
ball,2,14.3,Sydney Sixers,JC Silk,MC Henriques,XJ Doherty,1,0,,,,,,"",""
ball,2,14.4,Sydney Sixers,MC Henriques,JC Silk,XJ Doherty,2,0,,,,,,"",""
ball,2,14.5,Sydney Sixers,MC Henriques,JC Silk,XJ Doherty,4,0,,,,,,"",""
ball,2,14.6,Sydney Sixers,MC Henriques,JC Silk,XJ Doherty,0,0,,,,,,"",""
ball,2,15.1,Sydney Sixers,JC Silk,MC Henriques,CP Tremain,1,0,,,,,,"",""
ball,2,15.2,Sydney Sixers,MC Henriques,JC Silk,CP Tremain,2,0,,,,,,"",""
ball,2,15.3,Sydney Sixers,MC Henriques,JC Silk,CP Tremain,2,0,,,,,,"",""
ball,2,15.4,Sydney Sixers,MC Henriques,JC Silk,CP Tremain,6,0,,,,,,"",""
ball,2,15.5,Sydney Sixers,MC Henriques,JC Silk,CP Tremain,4,0,,,,,,"",""
ball,2,15.6,Sydney Sixers,MC Henriques,JC Silk,CP Tremain,0,0,,,,,,caught,MC Henriques
ball,2,16.1,Sydney Sixers,J Botha,JC Silk,DJ Bravo,0,0,,,,,,"",""
ball,2,16.2,Sydney Sixers,J Botha,JC Silk,DJ Bravo,1,0,,,,,,"",""
ball,2,16.3,Sydney Sixers,JC Silk,J Botha,DJ Bravo,1,0,,,,,,"",""
ball,2,16.4,Sydney Sixers,J Botha,JC Silk,DJ Bravo,0,0,,,,,,run out,J Botha
ball,2,16.5,Sydney Sixers,JC Silk,SNJ O'Keefe,DJ Bravo,1,0,,,,,,"",""
ball,2,16.6,Sydney Sixers,SNJ O'Keefe,JC Silk,DJ Bravo,0,0,,,,,,"",""
ball,2,17.1,Sydney Sixers,JC Silk,SNJ O'Keefe,NJ Rimmington,6,0,,,,,,"",""
ball,2,17.2,Sydney Sixers,JC Silk,SNJ O'Keefe,NJ Rimmington,0,0,,,,,,lbw,JC Silk
ball,2,17.3,Sydney Sixers,SA Abbott,SNJ O'Keefe,NJ Rimmington,1,0,,,,,,"",""
ball,2,17.4,Sydney Sixers,SNJ O'Keefe,SA Abbott,NJ Rimmington,2,0,,,,,,"",""
ball,2,17.5,Sydney Sixers,SNJ O'Keefe,SA Abbott,NJ Rimmington,0,0,,,,,,caught,SNJ O'Keefe
ball,2,17.6,Sydney Sixers,TL Lawford,SA Abbott,NJ Rimmington,0,0,,,,,,"",""
ball,2,18.1,Sydney Sixers,SA Abbott,TL Lawford,DJ Bravo,1,0,,,,,,"",""
ball,2,18.2,Sydney Sixers,TL Lawford,SA Abbott,DJ Bravo,2,0,,,,,,"",""
ball,2,18.3,Sydney Sixers,TL Lawford,SA Abbott,DJ Bravo,0,1,,,,1,,"",""
ball,2,18.4,Sydney Sixers,SA Abbott,TL Lawford,DJ Bravo,1,0,,,,,,"",""
ball,2,18.5,Sydney Sixers,TL Lawford,SA Abbott,DJ Bravo,4,0,,,,,,"",""
