version,1.6.0
info,balls_per_over,6
info,team,Brisbane Heat
info,team,Hobart Hurricanes
info,gender,male
info,season,2015/16
info,date,2015/12/29
info,event,Big Bash League
info,match_number,12
info,venue,"Brisbane Cricket Ground, Woolloongabba"
info,city,Brisbane
info,toss_winner,Hobart Hurricanes
info,toss_decision,bat
info,player_of_match,CA Lynn
info,umpire,AJ Barrow
info,umpire,SD Fry
info,reserve_umpire,DM Koch
info,tv_umpire,P Wilson
info,match_referee,DJ Harper
info,winner,Hobart Hurricanes
info,winner_runs,15
info,player,Brisbane Heat,JJ Peirson
info,player,Brisbane Heat,LMP Simmons
info,player,Brisbane Heat,CA Lynn
info,player,Brisbane Heat,SD Heazlett
info,player,Brisbane Heat,NJ Reardon
info,player,Brisbane Heat,JS Floros
info,player,Brisbane Heat,BCJ Cutting
info,player,Brisbane Heat,JK Lalor
info,player,Brisbane Heat,LW Feldman
info,player,Brisbane Heat,MT Steketee
info,player,Brisbane Heat,S Badree
info,player,Hobart Hurricanes,BR Dunk
info,player,Hobart Hurricanes,TD Paine
info,player,Hobart Hurricanes,KC Sangakkara
info,player,Hobart Hurricanes,GJ Bailey
info,player,Hobart Hurricanes,DT Christian
info,player,Hobart Hurricanes,DJG Sammy
info,player,Hobart Hurricanes,JW Wells
info,player,Hobart Hurricanes,CA Rose
info,player,Hobart Hurricanes,CJ Boyce
info,player,Hobart Hurricanes,JK Reed
info,player,Hobart Hurricanes,SW Tait
info,registry,people,AJ Barrow,a67aa9df
info,registry,people,BCJ Cutting,2e11c706
info,registry,people,BR Dunk,272d796e
info,registry,people,CA Lynn,45eda7c8
info,registry,people,CA Rose,7517d134
info,registry,people,CJ Boyce,51a60c16
info,registry,people,DJ Harper,0ec08b27
info,registry,people,DJG Sammy,c03c6200
info,registry,people,DM Koch,6d10c034
info,registry,people,DT Christian,2a2e6343
info,registry,people,GJ Bailey,5056011d
info,registry,people,JJ Peirson,2b55c3b4
info,registry,people,JK Lalor,88209c84
info,registry,people,JK Reed,a8ad6e80
info,registry,people,JS Floros,79765f6f
info,registry,people,JW Wells,8bdac857
info,registry,people,KC Sangakkara,6b71e6cf
info,registry,people,LMP Simmons,89f64c19
info,registry,people,LW Feldman,da13a0fc
info,registry,people,MT Steketee,903560ed
info,registry,people,NJ Reardon,c7bdb5b5
info,registry,people,P Wilson,68304a36
info,registry,people,S Badree,76388dc8
info,registry,people,SD Fry,6b725ed1
info,registry,people,SD Heazlett,e00a9155
info,registry,people,SW Tait,addfb70e
info,registry,people,TD Paine,5748e866
ball,1,0.1,Hobart Hurricanes,BR Dunk,TD Paine,JK Lalor,0,1,1,,,,,"",""
ball,1,0.2,Hobart Hurricanes,BR Dunk,TD Paine,JK Lalor,1,0,,,,,,"",""
ball,1,0.3,Hobart Hurricanes,TD Paine,BR Dunk,JK Lalor,1,0,,,,,,"",""
ball,1,0.4,Hobart Hurricanes,BR Dunk,TD Paine,JK Lalor,0,0,,,,,,"",""
ball,1,0.5,Hobart Hurricanes,BR Dunk,TD Paine,JK Lalor,1,0,,,,,,"",""
ball,1,0.6,Hobart Hurricanes,TD Paine,BR Dunk,JK Lalor,4,0,,,,,,"",""
ball,1,0.7,Hobart Hurricanes,TD Paine,BR Dunk,JK Lalor,1,0,,,,,,"",""
ball,1,1.1,Hobart Hurricanes,TD Paine,BR Dunk,LW Feldman,0,1,1,,,,,"",""
ball,1,1.2,Hobart Hurricanes,TD Paine,BR Dunk,LW Feldman,1,0,,,,,,"",""
ball,1,1.3,Hobart Hurricanes,BR Dunk,TD Paine,LW Feldman,0,0,,,,,,"",""
ball,1,1.4,Hobart Hurricanes,BR Dunk,TD Paine,LW Feldman,1,0,,,,,,"",""
ball,1,1.5,Hobart Hurricanes,TD Paine,BR Dunk,LW Feldman,1,0,,,,,,"",""
ball,1,1.6,Hobart Hurricanes,BR Dunk,TD Paine,LW Feldman,1,0,,,,,,"",""
ball,1,1.7,Hobart Hurricanes,TD Paine,BR Dunk,LW Feldman,4,0,,,,,,"",""
ball,1,2.1,Hobart Hurricanes,BR Dunk,TD Paine,JK Lalor,0,0,,,,,,"",""
ball,1,2.2,Hobart Hurricanes,BR Dunk,TD Paine,JK Lalor,0,1,1,,,,,"",""
ball,1,2.3,Hobart Hurricanes,BR Dunk,TD Paine,JK Lalor,0,1,,,,1,,"",""
ball,1,2.4,Hobart Hurricanes,TD Paine,BR Dunk,JK Lalor,1,0,,,,,,"",""
ball,1,2.5,Hobart Hurricanes,BR Dunk,TD Paine,JK Lalor,2,0,,,,,,"",""
ball,1,2.6,Hobart Hurricanes,BR Dunk,TD Paine,JK Lalor,1,0,,,,,,"",""
ball,1,2.7,Hobart Hurricanes,TD Paine,BR Dunk,JK Lalor,0,0,,,,,,"",""
ball,1,3.1,Hobart Hurricanes,BR Dunk,TD Paine,MT Steketee,6,0,,,,,,"",""
ball,1,3.2,Hobart Hurricanes,BR Dunk,TD Paine,MT Steketee,0,0,,,,,,"",""
ball,1,3.3,Hobart Hurricanes,BR Dunk,TD Paine,MT Steketee,2,0,,,,,,"",""
ball,1,3.4,Hobart Hurricanes,BR Dunk,TD Paine,MT Steketee,0,0,,,,,,"",""
ball,1,3.5,Hobart Hurricanes,BR Dunk,TD Paine,MT Steketee,0,0,,,,,,"",""
ball,1,3.6,Hobart Hurricanes,BR Dunk,TD Paine,MT Steketee,4,0,,,,,,"",""
ball,1,4.1,Hobart Hurricanes,TD Paine,BR Dunk,LW Feldman,4,0,,,,,,"",""
ball,1,4.2,Hobart Hurricanes,TD Paine,BR Dunk,LW Feldman,0,0,,,,,,"",""
ball,1,4.3,Hobart Hurricanes,TD Paine,BR Dunk,LW Feldman,0,0,,,,,,"",""
ball,1,4.4,Hobart Hurricanes,TD Paine,BR Dunk,LW Feldman,1,0,,,,,,"",""
ball,1,4.5,Hobart Hurricanes,BR Dunk,TD Paine,LW Feldman,4,0,,,,,,"",""
ball,1,4.6,Hobart Hurricanes,BR Dunk,TD Paine,LW Feldman,0,0,,,,,,"",""
ball,1,5.1,Hobart Hurricanes,TD Paine,BR Dunk,S Badree,1,0,,,,,,"",""
ball,1,5.2,Hobart Hurricanes,BR Dunk,TD Paine,S Badree,0,0,,,,,,"",""
ball,1,5.3,Hobart Hurricanes,BR Dunk,TD Paine,S Badree,0,0,,,,,,"",""
ball,1,5.4,Hobart Hurricanes,BR Dunk,TD Paine,S Badree,4,0,,,,,,"",""
ball,1,5.5,Hobart Hurricanes,BR Dunk,TD Paine,S Badree,0,0,,,,,,caught,BR Dunk
ball,1,5.6,Hobart Hurricanes,KC Sangakkara,TD Paine,S Badree,0,0,,,,,,"",""
ball,1,6.1,Hobart Hurricanes,TD Paine,KC Sangakkara,BCJ Cutting,2,0,,,,,,"",""
ball,1,6.2,Hobart Hurricanes,TD Paine,KC Sangakkara,BCJ Cutting,1,0,,,,,,"",""
ball,1,6.3,Hobart Hurricanes,KC Sangakkara,TD Paine,BCJ Cutting,0,0,,,,,,"",""
ball,1,6.4,Hobart Hurricanes,KC Sangakkara,TD Paine,BCJ Cutting,0,0,,,,,,"",""
ball,1,6.5,Hobart Hurricanes,KC Sangakkara,TD Paine,BCJ Cutting,0,1,1,,,,,"",""
ball,1,6.6,Hobart Hurricanes,KC Sangakkara,TD Paine,BCJ Cutting,1,0,,,,,,"",""
ball,1,6.7,Hobart Hurricanes,TD Paine,KC Sangakkara,BCJ Cutting,1,0,,,,,,"",""
ball,1,7.1,Hobart Hurricanes,TD Paine,KC Sangakkara,S Badree,0,0,,,,,,"",""
ball,1,7.2,Hobart Hurricanes,TD Paine,KC Sangakkara,S Badree,2,0,,,,,,"",""
ball,1,7.3,Hobart Hurricanes,TD Paine,KC Sangakkara,S Badree,0,0,,,,,,"",""
ball,1,7.4,Hobart Hurricanes,TD Paine,KC Sangakkara,S Badree,0,0,,,,,,"",""
ball,1,7.5,Hobart Hurricanes,TD Paine,KC Sangakkara,S Badree,0,0,,,,,,"",""
ball,1,7.6,Hobart Hurricanes,TD Paine,KC Sangakkara,S Badree,0,0,,,,,,stumped,TD Paine
ball,1,8.1,Hobart Hurricanes,KC Sangakkara,GJ Bailey,BCJ Cutting,1,0,,,,,,"",""
ball,1,8.2,Hobart Hurricanes,GJ Bailey,KC Sangakkara,BCJ Cutting,2,0,,,,,,"",""
ball,1,8.3,Hobart Hurricanes,GJ Bailey,KC Sangakkara,BCJ Cutting,1,0,,,,,,"",""
ball,1,8.4,Hobart Hurricanes,KC Sangakkara,GJ Bailey,BCJ Cutting,2,0,,,,,,"",""
ball,1,8.5,Hobart Hurricanes,KC Sangakkara,GJ Bailey,BCJ Cutting,0,1,1,,,,,"",""
ball,1,8.6,Hobart Hurricanes,KC Sangakkara,GJ Bailey,BCJ Cutting,1,0,,,,,,"",""
ball,1,8.7,Hobart Hurricanes,GJ Bailey,KC Sangakkara,BCJ Cutting,1,0,,,,,,"",""
ball,1,9.1,Hobart Hurricanes,GJ Bailey,KC Sangakkara,JS Floros,2,0,,,,,,"",""
ball,1,9.2,Hobart Hurricanes,GJ Bailey,KC Sangakkara,JS Floros,0,4,,,,4,,"",""
ball,1,9.3,Hobart Hurricanes,GJ Bailey,KC Sangakkara,JS Floros,2,0,,,,,,"",""
ball,1,9.4,Hobart Hurricanes,GJ Bailey,KC Sangakkara,JS Floros,0,1,,,,1,,"",""
ball,1,9.5,Hobart Hurricanes,KC Sangakkara,GJ Bailey,JS Floros,0,1,,,,1,,"",""
ball,1,9.6,Hobart Hurricanes,GJ Bailey,KC Sangakkara,JS Floros,1,0,,,,,,"",""
ball,1,10.1,Hobart Hurricanes,GJ Bailey,KC Sangakkara,MT Steketee,1,0,,,,,,"",""
ball,1,10.2,Hobart Hurricanes,KC Sangakkara,GJ Bailey,MT Steketee,6,0,,,,,,"",""
ball,1,10.3,Hobart Hurricanes,KC Sangakkara,GJ Bailey,MT Steketee,0,0,,,,,,"",""
ball,1,10.4,Hobart Hurricanes,KC Sangakkara,GJ Bailey,MT Steketee,4,0,,,,,,"",""
ball,1,10.5,Hobart Hurricanes,KC Sangakkara,GJ Bailey,MT Steketee,1,0,,,,,,"",""
ball,1,10.6,Hobart Hurricanes,GJ Bailey,KC Sangakkara,MT Steketee,1,0,,,,,,"",""
ball,1,11.1,Hobart Hurricanes,GJ Bailey,KC Sangakkara,S Badree,1,0,,,,,,"",""
ball,1,11.2,Hobart Hurricanes,KC Sangakkara,GJ Bailey,S Badree,2,0,,,,,,"",""
ball,1,11.3,Hobart Hurricanes,KC Sangakkara,GJ Bailey,S Badree,3,0,,,,,,"",""
ball,1,11.4,Hobart Hurricanes,GJ Bailey,KC Sangakkara,S Badree,1,0,,,,,,"",""
ball,1,11.5,Hobart Hurricanes,KC Sangakkara,GJ Bailey,S Badree,6,0,,,,,,"",""
ball,1,11.6,Hobart Hurricanes,KC Sangakkara,GJ Bailey,S Badree,0,1,1,,,,,"",""
ball,1,11.7,Hobart Hurricanes,KC Sangakkara,GJ Bailey,S Badree,1,0,,,,,,"",""
ball,1,12.1,Hobart Hurricanes,KC Sangakkara,GJ Bailey,LW Feldman,1,0,,,,,,"",""
ball,1,12.2,Hobart Hurricanes,GJ Bailey,KC Sangakkara,LW Feldman,1,0,,,,,,"",""
ball,1,12.3,Hobart Hurricanes,KC Sangakkara,GJ Bailey,LW Feldman,3,0,,,,,,"",""
ball,1,12.4,Hobart Hurricanes,GJ Bailey,KC Sangakkara,LW Feldman,4,0,,,,,,"",""
ball,1,12.5,Hobart Hurricanes,GJ Bailey,KC Sangakkara,LW Feldman,1,0,,,,,,"",""
ball,1,12.6,Hobart Hurricanes,KC Sangakkara,GJ Bailey,LW Feldman,0,0,,,,,,bowled,KC Sangakkara
ball,1,13.1,Hobart Hurricanes,GJ Bailey,DT Christian,S Badree,1,0,,,,,,"",""
ball,1,13.2,Hobart Hurricanes,DT Christian,GJ Bailey,S Badree,1,0,,,,,,"",""
ball,1,13.3,Hobart Hurricanes,GJ Bailey,DT Christian,S Badree,1,0,,,,,,"",""
ball,1,13.4,Hobart Hurricanes,DT Christian,GJ Bailey,S Badree,0,0,,,,,,"",""
ball,1,13.5,Hobart Hurricanes,DT Christian,GJ Bailey,S Badree,1,0,,,,,,"",""
ball,1,13.6,Hobart Hurricanes,GJ Bailey,DT Christian,S Badree,1,0,,,,,,"",""
ball,1,14.1,Hobart Hurricanes,GJ Bailey,DT Christian,MT Steketee,1,0,,,,,,"",""
ball,1,14.2,Hobart Hurricanes,DT Christian,GJ Bailey,MT Steketee,1,0,,,,,,"",""
ball,1,14.3,Hobart Hurricanes,GJ Bailey,DT Christian,MT Steketee,4,0,,,,,,"",""
ball,1,14.4,Hobart Hurricanes,GJ Bailey,DT Christian,MT Steketee,0,0,,,,,,caught,GJ Bailey
ball,1,14.5,Hobart Hurricanes,DT Christian,DJG Sammy,MT Steketee,0,1,1,,,,,"",""
ball,1,14.6,Hobart Hurricanes,DT Christian,DJG Sammy,MT Steketee,1,0,,,,,,"",""
ball,1,14.7,Hobart Hurricanes,DJG Sammy,DT Christian,MT Steketee,0,0,,,,,,"",""
ball,1,15.1,Hobart Hurricanes,DT Christian,DJG Sammy,JK Lalor,1,0,,,,,,"",""
ball,1,15.2,Hobart Hurricanes,DJG Sammy,DT Christian,JK Lalor,0,0,,,,,,"",""
ball,1,15.3,Hobart Hurricanes,DJG Sammy,DT Christian,JK Lalor,0,1,,,,1,,"",""
ball,1,15.4,Hobart Hurricanes,DT Christian,DJG Sammy,JK Lalor,0,0,,,,,,"",""
ball,1,15.5,Hobart Hurricanes,DT Christian,DJG Sammy,JK Lalor,4,0,,,,,,"",""
ball,1,15.6,Hobart Hurricanes,DT Christian,DJG Sammy,JK Lalor,0,1,1,,,,,"",""
ball,1,15.7,Hobart Hurricanes,DT Christian,DJG Sammy,JK Lalor,2,0,,,,,,"",""
ball,1,16.1,Hobart Hurricanes,DJG Sammy,DT Christian,BCJ Cutting,1,0,,,,,,"",""
ball,1,16.2,Hobart Hurricanes,DT Christian,DJG Sammy,BCJ Cutting,1,0,,,,,,"",""
ball,1,16.3,Hobart Hurricanes,DJG Sammy,DT Christian,BCJ Cutting,1,0,,,,,,"",""
ball,1,16.4,Hobart Hurricanes,DT Christian,DJG Sammy,BCJ Cutting,4,0,,,,,,"",""
ball,1,16.5,Hobart Hurricanes,DT Christian,DJG Sammy,BCJ Cutting,1,0,,,,,,"",""
ball,1,16.6,Hobart Hurricanes,DJG Sammy,DT Christian,BCJ Cutting,0,0,,,,,,"",""
ball,1,17.1,Hobart Hurricanes,DT Christian,DJG Sammy,MT Steketee,0,0,,,,,,"",""
ball,1,17.2,Hobart Hurricanes,DT Christian,DJG Sammy,MT Steketee,2,0,,,,,,"",""
ball,1,17.3,Hobart Hurricanes,DT Christian,DJG Sammy,MT Steketee,6,0,,,,,,"",""
ball,1,17.4,Hobart Hurricanes,DT Christian,DJG Sammy,MT Steketee,4,0,,,,,,"",""
ball,1,17.5,Hobart Hurricanes,DT Christian,DJG Sammy,MT Steketee,3,0,,,,,,"",""
ball,1,17.6,Hobart Hurricanes,DJG Sammy,DT Christian,MT Steketee,0,1,1,,,,,"",""
ball,1,17.7,Hobart Hurricanes,DJG Sammy,DT Christian,MT Steketee,1,0,,,,,,"",""
ball,1,18.1,Hobart Hurricanes,DJG Sammy,DT Christian,LW Feldman,1,0,,,,,,"",""
ball,1,18.2,Hobart Hurricanes,DT Christian,DJG Sammy,LW Feldman,6,0,,,,,,"",""
ball,1,18.3,Hobart Hurricanes,DT Christian,DJG Sammy,LW Feldman,2,0,,,,,,"",""
ball,1,18.4,Hobart Hurricanes,DT Christian,DJG Sammy,LW Feldman,0,1,1,,,,,"",""
ball,1,18.5,Hobart Hurricanes,DT Christian,DJG Sammy,LW Feldman,6,0,,,,,,"",""
ball,1,18.6,Hobart Hurricanes,DT Christian,DJG Sammy,LW Feldman,6,1,,1,,,,"",""
ball,1,18.7,Hobart Hurricanes,DT Christian,DJG Sammy,LW Feldman,1,1,,1,,,,"",""
ball,1,18.8,Hobart Hurricanes,DJG Sammy,DT Christian,LW Feldman,0,0,,,,,,"",""
ball,1,18.9,Hobart Hurricanes,DJG Sammy,DT Christian,LW Feldman,0,0,,,,,,"",""
ball,1,19.1,Hobart Hurricanes,DT Christian,DJG Sammy,BCJ Cutting,0,0,,,,,,"",""
ball,1,19.2,Hobart Hurricanes,DT Christian,DJG Sammy,BCJ Cutting,3,0,,,,,,"",""
ball,1,19.3,Hobart Hurricanes,DJG Sammy,DT Christian,BCJ Cutting,0,0,,,,,,"",""
ball,1,19.4,Hobart Hurricanes,DJG Sammy,DT Christian,BCJ Cutting,2,0,,,,,,"",""
ball,1,19.5,Hobart Hurricanes,DJG Sammy,DT Christian,BCJ Cutting,0,0,,,,,,"",""
ball,1,19.6,Hobart Hurricanes,DJG Sammy,DT Christian,BCJ Cutting,1,0,,,,,,"",""
ball,2,0.1,Brisbane Heat,JJ Peirson,LMP Simmons,SW Tait,1,0,,,,,,"",""
ball,2,0.2,Brisbane Heat,LMP Simmons,JJ Peirson,SW Tait,0,0,,,,,,"",""
ball,2,0.3,Brisbane Heat,LMP Simmons,JJ Peirson,SW Tait,0,0,,,,,,"",""
ball,2,0.4,Brisbane Heat,LMP Simmons,JJ Peirson,SW Tait,0,0,,,,,,bowled,LMP Simmons
ball,2,0.5,Brisbane Heat,CA Lynn,JJ Peirson,SW Tait,4,0,,,,,,"",""
ball,2,0.6,Brisbane Heat,CA Lynn,JJ Peirson,SW Tait,0,0,,,,,,"",""
ball,2,1.1,Brisbane Heat,JJ Peirson,CA Lynn,JK Reed,0,1,1,,,,,"",""
ball,2,1.2,Brisbane Heat,JJ Peirson,CA Lynn,JK Reed,0,0,,,,,,"",""
ball,2,1.3,Brisbane Heat,JJ Peirson,CA Lynn,JK Reed,0,1,1,,,,,"",""
ball,2,1.4,Brisbane Heat,JJ Peirson,CA Lynn,JK Reed,0,0,,,,,,caught,JJ Peirson
ball,2,1.5,Brisbane Heat,SD Heazlett,CA Lynn,JK Reed,0,0,,,,,,"",""
ball,2,1.6,Brisbane Heat,SD Heazlett,CA Lynn,JK Reed,0,0,,,,,,"",""
ball,2,1.7,Brisbane Heat,SD Heazlett,CA Lynn,JK Reed,6,0,,,,,,"",""
ball,2,1.8,Brisbane Heat,SD Heazlett,CA Lynn,JK Reed,4,0,,,,,,"",""
ball,2,2.1,Brisbane Heat,CA Lynn,SD Heazlett,SW Tait,1,0,,,,,,"",""
ball,2,2.2,Brisbane Heat,SD Heazlett,CA Lynn,SW Tait,0,0,,,,,,"",""
ball,2,2.3,Brisbane Heat,SD Heazlett,CA Lynn,SW Tait,0,1,1,,,,,"",""
ball,2,2.4,Brisbane Heat,SD Heazlett,CA Lynn,SW Tait,1,0,,,,,,"",""
ball,2,2.5,Brisbane Heat,CA Lynn,SD Heazlett,SW Tait,2,0,,,,,,"",""
ball,2,2.6,Brisbane Heat,CA Lynn,SD Heazlett,SW Tait,4,0,,,,,,"",""
ball,2,2.7,Brisbane Heat,CA Lynn,SD Heazlett,SW Tait,3,0,,,,,,"",""
ball,2,3.1,Brisbane Heat,CA Lynn,SD Heazlett,CA Rose,1,0,,,,,,"",""
ball,2,3.2,Brisbane Heat,SD Heazlett,CA Lynn,CA Rose,0,0,,,,,,"",""
ball,2,3.3,Brisbane Heat,SD Heazlett,CA Lynn,CA Rose,0,4,,,,4,,"",""
ball,2,3.4,Brisbane Heat,SD Heazlett,CA Lynn,CA Rose,4,0,,,,,,"",""
ball,2,3.5,Brisbane Heat,SD Heazlett,CA Lynn,CA Rose,0,0,,,,,,"",""
ball,2,3.6,Brisbane Heat,SD Heazlett,CA Lynn,CA Rose,1,0,,,,,,"",""
ball,2,4.1,Brisbane Heat,SD Heazlett,CA Lynn,JK Reed,0,0,,,,,,"",""
ball,2,4.2,Brisbane Heat,SD Heazlett,CA Lynn,JK Reed,1,0,,,,,,"",""
ball,2,4.3,Brisbane Heat,CA Lynn,SD Heazlett,JK Reed,0,0,,,,,,"",""
ball,2,4.4,Brisbane Heat,CA Lynn,SD Heazlett,JK Reed,0,0,,,,,,"",""
ball,2,4.5,Brisbane Heat,CA Lynn,SD Heazlett,JK Reed,4,0,,,,,,"",""
ball,2,4.6,Brisbane Heat,CA Lynn,SD Heazlett,JK Reed,0,1,1,,,,,"",""
ball,2,4.7,Brisbane Heat,CA Lynn,SD Heazlett,JK Reed,1,0,,,,,,"",""
ball,2,5.1,Brisbane Heat,CA Lynn,SD Heazlett,CA Rose,0,0,,,,,,"",""
ball,2,5.2,Brisbane Heat,CA Lynn,SD Heazlett,CA Rose,1,0,,,,,,"",""
ball,2,5.3,Brisbane Heat,SD Heazlett,CA Lynn,CA Rose,4,0,,,,,,"",""
ball,2,5.4,Brisbane Heat,SD Heazlett,CA Lynn,CA Rose,0,0,,,,,,"",""
ball,2,5.5,Brisbane Heat,SD Heazlett,CA Lynn,CA Rose,0,1,,,,1,,"",""
ball,2,5.6,Brisbane Heat,CA Lynn,SD Heazlett,CA Rose,1,0,,,,,,"",""
ball,2,6.1,Brisbane Heat,CA Lynn,SD Heazlett,DT Christian,0,0,,,,,,"",""
ball,2,6.2,Brisbane Heat,CA Lynn,SD Heazlett,DT Christian,4,0,,,,,,"",""
ball,2,6.3,Brisbane Heat,CA Lynn,SD Heazlett,DT Christian,2,0,,,,,,"",""
ball,2,6.4,Brisbane Heat,CA Lynn,SD Heazlett,DT Christian,6,0,,,,,,"",""
ball,2,6.5,Brisbane Heat,CA Lynn,SD Heazlett,DT Christian,2,0,,,,,,"",""
ball,2,6.6,Brisbane Heat,CA Lynn,SD Heazlett,DT Christian,1,0,,,,,,"",""
ball,2,7.1,Brisbane Heat,CA Lynn,SD Heazlett,DJG Sammy,1,0,,,,,,"",""
ball,2,7.2,Brisbane Heat,SD Heazlett,CA Lynn,DJG Sammy,0,0,,,,,,"",""
ball,2,7.3,Brisbane Heat,SD Heazlett,CA Lynn,DJG Sammy,1,0,,,,,,"",""
ball,2,7.4,Brisbane Heat,CA Lynn,SD Heazlett,DJG Sammy,1,0,,,,,,"",""
ball,2,7.5,Brisbane Heat,SD Heazlett,CA Lynn,DJG Sammy,0,0,,,,,,"",""
ball,2,7.6,Brisbane Heat,SD Heazlett,CA Lynn,DJG Sammy,0,0,,,,,,"",""
ball,2,8.1,Brisbane Heat,CA Lynn,SD Heazlett,DT Christian,6,0,,,,,,"",""
ball,2,8.2,Brisbane Heat,CA Lynn,SD Heazlett,DT Christian,3,0,,,,,,"",""
ball,2,8.3,Brisbane Heat,SD Heazlett,CA Lynn,DT Christian,2,0,,,,,,"",""
ball,2,8.4,Brisbane Heat,SD Heazlett,CA Lynn,DT Christian,0,1,1,,,,,"",""
ball,2,8.5,Brisbane Heat,SD Heazlett,CA Lynn,DT Christian,1,0,,,,,,"",""
ball,2,8.6,Brisbane Heat,CA Lynn,SD Heazlett,DT Christian,1,0,,,,,,"",""
ball,2,8.7,Brisbane Heat,SD Heazlett,CA Lynn,DT Christian,1,0,,,,,,"",""
ball,2,9.1,Brisbane Heat,SD Heazlett,CA Lynn,DJG Sammy,0,0,,,,,,caught,SD Heazlett
ball,2,9.2,Brisbane Heat,NJ Reardon,CA Lynn,DJG Sammy,1,0,,,,,,"",""
ball,2,9.3,Brisbane Heat,CA Lynn,NJ Reardon,DJG Sammy,0,0,,,,,,"",""
ball,2,9.4,Brisbane Heat,CA Lynn,NJ Reardon,DJG Sammy,2,0,,,,,,"",""
ball,2,9.5,Brisbane Heat,CA Lynn,NJ Reardon,DJG Sammy,1,0,,,,,,"",""
ball,2,9.6,Brisbane Heat,NJ Reardon,CA Lynn,DJG Sammy,1,0,,,,,,"",""
ball,2,10.1,Brisbane Heat,NJ Reardon,CA Lynn,SW Tait,0,0,,,,,,"",""
ball,2,10.2,Brisbane Heat,NJ Reardon,CA Lynn,SW Tait,1,0,,,,,,"",""
ball,2,10.3,Brisbane Heat,CA Lynn,NJ Reardon,SW Tait,4,0,,,,,,"",""
ball,2,10.4,Brisbane Heat,CA Lynn,NJ Reardon,SW Tait,6,0,,,,,,"",""
ball,2,10.5,Brisbane Heat,CA Lynn,NJ Reardon,SW Tait,6,0,,,,,,"",""
ball,2,10.6,Brisbane Heat,CA Lynn,NJ Reardon,SW Tait,1,0,,,,,,"",""
ball,2,11.1,Brisbane Heat,CA Lynn,NJ Reardon,CJ Boyce,1,0,,,,,,"",""
ball,2,11.2,Brisbane Heat,NJ Reardon,CA Lynn,CJ Boyce,0,0,,,,,,"",""
ball,2,11.3,Brisbane Heat,NJ Reardon,CA Lynn,CJ Boyce,0,0,,,,,,"",""
ball,2,11.4,Brisbane Heat,NJ Reardon,CA Lynn,CJ Boyce,1,0,,,,,,"",""
ball,2,11.5,Brisbane Heat,CA Lynn,NJ Reardon,CJ Boyce,1,0,,,,,,"",""
ball,2,11.6,Brisbane Heat,NJ Reardon,CA Lynn,CJ Boyce,0,0,,,,,,caught,NJ Reardon
ball,2,12.1,Brisbane Heat,CA Lynn,JS Floros,CA Rose,1,0,,,,,,"",""
ball,2,12.2,Brisbane Heat,JS Floros,CA Lynn,CA Rose,1,0,,,,,,"",""
ball,2,12.3,Brisbane Heat,CA Lynn,JS Floros,CA Rose,6,0,,,,,,"",""
ball,2,12.4,Brisbane Heat,CA Lynn,JS Floros,CA Rose,0,0,,,,,,"",""
ball,2,12.5,Brisbane Heat,CA Lynn,JS Floros,CA Rose,1,0,,,,,,"",""
ball,2,12.6,Brisbane Heat,JS Floros,CA Lynn,CA Rose,1,0,,,,,,"",""
ball,2,13.1,Brisbane Heat,JS Floros,CA Lynn,CJ Boyce,1,0,,,,,,"",""
ball,2,13.2,Brisbane Heat,CA Lynn,JS Floros,CJ Boyce,1,0,,,,,,"",""
ball,2,13.3,Brisbane Heat,JS Floros,CA Lynn,CJ Boyce,1,0,,,,,,"",""
ball,2,13.4,Brisbane Heat,CA Lynn,JS Floros,CJ Boyce,1,0,,,,,,"",""
ball,2,13.5,Brisbane Heat,JS Floros,CA Lynn,CJ Boyce,1,0,,,,,,"",""
ball,2,13.6,Brisbane Heat,CA Lynn,JS Floros,CJ Boyce,0,0,,,,,,"",""
ball,2,14.1,Brisbane Heat,JS Floros,CA Lynn,JK Reed,0,0,,,,,,"",""
ball,2,14.2,Brisbane Heat,JS Floros,CA Lynn,JK Reed,0,1,1,,,,,"",""
ball,2,14.3,Brisbane Heat,JS Floros,CA Lynn,JK Reed,1,0,,,,,,"",""
ball,2,14.4,Brisbane Heat,CA Lynn,JS Floros,JK Reed,1,0,,,,,,"",""
ball,2,14.5,Brisbane Heat,JS Floros,CA Lynn,JK Reed,0,0,,,,,,"",""
ball,2,14.6,Brisbane Heat,JS Floros,CA Lynn,JK Reed,1,0,,,,,,"",""
ball,2,14.7,Brisbane Heat,CA Lynn,JS Floros,JK Reed,1,0,,,,,,"",""
ball,2,15.1,Brisbane Heat,CA Lynn,JS Floros,CJ Boyce,1,0,,,,,,"",""
ball,2,15.2,Brisbane Heat,JS Floros,CA Lynn,CJ Boyce,1,0,,,,,,"",""
ball,2,15.3,Brisbane Heat,CA Lynn,JS Floros,CJ Boyce,1,0,,,,,,"",""
ball,2,15.4,Brisbane Heat,JS Floros,CA Lynn,CJ Boyce,1,0,,,,,,"",""
ball,2,15.5,Brisbane Heat,CA Lynn,JS Floros,CJ Boyce,1,0,,,,,,"",""
ball,2,15.6,Brisbane Heat,JS Floros,CA Lynn,CJ Boyce,0,0,,,,,,"",""
ball,2,16.1,Brisbane Heat,CA Lynn,JS Floros,SW Tait,6,0,,,,,,"",""
ball,2,16.2,Brisbane Heat,CA Lynn,JS Floros,SW Tait,6,0,,,,,,"",""
ball,2,16.3,Brisbane Heat,CA Lynn,JS Floros,SW Tait,2,0,,,,,,"",""
ball,2,16.4,Brisbane Heat,CA Lynn,JS Floros,SW Tait,1,0,,,,,,"",""
ball,2,16.5,Brisbane Heat,JS Floros,CA Lynn,SW Tait,2,0,,,,,,"",""
ball,2,16.6,Brisbane Heat,JS Floros,CA Lynn,SW Tait,0,1,1,,,,,"",""
ball,2,16.7,Brisbane Heat,JS Floros,CA Lynn,SW Tait,1,0,,,,,,"",""
ball,2,17.1,Brisbane Heat,JS Floros,CA Lynn,CJ Boyce,1,0,,,,,,"",""
ball,2,17.2,Brisbane Heat,CA Lynn,JS Floros,CJ Boyce,0,0,,,,,,caught,CA Lynn
ball,2,17.3,Brisbane Heat,BCJ Cutting,JS Floros,CJ Boyce,0,0,,,,,,"",""
ball,2,17.4,Brisbane Heat,BCJ Cutting,JS Floros,CJ Boyce,2,0,,,,,,"",""
ball,2,17.5,Brisbane Heat,BCJ Cutting,JS Floros,CJ Boyce,0,0,,,,,,"",""
ball,2,17.6,Brisbane Heat,BCJ Cutting,JS Floros,CJ Boyce,6,0,,,,,,"",""
ball,2,18.1,Brisbane Heat,JS Floros,BCJ Cutting,JK Reed,1,0,,,,,,"",""
ball,2,18.2,Brisbane Heat,BCJ Cutting,JS Floros,JK Reed,1,0,,,,,,"",""
ball,2,18.3,Brisbane Heat,JS Floros,BCJ Cutting,JK Reed,1,0,,,,,,"",""
ball,2,18.4,Brisbane Heat,BCJ Cutting,JS Floros,JK Reed,4,0,,,,,,"",""
ball,2,18.5,Brisbane Heat,BCJ Cutting,JS Floros,JK Reed,0,0,,,,,,caught,BCJ Cutting
ball,2,18.6,Brisbane Heat,JS Floros,JK Lalor,JK Reed,0,0,,,,,,bowled,JS Floros
ball,2,19.1,Brisbane Heat,JK Lalor,LW Feldman,DT Christian,1,0,,,,,,run out,LW Feldman
ball,2,19.2,Brisbane Heat,JK Lalor,MT Steketee,DT Christian,2,0,,,,,,"",""
ball,2,19.3,Brisbane Heat,JK Lalor,MT Steketee,DT Christian,1,0,,,,,,run out,MT Steketee
ball,2,19.4,Brisbane Heat,JK Lalor,S Badree,DT Christian,1,0,,,,,,"",""
ball,2,19.5,Brisbane Heat,S Badree,JK Lalor,DT Christian,0,1,,1,,,,"",""
ball,2,19.6,Brisbane Heat,S Badree,JK Lalor,DT Christian,0,0,,,,,,"",""
ball,2,19.7,Brisbane Heat,S Badree,JK Lalor,DT Christian,1,0,,,,,,"",""
