version,1.6.0
info,balls_per_over,6
info,team,Melbourne Stars
info,team,Sydney Thunder
info,gender,male
info,season,2015/16
info,date,2016/01/24
info,event,Big Bash League
info,venue,Melbourne Cricket Ground
info,city,
info,toss_winner,Sydney Thunder
info,toss_decision,field
info,player_of_match,UT Khawaja
info,umpire,SD Fry
info,umpire,SJ Nogajski
info,reserve_umpire,PJ Gillespie
info,tv_umpire,GC Joshua
info,match_referee,RW Stratford
info,winner,Sydney Thunder
info,winner_wickets,3
info,player,Melbourne Stars,MP Stoinis
info,player,Melbourne Stars,LJ Wright
info,player,Melbourne Stars,KP Pietersen
info,player,Melbourne Stars,PSP Handscomb
info,player,Melbourne Stars,DJ Hussey
info,player,Melbourne Stars,RJ Quiney
info,player,Melbourne Stars,EP Gulbis
info,player,Melbourne Stars,A Zampa
info,player,Melbourne Stars,BW Hilfenhaus
info,player,Melbourne Stars,DJ Worrall
info,player,Melbourne Stars,MA Beer
info,player,Sydney Thunder,UT Khawaja
info,player,Sydney Thunder,JH Kallis
info,player,Sydney Thunder,SR Watson
info,player,Sydney Thunder,MEK Hussey
info,player,Sydney Thunder,AD Russell
info,player,Sydney Thunder,BJ Rohrer
info,player,Sydney Thunder,AC Blizzard
info,player,Sydney Thunder,CJ Green
info,player,Sydney Thunder,CD Hartley
info,player,Sydney Thunder,CJ McKay
info,player,Sydney Thunder,Fawad Ahmed
info,registry,people,A Zampa,14f96089
info,registry,people,AC Blizzard,1efb8a28
info,registry,people,AD Russell,bbd41817
info,registry,people,BJ Rohrer,27af6414
info,registry,people,BW Hilfenhaus,f3171936
info,registry,people,CD Hartley,9a06679d
info,registry,people,CJ Green,19b9f399
info,registry,people,CJ McKay,94eac556
info,registry,people,DJ Hussey,fd835ab3
info,registry,people,DJ Worrall,208f22ea
info,registry,people,EP Gulbis,bbce4647
info,registry,people,Fawad Ahmed,22ae3041
info,registry,people,GC Joshua,4c47ebf2
info,registry,people,JH Kallis,86dc8f2e
info,registry,people,KP Pietersen,39f01cdb
info,registry,people,LJ Wright,cca50cd6
info,registry,people,MA Beer,f60dc2a5
info,registry,people,MEK Hussey,48fd7349
info,registry,people,MP Stoinis,d9273ee7
info,registry,people,PJ Gillespie,3e253a50
info,registry,people,PSP Handscomb,ada15e88
info,registry,people,RJ Quiney,23ac69e6
info,registry,people,RW Stratford,85489579
info,registry,people,SD Fry,6b725ed1
info,registry,people,SJ Nogajski,9b3f9323
info,registry,people,SR Watson,4329fbb5
info,registry,people,UT Khawaja,331ea488
ball,1,0.1,Melbourne Stars,MP Stoinis,LJ Wright,AD Russell,0,0,,,,,,"",""
ball,1,0.2,Melbourne Stars,MP Stoinis,LJ Wright,AD Russell,4,0,,,,,,"",""
ball,1,0.3,Melbourne Stars,MP Stoinis,LJ Wright,AD Russell,0,0,,,,,,"",""
ball,1,0.4,Melbourne Stars,MP Stoinis,LJ Wright,AD Russell,0,1,1,,,,,"",""
ball,1,0.5,Melbourne Stars,MP Stoinis,LJ Wright,AD Russell,0,0,,,,,,"",""
ball,1,0.6,Melbourne Stars,MP Stoinis,LJ Wright,AD Russell,0,0,,,,,,"",""
ball,1,0.7,Melbourne Stars,MP Stoinis,LJ Wright,AD Russell,1,0,,,,,,"",""
ball,1,1.1,Melbourne Stars,MP Stoinis,LJ Wright,SR Watson,0,0,,,,,,"",""
ball,1,1.2,Melbourne Stars,MP Stoinis,LJ Wright,SR Watson,0,0,,,,,,caught,MP Stoinis
ball,1,1.3,Melbourne Stars,LJ Wright,KP Pietersen,SR Watson,0,0,,,,,,"",""
ball,1,1.4,Melbourne Stars,LJ Wright,KP Pietersen,SR Watson,0,0,,,,,,"",""
ball,1,1.5,Melbourne Stars,LJ Wright,KP Pietersen,SR Watson,0,0,,,,,,"",""
ball,1,1.6,Melbourne Stars,LJ Wright,KP Pietersen,SR Watson,1,0,,,,,,"",""
ball,1,2.1,Melbourne Stars,LJ Wright,KP Pietersen,CJ McKay,2,0,,,,,,"",""
ball,1,2.2,Melbourne Stars,LJ Wright,KP Pietersen,CJ McKay,0,0,,,,,,"",""
ball,1,2.3,Melbourne Stars,LJ Wright,KP Pietersen,CJ McKay,0,1,1,,,,,"",""
ball,1,2.4,Melbourne Stars,LJ Wright,KP Pietersen,CJ McKay,6,0,,,,,,"",""
ball,1,2.5,Melbourne Stars,LJ Wright,KP Pietersen,CJ McKay,2,0,,,,,,"",""
ball,1,2.6,Melbourne Stars,LJ Wright,KP Pietersen,CJ McKay,1,0,,,,,,"",""
ball,1,2.7,Melbourne Stars,KP Pietersen,LJ Wright,CJ McKay,4,0,,,,,,"",""
ball,1,3.1,Melbourne Stars,LJ Wright,KP Pietersen,JH Kallis,0,0,,,,,,"",""
ball,1,3.2,Melbourne Stars,LJ Wright,KP Pietersen,JH Kallis,4,0,,,,,,"",""
ball,1,3.3,Melbourne Stars,LJ Wright,KP Pietersen,JH Kallis,0,0,,,,,,"",""
ball,1,3.4,Melbourne Stars,LJ Wright,KP Pietersen,JH Kallis,0,0,,,,,,"",""
ball,1,3.5,Melbourne Stars,LJ Wright,KP Pietersen,JH Kallis,0,0,,,,,,"",""
ball,1,3.6,Melbourne Stars,LJ Wright,KP Pietersen,JH Kallis,1,0,,,,,,"",""
ball,1,4.1,Melbourne Stars,LJ Wright,KP Pietersen,AD Russell,0,0,,,,,,"",""
ball,1,4.2,Melbourne Stars,LJ Wright,KP Pietersen,AD Russell,0,1,1,,,,,"",""
ball,1,4.3,Melbourne Stars,LJ Wright,KP Pietersen,AD Russell,0,0,,,,,,"",""
ball,1,4.4,Melbourne Stars,LJ Wright,KP Pietersen,AD Russell,0,0,,,,,,"",""
ball,1,4.5,Melbourne Stars,LJ Wright,KP Pietersen,AD Russell,1,0,,,,,,"",""
ball,1,4.6,Melbourne Stars,KP Pietersen,LJ Wright,AD Russell,2,0,,,,,,"",""
ball,1,4.7,Melbourne Stars,KP Pietersen,LJ Wright,AD Russell,0,1,1,,,,,"",""
ball,1,4.8,Melbourne Stars,KP Pietersen,LJ Wright,AD Russell,1,0,,,,,,"",""
ball,1,5.1,Melbourne Stars,KP Pietersen,LJ Wright,JH Kallis,4,0,,,,,,"",""
ball,1,5.2,Melbourne Stars,KP Pietersen,LJ Wright,JH Kallis,0,0,,,,,,"",""
ball,1,5.3,Melbourne Stars,KP Pietersen,LJ Wright,JH Kallis,0,0,,,,,,"",""
ball,1,5.4,Melbourne Stars,KP Pietersen,LJ Wright,JH Kallis,4,0,,,,,,"",""
ball,1,5.5,Melbourne Stars,KP Pietersen,LJ Wright,JH Kallis,1,0,,,,,,"",""
ball,1,5.6,Melbourne Stars,LJ Wright,KP Pietersen,JH Kallis,0,0,,,,,,"",""
ball,1,6.1,Melbourne Stars,KP Pietersen,LJ Wright,SR Watson,1,0,,,,,,"",""
ball,1,6.2,Melbourne Stars,LJ Wright,KP Pietersen,SR Watson,1,0,,,,,,"",""
ball,1,6.3,Melbourne Stars,KP Pietersen,LJ Wright,SR Watson,1,0,,,,,,"",""
ball,1,6.4,Melbourne Stars,LJ Wright,KP Pietersen,SR Watson,4,0,,,,,,"",""
ball,1,6.5,Melbourne Stars,LJ Wright,KP Pietersen,SR Watson,0,0,,,,,,"",""
ball,1,6.6,Melbourne Stars,LJ Wright,KP Pietersen,SR Watson,0,0,,,,,,bowled,LJ Wright
ball,1,7.1,Melbourne Stars,KP Pietersen,PSP Handscomb,Fawad Ahmed,6,0,,,,,,"",""
ball,1,7.2,Melbourne Stars,KP Pietersen,PSP Handscomb,Fawad Ahmed,2,0,,,,,,"",""
ball,1,7.3,Melbourne Stars,KP Pietersen,PSP Handscomb,Fawad Ahmed,2,0,,,,,,"",""
ball,1,7.4,Melbourne Stars,KP Pietersen,PSP Handscomb,Fawad Ahmed,0,0,,,,,,"",""
ball,1,7.5,Melbourne Stars,KP Pietersen,PSP Handscomb,Fawad Ahmed,0,0,,,,,,"",""
ball,1,7.6,Melbourne Stars,KP Pietersen,PSP Handscomb,Fawad Ahmed,4,0,,,,,,"",""
ball,1,8.1,Melbourne Stars,PSP Handscomb,KP Pietersen,CJ Green,0,0,,,,,,"",""
ball,1,8.2,Melbourne Stars,PSP Handscomb,KP Pietersen,CJ Green,0,0,,,,,,"",""
ball,1,8.3,Melbourne Stars,PSP Handscomb,KP Pietersen,CJ Green,1,0,,,,,,"",""
ball,1,8.4,Melbourne Stars,KP Pietersen,PSP Handscomb,CJ Green,1,0,,,,,,"",""
ball,1,8.5,Melbourne Stars,PSP Handscomb,KP Pietersen,CJ Green,0,1,1,,,,,"",""
ball,1,8.6,Melbourne Stars,PSP Handscomb,KP Pietersen,CJ Green,1,0,,,,,,"",""
ball,1,8.7,Melbourne Stars,KP Pietersen,PSP Handscomb,CJ Green,1,0,,,,,,"",""
ball,1,9.1,Melbourne Stars,KP Pietersen,PSP Handscomb,Fawad Ahmed,0,0,,,,,,"",""
ball,1,9.2,Melbourne Stars,KP Pietersen,PSP Handscomb,Fawad Ahmed,6,0,,,,,,"",""
ball,1,9.3,Melbourne Stars,KP Pietersen,PSP Handscomb,Fawad Ahmed,1,0,,,,,,"",""
ball,1,9.4,Melbourne Stars,PSP Handscomb,KP Pietersen,Fawad Ahmed,1,0,,,,,,"",""
ball,1,9.5,Melbourne Stars,KP Pietersen,PSP Handscomb,Fawad Ahmed,1,0,,,,,,"",""
ball,1,9.6,Melbourne Stars,PSP Handscomb,KP Pietersen,Fawad Ahmed,1,0,,,,,,"",""
ball,1,10.1,Melbourne Stars,PSP Handscomb,KP Pietersen,CJ Green,1,0,,,,,,"",""
ball,1,10.2,Melbourne Stars,KP Pietersen,PSP Handscomb,CJ Green,1,0,,,,,,"",""
ball,1,10.3,Melbourne Stars,PSP Handscomb,KP Pietersen,CJ Green,4,0,,,,,,"",""
ball,1,10.4,Melbourne Stars,PSP Handscomb,KP Pietersen,CJ Green,0,0,,,,,,caught,PSP Handscomb
ball,1,10.5,Melbourne Stars,DJ Hussey,KP Pietersen,CJ Green,1,0,,,,,,"",""
ball,1,10.6,Melbourne Stars,KP Pietersen,DJ Hussey,CJ Green,6,0,,,,,,"",""
ball,1,11.1,Melbourne Stars,DJ Hussey,KP Pietersen,SR Watson,1,0,,,,,,"",""
ball,1,11.2,Melbourne Stars,KP Pietersen,DJ Hussey,SR Watson,1,0,,,,,,"",""
ball,1,11.3,Melbourne Stars,DJ Hussey,KP Pietersen,SR Watson,0,0,,,,,,"",""
ball,1,11.4,Melbourne Stars,DJ Hussey,KP Pietersen,SR Watson,1,0,,,,,,"",""
ball,1,11.5,Melbourne Stars,KP Pietersen,DJ Hussey,SR Watson,0,0,,,,,,"",""
ball,1,11.6,Melbourne Stars,KP Pietersen,DJ Hussey,SR Watson,6,0,,,,,,"",""
ball,1,12.1,Melbourne Stars,DJ Hussey,KP Pietersen,CJ Green,0,0,,,,,,"",""
ball,1,12.2,Melbourne Stars,DJ Hussey,KP Pietersen,CJ Green,6,0,,,,,,"",""
ball,1,12.3,Melbourne Stars,DJ Hussey,KP Pietersen,CJ Green,4,0,,,,,,"",""
ball,1,12.4,Melbourne Stars,DJ Hussey,KP Pietersen,CJ Green,1,0,,,,,,"",""
ball,1,12.5,Melbourne Stars,KP Pietersen,DJ Hussey,CJ Green,1,0,,,,,,"",""
ball,1,12.6,Melbourne Stars,DJ Hussey,KP Pietersen,CJ Green,0,0,,,,,,"",""
ball,1,13.1,Melbourne Stars,KP Pietersen,DJ Hussey,CJ McKay,1,0,,,,,,"",""
ball,1,13.2,Melbourne Stars,DJ Hussey,KP Pietersen,CJ McKay,1,0,,,,,,"",""
ball,1,13.3,Melbourne Stars,KP Pietersen,DJ Hussey,CJ McKay,1,0,,,,,,"",""
ball,1,13.4,Melbourne Stars,DJ Hussey,KP Pietersen,CJ McKay,1,0,,,,,,"",""
ball,1,13.5,Melbourne Stars,KP Pietersen,DJ Hussey,CJ McKay,1,0,,,,,,"",""
ball,1,13.6,Melbourne Stars,DJ Hussey,KP Pietersen,CJ McKay,4,0,,,,,,"",""
ball,1,14.1,Melbourne Stars,KP Pietersen,DJ Hussey,JH Kallis,6,0,,,,,,"",""
ball,1,14.2,Melbourne Stars,KP Pietersen,DJ Hussey,JH Kallis,1,0,,,,,,"",""
ball,1,14.3,Melbourne Stars,DJ Hussey,KP Pietersen,JH Kallis,1,0,,,,,,"",""
ball,1,14.4,Melbourne Stars,KP Pietersen,DJ Hussey,JH Kallis,1,0,,,,,,"",""
ball,1,14.5,Melbourne Stars,DJ Hussey,KP Pietersen,JH Kallis,0,0,,,,,,bowled,DJ Hussey
ball,1,14.6,Melbourne Stars,RJ Quiney,KP Pietersen,JH Kallis,1,0,,,,,,"",""
ball,1,15.1,Melbourne Stars,RJ Quiney,KP Pietersen,CJ Green,1,0,,,,,,"",""
ball,1,15.2,Melbourne Stars,KP Pietersen,RJ Quiney,CJ Green,2,0,,,,,,"",""
ball,1,15.3,Melbourne Stars,KP Pietersen,RJ Quiney,CJ Green,0,0,,,,,,"",""
ball,1,15.4,Melbourne Stars,KP Pietersen,RJ Quiney,CJ Green,2,0,,,,,,"",""
ball,1,15.5,Melbourne Stars,KP Pietersen,RJ Quiney,CJ Green,2,0,,,,,,"",""
ball,1,15.6,Melbourne Stars,KP Pietersen,RJ Quiney,CJ Green,0,0,,,,,,caught and bowled,KP Pietersen
ball,1,16.1,Melbourne Stars,RJ Quiney,EP Gulbis,AD Russell,0,1,1,,,,,"",""
ball,1,16.2,Melbourne Stars,RJ Quiney,EP Gulbis,AD Russell,0,4,,,4,,,"",""
ball,1,16.3,Melbourne Stars,RJ Quiney,EP Gulbis,AD Russell,0,0,,,,,,caught and bowled,RJ Quiney
ball,1,16.4,Melbourne Stars,A Zampa,EP Gulbis,AD Russell,1,0,,,,,,"",""
ball,1,16.5,Melbourne Stars,EP Gulbis,A Zampa,AD Russell,4,0,,,,,,"",""
ball,1,16.6,Melbourne Stars,EP Gulbis,A Zampa,AD Russell,0,0,,,,,,"",""
ball,1,16.7,Melbourne Stars,EP Gulbis,A Zampa,AD Russell,0,1,1,,,,,"",""
ball,1,16.8,Melbourne Stars,EP Gulbis,A Zampa,AD Russell,4,0,,,,,,"",""
ball,1,17.1,Melbourne Stars,A Zampa,EP Gulbis,CJ McKay,1,0,,,,,,"",""
ball,1,17.2,Melbourne Stars,EP Gulbis,A Zampa,CJ McKay,1,0,,,,,,"",""
ball,1,17.3,Melbourne Stars,A Zampa,EP Gulbis,CJ McKay,4,0,,,,,,"",""
ball,1,17.4,Melbourne Stars,A Zampa,EP Gulbis,CJ McKay,0,0,,,,,,"",""
ball,1,17.5,Melbourne Stars,A Zampa,EP Gulbis,CJ McKay,2,0,,,,,,"",""
ball,1,17.6,Melbourne Stars,A Zampa,EP Gulbis,CJ McKay,1,0,,,,,,"",""
ball,1,18.1,Melbourne Stars,A Zampa,EP Gulbis,AD Russell,1,0,,,,,,"",""
ball,1,18.2,Melbourne Stars,EP Gulbis,A Zampa,AD Russell,0,0,,,,,,"",""
ball,1,18.3,Melbourne Stars,EP Gulbis,A Zampa,AD Russell,4,0,,,,,,"",""
ball,1,18.4,Melbourne Stars,EP Gulbis,A Zampa,AD Russell,0,0,,,,,,"",""
ball,1,18.5,Melbourne Stars,EP Gulbis,A Zampa,AD Russell,1,0,,,,,,"",""
ball,1,18.6,Melbourne Stars,A Zampa,EP Gulbis,AD Russell,1,0,,,,,,"",""
ball,1,19.1,Melbourne Stars,A Zampa,EP Gulbis,CJ McKay,3,0,,,,,,"",""
ball,1,19.2,Melbourne Stars,EP Gulbis,A Zampa,CJ McKay,1,0,,,,,,"",""
ball,1,19.3,Melbourne Stars,A Zampa,EP Gulbis,CJ McKay,1,0,,,,,,"",""
ball,1,19.4,Melbourne Stars,EP Gulbis,A Zampa,CJ McKay,1,0,,,,,,run out,A Zampa
ball,1,19.5,Melbourne Stars,EP Gulbis,BW Hilfenhaus,CJ McKay,0,0,,,,,,caught,EP Gulbis
ball,1,19.6,Melbourne Stars,BW Hilfenhaus,DJ Worrall,CJ McKay,0,0,,,,,,run out,DJ Worrall
ball,2,0.1,Sydney Thunder,UT Khawaja,JH Kallis,DJ Worrall,0,1,1,,,,,"",""
ball,2,0.2,Sydney Thunder,UT Khawaja,JH Kallis,DJ Worrall,1,0,,,,,,"",""
ball,2,0.3,Sydney Thunder,JH Kallis,UT Khawaja,DJ Worrall,0,0,,,,,,"",""
ball,2,0.4,Sydney Thunder,JH Kallis,UT Khawaja,DJ Worrall,0,0,,,,,,"",""
ball,2,0.5,Sydney Thunder,JH Kallis,UT Khawaja,DJ Worrall,0,0,,,,,,"",""
ball,2,0.6,Sydney Thunder,JH Kallis,UT Khawaja,DJ Worrall,1,0,,,,,,"",""
ball,2,0.7,Sydney Thunder,UT Khawaja,JH Kallis,DJ Worrall,1,0,,,,,,"",""
ball,2,1.1,Sydney Thunder,UT Khawaja,JH Kallis,BW Hilfenhaus,4,0,,,,,,"",""
ball,2,1.2,Sydney Thunder,UT Khawaja,JH Kallis,BW Hilfenhaus,0,1,,,,1,,"",""
ball,2,1.3,Sydney Thunder,JH Kallis,UT Khawaja,BW Hilfenhaus,2,0,,,,,,"",""
ball,2,1.4,Sydney Thunder,JH Kallis,UT Khawaja,BW Hilfenhaus,1,0,,,,,,"",""
ball,2,1.5,Sydney Thunder,UT Khawaja,JH Kallis,BW Hilfenhaus,4,0,,,,,,"",""
ball,2,1.6,Sydney Thunder,UT Khawaja,JH Kallis,BW Hilfenhaus,1,0,,,,,,"",""
ball,2,2.1,Sydney Thunder,UT Khawaja,JH Kallis,DJ Worrall,4,0,,,,,,"",""
ball,2,2.2,Sydney Thunder,UT Khawaja,JH Kallis,DJ Worrall,2,0,,,,,,"",""
ball,2,2.3,Sydney Thunder,UT Khawaja,JH Kallis,DJ Worrall,0,1,,,,1,,"",""
ball,2,2.4,Sydney Thunder,JH Kallis,UT Khawaja,DJ Worrall,1,0,,,,,,"",""
ball,2,2.5,Sydney Thunder,UT Khawaja,JH Kallis,DJ Worrall,6,0,,,,,,"",""
ball,2,2.6,Sydney Thunder,UT Khawaja,JH Kallis,DJ Worrall,2,0,,,,,,"",""
ball,2,3.1,Sydney Thunder,JH Kallis,UT Khawaja,MA Beer,0,0,,,,,,"",""
ball,2,3.2,Sydney Thunder,JH Kallis,UT Khawaja,MA Beer,1,0,,,,,,"",""
ball,2,3.3,Sydney Thunder,UT Khawaja,JH Kallis,MA Beer,1,0,,,,,,"",""
ball,2,3.4,Sydney Thunder,JH Kallis,UT Khawaja,MA Beer,4,0,,,,,,"",""
ball,2,3.5,Sydney Thunder,JH Kallis,UT Khawaja,MA Beer,0,0,,,,,,"",""
ball,2,3.6,Sydney Thunder,JH Kallis,UT Khawaja,MA Beer,0,0,,,,,,"",""
ball,2,4.1,Sydney Thunder,UT Khawaja,JH Kallis,DJ Worrall,2,0,,,,,,"",""
ball,2,4.2,Sydney Thunder,UT Khawaja,JH Kallis,DJ Worrall,3,0,,,,,,"",""
ball,2,4.3,Sydney Thunder,JH Kallis,UT Khawaja,DJ Worrall,4,0,,,,,,"",""
ball,2,4.4,Sydney Thunder,JH Kallis,UT Khawaja,DJ Worrall,1,0,,,,,,"",""
ball,2,4.5,Sydney Thunder,UT Khawaja,JH Kallis,DJ Worrall,0,0,,,,,,"",""
ball,2,4.6,Sydney Thunder,UT Khawaja,JH Kallis,DJ Worrall,0,1,1,,,,,"",""
ball,2,4.7,Sydney Thunder,UT Khawaja,JH Kallis,DJ Worrall,4,0,,,,,,"",""
ball,2,5.1,Sydney Thunder,JH Kallis,UT Khawaja,MA Beer,0,0,,,,,,"",""
ball,2,5.2,Sydney Thunder,JH Kallis,UT Khawaja,MA Beer,4,0,,,,,,"",""
ball,2,5.3,Sydney Thunder,JH Kallis,UT Khawaja,MA Beer,4,0,,,,,,"",""
ball,2,5.4,Sydney Thunder,JH Kallis,UT Khawaja,MA Beer,0,0,,,,,,"",""
ball,2,5.5,Sydney Thunder,JH Kallis,UT Khawaja,MA Beer,0,0,,,,,,"",""
ball,2,5.6,Sydney Thunder,JH Kallis,UT Khawaja,MA Beer,0,0,,,,,,"",""
ball,2,6.1,Sydney Thunder,UT Khawaja,JH Kallis,EP Gulbis,2,0,,,,,,"",""
ball,2,6.2,Sydney Thunder,UT Khawaja,JH Kallis,EP Gulbis,0,0,,,,,,"",""
ball,2,6.3,Sydney Thunder,UT Khawaja,JH Kallis,EP Gulbis,2,0,,,,,,"",""
ball,2,6.4,Sydney Thunder,UT Khawaja,JH Kallis,EP Gulbis,0,0,,,,,,"",""
ball,2,6.5,Sydney Thunder,UT Khawaja,JH Kallis,EP Gulbis,1,0,,,,,,"",""
ball,2,6.6,Sydney Thunder,JH Kallis,UT Khawaja,EP Gulbis,1,0,,,,,,"",""
ball,2,7.1,Sydney Thunder,JH Kallis,UT Khawaja,A Zampa,1,0,,,,,,"",""
ball,2,7.2,Sydney Thunder,UT Khawaja,JH Kallis,A Zampa,1,0,,,,,,"",""
ball,2,7.3,Sydney Thunder,JH Kallis,UT Khawaja,A Zampa,0,0,,,,,,"",""
ball,2,7.4,Sydney Thunder,JH Kallis,UT Khawaja,A Zampa,1,0,,,,,,"",""
ball,2,7.5,Sydney Thunder,UT Khawaja,JH Kallis,A Zampa,0,0,,,,,,"",""
ball,2,7.6,Sydney Thunder,UT Khawaja,JH Kallis,A Zampa,0,1,1,,,,,"",""
ball,2,7.7,Sydney Thunder,UT Khawaja,JH Kallis,A Zampa,1,0,,,,,,"",""
ball,2,8.1,Sydney Thunder,UT Khawaja,JH Kallis,EP Gulbis,1,0,,,,,,"",""
ball,2,8.2,Sydney Thunder,JH Kallis,UT Khawaja,EP Gulbis,1,0,,,,,,"",""
ball,2,8.3,Sydney Thunder,UT Khawaja,JH Kallis,EP Gulbis,6,0,,,,,,"",""
ball,2,8.4,Sydney Thunder,UT Khawaja,JH Kallis,EP Gulbis,0,1,1,,,,,"",""
ball,2,8.5,Sydney Thunder,UT Khawaja,JH Kallis,EP Gulbis,1,0,,,,,,"",""
ball,2,8.6,Sydney Thunder,JH Kallis,UT Khawaja,EP Gulbis,1,0,,,,,,"",""
ball,2,8.7,Sydney Thunder,UT Khawaja,JH Kallis,EP Gulbis,2,0,,,,,,"",""
ball,2,9.1,Sydney Thunder,JH Kallis,UT Khawaja,A Zampa,0,0,,,,,,caught,JH Kallis
ball,2,9.2,Sydney Thunder,SR Watson,UT Khawaja,A Zampa,0,0,,,,,,"",""
ball,2,9.3,Sydney Thunder,SR Watson,UT Khawaja,A Zampa,2,0,,,,,,"",""
ball,2,9.4,Sydney Thunder,SR Watson,UT Khawaja,A Zampa,0,0,,,,,,"",""
ball,2,9.5,Sydney Thunder,SR Watson,UT Khawaja,A Zampa,2,0,,,,,,"",""
ball,2,9.6,Sydney Thunder,SR Watson,UT Khawaja,A Zampa,1,0,,,,,,"",""
ball,2,10.1,Sydney Thunder,SR Watson,UT Khawaja,MP Stoinis,1,0,,,,,,"",""
ball,2,10.2,Sydney Thunder,UT Khawaja,SR Watson,MP Stoinis,0,1,1,,,,,"",""
ball,2,10.3,Sydney Thunder,UT Khawaja,SR Watson,MP Stoinis,1,0,,,,,,"",""
ball,2,10.4,Sydney Thunder,SR Watson,UT Khawaja,MP Stoinis,0,0,,,,,,caught,SR Watson
ball,2,10.5,Sydney Thunder,MEK Hussey,UT Khawaja,MP Stoinis,0,0,,,,,,"",""
ball,2,10.6,Sydney Thunder,MEK Hussey,UT Khawaja,MP Stoinis,1,0,,,,,,"",""
ball,2,10.7,Sydney Thunder,UT Khawaja,MEK Hussey,MP Stoinis,1,0,,,,,,"",""
ball,2,11.1,Sydney Thunder,UT Khawaja,MEK Hussey,A Zampa,0,1,,,,1,,"",""
ball,2,11.2,Sydney Thunder,MEK Hussey,UT Khawaja,A Zampa,1,0,,,,,,"",""
ball,2,11.3,Sydney Thunder,UT Khawaja,MEK Hussey,A Zampa,6,0,,,,,,"",""
ball,2,11.4,Sydney Thunder,UT Khawaja,MEK Hussey,A Zampa,0,0,,,,,,"",""
ball,2,11.5,Sydney Thunder,UT Khawaja,MEK Hussey,A Zampa,4,1,,1,,,,"",""
ball,2,11.6,Sydney Thunder,UT Khawaja,MEK Hussey,A Zampa,2,0,,,,,,"",""
ball,2,11.7,Sydney Thunder,UT Khawaja,MEK Hussey,A Zampa,0,1,1,,,,,"",""
ball,2,11.8,Sydney Thunder,UT Khawaja,MEK Hussey,A Zampa,2,0,,,,,,"",""
ball,2,12.1,Sydney Thunder,MEK Hussey,UT Khawaja,MP Stoinis,1,0,,,,,,"",""
ball,2,12.2,Sydney Thunder,UT Khawaja,MEK Hussey,MP Stoinis,1,0,,,,,,"",""
ball,2,12.3,Sydney Thunder,MEK Hussey,UT Khawaja,MP Stoinis,2,0,,,,,,"",""
ball,2,12.4,Sydney Thunder,MEK Hussey,UT Khawaja,MP Stoinis,1,0,,,,,,"",""
ball,2,12.5,Sydney Thunder,UT Khawaja,MEK Hussey,MP Stoinis,0,1,1,,,,,"",""
ball,2,12.6,Sydney Thunder,UT Khawaja,MEK Hussey,MP Stoinis,1,0,,,,,,"",""
ball,2,12.7,Sydney Thunder,MEK Hussey,UT Khawaja,MP Stoinis,1,0,,,,,,"",""
ball,2,13.1,Sydney Thunder,MEK Hussey,UT Khawaja,DJ Hussey,1,0,,,,,,"",""
ball,2,13.2,Sydney Thunder,UT Khawaja,MEK Hussey,DJ Hussey,0,0,,,,,,"",""
ball,2,13.3,Sydney Thunder,UT Khawaja,MEK Hussey,DJ Hussey,0,0,,,,,,caught,UT Khawaja
ball,2,13.4,Sydney Thunder,AD Russell,MEK Hussey,DJ Hussey,6,0,,,,,,"",""
ball,2,13.5,Sydney Thunder,AD Russell,MEK Hussey,DJ Hussey,1,0,,,,,,"",""
ball,2,13.6,Sydney Thunder,MEK Hussey,AD Russell,DJ Hussey,1,0,,,,,,"",""
ball,2,14.1,Sydney Thunder,MEK Hussey,AD Russell,BW Hilfenhaus,2,0,,,,,,"",""
ball,2,14.2,Sydney Thunder,MEK Hussey,AD Russell,BW Hilfenhaus,4,0,,,,,,"",""
ball,2,14.3,Sydney Thunder,MEK Hussey,AD Russell,BW Hilfenhaus,1,0,,,,,,"",""
ball,2,14.4,Sydney Thunder,AD Russell,MEK Hussey,BW Hilfenhaus,1,0,,,,,,"",""
ball,2,14.5,Sydney Thunder,MEK Hussey,AD Russell,BW Hilfenhaus,1,0,,,,,,"",""
ball,2,14.6,Sydney Thunder,AD Russell,MEK Hussey,BW Hilfenhaus,0,0,,,,,,"",""
ball,2,15.1,Sydney Thunder,MEK Hussey,AD Russell,A Zampa,1,0,,,,,,"",""
ball,2,15.2,Sydney Thunder,AD Russell,MEK Hussey,A Zampa,1,0,,,,,,"",""
ball,2,15.3,Sydney Thunder,MEK Hussey,AD Russell,A Zampa,0,0,,,,,,bowled,MEK Hussey
ball,2,15.4,Sydney Thunder,BJ Rohrer,AD Russell,A Zampa,1,0,,,,,,"",""
ball,2,15.5,Sydney Thunder,AD Russell,BJ Rohrer,A Zampa,1,0,,,,,,"",""
ball,2,15.6,Sydney Thunder,BJ Rohrer,AD Russell,A Zampa,1,0,,,,,,"",""
ball,2,16.1,Sydney Thunder,BJ Rohrer,AD Russell,MP Stoinis,1,0,,,,,,"",""
ball,2,16.2,Sydney Thunder,AD Russell,BJ Rohrer,MP Stoinis,0,0,,,,,,"",""
ball,2,16.3,Sydney Thunder,AD Russell,BJ Rohrer,MP Stoinis,0,0,,,,,,caught,AD Russell
ball,2,16.4,Sydney Thunder,AC Blizzard,BJ Rohrer,MP Stoinis,0,0,,,,,,"",""
ball,2,16.5,Sydney Thunder,AC Blizzard,BJ Rohrer,MP Stoinis,2,0,,,,,,"",""
ball,2,16.6,Sydney Thunder,AC Blizzard,BJ Rohrer,MP Stoinis,4,0,,,,,,"",""
ball,2,17.1,Sydney Thunder,BJ Rohrer,AC Blizzard,MA Beer,0,0,,,,,,"",""
ball,2,17.2,Sydney Thunder,BJ Rohrer,AC Blizzard,MA Beer,1,0,,,,,,"",""
ball,2,17.3,Sydney Thunder,AC Blizzard,BJ Rohrer,MA Beer,4,0,,,,,,"",""
ball,2,17.4,Sydney Thunder,AC Blizzard,BJ Rohrer,MA Beer,0,0,,,,,,"",""
ball,2,17.5,Sydney Thunder,AC Blizzard,BJ Rohrer,MA Beer,6,0,,,,,,"",""
ball,2,17.6,Sydney Thunder,AC Blizzard,BJ Rohrer,MA Beer,0,0,,,,,,run out,AC Blizzard
ball,2,18.1,Sydney Thunder,CJ Green,BJ Rohrer,MP Stoinis,0,1,1,,,,,"",""
ball,2,18.2,Sydney Thunder,CJ Green,BJ Rohrer,MP Stoinis,4,0,,,,,,"",""
ball,2,18.3,Sydney Thunder,CJ Green,BJ Rohrer,MP Stoinis,2,0,,,,,,"",""
ball,2,18.4,Sydney Thunder,CJ Green,BJ Rohrer,MP Stoinis,2,0,,,,,,"",""
ball,2,18.5,Sydney Thunder,CJ Green,BJ Rohrer,MP Stoinis,0,0,,,,,,"",""
ball,2,18.6,Sydney Thunder,CJ Green,BJ Rohrer,MP Stoinis,0,0,,,,,,caught,CJ Green
ball,2,18.7,Sydney Thunder,BJ Rohrer,CD Hartley,MP Stoinis,1,0,,,,,,"",""
ball,2,19.1,Sydney Thunder,BJ Rohrer,CD Hartley,DJ Worrall,2,0,,,,,,"",""
ball,2,19.2,Sydney Thunder,BJ Rohrer,CD Hartley,DJ Worrall,0,0,,,,,,"",""
ball,2,19.3,Sydney Thunder,BJ Rohrer,CD Hartley,DJ Worrall,6,0,,,,,,"",""
