resp_var,pred,res,abs res,per res,abs per res,MAE,MAPE
10,10.3,-0.3,0.3,-3.00%,3.00%,10.99614114,4197.17%
112,81.1,30.9,30.9,27.59%,27.59%,,
45,42.3,2.7,2.7,6.00%,6.00%,,
1,26.2,-25.2,25.2,-2520.00%,2520.00%,,
48,55.1,-7.1,7.1,-14.79%,14.79%,,
136,115.4,20.6,20.6,15.15%,15.15%,,
26,40.2,-14.2,14.2,-54.62%,54.62%,,
51,76.3,-25.3,25.3,-49.61%,49.61%,,
42,32.2,9.8,9.8,23.33%,23.33%,,
7,17.3,-10.3,10.3,-147.14%,147.14%,,
52,40.8,11.2,11.2,21.54%,21.54%,,
96,74.8,21.2,21.2,22.08%,22.08%,,
18,28.2,-10.2,10.2,-56.67%,56.67%,,
31,25.7,5.3,5.3,17.10%,17.10%,,
32,25.8,6.2,6.2,19.38%,19.38%,,
62,48.4,13.6,13.6,21.94%,21.94%,,
31,32.7,-1.7,1.7,-5.48%,5.48%,,
0.01,3.607,-3.597,3.597,-35970.00%,35970.00%,,
27,39.5,-12.5,12.5,-46.30%,46.30%,,
22,18.6,3.4,3.4,15.45%,15.45%,,
9,8.3,0.7,0.7,7.78%,7.78%,,
30,25.001,4.999,4.999,16.66%,16.66%,,
91,73.7,17.3,17.3,19.01%,19.01%,,
36,39.5,-3.5,3.5,-9.72%,9.72%,,
25,24.1,0.9,0.9,3.60%,3.60%,,
2,10.2,-8.2,8.2,-410.00%,410.00%,,
4,5.7,-1.7,1.7,-42.50%,42.50%,,
40,56.4,-16.4,16.4,-41.00%,41.00%,,
96,62.4,33.6,33.6,35.00%,35.00%,,
4,16.9,-12.9,12.9,-322.50%,322.50%,,
35,27,8,8,22.86%,22.86%,,
51,45.6,5.4,5.4,10.59%,10.59%,,
96,97.3,-1.3,1.3,-1.35%,1.35%,,
36,28.8,7.2,7.2,20.00%,20.00%,,
1,26,-25,25,-2500.00%,2500.00%,,
57,57.4,-0.4,0.4,-0.70%,0.70%,,
97,78.6,18.4,18.4,18.97%,18.97%,,
56,51.5,4.5,4.5,8.04%,8.04%,,
111,90.3,20.7,20.7,18.65%,18.65%,,
40,35.3,4.7,4.7,11.75%,11.75%,,
104,87.6,16.4,16.4,15.77%,15.77%,,
38,33,5,5,13.16%,13.16%,,
40,36.9,3.1,3.1,7.75%,7.75%,,
5,27.3,-22.3,22.3,-446.00%,446.00%,,
35,34,1,1,2.86%,2.86%,,
59,45,14,14,23.73%,23.73%,,
28,49.1,-21.1,21.1,-75.36%,75.36%,,
5,18.5,-13.5,13.5,-270.00%,270.00%,,
7,16.8,-9.8,9.8,-140.00%,140.00%,,
13,19.9,-6.9,6.9,-53.08%,53.08%,,
46,33.7,12.3,12.3,26.74%,26.74%,,
22,31.9,-9.9,9.9,-45.00%,45.00%,,
50,39.6,10.4,10.4,20.80%,20.80%,,
135,117.6,17.4,17.4,12.89%,12.89%,,
18,15.501,2.499,2.499,13.88%,13.88%,,
11,37.7,-26.7,26.7,-242.73%,242.73%,,
51,58.4,-7.4,7.4,-14.51%,14.51%,,
95,70,25,25,26.32%,26.32%,,
0.01,23.605,-23.595,23.595,-235950.00%,235950.00%,,
75,64,11,11,14.67%,14.67%,,
47,46.4,0.6,0.6,1.28%,1.28%,,
38,24.4,13.6,13.6,35.79%,35.79%,,
6,5.8,0.2,0.2,3.33%,3.33%,,
56,53,3,3,5.36%,5.36%,,
35,51.7,-16.7,16.7,-47.71%,47.71%,,
90,93.6,-3.6,3.6,-4.00%,4.00%,,
2,19.5,-17.5,17.5,-875.00%,875.00%,,
2,20.9,-18.9,18.9,-945.00%,945.00%,,
5,22,-17,17,-340.00%,340.00%,,
62,51.1,10.9,10.9,17.58%,17.58%,,
4,4.8,-0.8,0.8,-20.00%,20.00%,,
3,4.3,-1.3,1.3,-43.33%,43.33%,,
29,24.5,4.5,4.5,15.52%,15.52%,,
53,42.3,10.7,10.7,20.19%,20.19%,,
53,43.4,9.6,9.6,18.11%,18.11%,,
11,21.4,-10.4,10.4,-94.55%,94.55%,,
30,44,-14,14,-46.67%,46.67%,,
80,73.4,6.6,6.6,8.25%,8.25%,,
24,26.7,-2.7,2.7,-11.25%,11.25%,,
25,28.7,-3.7,3.7,-14.80%,14.80%,,
2,17.8,-15.8,15.8,-790.00%,790.00%,,
94,66,28,28,29.79%,29.79%,,
4,14.6,-10.6,10.6,-265.00%,265.00%,,
75,48.001,26.999,26.999,36.00%,36.00%,,
98,73.2,24.8,24.8,25.31%,25.31%,,
2,14.501,-12.501,12.501,-625.05%,625.05%,,
13,19.8,-6.8,6.8,-52.31%,52.31%,,
47,51.3,-4.3,4.3,-9.15%,9.15%,,
37,36.3,0.7,0.7,1.89%,1.89%,,
13,25.8,-12.8,12.8,-98.46%,98.46%,,
50,50.5,-0.5,0.5,-1.00%,1.00%,,
21,22.4,-1.4,1.4,-6.67%,6.67%,,
37,42.6,-5.6,5.6,-15.14%,15.14%,,
42,42.9,-0.9,0.9,-2.14%,2.14%,,
49,70.6,-21.6,21.6,-44.08%,44.08%,,
113,83.9,29.1,29.1,25.75%,25.75%,,
20,20.3,-0.3,0.3,-1.50%,1.50%,,
16,13.6,2.4,2.4,15.00%,15.00%,,
19,18,1,1,5.26%,5.26%,,
111,84.9,26.1,26.1,23.51%,23.51%,,
5,60.6,-55.6,55.6,-1112.00%,1112.00%,,
18,22.201,-4.201,4.201,-23.34%,23.34%,,
2,19.4,-17.4,17.4,-870.00%,870.00%,,
27,35.8,-8.8,8.8,-32.59%,32.59%,,
47,44.3,2.7,2.7,5.74%,5.74%,,
64,53.8,10.2,10.2,15.94%,15.94%,,
108,76.8,31.2,31.2,28.89%,28.89%,,
1,31.801,-30.801,30.801,-3080.10%,3080.10%,,
39,33.2,5.8,5.8,14.87%,14.87%,,
38,45.8,-7.8,7.8,-20.53%,20.53%,,
87,73.802,13.198,13.198,15.17%,15.17%,,
41,50.6,-9.6,9.6,-23.41%,23.41%,,
59,47.6,11.4,11.4,19.32%,19.32%,,
58,32.601,25.399,25.399,43.79%,43.79%,,
59,67.3,-8.3,8.3,-14.07%,14.07%,,
26,28.7,-2.7,2.7,-10.38%,10.38%,,
28,28.5,-0.5,0.5,-1.79%,1.79%,,
12,24.8,-12.8,12.8,-106.67%,106.67%,,
61,58.4,2.6,2.6,4.26%,4.26%,,
11,29.9,-18.9,18.9,-171.82%,171.82%,,
5,7.3,-2.3,2.3,-46.00%,46.00%,,
1,10.7,-9.7,9.7,-970.00%,970.00%,,
67,61.3,5.7,5.7,8.51%,8.51%,,
1,40.8,-39.8,39.8,-3980.00%,3980.00%,,
81,69.9,11.1,11.1,13.70%,13.70%,,
9,16.1,-7.1,7.1,-78.89%,78.89%,,
87,72.2,14.8,14.8,17.01%,17.01%,,
29,27.6,1.4,1.4,4.83%,4.83%,,
38,30.9,7.1,7.1,18.68%,18.68%,,
0.01,8.709,-8.699,8.699,-86990.00%,86990.00%,,
42,38.8,3.2,3.2,7.62%,7.62%,,
25,31,-6,6,-24.00%,24.00%,,
46,58.9,-12.9,12.9,-28.04%,28.04%,,
83,63.3,19.7,19.7,23.73%,23.73%,,
5,16.5,-11.5,11.5,-230.00%,230.00%,,
42,41.9,0.1,0.1,0.24%,0.24%,,
26,34.3,-8.3,8.3,-31.92%,31.92%,,
6,18.3,-12.3,12.3,-205.00%,205.00%,,
31,32.9,-1.9,1.9,-6.13%,6.13%,,
44,31.1,12.9,12.9,29.32%,29.32%,,
0.01,7.707,-7.697,7.697,-76970.00%,76970.00%,,
104,97.1,6.9,6.9,6.63%,6.63%,,
24,25.4,-1.4,1.4,-5.83%,5.83%,,
63,64.8,-1.8,1.8,-2.86%,2.86%,,
80,68.1,11.9,11.9,14.88%,14.88%,,
29,36.8,-7.8,7.8,-26.90%,26.90%,,
45,46.7,-1.7,1.7,-3.78%,3.78%,,
52,61,-9,9,-17.31%,17.31%,,
23,20.9,2.1,2.1,9.13%,9.13%,,
6,5.401,0.599,0.599,9.98%,9.98%,,
65,68,-3,3,-4.62%,4.62%,,
28,31.4,-3.4,3.4,-12.14%,12.14%,,
79,79.6,-0.6,0.6,-0.76%,0.76%,,
80,70.7,9.3,9.3,11.63%,11.63%,,
102,92.4,9.6,9.6,9.41%,9.41%,,
26,29.6,-3.6,3.6,-13.85%,13.85%,,
1,23.4,-22.4,22.4,-2240.00%,2240.00%,,
109,83.6,25.4,25.4,23.30%,23.30%,,
5,12.8,-7.8,7.8,-156.00%,156.00%,,
34,32.4,1.6,1.6,4.71%,4.71%,,
6,19.3,-13.3,13.3,-221.67%,221.67%,,
22,47.7,-25.7,25.7,-116.82%,116.82%,,
57,59.3,-2.3,2.3,-4.04%,4.04%,,
13,29.5,-16.5,16.5,-126.92%,126.92%,,
2,11,-9,9,-450.00%,450.00%,,
24,21.601,2.399,2.399,10.00%,10.00%,,
41,45.2,-4.2,4.2,-10.24%,10.24%,,
4,7.402,-3.402,3.402,-85.05%,85.05%,,
45,26.6,18.4,18.4,40.89%,40.89%,,
39,38.1,0.9,0.9,2.31%,2.31%,,
41,52,-11,11,-26.83%,26.83%,,
46,40.7,5.3,5.3,11.52%,11.52%,,
52,48.4,3.6,3.6,6.92%,6.92%,,
11,11.1,-0.1,0.1,-0.91%,0.91%,,
108,74.001,33.999,33.999,31.48%,31.48%,,
8,5.701,2.299,2.299,28.74%,28.74%,,
9,17.3,-8.3,8.3,-92.22%,92.22%,,
63,57.3,5.7,5.7,9.05%,9.05%,,
50,66.9,-16.9,16.9,-33.80%,33.80%,,
13,16.1,-3.1,3.1,-23.85%,23.85%,,
7,18.4,-11.4,11.4,-162.86%,162.86%,,
53,54.5,-1.5,1.5,-2.83%,2.83%,,
35,52.5,-17.5,17.5,-50.00%,50.00%,,
39,37.8,1.2,1.2,3.08%,3.08%,,
110,78.5,31.5,31.5,28.64%,28.64%,,
96,59.5,36.5,36.5,38.02%,38.02%,,
3,3,0,0,0.00%,0.00%,,
50,46.3,3.7,3.7,7.40%,7.40%,,
39,35.6,3.4,3.4,8.72%,8.72%,,
4,5,-1,1,-25.00%,25.00%,,
33,46.5,-13.5,13.5,-40.91%,40.91%,,
113,79.4,33.6,33.6,29.73%,29.73%,,
24,27.1,-3.1,3.1,-12.92%,12.92%,,
130,108.8,21.2,21.2,16.31%,16.31%,,
86,77.1,8.9,8.9,10.35%,10.35%,,
22,45.4,-23.4,23.4,-106.36%,106.36%,,
4,8,-4,4,-100.00%,100.00%,,
91,73.2,17.8,17.8,19.56%,19.56%,,
4,3.7,0.3,0.3,7.50%,7.50%,,
64,49.7,14.3,14.3,22.34%,22.34%,,
85,71.5,13.5,13.5,15.88%,15.88%,,
13,26.101,-13.101,13.101,-100.78%,100.78%,,
48,39.001,8.999,8.999,18.75%,18.75%,,
20,25.5,-5.5,5.5,-27.50%,27.50%,,
27,27.2,-0.2,0.2,-0.74%,0.74%,,
20,25.2,-5.2,5.2,-26.00%,26.00%,,
40,28.601,11.399,11.399,28.50%,28.50%,,
135,77.2,57.8,57.8,42.81%,42.81%,,
86,73.6,12.4,12.4,14.42%,14.42%,,
0.01,46.904,-46.894,46.894,-468940.00%,468940.00%,,
32,29,3,3,9.38%,9.38%,,
44,38.4,5.6,5.6,12.73%,12.73%,,
0.01,11.707,-11.697,11.697,-116970.00%,116970.00%,,
44,37.7,6.3,6.3,14.32%,14.32%,,
59,52.4,6.6,6.6,11.19%,11.19%,,
27,33.9,-6.9,6.9,-25.56%,25.56%,,
95,78.6,16.4,16.4,17.26%,17.26%,,
72,50.5,21.5,21.5,29.86%,29.86%,,
32,32.6,-0.6,0.6,-1.88%,1.88%,,
9,27.4,-18.4,18.4,-204.44%,204.44%,,
49,53.2,-4.2,4.2,-8.57%,8.57%,,
95,85.8,9.2,9.2,9.68%,9.68%,,
9,33,-24,24,-266.67%,266.67%,,
103,62.102,40.898,40.898,39.71%,39.71%,,
67,67,0,0,0.00%,0.00%,,
55,48.4,6.6,6.6,12.00%,12.00%,,
50,45.2,4.8,4.8,9.60%,9.60%,,
141,92.6,48.4,48.4,34.33%,34.33%,,
45,52.8,-7.8,7.8,-17.33%,17.33%,,
0.01,15.705,-15.695,15.695,-156950.00%,156950.00%,,
87,49.2,37.8,37.8,43.45%,43.45%,,
111,97.4,13.6,13.6,12.25%,12.25%,,
7,20.2,-13.2,13.2,-188.57%,188.57%,,
20,23,-3,3,-15.00%,15.00%,,
40,41.8,-1.8,1.8,-4.50%,4.50%,,
53,62.7,-9.7,9.7,-18.30%,18.30%,,
8,31.9,-23.9,23.9,-298.75%,298.75%,,
33,30.6,2.4,2.4,7.27%,7.27%,,
25,58,-33,33,-132.00%,132.00%,,
24,32.4,-8.4,8.4,-35.00%,35.00%,,
81,76.2,4.8,4.8,5.93%,5.93%,,
51,45.7,5.3,5.3,10.39%,10.39%,,
0.01,16.205,-16.195,16.195,-161950.00%,161950.00%,,
11,29.8,-18.8,18.8,-170.91%,170.91%,,
12,21,-9,9,-75.00%,75.00%,,
33,29.9,3.1,3.1,9.39%,9.39%,,
36,30.9,5.1,5.1,14.17%,14.17%,,
14,15.4,-1.4,1.4,-10.00%,10.00%,,
14,16,-2,2,-14.29%,14.29%,,
46,41.5,4.5,4.5,9.78%,9.78%,,
6,13.8,-7.8,7.8,-130.00%,130.00%,,
35,61.3,-26.3,26.3,-75.14%,75.14%,,
51,45,6,6,11.76%,11.76%,,
37,37,0,0,0.00%,0.00%,,
7,7,0,0,0.00%,0.00%,,
2,2.3,-0.3,0.3,-15.00%,15.00%,,
7,18.3,-11.3,11.3,-161.43%,161.43%,,
43,52.2,-9.2,9.2,-21.40%,21.40%,,
5,26.7,-21.7,21.7,-434.00%,434.00%,,
39,44.9,-5.9,5.9,-15.13%,15.13%,,
6,16.6,-10.6,10.6,-176.67%,176.67%,,
0.01,18.405,-18.395,18.395,-183950.00%,183950.00%,,
51,54.6,-3.6,3.6,-7.06%,7.06%,,
98,80.4,17.6,17.6,17.96%,17.96%,,
18,27.8,-9.8,9.8,-54.44%,54.44%,,
38,60.6,-22.6,22.6,-59.47%,59.47%,,
6,6.4,-0.4,0.4,-6.67%,6.67%,,
18,20.001,-2.001,2.001,-11.12%,11.12%,,
20,15.702,4.298,4.298,21.49%,21.49%,,
52,48.9,3.1,3.1,5.96%,5.96%,,
16,28.4,-12.4,12.4,-77.50%,77.50%,,
19,28.9,-9.9,9.9,-52.11%,52.11%,,
10,17.5,-7.5,7.5,-75.00%,75.00%,,
28,31.1,-3.1,3.1,-11.07%,11.07%,,
3,17.1,-14.1,14.1,-470.00%,470.00%,,
14,21.1,-7.1,7.1,-50.71%,50.71%,,
0.01,6.405,-6.395,6.395,-63950.00%,63950.00%,,
34,31.2,2.8,2.8,8.24%,8.24%,,
12,14.6,-2.6,2.6,-21.67%,21.67%,,
23,32.7,-9.7,9.7,-42.17%,42.17%,,
7,18.5,-11.5,11.5,-164.29%,164.29%,,
9,14.9,-5.9,5.9,-65.56%,65.56%,,
0.01,10.605,-10.595,10.595,-105950.00%,105950.00%,,
183,117.2,65.8,65.8,35.96%,35.96%,,
47,48.9,-1.9,1.9,-4.04%,4.04%,,
20,46.4,-26.4,26.4,-132.00%,132.00%,,
67,58.3,8.7,8.7,12.99%,12.99%,,
3,9.1,-6.1,6.1,-203.33%,203.33%,,
0.01,14.204,-14.194,14.194,-141940.00%,141940.00%,,
31,58.2,-27.2,27.2,-87.74%,87.74%,,
52,58.7,-6.7,6.7,-12.88%,12.88%,,
43,40.2,2.8,2.8,6.51%,6.51%,,
44,39,5,5,11.36%,11.36%,,
64,44.5,19.5,19.5,30.47%,30.47%,,
12,22,-10,10,-83.33%,83.33%,,
72,70.2,1.8,1.8,2.50%,2.50%,,
61,38.601,22.399,22.399,36.72%,36.72%,,
54,43.702,10.298,10.298,19.07%,19.07%,,
2,3.9,-1.9,1.9,-95.00%,95.00%,,
84,76,8,8,9.52%,9.52%,,
5,24.9,-19.9,19.9,-398.00%,398.00%,,
32,30.7,1.3,1.3,4.06%,4.06%,,
15,24.8,-9.8,9.8,-65.33%,65.33%,,
96,73.4,22.6,22.6,23.54%,23.54%,,
46,58.1,-12.1,12.1,-26.30%,26.30%,,
56,35.201,20.799,20.799,37.14%,37.14%,,
1,24.1,-23.1,23.1,-2310.00%,2310.00%,,
30,39.2,-9.2,9.2,-30.67%,30.67%,,
14,19.7,-5.7,5.7,-40.71%,40.71%,,
80,72.9,7.1,7.1,8.87%,8.87%,,
1,10.4,-9.4,9.4,-940.00%,940.00%,,
24,34.401,-10.401,10.401,-43.34%,43.34%,,
55,57.6,-2.6,2.6,-4.73%,4.73%,,
4,28.5,-24.5,24.5,-612.50%,612.50%,,
5,10.3,-5.3,5.3,-106.00%,106.00%,,
9,17.6,-8.6,8.6,-95.56%,95.56%,,
14,41.5,-27.5,27.5,-196.43%,196.43%,,
134,98.7,35.3,35.3,26.34%,26.34%,,
3,23.5,-20.5,20.5,-683.33%,683.33%,,
7,20.1,-13.1,13.1,-187.14%,187.14%,,
31,40.3,-9.3,9.3,-30.00%,30.00%,,
3,18.5,-15.5,15.5,-516.67%,516.67%,,
70,53.3,16.7,16.7,23.86%,23.86%,,
141,90.7,50.3,50.3,35.67%,35.67%,,
78,64.7,13.3,13.3,17.05%,17.05%,,
13,26.2,-13.2,13.2,-101.54%,101.54%,,
6,26.7,-20.7,20.7,-345.00%,345.00%,,
103,82.6,20.4,20.4,19.81%,19.81%,,
73,59,14,14,19.18%,19.18%,,
45,42.2,2.8,2.8,6.22%,6.22%,,
88,67.9,20.1,20.1,22.84%,22.84%,,
15,21.701,-6.701,6.701,-44.67%,44.67%,,
48,36.9,11.1,11.1,23.13%,23.13%,,
84,78.9,5.1,5.1,6.07%,6.07%,,
68,53.7,14.3,14.3,21.03%,21.03%,,
42,26.502,15.498,15.498,36.90%,36.90%,,
5,16.2,-11.2,11.2,-224.00%,224.00%,,
21,25.6,-4.6,4.6,-21.90%,21.90%,,
10,28.8,-18.8,18.8,-188.00%,188.00%,,
100,86.8,13.2,13.2,13.20%,13.20%,,
60,64.3,-4.3,4.3,-7.17%,7.17%,,
77,55.5,21.5,21.5,27.92%,27.92%,,
79,86.8,-7.8,7.8,-9.87%,9.87%,,
78,72.4,5.6,5.6,7.18%,7.18%,,
70,71.8,-1.8,1.8,-2.57%,2.57%,,
14,16.501,-2.501,2.501,-17.86%,17.86%,,
5,11.4,-6.4,6.4,-128.00%,128.00%,,
3,11.4,-8.4,8.4,-280.00%,280.00%,,
5,25.9,-20.9,20.9,-418.00%,418.00%,,
2,36.2,-34.2,34.2,-1710.00%,1710.00%,,
5,13.3,-8.3,8.3,-166.00%,166.00%,,
50,45.8,4.2,4.2,8.40%,8.40%,,
3,3,0,0,0.00%,0.00%,,
23,20.5,2.5,2.5,10.87%,10.87%,,
20,23.6,-3.6,3.6,-18.00%,18.00%,,
21,21.5,-0.5,0.5,-2.38%,2.38%,,
2,11,-9,9,-450.00%,450.00%,,
56,55.5,0.5,0.5,0.89%,0.89%,,
56,56,0,0,0.00%,0.00%,,
32,32.602,-0.602,0.602,-1.88%,1.88%,,
41,39.8,1.2,1.2,2.93%,2.93%,,
24,21.2,2.8,2.8,11.67%,11.67%,,
92,75.502,16.498,16.498,17.93%,17.93%,,
77,56.5,20.5,20.5,26.62%,26.62%,,
5,10.7,-5.7,5.7,-114.00%,114.00%,,
3,2.501,0.499,0.499,16.63%,16.63%,,
65,65.6,-0.6,0.6,-0.92%,0.92%,,
2,17.601,-15.601,15.601,-780.05%,780.05%,,
62,58.6,3.4,3.4,5.48%,5.48%,,
25,44.5,-19.5,19.5,-78.00%,78.00%,,
4,21,-17,17,-425.00%,425.00%,,
83,79.7,3.3,3.3,3.98%,3.98%,,
26,32.5,-6.5,6.5,-25.00%,25.00%,,
4,14,-10,10,-250.00%,250.00%,,
88,89.5,-1.5,1.5,-1.70%,1.70%,,
62,50.4,11.6,11.6,18.71%,18.71%,,
34,44.6,-10.6,10.6,-31.18%,31.18%,,
5,25.401,-20.401,20.401,-408.02%,408.02%,,
69,69.4,-0.4,0.4,-0.58%,0.58%,,
34,42.1,-8.1,8.1,-23.82%,23.82%,,
24,40.001,-16.001,16.001,-66.67%,66.67%,,
47,57,-10,10,-21.28%,21.28%,,
37,48.9,-11.9,11.9,-32.16%,32.16%,,
42,42.6,-0.6,0.6,-1.43%,1.43%,,
50,50.3,-0.3,0.3,-0.60%,0.60%,,
75,65.3,9.7,9.7,12.93%,12.93%,,
74,60.7,13.3,13.3,17.97%,17.97%,,
22,25.9,-3.9,3.9,-17.73%,17.73%,,
18,10.7,7.3,7.3,40.56%,40.56%,,
36,43.5,-7.5,7.5,-20.83%,20.83%,,
20,21.2,-1.2,1.2,-6.00%,6.00%,,
15,32.7,-17.7,17.7,-118.00%,118.00%,,
36,31.8,4.2,4.2,11.67%,11.67%,,
2,3.6,-1.6,1.6,-80.00%,80.00%,,
12,13.1,-1.1,1.1,-9.17%,9.17%,,
4,18.5,-14.5,14.5,-362.50%,362.50%,,
97,81.6,15.4,15.4,15.88%,15.88%,,
42,34.4,7.6,7.6,18.10%,18.10%,,
48,40.5,7.5,7.5,15.63%,15.63%,,
76,53.9,22.1,22.1,29.08%,29.08%,,
78,70.2,7.8,7.8,10.00%,10.00%,,
47,39.9,7.1,7.1,15.11%,15.11%,,
73,51.103,21.897,21.897,30.00%,30.00%,,
1,16.1,-15.1,15.1,-1510.00%,1510.00%,,
38,70.8,-32.8,32.8,-86.32%,86.32%,,
122,109,13,13,10.66%,10.66%,,
17,22.3,-5.3,5.3,-31.18%,31.18%,,
155,147.1,7.9,7.9,5.10%,5.10%,,
23,45.9,-22.9,22.9,-99.57%,99.57%,,
48,47.5,0.5,0.5,1.04%,1.04%,,
5,15.8,-10.8,10.8,-216.00%,216.00%,,
94,46.3,47.7,47.7,50.74%,50.74%,,
58,50.4,7.6,7.6,13.10%,13.10%,,
22,30.2,-8.2,8.2,-37.27%,37.27%,,
10,27.9,-17.9,17.9,-179.00%,179.00%,,
17,27.6,-10.6,10.6,-62.35%,62.35%,,
34,45.1,-11.1,11.1,-32.65%,32.65%,,
55,51.8,3.2,3.2,5.82%,5.82%,,
2,12.1,-10.1,10.1,-505.00%,505.00%,,
107,72.5,34.5,34.5,32.24%,32.24%,,
64,48.1,15.9,15.9,24.84%,24.84%,,
0.01,1.109,-1.099,1.099,-10990.00%,10990.00%,,
2,38.6,-36.6,36.6,-1830.00%,1830.00%,,
32,30.6,1.4,1.4,4.38%,4.38%,,
16,22.2,-6.2,6.2,-38.75%,38.75%,,
33,66.5,-33.5,33.5,-101.52%,101.52%,,
3,22.9,-19.9,19.9,-663.33%,663.33%,,
39,41.3,-2.3,2.3,-5.90%,5.90%,,
29,22.3,6.7,6.7,23.10%,23.10%,,
3,12.7,-9.7,9.7,-323.33%,323.33%,,
19,24.9,-5.9,5.9,-31.05%,31.05%,,
5,24.7,-19.7,19.7,-394.00%,394.00%,,
14,12.5,1.5,1.5,10.71%,10.71%,,
19,66.4,-47.4,47.4,-249.47%,249.47%,,
1,4.4,-3.4,3.4,-340.00%,340.00%,,
25,25.5,-0.5,0.5,-2.00%,2.00%,,
120,94,26,26,21.67%,21.67%,,
36,34.4,1.6,1.6,4.44%,4.44%,,
42,58.7,-16.7,16.7,-39.76%,39.76%,,
25,32.3,-7.3,7.3,-29.20%,29.20%,,
22,20.1,1.9,1.9,8.64%,8.64%,,
38,46.3,-8.3,8.3,-21.84%,21.84%,,
2,14.4,-12.4,12.4,-620.00%,620.00%,,
7,16.2,-9.2,9.2,-131.43%,131.43%,,
121,59,62,62,51.24%,51.24%,,
4,14.7,-10.7,10.7,-267.50%,267.50%,,
2,3.9,-1.9,1.9,-95.00%,95.00%,,
91,67.1,23.9,23.9,26.26%,26.26%,,
57,47.9,9.1,9.1,15.96%,15.96%,,
45,57.3,-12.3,12.3,-27.33%,27.33%,,
199,118.4,80.6,80.6,40.50%,40.50%,,
62,59.4,2.6,2.6,4.19%,4.19%,,
2,19.5,-17.5,17.5,-875.00%,875.00%,,
23,28,-5,5,-21.74%,21.74%,,
52,55.4,-3.4,3.4,-6.54%,6.54%,,
139,106.3,32.7,32.7,23.53%,23.53%,,
93,72.8,20.2,20.2,21.72%,21.72%,,
11,12,-1,1,-9.09%,9.09%,,
48,41.3,6.7,6.7,13.96%,13.96%,,
13,23.4,-10.4,10.4,-80.00%,80.00%,,
108,71.401,36.599,36.599,33.89%,33.89%,,
43,42.901,0.099,0.099,0.23%,0.23%,,
9,11.2,-2.2,2.2,-24.44%,24.44%,,
4,12.4,-8.4,8.4,-210.00%,210.00%,,
11,11.3,-0.3,0.3,-2.73%,2.73%,,
55,42.8,12.2,12.2,22.18%,22.18%,,
29,29.4,-0.4,0.4,-1.38%,1.38%,,
49,36.5,12.5,12.5,25.51%,25.51%,,
26,40,-14,14,-53.85%,53.85%,,
80,79.8,0.2,0.2,0.25%,0.25%,,
3,11.9,-8.9,8.9,-296.67%,296.67%,,
7,17,-10,10,-142.86%,142.86%,,
5,17.1,-12.1,12.1,-242.00%,242.00%,,
35,44.1,-9.1,9.1,-26.00%,26.00%,,
100,101.4,-1.4,1.4,-1.40%,1.40%,,
1,14,-13,13,-1300.00%,1300.00%,,
54,49.6,4.4,4.4,8.15%,8.15%,,
43,25.4,17.6,17.6,40.93%,40.93%,,
4,8.5,-4.5,4.5,-112.50%,112.50%,,
9,9,0,0,0.00%,0.00%,,
0.01,34.607,-34.597,34.597,-345970.00%,345970.00%,,
0.01,18.804,-18.794,18.794,-187940.00%,187940.00%,,
48,40.2,7.8,7.8,16.25%,16.25%,,
99,53.2,45.8,45.8,46.26%,46.26%,,
40,30.1,9.9,9.9,24.75%,24.75%,,
11,11.1,-0.1,0.1,-0.91%,0.91%,,
74,70.9,3.1,3.1,4.19%,4.19%,,
16,22.7,-6.7,6.7,-41.88%,41.88%,,
10,29.401,-19.401,19.401,-194.01%,194.01%,,
5,12.8,-7.8,7.8,-156.00%,156.00%,,
108,83.9,24.1,24.1,22.31%,22.31%,,
3,25.6,-22.6,22.6,-753.33%,753.33%,,
94,71.3,22.7,22.7,24.15%,24.15%,,
40,27,13,13,32.50%,32.50%,,
26,46.1,-20.1,20.1,-77.31%,77.31%,,
16,11.4,4.6,4.6,28.75%,28.75%,,
33,32.5,0.5,0.5,1.52%,1.52%,,
154,148,6,6,3.90%,3.90%,,
43,30.301,12.699,12.699,29.53%,29.53%,,
3,7.3,-4.3,4.3,-143.33%,143.33%,,
6,23.4,-17.4,17.4,-290.00%,290.00%,,
0.01,22.303,-22.293,22.293,-222930.00%,222930.00%,,
47,46.4,0.6,0.6,1.28%,1.28%,,
48,45.6,2.4,2.4,5.00%,5.00%,,
27,20.7,6.3,6.3,23.33%,23.33%,,
7,14,-7,7,-100.00%,100.00%,,
20,22.9,-2.9,2.9,-14.50%,14.50%,,
17,14.9,2.1,2.1,12.35%,12.35%,,
13,12.4,0.6,0.6,4.62%,4.62%,,
53,44.9,8.1,8.1,15.28%,15.28%,,
30,24.3,5.7,5.7,19.00%,19.00%,,
17,11.3,5.7,5.7,33.53%,33.53%,,
10,14.9,-4.9,4.9,-49.00%,49.00%,,
69,65.7,3.3,3.3,4.78%,4.78%,,
13,20.2,-7.2,7.2,-55.38%,55.38%,,
86,72.3,13.7,13.7,15.93%,15.93%,,
52,40.3,11.7,11.7,22.50%,22.50%,,
4,8.4,-4.4,4.4,-110.00%,110.00%,,
45,56.5,-11.5,11.5,-25.56%,25.56%,,
45,38.4,6.6,6.6,14.67%,14.67%,,
35,50.2,-15.2,15.2,-43.43%,43.43%,,
50,34.1,15.9,15.9,31.80%,31.80%,,
57,51.9,5.1,5.1,8.95%,8.95%,,
6,5.601,0.399,0.399,6.65%,6.65%,,
6,8.901,-2.901,2.901,-48.35%,48.35%,,
29,31.3,-2.3,2.3,-7.93%,7.93%,,
34,24.1,9.9,9.9,29.12%,29.12%,,
9,17.6,-8.6,8.6,-95.56%,95.56%,,
13,16.3,-3.3,3.3,-25.38%,25.38%,,
26,36.8,-10.8,10.8,-41.54%,41.54%,,
70,58.7,11.3,11.3,16.14%,16.14%,,
59,39.1,19.9,19.9,33.73%,33.73%,,
3,14,-11,11,-366.67%,366.67%,,
1,2.901,-1.901,1.901,-190.10%,190.10%,,
12,18.6,-6.6,6.6,-55.00%,55.00%,,
40,47.5,-7.5,7.5,-18.75%,18.75%,,
8,8.5,-0.5,0.5,-6.25%,6.25%,,
19,25,-6,6,-31.58%,31.58%,,
0.01,32.106,-32.096,32.096,-320960.00%,320960.00%,,
68,37.2,30.8,30.8,45.29%,45.29%,,
86,59.9,26.1,26.1,30.35%,30.35%,,
41,45.5,-4.5,4.5,-10.98%,10.98%,,
43,38.9,4.1,4.1,9.53%,9.53%,,
29,33.5,-4.5,4.5,-15.52%,15.52%,,
43,39.4,3.6,3.6,8.37%,8.37%,,
3,15.3,-12.3,12.3,-410.00%,410.00%,,
11,8.5,2.5,2.5,22.73%,22.73%,,
25,24.9,0.1,0.1,0.40%,0.40%,,
123,105.8,17.2,17.2,13.98%,13.98%,,
13,14.1,-1.1,1.1,-8.46%,8.46%,,
28,34.6,-6.6,6.6,-23.57%,23.57%,,
64,58.2,5.8,5.8,9.06%,9.06%,,
29,19.5,9.5,9.5,32.76%,32.76%,,
29,30.2,-1.2,1.2,-4.14%,4.14%,,
44,35.701,8.299,8.299,18.86%,18.86%,,
95,73.7,21.3,21.3,22.42%,22.42%,,
25,31.9,-6.9,6.9,-27.60%,27.60%,,
19,18.901,0.099,0.099,0.52%,0.52%,,
26,19.9,6.1,6.1,23.46%,23.46%,,
16,17.601,-1.601,1.601,-10.01%,10.01%,,
13,14.1,-1.1,1.1,-8.46%,8.46%,,
59,54.3,4.7,4.7,7.97%,7.97%,,
33,16.2,16.8,16.8,50.91%,50.91%,,
2,5.2,-3.2,3.2,-160.00%,160.00%,,
63,51.5,11.5,11.5,18.25%,18.25%,,
167,142.4,24.6,24.6,14.73%,14.73%,,
27,54.4,-27.4,27.4,-101.48%,101.48%,,
15,15.9,-0.9,0.9,-6.00%,6.00%,,
102,77.9,24.1,24.1,23.63%,23.63%,,
26,29.8,-3.8,3.8,-14.62%,14.62%,,
96,90.5,5.5,5.5,5.73%,5.73%,,
27,39.5,-12.5,12.5,-46.30%,46.30%,,
1,15.6,-14.6,14.6,-1460.00%,1460.00%,,
117,92.9,24.1,24.1,20.60%,20.60%,,
37,41.101,-4.101,4.101,-11.08%,11.08%,,
34,32.6,1.4,1.4,4.12%,4.12%,,
34,38.9,-4.9,4.9,-14.41%,14.41%,,
89,80.6,8.4,8.4,9.44%,9.44%,,
71,58.6,12.4,12.4,17.46%,17.46%,,
14,36.1,-22.1,22.1,-157.86%,157.86%,,
12,24.2,-12.2,12.2,-101.67%,101.67%,,
8,24.9,-16.9,16.9,-211.25%,211.25%,,
3,17.9,-14.9,14.9,-496.67%,496.67%,,
39,57.8,-18.8,18.8,-48.21%,48.21%,,
52,42.201,9.799,9.799,18.84%,18.84%,,
54,39.4,14.6,14.6,27.04%,27.04%,,
4,4.6,-0.6,0.6,-15.00%,15.00%,,
31,25.2,5.8,5.8,18.71%,18.71%,,
48,44.7,3.3,3.3,6.87%,6.87%,,
98,83.4,14.6,14.6,14.90%,14.90%,,
58,50.7,7.3,7.3,12.59%,12.59%,,
3,16,-13,13,-433.33%,433.33%,,
66,43.701,22.299,22.299,33.79%,33.79%,,
6,9.001,-3.001,3.001,-50.02%,50.02%,,
116,74.3,41.7,41.7,35.95%,35.95%,,
31,23.7,7.3,7.3,23.55%,23.55%,,
8,16.2,-8.2,8.2,-102.50%,102.50%,,
80,68.3,11.7,11.7,14.63%,14.63%,,
20,20.8,-0.8,0.8,-4.00%,4.00%,,
32,26.3,5.7,5.7,17.81%,17.81%,,
20,20.7,-0.7,0.7,-3.50%,3.50%,,
130,109.9,20.1,20.1,15.46%,15.46%,,
53,53,0,0,0.00%,0.00%,,
126,104.1,21.9,21.9,17.38%,17.38%,,
43,31.4,11.6,11.6,26.98%,26.98%,,
182,139.201,42.799,42.799,23.52%,23.52%,,
32,31.1,0.9,0.9,2.81%,2.81%,,
22,34.1,-12.1,12.1,-55.00%,55.00%,,
60,48.9,11.1,11.1,18.50%,18.50%,,
119,92.2,26.8,26.8,22.52%,22.52%,,
3,14.6,-11.6,11.6,-386.67%,386.67%,,
19,46.6,-27.6,27.6,-145.26%,145.26%,,
23,26.3,-3.3,3.3,-14.35%,14.35%,,
33,30,3,3,9.09%,9.09%,,
96,96.1,-0.1,0.1,-0.10%,0.10%,,
13,24.9,-11.9,11.9,-91.54%,91.54%,,
93,91.6,1.4,1.4,1.51%,1.51%,,
54,71.9,-17.9,17.9,-33.15%,33.15%,,
2,10.8,-8.8,8.8,-440.00%,440.00%,,
48,45,3,3,6.25%,6.25%,,
4,3.9,0.1,0.1,2.50%,2.50%,,
164,137.4,26.6,26.6,16.22%,16.22%,,
2,35.9,-33.9,33.9,-1695.00%,1695.00%,,
30,43.1,-13.1,13.1,-43.67%,43.67%,,
55,51.5,3.5,3.5,6.36%,6.36%,,
26,23.4,2.6,2.6,10.00%,10.00%,,
21,40.5,-19.5,19.5,-92.86%,92.86%,,
33,32.1,0.9,0.9,2.73%,2.73%,,
10,14.4,-4.4,4.4,-44.00%,44.00%,,
35,41.1,-6.1,6.1,-17.43%,17.43%,,
26,53.7,-27.7,27.7,-106.54%,106.54%,,
67,58.6,8.4,8.4,12.54%,12.54%,,
72,62.3,9.7,9.7,13.47%,13.47%,,
1,5.602,-4.602,4.602,-460.20%,460.20%,,
0.01,5.306,-5.296,5.296,-52960.00%,52960.00%,,
77,52,25,25,32.47%,32.47%,,
4,31.5,-27.5,27.5,-687.50%,687.50%,,
0.01,11.907,-11.897,11.897,-118970.00%,118970.00%,,
37,36.5,0.5,0.5,1.35%,1.35%,,
65,63.2,1.8,1.8,2.77%,2.77%,,
25,25.3,-0.3,0.3,-1.20%,1.20%,,
6,5.4,0.6,0.6,10.00%,10.00%,,
108,78.3,29.7,29.7,27.50%,27.50%,,
76,80,-4,4,-5.26%,5.26%,,
8,17.2,-9.2,9.2,-115.00%,115.00%,,
8,15.2,-7.2,7.2,-90.00%,90.00%,,
70,65.8,4.2,4.2,6.00%,6.00%,,
45,58.8,-13.8,13.8,-30.67%,30.67%,,
5,37.8,-32.8,32.8,-656.00%,656.00%,,
54,38.601,15.399,15.399,28.52%,28.52%,,
7,16.1,-9.1,9.1,-130.00%,130.00%,,
29,43.4,-14.4,14.4,-49.66%,49.66%,,
49,28.503,20.497,20.497,41.83%,41.83%,,
64,61.9,2.1,2.1,3.28%,3.28%,,
22,36.2,-14.2,14.2,-64.55%,64.55%,,
31,27.101,3.899,3.899,12.58%,12.58%,,
62,60.1,1.9,1.9,3.06%,3.06%,,
66,100,-34,34,-51.52%,51.52%,,
10,13.2,-3.2,3.2,-32.00%,32.00%,,
49,46.8,2.2,2.2,4.49%,4.49%,,
5,24.3,-19.3,19.3,-386.00%,386.00%,,
54,44.801,9.199,9.199,17.04%,17.04%,,
4,4,0,0,0.00%,0.00%,,
5,25.2,-20.2,20.2,-404.00%,404.00%,,
48,43.8,4.2,4.2,8.75%,8.75%,,
0.01,1.409,-1.399,1.399,-13990.00%,13990.00%,,
103,65.5,37.5,37.5,36.41%,36.41%,,
85,84.5,0.5,0.5,0.59%,0.59%,,
96,62.6,33.4,33.4,34.79%,34.79%,,
3,19.2,-16.2,16.2,-540.00%,540.00%,,
83,58.6,24.4,24.4,29.40%,29.40%,,
36,40.8,-4.8,4.8,-13.33%,13.33%,,
46,38.8,7.2,7.2,15.65%,15.65%,,
7,34.5,-27.5,27.5,-392.86%,392.86%,,
0.01,29.404,-29.394,29.394,-293940.00%,293940.00%,,
120,51.6,68.4,68.4,57.00%,57.00%,,
57,59.8,-2.8,2.8,-4.91%,4.91%,,
1,11.101,-10.101,10.101,-1010.10%,1010.10%,,
2,3.501,-1.501,1.501,-75.05%,75.05%,,
28,37.1,-9.1,9.1,-32.50%,32.50%,,
60,49.401,10.599,10.599,17.67%,17.67%,,
9,17.901,-8.901,8.901,-98.90%,98.90%,,
42,27.6,14.4,14.4,34.29%,34.29%,,
141,111.2,29.8,29.8,21.13%,21.13%,,
6,23.9,-17.9,17.9,-298.33%,298.33%,,
12,23.3,-11.3,11.3,-94.17%,94.17%,,
16,18.1,-2.1,2.1,-13.13%,13.13%,,
10,17.7,-7.7,7.7,-77.00%,77.00%,,
127,85.2,41.8,41.8,32.91%,32.91%,,
52,60.7,-8.7,8.7,-16.73%,16.73%,,
50,57.1,-7.1,7.1,-14.20%,14.20%,,
29,36.701,-7.701,7.701,-26.56%,26.56%,,
54,62.9,-8.9,8.9,-16.48%,16.48%,,
49,21.504,27.496,27.496,56.11%,56.11%,,
35,28.801,6.199,6.199,17.71%,17.71%,,
68,63.5,4.5,4.5,6.62%,6.62%,,
44,37.9,6.1,6.1,13.86%,13.86%,,
2,19.4,-17.4,17.4,-870.00%,870.00%,,
65,42.7,22.3,22.3,34.31%,34.31%,,
47,28.001,18.999,18.999,40.42%,40.42%,,
23,43.1,-20.1,20.1,-87.39%,87.39%,,
46,36.6,9.4,9.4,20.43%,20.43%,,
1,6.2,-5.2,5.2,-520.00%,520.00%,,
19,16.801,2.199,2.199,11.57%,11.57%,,
31,34.3,-3.3,3.3,-10.65%,10.65%,,
15,19.3,-4.3,4.3,-28.67%,28.67%,,
15,28.101,-13.101,13.101,-87.34%,87.34%,,
26,22.5,3.5,3.5,13.46%,13.46%,,
1,23,-22,22,-2200.00%,2200.00%,,
91,75.5,15.5,15.5,17.03%,17.03%,,
13,11.7,1.3,1.3,10.00%,10.00%,,
33,35.3,-2.3,2.3,-6.97%,6.97%,,
73,60,13,13,17.81%,17.81%,,
42,53.8,-11.8,11.8,-28.10%,28.10%,,
142,100.4,41.6,41.6,29.30%,29.30%,,
30,37.8,-7.8,7.8,-26.00%,26.00%,,
26,24.1,1.9,1.9,7.31%,7.31%,,
59,45.7,13.3,13.3,22.54%,22.54%,,
79,53.1,25.9,25.9,32.78%,32.78%,,
2,4.7,-2.7,2.7,-135.00%,135.00%,,
102,85,17,17,16.67%,16.67%,,
26,28.4,-2.4,2.4,-9.23%,9.23%,,
23,29.5,-6.5,6.5,-28.26%,28.26%,,
29,17.8,11.2,11.2,38.62%,38.62%,,
119,105.6,13.4,13.4,11.26%,11.26%,,
13,9.201,3.799,3.799,29.22%,29.22%,,
0.01,6.208,-6.198,6.198,-61980.00%,61980.00%,,
12,34.4,-22.4,22.4,-186.67%,186.67%,,
105,100.4,4.6,4.6,4.38%,4.38%,,
31,32,-1,1,-3.23%,3.23%,,
5,16.5,-11.5,11.5,-230.00%,230.00%,,
92,65.2,26.8,26.8,29.13%,29.13%,,
115,93.9,21.1,21.1,18.35%,18.35%,,
35,34.9,0.1,0.1,0.29%,0.29%,,
41,47.8,-6.8,6.8,-16.59%,16.59%,,
18,28.2,-10.2,10.2,-56.67%,56.67%,,
61,56.5,4.5,4.5,7.38%,7.38%,,
45,41.3,3.7,3.7,8.22%,8.22%,,
18,20.6,-2.6,2.6,-14.44%,14.44%,,
95,76.8,18.2,18.2,19.16%,19.16%,,
27,25,2,2,7.41%,7.41%,,
67,63.8,3.2,3.2,4.78%,4.78%,,
31,36.8,-5.8,5.8,-18.71%,18.71%,,
3,8.8,-5.8,5.8,-193.33%,193.33%,,
2,7.5,-5.5,5.5,-275.00%,275.00%,,
4,24.3,-20.3,20.3,-507.50%,507.50%,,
28,32.9,-4.9,4.9,-17.50%,17.50%,,
89,73.5,15.5,15.5,17.42%,17.42%,,
10,28,-18,18,-180.00%,180.00%,,
20,50.8,-30.8,30.8,-154.00%,154.00%,,
47,42.3,4.7,4.7,10.00%,10.00%,,
12,25.2,-13.2,13.2,-110.00%,110.00%,,
5,13.601,-8.601,8.601,-172.02%,172.02%,,
0.01,9.808,-9.798,9.798,-97980.00%,97980.00%,,
32,38.3,-6.3,6.3,-19.69%,19.69%,,
28,25.8,2.2,2.2,7.86%,7.86%,,
4,10.5,-6.5,6.5,-162.50%,162.50%,,
16,15.8,0.2,0.2,1.25%,1.25%,,
28,31.6,-3.6,3.6,-12.86%,12.86%,,
28,26.3,1.7,1.7,6.07%,6.07%,,
35,32.2,2.8,2.8,8.00%,8.00%,,
7,30.3,-23.3,23.3,-332.86%,332.86%,,
7,16.102,-9.102,9.102,-130.03%,130.03%,,
38,38.4,-0.4,0.4,-1.05%,1.05%,,
53,54.9,-1.9,1.9,-3.58%,3.58%,,
49,43,6,6,12.24%,12.24%,,
3,30.4,-27.4,27.4,-913.33%,913.33%,,
23,38.501,-15.501,15.501,-67.40%,67.40%,,
84,54.3,29.7,29.7,35.36%,35.36%,,
39,32.8,6.2,6.2,15.90%,15.90%,,
53,44.5,8.5,8.5,16.04%,16.04%,,
58,56.7,1.3,1.3,2.24%,2.24%,,
93,69,24,24,25.81%,25.81%,,
47,51.7,-4.7,4.7,-10.00%,10.00%,,
53,39.1,13.9,13.9,26.23%,26.23%,,
5,7.2,-2.2,2.2,-44.00%,44.00%,,
10,14.6,-4.6,4.6,-46.00%,46.00%,,
8,15.7,-7.7,7.7,-96.25%,96.25%,,
12,24.2,-12.2,12.2,-101.67%,101.67%,,
7,9.2,-2.2,2.2,-31.43%,31.43%,,
130,94.001,35.999,35.999,27.69%,27.69%,,
10,8.9,1.1,1.1,11.00%,11.00%,,
6,9.301,-3.301,3.301,-55.02%,55.02%,,
31,41,-10,10,-32.26%,32.26%,,
35,28.101,6.899,6.899,19.71%,19.71%,,
31,42.9,-11.9,11.9,-38.39%,38.39%,,
2,4.5,-2.5,2.5,-125.00%,125.00%,,
49,44.3,4.7,4.7,9.59%,9.59%,,
26,35.3,-9.3,9.3,-35.77%,35.77%,,
0.01,23.206,-23.196,23.196,-231960.00%,231960.00%,,
1,8.5,-7.5,7.5,-750.00%,750.00%,,
56,57.4,-1.4,1.4,-2.50%,2.50%,,
64,57.2,6.8,6.8,10.63%,10.63%,,
3,28.1,-25.1,25.1,-836.67%,836.67%,,
1,23.3,-22.3,22.3,-2230.00%,2230.00%,,
32,17.2,14.8,14.8,46.25%,46.25%,,
8,7.3,0.7,0.7,8.75%,8.75%,,
118,103.3,14.7,14.7,12.46%,12.46%,,
118,87.7,30.3,30.3,25.68%,25.68%,,
42,40.9,1.1,1.1,2.62%,2.62%,,
6,19.9,-13.9,13.9,-231.67%,231.67%,,
41,62.8,-21.8,21.8,-53.17%,53.17%,,
7,15.001,-8.001,8.001,-114.30%,114.30%,,
37,29.8,7.2,7.2,19.46%,19.46%,,
24,29.7,-5.7,5.7,-23.75%,23.75%,,
76,57.4,18.6,18.6,24.47%,24.47%,,
35,29.9,5.1,5.1,14.57%,14.57%,,
10,15.9,-5.9,5.9,-59.00%,59.00%,,
53,56.3,-3.3,3.3,-6.23%,6.23%,,
24,28,-4,4,-16.67%,16.67%,,
3,6.7,-3.7,3.7,-123.33%,123.33%,,
91,88.1,2.9,2.9,3.19%,3.19%,,
6,24.3,-18.3,18.3,-305.00%,305.00%,,
18,11.103,6.897,6.897,38.32%,38.32%,,
43,51.2,-8.2,8.2,-19.07%,19.07%,,
92,109.3,-17.3,17.3,-18.80%,18.80%,,
92,76.7,15.3,15.3,16.63%,16.63%,,
6,30.601,-24.601,24.601,-410.02%,410.02%,,
3,27.5,-24.5,24.5,-816.67%,816.67%,,
99,67.6,31.4,31.4,31.72%,31.72%,,
3,2.7,0.3,0.3,10.00%,10.00%,,
79,67.4,11.6,11.6,14.68%,14.68%,,
88,83.2,4.8,4.8,5.45%,5.45%,,
24,30.7,-6.7,6.7,-27.92%,27.92%,,
38,42.4,-4.4,4.4,-11.58%,11.58%,,
26,33.6,-7.6,7.6,-29.23%,29.23%,,
65,62.5,2.5,2.5,3.85%,3.85%,,
5,12.6,-7.6,7.6,-152.00%,152.00%,,
15,30.3,-15.3,15.3,-102.00%,102.00%,,
38,34.6,3.4,3.4,8.95%,8.95%,,
20,35.201,-15.201,15.201,-76.01%,76.01%,,
10,22.1,-12.1,12.1,-121.00%,121.00%,,
4,15,-11,11,-275.00%,275.00%,,
25,33.8,-8.8,8.8,-35.20%,35.20%,,
28,27.7,0.3,0.3,1.07%,1.07%,,
0.01,14.807,-14.797,14.797,-147970.00%,147970.00%,,
9,11.001,-2.001,2.001,-22.23%,22.23%,,
45,55.5,-10.5,10.5,-23.33%,23.33%,,
29,31.301,-2.301,2.301,-7.93%,7.93%,,
70,49.1,20.9,20.9,29.86%,29.86%,,
7,5.5,1.5,1.5,21.43%,21.43%,,
6,26.2,-20.2,20.2,-336.67%,336.67%,,
10,14.4,-4.4,4.4,-44.00%,44.00%,,
7,7.5,-0.5,0.5,-7.14%,7.14%,,
27,20.9,6.1,6.1,22.59%,22.59%,,
101,71.6,29.4,29.4,29.11%,29.11%,,
115,57.9,57.1,57.1,49.65%,49.65%,,
14,14,0,0,0.00%,0.00%,,
131,109,22,22,16.79%,16.79%,,
48,30.1,17.9,17.9,37.29%,37.29%,,
1,25.5,-24.5,24.5,-2450.00%,2450.00%,,
78,66.8,11.2,11.2,14.36%,14.36%,,
34,42.1,-8.1,8.1,-23.82%,23.82%,,
19,24.301,-5.301,5.301,-27.90%,27.90%,,
4,8.6,-4.6,4.6,-115.00%,115.00%,,
29,40,-11,11,-37.93%,37.93%,,
6,6.2,-0.2,0.2,-3.33%,3.33%,,
10,21.8,-11.8,11.8,-118.00%,118.00%,,
13,22.4,-9.4,9.4,-72.31%,72.31%,,
53,36.6,16.4,16.4,30.94%,30.94%,,
21,27.7,-6.7,6.7,-31.90%,31.90%,,
128,92.901,35.099,35.099,27.42%,27.42%,,
67,57.701,9.299,9.299,13.88%,13.88%,,
38,45,-7,7,-18.42%,18.42%,,
66,33.801,32.199,32.199,48.79%,48.79%,,
14,30,-16,16,-114.29%,114.29%,,
8,29.101,-21.101,21.101,-263.76%,263.76%,,
94,70,24,24,25.53%,25.53%,,
24,28,-4,4,-16.67%,16.67%,,
56,56.6,-0.6,0.6,-1.07%,1.07%,,
11,11,0,0,0.00%,0.00%,,
33,32.6,0.4,0.4,1.21%,1.21%,,
57,60,-3,3,-5.26%,5.26%,,
132,102.7,29.3,29.3,22.20%,22.20%,,
2,6.203,-4.203,4.203,-210.15%,210.15%,,
24,39.4,-15.4,15.4,-64.17%,64.17%,,
6,5.301,0.699,0.699,11.65%,11.65%,,
14,21.3,-7.3,7.3,-52.14%,52.14%,,
48,46.5,1.5,1.5,3.13%,3.13%,,
109,92.9,16.1,16.1,14.77%,14.77%,,
5,13.1,-8.1,8.1,-162.00%,162.00%,,
27,32.5,-5.5,5.5,-20.37%,20.37%,,
27,39.7,-12.7,12.7,-47.04%,47.04%,,
113,98.4,14.6,14.6,12.92%,12.92%,,
53,42.5,10.5,10.5,19.81%,19.81%,,
96,66.2,29.8,29.8,31.04%,31.04%,,
2,31.2,-29.2,29.2,-1460.00%,1460.00%,,
9,20.701,-11.701,11.701,-130.01%,130.01%,,
14,10.9,3.1,3.1,22.14%,22.14%,,
6,8.2,-2.2,2.2,-36.67%,36.67%,,
114,89.9,24.1,24.1,21.14%,21.14%,,
5,25.8,-20.8,20.8,-416.00%,416.00%,,
24,57.3,-33.3,33.3,-138.75%,138.75%,,
39,27.4,11.6,11.6,29.74%,29.74%,,
120,66.5,53.5,53.5,44.58%,44.58%,,
34,23.2,10.8,10.8,31.76%,31.76%,,
1,35.5,-34.5,34.5,-3450.00%,3450.00%,,
172,125.701,46.299,46.299,26.92%,26.92%,,
8,15.6,-7.6,7.6,-95.00%,95.00%,,
100,87.5,12.5,12.5,12.50%,12.50%,,
70,48.9,21.1,21.1,30.14%,30.14%,,
79,50,29,29,36.71%,36.71%,,
41,47.8,-6.8,6.8,-16.59%,16.59%,,
3,7.1,-4.1,4.1,-136.67%,136.67%,,
25,15.203,9.797,9.797,39.19%,39.19%,,
71,63.7,7.3,7.3,10.28%,10.28%,,
26,41.8,-15.8,15.8,-60.77%,60.77%,,
5,6.9,-1.9,1.9,-38.00%,38.00%,,
5,16.8,-11.8,11.8,-236.00%,236.00%,,
4,23.5,-19.5,19.5,-487.50%,487.50%,,
99,82.7,16.3,16.3,16.46%,16.46%,,
14,17.7,-3.7,3.7,-26.43%,26.43%,,
3,8.1,-5.1,5.1,-170.00%,170.00%,,
6,16.4,-10.4,10.4,-173.33%,173.33%,,
87,84.7,2.3,2.3,2.64%,2.64%,,
7,35.7,-28.7,28.7,-410.00%,410.00%,,
135,123.1,11.9,11.9,8.81%,8.81%,,
9,29,-20,20,-222.22%,222.22%,,
31,25,6,6,19.35%,19.35%,,
84,80.7,3.3,3.3,3.93%,3.93%,,
6,15.9,-9.9,9.9,-165.00%,165.00%,,
11,18.6,-7.6,7.6,-69.09%,69.09%,,
7,7.103,-0.103,0.103,-1.47%,1.47%,,
57,54.4,2.6,2.6,4.56%,4.56%,,
0.01,7.507,-7.497,7.497,-74970.00%,74970.00%,,
47,43.8,3.2,3.2,6.81%,6.81%,,
32,25.902,6.098,6.098,19.06%,19.06%,,
72,72,0,0,0.00%,0.00%,,
57,49.1,7.9,7.9,13.86%,13.86%,,
1,12.003,-11.003,11.003,-1100.30%,1100.30%,,
24,25.7,-1.7,1.7,-7.08%,7.08%,,
7,16.6,-9.6,9.6,-137.14%,137.14%,,
38,30.8,7.2,7.2,18.95%,18.95%,,
48,44.601,3.399,3.399,7.08%,7.08%,,
48,47.8,0.2,0.2,0.42%,0.42%,,
68,62,6,6,8.82%,8.82%,,
33,33.3,-0.3,0.3,-0.91%,0.91%,,
19,19,0,0,0.00%,0.00%,,
17,26,-9,9,-52.94%,52.94%,,
42,53.2,-11.2,11.2,-26.67%,26.67%,,
55,46.1,8.9,8.9,16.18%,16.18%,,
89,69.3,19.7,19.7,22.13%,22.13%,,
3,32.6,-29.6,29.6,-986.67%,986.67%,,
1,12.902,-11.902,11.902,-1190.20%,1190.20%,,
56,45.9,10.1,10.1,18.04%,18.04%,,
7,7,0,0,0.00%,0.00%,,
94,73.1,20.9,20.9,22.23%,22.23%,,
62,67.4,-5.4,5.4,-8.71%,8.71%,,
46,48,-2,2,-4.35%,4.35%,,
39,34.1,4.9,4.9,12.56%,12.56%,,
46,38.1,7.9,7.9,17.17%,17.17%,,
71,65.8,5.2,5.2,7.32%,7.32%,,
54,53.2,0.8,0.8,1.48%,1.48%,,
5,15.9,-10.9,10.9,-218.00%,218.00%,,
27,28.1,-1.1,1.1,-4.07%,4.07%,,
44,38.5,5.5,5.5,12.50%,12.50%,,
120,95.4,24.6,24.6,20.50%,20.50%,,
71,50,21,21,29.58%,29.58%,,
67,68.6,-1.6,1.6,-2.39%,2.39%,,
114,99.1,14.9,14.9,13.07%,13.07%,,
37,33.7,3.3,3.3,8.92%,8.92%,,
6,11.6,-5.6,5.6,-93.33%,93.33%,,
108,83.8,24.2,24.2,22.41%,22.41%,,
9,22.2,-13.2,13.2,-146.67%,146.67%,,
97,76.4,20.6,20.6,21.24%,21.24%,,
30,29,1,1,3.33%,3.33%,,
23,19.701,3.299,3.299,14.34%,14.34%,,
29,31.6,-2.6,2.6,-8.97%,8.97%,,
0.01,21.006,-20.996,20.996,-209960.00%,209960.00%,,
9,8.3,0.7,0.7,7.78%,7.78%,,
25,38.5,-13.5,13.5,-54.00%,54.00%,,
25,36.401,-11.401,11.401,-45.60%,45.60%,,
53,60.2,-7.2,7.2,-13.58%,13.58%,,
1,16.8,-15.8,15.8,-1580.00%,1580.00%,,
54,37.7,16.3,16.3,30.19%,30.19%,,
90,79.1,10.9,10.9,12.11%,12.11%,,
44,61.4,-17.4,17.4,-39.55%,39.55%,,
26,49.1,-23.1,23.1,-88.85%,88.85%,,
4,28,-24,24,-600.00%,600.00%,,
0.01,6.908,-6.898,6.898,-68980.00%,68980.00%,,
7,17.7,-10.7,10.7,-152.86%,152.86%,,
6,17.8,-11.8,11.8,-196.67%,196.67%,,
25,21,4,4,16.00%,16.00%,,
34,30.4,3.6,3.6,10.59%,10.59%,,
30,55.8,-25.8,25.8,-86.00%,86.00%,,
55,46.6,8.4,8.4,15.27%,15.27%,,
45,41.1,3.9,3.9,8.67%,8.67%,,
88,84.9,3.1,3.1,3.52%,3.52%,,
37,34.2,2.8,2.8,7.57%,7.57%,,
33,25.502,7.498,7.498,22.72%,22.72%,,
127,114,13,13,10.24%,10.24%,,
38,42.2,-4.2,4.2,-11.05%,11.05%,,
46,38.8,7.2,7.2,15.65%,15.65%,,
41,43,-2,2,-4.88%,4.88%,,
39,35.301,3.699,3.699,9.48%,9.48%,,
49,43.003,5.997,5.997,12.24%,12.24%,,
87,68.7,18.3,18.3,21.03%,21.03%,,
6,6,0,0,0.00%,0.00%,,
4,14.7,-10.7,10.7,-267.50%,267.50%,,
11,22.7,-11.7,11.7,-106.36%,106.36%,,
29,32,-3,3,-10.34%,10.34%,,
56,71.4,-15.4,15.4,-27.50%,27.50%,,
30,41.7,-11.7,11.7,-39.00%,39.00%,,
68,61.1,6.9,6.9,10.15%,10.15%,,
106,91,15,15,14.15%,14.15%,,
107,65.801,41.199,41.199,38.50%,38.50%,,
29,47.7,-18.7,18.7,-64.48%,64.48%,,
3,10.4,-7.4,7.4,-246.67%,246.67%,,
22,31.4,-9.4,9.4,-42.73%,42.73%,,
29,34.1,-5.1,5.1,-17.59%,17.59%,,
17,47.3,-30.3,30.3,-178.24%,178.24%,,
95,82,13,13,13.68%,13.68%,,
5,24.701,-19.701,19.701,-394.02%,394.02%,,
40,37.3,2.7,2.7,6.75%,6.75%,,
40,38.1,1.9,1.9,4.75%,4.75%,,
27,30.6,-3.6,3.6,-13.33%,13.33%,,
81,64.4,16.6,16.6,20.49%,20.49%,,
27,26,1,1,3.70%,3.70%,,
21,20.2,0.8,0.8,3.81%,3.81%,,
17,35.3,-18.3,18.3,-107.65%,107.65%,,
27,32.3,-5.3,5.3,-19.63%,19.63%,,
107,90.5,16.5,16.5,15.42%,15.42%,,
46,53.7,-7.7,7.7,-16.74%,16.74%,,
1,18.1,-17.1,17.1,-1710.00%,1710.00%,,
24,33.3,-9.3,9.3,-38.75%,38.75%,,
13,10.301,2.699,2.699,20.76%,20.76%,,
15,28.9,-13.9,13.9,-92.67%,92.67%,,
63,47.701,15.299,15.299,24.28%,24.28%,,
8,10.403,-2.403,2.403,-30.04%,30.04%,,
41,37.7,3.3,3.3,8.05%,8.05%,,
51,37.1,13.9,13.9,27.25%,27.25%,,
56,49.4,6.6,6.6,11.79%,11.79%,,
2,8.5,-6.5,6.5,-325.00%,325.00%,,
37,34,3,3,8.11%,8.11%,,
36,36.3,-0.3,0.3,-0.83%,0.83%,,
50,42.2,7.8,7.8,15.60%,15.60%,,
29,34.2,-5.2,5.2,-17.93%,17.93%,,
57,54,3,3,5.26%,5.26%,,
37,25.8,11.2,11.2,30.27%,30.27%,,
76,58.5,17.5,17.5,23.03%,23.03%,,
13,27.4,-14.4,14.4,-110.77%,110.77%,,
0.01,13.506,-13.496,13.496,-134960.00%,134960.00%,,
6,15.2,-9.2,9.2,-153.33%,153.33%,,
24,35,-11,11,-45.83%,45.83%,,
5,8.4,-3.4,3.4,-68.00%,68.00%,,
8,7.1,0.9,0.9,11.25%,11.25%,,
7,10.7,-3.7,3.7,-52.86%,52.86%,,
32,37.9,-5.9,5.9,-18.44%,18.44%,,
7,22.4,-15.4,15.4,-220.00%,220.00%,,
1,7.2,-6.2,6.2,-620.00%,620.00%,,
7,12.001,-5.001,5.001,-71.44%,71.44%,,
48,36.1,11.9,11.9,24.79%,24.79%,,
7,23.702,-16.702,16.702,-238.60%,238.60%,,
83,37.7,45.3,45.3,54.58%,54.58%,,
28,31.3,-3.3,3.3,-11.79%,11.79%,,
17,19.1,-2.1,2.1,-12.35%,12.35%,,
18,21.1,-3.1,3.1,-17.22%,17.22%,,
17,22.3,-5.3,5.3,-31.18%,31.18%,,
38,24.302,13.698,13.698,36.05%,36.05%,,
38,40.3,-2.3,2.3,-6.05%,6.05%,,
37,43.1,-6.1,6.1,-16.49%,16.49%,,
45,47,-2,2,-4.44%,4.44%,,
112,100.9,11.1,11.1,9.91%,9.91%,,
78,80.7,-2.7,2.7,-3.46%,3.46%,,
63,38.801,24.199,24.199,38.41%,38.41%,,
139,130,9,9,6.47%,6.47%,,
15,11.902,3.098,3.098,20.65%,20.65%,,
26,44.2,-18.2,18.2,-70.00%,70.00%,,
121,96.5,24.5,24.5,20.25%,20.25%,,
38,31.4,6.6,6.6,17.37%,17.37%,,
32,25,7,7,21.88%,21.88%,,
51,44.8,6.2,6.2,12.16%,12.16%,,
7,11.3,-4.3,4.3,-61.43%,61.43%,,
100,68.4,31.6,31.6,31.60%,31.60%,,
2,7.9,-5.9,5.9,-295.00%,295.00%,,
9,12.901,-3.901,3.901,-43.34%,43.34%,,
13,22.1,-9.1,9.1,-70.00%,70.00%,,
3,24.3,-21.3,21.3,-710.00%,710.00%,,
50,65.1,-15.1,15.1,-30.20%,30.20%,,
18,22,-4,4,-22.22%,22.22%,,
28,22.3,5.7,5.7,20.36%,20.36%,,
58,57.2,0.8,0.8,1.38%,1.38%,,
9,9.8,-0.8,0.8,-8.89%,8.89%,,
9,20.7,-11.7,11.7,-130.00%,130.00%,,
2,5.2,-3.2,3.2,-160.00%,160.00%,,
46,46.6,-0.6,0.6,-1.30%,1.30%,,
10,10.9,-0.9,0.9,-9.00%,9.00%,,
0.01,1.00E-02,0,0,0.00%,0.00%,,
3,10.8,-7.8,7.8,-260.00%,260.00%,,
100,79.9,20.1,20.1,20.10%,20.10%,,
6,13.2,-7.2,7.2,-120.00%,120.00%,,
65,52.7,12.3,12.3,18.92%,18.92%,,
8,44.801,-36.801,36.801,-460.01%,460.01%,,
3,11.1,-8.1,8.1,-270.00%,270.00%,,
56,49.9,6.1,6.1,10.89%,10.89%,,
25,23.101,1.899,1.899,7.60%,7.60%,,
40,46.2,-6.2,6.2,-15.50%,15.50%,,
103,80.2,22.8,22.8,22.14%,22.14%,,
42,36.2,5.8,5.8,13.81%,13.81%,,
14,13.6,0.4,0.4,2.86%,2.86%,,
2,5.5,-3.5,3.5,-175.00%,175.00%,,
28,30,-2,2,-7.14%,7.14%,,
14,31.4,-17.4,17.4,-124.29%,124.29%,,
64,47.6,16.4,16.4,25.63%,25.63%,,
1,17.3,-16.3,16.3,-1630.00%,1630.00%,,
33,45.3,-12.3,12.3,-37.27%,37.27%,,
41,32.5,8.5,8.5,20.73%,20.73%,,
43,49.8,-6.8,6.8,-15.81%,15.81%,,
13,20.2,-7.2,7.2,-55.38%,55.38%,,
63,56.7,6.3,6.3,10.00%,10.00%,,
44,28.1,15.9,15.9,36.14%,36.14%,,
75,36.6,38.4,38.4,51.20%,51.20%,,
83,67.6,15.4,15.4,18.55%,18.55%,,
5,25.3,-20.3,20.3,-406.00%,406.00%,,
56,56,0,0,0.00%,0.00%,,
26,20.1,5.9,5.9,22.69%,22.69%,,
53,55.6,-2.6,2.6,-4.91%,4.91%,,
3,8.6,-5.6,5.6,-186.67%,186.67%,,
154,92.8,61.2,61.2,39.74%,39.74%,,
35,38,-3,3,-8.57%,8.57%,,
7,39.3,-32.3,32.3,-461.43%,461.43%,,
33,37.4,-4.4,4.4,-13.33%,13.33%,,
58,62.8,-4.8,4.8,-8.28%,8.28%,,
49,26.001,22.999,22.999,46.94%,46.94%,,
7,22.7,-15.7,15.7,-224.29%,224.29%,,
30,37.2,-7.2,7.2,-24.00%,24.00%,,
12,15,-3,3,-25.00%,25.00%,,
56,29.603,26.397,26.397,47.14%,47.14%,,
54,41.5,12.5,12.5,23.15%,23.15%,,
19,31.7,-12.7,12.7,-66.84%,66.84%,,
10,10.204,-0.204,0.204,-2.04%,2.04%,,
51,42.4,8.6,8.6,16.86%,16.86%,,
30,23.5,6.5,6.5,21.67%,21.67%,,
6,11.8,-5.8,5.8,-96.67%,96.67%,,
0.01,4.108,-4.098,4.098,-40980.00%,40980.00%,,
9,15.6,-6.6,6.6,-73.33%,73.33%,,
83,61.4,21.6,21.6,26.02%,26.02%,,
47,59.4,-12.4,12.4,-26.38%,26.38%,,
31,50.7,-19.7,19.7,-63.55%,63.55%,,
39,46.4,-7.4,7.4,-18.97%,18.97%,,
19,24.7,-5.7,5.7,-30.00%,30.00%,,
21,16,5,5,23.81%,23.81%,,
20,12.801,7.199,7.199,36.00%,36.00%,,
43,37.1,5.9,5.9,13.72%,13.72%,,
1,8.8,-7.8,7.8,-780.00%,780.00%,,
46,37.7,8.3,8.3,18.04%,18.04%,,
44,37.501,6.499,6.499,14.77%,14.77%,,
0.01,12.407,-12.397,12.397,-123970.00%,123970.00%,,
4,4.2,-0.2,0.2,-5.00%,5.00%,,
88,51.1,36.9,36.9,41.93%,41.93%,,
38,41.3,-3.3,3.3,-8.68%,8.68%,,
30,45.9,-15.9,15.9,-53.00%,53.00%,,
12,18.4,-6.4,6.4,-53.33%,53.33%,,
4,4.9,-0.9,0.9,-22.50%,22.50%,,
65,54.3,10.7,10.7,16.46%,16.46%,,
90,71.7,18.3,18.3,20.33%,20.33%,,
21,29.7,-8.7,8.7,-41.43%,41.43%,,
42,38.5,3.5,3.5,8.33%,8.33%,,
15,34.1,-19.1,19.1,-127.33%,127.33%,,
1,43.5,-42.5,42.5,-4250.00%,4250.00%,,
33,55.9,-22.9,22.9,-69.39%,69.39%,,
65,61.3,3.7,3.7,5.69%,5.69%,,
86,68.4,17.6,17.6,20.47%,20.47%,,
35,39.8,-4.8,4.8,-13.71%,13.71%,,
42,44,-2,2,-4.76%,4.76%,,
19,16.8,2.2,2.2,11.58%,11.58%,,
1,25.4,-24.4,24.4,-2440.00%,2440.00%,,
41,66.5,-25.5,25.5,-62.20%,62.20%,,
66,55.301,10.699,10.699,16.21%,16.21%,,
37,33.5,3.5,3.5,9.46%,9.46%,,
29,16.7,12.3,12.3,42.41%,42.41%,,
37,26.501,10.499,10.499,28.38%,28.38%,,
55,41.7,13.3,13.3,24.18%,24.18%,,
28,35.1,-7.1,7.1,-25.36%,25.36%,,
20,16.9,3.1,3.1,15.50%,15.50%,,
36,34.5,1.5,1.5,4.17%,4.17%,,
0.01,16.304,-16.294,16.294,-162940.00%,162940.00%,,
22,30.1,-8.1,8.1,-36.82%,36.82%,,
8,7.7,0.3,0.3,3.75%,3.75%,,
35,28.9,6.1,6.1,17.43%,17.43%,,
25,30.1,-5.1,5.1,-20.40%,20.40%,,
32,29.8,2.2,2.2,6.88%,6.88%,,
50,39.602,10.398,10.398,20.80%,20.80%,,
19,30.8,-11.8,11.8,-62.11%,62.11%,,
28,33.9,-5.9,5.9,-21.07%,21.07%,,
91,82.7,8.3,8.3,9.12%,9.12%,,
45,43.5,1.5,1.5,3.33%,3.33%,,
58,45.001,12.999,12.999,22.41%,22.41%,,
10,10.401,-0.401,0.401,-4.01%,4.01%,,
4,11.8,-7.8,7.8,-195.00%,195.00%,,
0.01,1.307,-1.297,1.297,-12970.00%,12970.00%,,
122,90.402,31.598,31.598,25.90%,25.90%,,
32,30.3,1.7,1.7,5.31%,5.31%,,
98,67.6,30.4,30.4,31.02%,31.02%,,
17,27.6,-10.6,10.6,-62.35%,62.35%,,
2,22,-20,20,-1000.00%,1000.00%,,
23,28.3,-5.3,5.3,-23.04%,23.04%,,
2,33.9,-31.9,31.9,-1595.00%,1595.00%,,
9,33.1,-24.1,24.1,-267.78%,267.78%,,
27,28.5,-1.5,1.5,-5.56%,5.56%,,
50,41.6,8.4,8.4,16.80%,16.80%,,
17,28,-11,11,-64.71%,64.71%,,
1,5.2,-4.2,4.2,-420.00%,420.00%,,
3,19.6,-16.6,16.6,-553.33%,553.33%,,
2,8.5,-6.5,6.5,-325.00%,325.00%,,
57,42.7,14.3,14.3,25.09%,25.09%,,
14,14.5,-0.5,0.5,-3.57%,3.57%,,
27,33.3,-6.3,6.3,-23.33%,23.33%,,
19,14.9,4.1,4.1,21.58%,21.58%,,
35,25.703,9.297,9.297,26.56%,26.56%,,
119,100.2,18.8,18.8,15.80%,15.80%,,
28,17.6,10.4,10.4,37.14%,37.14%,,
80,65.1,14.9,14.9,18.63%,18.63%,,
131,97.1,33.9,33.9,25.88%,25.88%,,
13,14,-1,1,-7.69%,7.69%,,
77,64.4,12.6,12.6,16.36%,16.36%,,
0.01,10.406,-10.396,10.396,-103960.00%,103960.00%,,
24,24.6,-0.6,0.6,-2.50%,2.50%,,
105,63.601,41.399,41.399,39.43%,39.43%,,
105,72.4,32.6,32.6,31.05%,31.05%,,
34,35.5,-1.5,1.5,-4.41%,4.41%,,
1,8.8,-7.8,7.8,-780.00%,780.00%,,
31,29.1,1.9,1.9,6.13%,6.13%,,
26,32.9,-6.9,6.9,-26.54%,26.54%,,
4,6.6,-2.6,2.6,-65.00%,65.00%,,
59,54.4,4.6,4.6,7.80%,7.80%,,
65,72.5,-7.5,7.5,-11.54%,11.54%,,
83,70.1,12.9,12.9,15.54%,15.54%,,
0.01,7.805,-7.795,7.795,-77950.00%,77950.00%,,
1,6.3,-5.3,5.3,-530.00%,530.00%,,
41,34.8,6.2,6.2,15.12%,15.12%,,
32,31.901,0.099,0.099,0.31%,0.31%,,
16,22.4,-6.4,6.4,-40.00%,40.00%,,
16,14.201,1.799,1.799,11.24%,11.24%,,
0.01,19.206,-19.196,19.196,-191960.00%,191960.00%,,
17,19.9,-2.9,2.9,-17.06%,17.06%,,
2,22.3,-20.3,20.3,-1015.00%,1015.00%,,
23,19.4,3.6,3.6,15.65%,15.65%,,
66,55.5,10.5,10.5,15.91%,15.91%,,
58,52,6,6,10.34%,10.34%,,
7,4.7,2.3,2.3,32.86%,32.86%,,
21,21.8,-0.8,0.8,-3.81%,3.81%,,
33,38.2,-5.2,5.2,-15.76%,15.76%,,
22,16.401,5.599,5.599,25.45%,25.45%,,
38,35.2,2.8,2.8,7.37%,7.37%,,
192,122.9,69.1,69.1,35.99%,35.99%,,
36,45.7,-9.7,9.7,-26.94%,26.94%,,
71,56.4,14.6,14.6,20.56%,20.56%,,
118,90.501,27.499,27.499,23.30%,23.30%,,
36,30,6,6,16.67%,16.67%,,
12,22.2,-10.2,10.2,-85.00%,85.00%,,
13,19.301,-6.301,6.301,-48.47%,48.47%,,
28,52.6,-24.6,24.6,-87.86%,87.86%,,
65,65,0,0,0.00%,0.00%,,
9,13.501,-4.501,4.501,-50.01%,50.01%,,
28,29.901,-1.901,1.901,-6.79%,6.79%,,
0.01,15.307,-15.297,15.297,-152970.00%,152970.00%,,
86,68.4,17.6,17.6,20.47%,20.47%,,
8,10.3,-2.3,2.3,-28.75%,28.75%,,
73,62.401,10.599,10.599,14.52%,14.52%,,
0.01,9.807,-9.797,9.797,-97970.00%,97970.00%,,
16,32.9,-16.9,16.9,-105.63%,105.63%,,
3,3.001,-0.001,0.001,-0.03%,0.03%,,
108,86.8,21.2,21.2,19.63%,19.63%,,
67,54.301,12.699,12.699,18.95%,18.95%,,
22,22.4,-0.4,0.4,-1.82%,1.82%,,
0.01,13.107,-13.097,13.097,-130970.00%,130970.00%,,
5,7.8,-2.8,2.8,-56.00%,56.00%,,
39,28.8,10.2,10.2,26.15%,26.15%,,
28,31.9,-3.9,3.9,-13.93%,13.93%,,
28,22.502,5.498,5.498,19.64%,19.64%,,
2,20.7,-18.7,18.7,-935.00%,935.00%,,
86,75.2,10.8,10.8,12.56%,12.56%,,
83,58.802,24.198,24.198,29.15%,29.15%,,
3,2.402,0.598,0.598,19.93%,19.93%,,
0.01,1.808,-1.798,1.798,-17980.00%,17980.00%,,
40,55.8,-15.8,15.8,-39.50%,39.50%,,
87,60,27,27,31.03%,31.03%,,
37,47.5,-10.5,10.5,-28.38%,28.38%,,
61,57.4,3.6,3.6,5.90%,5.90%,,
2,30.7,-28.7,28.7,-1435.00%,1435.00%,,
30,32.9,-2.9,2.9,-9.67%,9.67%,,
86,64.5,21.5,21.5,25.00%,25.00%,,
14,21.8,-7.8,7.8,-55.71%,55.71%,,
75,72.2,2.8,2.8,3.73%,3.73%,,
58,43.7,14.3,14.3,24.66%,24.66%,,
3,35,-32,32,-1066.67%,1066.67%,,
40,41.1,-1.1,1.1,-2.75%,2.75%,,
26,46.4,-20.4,20.4,-78.46%,78.46%,,
47,34.7,12.3,12.3,26.17%,26.17%,,
68,51.7,16.3,16.3,23.97%,23.97%,,
37,33.6,3.4,3.4,9.19%,9.19%,,
87,69.9,17.1,17.1,19.66%,19.66%,,
41,24.2,16.8,16.8,40.98%,40.98%,,
17,21.1,-4.1,4.1,-24.12%,24.12%,,
116,98.7,17.3,17.3,14.91%,14.91%,,
56,55.1,0.9,0.9,1.61%,1.61%,,
42,37.1,4.9,4.9,11.67%,11.67%,,
23,31,-8,8,-34.78%,34.78%,,
15,12.401,2.599,2.599,17.33%,17.33%,,
98,79.6,18.4,18.4,18.78%,18.78%,,
61,48.3,12.7,12.7,20.82%,20.82%,,
63,66.7,-3.7,3.7,-5.87%,5.87%,,
112,91.5,20.5,20.5,18.30%,18.30%,,
61,52.2,8.8,8.8,14.43%,14.43%,,
27,24.301,2.699,2.699,10.00%,10.00%,,
58,54,4,4,6.90%,6.90%,,
0.01,10.806,-10.796,10.796,-107960.00%,107960.00%,,
85,77,8,8,9.41%,9.41%,,
35,48,-13,13,-37.14%,37.14%,,
7,10.2,-3.2,3.2,-45.71%,45.71%,,
45,51.4,-6.4,6.4,-14.22%,14.22%,,
31,50.7,-19.7,19.7,-63.55%,63.55%,,
1,6,-5,5,-500.00%,500.00%,,
60,66.1,-6.1,6.1,-10.17%,10.17%,,
96,83.2,12.8,12.8,13.33%,13.33%,,
48,46.1,1.9,1.9,3.96%,3.96%,,
1,7.2,-6.2,6.2,-620.00%,620.00%,,
30,45.8,-15.8,15.8,-52.67%,52.67%,,
34,33.001,0.999,0.999,2.94%,2.94%,,
8,24.1,-16.1,16.1,-201.25%,201.25%,,
21,42.4,-21.4,21.4,-101.90%,101.90%,,
35,22.1,12.9,12.9,36.86%,36.86%,,
38,38,0,0,0.00%,0.00%,,
3,18.7,-15.7,15.7,-523.33%,523.33%,,
0.01,3.809,-3.799,3.799,-37990.00%,37990.00%,,
28,28,0,0,0.00%,0.00%,,
64,67.2,-3.2,3.2,-5.00%,5.00%,,
15,32.6,-17.6,17.6,-117.33%,117.33%,,
2,32,-30,30,-1500.00%,1500.00%,,
95,76.6,18.4,18.4,19.37%,19.37%,,
69,51.4,17.6,17.6,25.51%,25.51%,,
8,22.1,-14.1,14.1,-176.25%,176.25%,,
12,11.601,0.399,0.399,3.32%,3.32%,,
88,90.9,-2.9,2.9,-3.30%,3.30%,,
28,25.6,2.4,2.4,8.57%,8.57%,,
29,34.5,-5.5,5.5,-18.97%,18.97%,,
17,20.9,-3.9,3.9,-22.94%,22.94%,,
26,25.401,0.599,0.599,2.30%,2.30%,,
1,2.6,-1.6,1.6,-160.00%,160.00%,,
37,29.601,7.399,7.399,20.00%,20.00%,,
4,19.8,-15.8,15.8,-395.00%,395.00%,,
127,84.4,42.6,42.6,33.54%,33.54%,,
5,11.2,-6.2,6.2,-124.00%,124.00%,,
67,74.2,-7.2,7.2,-10.75%,10.75%,,
35,28.8,6.2,6.2,17.71%,17.71%,,
211,109.901,101.099,101.099,47.91%,47.91%,,
74,57.1,16.9,16.9,22.84%,22.84%,,
54,48.701,5.299,5.299,9.81%,9.81%,,
95,63,32,32,33.68%,33.68%,,
60,56.4,3.6,3.6,6.00%,6.00%,,
18,19.5,-1.5,1.5,-8.33%,8.33%,,
50,50.1,-0.1,0.1,-0.20%,0.20%,,
8,16.6,-8.6,8.6,-107.50%,107.50%,,
27,23,4,4,14.81%,14.81%,,
68,67.5,0.5,0.5,0.74%,0.74%,,
26,52.2,-26.2,26.2,-100.77%,100.77%,,
28,21.5,6.5,6.5,23.21%,23.21%,,
32,38.9,-6.9,6.9,-21.56%,21.56%,,
55,55.4,-0.4,0.4,-0.73%,0.73%,,
107,81.5,25.5,25.5,23.83%,23.83%,,
0.01,13.005,-12.995,12.995,-129950.00%,129950.00%,,
58,37,21,21,36.21%,36.21%,,
32,32,0,0,0.00%,0.00%,,
5,23.4,-18.4,18.4,-368.00%,368.00%,,
81,76,5,5,6.17%,6.17%,,
30,43,-13,13,-43.33%,43.33%,,
5,5.4,-0.4,0.4,-8.00%,8.00%,,
52,58.5,-6.5,6.5,-12.50%,12.50%,,
11,16.9,-5.9,5.9,-53.64%,53.64%,,
2,10.8,-8.8,8.8,-440.00%,440.00%,,
11,16.1,-5.1,5.1,-46.36%,46.36%,,
60,75.3,-15.3,15.3,-25.50%,25.50%,,
36,48.9,-12.9,12.9,-35.83%,35.83%,,
65,53,12,12,18.46%,18.46%,,
157,116.1,40.9,40.9,26.05%,26.05%,,
9,22.5,-13.5,13.5,-150.00%,150.00%,,
29,40.5,-11.5,11.5,-39.66%,39.66%,,
75,67.7,7.3,7.3,9.73%,9.73%,,
73,42.7,30.3,30.3,41.51%,41.51%,,
8,12.8,-4.8,4.8,-60.00%,60.00%,,
36,24.4,11.6,11.6,32.22%,32.22%,,
43,56.1,-13.1,13.1,-30.47%,30.47%,,
4,14.4,-10.4,10.4,-260.00%,260.00%,,
52,48,4,4,7.69%,7.69%,,
21,26.2,-5.2,5.2,-24.76%,24.76%,,
91,84.3,6.7,6.7,7.36%,7.36%,,
32,21.3,10.7,10.7,33.44%,33.44%,,
23,27,-4,4,-17.39%,17.39%,,
45,46.2,-1.2,1.2,-2.67%,2.67%,,
84,73.2,10.8,10.8,12.86%,12.86%,,
34,44.1,-10.1,10.1,-29.71%,29.71%,,
41,38.5,2.5,2.5,6.10%,6.10%,,
59,50.3,8.7,8.7,14.75%,14.75%,,
72,62.6,9.4,9.4,13.06%,13.06%,,
84,61.6,22.4,22.4,26.67%,26.67%,,
4,14.5,-10.5,10.5,-262.50%,262.50%,,
2,10.701,-8.701,8.701,-435.05%,435.05%,,
8,12.402,-4.402,4.402,-55.03%,55.03%,,
23,38.7,-15.7,15.7,-68.26%,68.26%,,
15,33,-18,18,-120.00%,120.00%,,
5,15.4,-10.4,10.4,-208.00%,208.00%,,
44,48.6,-4.6,4.6,-10.45%,10.45%,,
22,16.7,5.3,5.3,24.09%,24.09%,,
76,67.8,8.2,8.2,10.79%,10.79%,,
6,16.7,-10.7,10.7,-178.33%,178.33%,,
50,54.1,-4.1,4.1,-8.20%,8.20%,,
95,84.9,10.1,10.1,10.63%,10.63%,,
33,31.4,1.6,1.6,4.85%,4.85%,,
4,28.6,-24.6,24.6,-615.00%,615.00%,,
0.01,6.207,-6.197,6.197,-61970.00%,61970.00%,,
30,32.2,-2.2,2.2,-7.33%,7.33%,,
45,37.8,7.2,7.2,16.00%,16.00%,,
37,47.1,-10.1,10.1,-27.30%,27.30%,,
76,65.4,10.6,10.6,13.95%,13.95%,,
112,91.8,20.2,20.2,18.04%,18.04%,,
102,70.3,31.7,31.7,31.08%,31.08%,,
30,28.802,1.198,1.198,3.99%,3.99%,,
81,75.1,5.9,5.9,7.28%,7.28%,,
3,2.902,0.098,0.098,3.27%,3.27%,,
150,132.6,17.4,17.4,11.60%,11.60%,,
119,81.701,37.299,37.299,31.34%,31.34%,,
159,115.4,43.6,43.6,27.42%,27.42%,,
76,67.501,8.499,8.499,11.18%,11.18%,,
80,65.8,14.2,14.2,17.75%,17.75%,,
36,23.902,12.098,12.098,33.61%,33.61%,,
67,58.8,8.2,8.2,12.24%,12.24%,,
88,85.1,2.9,2.9,3.30%,3.30%,,
1,22.1,-21.1,21.1,-2110.00%,2110.00%,,
1,8.6,-7.6,7.6,-760.00%,760.00%,,
7,14.701,-7.701,7.701,-110.01%,110.01%,,
0.01,8.906,-8.896,8.896,-88960.00%,88960.00%,,
35,25.901,9.099,9.099,26.00%,26.00%,,
57,60.1,-3.1,3.1,-5.44%,5.44%,,
12,33.4,-21.4,21.4,-178.33%,178.33%,,
43,49.7,-6.7,6.7,-15.58%,15.58%,,
16,26.4,-10.4,10.4,-65.00%,65.00%,,
7,5.1,1.9,1.9,27.14%,27.14%,,
29,35.7,-6.7,6.7,-23.10%,23.10%,,
3,6.3,-3.3,3.3,-110.00%,110.00%,,
36,37.6,-1.6,1.6,-4.44%,4.44%,,
47,54.1,-7.1,7.1,-15.11%,15.11%,,
73,62.5,10.5,10.5,14.38%,14.38%,,
28,25.201,2.799,2.799,10.00%,10.00%,,
25,47.4,-22.4,22.4,-89.60%,89.60%,,
14,24.4,-10.4,10.4,-74.29%,74.29%,,
9,42.9,-33.9,33.9,-376.67%,376.67%,,
10,14.9,-4.9,4.9,-49.00%,49.00%,,
1,5.3,-4.3,4.3,-430.00%,430.00%,,
122,110.7,11.3,11.3,9.26%,9.26%,,
18,22.7,-4.7,4.7,-26.11%,26.11%,,
41,41.9,-0.9,0.9,-2.20%,2.20%,,
22,21.401,0.599,0.599,2.72%,2.72%,,
35,55.9,-20.9,20.9,-59.71%,59.71%,,
4,18.102,-14.102,14.102,-352.55%,352.55%,,
54,48.8,5.2,5.2,9.63%,9.63%,,
69,61.9,7.1,7.1,10.29%,10.29%,,
33,35.5,-2.5,2.5,-7.58%,7.58%,,
0.01,12.206,-12.196,12.196,-121960.00%,121960.00%,,
51,36.801,14.199,14.199,27.84%,27.84%,,
108,75.301,32.699,32.699,30.28%,30.28%,,
33,53.5,-20.5,20.5,-62.12%,62.12%,,
72,58.5,13.5,13.5,18.75%,18.75%,,
10,13.9,-3.9,3.9,-39.00%,39.00%,,
70,63.4,6.6,6.6,9.43%,9.43%,,
17,15.2,1.8,1.8,10.59%,10.59%,,
12,15,-3,3,-25.00%,25.00%,,
23,47,-24,24,-104.35%,104.35%,,
35,39.8,-4.8,4.8,-13.71%,13.71%,,
6,14.6,-8.6,8.6,-143.33%,143.33%,,
35,44.7,-9.7,9.7,-27.71%,27.71%,,
25,26.4,-1.4,1.4,-5.60%,5.60%,,
1,11.3,-10.3,10.3,-1030.00%,1030.00%,,
12,10.9,1.1,1.1,9.17%,9.17%,,
13,22.201,-9.201,9.201,-70.78%,70.78%,,
16,26.7,-10.7,10.7,-66.88%,66.88%,,
12,11.2,0.8,0.8,6.67%,6.67%,,
90,77.1,12.9,12.9,14.33%,14.33%,,
67,51.1,15.9,15.9,23.73%,23.73%,,
27,37.5,-10.5,10.5,-38.89%,38.89%,,
36,35,1,1,2.78%,2.78%,,
31,26.9,4.1,4.1,13.23%,13.23%,,
51,44.1,6.9,6.9,13.53%,13.53%,,
9,16.8,-7.8,7.8,-86.67%,86.67%,,
93,61.2,31.8,31.8,34.19%,34.19%,,
101,76.7,24.3,24.3,24.06%,24.06%,,
4,13.9,-9.9,9.9,-247.50%,247.50%,,
23,30.6,-7.6,7.6,-33.04%,33.04%,,
164,157.7,6.3,6.3,3.84%,3.84%,,
21,21,0,0,0.00%,0.00%,,
16,9.701,6.299,6.299,39.37%,39.37%,,
61,50.3,10.7,10.7,17.54%,17.54%,,
6,29.3,-23.3,23.3,-388.33%,388.33%,,
9,35.401,-26.401,26.401,-293.34%,293.34%,,
31,43.1,-12.1,12.1,-39.03%,39.03%,,
5,20.5,-15.5,15.5,-310.00%,310.00%,,
29,29.1,-0.1,0.1,-0.34%,0.34%,,
31,32.101,-1.101,1.101,-3.55%,3.55%,,
36,42.5,-6.5,6.5,-18.06%,18.06%,,
25,23,2,2,8.00%,8.00%,,
98,63.701,34.299,34.299,35.00%,35.00%,,
49,53.9,-4.9,4.9,-10.00%,10.00%,,
38,45.6,-7.6,7.6,-20.00%,20.00%,,
47,69,-22,22,-46.81%,46.81%,,
21,22.4,-1.4,1.4,-6.67%,6.67%,,
18,21.3,-3.3,3.3,-18.33%,18.33%,,
4,17,-13,13,-325.00%,325.00%,,
44,49,-5,5,-11.36%,11.36%,,
41,32.802,8.198,8.198,20.00%,20.00%,,
1,20,-19,19,-1900.00%,1900.00%,,
65,56,9,9,13.85%,13.85%,,
92,83,9,9,9.78%,9.78%,,
104,63.001,40.999,40.999,39.42%,39.42%,,
28,65.6,-37.6,37.6,-134.29%,134.29%,,
48,46.6,1.4,1.4,2.92%,2.92%,,
40,62.1,-22.1,22.1,-55.25%,55.25%,,
12,31,-19,19,-158.33%,158.33%,,
107,77.7,29.3,29.3,27.38%,27.38%,,
39,32.9,6.1,6.1,15.64%,15.64%,,
2,11.9,-9.9,9.9,-495.00%,495.00%,,
56,36,20,20,35.71%,35.71%,,
7,20.3,-13.3,13.3,-190.00%,190.00%,,
1,7.1,-6.1,6.1,-610.00%,610.00%,,
3,16.7,-13.7,13.7,-456.67%,456.67%,,
94,48.9,45.1,45.1,47.98%,47.98%,,
21,31.7,-10.7,10.7,-50.95%,50.95%,,
16,24.1,-8.1,8.1,-50.63%,50.63%,,
32,32,0,0,0.00%,0.00%,,
3,22.9,-19.9,19.9,-663.33%,663.33%,,
32,33.8,-1.8,1.8,-5.62%,5.62%,,
22,18.1,3.9,3.9,17.73%,17.73%,,
48,42.3,5.7,5.7,11.88%,11.88%,,
9,10.901,-1.901,1.901,-21.12%,21.12%,,
12,18.4,-6.4,6.4,-53.33%,53.33%,,
46,52.2,-6.2,6.2,-13.48%,13.48%,,
47,44,3,3,6.38%,6.38%,,
14,12.601,1.399,1.399,9.99%,9.99%,,
4,8.8,-4.8,4.8,-120.00%,120.00%,,
113,101.1,11.9,11.9,10.53%,10.53%,,
92,85.7,6.3,6.3,6.85%,6.85%,,
49,45.1,3.9,3.9,7.96%,7.96%,,
27,39,-12,12,-44.44%,44.44%,,
129,104.8,24.2,24.2,18.76%,18.76%,,
69,58.8,10.2,10.2,14.78%,14.78%,,
16,16,0,0,0.00%,0.00%,,
33,32.9,0.1,0.1,0.30%,0.30%,,
17,32.7,-15.7,15.7,-92.35%,92.35%,,
47,70.9,-23.9,23.9,-50.85%,50.85%,,
14,34.1,-20.1,20.1,-143.57%,143.57%,,
54,67.6,-13.6,13.6,-25.19%,25.19%,,
47,45.1,1.9,1.9,4.04%,4.04%,,
109,88.3,20.7,20.7,18.99%,18.99%,,
18,24.9,-6.9,6.9,-38.33%,38.33%,,
60,54.6,5.4,5.4,9.00%,9.00%,,
0.01,20.906,-20.896,20.896,-208960.00%,208960.00%,,
48,50.8,-2.8,2.8,-5.83%,5.83%,,
6,20.3,-14.3,14.3,-238.33%,238.33%,,
0.01,6.706,-6.696,6.696,-66960.00%,66960.00%,,
0.01,10.107,-10.097,10.097,-100970.00%,100970.00%,,
44,36.8,7.2,7.2,16.36%,16.36%,,
46,58.3,-12.3,12.3,-26.74%,26.74%,,
11,13.602,-2.602,2.602,-23.65%,23.65%,,
61,64.7,-3.7,3.7,-6.07%,6.07%,,
18,14.7,3.3,3.3,18.33%,18.33%,,
5,21.7,-16.7,16.7,-334.00%,334.00%,,
106,97.5,8.5,8.5,8.02%,8.02%,,
9,18.9,-9.9,9.9,-110.00%,110.00%,,
31,50.3,-19.3,19.3,-62.26%,62.26%,,
27,27.9,-0.9,0.9,-3.33%,3.33%,,
0.01,3.908,-3.898,3.898,-38980.00%,38980.00%,,
30,24.101,5.899,5.899,19.66%,19.66%,,
2,13.4,-11.4,11.4,-570.00%,570.00%,,
17,15.6,1.4,1.4,8.24%,8.24%,,
49,43.6,5.4,5.4,11.02%,11.02%,,
45,37.7,7.3,7.3,16.22%,16.22%,,
178,125.1,52.9,52.9,29.72%,29.72%,,
32,25.2,6.8,6.8,21.25%,21.25%,,
86,66.5,19.5,19.5,22.67%,22.67%,,
9,12.3,-3.3,3.3,-36.67%,36.67%,,
30,29.4,0.6,0.6,2.00%,2.00%,,
28,33,-5,5,-17.86%,17.86%,,
4,12.401,-8.401,8.401,-210.03%,210.03%,,
0.01,8.307,-8.297,8.297,-82970.00%,82970.00%,,
16,21.6,-5.6,5.6,-35.00%,35.00%,,
35,47.7,-12.7,12.7,-36.29%,36.29%,,
53,41.1,11.9,11.9,22.45%,22.45%,,
3,12,-9,9,-300.00%,300.00%,,
1,8.1,-7.1,7.1,-710.00%,710.00%,,
62,53.3,8.7,8.7,14.03%,14.03%,,
5,11.3,-6.3,6.3,-126.00%,126.00%,,
20,21.8,-1.8,1.8,-9.00%,9.00%,,
47,37.8,9.2,9.2,19.57%,19.57%,,
17,22.8,-5.8,5.8,-34.12%,34.12%,,
118,92.9,25.1,25.1,21.27%,21.27%,,
86,72.6,13.4,13.4,15.58%,15.58%,,
27,39.3,-12.3,12.3,-45.56%,45.56%,,
24,55.4,-31.4,31.4,-130.83%,130.83%,,
1,8.9,-7.9,7.9,-790.00%,790.00%,,
9,22.4,-13.4,13.4,-148.89%,148.89%,,
66,55.1,10.9,10.9,16.52%,16.52%,,
4,4.7,-0.7,0.7,-17.50%,17.50%,,
53,61.1,-8.1,8.1,-15.28%,15.28%,,
35,61.1,-26.1,26.1,-74.57%,74.57%,,
39,37.9,1.1,1.1,2.82%,2.82%,,
45,27.9,17.1,17.1,38.00%,38.00%,,
25,74,-49,49,-196.00%,196.00%,,
51,57.9,-6.9,6.9,-13.53%,13.53%,,
83,62,21,21,25.30%,25.30%,,
31,50.8,-19.8,19.8,-63.87%,63.87%,,
36,45.001,-9.001,9.001,-25.00%,25.00%,,
100,85.8,14.2,14.2,14.20%,14.20%,,
24,32.2,-8.2,8.2,-34.17%,34.17%,,
39,37.4,1.6,1.6,4.10%,4.10%,,
47,51.8,-4.8,4.8,-10.21%,10.21%,,
22,23.5,-1.5,1.5,-6.82%,6.82%,,
42,39.4,2.6,2.6,6.19%,6.19%,,
98,58.8,39.2,39.2,40.00%,40.00%,,
20,52.4,-32.4,32.4,-162.00%,162.00%,,
121,98.8,22.2,22.2,18.35%,18.35%,,
9,18.7,-9.7,9.7,-107.78%,107.78%,,
37,29.5,7.5,7.5,20.27%,20.27%,,
76,81.8,-5.8,5.8,-7.63%,7.63%,,
24,26.2,-2.2,2.2,-9.17%,9.17%,,
0.01,1.708,-1.698,1.698,-16980.00%,16980.00%,,
7,32.2,-25.2,25.2,-360.00%,360.00%,,
97,89.4,7.6,7.6,7.84%,7.84%,,
23,41.1,-18.1,18.1,-78.70%,78.70%,,
18,45.1,-27.1,27.1,-150.56%,150.56%,,
40,46.2,-6.2,6.2,-15.50%,15.50%,,
120,106.601,13.399,13.399,11.17%,11.17%,,
44,37,7,7,15.91%,15.91%,,
9,24.9,-15.9,15.9,-176.67%,176.67%,,
14,17.2,-3.2,3.2,-22.86%,22.86%,,
52,47,5,5,9.62%,9.62%,,
20,26.1,-6.1,6.1,-30.50%,30.50%,,
9,8.101,0.899,0.899,9.99%,9.99%,,
15,15.1,-0.1,0.1,-0.67%,0.67%,,
50,34.001,15.999,15.999,32.00%,32.00%,,
33,54,-21,21,-63.64%,63.64%,,
23,20.1,2.9,2.9,12.61%,12.61%,,
43,44.3,-1.3,1.3,-3.02%,3.02%,,
46,34.5,11.5,11.5,25.00%,25.00%,,
6,7.5,-1.5,1.5,-25.00%,25.00%,,
0.01,8.407,-8.397,8.397,-83970.00%,83970.00%,,
73,61.9,11.1,11.1,15.21%,15.21%,,
9,8.9,0.1,0.1,1.11%,1.11%,,
78,58.9,19.1,19.1,24.49%,24.49%,,
7,15.601,-8.601,8.601,-122.87%,122.87%,,
56,57.3,-1.3,1.3,-2.32%,2.32%,,
59,46.4,12.6,12.6,21.36%,21.36%,,
1,6.8,-5.8,5.8,-580.00%,580.00%,,
1,6.801,-5.801,5.801,-580.10%,580.10%,,
19,13.701,5.299,5.299,27.89%,27.89%,,
17,34.701,-17.701,17.701,-104.12%,104.12%,,
32,31.9,0.1,0.1,0.31%,0.31%,,
61,49.2,11.8,11.8,19.34%,19.34%,,
30,37.1,-7.1,7.1,-23.67%,23.67%,,
64,41.801,22.199,22.199,34.69%,34.69%,,
41,29.601,11.399,11.399,27.80%,27.80%,,
64,44.902,19.098,19.098,29.84%,29.84%,,
69,59.5,9.5,9.5,13.77%,13.77%,,
1,4.2,-3.2,3.2,-320.00%,320.00%,,
59,56.4,2.6,2.6,4.41%,4.41%,,
28,24.8,3.2,3.2,11.43%,11.43%,,
46,25.502,20.498,20.498,44.56%,44.56%,,
26,26.5,-0.5,0.5,-1.92%,1.92%,,
44,36.6,7.4,7.4,16.82%,16.82%,,
66,44.9,21.1,21.1,31.97%,31.97%,,
26,33.8,-7.8,7.8,-30.00%,30.00%,,
10,42.3,-32.3,32.3,-323.00%,323.00%,,
39,39.4,-0.4,0.4,-1.03%,1.03%,,
57,66.3,-9.3,9.3,-16.32%,16.32%,,
57,43.1,13.9,13.9,24.39%,24.39%,,
48,29.302,18.698,18.698,38.95%,38.95%,,
2,16.2,-14.2,14.2,-710.00%,710.00%,,
3,38.9,-35.9,35.9,-1196.67%,1196.67%,,
30,27.4,2.6,2.6,8.67%,8.67%,,
2,2.7,-0.7,0.7,-35.00%,35.00%,,
21,44.4,-23.4,23.4,-111.43%,111.43%,,
8,28.4,-20.4,20.4,-255.00%,255.00%,,
16,14.9,1.1,1.1,6.88%,6.88%,,
173,125.8,47.2,47.2,27.28%,27.28%,,
29,55.1,-26.1,26.1,-90.00%,90.00%,,
33,33,0,0,0.00%,0.00%,,
59,51.2,7.8,7.8,13.22%,13.22%,,
57,56.8,0.2,0.2,0.35%,0.35%,,
24,44.5,-20.5,20.5,-85.42%,85.42%,,
47,36.6,10.4,10.4,22.13%,22.13%,,
58,45.7,12.3,12.3,21.21%,21.21%,,
26,19.601,6.399,6.399,24.61%,24.61%,,
104,83.8,20.2,20.2,19.42%,19.42%,,
48,43.9,4.1,4.1,8.54%,8.54%,,
0.01,21.804,-21.794,21.794,-217940.00%,217940.00%,,
3,35.4,-32.4,32.4,-1080.00%,1080.00%,,
10,16.4,-6.4,6.4,-64.00%,64.00%,,
57,43.2,13.8,13.8,24.21%,24.21%,,
104,83.6,20.4,20.4,19.62%,19.62%,,
71,54.1,16.9,16.9,23.80%,23.80%,,
129,63.6,65.4,65.4,50.70%,50.70%,,
39,40.1,-1.1,1.1,-2.82%,2.82%,,
7,7.9,-0.9,0.9,-12.86%,12.86%,,
44,45.2,-1.2,1.2,-2.73%,2.73%,,
49,40.2,8.8,8.8,17.96%,17.96%,,
7,13.3,-6.3,6.3,-90.00%,90.00%,,
43,38.1,4.9,4.9,11.40%,11.40%,,
4,7.601,-3.601,3.601,-90.03%,90.03%,,
14,32.4,-18.4,18.4,-131.43%,131.43%,,
61,61,0,0,0.00%,0.00%,,
24,40.1,-16.1,16.1,-67.08%,67.08%,,
3,17.5,-14.5,14.5,-483.33%,483.33%,,
4,28.9,-24.9,24.9,-622.50%,622.50%,,
1,18.001,-17.001,17.001,-1700.10%,1700.10%,,
46,34.4,11.6,11.6,25.22%,25.22%,,
53,55,-2,2,-3.77%,3.77%,,
50,51.9,-1.9,1.9,-3.80%,3.80%,,
10,29.8,-19.8,19.8,-198.00%,198.00%,,
31,22.001,8.999,8.999,29.03%,29.03%,,
2,12.9,-10.9,10.9,-545.00%,545.00%,,
3,25,-22,22,-733.33%,733.33%,,
45,44.4,0.6,0.6,1.33%,1.33%,,
1,10.6,-9.6,9.6,-960.00%,960.00%,,
77,72.7,4.3,4.3,5.58%,5.58%,,
30,36.9,-6.9,6.9,-23.00%,23.00%,,
26,20.3,5.7,5.7,21.92%,21.92%,,
28,44.9,-16.9,16.9,-60.36%,60.36%,,
67,34.6,32.4,32.4,48.36%,48.36%,,
14,20.7,-6.7,6.7,-47.86%,47.86%,,
47,42.5,4.5,4.5,9.57%,9.57%,,
95,84.3,10.7,10.7,11.26%,11.26%,,
1,12.9,-11.9,11.9,-1190.00%,1190.00%,,
13,18.4,-5.4,5.4,-41.54%,41.54%,,
20,19.7,0.3,0.3,1.50%,1.50%,,
7,12.5,-5.5,5.5,-78.57%,78.57%,,
2,15.1,-13.1,13.1,-655.00%,655.00%,,
37,36.9,0.1,0.1,0.27%,0.27%,,
60,55.6,4.4,4.4,7.33%,7.33%,,
71,55.8,15.2,15.2,21.41%,21.41%,,
84,65.5,18.5,18.5,22.02%,22.02%,,
73,59.5,13.5,13.5,18.49%,18.49%,,
15,11.901,3.099,3.099,20.66%,20.66%,,
38,43.1,-5.1,5.1,-13.42%,13.42%,,
79,74.9,4.1,4.1,5.19%,5.19%,,
1,18.4,-17.4,17.4,-1740.00%,1740.00%,,
30,41,-11,11,-36.67%,36.67%,,
0.01,31.107,-31.097,31.097,-310970.00%,310970.00%,,
44,30.9,13.1,13.1,29.77%,29.77%,,
15,21.001,-6.001,6.001,-40.01%,40.01%,,
71,58,13,13,18.31%,18.31%,,
66,40.6,25.4,25.4,38.48%,38.48%,,
39,32.5,6.5,6.5,16.67%,16.67%,,
33,29.9,3.1,3.1,9.39%,9.39%,,
53,50.2,2.8,2.8,5.28%,5.28%,,
60,57.2,2.8,2.8,4.67%,4.67%,,
67,45,22,22,32.84%,32.84%,,
4,8.5,-4.5,4.5,-112.50%,112.50%,,
2,24.4,-22.4,22.4,-1120.00%,1120.00%,,
85,73.1,11.9,11.9,14.00%,14.00%,,
44,36.6,7.4,7.4,16.82%,16.82%,,
6,23.9,-17.9,17.9,-298.33%,298.33%,,
43,49,-6,6,-13.95%,13.95%,,
35,29.401,5.599,5.599,16.00%,16.00%,,
22,24.8,-2.8,2.8,-12.73%,12.73%,,
54,33.901,20.099,20.099,37.22%,37.22%,,
24,29.6,-5.6,5.6,-23.33%,23.33%,,
2,42.4,-40.4,40.4,-2020.00%,2020.00%,,
6,30.6,-24.6,24.6,-410.00%,410.00%,,
6,13.8,-7.8,7.8,-130.00%,130.00%,,
2,12.2,-10.2,10.2,-510.00%,510.00%,,
14,17.3,-3.3,3.3,-23.57%,23.57%,,
32,33.4,-1.4,1.4,-4.38%,4.38%,,
1,11.3,-10.3,10.3,-1030.00%,1030.00%,,
43,39.2,3.8,3.8,8.84%,8.84%,,
10,31.2,-21.2,21.2,-212.00%,212.00%,,
2,15.001,-13.001,13.001,-650.05%,650.05%,,
19,34.6,-15.6,15.6,-82.11%,82.11%,,
7,23.9,-16.9,16.9,-241.43%,241.43%,,
76,70.402,5.598,5.598,7.37%,7.37%,,
25,31.601,-6.601,6.601,-26.40%,26.40%,,
49,87.3,-38.3,38.3,-78.16%,78.16%,,
15,32.8,-17.8,17.8,-118.67%,118.67%,,
35,39.5,-4.5,4.5,-12.86%,12.86%,,
7,7.401,-0.401,0.401,-5.73%,5.73%,,
40,18.303,21.697,21.697,54.24%,54.24%,,
22,23.2,-1.2,1.2,-5.45%,5.45%,,
37,45.6,-8.6,8.6,-23.24%,23.24%,,
43,45.5,-2.5,2.5,-5.81%,5.81%,,
6,18.2,-12.2,12.2,-203.33%,203.33%,,
17,17.6,-0.6,0.6,-3.53%,3.53%,,
5,4.8,0.2,0.2,4.00%,4.00%,,
2,12.7,-10.7,10.7,-535.00%,535.00%,,
25,24.7,0.3,0.3,1.20%,1.20%,,
46,39.201,6.799,6.799,14.78%,14.78%,,
20,60.1,-40.1,40.1,-200.50%,200.50%,,
60,63.4,-3.4,3.4,-5.67%,5.67%,,
23,29.8,-6.8,6.8,-29.57%,29.57%,,
63,39.101,23.899,23.899,37.93%,37.93%,,
45,55.2,-10.2,10.2,-22.67%,22.67%,,
41,27.102,13.898,13.898,33.90%,33.90%,,
19,15.301,3.699,3.699,19.47%,19.47%,,
29,27.6,1.4,1.4,4.83%,4.83%,,
33,33.6,-0.6,0.6,-1.82%,1.82%,,
36,51.3,-15.3,15.3,-42.50%,42.50%,,
74,69.3,4.7,4.7,6.35%,6.35%,,
28,20,8,8,28.57%,28.57%,,
14,47.1,-33.1,33.1,-236.43%,236.43%,,
49,49,0,0,0.00%,0.00%,,
47,55.2,-8.2,8.2,-17.45%,17.45%,,
34,30.9,3.1,3.1,9.12%,9.12%,,
3,5.5,-2.5,2.5,-83.33%,83.33%,,
3,46.8,-43.8,43.8,-1460.00%,1460.00%,,
15,13.3,1.7,1.7,11.33%,11.33%,,
33,46.7,-13.7,13.7,-41.52%,41.52%,,
60,61.9,-1.9,1.9,-3.17%,3.17%,,
21,14.401,6.599,6.599,31.42%,31.42%,,
21,40.9,-19.9,19.9,-94.76%,94.76%,,
57,48.2,8.8,8.8,15.44%,15.44%,,
8,7,1,1,12.50%,12.50%,,
42,39.9,2.1,2.1,5.00%,5.00%,,
57,51.4,5.6,5.6,9.82%,9.82%,,
76,40.802,35.198,35.198,46.31%,46.31%,,
28,29.4,-1.4,1.4,-5.00%,5.00%,,
11,26.6,-15.6,15.6,-141.82%,141.82%,,
85,53.8,31.2,31.2,36.71%,36.71%,,
6,6,0,0,0.00%,0.00%,,
36,58,-22,22,-61.11%,61.11%,,
60,57.2,2.8,2.8,4.67%,4.67%,,
14,18.2,-4.2,4.2,-30.00%,30.00%,,
1,15.301,-14.301,14.301,-1430.10%,1430.10%,,
111,106.3,4.7,4.7,4.23%,4.23%,,
37,49.7,-12.7,12.7,-34.32%,34.32%,,
8,13.6,-5.6,5.6,-70.00%,70.00%,,
23,19.8,3.2,3.2,13.91%,13.91%,,
57,48.9,8.1,8.1,14.21%,14.21%,,
62,66.4,-4.4,4.4,-7.10%,7.10%,,
74,67.4,6.6,6.6,8.92%,8.92%,,
59,44.9,14.1,14.1,23.90%,23.90%,,
0.01,4.809,-4.799,4.799,-47990.00%,47990.00%,,
0.01,1.708,-1.698,1.698,-16980.00%,16980.00%,,
5,16.5,-11.5,11.5,-230.00%,230.00%,,
33,29.4,3.6,3.6,10.91%,10.91%,,
69,58.4,10.6,10.6,15.36%,15.36%,,
124,75.701,48.299,48.299,38.95%,38.95%,,
85,58.8,26.2,26.2,30.82%,30.82%,,
79,68.4,10.6,10.6,13.42%,13.42%,,
4,20.2,-16.2,16.2,-405.00%,405.00%,,
26,19.601,6.399,6.399,24.61%,24.61%,,
22,28.6,-6.6,6.6,-30.00%,30.00%,,
0.01,0.509,-0.499,0.499,-4990.00%,4990.00%,,
35,34.7,0.3,0.3,0.86%,0.86%,,
53,32.9,20.1,20.1,37.92%,37.92%,,
58,54.2,3.8,3.8,6.55%,6.55%,,
41,41.3,-0.3,0.3,-0.73%,0.73%,,
0.01,8.306,-8.296,8.296,-82960.00%,82960.00%,,
2,9.9,-7.9,7.9,-395.00%,395.00%,,
6,5.5,0.5,0.5,8.33%,8.33%,,
30,30,0,0,0.00%,0.00%,,
17,27.7,-10.7,10.7,-62.94%,62.94%,,
0.01,6.009,-5.999,5.999,-59990.00%,59990.00%,,
3,2.701,0.299,0.299,9.97%,9.97%,,
0.01,31.507,-31.497,31.497,-314970.00%,314970.00%,,
70,52,18,18,25.71%,25.71%,,
0.01,8.206,-8.196,8.196,-81960.00%,81960.00%,,
69,57.1,11.9,11.9,17.25%,17.25%,,
43,35.1,7.9,7.9,18.37%,18.37%,,
25,27.601,-2.601,2.601,-10.40%,10.40%,,
5,7.401,-2.401,2.401,-48.02%,48.02%,,
63,41.5,21.5,21.5,34.13%,34.13%,,
63,57.4,5.6,5.6,8.89%,8.89%,,
50,40.3,9.7,9.7,19.40%,19.40%,,
26,21.4,4.6,4.6,17.69%,17.69%,,
76,61.9,14.1,14.1,18.55%,18.55%,,
104,91.7,12.3,12.3,11.83%,11.83%,,
72,55.601,16.399,16.399,22.78%,22.78%,,
22,35.4,-13.4,13.4,-60.91%,60.91%,,
31,36.9,-5.9,5.9,-19.03%,19.03%,,
19,17,2,2,10.53%,10.53%,,
2,1.702,0.298,0.298,14.90%,14.90%,,
68,56.7,11.3,11.3,16.62%,16.62%,,
4,11.2,-7.2,7.2,-180.00%,180.00%,,
41,35.4,5.6,5.6,13.66%,13.66%,,
16,14.201,1.799,1.799,11.24%,11.24%,,
28,22.3,5.7,5.7,20.36%,20.36%,,
27,30.6,-3.6,3.6,-13.33%,13.33%,,
18,22.4,-4.4,4.4,-24.44%,24.44%,,
87,80.5,6.5,6.5,7.47%,7.47%,,
27,32.8,-5.8,5.8,-21.48%,21.48%,,
26,29.1,-3.1,3.1,-11.92%,11.92%,,
26,34.3,-8.3,8.3,-31.92%,31.92%,,
12,36.4,-24.4,24.4,-203.33%,203.33%,,
18,15.6,2.4,2.4,13.33%,13.33%,,
101,92.7,8.3,8.3,8.22%,8.22%,,
76,69.1,6.9,6.9,9.08%,9.08%,,
115,95.3,19.7,19.7,17.13%,17.13%,,
4,4.4,-0.4,0.4,-10.00%,10.00%,,
106,107.4,-1.4,1.4,-1.32%,1.32%,,
66,66.2,-0.2,0.2,-0.30%,0.30%,,
99,83.6,15.4,15.4,15.56%,15.56%,,
99,90.2,8.8,8.8,8.89%,8.89%,,
47,31.001,15.999,15.999,34.04%,34.04%,,
6,28.102,-22.102,22.102,-368.37%,368.37%,,
101,87.4,13.6,13.6,13.47%,13.47%,,
10,14.4,-4.4,4.4,-44.00%,44.00%,,
21,26.6,-5.6,5.6,-26.67%,26.67%,,
31,18.701,12.299,12.299,39.67%,39.67%,,
10,14.001,-4.001,4.001,-40.01%,40.01%,,
4,16.2,-12.2,12.2,-305.00%,305.00%,,
94,74.7,19.3,19.3,20.53%,20.53%,,
84,55.1,28.9,28.9,34.40%,34.40%,,
15,25.2,-10.2,10.2,-68.00%,68.00%,,
13,24.6,-11.6,11.6,-89.23%,89.23%,,
24,23.3,0.7,0.7,2.92%,2.92%,,
0.01,1.008,-0.998,0.998,-9980.00%,9980.00%,,
2,14.4,-12.4,12.4,-620.00%,620.00%,,
73,51.9,21.1,21.1,28.90%,28.90%,,
0.01,2.808,-2.798,2.798,-27980.00%,27980.00%,,
20,36.401,-16.401,16.401,-82.00%,82.00%,,
79,65.2,13.8,13.8,17.47%,17.47%,,
8,12.8,-4.8,4.8,-60.00%,60.00%,,
0.01,14.306,-14.296,14.296,-142960.00%,142960.00%,,
19,15.8,3.2,3.2,16.84%,16.84%,,
74,66.8,7.2,7.2,9.73%,9.73%,,
75,71.2,3.8,3.8,5.07%,5.07%,,
24,27.5,-3.5,3.5,-14.58%,14.58%,,
91,78.4,12.6,12.6,13.85%,13.85%,,
34,40.4,-6.4,6.4,-18.82%,18.82%,,
9,21.9,-12.9,12.9,-143.33%,143.33%,,
40,43.801,-3.801,3.801,-9.50%,9.50%,,
96,79.6,16.4,16.4,17.08%,17.08%,,
55,54.9,0.1,0.1,0.18%,0.18%,,
91,64.3,26.7,26.7,29.34%,29.34%,,
121,65.3,55.7,55.7,46.03%,46.03%,,
35,28.9,6.1,6.1,17.43%,17.43%,,
18,18.7,-0.7,0.7,-3.89%,3.89%,,
91,77.3,13.7,13.7,15.05%,15.05%,,
8,8.1,-0.1,0.1,-1.25%,1.25%,,
99,84.3,14.7,14.7,14.85%,14.85%,,
57,50.6,6.4,6.4,11.23%,11.23%,,
7,26.3,-19.3,19.3,-275.71%,275.71%,,
11,16.502,-5.502,5.502,-50.02%,50.02%,,
0.01,13.005,-12.995,12.995,-129950.00%,129950.00%,,
6,15,-9,9,-150.00%,150.00%,,
27,23.4,3.6,3.6,13.33%,13.33%,,
5,21,-16,16,-320.00%,320.00%,,
33,31.4,1.6,1.6,4.85%,4.85%,,
79,79,0,0,0.00%,0.00%,,
49,31.4,17.6,17.6,35.92%,35.92%,,
56,57.1,-1.1,1.1,-1.96%,1.96%,,
28,40.3,-12.3,12.3,-43.93%,43.93%,,
38,36.8,1.2,1.2,3.16%,3.16%,,
26,42.2,-16.2,16.2,-62.31%,62.31%,,
59,60.3,-1.3,1.3,-2.20%,2.20%,,
46,46,0,0,0.00%,0.00%,,
2,18.3,-16.3,16.3,-815.00%,815.00%,,
35,31.6,3.4,3.4,9.71%,9.71%,,
5,5.5,-0.5,0.5,-10.00%,10.00%,,
48,42.4,5.6,5.6,11.67%,11.67%,,
9,16.4,-7.4,7.4,-82.22%,82.22%,,
42,26.9,15.1,15.1,35.95%,35.95%,,
24,23.5,0.5,0.5,2.08%,2.08%,,
70,63.3,6.7,6.7,9.57%,9.57%,,
11,12.8,-1.8,1.8,-16.36%,16.36%,,
87,72.1,14.9,14.9,17.13%,17.13%,,
1,24.1,-23.1,23.1,-2310.00%,2310.00%,,
27,35.8,-8.8,8.8,-32.59%,32.59%,,
50,35.9,14.1,14.1,28.20%,28.20%,,
2,26.2,-24.2,24.2,-1210.00%,1210.00%,,
56,53.6,2.4,2.4,4.29%,4.29%,,
0.01,1.507,-1.497,1.497,-14970.00%,14970.00%,,
7,19.4,-12.4,12.4,-177.14%,177.14%,,
1,11.9,-10.9,10.9,-1090.00%,1090.00%,,
3,12.8,-9.8,9.8,-326.67%,326.67%,,
6,11.9,-5.9,5.9,-98.33%,98.33%,,
42,49.5,-7.5,7.5,-17.86%,17.86%,,
51,51,0,0,0.00%,0.00%,,
105,59.3,45.7,45.7,43.52%,43.52%,,
37,31.6,5.4,5.4,14.59%,14.59%,,
119,97,22,22,18.49%,18.49%,,
45,33.801,11.199,11.199,24.89%,24.89%,,
43,31.1,11.9,11.9,27.67%,27.67%,,
16,16,0,0,0.00%,0.00%,,
107,74.8,32.2,32.2,30.09%,30.09%,,
4,5.3,-1.3,1.3,-32.50%,32.50%,,
16,14.7,1.3,1.3,8.13%,8.13%,,
17,25.5,-8.5,8.5,-50.00%,50.00%,,
40,25.401,14.599,14.599,36.50%,36.50%,,
1,20.8,-19.8,19.8,-1980.00%,1980.00%,,
73,71.2,1.8,1.8,2.47%,2.47%,,
8,37.2,-29.2,29.2,-365.00%,365.00%,,
56,40.8,15.2,15.2,27.14%,27.14%,,
23,26.1,-3.1,3.1,-13.48%,13.48%,,
23,25.1,-2.1,2.1,-9.13%,9.13%,,
6,5.9,0.1,0.1,1.67%,1.67%,,
7,14.8,-7.8,7.8,-111.43%,111.43%,,
2,19.4,-17.4,17.4,-870.00%,870.00%,,
4,27.9,-23.9,23.9,-597.50%,597.50%,,
48,47.4,0.6,0.6,1.25%,1.25%,,
3,13.1,-10.1,10.1,-336.67%,336.67%,,
,1,1,1,1,1,,
