,player,Full_Name,season_fp_lag1,avg_season_fp_lag1,max_season_fp_lag1,min_season_fp_lag1,med_season_fp_lag1,sd_season_fp_lag1,match_cnt_lag1,season_fp_lag2,avg_season_fp_lag2,max_season_fp_lag2,min_season_fp_lag2,med_season_fp_lag2,sd_season_fp_lag2,match_cnt_lag2,season_fp_lag3,avg_season_fp_lag3,max_season_fp_lag3,min_season_fp_lag3,med_season_fp_lag3,sd_season_fp_lag3,match_cnt_lag3
0,SA Abbott,Sean Abbott,448.0,49.77777777777778,139.0,8.0,55.0,41.9755219675044,9.0,1095.0,73.0,127.0,2.0,79.0,37.84932533839181,15.0,828.0,63.69230769230769,157.0,7.0,48.0,54.60827869988307,13.0
1,AC Agar,Ashton Agar,307.0,34.111111111111114,143.0,2.0,12.0,45.77511453957391,9.0,311.0,31.1,64.0,7.0,30.5,18.477914745266396,10.0,875.0,58.333333333333336,107.0,10.0,57.0,26.326701998071044,15.0
2,WA Agar,Wes Agar,60.0,15.0,25.0,4.0,15.5,10.099504938362077,4.0,679.0,52.23076923076923,131.0,2.0,48.0,44.292877241820435,13.0,308.0,44.0,106.0,2.0,20.0,44.25306015783918,7.0
3,Finn Allen,Finn Allen,,,,,,,,,,,,,,,,,,,,,
4,Fabian Allen,Fabian Allen,,,,,,,,,,,,,,,,,,,,,
5,Tom Alsop,Tom Alsop,,,,,,,,,,,,,,,,,,,,,
6,CT Bancroft,Cameron Bancroft,280.0,31.11111111111111,94.0,2.0,21.0,29.126639200414303,9.0,462.0,42.0,130.0,1.0,15.0,46.66690476129738,11.0,168.0,21.0,45.0,5.0,24.5,14.481515311399068,8.0
7,XC Bartlett,Xavier Bartlett,659.0,59.90909090909091,94.0,27.0,63.0,24.455897225227893,11.0,274.0,45.666666666666664,102.0,3.0,40.0,41.27791984422988,6.0,494.0,70.57142857142857,112.0,27.0,70.0,33.530370029060435,7.0
8,JJ Bazley,James Bazley,153.0,21.857142857142858,58.0,1.0,14.0,22.025958711094898,7.0,730.0,48.666666666666664,146.0,3.0,35.0,44.093515342259735,15.0,660.0,60.0,115.0,23.0,56.0,28.421822601655933,11.0
9,Mahli Beardman,Mahli Beardman,,,,,,,,,,,,,,,,,,,,,
10,JP Behrendorff,Jason Behrendorff,544.0,60.44444444444444,119.0,4.0,50.0,38.37678696527079,9.0,801.0,57.214285714285715,101.0,15.0,53.5,29.163144737648082,14.0,603.0,46.38461538461539,101.0,6.0,41.0,27.250499877795704,13.0
11,Jacob Bethell,Jacob Bethell,,,,,,,,,,,,,,,,,,,,,
12,SW Billings,Sam Billings,235.0,33.57142857142857,62.0,1.0,43.0,23.810761872573103,7.0,252.0,31.5,109.0,1.0,28.5,34.64926303071147,8.0,434.0,48.22222222222222,102.0,9.0,43.0,32.729106991246255,9.0
13,JM Bird,Jackson Bird,303.0,50.5,76.0,27.0,53.5,18.119050747762696,6.0,387.0,64.5,100.0,41.0,54.5,26.417797031546744,6.0,155.0,25.833333333333332,39.0,4.0,27.5,13.347908700117284,6.0
14,SM Boland,Scott Boland,90.0,30.0,50.0,8.0,32.0,21.071307505705477,3.0,,,,,,,,69.0,34.5,36.0,33.0,34.5,2.1213203435596424,2.0
15,CJ Boyce,Cameron Boyce,520.0,47.27272727272727,94.0,14.0,47.0,27.86069241455032,11.0,236.0,39.333333333333336,84.0,2.0,31.0,34.49444399706519,6.0,325.0,81.25,165.0,40.0,60.0,57.7660511604062,4.0
16,J Brown,Josh Brown,471.0,52.333333333333336,185.0,14.0,34.0,53.319789947073126,9.0,388.0,27.714285714285715,97.0,0.0,14.5,29.140055887778544,14.0,,,,,,,
17,M Bryant,Max Bryant,189.0,37.8,54.0,12.0,40.0,16.37681287674742,5.0,247.0,27.444444444444443,66.0,0.0,28.0,23.68074698521518,9.0,285.0,28.5,106.0,2.0,13.5,35.32782976005681,10.0
18,Jordan Buckingham,Jordan Buckingham,,,,,,,,,,,,,,,,,,,,,
19,AT Carey,Alex Carey,46.0,46.0,46.0,46.0,46.0,,1.0,167.0,41.75,85.0,1.0,40.5,46.542990879400946,4.0,141.0,47.0,92.0,1.0,48.0,45.50824101193101,3.0
20,Iain Carlisle,Iain Carlisle,,,,,,,,,,,,,,,,,,,,,
21,HWR Cartwright,Hilton Cartwright,319.0,39.875,67.0,2.0,41.0,19.686380353649866,8.0,366.0,26.142857142857142,72.0,7.0,21.0,16.801360489130463,14.0,521.0,40.07692307692308,114.0,10.0,37.0,28.793695891234993,13.0
22,Nikhil Chaudhary,Nikhil Chaudhary,394.0,49.25,102.0,18.0,52.5,28.090415243841242,8.0,,,,,,,,,,,,,,
23,Jafer Chohan,Jafer Chohan,,,,,,,,,,,,,,,,,,,,,
24,JM Clarke,Joe Clarke,146.0,29.2,58.0,6.0,32.0,22.687000683210638,5.0,476.0,34.0,136.0,0.0,29.5,37.935167365874676,14.0,604.0,46.46153846153846,120.0,0.0,27.0,43.46764195854081,13.0
25,C Connolly,Cooper Connolly,493.0,44.81818181818182,110.0,0.0,36.0,38.376602720455026,11.0,97.0,32.333333333333336,52.0,0.0,45.0,28.21937868439582,3.0,,,,,,,
26,BL Couch,Brody Couch,44.0,44.0,44.0,44.0,44.0,,1.0,516.0,36.857142857142854,88.0,1.0,33.0,26.296701000629024,14.0,,,,,,,
27,Xavier Crone,Xavier Crone,,,,,,,,,,,,,,,,,,,,,
28,TK Curran,Tom Curran,208.0,52.0,142.0,6.0,30.0,61.19368159104882,4.0,,,,,,,,205.0,51.25,126.0,2.0,38.5,54.41430571703241,4.0
29,TH David,Tim David,258.0,28.666666666666668,48.0,1.0,32.0,18.553975315279473,9.0,662.0,47.285714285714285,113.0,5.0,50.5,29.161166409689894,14.0,453.0,30.2,71.0,4.0,26.0,21.9323635622924,15.0
30,JA Davies,Joel Davies,95.0,19.0,35.0,0.0,22.0,16.867127793433,5.0,22.0,11.0,12.0,10.0,11.0,1.4142135623730951,2.0,,,,,,,
31,O Davies,Ollie Davies,250.0,27.77777777777778,57.0,6.0,28.0,15.409232441768294,9.0,449.0,34.53846153846154,100.0,0.0,27.0,34.22624573972286,13.0,118.0,19.666666666666668,51.0,1.0,10.0,22.150996967781534,6.0
32,Harry Dixon,Harry Dixon,,,,,,,,,,,,,,,,,,,,,
33,B Doggett,Brendan Doggett,6.0,6.0,6.0,6.0,6.0,,1.0,440.0,36.666666666666664,101.0,3.0,32.0,29.678070671589804,12.0,2.0,2.0,2.0,2.0,2.0,,1.0
34,PG Dooley,Paddy Dooley,253.0,28.11111111111111,53.0,0.0,37.0,20.288201278356617,9.0,684.0,68.4,132.0,37.0,67.0,28.852883545477546,10.0,33.0,33.0,33.0,33.0,33.0,,1.0
35,Jake Doran,Jake Doran,,,,,,,,,,,,,,,,,,,,,
36,BM Duckett,Ben Duckett,397.0,33.083333333333336,113.0,1.0,16.0,37.173935965290454,12.0,,,,,,,,,,,,,,
37,BJ Dwarshuis,Ben Dwarshuis,650.0,59.09090909090909,171.0,3.0,64.0,46.08135099029659,11.0,686.0,57.166666666666664,165.0,9.0,48.5,41.2395073891162,12.0,705.0,54.23076923076923,132.0,2.0,50.0,45.057655372781085,13.0
38,J Edwards,Jack Edwards,652.0,59.27272727272727,116.0,2.0,71.0,38.04757787058438,11.0,,,,,,,,135.0,22.5,50.0,1.0,21.0,21.38924963620744,6.0
39,NT Ellis,Nathan Ellis,442.0,44.2,99.0,4.0,43.0,27.18986739373491,10.0,760.0,54.285714285714285,131.0,5.0,43.0,39.88913206805655,14.0,436.0,54.5,121.0,26.0,43.0,32.20913801126276,8.0
40,LJ Evans,Laurie Evans,432.0,61.714285714285715,120.0,5.0,49.0,43.21926378253987,7.0,,,,,,,,486.0,40.5,111.0,0.0,28.5,36.385561571990216,12.0
41,S Fanning,Sam Fanning,51.0,51.0,51.0,51.0,51.0,,1.0,,,,,,,,,,,,,,
42,Lockie Ferguson,Lockie Ferguson,,,,,,,,,,,,,,,,,,,,,
43,J Fraser-McGurk,Jake Fraser-McGurk,362.0,45.25,105.0,0.0,39.0,40.801785675209295,8.0,50.0,8.333333333333334,29.0,1.0,4.0,10.782702196883056,6.0,187.0,23.375,46.0,3.0,26.0,14.831794997812734,8.0
44,M Gilkes,Matthew Gilkes,21.0,5.25,18.0,0.0,1.5,8.616843969807043,4.0,362.0,24.133333333333333,94.0,0.0,7.0,32.49586054224372,15.0,390.0,27.857142857142858,128.0,1.0,14.5,34.94359662448823,14.0
45,CJ Green,Chris Green,448.0,49.77777777777778,78.0,20.0,51.0,17.45549897437608,9.0,742.0,49.46666666666667,78.0,3.0,63.0,26.519175452239583,15.0,407.0,33.916666666666664,95.0,0.0,26.5,31.761779012841927,12.0
46,Ryan Hadley,Ryan Hadley,,,,,,,,,,,,,,,,,,,,,
47,AM Hardie,Aaron Hardie,645.0,58.63636363636363,127.0,18.0,55.0,37.28075301619517,11.0,792.0,52.8,115.0,1.0,53.0,33.67321954143551,15.0,299.0,37.375,85.0,4.0,34.5,31.941632036307368,8.0
48,SB Harper,Sam Harper,72.0,14.4,37.0,0.0,5.0,17.314733610425545,5.0,374.0,31.166666666666668,124.0,0.0,7.0,43.68239365180799,12.0,258.0,19.846153846153847,87.0,0.0,7.0,25.520730638202586,13.0
49,MS Harris,Marcus Harris,8.0,8.0,8.0,8.0,8.0,,1.0,11.0,5.5,8.0,3.0,5.5,3.5355339059327378,2.0,,,,,,,
50,MW Harvey,Mackenzie Harvey,20.0,10.0,18.0,2.0,10.0,11.313708498984761,2.0,68.0,34.0,42.0,26.0,34.0,11.313708498984761,2.0,261.0,23.727272727272727,81.0,0.0,8.0,28.698748784889244,11.0
51,LC Hatcher,Liam Hatcher,182.0,30.333333333333332,77.0,-1.0,21.5,31.88521078284832,6.0,439.0,54.875,99.0,-1.0,59.0,37.111559616147325,8.0,,,,,,,
52,P Hatzoglou,Peter Hatzoglou,51.0,25.5,45.0,6.0,25.5,27.577164466275352,2.0,337.0,33.7,99.0,0.0,32.0,31.251844390016053,10.0,555.0,37.0,70.0,4.0,36.0,20.836095055044673,15.0
53,TM Head,Travis Head,39.0,9.75,19.0,1.0,9.5,7.365459931328117,4.0,14.0,4.666666666666667,6.0,3.0,5.0,1.5275252316519468,3.0,122.0,30.5,58.0,3.0,30.5,22.752289262108697,4.0
54,MC Henriques,Moises Henriques,398.0,36.18181818181818,72.0,2.0,33.0,24.758102438669173,11.0,426.0,28.4,82.0,0.0,21.0,29.91846061738949,15.0,624.0,41.6,111.0,5.0,29.0,34.52287026636939,15.0
55,NR Hobson,Nick Hobson,101.0,25.25,63.0,1.0,18.5,29.01005572785639,4.0,211.0,21.1,71.0,1.0,7.5,24.637144495433898,10.0,55.0,27.5,51.0,4.0,27.5,33.23401871576773,2.0
56,Shai Hope,Shai Hope,,,,,,,,,,,,,,,,,,,,,
57,AJ Hosein,Akeal Hosein,74.0,74.0,74.0,74.0,74.0,,1.0,698.0,77.55555555555556,140.0,21.0,77.0,37.051015880509645,9.0,,,,,,,
58,Rishad Hossain,Rishad Hossain,,,,,,,,,,,,,,,,,,,,,
59,DP Hughes,Daniel Hughes,281.0,40.142857142857146,109.0,1.0,46.0,41.94611055242417,7.0,93.0,31.0,37.0,23.0,33.0,7.211102550927978,3.0,367.0,30.583333333333332,86.0,0.0,14.0,34.28611787280501,12.0
60,Matthew Hurst,Matthew Hurst,,,,,,,,,,,,,,,,,,,,,
61,JP Inglis,Josh Inglis,298.0,29.8,84.0,3.0,24.5,25.371900467511956,10.0,621.0,41.4,109.0,0.0,26.0,37.60471095108012,15.0,172.0,21.5,109.0,0.0,7.5,36.77732220501418,8.0
62,Keaton Jennings,Keaton Jennings,,,,,,,,,,,,,,,,,,,,,
63,CP Jewell,Caleb Jewell,252.0,25.2,67.0,0.0,22.0,23.432171616533257,10.0,414.0,37.63636363636363,100.0,5.0,20.0,37.382543325120956,11.0,321.0,29.181818181818183,81.0,2.0,34.0,27.32331671601448,11.0
64,SH Johnson,Spencer Johnson,743.0,67.54545454545455,124.0,25.0,58.0,39.772763636347015,11.0,399.0,39.9,90.0,4.0,28.0,26.52231764633953,10.0,,,,,,,
65,CJ Jordan,Chris Jordan,547.0,54.7,126.0,5.0,47.0,45.09262073160579,10.0,117.0,29.25,59.0,5.0,26.5,22.306576010973384,4.0,166.0,33.2,78.0,4.0,27.0,29.52456604253482,5.0
66,C Kellaway,Campbell Kellaway,159.0,19.875,50.0,1.0,19.0,17.357069370802698,8.0,,,,,,,,,,,,,,
67,M Kelly,Matt Kelly,417.0,52.125,80.0,1.0,54.0,24.36295489936661,8.0,400.0,66.66666666666667,113.0,25.0,61.5,41.46645230384035,6.0,,,,,,,
68,T Kelly,Thomas Kelly,126.0,31.5,66.0,6.0,27.0,26.888659319497503,4.0,139.0,12.636363636363637,53.0,0.0,8.0,15.705239426845598,11.0,309.0,25.75,51.0,0.0,24.0,17.843384310056308,12.0
69,H Kerr,Hayden Kerr,165.0,41.25,82.0,7.0,38.0,39.39014259092411,4.0,694.0,43.375,104.0,2.0,41.0,32.04970098664468,16.0,968.0,60.5,137.0,1.0,64.0,35.832945734337834,16.0
70,Hassan Khan,Hassan Khan,,,,,,,,,,,,,,,,,,,,,
71,UT Khawaja,Usman Khawaja,82.0,41.0,43.0,39.0,41.0,2.8284271247461903,2.0,319.0,39.875,129.0,2.0,28.5,41.9027360170465,8.0,135.0,67.5,102.0,33.0,67.5,48.79036790187178,2.0
72,Sam Konstas,Sam Konstas,,,,,,,,,,,,,,,,,,,,,
73,MP Kuhnemann,Matthew Kuhnemann,394.0,35.81818181818182,70.0,11.0,31.0,19.93899787761753,11.0,565.0,33.23529411764706,100.0,1.0,34.0,28.241214146537473,17.0,239.0,34.142857142857146,78.0,2.0,35.0,33.43365854658332,7.0
74,M Labuschagne,Marnus Labuschagne,90.0,45.0,55.0,35.0,45.0,14.142135623730951,2.0,227.0,28.375,98.0,1.0,16.5,33.324969188711506,8.0,31.0,31.0,31.0,31.0,31.0,,1.0
75,CA Lynn,Chris Lynn,454.0,64.85714285714286,118.0,14.0,62.0,34.57565893047001,7.0,541.0,49.18181818181818,112.0,1.0,41.0,38.30096129816635,11.0,330.0,27.5,92.0,2.0,20.5,25.557421978396377,12.0
76,NM Lyon,Nathan Lyon,6.0,6.0,6.0,6.0,6.0,,1.0,92.0,23.0,55.0,4.0,16.5,24.372115213907882,4.0,,,,,,,
77,NJ Maddinson,Nic Maddinson,53.0,13.25,18.0,9.0,13.0,4.031128874149275,4.0,177.0,25.285714285714285,122.0,0.0,2.0,46.24108665719368,7.0,355.0,39.44444444444444,102.0,0.0,27.0,36.575644598253874,9.0
78,BAD Manenti,Ben Manenti,37.0,12.333333333333334,25.0,0.0,12.0,12.503332889007368,3.0,164.0,27.333333333333332,45.0,5.0,31.5,17.985179083530603,6.0,42.0,42.0,42.0,42.0,42.0,,1.0
79,MR Marsh,Mitchell Marsh,639.0,79.875,153.0,5.0,68.5,54.82292924888793,8.0,640.0,42.666666666666664,119.0,0.0,32.0,39.13103749248281,15.0,654.0,46.714285714285715,129.0,6.0,34.0,34.91181984421844,14.0
80,GJ Maxwell,Glenn Maxwell,655.0,72.77777777777777,146.0,22.0,65.0,41.463169734650585,9.0,,,,,,,,828.0,63.69230769230769,199.0,5.0,35.0,58.92988010534867,13.0
81,N McAndrew,Nathan McAndrew,362.0,40.22222222222222,77.0,3.0,40.0,30.36353807520534,9.0,532.0,48.36363636363637,105.0,5.0,47.0,32.824602746332594,11.0,553.0,39.5,88.0,1.0,44.5,23.67650571931853,14.0
82,BR McDermott,Ben McDermott,356.0,44.5,125.0,7.0,20.5,43.98701106982768,8.0,286.0,23.833333333333332,92.0,0.0,10.0,32.050622837043655,12.0,792.0,60.92307692307692,172.0,0.0,38.0,58.619481315886695,13.0
83,H McKenzie,Hamish McKenzie,100.0,33.333333333333336,77.0,1.0,22.0,39.24708057083142,3.0,,,,,,,,,,,,,,
84,NA McSweeney,Nathan McSweeney,315.0,35.0,106.0,3.0,22.0,38.023019343550295,9.0,255.0,51.0,119.0,6.0,43.0,41.34610017885605,5.0,37.0,12.333333333333334,20.0,7.0,10.0,6.8068592855540455,3.0
85,RP Meredith,Riley Meredith,254.0,28.22222222222222,57.0,5.0,28.0,14.897799986724364,9.0,736.0,52.57142857142857,109.0,4.0,49.0,26.348884914996614,14.0,563.0,51.18181818181818,94.0,4.0,56.0,32.69500934949608,11.0
86,J Merlo,Jonathan Merlo,8.0,2.0,5.0,0.0,1.5,2.160246899469287,4.0,,,,,,,,51.0,12.75,42.0,2.0,3.5,19.517086531208154,4.0
87,AF Milne,Adam Milne,353.0,29.416666666666668,85.0,4.0,18.0,28.31144430769788,12.0,,,,,,,,,,,,,,
88,Usama Mir,Usama Mir,202.0,40.4,99.0,4.0,42.0,37.607180165494995,5.0,,,,,,,,,,,,,,
89,LR Morris,Lance Morris,396.0,44.0,137.0,2.0,31.0,44.536501883286704,9.0,332.0,66.4,91.0,34.0,70.0,24.684002916869055,5.0,104.0,17.333333333333332,67.0,1.0,6.5,24.985329028585287,6.0
90,C Munro,Colin Munro,294.0,42.0,124.0,0.0,37.0,44.67288513927287,7.0,378.0,47.25,133.0,1.0,39.0,41.954907766723615,8.0,520.0,40.0,149.0,0.0,22.0,45.46060565661953,13.0
91,T Murphy,Todd Murphy,213.0,23.666666666666668,76.0,0.0,23.0,24.677925358506133,9.0,332.0,55.333333333333336,99.0,32.0,48.0,23.61073202310057,6.0,70.0,23.333333333333332,45.0,4.0,21.0,20.5993527406405,3.0
92,MG Neser,Michael Neser,532.0,48.36363636363637,156.0,8.0,28.0,45.706176228760874,11.0,1004.0,59.05882352941177,131.0,4.0,56.0,45.589843425146924,17.0,123.0,41.0,79.0,4.0,40.0,37.5099986670221,3.0
93,HJ Nielsen,Harry Nielsen,127.0,25.4,80.0,1.0,2.0,35.16816742453322,5.0,149.0,24.833333333333332,45.0,8.0,22.0,14.483323743763606,6.0,131.0,14.555555555555555,39.0,1.0,13.0,12.541043727608072,9.0
94,F O'Neill,Fergus O'Neill,120.0,60.0,68.0,52.0,60.0,11.313708498984761,2.0,,,,,,,,,,,,,,
95,J Overton,Jamie Overton,663.0,73.66666666666667,130.0,12.0,56.0,41.901670611086615,9.0,,,,,,,,,,,,,,
96,MJ Owen,Mitch Owen,37.0,18.5,35.0,2.0,18.5,23.33452377915607,2.0,76.0,19.0,44.0,1.0,15.5,20.314198646923455,4.0,172.0,34.4,95.0,4.0,30.0,36.26706494879342,5.0
97,JS Paris,Joel Paris,258.0,28.666666666666668,66.0,4.0,27.0,21.3658606192215,9.0,364.0,40.44444444444444,85.0,5.0,34.0,30.81440860665312,9.0,151.0,50.333333333333336,80.0,27.0,44.0,27.061657993059725,3.0
98,KR Patterson,Kurtis Patterson,35.0,17.5,28.0,7.0,17.5,14.849242404917497,2.0,287.0,22.076923076923077,58.0,2.0,18.0,18.861166181962073,13.0,556.0,42.76923076923077,108.0,1.0,33.0,35.38161915965654,13.0
99,JJ Peirson,Jimmy Peirson,76.0,19.0,42.0,4.0,15.0,18.51125783588643,4.0,404.0,23.764705882352942,72.0,1.0,26.0,22.949753298686858,17.0,199.0,18.09090909090909,67.0,0.0,6.0,23.13203210033457,11.0
100,Mitchell Perry,Mitchell Perry,,,,,,,,,,,,,,,,,,,,,
101,JR Philippe,Josh Philippe,322.0,29.272727272727273,57.0,5.0,24.0,17.838670965578736,11.0,351.0,23.4,75.0,1.0,10.0,27.03912509150926,15.0,579.0,41.357142857142854,129.0,0.0,22.5,47.448120888230925,14.0
102,L Pope,Lloyd Pope,347.0,57.833333333333336,116.0,4.0,47.5,44.72769462722919,6.0,,,,,,,,77.0,19.25,44.0,1.0,16.0,20.854655755170516,4.0
103,Ollie Pope,Ollie Pope,,,,,,,,,,,,,,,,,,,,,
104,W Prestwidge,Will Prestwidge,147.0,49.0,93.0,7.0,47.0,43.034869582700026,3.0,,,,,,,,,,,,,,
105,MT Renshaw,Matthew Renshaw,260.0,26.0,65.0,1.0,19.0,24.00462918318511,10.0,458.0,38.166666666666664,142.0,0.0,29.5,43.676149791460105,12.0,461.0,41.90909090909091,105.0,2.0,25.0,31.67476770381922,11.0
106,JA Richardson,Jhye Richardson,239.0,34.142857142857146,75.0,7.0,33.0,26.598424586358313,7.0,551.0,78.71428571428571,154.0,29.0,60.0,48.06840364076416,7.0,132.0,66.0,70.0,62.0,66.0,5.656854249492381,2.0
107,KW Richardson,Kane Richardson,232.0,38.666666666666664,74.0,4.0,38.0,24.088724886690592,6.0,606.0,50.5,105.0,7.0,41.0,31.090776182597367,12.0,676.0,67.6,109.0,6.0,71.5,33.715146612629624,10.0
108,TS Rogers,Tom Rogers,407.0,45.22222222222222,133.0,6.0,29.0,41.55351302169823,9.0,824.0,54.93333333333333,151.0,11.0,51.0,36.60301835069004,15.0,722.0,55.53846153846154,130.0,2.0,47.0,41.03375721000004,13.0
109,TF Rogers,Tom Rogers,272.0,27.2,47.0,1.0,26.5,12.743625857659191,10.0,424.0,30.285714285714285,66.0,0.0,32.0,21.850641854429576,14.0,37.0,37.0,37.0,37.0,37.0,,1.0
110,AI Ross,Alex Ross,214.0,26.75,71.0,2.0,17.5,23.511395413409947,8.0,376.0,28.923076923076923,66.0,2.0,28.0,22.91455701245222,13.0,347.0,38.55555555555556,107.0,0.0,29.0,38.92978008899842,9.0
111,Sherfane Rutherford,Sherfane Rutherford,,,,,,,,,,,,,,,,,,,,,
112,Waqar Salamkheil,Waqar Salamkheil,,,,,,,,,,,,,,,,,,,,,
113,Will Salzmann,Will Salzmann,,,,,,,,,,,,,,,,,,,,,
114,DR Sams,Daniel Sams,501.0,55.666666666666664,167.0,7.0,30.0,54.4426303552648,9.0,776.0,55.42857142857143,135.0,2.0,62.5,43.739991005792554,14.0,903.0,60.2,159.0,5.0,50.0,41.54550001418411,15.0
115,GS Sandhu,Gurinder Sandhu,118.0,29.5,51.0,9.0,29.0,20.174241001832016,4.0,364.0,45.5,95.0,6.0,47.5,27.32868717771022,8.0,599.0,54.45454545454545,115.0,5.0,53.0,36.492091297604844,11.0
116,JJS Sangha,Jason Sangha,30.0,15.0,19.0,11.0,15.0,5.656854249492381,2.0,55.0,11.0,24.0,0.0,10.0,8.602325267042627,5.0,663.0,55.25,149.0,3.0,48.5,39.09225684780229,12.0
117,T Sangha,Tanveer Sangha,327.0,40.875,94.0,4.0,37.0,27.398839912876394,8.0,,,,,,,,588.0,49.0,84.0,4.0,51.5,27.379488009025362,12.0
118,Liam Scott,Liam Scott,,,,,,,,,,,,,,,,,,,,,
119,Tim Seifert,Tim Seifert,,,,,,,,,,,,,,,,,,,,,
120,DJM Short,D'Arcy Short,346.0,31.454545454545453,86.0,3.0,25.0,26.496655020449793,11.0,180.0,18.0,50.0,3.0,16.5,13.416407864998739,10.0,776.0,51.733333333333334,93.0,13.0,42.0,26.464171646820553,15.0
121,MW Short,Matthew Short,986.0,89.63636363636364,155.0,11.0,92.0,43.658384595110086,11.0,1079.0,77.07142857142857,168.0,27.0,65.5,42.901433158263686,14.0,1124.0,70.25,163.0,5.0,69.0,46.08470462094772,16.0
122,PM Siddle,Peter Siddle,127.0,31.75,47.0,9.0,35.5,16.235249715767644,4.0,328.0,29.818181818181817,83.0,-2.0,25.0,29.603439603593976,11.0,937.0,55.11764705882353,135.0,4.0,47.0,35.810058560656486,17.0
123,JC Silk,Jordan Silk,269.0,26.9,91.0,0.0,21.0,28.199487781006077,10.0,478.0,34.142857142857146,79.0,0.0,32.5,24.803402815113724,14.0,209.0,20.9,56.0,0.0,21.0,19.632456120754053,10.0
124,SPD Smith,Steve Smith,86.0,43.0,86.0,0.0,43.0,60.81118318204309,2.0,481.0,96.2,170.0,18.0,101.0,64.39099315898149,5.0,,,,,,,
125,Matthew Spoors,Matthew Spoors,,,,,,,,,,,,,,,,,,,,,
126,B Stanlake,Billy Stanlake,7.0,7.0,7.0,7.0,7.0,,1.0,,,,,,,,,,,,,,
127,MT Steketee,Mark Steketee,34.0,11.333333333333334,27.0,1.0,6.0,13.796134724383252,3.0,334.0,47.714285714285715,108.0,6.0,45.0,36.19260645359439,7.0,494.0,61.75,119.0,9.0,68.5,38.002819444276575,8.0
128,MP Stoinis,Marcus Stoinis,305.0,30.5,94.0,2.0,18.0,33.2874684461819,10.0,331.0,36.77777777777778,112.0,0.0,30.0,40.46534868803733,9.0,230.0,28.75,110.0,0.0,15.5,37.54521084163541,8.0
129,W Sutherland,Will Sutherland,473.0,52.55555555555556,152.0,4.0,35.0,44.749612040528106,9.0,707.0,47.13333333333333,98.0,3.0,50.0,31.79592666334718,15.0,308.0,30.8,74.0,3.0,26.5,22.890075481648275,10.0
130,MJ Swepson,Mitchell Swepson,402.0,44.666666666666664,83.0,2.0,39.0,22.929238975596203,9.0,275.0,21.153846153846153,63.0,2.0,14.0,20.049298216505207,13.0,203.0,40.6,86.0,3.0,32.0,36.569112649885284,5.0
131,HTRY Thornton,Henry Thornton,264.0,37.714285714285715,61.0,7.0,36.0,19.215569084419414,7.0,490.0,54.44444444444444,138.0,8.0,49.0,45.8396965279852,9.0,357.0,51.0,109.0,26.0,44.0,27.820855486487112,7.0
132,AJ Turner,Ashton Turner,19.0,9.5,19.0,0.0,9.5,13.435028842544403,2.0,635.0,42.333333333333336,119.0,1.0,38.0,40.62136430617808,15.0,631.0,45.07142857142857,107.0,2.0,40.0,29.985802501323047,14.0
133,AJ Tye,Andrew Tye,499.0,55.44444444444444,141.0,3.0,48.0,42.18148619688237,9.0,1010.0,63.125,155.0,23.0,54.5,36.31689230463789,16.0,954.0,59.625,117.0,5.0,69.0,41.10778515074729,16.0
134,Callum Vidler,Callum Vidler,,,,,,,,,,,,,,,,,,,,,
135,JM Vince,James Vince,314.0,34.888888888888886,108.0,1.0,18.0,40.526054719292766,9.0,323.0,35.888888888888886,121.0,0.0,26.0,38.03434120779682,9.0,169.0,21.125,64.0,0.0,17.0,20.279740065958862,8.0
136,MS Wade,Matthew Wade,261.0,43.5,112.0,1.0,23.0,45.42576361493552,6.0,402.0,33.5,102.0,0.0,24.5,31.558027360864788,12.0,395.0,30.384615384615383,128.0,0.0,10.0,41.8161421413997,13.0
137,CA Wakim,Charlie Wakim,7.0,7.0,7.0,7.0,7.0,,1.0,,,,,,,,32.0,16.0,20.0,12.0,16.0,5.656854249492381,2.0
138,PI Walter,Paul Walter,670.0,60.90909090909091,144.0,5.0,51.0,41.898578843332004,11.0,,,,,,,,,,,,,,
139,DA Warner,David Warner,60.0,30.0,37.0,23.0,30.0,9.899494936611665,2.0,124.0,20.666666666666668,61.0,0.0,17.5,22.16002406737562,6.0,,,,,,,
140,Doug Warren,Doug Warren,,,,,,,,,,,,,,,,,,,,,
141,J Weatherald,Jake Weatherald,292.0,41.714285714285715,115.0,0.0,10.0,47.20421692219981,7.0,18.0,4.5,10.0,0.0,4.0,4.795831523312719,4.0,268.0,20.615384615384617,61.0,0.0,18.0,17.618827342450373,13.0
142,BJ Webster,Beau Webster,483.0,53.666666666666664,182.0,0.0,37.0,55.34211777660844,9.0,649.0,46.357142857142854,141.0,0.0,40.0,35.79343975745178,14.0,170.0,17.0,85.0,0.0,7.0,25.755258362775812,10.0
143,JW Wells,Jon Wells,208.0,26.0,58.0,6.0,12.0,23.427700332237965,8.0,318.0,22.714285714285715,69.0,0.0,22.0,18.065813747894847,14.0,676.0,39.76470588235294,98.0,0.0,32.0,30.748027196400557,17.0
144,JD Wildermuth,Jack Wildermuth,151.0,50.333333333333336,100.0,4.0,47.0,48.08672720547047,3.0,620.0,51.666666666666664,151.0,6.0,42.0,41.08601472594545,12.0,97.0,13.857142857142858,29.0,1.0,7.0,11.081945849422103,7.0
145,JP Wood,Jack Wood,13.0,13.0,13.0,13.0,13.0,,1.0,51.0,51.0,51.0,51.0,51.0,,1.0,,,,,,,
146,M Wright,Mac Wright,307.0,38.375,98.0,0.0,35.0,30.37356698559739,8.0,66.0,66.0,66.0,66.0,66.0,,1.0,6.0,6.0,6.0,6.0,6.0,,1.0
147,A Zampa,Adam Zampa,235.0,29.375,62.0,6.0,25.0,20.93484791305772,8.0,590.0,42.142857142857146,90.0,3.0,42.5,29.88917257741735,14.0,385.0,38.5,70.0,5.0,36.5,26.15445574955739,10.0
