match_id,season,start_date,venue,innings,ball,batting_team,bowling_team,striker,non_striker,bowler,runs_off_bat,extras,wides,noballs,byes,legbyes,penalty,wicket_type,player_dismissed,other_wicket_type,other_player_dismissed
1114860,2017/18,2017-12-23,Sydney Cricket Ground,1,0.1,Sydney Sixers,Perth Scorchers,JJ Roy,DP Hughes,MG Johnson,0,0,,,,,,,,,
1114860,2017/18,2017-12-23,Sydney Cricket Ground,1,0.2,Sydney Sixers,Perth Scorchers,JJ Roy,DP Hughes,MG Johnson,1,0,,,,,,,,,
1114860,2017/18,2017-12-23,Sydney Cricket Ground,1,0.3,Sydney Sixers,Perth Scorchers,DP Hughes,JJ Roy,MG Johnson,0,1,1,,,,,,,,
1114860,2017/18,2017-12-23,Sydney Cricket Ground,1,0.4,Sydney Sixers,Perth Scorchers,DP Hughes,JJ Roy,MG Johnson,1,0,,,,,,,,,
1114860,2017/18,2017-12-23,Sydney Cricket Ground,1,0.5,Sydney Sixers,Perth Scorchers,JJ Roy,DP Hughes,MG Johnson,4,0,,,,,,,,,
1114860,2017/18,2017-12-23,Sydney Cricket Ground,1,0.6,Sydney Sixers,Perth Scorchers,JJ Roy,DP Hughes,MG Johnson,0,0,,,,,,,,,
1114860,2017/18,2017-12-23,Sydney Cricket Ground,1,0.7,Sydney Sixers,Perth Scorchers,JJ Roy,DP Hughes,MG Johnson,0,0,,,,,,,,,
1114860,2017/18,2017-12-23,Sydney Cricket Ground,1,1.1,Sydney Sixers,Perth Scorchers,DP Hughes,JJ Roy,JA Richardson,0,0,,,,,,,,,
1114860,2017/18,2017-12-23,Sydney Cricket Ground,1,1.2,Sydney Sixers,Perth Scorchers,DP Hughes,JJ Roy,JA Richardson,2,0,,,,,,,,,
1114860,2017/18,2017-12-23,Sydney Cricket Ground,1,1.3,Sydney Sixers,Perth Scorchers,DP Hughes,JJ Roy,JA Richardson,4,0,,,,,,,,,
1114860,2017/18,2017-12-23,Sydney Cricket Ground,1,1.4,Sydney Sixers,Perth Scorchers,DP Hughes,JJ Roy,JA Richardson,0,0,,,,,,,,,
1114860,2017/18,2017-12-23,Sydney Cricket Ground,1,1.5,Sydney Sixers,Perth Scorchers,DP Hughes,JJ Roy,JA Richardson,0,0,,,,,,,,,
1114860,2017/18,2017-12-23,Sydney Cricket Ground,1,1.6,Sydney Sixers,Perth Scorchers,DP Hughes,JJ Roy,JA Richardson,0,0,,,,,,bowled,DP Hughes,,
1114860,2017/18,2017-12-23,Sydney Cricket Ground,1,2.1,Sydney Sixers,Perth Scorchers,JJ Roy,NJ Maddinson,MG Johnson,4,0,,,,,,,,,
1114860,2017/18,2017-12-23,Sydney Cricket Ground,1,2.2,Sydney Sixers,Perth Scorchers,JJ Roy,NJ Maddinson,MG Johnson,2,0,,,,,,,,,
1114860,2017/18,2017-12-23,Sydney Cricket Ground,1,2.3,Sydney Sixers,Perth Scorchers,JJ Roy,NJ Maddinson,MG Johnson,3,0,,,,,,,,,
1114860,2017/18,2017-12-23,Sydney Cricket Ground,1,2.4,Sydney Sixers,Perth Scorchers,NJ Maddinson,JJ Roy,MG Johnson,0,0,,,,,,,,,
1114860,2017/18,2017-12-23,Sydney Cricket Ground,1,2.5,Sydney Sixers,Perth Scorchers,NJ Maddinson,JJ Roy,MG Johnson,1,0,,,,,,,,,
1114860,2017/18,2017-12-23,Sydney Cricket Ground,1,2.6,Sydney Sixers,Perth Scorchers,JJ Roy,NJ Maddinson,MG Johnson,1,0,,,,,,,,,
1114860,2017/18,2017-12-23,Sydney Cricket Ground,1,3.1,Sydney Sixers,Perth Scorchers,JJ Roy,NJ Maddinson,JA Richardson,4,0,,,,,,,,,
1114860,2017/18,2017-12-23,Sydney Cricket Ground,1,3.2,Sydney Sixers,Perth Scorchers,JJ Roy,NJ Maddinson,JA Richardson,0,0,,,,,,caught,JJ Roy,,
1114860,2017/18,2017-12-23,Sydney Cricket Ground,1,3.3,Sydney Sixers,Perth Scorchers,MC Henriques,NJ Maddinson,JA Richardson,1,0,,,,,,,,,
1114860,2017/18,2017-12-23,Sydney Cricket Ground,1,3.4,Sydney Sixers,Perth Scorchers,NJ Maddinson,MC Henriques,JA Richardson,0,0,,,,,,,,,
1114860,2017/18,2017-12-23,Sydney Cricket Ground,1,3.5,Sydney Sixers,Perth Scorchers,NJ Maddinson,MC Henriques,JA Richardson,4,0,,,,,,,,,
1114860,2017/18,2017-12-23,Sydney Cricket Ground,1,3.6,Sydney Sixers,Perth Scorchers,NJ Maddinson,MC Henriques,JA Richardson,1,0,,,,,,,,,
1114860,2017/18,2017-12-23,Sydney Cricket Ground,1,4.1,Sydney Sixers,Perth Scorchers,NJ Maddinson,MC Henriques,DJ Willey,0,0,,,,,,,,,
1114860,2017/18,2017-12-23,Sydney Cricket Ground,1,4.2,Sydney Sixers,Perth Scorchers,NJ Maddinson,MC Henriques,DJ Willey,0,0,,,,,,,,,
1114860,2017/18,2017-12-23,Sydney Cricket Ground,1,4.3,Sydney Sixers,Perth Scorchers,NJ Maddinson,MC Henriques,DJ Willey,0,1,1,,,,,,,,
1114860,2017/18,2017-12-23,Sydney Cricket Ground,1,4.4,Sydney Sixers,Perth Scorchers,NJ Maddinson,MC Henriques,DJ Willey,4,0,,,,,,,,,
1114860,2017/18,2017-12-23,Sydney Cricket Ground,1,4.5,Sydney Sixers,Perth Scorchers,NJ Maddinson,MC Henriques,DJ Willey,1,0,,,,,,,,,
1114860,2017/18,2017-12-23,Sydney Cricket Ground,1,4.6,Sydney Sixers,Perth Scorchers,MC Henriques,NJ Maddinson,DJ Willey,0,0,,,,,,,,,
1114860,2017/18,2017-12-23,Sydney Cricket Ground,1,4.7,Sydney Sixers,Perth Scorchers,MC Henriques,NJ Maddinson,DJ Willey,0,0,,,,,,caught,MC Henriques,,
1114860,2017/18,2017-12-23,Sydney Cricket Ground,1,5.1,Sydney Sixers,Perth Scorchers,NJ Maddinson,SW Billings,AJ Tye,0,0,,,,,,,,,
1114860,2017/18,2017-12-23,Sydney Cricket Ground,1,5.2,Sydney Sixers,Perth Scorchers,NJ Maddinson,SW Billings,AJ Tye,1,0,,,,,,,,,
1114860,2017/18,2017-12-23,Sydney Cricket Ground,1,5.3,Sydney Sixers,Perth Scorchers,SW Billings,NJ Maddinson,AJ Tye,0,0,,,,,,caught,SW Billings,,
1114860,2017/18,2017-12-23,Sydney Cricket Ground,1,5.4,Sydney Sixers,Perth Scorchers,J Botha,NJ Maddinson,AJ Tye,0,0,,,,,,,,,
1114860,2017/18,2017-12-23,Sydney Cricket Ground,1,5.5,Sydney Sixers,Perth Scorchers,J Botha,NJ Maddinson,AJ Tye,1,0,,,,,,,,,
1114860,2017/18,2017-12-23,Sydney Cricket Ground,1,5.6,Sydney Sixers,Perth Scorchers,NJ Maddinson,J Botha,AJ Tye,0,0,,,,,,,,,
1114860,2017/18,2017-12-23,Sydney Cricket Ground,1,6.1,Sydney Sixers,Perth Scorchers,J Botha,NJ Maddinson,DJ Willey,0,0,,,,,,,,,
1114860,2017/18,2017-12-23,Sydney Cricket Ground,1,6.2,Sydney Sixers,Perth Scorchers,J Botha,NJ Maddinson,DJ Willey,2,0,,,,,,,,,
1114860,2017/18,2017-12-23,Sydney Cricket Ground,1,6.3,Sydney Sixers,Perth Scorchers,J Botha,NJ Maddinson,DJ Willey,1,0,,,,,,,,,
1114860,2017/18,2017-12-23,Sydney Cricket Ground,1,6.4,Sydney Sixers,Perth Scorchers,NJ Maddinson,J Botha,DJ Willey,1,0,,,,,,,,,
1114860,2017/18,2017-12-23,Sydney Cricket Ground,1,6.5,Sydney Sixers,Perth Scorchers,J Botha,NJ Maddinson,DJ Willey,0,0,,,,,,bowled,J Botha,,
1114860,2017/18,2017-12-23,Sydney Cricket Ground,1,6.6,Sydney Sixers,Perth Scorchers,PM Nevill,NJ Maddinson,DJ Willey,0,0,,,,,,,,,
1114860,2017/18,2017-12-23,Sydney Cricket Ground,1,7.1,Sydney Sixers,Perth Scorchers,NJ Maddinson,PM Nevill,MG Johnson,1,0,,,,,,,,,
1114860,2017/18,2017-12-23,Sydney Cricket Ground,1,7.2,Sydney Sixers,Perth Scorchers,PM Nevill,NJ Maddinson,MG Johnson,0,0,,,,,,,,,
1114860,2017/18,2017-12-23,Sydney Cricket Ground,1,7.3,Sydney Sixers,Perth Scorchers,PM Nevill,NJ Maddinson,MG Johnson,0,0,,,,,,,,,
1114860,2017/18,2017-12-23,Sydney Cricket Ground,1,7.4,Sydney Sixers,Perth Scorchers,PM Nevill,NJ Maddinson,MG Johnson,0,0,,,,,,,,,
1114860,2017/18,2017-12-23,Sydney Cricket Ground,1,7.5,Sydney Sixers,Perth Scorchers,PM Nevill,NJ Maddinson,MG Johnson,1,0,,,,,,,,,
1114860,2017/18,2017-12-23,Sydney Cricket Ground,1,7.6,Sydney Sixers,Perth Scorchers,NJ Maddinson,PM Nevill,MG Johnson,1,0,,,,,,,,,
1114860,2017/18,2017-12-23,Sydney Cricket Ground,1,8.1,Sydney Sixers,Perth Scorchers,NJ Maddinson,PM Nevill,AC Agar,1,0,,,,,,,,,
1114860,2017/18,2017-12-23,Sydney Cricket Ground,1,8.2,Sydney Sixers,Perth Scorchers,PM Nevill,NJ Maddinson,AC Agar,1,0,,,,,,,,,
1114860,2017/18,2017-12-23,Sydney Cricket Ground,1,8.3,Sydney Sixers,Perth Scorchers,NJ Maddinson,PM Nevill,AC Agar,1,0,,,,,,,,,
1114860,2017/18,2017-12-23,Sydney Cricket Ground,1,8.4,Sydney Sixers,Perth Scorchers,PM Nevill,NJ Maddinson,AC Agar,1,0,,,,,,,,,
1114860,2017/18,2017-12-23,Sydney Cricket Ground,1,8.5,Sydney Sixers,Perth Scorchers,NJ Maddinson,PM Nevill,AC Agar,1,0,,,,,,,,,
1114860,2017/18,2017-12-23,Sydney Cricket Ground,1,8.6,Sydney Sixers,Perth Scorchers,PM Nevill,NJ Maddinson,AC Agar,0,0,,,,,,,,,
1114860,2017/18,2017-12-23,Sydney Cricket Ground,1,9.1,Sydney Sixers,Perth Scorchers,NJ Maddinson,PM Nevill,AJ Tye,1,0,,,,,,,,,
1114860,2017/18,2017-12-23,Sydney Cricket Ground,1,9.2,Sydney Sixers,Perth Scorchers,PM Nevill,NJ Maddinson,AJ Tye,1,0,,,,,,,,,
1114860,2017/18,2017-12-23,Sydney Cricket Ground,1,9.3,Sydney Sixers,Perth Scorchers,NJ Maddinson,PM Nevill,AJ Tye,2,0,,,,,,,,,
1114860,2017/18,2017-12-23,Sydney Cricket Ground,1,9.4,Sydney Sixers,Perth Scorchers,NJ Maddinson,PM Nevill,AJ Tye,0,0,,,,,,,,,
1114860,2017/18,2017-12-23,Sydney Cricket Ground,1,9.5,Sydney Sixers,Perth Scorchers,NJ Maddinson,PM Nevill,AJ Tye,1,0,,,,,,,,,
1114860,2017/18,2017-12-23,Sydney Cricket Ground,1,9.6,Sydney Sixers,Perth Scorchers,PM Nevill,NJ Maddinson,AJ Tye,0,1,1,,,,,,,,
1114860,2017/18,2017-12-23,Sydney Cricket Ground,1,9.7,Sydney Sixers,Perth Scorchers,PM Nevill,NJ Maddinson,AJ Tye,1,0,,,,,,,,,
1114860,2017/18,2017-12-23,Sydney Cricket Ground,1,10.1,Sydney Sixers,Perth Scorchers,PM Nevill,NJ Maddinson,AC Agar,1,0,,,,,,,,,
1114860,2017/18,2017-12-23,Sydney Cricket Ground,1,10.2,Sydney Sixers,Perth Scorchers,NJ Maddinson,PM Nevill,AC Agar,1,0,,,,,,,,,
1114860,2017/18,2017-12-23,Sydney Cricket Ground,1,10.3,Sydney Sixers,Perth Scorchers,PM Nevill,NJ Maddinson,AC Agar,0,0,,,,,,,,,
1114860,2017/18,2017-12-23,Sydney Cricket Ground,1,10.4,Sydney Sixers,Perth Scorchers,PM Nevill,NJ Maddinson,AC Agar,1,0,,,,,,,,,
1114860,2017/18,2017-12-23,Sydney Cricket Ground,1,10.5,Sydney Sixers,Perth Scorchers,NJ Maddinson,PM Nevill,AC Agar,0,0,,,,,,,,,
1114860,2017/18,2017-12-23,Sydney Cricket Ground,1,10.6,Sydney Sixers,Perth Scorchers,NJ Maddinson,PM Nevill,AC Agar,1,0,,,,,,,,,
1114860,2017/18,2017-12-23,Sydney Cricket Ground,1,11.1,Sydney Sixers,Perth Scorchers,NJ Maddinson,PM Nevill,DJ Willey,1,0,,,,,,,,,
1114860,2017/18,2017-12-23,Sydney Cricket Ground,1,11.2,Sydney Sixers,Perth Scorchers,PM Nevill,NJ Maddinson,DJ Willey,4,0,,,,,,,,,
1114860,2017/18,2017-12-23,Sydney Cricket Ground,1,11.3,Sydney Sixers,Perth Scorchers,PM Nevill,NJ Maddinson,DJ Willey,0,0,,,,,,,,,
1114860,2017/18,2017-12-23,Sydney Cricket Ground,1,11.4,Sydney Sixers,Perth Scorchers,PM Nevill,NJ Maddinson,DJ Willey,4,0,,,,,,,,,
1114860,2017/18,2017-12-23,Sydney Cricket Ground,1,11.5,Sydney Sixers,Perth Scorchers,PM Nevill,NJ Maddinson,DJ Willey,1,0,,,,,,,,,
1114860,2017/18,2017-12-23,Sydney Cricket Ground,1,11.6,Sydney Sixers,Perth Scorchers,NJ Maddinson,PM Nevill,DJ Willey,1,0,,,,,,,,,
1114860,2017/18,2017-12-23,Sydney Cricket Ground,1,12.1,Sydney Sixers,Perth Scorchers,NJ Maddinson,PM Nevill,AC Agar,2,0,,,,,,,,,
1114860,2017/18,2017-12-23,Sydney Cricket Ground,1,12.2,Sydney Sixers,Perth Scorchers,NJ Maddinson,PM Nevill,AC Agar,1,0,,,,,,,,,
1114860,2017/18,2017-12-23,Sydney Cricket Ground,1,12.3,Sydney Sixers,Perth Scorchers,PM Nevill,NJ Maddinson,AC Agar,1,0,,,,,,,,,
1114860,2017/18,2017-12-23,Sydney Cricket Ground,1,12.4,Sydney Sixers,Perth Scorchers,NJ Maddinson,PM Nevill,AC Agar,1,0,,,,,,,,,
1114860,2017/18,2017-12-23,Sydney Cricket Ground,1,12.5,Sydney Sixers,Perth Scorchers,PM Nevill,NJ Maddinson,AC Agar,1,0,,,,,,,,,
1114860,2017/18,2017-12-23,Sydney Cricket Ground,1,12.6,Sydney Sixers,Perth Scorchers,NJ Maddinson,PM Nevill,AC Agar,1,0,,,,,,,,,
1114860,2017/18,2017-12-23,Sydney Cricket Ground,1,13.1,Sydney Sixers,Perth Scorchers,NJ Maddinson,PM Nevill,MG Johnson,0,0,,,,,,,,,
1114860,2017/18,2017-12-23,Sydney Cricket Ground,1,13.2,Sydney Sixers,Perth Scorchers,NJ Maddinson,PM Nevill,MG Johnson,0,0,,,,,,caught,NJ Maddinson,,
1114860,2017/18,2017-12-23,Sydney Cricket Ground,1,13.3,Sydney Sixers,Perth Scorchers,SNJ O'Keefe,PM Nevill,MG Johnson,1,0,,,,,,,,,
1114860,2017/18,2017-12-23,Sydney Cricket Ground,1,13.4,Sydney Sixers,Perth Scorchers,PM Nevill,SNJ O'Keefe,MG Johnson,0,0,,,,,,bowled,PM Nevill,,
1114860,2017/18,2017-12-23,Sydney Cricket Ground,1,13.5,Sydney Sixers,Perth Scorchers,SA Abbott,SNJ O'Keefe,MG Johnson,0,0,,,,,,,,,
1114860,2017/18,2017-12-23,Sydney Cricket Ground,1,13.6,Sydney Sixers,Perth Scorchers,SA Abbott,SNJ O'Keefe,MG Johnson,0,1,1,,,,,,,,
1114860,2017/18,2017-12-23,Sydney Cricket Ground,1,13.7,Sydney Sixers,Perth Scorchers,SA Abbott,SNJ O'Keefe,MG Johnson,4,0,,,,,,,,,
1114860,2017/18,2017-12-23,Sydney Cricket Ground,1,14.1,Sydney Sixers,Perth Scorchers,SNJ O'Keefe,SA Abbott,DJ Willey,2,0,,,,,,,,,
1114860,2017/18,2017-12-23,Sydney Cricket Ground,1,14.2,Sydney Sixers,Perth Scorchers,SNJ O'Keefe,SA Abbott,DJ Willey,2,0,,,,,,,,,
1114860,2017/18,2017-12-23,Sydney Cricket Ground,1,14.3,Sydney Sixers,Perth Scorchers,SNJ O'Keefe,SA Abbott,DJ Willey,1,0,,,,,,,,,
1114860,2017/18,2017-12-23,Sydney Cricket Ground,1,14.4,Sydney Sixers,Perth Scorchers,SA Abbott,SNJ O'Keefe,DJ Willey,1,0,,,,,,,,,
1114860,2017/18,2017-12-23,Sydney Cricket Ground,1,14.5,Sydney Sixers,Perth Scorchers,SNJ O'Keefe,SA Abbott,DJ Willey,1,1,,1,,,,,,,
1114860,2017/18,2017-12-23,Sydney Cricket Ground,1,14.6,Sydney Sixers,Perth Scorchers,SA Abbott,SNJ O'Keefe,DJ Willey,2,0,,,,,,,,,
1114860,2017/18,2017-12-23,Sydney Cricket Ground,1,14.7,Sydney Sixers,Perth Scorchers,SA Abbott,SNJ O'Keefe,DJ Willey,4,0,,,,,,,,,
1114860,2017/18,2017-12-23,Sydney Cricket Ground,1,15.1,Sydney Sixers,Perth Scorchers,SNJ O'Keefe,SA Abbott,AC Agar,1,0,,,,,,,,,
1114860,2017/18,2017-12-23,Sydney Cricket Ground,1,15.2,Sydney Sixers,Perth Scorchers,SA Abbott,SNJ O'Keefe,AC Agar,1,0,,,,,,,,,
1114860,2017/18,2017-12-23,Sydney Cricket Ground,1,15.3,Sydney Sixers,Perth Scorchers,SNJ O'Keefe,SA Abbott,AC Agar,0,0,,,,,,,,,
1114860,2017/18,2017-12-23,Sydney Cricket Ground,1,15.4,Sydney Sixers,Perth Scorchers,SNJ O'Keefe,SA Abbott,AC Agar,1,0,,,,,,,,,
1114860,2017/18,2017-12-23,Sydney Cricket Ground,1,15.5,Sydney Sixers,Perth Scorchers,SA Abbott,SNJ O'Keefe,AC Agar,1,0,,,,,,,,,
1114860,2017/18,2017-12-23,Sydney Cricket Ground,1,15.6,Sydney Sixers,Perth Scorchers,SNJ O'Keefe,SA Abbott,AC Agar,1,0,,,,,,,,,
1114860,2017/18,2017-12-23,Sydney Cricket Ground,1,16.1,Sydney Sixers,Perth Scorchers,SNJ O'Keefe,SA Abbott,AJ Tye,4,0,,,,,,,,,
1114860,2017/18,2017-12-23,Sydney Cricket Ground,1,16.2,Sydney Sixers,Perth Scorchers,SNJ O'Keefe,SA Abbott,AJ Tye,2,0,,,,,,,,,
1114860,2017/18,2017-12-23,Sydney Cricket Ground,1,16.3,Sydney Sixers,Perth Scorchers,SNJ O'Keefe,SA Abbott,AJ Tye,1,0,,,,,,,,,
1114860,2017/18,2017-12-23,Sydney Cricket Ground,1,16.4,Sydney Sixers,Perth Scorchers,SA Abbott,SNJ O'Keefe,AJ Tye,2,0,,,,,,,,,
1114860,2017/18,2017-12-23,Sydney Cricket Ground,1,16.5,Sydney Sixers,Perth Scorchers,SA Abbott,SNJ O'Keefe,AJ Tye,1,0,,,,,,,,,
1114860,2017/18,2017-12-23,Sydney Cricket Ground,1,16.6,Sydney Sixers,Perth Scorchers,SNJ O'Keefe,SA Abbott,AJ Tye,1,0,,,,,,,,,
1114860,2017/18,2017-12-23,Sydney Cricket Ground,1,17.1,Sydney Sixers,Perth Scorchers,SNJ O'Keefe,SA Abbott,JA Richardson,1,0,,,,,,,,,
1114860,2017/18,2017-12-23,Sydney Cricket Ground,1,17.2,Sydney Sixers,Perth Scorchers,SA Abbott,SNJ O'Keefe,JA Richardson,4,0,,,,,,,,,
1114860,2017/18,2017-12-23,Sydney Cricket Ground,1,17.3,Sydney Sixers,Perth Scorchers,SA Abbott,SNJ O'Keefe,JA Richardson,1,0,,,,,,,,,
1114860,2017/18,2017-12-23,Sydney Cricket Ground,1,17.4,Sydney Sixers,Perth Scorchers,SNJ O'Keefe,SA Abbott,JA Richardson,2,0,,,,,,,,,
1114860,2017/18,2017-12-23,Sydney Cricket Ground,1,17.5,Sydney Sixers,Perth Scorchers,SNJ O'Keefe,SA Abbott,JA Richardson,1,0,,,,,,,,,
1114860,2017/18,2017-12-23,Sydney Cricket Ground,1,17.6,Sydney Sixers,Perth Scorchers,SA Abbott,SNJ O'Keefe,JA Richardson,0,1,1,,,,,,,,
1114860,2017/18,2017-12-23,Sydney Cricket Ground,1,17.7,Sydney Sixers,Perth Scorchers,SA Abbott,SNJ O'Keefe,JA Richardson,2,0,,,,,,,,,
1114860,2017/18,2017-12-23,Sydney Cricket Ground,1,18.1,Sydney Sixers,Perth Scorchers,SNJ O'Keefe,SA Abbott,AJ Tye,1,0,,,,,,,,,
1114860,2017/18,2017-12-23,Sydney Cricket Ground,1,18.2,Sydney Sixers,Perth Scorchers,SA Abbott,SNJ O'Keefe,AJ Tye,0,0,,,,,,caught,SA Abbott,,
1114860,2017/18,2017-12-23,Sydney Cricket Ground,1,18.3,Sydney Sixers,Perth Scorchers,SNJ O'Keefe,DR Sams,AJ Tye,0,0,,,,,,caught,SNJ O'Keefe,,
1114860,2017/18,2017-12-23,Sydney Cricket Ground,1,18.4,Sydney Sixers,Perth Scorchers,DR Sams,DE Bollinger,AJ Tye,0,0,,,,,,lbw,DR Sams,,
1114860,2017/18,2017-12-23,Sydney Cricket Ground,2,0.1,Perth Scorchers,Sydney Sixers,WG Bosisto,JR Philippe,DR Sams,0,1,1,,,,,,,,
1114860,2017/18,2017-12-23,Sydney Cricket Ground,2,0.2,Perth Scorchers,Sydney Sixers,WG Bosisto,JR Philippe,DR Sams,0,0,,,,,,,,,
1114860,2017/18,2017-12-23,Sydney Cricket Ground,2,0.3,Perth Scorchers,Sydney Sixers,WG Bosisto,JR Philippe,DR Sams,0,0,,,,,,,,,
1114860,2017/18,2017-12-23,Sydney Cricket Ground,2,0.4,Perth Scorchers,Sydney Sixers,WG Bosisto,JR Philippe,DR Sams,0,0,,,,,,,,,
1114860,2017/18,2017-12-23,Sydney Cricket Ground,2,0.5,Perth Scorchers,Sydney Sixers,WG Bosisto,JR Philippe,DR Sams,0,0,,,,,,,,,
1114860,2017/18,2017-12-23,Sydney Cricket Ground,2,0.6,Perth Scorchers,Sydney Sixers,WG Bosisto,JR Philippe,DR Sams,1,0,,,,,,,,,
1114860,2017/18,2017-12-23,Sydney Cricket Ground,2,0.7,Perth Scorchers,Sydney Sixers,JR Philippe,WG Bosisto,DR Sams,0,0,,,,,,,,,
1114860,2017/18,2017-12-23,Sydney Cricket Ground,2,1.1,Perth Scorchers,Sydney Sixers,WG Bosisto,JR Philippe,DE Bollinger,4,0,,,,,,,,,
1114860,2017/18,2017-12-23,Sydney Cricket Ground,2,1.2,Perth Scorchers,Sydney Sixers,WG Bosisto,JR Philippe,DE Bollinger,0,0,,,,,,,,,
1114860,2017/18,2017-12-23,Sydney Cricket Ground,2,1.3,Perth Scorchers,Sydney Sixers,WG Bosisto,JR Philippe,DE Bollinger,4,0,,,,,,,,,
1114860,2017/18,2017-12-23,Sydney Cricket Ground,2,1.4,Perth Scorchers,Sydney Sixers,WG Bosisto,JR Philippe,DE Bollinger,4,0,,,,,,,,,
1114860,2017/18,2017-12-23,Sydney Cricket Ground,2,1.5,Perth Scorchers,Sydney Sixers,WG Bosisto,JR Philippe,DE Bollinger,0,0,,,,,,,,,
1114860,2017/18,2017-12-23,Sydney Cricket Ground,2,1.6,Perth Scorchers,Sydney Sixers,WG Bosisto,JR Philippe,DE Bollinger,1,0,,,,,,,,,
1114860,2017/18,2017-12-23,Sydney Cricket Ground,2,2.1,Perth Scorchers,Sydney Sixers,WG Bosisto,JR Philippe,DR Sams,1,0,,,,,,,,,
1114860,2017/18,2017-12-23,Sydney Cricket Ground,2,2.2,Perth Scorchers,Sydney Sixers,JR Philippe,WG Bosisto,DR Sams,0,0,,,,,,,,,
1114860,2017/18,2017-12-23,Sydney Cricket Ground,2,2.3,Perth Scorchers,Sydney Sixers,JR Philippe,WG Bosisto,DR Sams,2,0,,,,,,,,,
1114860,2017/18,2017-12-23,Sydney Cricket Ground,2,2.4,Perth Scorchers,Sydney Sixers,JR Philippe,WG Bosisto,DR Sams,1,0,,,,,,,,,
1114860,2017/18,2017-12-23,Sydney Cricket Ground,2,2.5,Perth Scorchers,Sydney Sixers,WG Bosisto,JR Philippe,DR Sams,0,0,,,,,,,,,
1114860,2017/18,2017-12-23,Sydney Cricket Ground,2,2.6,Perth Scorchers,Sydney Sixers,WG Bosisto,JR Philippe,DR Sams,0,0,,,,,,,,,
1114860,2017/18,2017-12-23,Sydney Cricket Ground,2,3.1,Perth Scorchers,Sydney Sixers,JR Philippe,WG Bosisto,SNJ O'Keefe,1,0,,,,,,,,,
1114860,2017/18,2017-12-23,Sydney Cricket Ground,2,3.2,Perth Scorchers,Sydney Sixers,WG Bosisto,JR Philippe,SNJ O'Keefe,0,0,,,,,,,,,
1114860,2017/18,2017-12-23,Sydney Cricket Ground,2,3.3,Perth Scorchers,Sydney Sixers,WG Bosisto,JR Philippe,SNJ O'Keefe,1,0,,,,,,,,,
1114860,2017/18,2017-12-23,Sydney Cricket Ground,2,3.4,Perth Scorchers,Sydney Sixers,JR Philippe,WG Bosisto,SNJ O'Keefe,0,1,,,,1,,,,,
1114860,2017/18,2017-12-23,Sydney Cricket Ground,2,3.5,Perth Scorchers,Sydney Sixers,WG Bosisto,JR Philippe,SNJ O'Keefe,4,0,,,,,,,,,
1114860,2017/18,2017-12-23,Sydney Cricket Ground,2,3.6,Perth Scorchers,Sydney Sixers,WG Bosisto,JR Philippe,SNJ O'Keefe,1,0,,,,,,,,,
1114860,2017/18,2017-12-23,Sydney Cricket Ground,2,4.1,Perth Scorchers,Sydney Sixers,WG Bosisto,JR Philippe,SA Abbott,0,1,,,,1,,,,,
1114860,2017/18,2017-12-23,Sydney Cricket Ground,2,4.2,Perth Scorchers,Sydney Sixers,JR Philippe,WG Bosisto,SA Abbott,2,0,,,,,,,,,
1114860,2017/18,2017-12-23,Sydney Cricket Ground,2,4.3,Perth Scorchers,Sydney Sixers,JR Philippe,WG Bosisto,SA Abbott,0,0,,,,,,,,,
1114860,2017/18,2017-12-23,Sydney Cricket Ground,2,4.4,Perth Scorchers,Sydney Sixers,JR Philippe,WG Bosisto,SA Abbott,1,0,,,,,,,,,
1114860,2017/18,2017-12-23,Sydney Cricket Ground,2,4.5,Perth Scorchers,Sydney Sixers,WG Bosisto,JR Philippe,SA Abbott,0,0,,,,,,caught,WG Bosisto,,
1114860,2017/18,2017-12-23,Sydney Cricket Ground,2,4.6,Perth Scorchers,Sydney Sixers,JR Philippe,DJ Willey,SA Abbott,0,0,,,,,,caught,JR Philippe,,
1114860,2017/18,2017-12-23,Sydney Cricket Ground,2,5.1,Perth Scorchers,Sydney Sixers,HWR Cartwright,DJ Willey,J Botha,0,0,,,,,,,,,
1114860,2017/18,2017-12-23,Sydney Cricket Ground,2,5.2,Perth Scorchers,Sydney Sixers,HWR Cartwright,DJ Willey,J Botha,0,0,,,,,,,,,
1114860,2017/18,2017-12-23,Sydney Cricket Ground,2,5.3,Perth Scorchers,Sydney Sixers,HWR Cartwright,DJ Willey,J Botha,0,0,,,,,,,,,
1114860,2017/18,2017-12-23,Sydney Cricket Ground,2,5.4,Perth Scorchers,Sydney Sixers,HWR Cartwright,DJ Willey,J Botha,1,0,,,,,,,,,
1114860,2017/18,2017-12-23,Sydney Cricket Ground,2,5.5,Perth Scorchers,Sydney Sixers,DJ Willey,HWR Cartwright,J Botha,1,0,,,,,,,,,
1114860,2017/18,2017-12-23,Sydney Cricket Ground,2,5.6,Perth Scorchers,Sydney Sixers,HWR Cartwright,DJ Willey,J Botha,0,0,,,,,,,,,
1114860,2017/18,2017-12-23,Sydney Cricket Ground,2,6.1,Perth Scorchers,Sydney Sixers,DJ Willey,HWR Cartwright,SNJ O'Keefe,0,0,,,,,,,,,
1114860,2017/18,2017-12-23,Sydney Cricket Ground,2,6.2,Perth Scorchers,Sydney Sixers,DJ Willey,HWR Cartwright,SNJ O'Keefe,0,0,,,,,,,,,
1114860,2017/18,2017-12-23,Sydney Cricket Ground,2,6.3,Perth Scorchers,Sydney Sixers,DJ Willey,HWR Cartwright,SNJ O'Keefe,0,0,,,,,,,,,
1114860,2017/18,2017-12-23,Sydney Cricket Ground,2,6.4,Perth Scorchers,Sydney Sixers,DJ Willey,HWR Cartwright,SNJ O'Keefe,1,0,,,,,,,,,
1114860,2017/18,2017-12-23,Sydney Cricket Ground,2,6.5,Perth Scorchers,Sydney Sixers,HWR Cartwright,DJ Willey,SNJ O'Keefe,1,0,,,,,,,,,
1114860,2017/18,2017-12-23,Sydney Cricket Ground,2,6.6,Perth Scorchers,Sydney Sixers,DJ Willey,HWR Cartwright,SNJ O'Keefe,1,0,,,,,,,,,
1114860,2017/18,2017-12-23,Sydney Cricket Ground,2,7.1,Perth Scorchers,Sydney Sixers,DJ Willey,HWR Cartwright,DE Bollinger,0,0,,,,,,,,,
1114860,2017/18,2017-12-23,Sydney Cricket Ground,2,7.2,Perth Scorchers,Sydney Sixers,DJ Willey,HWR Cartwright,DE Bollinger,1,0,,,,,,,,,
1114860,2017/18,2017-12-23,Sydney Cricket Ground,2,7.3,Perth Scorchers,Sydney Sixers,HWR Cartwright,DJ Willey,DE Bollinger,1,0,,,,,,,,,
1114860,2017/18,2017-12-23,Sydney Cricket Ground,2,7.4,Perth Scorchers,Sydney Sixers,DJ Willey,HWR Cartwright,DE Bollinger,4,0,,,,,,,,,
1114860,2017/18,2017-12-23,Sydney Cricket Ground,2,7.5,Perth Scorchers,Sydney Sixers,DJ Willey,HWR Cartwright,DE Bollinger,0,0,,,,,,,,,
1114860,2017/18,2017-12-23,Sydney Cricket Ground,2,7.6,Perth Scorchers,Sydney Sixers,DJ Willey,HWR Cartwright,DE Bollinger,0,0,,,,,,,,,
1114860,2017/18,2017-12-23,Sydney Cricket Ground,2,8.1,Perth Scorchers,Sydney Sixers,HWR Cartwright,DJ Willey,J Botha,1,0,,,,,,,,,
1114860,2017/18,2017-12-23,Sydney Cricket Ground,2,8.2,Perth Scorchers,Sydney Sixers,DJ Willey,HWR Cartwright,J Botha,2,0,,,,,,,,,
1114860,2017/18,2017-12-23,Sydney Cricket Ground,2,8.3,Perth Scorchers,Sydney Sixers,DJ Willey,HWR Cartwright,J Botha,1,0,,,,,,,,,
1114860,2017/18,2017-12-23,Sydney Cricket Ground,2,8.4,Perth Scorchers,Sydney Sixers,HWR Cartwright,DJ Willey,J Botha,1,0,,,,,,,,,
1114860,2017/18,2017-12-23,Sydney Cricket Ground,2,8.5,Perth Scorchers,Sydney Sixers,DJ Willey,HWR Cartwright,J Botha,1,0,,,,,,,,,
1114860,2017/18,2017-12-23,Sydney Cricket Ground,2,8.6,Perth Scorchers,Sydney Sixers,HWR Cartwright,DJ Willey,J Botha,2,0,,,,,,,,,
1114860,2017/18,2017-12-23,Sydney Cricket Ground,2,9.1,Perth Scorchers,Sydney Sixers,DJ Willey,HWR Cartwright,SA Abbott,1,0,,,,,,,,,
1114860,2017/18,2017-12-23,Sydney Cricket Ground,2,9.2,Perth Scorchers,Sydney Sixers,HWR Cartwright,DJ Willey,SA Abbott,1,0,,,,,,,,,
1114860,2017/18,2017-12-23,Sydney Cricket Ground,2,9.3,Perth Scorchers,Sydney Sixers,DJ Willey,HWR Cartwright,SA Abbott,0,0,,,,,,caught,DJ Willey,,
1114860,2017/18,2017-12-23,Sydney Cricket Ground,2,9.4,Perth Scorchers,Sydney Sixers,HWR Cartwright,AJ Turner,SA Abbott,1,0,,,,,,,,,
1114860,2017/18,2017-12-23,Sydney Cricket Ground,2,9.5,Perth Scorchers,Sydney Sixers,AJ Turner,HWR Cartwright,SA Abbott,1,0,,,,,,,,,
1114860,2017/18,2017-12-23,Sydney Cricket Ground,2,9.6,Perth Scorchers,Sydney Sixers,HWR Cartwright,AJ Turner,SA Abbott,0,0,,,,,,,,,
1114860,2017/18,2017-12-23,Sydney Cricket Ground,2,10.1,Perth Scorchers,Sydney Sixers,AJ Turner,HWR Cartwright,J Botha,0,0,,,,,,,,,
1114860,2017/18,2017-12-23,Sydney Cricket Ground,2,10.2,Perth Scorchers,Sydney Sixers,AJ Turner,HWR Cartwright,J Botha,0,0,,,,,,,,,
1114860,2017/18,2017-12-23,Sydney Cricket Ground,2,10.3,Perth Scorchers,Sydney Sixers,AJ Turner,HWR Cartwright,J Botha,0,0,,,,,,,,,
1114860,2017/18,2017-12-23,Sydney Cricket Ground,2,10.4,Perth Scorchers,Sydney Sixers,AJ Turner,HWR Cartwright,J Botha,1,0,,,,,,,,,
1114860,2017/18,2017-12-23,Sydney Cricket Ground,2,10.5,Perth Scorchers,Sydney Sixers,HWR Cartwright,AJ Turner,J Botha,1,0,,,,,,,,,
1114860,2017/18,2017-12-23,Sydney Cricket Ground,2,10.6,Perth Scorchers,Sydney Sixers,AJ Turner,HWR Cartwright,J Botha,0,0,,,,,,,,,
1114860,2017/18,2017-12-23,Sydney Cricket Ground,2,11.1,Perth Scorchers,Sydney Sixers,HWR Cartwright,AJ Turner,DE Bollinger,0,0,,,,,,,,,
1114860,2017/18,2017-12-23,Sydney Cricket Ground,2,11.2,Perth Scorchers,Sydney Sixers,HWR Cartwright,AJ Turner,DE Bollinger,6,0,,,,,,,,,
1114860,2017/18,2017-12-23,Sydney Cricket Ground,2,11.3,Perth Scorchers,Sydney Sixers,HWR Cartwright,AJ Turner,DE Bollinger,0,0,,,,,,,,,
1114860,2017/18,2017-12-23,Sydney Cricket Ground,2,11.4,Perth Scorchers,Sydney Sixers,HWR Cartwright,AJ Turner,DE Bollinger,4,0,,,,,,,,,
1114860,2017/18,2017-12-23,Sydney Cricket Ground,2,11.5,Perth Scorchers,Sydney Sixers,HWR Cartwright,AJ Turner,DE Bollinger,0,0,,,,,,caught and bowled,HWR Cartwright,,
1114860,2017/18,2017-12-23,Sydney Cricket Ground,2,11.6,Perth Scorchers,Sydney Sixers,AC Voges,AJ Turner,DE Bollinger,1,0,,,,,,,,,
1114860,2017/18,2017-12-23,Sydney Cricket Ground,2,12.1,Perth Scorchers,Sydney Sixers,AC Voges,AJ Turner,SNJ O'Keefe,0,0,,,,,,,,,
1114860,2017/18,2017-12-23,Sydney Cricket Ground,2,12.2,Perth Scorchers,Sydney Sixers,AC Voges,AJ Turner,SNJ O'Keefe,2,0,,,,,,,,,
1114860,2017/18,2017-12-23,Sydney Cricket Ground,2,12.3,Perth Scorchers,Sydney Sixers,AC Voges,AJ Turner,SNJ O'Keefe,0,0,,,,,,,,,
1114860,2017/18,2017-12-23,Sydney Cricket Ground,2,12.4,Perth Scorchers,Sydney Sixers,AC Voges,AJ Turner,SNJ O'Keefe,0,0,,,,,,,,,
1114860,2017/18,2017-12-23,Sydney Cricket Ground,2,12.5,Perth Scorchers,Sydney Sixers,AC Voges,AJ Turner,SNJ O'Keefe,2,0,,,,,,,,,
1114860,2017/18,2017-12-23,Sydney Cricket Ground,2,12.6,Perth Scorchers,Sydney Sixers,AC Voges,AJ Turner,SNJ O'Keefe,1,0,,,,,,,,,
1114860,2017/18,2017-12-23,Sydney Cricket Ground,2,13.1,Perth Scorchers,Sydney Sixers,AC Voges,AJ Turner,J Botha,2,0,,,,,,,,,
1114860,2017/18,2017-12-23,Sydney Cricket Ground,2,13.2,Perth Scorchers,Sydney Sixers,AC Voges,AJ Turner,J Botha,1,0,,,,,,,,,
1114860,2017/18,2017-12-23,Sydney Cricket Ground,2,13.3,Perth Scorchers,Sydney Sixers,AJ Turner,AC Voges,J Botha,0,0,,,,,,,,,
1114860,2017/18,2017-12-23,Sydney Cricket Ground,2,13.4,Perth Scorchers,Sydney Sixers,AJ Turner,AC Voges,J Botha,1,0,,,,,,,,,
1114860,2017/18,2017-12-23,Sydney Cricket Ground,2,13.5,Perth Scorchers,Sydney Sixers,AC Voges,AJ Turner,J Botha,1,0,,,,,,,,,
1114860,2017/18,2017-12-23,Sydney Cricket Ground,2,13.6,Perth Scorchers,Sydney Sixers,AJ Turner,AC Voges,J Botha,1,0,,,,,,,,,
1114860,2017/18,2017-12-23,Sydney Cricket Ground,2,14.1,Perth Scorchers,Sydney Sixers,AJ Turner,AC Voges,DR Sams,0,0,,,,,,,,,
1114860,2017/18,2017-12-23,Sydney Cricket Ground,2,14.2,Perth Scorchers,Sydney Sixers,AJ Turner,AC Voges,DR Sams,4,0,,,,,,,,,
1114860,2017/18,2017-12-23,Sydney Cricket Ground,2,14.3,Perth Scorchers,Sydney Sixers,AJ Turner,AC Voges,DR Sams,0,0,,,,,,,,,
1114860,2017/18,2017-12-23,Sydney Cricket Ground,2,14.4,Perth Scorchers,Sydney Sixers,AJ Turner,AC Voges,DR Sams,6,0,,,,,,,,,
1114860,2017/18,2017-12-23,Sydney Cricket Ground,2,14.5,Perth Scorchers,Sydney Sixers,AJ Turner,AC Voges,DR Sams,0,0,,,,,,,,,
1114860,2017/18,2017-12-23,Sydney Cricket Ground,2,14.6,Perth Scorchers,Sydney Sixers,AJ Turner,AC Voges,DR Sams,6,0,,,,,,,,,
1114860,2017/18,2017-12-23,Sydney Cricket Ground,2,15.1,Perth Scorchers,Sydney Sixers,AC Voges,AJ Turner,SNJ O'Keefe,1,0,,,,,,,,,
1114860,2017/18,2017-12-23,Sydney Cricket Ground,2,15.2,Perth Scorchers,Sydney Sixers,AJ Turner,AC Voges,SNJ O'Keefe,2,0,,,,,,,,,
1114860,2017/18,2017-12-23,Sydney Cricket Ground,2,15.3,Perth Scorchers,Sydney Sixers,AJ Turner,AC Voges,SNJ O'Keefe,0,1,,,,1,,,,,
1114860,2017/18,2017-12-23,Sydney Cricket Ground,2,15.4,Perth Scorchers,Sydney Sixers,AC Voges,AJ Turner,SNJ O'Keefe,1,0,,,,,,,,,
1114860,2017/18,2017-12-23,Sydney Cricket Ground,2,15.5,Perth Scorchers,Sydney Sixers,AJ Turner,AC Voges,SNJ O'Keefe,2,0,,,,,,,,,
1114860,2017/18,2017-12-23,Sydney Cricket Ground,2,15.6,Perth Scorchers,Sydney Sixers,AJ Turner,AC Voges,SNJ O'Keefe,2,0,,,,,,,,,
1114860,2017/18,2017-12-23,Sydney Cricket Ground,2,16.1,Perth Scorchers,Sydney Sixers,AC Voges,AJ Turner,SA Abbott,1,0,,,,,,,,,
1114860,2017/18,2017-12-23,Sydney Cricket Ground,2,16.2,Perth Scorchers,Sydney Sixers,AJ Turner,AC Voges,SA Abbott,2,0,,,,,,,,,
1114860,2017/18,2017-12-23,Sydney Cricket Ground,2,16.3,Perth Scorchers,Sydney Sixers,AJ Turner,AC Voges,SA Abbott,6,0,,,,,,,,,
1114860,2017/18,2017-12-23,Sydney Cricket Ground,2,16.4,Perth Scorchers,Sydney Sixers,AJ Turner,AC Voges,SA Abbott,6,0,,,,,,,,,
1114860,2017/18,2017-12-23,Sydney Cricket Ground,2,16.5,Perth Scorchers,Sydney Sixers,AJ Turner,AC Voges,SA Abbott,1,0,,,,,,,,,
1114860,2017/18,2017-12-23,Sydney Cricket Ground,2,16.6,Perth Scorchers,Sydney Sixers,AC Voges,AJ Turner,SA Abbott,1,0,,,,,,,,,
1114860,2017/18,2017-12-23,Sydney Cricket Ground,2,17.1,Perth Scorchers,Sydney Sixers,AC Voges,AJ Turner,DR Sams,0,0,,,,,,,,,
1114860,2017/18,2017-12-23,Sydney Cricket Ground,2,17.2,Perth Scorchers,Sydney Sixers,AC Voges,AJ Turner,DR Sams,4,0,,,,,,,,,
1114860,2017/18,2017-12-23,Sydney Cricket Ground,2,17.3,Perth Scorchers,Sydney Sixers,AC Voges,AJ Turner,DR Sams,1,0,,,,,,,,,
1114860,2017/18,2017-12-23,Sydney Cricket Ground,2,17.4,Perth Scorchers,Sydney Sixers,AJ Turner,AC Voges,DR Sams,0,0,,,,,,,,,
1114860,2017/18,2017-12-23,Sydney Cricket Ground,2,17.5,Perth Scorchers,Sydney Sixers,AJ Turner,AC Voges,DR Sams,6,0,,,,,,,,,
1114860,2017/18,2017-12-23,Sydney Cricket Ground,2,17.6,Perth Scorchers,Sydney Sixers,AJ Turner,AC Voges,DR Sams,1,0,,,,,,,,,
1114860,2017/18,2017-12-23,Sydney Cricket Ground,2,18.1,Perth Scorchers,Sydney Sixers,AJ Turner,AC Voges,SA Abbott,4,0,,,,,,,,,
