match_id,season,start_date,venue,innings,ball,batting_team,bowling_team,striker,non_striker,bowler,runs_off_bat,extras,wides,noballs,byes,legbyes,penalty,wicket_type,player_dismissed,other_wicket_type,other_player_dismissed
1114884,2017/18,2018-01-15,Bellerive Oval,1,0.1,Brisbane Heat,Hobart Hurricanes,SD Heazlett,BB McCullum,CA Rose,1,0,,,,,,,,,
1114884,2017/18,2018-01-15,Bellerive Oval,1,0.2,Brisbane Heat,Hobart Hurricanes,BB McCullum,SD Heazlett,CA Rose,1,0,,,,,,,,,
1114884,2017/18,2018-01-15,Bellerive Oval,1,0.3,Brisbane Heat,Hobart Hurricanes,SD Heazlett,BB McCullum,CA Rose,4,0,,,,,,,,,
1114884,2017/18,2018-01-15,Bellerive Oval,1,0.4,Brisbane Heat,Hobart Hurricanes,SD Heazlett,BB McCullum,CA Rose,0,0,,,,,,caught,SD Heazlett,,
1114884,2017/18,2018-01-15,Bellerive Oval,1,0.5,Brisbane Heat,Hobart Hurricanes,JA Burns,BB McCullum,CA Rose,0,0,,,,,,,,,
1114884,2017/18,2018-01-15,Bellerive Oval,1,0.6,Brisbane Heat,Hobart Hurricanes,JA Burns,BB McCullum,CA Rose,0,0,,,,,,,,,
1114884,2017/18,2018-01-15,Bellerive Oval,1,1.1,Brisbane Heat,Hobart Hurricanes,BB McCullum,JA Burns,JC Archer,0,0,,,,,,,,,
1114884,2017/18,2018-01-15,Bellerive Oval,1,1.2,Brisbane Heat,Hobart Hurricanes,BB McCullum,JA Burns,JC Archer,0,0,,,,,,,,,
1114884,2017/18,2018-01-15,Bellerive Oval,1,1.3,Brisbane Heat,Hobart Hurricanes,BB McCullum,JA Burns,JC Archer,2,0,,,,,,,,,
1114884,2017/18,2018-01-15,Bellerive Oval,1,1.4,Brisbane Heat,Hobart Hurricanes,BB McCullum,JA Burns,JC Archer,4,0,,,,,,,,,
1114884,2017/18,2018-01-15,Bellerive Oval,1,1.5,Brisbane Heat,Hobart Hurricanes,BB McCullum,JA Burns,JC Archer,2,0,,,,,,,,,
1114884,2017/18,2018-01-15,Bellerive Oval,1,1.6,Brisbane Heat,Hobart Hurricanes,BB McCullum,JA Burns,JC Archer,1,0,,,,,,,,,
1114884,2017/18,2018-01-15,Bellerive Oval,1,2.1,Brisbane Heat,Hobart Hurricanes,BB McCullum,JA Burns,CA Rose,1,0,,,,,,,,,
1114884,2017/18,2018-01-15,Bellerive Oval,1,2.2,Brisbane Heat,Hobart Hurricanes,JA Burns,BB McCullum,CA Rose,1,0,,,,,,,,,
1114884,2017/18,2018-01-15,Bellerive Oval,1,2.3,Brisbane Heat,Hobart Hurricanes,BB McCullum,JA Burns,CA Rose,0,1,1,,,,,,,,
1114884,2017/18,2018-01-15,Bellerive Oval,1,2.4,Brisbane Heat,Hobart Hurricanes,BB McCullum,JA Burns,CA Rose,0,1,,,,1,,,,,
1114884,2017/18,2018-01-15,Bellerive Oval,1,2.5,Brisbane Heat,Hobart Hurricanes,JA Burns,BB McCullum,CA Rose,0,0,,,,,,,,,
1114884,2017/18,2018-01-15,Bellerive Oval,1,2.6,Brisbane Heat,Hobart Hurricanes,JA Burns,BB McCullum,CA Rose,1,0,,,,,,,,,
1114884,2017/18,2018-01-15,Bellerive Oval,1,2.7,Brisbane Heat,Hobart Hurricanes,BB McCullum,JA Burns,CA Rose,2,0,,,,,,,,,
1114884,2017/18,2018-01-15,Bellerive Oval,1,3.1,Brisbane Heat,Hobart Hurricanes,JA Burns,BB McCullum,TS Mills,2,0,,,,,,,,,
1114884,2017/18,2018-01-15,Bellerive Oval,1,3.2,Brisbane Heat,Hobart Hurricanes,JA Burns,BB McCullum,TS Mills,0,0,,,,,,,,,
1114884,2017/18,2018-01-15,Bellerive Oval,1,3.3,Brisbane Heat,Hobart Hurricanes,JA Burns,BB McCullum,TS Mills,0,0,,,,,,,,,
1114884,2017/18,2018-01-15,Bellerive Oval,1,3.4,Brisbane Heat,Hobart Hurricanes,JA Burns,BB McCullum,TS Mills,0,0,,,,,,,,,
1114884,2017/18,2018-01-15,Bellerive Oval,1,3.5,Brisbane Heat,Hobart Hurricanes,JA Burns,BB McCullum,TS Mills,0,1,1,,,,,,,,
1114884,2017/18,2018-01-15,Bellerive Oval,1,3.6,Brisbane Heat,Hobart Hurricanes,JA Burns,BB McCullum,TS Mills,6,0,,,,,,,,,
1114884,2017/18,2018-01-15,Bellerive Oval,1,3.7,Brisbane Heat,Hobart Hurricanes,JA Burns,BB McCullum,TS Mills,1,0,,,,,,,,,
1114884,2017/18,2018-01-15,Bellerive Oval,1,4.1,Brisbane Heat,Hobart Hurricanes,JA Burns,BB McCullum,CA Rose,0,1,1,,,,,,,,
1114884,2017/18,2018-01-15,Bellerive Oval,1,4.2,Brisbane Heat,Hobart Hurricanes,JA Burns,BB McCullum,CA Rose,1,0,,,,,,,,,
1114884,2017/18,2018-01-15,Bellerive Oval,1,4.3,Brisbane Heat,Hobart Hurricanes,BB McCullum,JA Burns,CA Rose,1,0,,,,,,,,,
1114884,2017/18,2018-01-15,Bellerive Oval,1,4.4,Brisbane Heat,Hobart Hurricanes,JA Burns,BB McCullum,CA Rose,6,0,,,,,,,,,
1114884,2017/18,2018-01-15,Bellerive Oval,1,4.5,Brisbane Heat,Hobart Hurricanes,JA Burns,BB McCullum,CA Rose,0,0,,,,,,,,,
1114884,2017/18,2018-01-15,Bellerive Oval,1,4.6,Brisbane Heat,Hobart Hurricanes,JA Burns,BB McCullum,CA Rose,4,0,,,,,,,,,
1114884,2017/18,2018-01-15,Bellerive Oval,1,4.7,Brisbane Heat,Hobart Hurricanes,JA Burns,BB McCullum,CA Rose,1,0,,,,,,,,,
1114884,2017/18,2018-01-15,Bellerive Oval,1,5.1,Brisbane Heat,Hobart Hurricanes,JA Burns,BB McCullum,JC Archer,4,0,,,,,,,,,
1114884,2017/18,2018-01-15,Bellerive Oval,1,5.2,Brisbane Heat,Hobart Hurricanes,JA Burns,BB McCullum,JC Archer,0,1,,,,1,,,,,
1114884,2017/18,2018-01-15,Bellerive Oval,1,5.3,Brisbane Heat,Hobart Hurricanes,BB McCullum,JA Burns,JC Archer,1,0,,,,,,,,,
1114884,2017/18,2018-01-15,Bellerive Oval,1,5.4,Brisbane Heat,Hobart Hurricanes,JA Burns,BB McCullum,JC Archer,0,0,,,,,,,,,
1114884,2017/18,2018-01-15,Bellerive Oval,1,5.5,Brisbane Heat,Hobart Hurricanes,JA Burns,BB McCullum,JC Archer,4,0,,,,,,,,,
1114884,2017/18,2018-01-15,Bellerive Oval,1,5.6,Brisbane Heat,Hobart Hurricanes,JA Burns,BB McCullum,JC Archer,6,0,,,,,,,,,
1114884,2017/18,2018-01-15,Bellerive Oval,1,6.1,Brisbane Heat,Hobart Hurricanes,BB McCullum,JA Burns,DJM Short,0,0,,,,,,,,,
1114884,2017/18,2018-01-15,Bellerive Oval,1,6.2,Brisbane Heat,Hobart Hurricanes,BB McCullum,JA Burns,DJM Short,1,0,,,,,,,,,
1114884,2017/18,2018-01-15,Bellerive Oval,1,6.3,Brisbane Heat,Hobart Hurricanes,JA Burns,BB McCullum,DJM Short,1,0,,,,,,,,,
1114884,2017/18,2018-01-15,Bellerive Oval,1,6.4,Brisbane Heat,Hobart Hurricanes,BB McCullum,JA Burns,DJM Short,1,0,,,,,,,,,
1114884,2017/18,2018-01-15,Bellerive Oval,1,6.5,Brisbane Heat,Hobart Hurricanes,JA Burns,BB McCullum,DJM Short,0,0,,,,,,,,,
1114884,2017/18,2018-01-15,Bellerive Oval,1,6.6,Brisbane Heat,Hobart Hurricanes,JA Burns,BB McCullum,DJM Short,0,0,,,,,,caught,JA Burns,,
1114884,2017/18,2018-01-15,Bellerive Oval,1,7.1,Brisbane Heat,Hobart Hurricanes,AI Ross,BB McCullum,CJ Boyce,1,0,,,,,,,,,
1114884,2017/18,2018-01-15,Bellerive Oval,1,7.2,Brisbane Heat,Hobart Hurricanes,BB McCullum,AI Ross,CJ Boyce,1,0,,,,,,,,,
1114884,2017/18,2018-01-15,Bellerive Oval,1,7.3,Brisbane Heat,Hobart Hurricanes,AI Ross,BB McCullum,CJ Boyce,0,0,,,,,,,,,
1114884,2017/18,2018-01-15,Bellerive Oval,1,7.4,Brisbane Heat,Hobart Hurricanes,AI Ross,BB McCullum,CJ Boyce,1,0,,,,,,,,,
1114884,2017/18,2018-01-15,Bellerive Oval,1,7.5,Brisbane Heat,Hobart Hurricanes,BB McCullum,AI Ross,CJ Boyce,1,0,,,,,,,,,
1114884,2017/18,2018-01-15,Bellerive Oval,1,7.6,Brisbane Heat,Hobart Hurricanes,AI Ross,BB McCullum,CJ Boyce,1,0,,,,,,,,,
1114884,2017/18,2018-01-15,Bellerive Oval,1,8.1,Brisbane Heat,Hobart Hurricanes,AI Ross,BB McCullum,DJM Short,1,0,,,,,,,,,
1114884,2017/18,2018-01-15,Bellerive Oval,1,8.2,Brisbane Heat,Hobart Hurricanes,BB McCullum,AI Ross,DJM Short,0,0,,,,,,,,,
1114884,2017/18,2018-01-15,Bellerive Oval,1,8.3,Brisbane Heat,Hobart Hurricanes,BB McCullum,AI Ross,DJM Short,6,0,,,,,,,,,
1114884,2017/18,2018-01-15,Bellerive Oval,1,8.4,Brisbane Heat,Hobart Hurricanes,BB McCullum,AI Ross,DJM Short,0,0,,,,,,,,,
1114884,2017/18,2018-01-15,Bellerive Oval,1,8.5,Brisbane Heat,Hobart Hurricanes,BB McCullum,AI Ross,DJM Short,1,0,,,,,,,,,
1114884,2017/18,2018-01-15,Bellerive Oval,1,8.6,Brisbane Heat,Hobart Hurricanes,AI Ross,BB McCullum,DJM Short,0,0,,,,,,,,,
1114884,2017/18,2018-01-15,Bellerive Oval,1,9.1,Brisbane Heat,Hobart Hurricanes,BB McCullum,AI Ross,CJ Boyce,2,0,,,,,,,,,
1114884,2017/18,2018-01-15,Bellerive Oval,1,9.2,Brisbane Heat,Hobart Hurricanes,BB McCullum,AI Ross,CJ Boyce,0,0,,,,,,,,,
1114884,2017/18,2018-01-15,Bellerive Oval,1,9.3,Brisbane Heat,Hobart Hurricanes,BB McCullum,AI Ross,CJ Boyce,0,0,,,,,,,,,
1114884,2017/18,2018-01-15,Bellerive Oval,1,9.4,Brisbane Heat,Hobart Hurricanes,BB McCullum,AI Ross,CJ Boyce,4,0,,,,,,,,,
1114884,2017/18,2018-01-15,Bellerive Oval,1,9.5,Brisbane Heat,Hobart Hurricanes,BB McCullum,AI Ross,CJ Boyce,1,0,,,,,,,,,
1114884,2017/18,2018-01-15,Bellerive Oval,1,9.6,Brisbane Heat,Hobart Hurricanes,AI Ross,BB McCullum,CJ Boyce,0,0,,,,,,bowled,AI Ross,,
1114884,2017/18,2018-01-15,Bellerive Oval,1,10.1,Brisbane Heat,Hobart Hurricanes,BB McCullum,BCJ Cutting,DJM Short,0,0,,,,,,,,,
1114884,2017/18,2018-01-15,Bellerive Oval,1,10.2,Brisbane Heat,Hobart Hurricanes,BB McCullum,BCJ Cutting,DJM Short,4,0,,,,,,,,,
1114884,2017/18,2018-01-15,Bellerive Oval,1,10.3,Brisbane Heat,Hobart Hurricanes,BB McCullum,BCJ Cutting,DJM Short,4,0,,,,,,,,,
1114884,2017/18,2018-01-15,Bellerive Oval,1,10.4,Brisbane Heat,Hobart Hurricanes,BB McCullum,BCJ Cutting,DJM Short,2,0,,,,,,,,,
1114884,2017/18,2018-01-15,Bellerive Oval,1,10.5,Brisbane Heat,Hobart Hurricanes,BB McCullum,BCJ Cutting,DJM Short,1,0,,,,,,,,,
1114884,2017/18,2018-01-15,Bellerive Oval,1,10.6,Brisbane Heat,Hobart Hurricanes,BCJ Cutting,BB McCullum,DJM Short,2,0,,,,,,,,,
1114884,2017/18,2018-01-15,Bellerive Oval,1,11.1,Brisbane Heat,Hobart Hurricanes,BB McCullum,BCJ Cutting,TS Mills,1,0,,,,,,,,,
1114884,2017/18,2018-01-15,Bellerive Oval,1,11.2,Brisbane Heat,Hobart Hurricanes,BCJ Cutting,BB McCullum,TS Mills,0,1,1,,,,,,,,
1114884,2017/18,2018-01-15,Bellerive Oval,1,11.3,Brisbane Heat,Hobart Hurricanes,BCJ Cutting,BB McCullum,TS Mills,1,0,,,,,,,,,
1114884,2017/18,2018-01-15,Bellerive Oval,1,11.4,Brisbane Heat,Hobart Hurricanes,BB McCullum,BCJ Cutting,TS Mills,1,0,,,,,,,,,
1114884,2017/18,2018-01-15,Bellerive Oval,1,11.5,Brisbane Heat,Hobart Hurricanes,BCJ Cutting,BB McCullum,TS Mills,1,0,,,,,,,,,
1114884,2017/18,2018-01-15,Bellerive Oval,1,11.6,Brisbane Heat,Hobart Hurricanes,BB McCullum,BCJ Cutting,TS Mills,0,0,,,,,,,,,
1114884,2017/18,2018-01-15,Bellerive Oval,1,11.7,Brisbane Heat,Hobart Hurricanes,BB McCullum,BCJ Cutting,TS Mills,4,0,,,,,,,,,
1114884,2017/18,2018-01-15,Bellerive Oval,1,12.1,Brisbane Heat,Hobart Hurricanes,BCJ Cutting,BB McCullum,CJ Boyce,1,0,,,,,,,,,
1114884,2017/18,2018-01-15,Bellerive Oval,1,12.2,Brisbane Heat,Hobart Hurricanes,BB McCullum,BCJ Cutting,CJ Boyce,0,0,,,,,,,,,
1114884,2017/18,2018-01-15,Bellerive Oval,1,12.3,Brisbane Heat,Hobart Hurricanes,BB McCullum,BCJ Cutting,CJ Boyce,1,0,,,,,,,,,
1114884,2017/18,2018-01-15,Bellerive Oval,1,12.4,Brisbane Heat,Hobart Hurricanes,BCJ Cutting,BB McCullum,CJ Boyce,0,0,,,,,,,,,
1114884,2017/18,2018-01-15,Bellerive Oval,1,12.5,Brisbane Heat,Hobart Hurricanes,BCJ Cutting,BB McCullum,CJ Boyce,0,1,1,,,,,,,,
1114884,2017/18,2018-01-15,Bellerive Oval,1,12.6,Brisbane Heat,Hobart Hurricanes,BCJ Cutting,BB McCullum,CJ Boyce,0,0,,,,,,,,,
1114884,2017/18,2018-01-15,Bellerive Oval,1,12.7,Brisbane Heat,Hobart Hurricanes,BCJ Cutting,BB McCullum,CJ Boyce,1,0,,,,,,,,,
1114884,2017/18,2018-01-15,Bellerive Oval,1,13.1,Brisbane Heat,Hobart Hurricanes,BCJ Cutting,BB McCullum,TS Mills,1,0,,,,,,,,,
1114884,2017/18,2018-01-15,Bellerive Oval,1,13.2,Brisbane Heat,Hobart Hurricanes,BB McCullum,BCJ Cutting,TS Mills,0,0,,,,,,caught,BB McCullum,,
1114884,2017/18,2018-01-15,Bellerive Oval,1,13.3,Brisbane Heat,Hobart Hurricanes,BCJ Cutting,JJ Peirson,TS Mills,4,0,,,,,,,,,
1114884,2017/18,2018-01-15,Bellerive Oval,1,13.4,Brisbane Heat,Hobart Hurricanes,BCJ Cutting,JJ Peirson,TS Mills,0,0,,,,,,,,,
1114884,2017/18,2018-01-15,Bellerive Oval,1,13.5,Brisbane Heat,Hobart Hurricanes,BCJ Cutting,JJ Peirson,TS Mills,2,0,,,,,,,,,
1114884,2017/18,2018-01-15,Bellerive Oval,1,13.6,Brisbane Heat,Hobart Hurricanes,BCJ Cutting,JJ Peirson,TS Mills,0,0,,,,,,,,,
1114884,2017/18,2018-01-15,Bellerive Oval,1,14.1,Brisbane Heat,Hobart Hurricanes,JJ Peirson,BCJ Cutting,CJ Boyce,0,0,,,,,,,,,
1114884,2017/18,2018-01-15,Bellerive Oval,1,14.2,Brisbane Heat,Hobart Hurricanes,JJ Peirson,BCJ Cutting,CJ Boyce,0,0,,,,,,,,,
1114884,2017/18,2018-01-15,Bellerive Oval,1,14.3,Brisbane Heat,Hobart Hurricanes,JJ Peirson,BCJ Cutting,CJ Boyce,1,0,,,,,,,,,
1114884,2017/18,2018-01-15,Bellerive Oval,1,14.4,Brisbane Heat,Hobart Hurricanes,BCJ Cutting,JJ Peirson,CJ Boyce,4,0,,,,,,,,,
1114884,2017/18,2018-01-15,Bellerive Oval,1,14.5,Brisbane Heat,Hobart Hurricanes,BCJ Cutting,JJ Peirson,CJ Boyce,6,0,,,,,,,,,
1114884,2017/18,2018-01-15,Bellerive Oval,1,14.6,Brisbane Heat,Hobart Hurricanes,BCJ Cutting,JJ Peirson,CJ Boyce,1,0,,,,,,,,,
1114884,2017/18,2018-01-15,Bellerive Oval,1,15.1,Brisbane Heat,Hobart Hurricanes,BCJ Cutting,JJ Peirson,JC Archer,0,0,,,,,,,,,
1114884,2017/18,2018-01-15,Bellerive Oval,1,15.2,Brisbane Heat,Hobart Hurricanes,BCJ Cutting,JJ Peirson,JC Archer,0,0,,,,,,,,,
1114884,2017/18,2018-01-15,Bellerive Oval,1,15.3,Brisbane Heat,Hobart Hurricanes,BCJ Cutting,JJ Peirson,JC Archer,1,0,,,,,,,,,
1114884,2017/18,2018-01-15,Bellerive Oval,1,15.4,Brisbane Heat,Hobart Hurricanes,JJ Peirson,BCJ Cutting,JC Archer,0,0,,,,,,,,,
1114884,2017/18,2018-01-15,Bellerive Oval,1,15.5,Brisbane Heat,Hobart Hurricanes,JJ Peirson,BCJ Cutting,JC Archer,1,0,,,,,,,,,
1114884,2017/18,2018-01-15,Bellerive Oval,1,15.6,Brisbane Heat,Hobart Hurricanes,BCJ Cutting,JJ Peirson,JC Archer,1,0,,,,,,,,,
1114884,2017/18,2018-01-15,Bellerive Oval,1,16.1,Brisbane Heat,Hobart Hurricanes,BCJ Cutting,JJ Peirson,DT Christian,0,0,,,,,,,,,
1114884,2017/18,2018-01-15,Bellerive Oval,1,16.2,Brisbane Heat,Hobart Hurricanes,BCJ Cutting,JJ Peirson,DT Christian,2,0,,,,,,,,,
1114884,2017/18,2018-01-15,Bellerive Oval,1,16.3,Brisbane Heat,Hobart Hurricanes,BCJ Cutting,JJ Peirson,DT Christian,0,0,,,,,,,,,
1114884,2017/18,2018-01-15,Bellerive Oval,1,16.4,Brisbane Heat,Hobart Hurricanes,BCJ Cutting,JJ Peirson,DT Christian,0,0,,,,,,,,,
1114884,2017/18,2018-01-15,Bellerive Oval,1,16.5,Brisbane Heat,Hobart Hurricanes,BCJ Cutting,JJ Peirson,DT Christian,0,0,,,,,,,,,
1114884,2017/18,2018-01-15,Bellerive Oval,1,16.6,Brisbane Heat,Hobart Hurricanes,BCJ Cutting,JJ Peirson,DT Christian,1,0,,,,,,,,,
1114884,2017/18,2018-01-15,Bellerive Oval,1,17.1,Brisbane Heat,Hobart Hurricanes,BCJ Cutting,JJ Peirson,TS Mills,1,0,,,,,,,,,
1114884,2017/18,2018-01-15,Bellerive Oval,1,17.2,Brisbane Heat,Hobart Hurricanes,JJ Peirson,BCJ Cutting,TS Mills,0,0,,,,,,run out,BCJ Cutting,,
1114884,2017/18,2018-01-15,Bellerive Oval,1,17.3,Brisbane Heat,Hobart Hurricanes,JJ Peirson,CJ Gannon,TS Mills,4,0,,,,,,,,,
1114884,2017/18,2018-01-15,Bellerive Oval,1,17.4,Brisbane Heat,Hobart Hurricanes,JJ Peirson,CJ Gannon,TS Mills,0,0,,,,,,,,,
1114884,2017/18,2018-01-15,Bellerive Oval,1,17.5,Brisbane Heat,Hobart Hurricanes,JJ Peirson,CJ Gannon,TS Mills,4,0,,,,,,,,,
1114884,2017/18,2018-01-15,Bellerive Oval,1,17.6,Brisbane Heat,Hobart Hurricanes,JJ Peirson,CJ Gannon,TS Mills,6,0,,,,,,,,,
1114884,2017/18,2018-01-15,Bellerive Oval,1,18.1,Brisbane Heat,Hobart Hurricanes,CJ Gannon,JJ Peirson,DT Christian,1,0,,,,,,,,,
1114884,2017/18,2018-01-15,Bellerive Oval,1,18.2,Brisbane Heat,Hobart Hurricanes,JJ Peirson,CJ Gannon,DT Christian,0,0,,,,,,,,,
1114884,2017/18,2018-01-15,Bellerive Oval,1,18.3,Brisbane Heat,Hobart Hurricanes,JJ Peirson,CJ Gannon,DT Christian,0,0,,,,,,caught,JJ Peirson,,
1114884,2017/18,2018-01-15,Bellerive Oval,1,18.4,Brisbane Heat,Hobart Hurricanes,CJ Gannon,MT Steketee,DT Christian,2,0,,,,,,,,,
1114884,2017/18,2018-01-15,Bellerive Oval,1,18.5,Brisbane Heat,Hobart Hurricanes,CJ Gannon,MT Steketee,DT Christian,4,0,,,,,,,,,
1114884,2017/18,2018-01-15,Bellerive Oval,1,18.6,Brisbane Heat,Hobart Hurricanes,CJ Gannon,MT Steketee,DT Christian,2,0,,,,,,,,,
1114884,2017/18,2018-01-15,Bellerive Oval,1,19.1,Brisbane Heat,Hobart Hurricanes,MT Steketee,CJ Gannon,JC Archer,1,0,,,,,,,,,
1114884,2017/18,2018-01-15,Bellerive Oval,1,19.2,Brisbane Heat,Hobart Hurricanes,CJ Gannon,MT Steketee,JC Archer,0,0,,,,,,,,,
1114884,2017/18,2018-01-15,Bellerive Oval,1,19.3,Brisbane Heat,Hobart Hurricanes,CJ Gannon,MT Steketee,JC Archer,0,0,,,,,,,,,
1114884,2017/18,2018-01-15,Bellerive Oval,1,19.4,Brisbane Heat,Hobart Hurricanes,CJ Gannon,MT Steketee,JC Archer,0,0,,,,,,caught,CJ Gannon,,
1114884,2017/18,2018-01-15,Bellerive Oval,1,19.5,Brisbane Heat,Hobart Hurricanes,MT Steketee,B Doggett,JC Archer,4,0,,,,,,,,,
1114884,2017/18,2018-01-15,Bellerive Oval,1,19.6,Brisbane Heat,Hobart Hurricanes,MT Steketee,B Doggett,JC Archer,0,0,,,,,,bowled,MT Steketee,,
1114884,2017/18,2018-01-15,Bellerive Oval,2,0.1,Hobart Hurricanes,Brisbane Heat,AJ Doolan,DJM Short,JA Burns,4,0,,,,,,,,,
1114884,2017/18,2018-01-15,Bellerive Oval,2,0.2,Hobart Hurricanes,Brisbane Heat,AJ Doolan,DJM Short,JA Burns,0,0,,,,,,,,,
1114884,2017/18,2018-01-15,Bellerive Oval,2,0.3,Hobart Hurricanes,Brisbane Heat,AJ Doolan,DJM Short,JA Burns,2,0,,,,,,,,,
1114884,2017/18,2018-01-15,Bellerive Oval,2,0.4,Hobart Hurricanes,Brisbane Heat,AJ Doolan,DJM Short,JA Burns,4,0,,,,,,,,,
1114884,2017/18,2018-01-15,Bellerive Oval,2,0.5,Hobart Hurricanes,Brisbane Heat,AJ Doolan,DJM Short,JA Burns,0,0,,,,,,caught,AJ Doolan,,
1114884,2017/18,2018-01-15,Bellerive Oval,2,0.6,Hobart Hurricanes,Brisbane Heat,DJM Short,GJ Bailey,JA Burns,0,0,,,,,,,,,
1114884,2017/18,2018-01-15,Bellerive Oval,2,1.1,Hobart Hurricanes,Brisbane Heat,GJ Bailey,DJM Short,Yasir Shah,0,0,,,,,,,,,
1114884,2017/18,2018-01-15,Bellerive Oval,2,1.2,Hobart Hurricanes,Brisbane Heat,GJ Bailey,DJM Short,Yasir Shah,1,0,,,,,,,,,
1114884,2017/18,2018-01-15,Bellerive Oval,2,1.3,Hobart Hurricanes,Brisbane Heat,DJM Short,GJ Bailey,Yasir Shah,4,0,,,,,,,,,
1114884,2017/18,2018-01-15,Bellerive Oval,2,1.4,Hobart Hurricanes,Brisbane Heat,DJM Short,GJ Bailey,Yasir Shah,1,0,,,,,,,,,
1114884,2017/18,2018-01-15,Bellerive Oval,2,1.5,Hobart Hurricanes,Brisbane Heat,GJ Bailey,DJM Short,Yasir Shah,1,0,,,,,,,,,
1114884,2017/18,2018-01-15,Bellerive Oval,2,1.6,Hobart Hurricanes,Brisbane Heat,DJM Short,GJ Bailey,Yasir Shah,4,0,,,,,,,,,
1114884,2017/18,2018-01-15,Bellerive Oval,2,2.1,Hobart Hurricanes,Brisbane Heat,GJ Bailey,DJM Short,MT Steketee,0,0,,,,,,,,,
1114884,2017/18,2018-01-15,Bellerive Oval,2,2.2,Hobart Hurricanes,Brisbane Heat,GJ Bailey,DJM Short,MT Steketee,0,0,,,,,,,,,
1114884,2017/18,2018-01-15,Bellerive Oval,2,2.3,Hobart Hurricanes,Brisbane Heat,GJ Bailey,DJM Short,MT Steketee,3,0,,,,,,,,,
1114884,2017/18,2018-01-15,Bellerive Oval,2,2.4,Hobart Hurricanes,Brisbane Heat,DJM Short,GJ Bailey,MT Steketee,1,0,,,,,,,,,
1114884,2017/18,2018-01-15,Bellerive Oval,2,2.5,Hobart Hurricanes,Brisbane Heat,GJ Bailey,DJM Short,MT Steketee,0,0,,,,,,,,,
1114884,2017/18,2018-01-15,Bellerive Oval,2,2.6,Hobart Hurricanes,Brisbane Heat,GJ Bailey,DJM Short,MT Steketee,1,0,,,,,,,,,
1114884,2017/18,2018-01-15,Bellerive Oval,2,3.1,Hobart Hurricanes,Brisbane Heat,GJ Bailey,DJM Short,B Doggett,1,0,,,,,,,,,
1114884,2017/18,2018-01-15,Bellerive Oval,2,3.2,Hobart Hurricanes,Brisbane Heat,DJM Short,GJ Bailey,B Doggett,1,0,,,,,,,,,
1114884,2017/18,2018-01-15,Bellerive Oval,2,3.3,Hobart Hurricanes,Brisbane Heat,GJ Bailey,DJM Short,B Doggett,1,0,,,,,,,,,
1114884,2017/18,2018-01-15,Bellerive Oval,2,3.4,Hobart Hurricanes,Brisbane Heat,DJM Short,GJ Bailey,B Doggett,0,1,1,,,,,,,,
1114884,2017/18,2018-01-15,Bellerive Oval,2,3.5,Hobart Hurricanes,Brisbane Heat,DJM Short,GJ Bailey,B Doggett,4,0,,,,,,,,,
1114884,2017/18,2018-01-15,Bellerive Oval,2,3.6,Hobart Hurricanes,Brisbane Heat,DJM Short,GJ Bailey,B Doggett,1,0,,,,,,,,,
1114884,2017/18,2018-01-15,Bellerive Oval,2,3.7,Hobart Hurricanes,Brisbane Heat,GJ Bailey,DJM Short,B Doggett,0,0,,,,,,,,,
1114884,2017/18,2018-01-15,Bellerive Oval,2,4.1,Hobart Hurricanes,Brisbane Heat,DJM Short,GJ Bailey,MT Steketee,4,0,,,,,,,,,
1114884,2017/18,2018-01-15,Bellerive Oval,2,4.2,Hobart Hurricanes,Brisbane Heat,DJM Short,GJ Bailey,MT Steketee,0,0,,,,,,,,,
1114884,2017/18,2018-01-15,Bellerive Oval,2,4.3,Hobart Hurricanes,Brisbane Heat,DJM Short,GJ Bailey,MT Steketee,0,0,,,,,,,,,
1114884,2017/18,2018-01-15,Bellerive Oval,2,4.4,Hobart Hurricanes,Brisbane Heat,DJM Short,GJ Bailey,MT Steketee,4,0,,,,,,,,,
1114884,2017/18,2018-01-15,Bellerive Oval,2,4.5,Hobart Hurricanes,Brisbane Heat,DJM Short,GJ Bailey,MT Steketee,2,0,,,,,,,,,
1114884,2017/18,2018-01-15,Bellerive Oval,2,4.6,Hobart Hurricanes,Brisbane Heat,DJM Short,GJ Bailey,MT Steketee,0,0,,,,,,,,,
1114884,2017/18,2018-01-15,Bellerive Oval,2,5.1,Hobart Hurricanes,Brisbane Heat,GJ Bailey,DJM Short,B Doggett,4,0,,,,,,,,,
1114884,2017/18,2018-01-15,Bellerive Oval,2,5.2,Hobart Hurricanes,Brisbane Heat,GJ Bailey,DJM Short,B Doggett,1,0,,,,,,,,,
1114884,2017/18,2018-01-15,Bellerive Oval,2,5.3,Hobart Hurricanes,Brisbane Heat,DJM Short,GJ Bailey,B Doggett,0,1,,1,,,,,,,
1114884,2017/18,2018-01-15,Bellerive Oval,2,5.4,Hobart Hurricanes,Brisbane Heat,DJM Short,GJ Bailey,B Doggett,0,1,1,,,,,,,,
1114884,2017/18,2018-01-15,Bellerive Oval,2,5.5,Hobart Hurricanes,Brisbane Heat,DJM Short,GJ Bailey,B Doggett,0,0,,,,,,,,,
1114884,2017/18,2018-01-15,Bellerive Oval,2,5.6,Hobart Hurricanes,Brisbane Heat,DJM Short,GJ Bailey,B Doggett,0,0,,,,,,,,,
1114884,2017/18,2018-01-15,Bellerive Oval,2,5.7,Hobart Hurricanes,Brisbane Heat,DJM Short,GJ Bailey,B Doggett,0,0,,,,,,,,,
1114884,2017/18,2018-01-15,Bellerive Oval,2,5.8,Hobart Hurricanes,Brisbane Heat,DJM Short,GJ Bailey,B Doggett,4,0,,,,,,,,,
1114884,2017/18,2018-01-15,Bellerive Oval,2,6.1,Hobart Hurricanes,Brisbane Heat,GJ Bailey,DJM Short,Yasir Shah,1,0,,,,,,,,,
1114884,2017/18,2018-01-15,Bellerive Oval,2,6.2,Hobart Hurricanes,Brisbane Heat,DJM Short,GJ Bailey,Yasir Shah,1,0,,,,,,,,,
1114884,2017/18,2018-01-15,Bellerive Oval,2,6.3,Hobart Hurricanes,Brisbane Heat,GJ Bailey,DJM Short,Yasir Shah,1,0,,,,,,,,,
1114884,2017/18,2018-01-15,Bellerive Oval,2,6.4,Hobart Hurricanes,Brisbane Heat,DJM Short,GJ Bailey,Yasir Shah,1,0,,,,,,,,,
1114884,2017/18,2018-01-15,Bellerive Oval,2,6.5,Hobart Hurricanes,Brisbane Heat,GJ Bailey,DJM Short,Yasir Shah,1,0,,,,,,,,,
1114884,2017/18,2018-01-15,Bellerive Oval,2,6.6,Hobart Hurricanes,Brisbane Heat,DJM Short,GJ Bailey,Yasir Shah,0,1,,,,1,,,,,
1114884,2017/18,2018-01-15,Bellerive Oval,2,7.1,Hobart Hurricanes,Brisbane Heat,DJM Short,GJ Bailey,MJ Swepson,1,0,,,,,,,,,
1114884,2017/18,2018-01-15,Bellerive Oval,2,7.2,Hobart Hurricanes,Brisbane Heat,GJ Bailey,DJM Short,MJ Swepson,0,1,,,,1,,,,,
1114884,2017/18,2018-01-15,Bellerive Oval,2,7.3,Hobart Hurricanes,Brisbane Heat,DJM Short,GJ Bailey,MJ Swepson,0,0,,,,,,,,,
1114884,2017/18,2018-01-15,Bellerive Oval,2,7.4,Hobart Hurricanes,Brisbane Heat,DJM Short,GJ Bailey,MJ Swepson,0,0,,,,,,,,,
1114884,2017/18,2018-01-15,Bellerive Oval,2,7.5,Hobart Hurricanes,Brisbane Heat,DJM Short,GJ Bailey,MJ Swepson,0,1,1,,,,,,,,
1114884,2017/18,2018-01-15,Bellerive Oval,2,7.6,Hobart Hurricanes,Brisbane Heat,DJM Short,GJ Bailey,MJ Swepson,0,0,,,,,,,,,
1114884,2017/18,2018-01-15,Bellerive Oval,2,7.7,Hobart Hurricanes,Brisbane Heat,DJM Short,GJ Bailey,MJ Swepson,1,0,,,,,,,,,
1114884,2017/18,2018-01-15,Bellerive Oval,2,8.1,Hobart Hurricanes,Brisbane Heat,DJM Short,GJ Bailey,Yasir Shah,2,0,,,,,,,,,
1114884,2017/18,2018-01-15,Bellerive Oval,2,8.2,Hobart Hurricanes,Brisbane Heat,DJM Short,GJ Bailey,Yasir Shah,4,0,,,,,,,,,
1114884,2017/18,2018-01-15,Bellerive Oval,2,8.3,Hobart Hurricanes,Brisbane Heat,DJM Short,GJ Bailey,Yasir Shah,1,0,,,,,,,,,
1114884,2017/18,2018-01-15,Bellerive Oval,2,8.4,Hobart Hurricanes,Brisbane Heat,GJ Bailey,DJM Short,Yasir Shah,1,0,,,,,,,,,
1114884,2017/18,2018-01-15,Bellerive Oval,2,8.5,Hobart Hurricanes,Brisbane Heat,DJM Short,GJ Bailey,Yasir Shah,0,0,,,,,,,,,
1114884,2017/18,2018-01-15,Bellerive Oval,2,8.6,Hobart Hurricanes,Brisbane Heat,DJM Short,GJ Bailey,Yasir Shah,1,0,,,,,,,,,
1114884,2017/18,2018-01-15,Bellerive Oval,2,9.1,Hobart Hurricanes,Brisbane Heat,DJM Short,GJ Bailey,MJ Swepson,2,0,,,,,,,,,
1114884,2017/18,2018-01-15,Bellerive Oval,2,9.2,Hobart Hurricanes,Brisbane Heat,DJM Short,GJ Bailey,MJ Swepson,1,0,,,,,,,,,
1114884,2017/18,2018-01-15,Bellerive Oval,2,9.3,Hobart Hurricanes,Brisbane Heat,GJ Bailey,DJM Short,MJ Swepson,1,0,,,,,,,,,
1114884,2017/18,2018-01-15,Bellerive Oval,2,9.4,Hobart Hurricanes,Brisbane Heat,DJM Short,GJ Bailey,MJ Swepson,1,0,,,,,,,,,
1114884,2017/18,2018-01-15,Bellerive Oval,2,9.5,Hobart Hurricanes,Brisbane Heat,GJ Bailey,DJM Short,MJ Swepson,1,0,,,,,,,,,
1114884,2017/18,2018-01-15,Bellerive Oval,2,9.6,Hobart Hurricanes,Brisbane Heat,DJM Short,GJ Bailey,MJ Swepson,1,0,,,,,,,,,
1114884,2017/18,2018-01-15,Bellerive Oval,2,10.1,Hobart Hurricanes,Brisbane Heat,DJM Short,GJ Bailey,BCJ Cutting,1,0,,,,,,,,,
1114884,2017/18,2018-01-15,Bellerive Oval,2,10.2,Hobart Hurricanes,Brisbane Heat,GJ Bailey,DJM Short,BCJ Cutting,0,0,,,,,,caught,GJ Bailey,,
1114884,2017/18,2018-01-15,Bellerive Oval,2,10.3,Hobart Hurricanes,Brisbane Heat,DJM Short,DT Christian,BCJ Cutting,1,0,,,,,,,,,
1114884,2017/18,2018-01-15,Bellerive Oval,2,10.4,Hobart Hurricanes,Brisbane Heat,DT Christian,DJM Short,BCJ Cutting,6,0,,,,,,,,,
1114884,2017/18,2018-01-15,Bellerive Oval,2,10.5,Hobart Hurricanes,Brisbane Heat,DT Christian,DJM Short,BCJ Cutting,1,0,,,,,,,,,
1114884,2017/18,2018-01-15,Bellerive Oval,2,10.6,Hobart Hurricanes,Brisbane Heat,DJM Short,DT Christian,BCJ Cutting,1,0,,,,,,,,,
1114884,2017/18,2018-01-15,Bellerive Oval,2,11.1,Hobart Hurricanes,Brisbane Heat,DJM Short,DT Christian,MJ Swepson,1,0,,,,,,,,,
1114884,2017/18,2018-01-15,Bellerive Oval,2,11.2,Hobart Hurricanes,Brisbane Heat,DT Christian,DJM Short,MJ Swepson,1,0,,,,,,,,,
1114884,2017/18,2018-01-15,Bellerive Oval,2,11.3,Hobart Hurricanes,Brisbane Heat,DJM Short,DT Christian,MJ Swepson,2,0,,,,,,,,,
1114884,2017/18,2018-01-15,Bellerive Oval,2,11.4,Hobart Hurricanes,Brisbane Heat,DJM Short,DT Christian,MJ Swepson,1,0,,,,,,,,,
1114884,2017/18,2018-01-15,Bellerive Oval,2,11.5,Hobart Hurricanes,Brisbane Heat,DT Christian,DJM Short,MJ Swepson,0,5,5,,,,,,,,
1114884,2017/18,2018-01-15,Bellerive Oval,2,11.6,Hobart Hurricanes,Brisbane Heat,DT Christian,DJM Short,MJ Swepson,1,0,,,,,,,,,
1114884,2017/18,2018-01-15,Bellerive Oval,2,11.7,Hobart Hurricanes,Brisbane Heat,DJM Short,DT Christian,MJ Swepson,4,0,,,,,,,,,
1114884,2017/18,2018-01-15,Bellerive Oval,2,12.1,Hobart Hurricanes,Brisbane Heat,DT Christian,DJM Short,B Doggett,6,0,,,,,,,,,
1114884,2017/18,2018-01-15,Bellerive Oval,2,12.2,Hobart Hurricanes,Brisbane Heat,DT Christian,DJM Short,B Doggett,0,0,,,,,,,,,
1114884,2017/18,2018-01-15,Bellerive Oval,2,12.3,Hobart Hurricanes,Brisbane Heat,DT Christian,DJM Short,B Doggett,6,0,,,,,,,,,
1114884,2017/18,2018-01-15,Bellerive Oval,2,12.4,Hobart Hurricanes,Brisbane Heat,DT Christian,DJM Short,B Doggett,2,0,,,,,,,,,
1114884,2017/18,2018-01-15,Bellerive Oval,2,12.5,Hobart Hurricanes,Brisbane Heat,DT Christian,DJM Short,B Doggett,0,0,,,,,,caught,DT Christian,,
1114884,2017/18,2018-01-15,Bellerive Oval,2,12.6,Hobart Hurricanes,Brisbane Heat,DJM Short,BR McDermott,B Doggett,0,0,,,,,,,,,
1114884,2017/18,2018-01-15,Bellerive Oval,2,13.1,Hobart Hurricanes,Brisbane Heat,BR McDermott,DJM Short,Yasir Shah,1,0,,,,,,,,,
1114884,2017/18,2018-01-15,Bellerive Oval,2,13.2,Hobart Hurricanes,Brisbane Heat,DJM Short,BR McDermott,Yasir Shah,0,0,,,,,,,,,
1114884,2017/18,2018-01-15,Bellerive Oval,2,13.3,Hobart Hurricanes,Brisbane Heat,DJM Short,BR McDermott,Yasir Shah,1,0,,,,,,,,,
1114884,2017/18,2018-01-15,Bellerive Oval,2,13.4,Hobart Hurricanes,Brisbane Heat,BR McDermott,DJM Short,Yasir Shah,1,0,,,,,,,,,
1114884,2017/18,2018-01-15,Bellerive Oval,2,13.5,Hobart Hurricanes,Brisbane Heat,DJM Short,BR McDermott,Yasir Shah,0,0,,,,,,,,,
1114884,2017/18,2018-01-15,Bellerive Oval,2,13.6,Hobart Hurricanes,Brisbane Heat,DJM Short,BR McDermott,Yasir Shah,0,0,,,,,,,,,
1114884,2017/18,2018-01-15,Bellerive Oval,2,14.1,Hobart Hurricanes,Brisbane Heat,BR McDermott,DJM Short,MT Steketee,1,0,,,,,,,,,
1114884,2017/18,2018-01-15,Bellerive Oval,2,14.2,Hobart Hurricanes,Brisbane Heat,DJM Short,BR McDermott,MT Steketee,0,0,,,,,,caught,DJM Short,,
1114884,2017/18,2018-01-15,Bellerive Oval,2,14.3,Hobart Hurricanes,Brisbane Heat,BR McDermott,MS Wade,MT Steketee,1,0,,,,,,,,,
1114884,2017/18,2018-01-15,Bellerive Oval,2,14.4,Hobart Hurricanes,Brisbane Heat,MS Wade,BR McDermott,MT Steketee,1,0,,,,,,,,,
1114884,2017/18,2018-01-15,Bellerive Oval,2,14.5,Hobart Hurricanes,Brisbane Heat,BR McDermott,MS Wade,MT Steketee,4,0,,,,,,,,,
1114884,2017/18,2018-01-15,Bellerive Oval,2,14.6,Hobart Hurricanes,Brisbane Heat,BR McDermott,MS Wade,MT Steketee,1,0,,,,,,,,,
1114884,2017/18,2018-01-15,Bellerive Oval,2,15.1,Hobart Hurricanes,Brisbane Heat,BR McDermott,MS Wade,MJ Swepson,2,0,,,,,,,,,
1114884,2017/18,2018-01-15,Bellerive Oval,2,15.2,Hobart Hurricanes,Brisbane Heat,BR McDermott,MS Wade,MJ Swepson,1,0,,,,,,,,,
1114884,2017/18,2018-01-15,Bellerive Oval,2,15.3,Hobart Hurricanes,Brisbane Heat,MS Wade,BR McDermott,MJ Swepson,1,0,,,,,,,,,
1114884,2017/18,2018-01-15,Bellerive Oval,2,15.4,Hobart Hurricanes,Brisbane Heat,BR McDermott,MS Wade,MJ Swepson,1,0,,,,,,,,,
1114884,2017/18,2018-01-15,Bellerive Oval,2,15.5,Hobart Hurricanes,Brisbane Heat,MS Wade,BR McDermott,MJ Swepson,0,0,,,,,,,,,
1114884,2017/18,2018-01-15,Bellerive Oval,2,15.6,Hobart Hurricanes,Brisbane Heat,MS Wade,BR McDermott,MJ Swepson,1,0,,,,,,,,,
1114884,2017/18,2018-01-15,Bellerive Oval,2,16.1,Hobart Hurricanes,Brisbane Heat,MS Wade,BR McDermott,MT Steketee,4,0,,,,,,,,,
1114884,2017/18,2018-01-15,Bellerive Oval,2,16.2,Hobart Hurricanes,Brisbane Heat,MS Wade,BR McDermott,MT Steketee,1,0,,,,,,,,,
1114884,2017/18,2018-01-15,Bellerive Oval,2,16.3,Hobart Hurricanes,Brisbane Heat,BR McDermott,MS Wade,MT Steketee,4,0,,,,,,,,,
1114884,2017/18,2018-01-15,Bellerive Oval,2,16.4,Hobart Hurricanes,Brisbane Heat,BR McDermott,MS Wade,MT Steketee,0,0,,,,,,,,,
1114884,2017/18,2018-01-15,Bellerive Oval,2,16.5,Hobart Hurricanes,Brisbane Heat,BR McDermott,MS Wade,MT Steketee,2,0,,,,,,,,,
1114884,2017/18,2018-01-15,Bellerive Oval,2,16.6,Hobart Hurricanes,Brisbane Heat,BR McDermott,MS Wade,MT Steketee,4,0,,,,,,,,,
1114884,2017/18,2018-01-15,Bellerive Oval,2,17.1,Hobart Hurricanes,Brisbane Heat,MS Wade,BR McDermott,B Doggett,1,0,,,,,,,,,
1114884,2017/18,2018-01-15,Bellerive Oval,2,17.2,Hobart Hurricanes,Brisbane Heat,BR McDermott,MS Wade,B Doggett,0,0,,,,,,,,,
1114884,2017/18,2018-01-15,Bellerive Oval,2,17.3,Hobart Hurricanes,Brisbane Heat,BR McDermott,MS Wade,B Doggett,1,0,,,,,,,,,
1114884,2017/18,2018-01-15,Bellerive Oval,2,17.4,Hobart Hurricanes,Brisbane Heat,MS Wade,BR McDermott,B Doggett,1,0,,,,,,,,,
1114884,2017/18,2018-01-15,Bellerive Oval,2,17.5,Hobart Hurricanes,Brisbane Heat,BR McDermott,MS Wade,B Doggett,0,0,,,,,,,,,
1114884,2017/18,2018-01-15,Bellerive Oval,2,17.6,Hobart Hurricanes,Brisbane Heat,BR McDermott,MS Wade,B Doggett,6,0,,,,,,,,,
1114884,2017/18,2018-01-15,Bellerive Oval,2,18.1,Hobart Hurricanes,Brisbane Heat,MS Wade,BR McDermott,BCJ Cutting,1,0,,,,,,,,,
1114884,2017/18,2018-01-15,Bellerive Oval,2,18.2,Hobart Hurricanes,Brisbane Heat,BR McDermott,MS Wade,BCJ Cutting,0,1,,1,,,,,,,
1114884,2017/18,2018-01-15,Bellerive Oval,2,18.3,Hobart Hurricanes,Brisbane Heat,BR McDermott,MS Wade,BCJ Cutting,2,0,,,,,,,,,
