match_id,season,start_date,venue,innings,ball,batting_team,bowling_team,striker,non_striker,bowler,runs_off_bat,extras,wides,noballs,byes,legbyes,penalty,wicket_type,player_dismissed,other_wicket_type,other_player_dismissed
1114887,2017/18,2018-01-18,Sydney Cricket Ground,1,0.1,Brisbane Heat,Sydney Sixers,SD Heazlett,BB McCullum,BJ Dwarshuis,0,0,,,,,,,,,
1114887,2017/18,2018-01-18,Sydney Cricket Ground,1,0.2,Brisbane Heat,Sydney Sixers,SD Heazlett,BB McCullum,BJ Dwarshuis,4,0,,,,,,,,,
1114887,2017/18,2018-01-18,Sydney Cricket Ground,1,0.3,Brisbane Heat,Sydney Sixers,SD Heazlett,BB McCullum,BJ Dwarshuis,0,0,,,,,,,,,
1114887,2017/18,2018-01-18,Sydney Cricket Ground,1,0.4,Brisbane Heat,Sydney Sixers,SD Heazlett,BB McCullum,BJ Dwarshuis,0,0,,,,,,,,,
1114887,2017/18,2018-01-18,Sydney Cricket Ground,1,0.5,Brisbane Heat,Sydney Sixers,SD Heazlett,BB McCullum,BJ Dwarshuis,4,0,,,,,,,,,
1114887,2017/18,2018-01-18,Sydney Cricket Ground,1,0.6,Brisbane Heat,Sydney Sixers,SD Heazlett,BB McCullum,BJ Dwarshuis,0,0,,,,,,,,,
1114887,2017/18,2018-01-18,Sydney Cricket Ground,1,1.1,Brisbane Heat,Sydney Sixers,BB McCullum,SD Heazlett,J Botha,0,0,,,,,,,,,
1114887,2017/18,2018-01-18,Sydney Cricket Ground,1,1.2,Brisbane Heat,Sydney Sixers,BB McCullum,SD Heazlett,J Botha,1,0,,,,,,,,,
1114887,2017/18,2018-01-18,Sydney Cricket Ground,1,1.3,Brisbane Heat,Sydney Sixers,SD Heazlett,BB McCullum,J Botha,0,0,,,,,,,,,
1114887,2017/18,2018-01-18,Sydney Cricket Ground,1,1.4,Brisbane Heat,Sydney Sixers,SD Heazlett,BB McCullum,J Botha,1,0,,,,,,,,,
1114887,2017/18,2018-01-18,Sydney Cricket Ground,1,1.5,Brisbane Heat,Sydney Sixers,BB McCullum,SD Heazlett,J Botha,0,0,,,,,,,,,
1114887,2017/18,2018-01-18,Sydney Cricket Ground,1,1.6,Brisbane Heat,Sydney Sixers,BB McCullum,SD Heazlett,J Botha,0,0,,,,,,caught,BB McCullum,,
1114887,2017/18,2018-01-18,Sydney Cricket Ground,1,2.1,Brisbane Heat,Sydney Sixers,M Labuschagne,SD Heazlett,BJ Dwarshuis,0,0,,,,,,,,,
1114887,2017/18,2018-01-18,Sydney Cricket Ground,1,2.2,Brisbane Heat,Sydney Sixers,M Labuschagne,SD Heazlett,BJ Dwarshuis,0,0,,,,,,,,,
1114887,2017/18,2018-01-18,Sydney Cricket Ground,1,2.3,Brisbane Heat,Sydney Sixers,M Labuschagne,SD Heazlett,BJ Dwarshuis,0,0,,,,,,,,,
1114887,2017/18,2018-01-18,Sydney Cricket Ground,1,2.4,Brisbane Heat,Sydney Sixers,M Labuschagne,SD Heazlett,BJ Dwarshuis,0,0,,,,,,,,,
1114887,2017/18,2018-01-18,Sydney Cricket Ground,1,2.5,Brisbane Heat,Sydney Sixers,M Labuschagne,SD Heazlett,BJ Dwarshuis,0,0,,,,,,caught,M Labuschagne,,
1114887,2017/18,2018-01-18,Sydney Cricket Ground,1,2.6,Brisbane Heat,Sydney Sixers,SD Heazlett,AI Ross,BJ Dwarshuis,1,0,,,,,,,,,
1114887,2017/18,2018-01-18,Sydney Cricket Ground,1,3.1,Brisbane Heat,Sydney Sixers,SD Heazlett,AI Ross,NM Lyon,0,0,,,,,,,,,
1114887,2017/18,2018-01-18,Sydney Cricket Ground,1,3.2,Brisbane Heat,Sydney Sixers,SD Heazlett,AI Ross,NM Lyon,0,0,,,,,,caught,SD Heazlett,,
1114887,2017/18,2018-01-18,Sydney Cricket Ground,1,3.3,Brisbane Heat,Sydney Sixers,JJ Peirson,AI Ross,NM Lyon,0,0,,,,,,,,,
1114887,2017/18,2018-01-18,Sydney Cricket Ground,1,3.4,Brisbane Heat,Sydney Sixers,JJ Peirson,AI Ross,NM Lyon,1,0,,,,,,,,,
1114887,2017/18,2018-01-18,Sydney Cricket Ground,1,3.5,Brisbane Heat,Sydney Sixers,AI Ross,JJ Peirson,NM Lyon,0,0,,,,,,,,,
1114887,2017/18,2018-01-18,Sydney Cricket Ground,1,3.6,Brisbane Heat,Sydney Sixers,AI Ross,JJ Peirson,NM Lyon,0,0,,,,,,,,,
1114887,2017/18,2018-01-18,Sydney Cricket Ground,1,4.1,Brisbane Heat,Sydney Sixers,JJ Peirson,AI Ross,SA Abbott,1,0,,,,,,,,,
1114887,2017/18,2018-01-18,Sydney Cricket Ground,1,4.2,Brisbane Heat,Sydney Sixers,AI Ross,JJ Peirson,SA Abbott,1,0,,,,,,,,,
1114887,2017/18,2018-01-18,Sydney Cricket Ground,1,4.3,Brisbane Heat,Sydney Sixers,JJ Peirson,AI Ross,SA Abbott,1,0,,,,,,,,,
1114887,2017/18,2018-01-18,Sydney Cricket Ground,1,4.4,Brisbane Heat,Sydney Sixers,AI Ross,JJ Peirson,SA Abbott,0,2,,,2,,,,,,
1114887,2017/18,2018-01-18,Sydney Cricket Ground,1,4.5,Brisbane Heat,Sydney Sixers,AI Ross,JJ Peirson,SA Abbott,0,0,,,,,,,,,
1114887,2017/18,2018-01-18,Sydney Cricket Ground,1,4.6,Brisbane Heat,Sydney Sixers,AI Ross,JJ Peirson,SA Abbott,2,0,,,,,,,,,
1114887,2017/18,2018-01-18,Sydney Cricket Ground,1,5.1,Brisbane Heat,Sydney Sixers,JJ Peirson,AI Ross,NM Lyon,4,0,,,,,,,,,
1114887,2017/18,2018-01-18,Sydney Cricket Ground,1,5.2,Brisbane Heat,Sydney Sixers,JJ Peirson,AI Ross,NM Lyon,1,0,,,,,,,,,
1114887,2017/18,2018-01-18,Sydney Cricket Ground,1,5.3,Brisbane Heat,Sydney Sixers,AI Ross,JJ Peirson,NM Lyon,0,0,,,,,,,,,
1114887,2017/18,2018-01-18,Sydney Cricket Ground,1,5.4,Brisbane Heat,Sydney Sixers,AI Ross,JJ Peirson,NM Lyon,1,0,,,,,,,,,
1114887,2017/18,2018-01-18,Sydney Cricket Ground,1,5.5,Brisbane Heat,Sydney Sixers,JJ Peirson,AI Ross,NM Lyon,2,0,,,,,,,,,
1114887,2017/18,2018-01-18,Sydney Cricket Ground,1,5.6,Brisbane Heat,Sydney Sixers,JJ Peirson,AI Ross,NM Lyon,0,0,,,,,,,,,
1114887,2017/18,2018-01-18,Sydney Cricket Ground,1,6.1,Brisbane Heat,Sydney Sixers,AI Ross,JJ Peirson,CR Brathwaite,0,0,,,,,,,,,
1114887,2017/18,2018-01-18,Sydney Cricket Ground,1,6.2,Brisbane Heat,Sydney Sixers,AI Ross,JJ Peirson,CR Brathwaite,1,0,,,,,,,,,
1114887,2017/18,2018-01-18,Sydney Cricket Ground,1,6.3,Brisbane Heat,Sydney Sixers,JJ Peirson,AI Ross,CR Brathwaite,1,0,,,,,,,,,
1114887,2017/18,2018-01-18,Sydney Cricket Ground,1,6.4,Brisbane Heat,Sydney Sixers,AI Ross,JJ Peirson,CR Brathwaite,0,0,,,,,,,,,
1114887,2017/18,2018-01-18,Sydney Cricket Ground,1,6.5,Brisbane Heat,Sydney Sixers,AI Ross,JJ Peirson,CR Brathwaite,2,0,,,,,,,,,
1114887,2017/18,2018-01-18,Sydney Cricket Ground,1,6.6,Brisbane Heat,Sydney Sixers,AI Ross,JJ Peirson,CR Brathwaite,2,0,,,,,,,,,
1114887,2017/18,2018-01-18,Sydney Cricket Ground,1,7.1,Brisbane Heat,Sydney Sixers,JJ Peirson,AI Ross,J Botha,2,0,,,,,,,,,
1114887,2017/18,2018-01-18,Sydney Cricket Ground,1,7.2,Brisbane Heat,Sydney Sixers,JJ Peirson,AI Ross,J Botha,1,0,,,,,,,,,
1114887,2017/18,2018-01-18,Sydney Cricket Ground,1,7.3,Brisbane Heat,Sydney Sixers,AI Ross,JJ Peirson,J Botha,0,0,,,,,,,,,
1114887,2017/18,2018-01-18,Sydney Cricket Ground,1,7.4,Brisbane Heat,Sydney Sixers,AI Ross,JJ Peirson,J Botha,4,0,,,,,,,,,
1114887,2017/18,2018-01-18,Sydney Cricket Ground,1,7.5,Brisbane Heat,Sydney Sixers,AI Ross,JJ Peirson,J Botha,0,0,,,,,,,,,
1114887,2017/18,2018-01-18,Sydney Cricket Ground,1,7.6,Brisbane Heat,Sydney Sixers,AI Ross,JJ Peirson,J Botha,1,0,,,,,,,,,
1114887,2017/18,2018-01-18,Sydney Cricket Ground,1,8.1,Brisbane Heat,Sydney Sixers,AI Ross,JJ Peirson,SA Abbott,1,0,,,,,,,,,
1114887,2017/18,2018-01-18,Sydney Cricket Ground,1,8.2,Brisbane Heat,Sydney Sixers,JJ Peirson,AI Ross,SA Abbott,0,0,,,,,,caught,JJ Peirson,,
1114887,2017/18,2018-01-18,Sydney Cricket Ground,1,8.3,Brisbane Heat,Sydney Sixers,BCJ Cutting,AI Ross,SA Abbott,1,0,,,,,,,,,
1114887,2017/18,2018-01-18,Sydney Cricket Ground,1,8.4,Brisbane Heat,Sydney Sixers,AI Ross,BCJ Cutting,SA Abbott,0,0,,,,,,,,,
1114887,2017/18,2018-01-18,Sydney Cricket Ground,1,8.5,Brisbane Heat,Sydney Sixers,AI Ross,BCJ Cutting,SA Abbott,0,0,,,,,,,,,
1114887,2017/18,2018-01-18,Sydney Cricket Ground,1,8.6,Brisbane Heat,Sydney Sixers,AI Ross,BCJ Cutting,SA Abbott,0,0,,,,,,caught,AI Ross,,
1114887,2017/18,2018-01-18,Sydney Cricket Ground,1,9.1,Brisbane Heat,Sydney Sixers,BCJ Cutting,JS Floros,NM Lyon,2,0,,,,,,,,,
1114887,2017/18,2018-01-18,Sydney Cricket Ground,1,9.2,Brisbane Heat,Sydney Sixers,BCJ Cutting,JS Floros,NM Lyon,0,0,,,,,,,,,
1114887,2017/18,2018-01-18,Sydney Cricket Ground,1,9.3,Brisbane Heat,Sydney Sixers,BCJ Cutting,JS Floros,NM Lyon,2,0,,,,,,,,,
1114887,2017/18,2018-01-18,Sydney Cricket Ground,1,9.4,Brisbane Heat,Sydney Sixers,BCJ Cutting,JS Floros,NM Lyon,0,0,,,,,,caught,BCJ Cutting,,
1114887,2017/18,2018-01-18,Sydney Cricket Ground,1,9.5,Brisbane Heat,Sydney Sixers,JK Lalor,JS Floros,NM Lyon,0,0,,,,,,,,,
1114887,2017/18,2018-01-18,Sydney Cricket Ground,1,9.6,Brisbane Heat,Sydney Sixers,JK Lalor,JS Floros,NM Lyon,0,0,,,,,,,,,
1114887,2017/18,2018-01-18,Sydney Cricket Ground,1,10.1,Brisbane Heat,Sydney Sixers,JS Floros,JK Lalor,J Botha,0,0,,,,,,,,,
1114887,2017/18,2018-01-18,Sydney Cricket Ground,1,10.2,Brisbane Heat,Sydney Sixers,JS Floros,JK Lalor,J Botha,0,0,,,,,,,,,
1114887,2017/18,2018-01-18,Sydney Cricket Ground,1,10.3,Brisbane Heat,Sydney Sixers,JS Floros,JK Lalor,J Botha,1,0,,,,,,,,,
1114887,2017/18,2018-01-18,Sydney Cricket Ground,1,10.4,Brisbane Heat,Sydney Sixers,JK Lalor,JS Floros,J Botha,1,0,,,,,,,,,
1114887,2017/18,2018-01-18,Sydney Cricket Ground,1,10.5,Brisbane Heat,Sydney Sixers,JS Floros,JK Lalor,J Botha,0,0,,,,,,,,,
1114887,2017/18,2018-01-18,Sydney Cricket Ground,1,10.6,Brisbane Heat,Sydney Sixers,JS Floros,JK Lalor,J Botha,0,0,,,,,,,,,
1114887,2017/18,2018-01-18,Sydney Cricket Ground,1,11.1,Brisbane Heat,Sydney Sixers,JK Lalor,JS Floros,NM Lyon,1,0,,,,,,,,,
1114887,2017/18,2018-01-18,Sydney Cricket Ground,1,11.2,Brisbane Heat,Sydney Sixers,JS Floros,JK Lalor,NM Lyon,1,0,,,,,,,,,
1114887,2017/18,2018-01-18,Sydney Cricket Ground,1,11.3,Brisbane Heat,Sydney Sixers,JK Lalor,JS Floros,NM Lyon,0,0,,,,,,,,,
1114887,2017/18,2018-01-18,Sydney Cricket Ground,1,11.4,Brisbane Heat,Sydney Sixers,JK Lalor,JS Floros,NM Lyon,1,0,,,,,,,,,
1114887,2017/18,2018-01-18,Sydney Cricket Ground,1,11.5,Brisbane Heat,Sydney Sixers,JS Floros,JK Lalor,NM Lyon,1,0,,,,,,,,,
1114887,2017/18,2018-01-18,Sydney Cricket Ground,1,11.6,Brisbane Heat,Sydney Sixers,JK Lalor,JS Floros,NM Lyon,0,0,,,,,,,,,
1114887,2017/18,2018-01-18,Sydney Cricket Ground,1,12.1,Brisbane Heat,Sydney Sixers,JS Floros,JK Lalor,SA Abbott,0,0,,,,,,,,,
1114887,2017/18,2018-01-18,Sydney Cricket Ground,1,12.2,Brisbane Heat,Sydney Sixers,JS Floros,JK Lalor,SA Abbott,0,0,,,,,,,,,
1114887,2017/18,2018-01-18,Sydney Cricket Ground,1,12.3,Brisbane Heat,Sydney Sixers,JS Floros,JK Lalor,SA Abbott,0,0,,,,,,caught,JS Floros,,
1114887,2017/18,2018-01-18,Sydney Cricket Ground,1,12.4,Brisbane Heat,Sydney Sixers,MT Steketee,JK Lalor,SA Abbott,0,0,,,,,,,,,
1114887,2017/18,2018-01-18,Sydney Cricket Ground,1,12.5,Brisbane Heat,Sydney Sixers,MT Steketee,JK Lalor,SA Abbott,1,0,,,,,,,,,
1114887,2017/18,2018-01-18,Sydney Cricket Ground,1,12.6,Brisbane Heat,Sydney Sixers,JK Lalor,MT Steketee,SA Abbott,0,0,,,,,,,,,
1114887,2017/18,2018-01-18,Sydney Cricket Ground,1,13.1,Brisbane Heat,Sydney Sixers,MT Steketee,JK Lalor,J Botha,0,0,,,,,,,,,
1114887,2017/18,2018-01-18,Sydney Cricket Ground,1,13.2,Brisbane Heat,Sydney Sixers,MT Steketee,JK Lalor,J Botha,0,0,,,,,,,,,
1114887,2017/18,2018-01-18,Sydney Cricket Ground,1,13.3,Brisbane Heat,Sydney Sixers,MT Steketee,JK Lalor,J Botha,0,0,,,,,,,,,
1114887,2017/18,2018-01-18,Sydney Cricket Ground,1,13.4,Brisbane Heat,Sydney Sixers,MT Steketee,JK Lalor,J Botha,0,0,,,,,,,,,
1114887,2017/18,2018-01-18,Sydney Cricket Ground,1,13.5,Brisbane Heat,Sydney Sixers,MT Steketee,JK Lalor,J Botha,1,0,,,,,,,,,
1114887,2017/18,2018-01-18,Sydney Cricket Ground,1,13.6,Brisbane Heat,Sydney Sixers,JK Lalor,MT Steketee,J Botha,0,0,,,,,,,,,
1114887,2017/18,2018-01-18,Sydney Cricket Ground,1,14.1,Brisbane Heat,Sydney Sixers,MT Steketee,JK Lalor,CR Brathwaite,1,0,,,,,,,,,
1114887,2017/18,2018-01-18,Sydney Cricket Ground,1,14.2,Brisbane Heat,Sydney Sixers,JK Lalor,MT Steketee,CR Brathwaite,1,0,,,,,,,,,
1114887,2017/18,2018-01-18,Sydney Cricket Ground,1,14.3,Brisbane Heat,Sydney Sixers,MT Steketee,JK Lalor,CR Brathwaite,1,0,,,,,,,,,
1114887,2017/18,2018-01-18,Sydney Cricket Ground,1,14.4,Brisbane Heat,Sydney Sixers,JK Lalor,MT Steketee,CR Brathwaite,4,0,,,,,,,,,
1114887,2017/18,2018-01-18,Sydney Cricket Ground,1,14.5,Brisbane Heat,Sydney Sixers,JK Lalor,MT Steketee,CR Brathwaite,1,0,,,,,,,,,
1114887,2017/18,2018-01-18,Sydney Cricket Ground,1,14.6,Brisbane Heat,Sydney Sixers,MT Steketee,JK Lalor,CR Brathwaite,0,0,,,,,,,,,
1114887,2017/18,2018-01-18,Sydney Cricket Ground,1,15.1,Brisbane Heat,Sydney Sixers,JK Lalor,MT Steketee,SA Abbott,0,0,,,,,,,,,
1114887,2017/18,2018-01-18,Sydney Cricket Ground,1,15.2,Brisbane Heat,Sydney Sixers,JK Lalor,MT Steketee,SA Abbott,0,1,,,,1,,,,,
1114887,2017/18,2018-01-18,Sydney Cricket Ground,1,15.3,Brisbane Heat,Sydney Sixers,MT Steketee,JK Lalor,SA Abbott,0,1,1,,,,,,,,
1114887,2017/18,2018-01-18,Sydney Cricket Ground,1,15.4,Brisbane Heat,Sydney Sixers,MT Steketee,JK Lalor,SA Abbott,1,0,,,,,,,,,
1114887,2017/18,2018-01-18,Sydney Cricket Ground,1,15.5,Brisbane Heat,Sydney Sixers,JK Lalor,MT Steketee,SA Abbott,0,0,,,,,,,,,
1114887,2017/18,2018-01-18,Sydney Cricket Ground,1,15.6,Brisbane Heat,Sydney Sixers,JK Lalor,MT Steketee,SA Abbott,1,0,,,,,,,,,
1114887,2017/18,2018-01-18,Sydney Cricket Ground,1,15.7,Brisbane Heat,Sydney Sixers,MT Steketee,JK Lalor,SA Abbott,0,0,,,,,,caught,MT Steketee,,
1114887,2017/18,2018-01-18,Sydney Cricket Ground,1,16.1,Brisbane Heat,Sydney Sixers,Yasir Shah,JK Lalor,CR Brathwaite,0,0,,,,,,bowled,Yasir Shah,,
1114887,2017/18,2018-01-18,Sydney Cricket Ground,1,16.2,Brisbane Heat,Sydney Sixers,MJ Swepson,JK Lalor,CR Brathwaite,1,0,,,,,,,,,
1114887,2017/18,2018-01-18,Sydney Cricket Ground,1,16.3,Brisbane Heat,Sydney Sixers,JK Lalor,MJ Swepson,CR Brathwaite,4,0,,,,,,,,,
1114887,2017/18,2018-01-18,Sydney Cricket Ground,1,16.4,Brisbane Heat,Sydney Sixers,JK Lalor,MJ Swepson,CR Brathwaite,0,1,1,,,,,,,,
1114887,2017/18,2018-01-18,Sydney Cricket Ground,1,16.5,Brisbane Heat,Sydney Sixers,JK Lalor,MJ Swepson,CR Brathwaite,0,0,,,,,,caught,JK Lalor,,
1114887,2017/18,2018-01-18,Sydney Cricket Ground,2,0.1,Sydney Sixers,Brisbane Heat,JL Denly,DP Hughes,JK Lalor,1,0,,,,,,,,,
1114887,2017/18,2018-01-18,Sydney Cricket Ground,2,0.2,Sydney Sixers,Brisbane Heat,DP Hughes,JL Denly,JK Lalor,0,0,,,,,,,,,
1114887,2017/18,2018-01-18,Sydney Cricket Ground,2,0.3,Sydney Sixers,Brisbane Heat,DP Hughes,JL Denly,JK Lalor,1,0,,,,,,,,,
1114887,2017/18,2018-01-18,Sydney Cricket Ground,2,0.4,Sydney Sixers,Brisbane Heat,JL Denly,DP Hughes,JK Lalor,0,0,,,,,,,,,
1114887,2017/18,2018-01-18,Sydney Cricket Ground,2,0.5,Sydney Sixers,Brisbane Heat,JL Denly,DP Hughes,JK Lalor,0,0,,,,,,,,,
1114887,2017/18,2018-01-18,Sydney Cricket Ground,2,0.6,Sydney Sixers,Brisbane Heat,JL Denly,DP Hughes,JK Lalor,0,0,,,,,,,,,
1114887,2017/18,2018-01-18,Sydney Cricket Ground,2,1.1,Sydney Sixers,Brisbane Heat,DP Hughes,JL Denly,Yasir Shah,4,0,,,,,,,,,
1114887,2017/18,2018-01-18,Sydney Cricket Ground,2,1.2,Sydney Sixers,Brisbane Heat,DP Hughes,JL Denly,Yasir Shah,0,0,,,,,,,,,
1114887,2017/18,2018-01-18,Sydney Cricket Ground,2,1.3,Sydney Sixers,Brisbane Heat,DP Hughes,JL Denly,Yasir Shah,0,0,,,,,,,,,
1114887,2017/18,2018-01-18,Sydney Cricket Ground,2,1.4,Sydney Sixers,Brisbane Heat,DP Hughes,JL Denly,Yasir Shah,1,0,,,,,,,,,
1114887,2017/18,2018-01-18,Sydney Cricket Ground,2,1.5,Sydney Sixers,Brisbane Heat,JL Denly,DP Hughes,Yasir Shah,4,0,,,,,,,,,
1114887,2017/18,2018-01-18,Sydney Cricket Ground,2,1.6,Sydney Sixers,Brisbane Heat,JL Denly,DP Hughes,Yasir Shah,0,0,,,,,,,,,
1114887,2017/18,2018-01-18,Sydney Cricket Ground,2,2.1,Sydney Sixers,Brisbane Heat,DP Hughes,JL Denly,JK Lalor,4,0,,,,,,,,,
1114887,2017/18,2018-01-18,Sydney Cricket Ground,2,2.2,Sydney Sixers,Brisbane Heat,DP Hughes,JL Denly,JK Lalor,0,0,,,,,,,,,
1114887,2017/18,2018-01-18,Sydney Cricket Ground,2,2.3,Sydney Sixers,Brisbane Heat,DP Hughes,JL Denly,JK Lalor,0,0,,,,,,,,,
1114887,2017/18,2018-01-18,Sydney Cricket Ground,2,2.4,Sydney Sixers,Brisbane Heat,DP Hughes,JL Denly,JK Lalor,1,0,,,,,,,,,
1114887,2017/18,2018-01-18,Sydney Cricket Ground,2,2.5,Sydney Sixers,Brisbane Heat,JL Denly,DP Hughes,JK Lalor,0,0,,,,,,,,,
1114887,2017/18,2018-01-18,Sydney Cricket Ground,2,2.6,Sydney Sixers,Brisbane Heat,JL Denly,DP Hughes,JK Lalor,4,0,,,,,,,,,
1114887,2017/18,2018-01-18,Sydney Cricket Ground,2,3.1,Sydney Sixers,Brisbane Heat,DP Hughes,JL Denly,Yasir Shah,2,0,,,,,,,,,
1114887,2017/18,2018-01-18,Sydney Cricket Ground,2,3.2,Sydney Sixers,Brisbane Heat,DP Hughes,JL Denly,Yasir Shah,0,1,1,,,,,,,,
1114887,2017/18,2018-01-18,Sydney Cricket Ground,2,3.3,Sydney Sixers,Brisbane Heat,DP Hughes,JL Denly,Yasir Shah,0,0,,,,,,,,,
1114887,2017/18,2018-01-18,Sydney Cricket Ground,2,3.4,Sydney Sixers,Brisbane Heat,DP Hughes,JL Denly,Yasir Shah,2,0,,,,,,,,,
1114887,2017/18,2018-01-18,Sydney Cricket Ground,2,3.5,Sydney Sixers,Brisbane Heat,DP Hughes,JL Denly,Yasir Shah,4,0,,,,,,,,,
1114887,2017/18,2018-01-18,Sydney Cricket Ground,2,3.6,Sydney Sixers,Brisbane Heat,DP Hughes,JL Denly,Yasir Shah,1,0,,,,,,,,,
1114887,2017/18,2018-01-18,Sydney Cricket Ground,2,3.7,Sydney Sixers,Brisbane Heat,JL Denly,DP Hughes,Yasir Shah,0,0,,,,,,,,,
1114887,2017/18,2018-01-18,Sydney Cricket Ground,2,4.1,Sydney Sixers,Brisbane Heat,DP Hughes,JL Denly,MT Steketee,4,0,,,,,,,,,
1114887,2017/18,2018-01-18,Sydney Cricket Ground,2,4.2,Sydney Sixers,Brisbane Heat,DP Hughes,JL Denly,MT Steketee,1,0,,,,,,,,,
1114887,2017/18,2018-01-18,Sydney Cricket Ground,2,4.3,Sydney Sixers,Brisbane Heat,JL Denly,DP Hughes,MT Steketee,0,0,,,,,,,,,
1114887,2017/18,2018-01-18,Sydney Cricket Ground,2,4.4,Sydney Sixers,Brisbane Heat,JL Denly,DP Hughes,MT Steketee,1,0,,,,,,,,,
1114887,2017/18,2018-01-18,Sydney Cricket Ground,2,4.5,Sydney Sixers,Brisbane Heat,DP Hughes,JL Denly,MT Steketee,0,0,,,,,,,,,
1114887,2017/18,2018-01-18,Sydney Cricket Ground,2,4.6,Sydney Sixers,Brisbane Heat,DP Hughes,JL Denly,MT Steketee,1,0,,,,,,,,,
1114887,2017/18,2018-01-18,Sydney Cricket Ground,2,5.1,Sydney Sixers,Brisbane Heat,DP Hughes,JL Denly,JK Lalor,0,0,,,,,,,,,
1114887,2017/18,2018-01-18,Sydney Cricket Ground,2,5.2,Sydney Sixers,Brisbane Heat,DP Hughes,JL Denly,JK Lalor,0,0,,,,,,,,,
1114887,2017/18,2018-01-18,Sydney Cricket Ground,2,5.3,Sydney Sixers,Brisbane Heat,DP Hughes,JL Denly,JK Lalor,2,0,,,,,,,,,
1114887,2017/18,2018-01-18,Sydney Cricket Ground,2,5.4,Sydney Sixers,Brisbane Heat,DP Hughes,JL Denly,JK Lalor,0,0,,,,,,,,,
1114887,2017/18,2018-01-18,Sydney Cricket Ground,2,5.5,Sydney Sixers,Brisbane Heat,DP Hughes,JL Denly,JK Lalor,6,0,,,,,,,,,
1114887,2017/18,2018-01-18,Sydney Cricket Ground,2,5.6,Sydney Sixers,Brisbane Heat,DP Hughes,JL Denly,JK Lalor,1,0,,,,,,,,,
1114887,2017/18,2018-01-18,Sydney Cricket Ground,2,6.1,Sydney Sixers,Brisbane Heat,DP Hughes,JL Denly,MJ Swepson,1,0,,,,,,,,,
1114887,2017/18,2018-01-18,Sydney Cricket Ground,2,6.2,Sydney Sixers,Brisbane Heat,JL Denly,DP Hughes,MJ Swepson,0,0,,,,,,,,,
1114887,2017/18,2018-01-18,Sydney Cricket Ground,2,6.3,Sydney Sixers,Brisbane Heat,JL Denly,DP Hughes,MJ Swepson,1,0,,,,,,,,,
1114887,2017/18,2018-01-18,Sydney Cricket Ground,2,6.4,Sydney Sixers,Brisbane Heat,DP Hughes,JL Denly,MJ Swepson,1,0,,,,,,,,,
1114887,2017/18,2018-01-18,Sydney Cricket Ground,2,6.5,Sydney Sixers,Brisbane Heat,JL Denly,DP Hughes,MJ Swepson,0,0,,,,,,,,,
1114887,2017/18,2018-01-18,Sydney Cricket Ground,2,6.6,Sydney Sixers,Brisbane Heat,JL Denly,DP Hughes,MJ Swepson,0,0,,,,,,,,,
1114887,2017/18,2018-01-18,Sydney Cricket Ground,2,7.1,Sydney Sixers,Brisbane Heat,DP Hughes,JL Denly,Yasir Shah,0,0,,,,,,lbw,DP Hughes,,
1114887,2017/18,2018-01-18,Sydney Cricket Ground,2,7.2,Sydney Sixers,Brisbane Heat,NJ Maddinson,JL Denly,Yasir Shah,1,0,,,,,,,,,
1114887,2017/18,2018-01-18,Sydney Cricket Ground,2,7.3,Sydney Sixers,Brisbane Heat,JL Denly,NJ Maddinson,Yasir Shah,0,0,,,,,,,,,
1114887,2017/18,2018-01-18,Sydney Cricket Ground,2,7.4,Sydney Sixers,Brisbane Heat,JL Denly,NJ Maddinson,Yasir Shah,1,0,,,,,,,,,
1114887,2017/18,2018-01-18,Sydney Cricket Ground,2,7.5,Sydney Sixers,Brisbane Heat,NJ Maddinson,JL Denly,Yasir Shah,6,0,,,,,,,,,
1114887,2017/18,2018-01-18,Sydney Cricket Ground,2,7.6,Sydney Sixers,Brisbane Heat,NJ Maddinson,JL Denly,Yasir Shah,1,0,,,,,,,,,
1114887,2017/18,2018-01-18,Sydney Cricket Ground,2,8.1,Sydney Sixers,Brisbane Heat,NJ Maddinson,JL Denly,JS Floros,0,0,,,,,,,,,
1114887,2017/18,2018-01-18,Sydney Cricket Ground,2,8.2,Sydney Sixers,Brisbane Heat,NJ Maddinson,JL Denly,JS Floros,6,0,,,,,,,,,
1114887,2017/18,2018-01-18,Sydney Cricket Ground,2,8.3,Sydney Sixers,Brisbane Heat,NJ Maddinson,JL Denly,JS Floros,1,0,,,,,,,,,
1114887,2017/18,2018-01-18,Sydney Cricket Ground,2,8.4,Sydney Sixers,Brisbane Heat,JL Denly,NJ Maddinson,JS Floros,0,0,,,,,,,,,
1114887,2017/18,2018-01-18,Sydney Cricket Ground,2,8.5,Sydney Sixers,Brisbane Heat,JL Denly,NJ Maddinson,JS Floros,0,0,,,,,,,,,
1114887,2017/18,2018-01-18,Sydney Cricket Ground,2,8.6,Sydney Sixers,Brisbane Heat,JL Denly,NJ Maddinson,JS Floros,0,0,,,,,,,,,
1114887,2017/18,2018-01-18,Sydney Cricket Ground,2,9.1,Sydney Sixers,Brisbane Heat,NJ Maddinson,JL Denly,Yasir Shah,1,0,,,,,,,,,
1114887,2017/18,2018-01-18,Sydney Cricket Ground,2,9.2,Sydney Sixers,Brisbane Heat,JL Denly,NJ Maddinson,Yasir Shah,6,0,,,,,,,,,
1114887,2017/18,2018-01-18,Sydney Cricket Ground,2,9.3,Sydney Sixers,Brisbane Heat,JL Denly,NJ Maddinson,Yasir Shah,0,0,,,,,,,,,
1114887,2017/18,2018-01-18,Sydney Cricket Ground,2,9.4,Sydney Sixers,Brisbane Heat,JL Denly,NJ Maddinson,Yasir Shah,0,0,,,,,,,,,
1114887,2017/18,2018-01-18,Sydney Cricket Ground,2,9.5,Sydney Sixers,Brisbane Heat,JL Denly,NJ Maddinson,Yasir Shah,1,0,,,,,,,,,
1114887,2017/18,2018-01-18,Sydney Cricket Ground,2,9.6,Sydney Sixers,Brisbane Heat,NJ Maddinson,JL Denly,Yasir Shah,1,0,,,,,,,,,
