match_id,season,start_date,venue,innings,ball,batting_team,bowling_team,striker,non_striker,bowler,runs_off_bat,extras,wides,noballs,byes,legbyes,penalty,wicket_type,player_dismissed,other_wicket_type,other_player_dismissed
1114867,2017/18,2017-12-31,Adelaide Oval,1,0.1,Adelaide Strikers,Brisbane Heat,AT Carey,J Weatherald,JA Burns,0,0,,,,,,,,,
1114867,2017/18,2017-12-31,Adelaide Oval,1,0.2,Adelaide Strikers,Brisbane Heat,AT Carey,J Weatherald,JA Burns,0,0,,,,,,,,,
1114867,2017/18,2017-12-31,Adelaide Oval,1,0.3,Adelaide Strikers,Brisbane Heat,AT Carey,J Weatherald,JA Burns,1,0,,,,,,,,,
1114867,2017/18,2017-12-31,Adelaide Oval,1,0.4,Adelaide Strikers,Brisbane Heat,J Weatherald,AT Carey,JA Burns,0,0,,,,,,,,,
1114867,2017/18,2017-12-31,Adelaide Oval,1,0.5,Adelaide Strikers,Brisbane Heat,J Weatherald,AT Carey,JA Burns,0,0,,,,,,,,,
1114867,2017/18,2017-12-31,Adelaide Oval,1,0.6,Adelaide Strikers,Brisbane Heat,J Weatherald,AT Carey,JA Burns,4,0,,,,,,,,,
1114867,2017/18,2017-12-31,Adelaide Oval,1,1.1,Adelaide Strikers,Brisbane Heat,AT Carey,J Weatherald,MT Steketee,1,0,,,,,,,,,
1114867,2017/18,2017-12-31,Adelaide Oval,1,1.2,Adelaide Strikers,Brisbane Heat,J Weatherald,AT Carey,MT Steketee,6,0,,,,,,,,,
1114867,2017/18,2017-12-31,Adelaide Oval,1,1.3,Adelaide Strikers,Brisbane Heat,J Weatherald,AT Carey,MT Steketee,0,0,,,,,,,,,
1114867,2017/18,2017-12-31,Adelaide Oval,1,1.4,Adelaide Strikers,Brisbane Heat,J Weatherald,AT Carey,MT Steketee,0,0,,,,,,,,,
1114867,2017/18,2017-12-31,Adelaide Oval,1,1.5,Adelaide Strikers,Brisbane Heat,J Weatherald,AT Carey,MT Steketee,1,0,,,,,,,,,
1114867,2017/18,2017-12-31,Adelaide Oval,1,1.6,Adelaide Strikers,Brisbane Heat,AT Carey,J Weatherald,MT Steketee,0,0,,,,,,,,,
1114867,2017/18,2017-12-31,Adelaide Oval,1,2.1,Adelaide Strikers,Brisbane Heat,J Weatherald,AT Carey,JK Lalor,1,0,,,,,,,,,
1114867,2017/18,2017-12-31,Adelaide Oval,1,2.2,Adelaide Strikers,Brisbane Heat,AT Carey,J Weatherald,JK Lalor,0,0,,,,,,bowled,AT Carey,,
1114867,2017/18,2017-12-31,Adelaide Oval,1,2.3,Adelaide Strikers,Brisbane Heat,TM Head,J Weatherald,JK Lalor,1,0,,,,,,,,,
1114867,2017/18,2017-12-31,Adelaide Oval,1,2.4,Adelaide Strikers,Brisbane Heat,J Weatherald,TM Head,JK Lalor,4,0,,,,,,,,,
1114867,2017/18,2017-12-31,Adelaide Oval,1,2.5,Adelaide Strikers,Brisbane Heat,J Weatherald,TM Head,JK Lalor,0,0,,,,,,,,,
1114867,2017/18,2017-12-31,Adelaide Oval,1,2.6,Adelaide Strikers,Brisbane Heat,J Weatherald,TM Head,JK Lalor,1,0,,,,,,,,,
1114867,2017/18,2017-12-31,Adelaide Oval,1,3.1,Adelaide Strikers,Brisbane Heat,J Weatherald,TM Head,MT Steketee,2,0,,,,,,,,,
1114867,2017/18,2017-12-31,Adelaide Oval,1,3.2,Adelaide Strikers,Brisbane Heat,J Weatherald,TM Head,MT Steketee,1,0,,,,,,,,,
1114867,2017/18,2017-12-31,Adelaide Oval,1,3.3,Adelaide Strikers,Brisbane Heat,TM Head,J Weatherald,MT Steketee,1,0,,,,,,,,,
1114867,2017/18,2017-12-31,Adelaide Oval,1,3.4,Adelaide Strikers,Brisbane Heat,J Weatherald,TM Head,MT Steketee,0,1,,,,1,,,,,
1114867,2017/18,2017-12-31,Adelaide Oval,1,3.5,Adelaide Strikers,Brisbane Heat,TM Head,J Weatherald,MT Steketee,0,0,,,,,,,,,
1114867,2017/18,2017-12-31,Adelaide Oval,1,3.6,Adelaide Strikers,Brisbane Heat,TM Head,J Weatherald,MT Steketee,0,1,,,,1,,,,,
1114867,2017/18,2017-12-31,Adelaide Oval,1,4.1,Adelaide Strikers,Brisbane Heat,TM Head,J Weatherald,JK Lalor,2,0,,,,,,,,,
1114867,2017/18,2017-12-31,Adelaide Oval,1,4.2,Adelaide Strikers,Brisbane Heat,TM Head,J Weatherald,JK Lalor,1,0,,,,,,,,,
1114867,2017/18,2017-12-31,Adelaide Oval,1,4.3,Adelaide Strikers,Brisbane Heat,J Weatherald,TM Head,JK Lalor,0,0,,,,,,bowled,J Weatherald,,
1114867,2017/18,2017-12-31,Adelaide Oval,1,4.4,Adelaide Strikers,Brisbane Heat,CA Ingram,TM Head,JK Lalor,1,0,,,,,,,,,
1114867,2017/18,2017-12-31,Adelaide Oval,1,4.5,Adelaide Strikers,Brisbane Heat,TM Head,CA Ingram,JK Lalor,0,0,,,,,,,,,
1114867,2017/18,2017-12-31,Adelaide Oval,1,4.6,Adelaide Strikers,Brisbane Heat,TM Head,CA Ingram,JK Lalor,2,0,,,,,,,,,
1114867,2017/18,2017-12-31,Adelaide Oval,1,5.1,Adelaide Strikers,Brisbane Heat,CA Ingram,TM Head,Yasir Shah,1,0,,,,,,,,,
1114867,2017/18,2017-12-31,Adelaide Oval,1,5.2,Adelaide Strikers,Brisbane Heat,TM Head,CA Ingram,Yasir Shah,0,0,,,,,,,,,
1114867,2017/18,2017-12-31,Adelaide Oval,1,5.3,Adelaide Strikers,Brisbane Heat,TM Head,CA Ingram,Yasir Shah,1,0,,,,,,,,,
1114867,2017/18,2017-12-31,Adelaide Oval,1,5.4,Adelaide Strikers,Brisbane Heat,CA Ingram,TM Head,Yasir Shah,2,0,,,,,,,,,
1114867,2017/18,2017-12-31,Adelaide Oval,1,5.5,Adelaide Strikers,Brisbane Heat,CA Ingram,TM Head,Yasir Shah,1,0,,,,,,,,,
1114867,2017/18,2017-12-31,Adelaide Oval,1,5.6,Adelaide Strikers,Brisbane Heat,TM Head,CA Ingram,Yasir Shah,1,0,,,,,,,,,
1114867,2017/18,2017-12-31,Adelaide Oval,1,6.1,Adelaide Strikers,Brisbane Heat,TM Head,CA Ingram,MJ Swepson,2,0,,,,,,,,,
1114867,2017/18,2017-12-31,Adelaide Oval,1,6.2,Adelaide Strikers,Brisbane Heat,TM Head,CA Ingram,MJ Swepson,1,0,,,,,,,,,
1114867,2017/18,2017-12-31,Adelaide Oval,1,6.3,Adelaide Strikers,Brisbane Heat,CA Ingram,TM Head,MJ Swepson,0,0,,,,,,,,,
1114867,2017/18,2017-12-31,Adelaide Oval,1,6.4,Adelaide Strikers,Brisbane Heat,CA Ingram,TM Head,MJ Swepson,0,0,,,,,,,,,
1114867,2017/18,2017-12-31,Adelaide Oval,1,6.5,Adelaide Strikers,Brisbane Heat,CA Ingram,TM Head,MJ Swepson,1,0,,,,,,,,,
1114867,2017/18,2017-12-31,Adelaide Oval,1,6.6,Adelaide Strikers,Brisbane Heat,TM Head,CA Ingram,MJ Swepson,1,0,,,,,,,,,
1114867,2017/18,2017-12-31,Adelaide Oval,1,7.1,Adelaide Strikers,Brisbane Heat,TM Head,CA Ingram,Yasir Shah,0,0,,,,,,,,,
1114867,2017/18,2017-12-31,Adelaide Oval,1,7.2,Adelaide Strikers,Brisbane Heat,TM Head,CA Ingram,Yasir Shah,0,0,,,,,,,,,
1114867,2017/18,2017-12-31,Adelaide Oval,1,7.3,Adelaide Strikers,Brisbane Heat,TM Head,CA Ingram,Yasir Shah,0,0,,,,,,,,,
1114867,2017/18,2017-12-31,Adelaide Oval,1,7.4,Adelaide Strikers,Brisbane Heat,TM Head,CA Ingram,Yasir Shah,0,0,,,,,,bowled,TM Head,,
1114867,2017/18,2017-12-31,Adelaide Oval,1,7.5,Adelaide Strikers,Brisbane Heat,JW Wells,CA Ingram,Yasir Shah,0,0,,,,,,,,,
1114867,2017/18,2017-12-31,Adelaide Oval,1,7.6,Adelaide Strikers,Brisbane Heat,JW Wells,CA Ingram,Yasir Shah,1,0,,,,,,,,,
1114867,2017/18,2017-12-31,Adelaide Oval,1,8.1,Adelaide Strikers,Brisbane Heat,JW Wells,CA Ingram,MJ Swepson,1,0,,,,,,,,,
1114867,2017/18,2017-12-31,Adelaide Oval,1,8.2,Adelaide Strikers,Brisbane Heat,CA Ingram,JW Wells,MJ Swepson,0,0,,,,,,,,,
1114867,2017/18,2017-12-31,Adelaide Oval,1,8.3,Adelaide Strikers,Brisbane Heat,CA Ingram,JW Wells,MJ Swepson,0,1,1,,,,,,,,
1114867,2017/18,2017-12-31,Adelaide Oval,1,8.4,Adelaide Strikers,Brisbane Heat,CA Ingram,JW Wells,MJ Swepson,4,0,,,,,,,,,
1114867,2017/18,2017-12-31,Adelaide Oval,1,8.5,Adelaide Strikers,Brisbane Heat,CA Ingram,JW Wells,MJ Swepson,0,0,,,,,,,,,
1114867,2017/18,2017-12-31,Adelaide Oval,1,8.6,Adelaide Strikers,Brisbane Heat,CA Ingram,JW Wells,MJ Swepson,1,0,,,,,,,,,
1114867,2017/18,2017-12-31,Adelaide Oval,1,8.7,Adelaide Strikers,Brisbane Heat,JW Wells,CA Ingram,MJ Swepson,1,0,,,,,,,,,
1114867,2017/18,2017-12-31,Adelaide Oval,1,9.1,Adelaide Strikers,Brisbane Heat,JW Wells,CA Ingram,Yasir Shah,1,0,,,,,,,,,
1114867,2017/18,2017-12-31,Adelaide Oval,1,9.2,Adelaide Strikers,Brisbane Heat,CA Ingram,JW Wells,Yasir Shah,1,0,,,,,,,,,
1114867,2017/18,2017-12-31,Adelaide Oval,1,9.3,Adelaide Strikers,Brisbane Heat,JW Wells,CA Ingram,Yasir Shah,0,0,,,,,,,,,
1114867,2017/18,2017-12-31,Adelaide Oval,1,9.4,Adelaide Strikers,Brisbane Heat,JW Wells,CA Ingram,Yasir Shah,1,0,,,,,,,,,
1114867,2017/18,2017-12-31,Adelaide Oval,1,9.5,Adelaide Strikers,Brisbane Heat,CA Ingram,JW Wells,Yasir Shah,4,0,,,,,,,,,
1114867,2017/18,2017-12-31,Adelaide Oval,1,9.6,Adelaide Strikers,Brisbane Heat,CA Ingram,JW Wells,Yasir Shah,1,0,,,,,,,,,
1114867,2017/18,2017-12-31,Adelaide Oval,1,10.1,Adelaide Strikers,Brisbane Heat,CA Ingram,JW Wells,MJ Swepson,1,0,,,,,,,,,
1114867,2017/18,2017-12-31,Adelaide Oval,1,10.2,Adelaide Strikers,Brisbane Heat,JW Wells,CA Ingram,MJ Swepson,1,0,,,,,,,,,
1114867,2017/18,2017-12-31,Adelaide Oval,1,10.3,Adelaide Strikers,Brisbane Heat,CA Ingram,JW Wells,MJ Swepson,1,0,,,,,,,,,
1114867,2017/18,2017-12-31,Adelaide Oval,1,10.4,Adelaide Strikers,Brisbane Heat,JW Wells,CA Ingram,MJ Swepson,0,0,,,,,,,,,
1114867,2017/18,2017-12-31,Adelaide Oval,1,10.5,Adelaide Strikers,Brisbane Heat,JW Wells,CA Ingram,MJ Swepson,4,0,,,,,,,,,
1114867,2017/18,2017-12-31,Adelaide Oval,1,10.6,Adelaide Strikers,Brisbane Heat,JW Wells,CA Ingram,MJ Swepson,1,0,,,,,,,,,
1114867,2017/18,2017-12-31,Adelaide Oval,1,11.1,Adelaide Strikers,Brisbane Heat,JW Wells,CA Ingram,CJ Gannon,1,0,,,,,,,,,
1114867,2017/18,2017-12-31,Adelaide Oval,1,11.2,Adelaide Strikers,Brisbane Heat,CA Ingram,JW Wells,CJ Gannon,1,0,,,,,,,,,
1114867,2017/18,2017-12-31,Adelaide Oval,1,11.3,Adelaide Strikers,Brisbane Heat,JW Wells,CA Ingram,CJ Gannon,0,0,,,,,,caught,JW Wells,,
1114867,2017/18,2017-12-31,Adelaide Oval,1,11.4,Adelaide Strikers,Brisbane Heat,JS Lehmann,CA Ingram,CJ Gannon,1,0,,,,,,,,,
1114867,2017/18,2017-12-31,Adelaide Oval,1,11.5,Adelaide Strikers,Brisbane Heat,CA Ingram,JS Lehmann,CJ Gannon,1,0,,,,,,,,,
1114867,2017/18,2017-12-31,Adelaide Oval,1,11.6,Adelaide Strikers,Brisbane Heat,JS Lehmann,CA Ingram,CJ Gannon,0,0,,,,,,,,,
1114867,2017/18,2017-12-31,Adelaide Oval,1,12.1,Adelaide Strikers,Brisbane Heat,CA Ingram,JS Lehmann,Yasir Shah,0,1,,,,1,,,,,
1114867,2017/18,2017-12-31,Adelaide Oval,1,12.2,Adelaide Strikers,Brisbane Heat,JS Lehmann,CA Ingram,Yasir Shah,0,0,,,,,,,,,
1114867,2017/18,2017-12-31,Adelaide Oval,1,12.3,Adelaide Strikers,Brisbane Heat,JS Lehmann,CA Ingram,Yasir Shah,1,0,,,,,,,,,
1114867,2017/18,2017-12-31,Adelaide Oval,1,12.4,Adelaide Strikers,Brisbane Heat,CA Ingram,JS Lehmann,Yasir Shah,2,0,,,,,,,,,
1114867,2017/18,2017-12-31,Adelaide Oval,1,12.5,Adelaide Strikers,Brisbane Heat,CA Ingram,JS Lehmann,Yasir Shah,0,0,,,,,,,,,
1114867,2017/18,2017-12-31,Adelaide Oval,1,12.6,Adelaide Strikers,Brisbane Heat,CA Ingram,JS Lehmann,Yasir Shah,0,0,,,,,,caught,CA Ingram,,
1114867,2017/18,2017-12-31,Adelaide Oval,1,13.1,Adelaide Strikers,Brisbane Heat,MG Neser,JS Lehmann,CJ Gannon,0,0,,,,,,,,,
1114867,2017/18,2017-12-31,Adelaide Oval,1,13.2,Adelaide Strikers,Brisbane Heat,MG Neser,JS Lehmann,CJ Gannon,1,0,,,,,,,,,
1114867,2017/18,2017-12-31,Adelaide Oval,1,13.3,Adelaide Strikers,Brisbane Heat,JS Lehmann,MG Neser,CJ Gannon,2,0,,,,,,,,,
1114867,2017/18,2017-12-31,Adelaide Oval,1,13.4,Adelaide Strikers,Brisbane Heat,JS Lehmann,MG Neser,CJ Gannon,1,0,,,,,,,,,
1114867,2017/18,2017-12-31,Adelaide Oval,1,13.5,Adelaide Strikers,Brisbane Heat,MG Neser,JS Lehmann,CJ Gannon,0,0,,,,,,,,,
1114867,2017/18,2017-12-31,Adelaide Oval,1,13.6,Adelaide Strikers,Brisbane Heat,MG Neser,JS Lehmann,CJ Gannon,4,0,,,,,,,,,
1114867,2017/18,2017-12-31,Adelaide Oval,1,14.1,Adelaide Strikers,Brisbane Heat,JS Lehmann,MG Neser,MJ Swepson,0,0,,,,,,,,,
1114867,2017/18,2017-12-31,Adelaide Oval,1,14.2,Adelaide Strikers,Brisbane Heat,JS Lehmann,MG Neser,MJ Swepson,1,0,,,,,,,,,
1114867,2017/18,2017-12-31,Adelaide Oval,1,14.3,Adelaide Strikers,Brisbane Heat,MG Neser,JS Lehmann,MJ Swepson,0,0,,,,,,,,,
1114867,2017/18,2017-12-31,Adelaide Oval,1,14.4,Adelaide Strikers,Brisbane Heat,MG Neser,JS Lehmann,MJ Swepson,0,0,,,,,,,,,
1114867,2017/18,2017-12-31,Adelaide Oval,1,14.5,Adelaide Strikers,Brisbane Heat,MG Neser,JS Lehmann,MJ Swepson,1,0,,,,,,,,,
1114867,2017/18,2017-12-31,Adelaide Oval,1,14.6,Adelaide Strikers,Brisbane Heat,JS Lehmann,MG Neser,MJ Swepson,4,0,,,,,,,,,
1114867,2017/18,2017-12-31,Adelaide Oval,1,15.1,Adelaide Strikers,Brisbane Heat,MG Neser,JS Lehmann,CJ Gannon,4,0,,,,,,,,,
1114867,2017/18,2017-12-31,Adelaide Oval,1,15.2,Adelaide Strikers,Brisbane Heat,MG Neser,JS Lehmann,CJ Gannon,1,0,,,,,,,,,
1114867,2017/18,2017-12-31,Adelaide Oval,1,15.3,Adelaide Strikers,Brisbane Heat,JS Lehmann,MG Neser,CJ Gannon,4,0,,,,,,,,,
1114867,2017/18,2017-12-31,Adelaide Oval,1,15.4,Adelaide Strikers,Brisbane Heat,JS Lehmann,MG Neser,CJ Gannon,2,0,,,,,,,,,
1114867,2017/18,2017-12-31,Adelaide Oval,1,15.5,Adelaide Strikers,Brisbane Heat,JS Lehmann,MG Neser,CJ Gannon,1,0,,,,,,,,,
1114867,2017/18,2017-12-31,Adelaide Oval,1,15.6,Adelaide Strikers,Brisbane Heat,MG Neser,JS Lehmann,CJ Gannon,2,0,,,,,,,,,
1114867,2017/18,2017-12-31,Adelaide Oval,1,16.1,Adelaide Strikers,Brisbane Heat,JS Lehmann,MG Neser,JK Lalor,1,0,,,,,,,,,
1114867,2017/18,2017-12-31,Adelaide Oval,1,16.2,Adelaide Strikers,Brisbane Heat,MG Neser,JS Lehmann,JK Lalor,0,0,,,,,,,,,
1114867,2017/18,2017-12-31,Adelaide Oval,1,16.3,Adelaide Strikers,Brisbane Heat,MG Neser,JS Lehmann,JK Lalor,6,0,,,,,,,,,
1114867,2017/18,2017-12-31,Adelaide Oval,1,16.4,Adelaide Strikers,Brisbane Heat,MG Neser,JS Lehmann,JK Lalor,4,0,,,,,,,,,
1114867,2017/18,2017-12-31,Adelaide Oval,1,16.5,Adelaide Strikers,Brisbane Heat,MG Neser,JS Lehmann,JK Lalor,0,0,,,,,,,,,
1114867,2017/18,2017-12-31,Adelaide Oval,1,16.6,Adelaide Strikers,Brisbane Heat,MG Neser,JS Lehmann,JK Lalor,1,0,,,,,,,,,
1114867,2017/18,2017-12-31,Adelaide Oval,1,17.1,Adelaide Strikers,Brisbane Heat,MG Neser,JS Lehmann,MT Steketee,1,0,,,,,,,,,
1114867,2017/18,2017-12-31,Adelaide Oval,1,17.2,Adelaide Strikers,Brisbane Heat,JS Lehmann,MG Neser,MT Steketee,4,0,,,,,,,,,
1114867,2017/18,2017-12-31,Adelaide Oval,1,17.3,Adelaide Strikers,Brisbane Heat,JS Lehmann,MG Neser,MT Steketee,0,0,,,,,,,,,
1114867,2017/18,2017-12-31,Adelaide Oval,1,17.4,Adelaide Strikers,Brisbane Heat,JS Lehmann,MG Neser,MT Steketee,0,0,,,,,,,,,
1114867,2017/18,2017-12-31,Adelaide Oval,1,17.5,Adelaide Strikers,Brisbane Heat,JS Lehmann,MG Neser,MT Steketee,0,0,,,,,,caught,JS Lehmann,,
1114867,2017/18,2017-12-31,Adelaide Oval,1,17.6,Adelaide Strikers,Brisbane Heat,MG Neser,Rashid Khan,MT Steketee,1,0,,,,,,,,,
1114867,2017/18,2017-12-31,Adelaide Oval,1,18.1,Adelaide Strikers,Brisbane Heat,MG Neser,Rashid Khan,JK Lalor,0,1,1,,,,,,,,
1114867,2017/18,2017-12-31,Adelaide Oval,1,18.2,Adelaide Strikers,Brisbane Heat,MG Neser,Rashid Khan,JK Lalor,0,2,,,,2,,,,,
1114867,2017/18,2017-12-31,Adelaide Oval,1,18.3,Adelaide Strikers,Brisbane Heat,MG Neser,Rashid Khan,JK Lalor,0,0,,,,,,,,,
1114867,2017/18,2017-12-31,Adelaide Oval,1,18.4,Adelaide Strikers,Brisbane Heat,MG Neser,Rashid Khan,JK Lalor,0,1,1,,,,,,,,
1114867,2017/18,2017-12-31,Adelaide Oval,1,18.5,Adelaide Strikers,Brisbane Heat,MG Neser,Rashid Khan,JK Lalor,6,0,,,,,,,,,
1114867,2017/18,2017-12-31,Adelaide Oval,1,18.6,Adelaide Strikers,Brisbane Heat,MG Neser,Rashid Khan,JK Lalor,1,0,,,,,,,,,
1114867,2017/18,2017-12-31,Adelaide Oval,1,18.7,Adelaide Strikers,Brisbane Heat,Rashid Khan,MG Neser,JK Lalor,6,0,,,,,,,,,
1114867,2017/18,2017-12-31,Adelaide Oval,1,18.8,Adelaide Strikers,Brisbane Heat,Rashid Khan,MG Neser,JK Lalor,0,0,,,,,,caught,Rashid Khan,,
1114867,2017/18,2017-12-31,Adelaide Oval,1,19.1,Adelaide Strikers,Brisbane Heat,MG Neser,PM Siddle,MT Steketee,0,0,,,,,,,,,
1114867,2017/18,2017-12-31,Adelaide Oval,1,19.2,Adelaide Strikers,Brisbane Heat,MG Neser,PM Siddle,MT Steketee,1,0,,,,,,,,,
1114867,2017/18,2017-12-31,Adelaide Oval,1,19.3,Adelaide Strikers,Brisbane Heat,PM Siddle,MG Neser,MT Steketee,1,0,,,,,,,,,
1114867,2017/18,2017-12-31,Adelaide Oval,1,19.4,Adelaide Strikers,Brisbane Heat,MG Neser,PM Siddle,MT Steketee,2,0,,,,,,,,,
1114867,2017/18,2017-12-31,Adelaide Oval,1,19.5,Adelaide Strikers,Brisbane Heat,MG Neser,PM Siddle,MT Steketee,2,0,,,,,,,,,
1114867,2017/18,2017-12-31,Adelaide Oval,1,19.6,Adelaide Strikers,Brisbane Heat,MG Neser,PM Siddle,MT Steketee,2,0,,,,,,,,,
1114867,2017/18,2017-12-31,Adelaide Oval,2,0.1,Brisbane Heat,Adelaide Strikers,JJ Peirson,BB McCullum,TM Head,2,0,,,,,,,,,
1114867,2017/18,2017-12-31,Adelaide Oval,2,0.2,Brisbane Heat,Adelaide Strikers,JJ Peirson,BB McCullum,TM Head,0,0,,,,,,,,,
1114867,2017/18,2017-12-31,Adelaide Oval,2,0.3,Brisbane Heat,Adelaide Strikers,JJ Peirson,BB McCullum,TM Head,1,0,,,,,,,,,
1114867,2017/18,2017-12-31,Adelaide Oval,2,0.4,Brisbane Heat,Adelaide Strikers,BB McCullum,JJ Peirson,TM Head,1,0,,,,,,,,,
1114867,2017/18,2017-12-31,Adelaide Oval,2,0.5,Brisbane Heat,Adelaide Strikers,JJ Peirson,BB McCullum,TM Head,4,0,,,,,,,,,
1114867,2017/18,2017-12-31,Adelaide Oval,2,0.6,Brisbane Heat,Adelaide Strikers,JJ Peirson,BB McCullum,TM Head,0,0,,,,,,caught,JJ Peirson,,
1114867,2017/18,2017-12-31,Adelaide Oval,2,1.1,Brisbane Heat,Adelaide Strikers,CA Lynn,BB McCullum,Rashid Khan,0,0,,,,,,,,,
1114867,2017/18,2017-12-31,Adelaide Oval,2,1.2,Brisbane Heat,Adelaide Strikers,CA Lynn,BB McCullum,Rashid Khan,0,0,,,,,,,,,
1114867,2017/18,2017-12-31,Adelaide Oval,2,1.3,Brisbane Heat,Adelaide Strikers,CA Lynn,BB McCullum,Rashid Khan,0,0,,,,,,caught,CA Lynn,,
1114867,2017/18,2017-12-31,Adelaide Oval,2,1.4,Brisbane Heat,Adelaide Strikers,JA Burns,BB McCullum,Rashid Khan,1,0,,,,,,,,,
1114867,2017/18,2017-12-31,Adelaide Oval,2,1.5,Brisbane Heat,Adelaide Strikers,BB McCullum,JA Burns,Rashid Khan,0,0,,,,,,,,,
1114867,2017/18,2017-12-31,Adelaide Oval,2,1.6,Brisbane Heat,Adelaide Strikers,BB McCullum,JA Burns,Rashid Khan,1,0,,,,,,,,,
1114867,2017/18,2017-12-31,Adelaide Oval,2,2.1,Brisbane Heat,Adelaide Strikers,BB McCullum,JA Burns,B Stanlake,1,0,,,,,,,,,
1114867,2017/18,2017-12-31,Adelaide Oval,2,2.2,Brisbane Heat,Adelaide Strikers,JA Burns,BB McCullum,B Stanlake,0,0,,,,,,caught,JA Burns,,
1114867,2017/18,2017-12-31,Adelaide Oval,2,2.3,Brisbane Heat,Adelaide Strikers,AI Ross,BB McCullum,B Stanlake,0,2,2,,,,,,,,
1114867,2017/18,2017-12-31,Adelaide Oval,2,2.4,Brisbane Heat,Adelaide Strikers,BB McCullum,AI Ross,B Stanlake,0,0,,,,,,,,,
1114867,2017/18,2017-12-31,Adelaide Oval,2,2.5,Brisbane Heat,Adelaide Strikers,BB McCullum,AI Ross,B Stanlake,0,0,,,,,,,,,
1114867,2017/18,2017-12-31,Adelaide Oval,2,2.6,Brisbane Heat,Adelaide Strikers,BB McCullum,AI Ross,B Stanlake,1,0,,,,,,,,,
1114867,2017/18,2017-12-31,Adelaide Oval,2,2.7,Brisbane Heat,Adelaide Strikers,AI Ross,BB McCullum,B Stanlake,1,0,,,,,,,,,
1114867,2017/18,2017-12-31,Adelaide Oval,2,3.1,Brisbane Heat,Adelaide Strikers,AI Ross,BB McCullum,MG Neser,0,0,,,,,,bowled,AI Ross,,
1114867,2017/18,2017-12-31,Adelaide Oval,2,3.2,Brisbane Heat,Adelaide Strikers,BCJ Cutting,BB McCullum,MG Neser,0,0,,,,,,,,,
1114867,2017/18,2017-12-31,Adelaide Oval,2,3.3,Brisbane Heat,Adelaide Strikers,BCJ Cutting,BB McCullum,MG Neser,1,0,,,,,,,,,
1114867,2017/18,2017-12-31,Adelaide Oval,2,3.4,Brisbane Heat,Adelaide Strikers,BB McCullum,BCJ Cutting,MG Neser,1,0,,,,,,,,,
1114867,2017/18,2017-12-31,Adelaide Oval,2,3.5,Brisbane Heat,Adelaide Strikers,BCJ Cutting,BB McCullum,MG Neser,1,0,,,,,,,,,
1114867,2017/18,2017-12-31,Adelaide Oval,2,3.6,Brisbane Heat,Adelaide Strikers,BB McCullum,BCJ Cutting,MG Neser,0,0,,,,,,,,,
1114867,2017/18,2017-12-31,Adelaide Oval,2,4.1,Brisbane Heat,Adelaide Strikers,BCJ Cutting,BB McCullum,B Stanlake,0,2,,,,2,,,,,
1114867,2017/18,2017-12-31,Adelaide Oval,2,4.2,Brisbane Heat,Adelaide Strikers,BCJ Cutting,BB McCullum,B Stanlake,0,0,,,,,,,,,
1114867,2017/18,2017-12-31,Adelaide Oval,2,4.3,Brisbane Heat,Adelaide Strikers,BCJ Cutting,BB McCullum,B Stanlake,0,0,,,,,,,,,
1114867,2017/18,2017-12-31,Adelaide Oval,2,4.4,Brisbane Heat,Adelaide Strikers,BCJ Cutting,BB McCullum,B Stanlake,1,0,,,,,,,,,
1114867,2017/18,2017-12-31,Adelaide Oval,2,4.5,Brisbane Heat,Adelaide Strikers,BB McCullum,BCJ Cutting,B Stanlake,0,0,,,,,,,,,
1114867,2017/18,2017-12-31,Adelaide Oval,2,4.6,Brisbane Heat,Adelaide Strikers,BB McCullum,BCJ Cutting,B Stanlake,4,0,,,,,,,,,
1114867,2017/18,2017-12-31,Adelaide Oval,2,5.1,Brisbane Heat,Adelaide Strikers,BCJ Cutting,BB McCullum,Rashid Khan,4,0,,,,,,,,,
1114867,2017/18,2017-12-31,Adelaide Oval,2,5.2,Brisbane Heat,Adelaide Strikers,BCJ Cutting,BB McCullum,Rashid Khan,0,0,,,,,,,,,
1114867,2017/18,2017-12-31,Adelaide Oval,2,5.3,Brisbane Heat,Adelaide Strikers,BCJ Cutting,BB McCullum,Rashid Khan,1,0,,,,,,,,,
1114867,2017/18,2017-12-31,Adelaide Oval,2,5.4,Brisbane Heat,Adelaide Strikers,BB McCullum,BCJ Cutting,Rashid Khan,1,0,,,,,,,,,
1114867,2017/18,2017-12-31,Adelaide Oval,2,5.5,Brisbane Heat,Adelaide Strikers,BCJ Cutting,BB McCullum,Rashid Khan,4,0,,,,,,,,,
1114867,2017/18,2017-12-31,Adelaide Oval,2,5.6,Brisbane Heat,Adelaide Strikers,BCJ Cutting,BB McCullum,Rashid Khan,2,0,,,,,,,,,
1114867,2017/18,2017-12-31,Adelaide Oval,2,6.1,Brisbane Heat,Adelaide Strikers,BB McCullum,BCJ Cutting,B Laughlin,1,0,,,,,,,,,
1114867,2017/18,2017-12-31,Adelaide Oval,2,6.2,Brisbane Heat,Adelaide Strikers,BCJ Cutting,BB McCullum,B Laughlin,0,0,,,,,,caught,BCJ Cutting,,
1114867,2017/18,2017-12-31,Adelaide Oval,2,6.3,Brisbane Heat,Adelaide Strikers,CJ Gannon,BB McCullum,B Laughlin,0,1,1,,,,,,,,
1114867,2017/18,2017-12-31,Adelaide Oval,2,6.4,Brisbane Heat,Adelaide Strikers,CJ Gannon,BB McCullum,B Laughlin,2,0,,,,,,,,,
1114867,2017/18,2017-12-31,Adelaide Oval,2,6.5,Brisbane Heat,Adelaide Strikers,CJ Gannon,BB McCullum,B Laughlin,0,0,,,,,,,,,
1114867,2017/18,2017-12-31,Adelaide Oval,2,6.6,Brisbane Heat,Adelaide Strikers,CJ Gannon,BB McCullum,B Laughlin,4,0,,,,,,,,,
1114867,2017/18,2017-12-31,Adelaide Oval,2,6.7,Brisbane Heat,Adelaide Strikers,CJ Gannon,BB McCullum,B Laughlin,0,0,,,,,,,,,
1114867,2017/18,2017-12-31,Adelaide Oval,2,7.1,Brisbane Heat,Adelaide Strikers,BB McCullum,CJ Gannon,Rashid Khan,0,0,,,,,,,,,
1114867,2017/18,2017-12-31,Adelaide Oval,2,7.2,Brisbane Heat,Adelaide Strikers,BB McCullum,CJ Gannon,Rashid Khan,1,0,,,,,,,,,
1114867,2017/18,2017-12-31,Adelaide Oval,2,7.3,Brisbane Heat,Adelaide Strikers,CJ Gannon,BB McCullum,Rashid Khan,0,0,,,,,,,,,
1114867,2017/18,2017-12-31,Adelaide Oval,2,7.4,Brisbane Heat,Adelaide Strikers,CJ Gannon,BB McCullum,Rashid Khan,0,1,1,,,,,,,,
1114867,2017/18,2017-12-31,Adelaide Oval,2,7.5,Brisbane Heat,Adelaide Strikers,CJ Gannon,BB McCullum,Rashid Khan,0,0,,,,,,,,,
1114867,2017/18,2017-12-31,Adelaide Oval,2,7.6,Brisbane Heat,Adelaide Strikers,CJ Gannon,BB McCullum,Rashid Khan,0,0,,,,,,,,,
1114867,2017/18,2017-12-31,Adelaide Oval,2,7.7,Brisbane Heat,Adelaide Strikers,CJ Gannon,BB McCullum,Rashid Khan,0,0,,,,,,,,,
1114867,2017/18,2017-12-31,Adelaide Oval,2,8.1,Brisbane Heat,Adelaide Strikers,BB McCullum,CJ Gannon,PM Siddle,1,0,,,,,,,,,
1114867,2017/18,2017-12-31,Adelaide Oval,2,8.2,Brisbane Heat,Adelaide Strikers,CJ Gannon,BB McCullum,PM Siddle,0,0,,,,,,,,,
1114867,2017/18,2017-12-31,Adelaide Oval,2,8.3,Brisbane Heat,Adelaide Strikers,CJ Gannon,BB McCullum,PM Siddle,4,0,,,,,,,,,
1114867,2017/18,2017-12-31,Adelaide Oval,2,8.4,Brisbane Heat,Adelaide Strikers,CJ Gannon,BB McCullum,PM Siddle,0,0,,,,,,,,,
1114867,2017/18,2017-12-31,Adelaide Oval,2,8.5,Brisbane Heat,Adelaide Strikers,CJ Gannon,BB McCullum,PM Siddle,0,0,,,,,,,,,
1114867,2017/18,2017-12-31,Adelaide Oval,2,8.6,Brisbane Heat,Adelaide Strikers,CJ Gannon,BB McCullum,PM Siddle,0,0,,,,,,,,,
1114867,2017/18,2017-12-31,Adelaide Oval,2,9.1,Brisbane Heat,Adelaide Strikers,BB McCullum,CJ Gannon,CA Ingram,0,0,,,,,,,,,
1114867,2017/18,2017-12-31,Adelaide Oval,2,9.2,Brisbane Heat,Adelaide Strikers,BB McCullum,CJ Gannon,CA Ingram,1,0,,,,,,,,,
1114867,2017/18,2017-12-31,Adelaide Oval,2,9.3,Brisbane Heat,Adelaide Strikers,CJ Gannon,BB McCullum,CA Ingram,1,0,,,,,,,,,
1114867,2017/18,2017-12-31,Adelaide Oval,2,9.4,Brisbane Heat,Adelaide Strikers,BB McCullum,CJ Gannon,CA Ingram,1,0,,,,,,,,,
1114867,2017/18,2017-12-31,Adelaide Oval,2,9.5,Brisbane Heat,Adelaide Strikers,CJ Gannon,BB McCullum,CA Ingram,0,0,,,,,,,,,
1114867,2017/18,2017-12-31,Adelaide Oval,2,9.6,Brisbane Heat,Adelaide Strikers,CJ Gannon,BB McCullum,CA Ingram,0,1,1,,,,,,,,
1114867,2017/18,2017-12-31,Adelaide Oval,2,9.7,Brisbane Heat,Adelaide Strikers,CJ Gannon,BB McCullum,CA Ingram,0,0,,,,,,,,,
1114867,2017/18,2017-12-31,Adelaide Oval,2,10.1,Brisbane Heat,Adelaide Strikers,BB McCullum,CJ Gannon,MG Neser,0,0,,,,,,,,,
1114867,2017/18,2017-12-31,Adelaide Oval,2,10.2,Brisbane Heat,Adelaide Strikers,BB McCullum,CJ Gannon,MG Neser,0,0,,,,,,caught,BB McCullum,,
1114867,2017/18,2017-12-31,Adelaide Oval,2,10.3,Brisbane Heat,Adelaide Strikers,CJ Gannon,JK Lalor,MG Neser,2,0,,,,,,,,,
1114867,2017/18,2017-12-31,Adelaide Oval,2,10.4,Brisbane Heat,Adelaide Strikers,CJ Gannon,JK Lalor,MG Neser,1,0,,,,,,,,,
1114867,2017/18,2017-12-31,Adelaide Oval,2,10.5,Brisbane Heat,Adelaide Strikers,JK Lalor,CJ Gannon,MG Neser,1,0,,,,,,,,,
1114867,2017/18,2017-12-31,Adelaide Oval,2,10.6,Brisbane Heat,Adelaide Strikers,CJ Gannon,JK Lalor,MG Neser,0,0,,,,,,,,,
1114867,2017/18,2017-12-31,Adelaide Oval,2,11.1,Brisbane Heat,Adelaide Strikers,JK Lalor,CJ Gannon,B Stanlake,4,0,,,,,,,,,
1114867,2017/18,2017-12-31,Adelaide Oval,2,11.2,Brisbane Heat,Adelaide Strikers,JK Lalor,CJ Gannon,B Stanlake,0,0,,,,,,,,,
1114867,2017/18,2017-12-31,Adelaide Oval,2,11.3,Brisbane Heat,Adelaide Strikers,JK Lalor,CJ Gannon,B Stanlake,0,0,,,,,,,,,
1114867,2017/18,2017-12-31,Adelaide Oval,2,11.4,Brisbane Heat,Adelaide Strikers,JK Lalor,CJ Gannon,B Stanlake,0,0,,,,,,,,,
1114867,2017/18,2017-12-31,Adelaide Oval,2,11.5,Brisbane Heat,Adelaide Strikers,JK Lalor,CJ Gannon,B Stanlake,1,0,,,,,,,,,
1114867,2017/18,2017-12-31,Adelaide Oval,2,11.6,Brisbane Heat,Adelaide Strikers,CJ Gannon,JK Lalor,B Stanlake,1,0,,,,,,,,,
1114867,2017/18,2017-12-31,Adelaide Oval,2,12.1,Brisbane Heat,Adelaide Strikers,CJ Gannon,JK Lalor,PM Siddle,1,0,,,,,,,,,
1114867,2017/18,2017-12-31,Adelaide Oval,2,12.2,Brisbane Heat,Adelaide Strikers,JK Lalor,CJ Gannon,PM Siddle,1,0,,,,,,,,,
1114867,2017/18,2017-12-31,Adelaide Oval,2,12.3,Brisbane Heat,Adelaide Strikers,CJ Gannon,JK Lalor,PM Siddle,1,0,,,,,,,,,
1114867,2017/18,2017-12-31,Adelaide Oval,2,12.4,Brisbane Heat,Adelaide Strikers,JK Lalor,CJ Gannon,PM Siddle,0,0,,,,,,,,,
1114867,2017/18,2017-12-31,Adelaide Oval,2,12.5,Brisbane Heat,Adelaide Strikers,JK Lalor,CJ Gannon,PM Siddle,2,0,,,,,,,,,
1114867,2017/18,2017-12-31,Adelaide Oval,2,12.6,Brisbane Heat,Adelaide Strikers,JK Lalor,CJ Gannon,PM Siddle,0,0,,,,,,run out,JK Lalor,,
1114867,2017/18,2017-12-31,Adelaide Oval,2,13.1,Brisbane Heat,Adelaide Strikers,MT Steketee,CJ Gannon,B Laughlin,0,0,,,,,,,,,
1114867,2017/18,2017-12-31,Adelaide Oval,2,13.2,Brisbane Heat,Adelaide Strikers,MT Steketee,CJ Gannon,B Laughlin,2,0,,,,,,,,,
1114867,2017/18,2017-12-31,Adelaide Oval,2,13.3,Brisbane Heat,Adelaide Strikers,MT Steketee,CJ Gannon,B Laughlin,0,4,,,4,,,,,,
1114867,2017/18,2017-12-31,Adelaide Oval,2,13.4,Brisbane Heat,Adelaide Strikers,MT Steketee,CJ Gannon,B Laughlin,0,0,,,,,,,,,
1114867,2017/18,2017-12-31,Adelaide Oval,2,13.5,Brisbane Heat,Adelaide Strikers,MT Steketee,CJ Gannon,B Laughlin,0,0,,,,,,bowled,MT Steketee,,
1114867,2017/18,2017-12-31,Adelaide Oval,2,13.6,Brisbane Heat,Adelaide Strikers,Yasir Shah,CJ Gannon,B Laughlin,0,0,,,,,,,,,
1114867,2017/18,2017-12-31,Adelaide Oval,2,14.1,Brisbane Heat,Adelaide Strikers,CJ Gannon,Yasir Shah,B Stanlake,4,0,,,,,,,,,
1114867,2017/18,2017-12-31,Adelaide Oval,2,14.2,Brisbane Heat,Adelaide Strikers,CJ Gannon,Yasir Shah,B Stanlake,0,1,1,,,,,,,,
1114867,2017/18,2017-12-31,Adelaide Oval,2,14.3,Brisbane Heat,Adelaide Strikers,CJ Gannon,Yasir Shah,B Stanlake,1,0,,,,,,,,,
1114867,2017/18,2017-12-31,Adelaide Oval,2,14.4,Brisbane Heat,Adelaide Strikers,Yasir Shah,CJ Gannon,B Stanlake,0,0,,,,,,,,,
1114867,2017/18,2017-12-31,Adelaide Oval,2,14.5,Brisbane Heat,Adelaide Strikers,Yasir Shah,CJ Gannon,B Stanlake,0,1,1,,,,,,,,
1114867,2017/18,2017-12-31,Adelaide Oval,2,14.6,Brisbane Heat,Adelaide Strikers,Yasir Shah,CJ Gannon,B Stanlake,0,0,,,,,,,,,
1114867,2017/18,2017-12-31,Adelaide Oval,2,14.7,Brisbane Heat,Adelaide Strikers,Yasir Shah,CJ Gannon,B Stanlake,2,0,,,,,,,,,
1114867,2017/18,2017-12-31,Adelaide Oval,2,14.8,Brisbane Heat,Adelaide Strikers,Yasir Shah,CJ Gannon,B Stanlake,1,0,,,,,,,,,
1114867,2017/18,2017-12-31,Adelaide Oval,2,15.1,Brisbane Heat,Adelaide Strikers,Yasir Shah,CJ Gannon,Rashid Khan,1,0,,,,,,,,,
1114867,2017/18,2017-12-31,Adelaide Oval,2,15.2,Brisbane Heat,Adelaide Strikers,CJ Gannon,Yasir Shah,Rashid Khan,0,0,,,,,,,,,
1114867,2017/18,2017-12-31,Adelaide Oval,2,15.3,Brisbane Heat,Adelaide Strikers,CJ Gannon,Yasir Shah,Rashid Khan,0,0,,,,,,,,,
1114867,2017/18,2017-12-31,Adelaide Oval,2,15.4,Brisbane Heat,Adelaide Strikers,CJ Gannon,Yasir Shah,Rashid Khan,1,0,,,,,,,,,
1114867,2017/18,2017-12-31,Adelaide Oval,2,15.5,Brisbane Heat,Adelaide Strikers,Yasir Shah,CJ Gannon,Rashid Khan,1,0,,,,,,,,,
1114867,2017/18,2017-12-31,Adelaide Oval,2,15.6,Brisbane Heat,Adelaide Strikers,CJ Gannon,Yasir Shah,Rashid Khan,0,0,,,,,,bowled,CJ Gannon,,
1114867,2017/18,2017-12-31,Adelaide Oval,2,16.1,Brisbane Heat,Adelaide Strikers,Yasir Shah,MJ Swepson,B Laughlin,1,0,,,,,,,,,
1114867,2017/18,2017-12-31,Adelaide Oval,2,16.2,Brisbane Heat,Adelaide Strikers,MJ Swepson,Yasir Shah,B Laughlin,0,0,,,,,,caught,MJ Swepson,,
