match_id,season,start_date,venue,innings,ball,batting_team,bowling_team,striker,non_striker,bowler,runs_off_bat,extras,wides,noballs,byes,legbyes,penalty,wicket_type,player_dismissed,other_wicket_type,other_player_dismissed
1114881,2017/18,2018-01-12,Docklands Stadium,1,0.1,Melbourne Stars,Melbourne Renegades,PSP Handscomb,BR Dunk,Mohammad Nabi,0,0,,,,,,,,,
1114881,2017/18,2018-01-12,Docklands Stadium,1,0.2,Melbourne Stars,Melbourne Renegades,PSP Handscomb,BR Dunk,Mohammad Nabi,1,0,,,,,,,,,
1114881,2017/18,2018-01-12,Docklands Stadium,1,0.3,Melbourne Stars,Melbourne Renegades,BR Dunk,PSP Handscomb,Mohammad Nabi,0,1,1,,,,,,,,
1114881,2017/18,2018-01-12,Docklands Stadium,1,0.4,Melbourne Stars,Melbourne Renegades,BR Dunk,PSP Handscomb,Mohammad Nabi,0,0,,,,,,lbw,BR Dunk,,
1114881,2017/18,2018-01-12,Docklands Stadium,1,0.5,Melbourne Stars,Melbourne Renegades,KP Pietersen,PSP Handscomb,Mohammad Nabi,1,0,,,,,,,,,
1114881,2017/18,2018-01-12,Docklands Stadium,1,0.6,Melbourne Stars,Melbourne Renegades,PSP Handscomb,KP Pietersen,Mohammad Nabi,0,0,,,,,,,,,
1114881,2017/18,2018-01-12,Docklands Stadium,1,0.7,Melbourne Stars,Melbourne Renegades,PSP Handscomb,KP Pietersen,Mohammad Nabi,1,0,,,,,,,,,
1114881,2017/18,2018-01-12,Docklands Stadium,1,1.1,Melbourne Stars,Melbourne Renegades,PSP Handscomb,KP Pietersen,JM Holland,0,0,,,,,,,,,
1114881,2017/18,2018-01-12,Docklands Stadium,1,1.2,Melbourne Stars,Melbourne Renegades,PSP Handscomb,KP Pietersen,JM Holland,0,0,,,,,,,,,
1114881,2017/18,2018-01-12,Docklands Stadium,1,1.3,Melbourne Stars,Melbourne Renegades,PSP Handscomb,KP Pietersen,JM Holland,0,0,,,,,,,,,
1114881,2017/18,2018-01-12,Docklands Stadium,1,1.4,Melbourne Stars,Melbourne Renegades,PSP Handscomb,KP Pietersen,JM Holland,1,0,,,,,,,,,
1114881,2017/18,2018-01-12,Docklands Stadium,1,1.5,Melbourne Stars,Melbourne Renegades,KP Pietersen,PSP Handscomb,JM Holland,2,0,,,,,,,,,
1114881,2017/18,2018-01-12,Docklands Stadium,1,1.6,Melbourne Stars,Melbourne Renegades,KP Pietersen,PSP Handscomb,JM Holland,1,0,,,,,,,,,
1114881,2017/18,2018-01-12,Docklands Stadium,1,2.1,Melbourne Stars,Melbourne Renegades,KP Pietersen,PSP Handscomb,KW Richardson,0,0,,,,,,,,,
1114881,2017/18,2018-01-12,Docklands Stadium,1,2.2,Melbourne Stars,Melbourne Renegades,KP Pietersen,PSP Handscomb,KW Richardson,0,0,,,,,,,,,
1114881,2017/18,2018-01-12,Docklands Stadium,1,2.3,Melbourne Stars,Melbourne Renegades,KP Pietersen,PSP Handscomb,KW Richardson,4,0,,,,,,,,,
1114881,2017/18,2018-01-12,Docklands Stadium,1,2.4,Melbourne Stars,Melbourne Renegades,KP Pietersen,PSP Handscomb,KW Richardson,1,0,,,,,,,,,
1114881,2017/18,2018-01-12,Docklands Stadium,1,2.5,Melbourne Stars,Melbourne Renegades,PSP Handscomb,KP Pietersen,KW Richardson,4,0,,,,,,,,,
1114881,2017/18,2018-01-12,Docklands Stadium,1,2.6,Melbourne Stars,Melbourne Renegades,PSP Handscomb,KP Pietersen,KW Richardson,1,0,,,,,,,,,
1114881,2017/18,2018-01-12,Docklands Stadium,1,3.1,Melbourne Stars,Melbourne Renegades,PSP Handscomb,KP Pietersen,Mohammad Nabi,0,0,,,,,,,,,
1114881,2017/18,2018-01-12,Docklands Stadium,1,3.2,Melbourne Stars,Melbourne Renegades,PSP Handscomb,KP Pietersen,Mohammad Nabi,1,0,,,,,,,,,
1114881,2017/18,2018-01-12,Docklands Stadium,1,3.3,Melbourne Stars,Melbourne Renegades,KP Pietersen,PSP Handscomb,Mohammad Nabi,0,0,,,,,,,,,
1114881,2017/18,2018-01-12,Docklands Stadium,1,3.4,Melbourne Stars,Melbourne Renegades,KP Pietersen,PSP Handscomb,Mohammad Nabi,0,0,,,,,,,,,
1114881,2017/18,2018-01-12,Docklands Stadium,1,3.5,Melbourne Stars,Melbourne Renegades,KP Pietersen,PSP Handscomb,Mohammad Nabi,1,0,,,,,,,,,
1114881,2017/18,2018-01-12,Docklands Stadium,1,3.6,Melbourne Stars,Melbourne Renegades,PSP Handscomb,KP Pietersen,Mohammad Nabi,0,0,,,,,,,,,
1114881,2017/18,2018-01-12,Docklands Stadium,1,4.1,Melbourne Stars,Melbourne Renegades,KP Pietersen,PSP Handscomb,JM Holland,0,0,,,,,,,,,
1114881,2017/18,2018-01-12,Docklands Stadium,1,4.2,Melbourne Stars,Melbourne Renegades,KP Pietersen,PSP Handscomb,JM Holland,4,0,,,,,,,,,
1114881,2017/18,2018-01-12,Docklands Stadium,1,4.3,Melbourne Stars,Melbourne Renegades,KP Pietersen,PSP Handscomb,JM Holland,6,0,,,,,,,,,
1114881,2017/18,2018-01-12,Docklands Stadium,1,4.4,Melbourne Stars,Melbourne Renegades,KP Pietersen,PSP Handscomb,JM Holland,1,0,,,,,,,,,
1114881,2017/18,2018-01-12,Docklands Stadium,1,4.5,Melbourne Stars,Melbourne Renegades,PSP Handscomb,KP Pietersen,JM Holland,2,0,,,,,,,,,
1114881,2017/18,2018-01-12,Docklands Stadium,1,4.6,Melbourne Stars,Melbourne Renegades,PSP Handscomb,KP Pietersen,JM Holland,4,0,,,,,,,,,
1114881,2017/18,2018-01-12,Docklands Stadium,1,5.1,Melbourne Stars,Melbourne Renegades,KP Pietersen,PSP Handscomb,DJ Bravo,1,0,,,,,,,,,
1114881,2017/18,2018-01-12,Docklands Stadium,1,5.2,Melbourne Stars,Melbourne Renegades,PSP Handscomb,KP Pietersen,DJ Bravo,4,0,,,,,,,,,
1114881,2017/18,2018-01-12,Docklands Stadium,1,5.3,Melbourne Stars,Melbourne Renegades,PSP Handscomb,KP Pietersen,DJ Bravo,1,0,,,,,,,,,
1114881,2017/18,2018-01-12,Docklands Stadium,1,5.4,Melbourne Stars,Melbourne Renegades,KP Pietersen,PSP Handscomb,DJ Bravo,0,0,,,,,,,,,
1114881,2017/18,2018-01-12,Docklands Stadium,1,5.5,Melbourne Stars,Melbourne Renegades,KP Pietersen,PSP Handscomb,DJ Bravo,1,0,,,,,,,,,
1114881,2017/18,2018-01-12,Docklands Stadium,1,5.6,Melbourne Stars,Melbourne Renegades,PSP Handscomb,KP Pietersen,DJ Bravo,2,0,,,,,,,,,
1114881,2017/18,2018-01-12,Docklands Stadium,1,6.1,Melbourne Stars,Melbourne Renegades,KP Pietersen,PSP Handscomb,JD Wildermuth,1,0,,,,,,,,,
1114881,2017/18,2018-01-12,Docklands Stadium,1,6.2,Melbourne Stars,Melbourne Renegades,PSP Handscomb,KP Pietersen,JD Wildermuth,1,0,,,,,,,,,
1114881,2017/18,2018-01-12,Docklands Stadium,1,6.3,Melbourne Stars,Melbourne Renegades,KP Pietersen,PSP Handscomb,JD Wildermuth,1,0,,,,,,,,,
1114881,2017/18,2018-01-12,Docklands Stadium,1,6.4,Melbourne Stars,Melbourne Renegades,PSP Handscomb,KP Pietersen,JD Wildermuth,1,0,,,,,,,,,
1114881,2017/18,2018-01-12,Docklands Stadium,1,6.5,Melbourne Stars,Melbourne Renegades,KP Pietersen,PSP Handscomb,JD Wildermuth,4,0,,,,,,,,,
1114881,2017/18,2018-01-12,Docklands Stadium,1,6.6,Melbourne Stars,Melbourne Renegades,KP Pietersen,PSP Handscomb,JD Wildermuth,4,0,,,,,,,,,
1114881,2017/18,2018-01-12,Docklands Stadium,1,7.1,Melbourne Stars,Melbourne Renegades,PSP Handscomb,KP Pietersen,GB Hogg,1,0,,,,,,,,,
1114881,2017/18,2018-01-12,Docklands Stadium,1,7.2,Melbourne Stars,Melbourne Renegades,KP Pietersen,PSP Handscomb,GB Hogg,6,0,,,,,,,,,
1114881,2017/18,2018-01-12,Docklands Stadium,1,7.3,Melbourne Stars,Melbourne Renegades,KP Pietersen,PSP Handscomb,GB Hogg,1,0,,,,,,,,,
1114881,2017/18,2018-01-12,Docklands Stadium,1,7.4,Melbourne Stars,Melbourne Renegades,PSP Handscomb,KP Pietersen,GB Hogg,1,0,,,,,,,,,
1114881,2017/18,2018-01-12,Docklands Stadium,1,7.5,Melbourne Stars,Melbourne Renegades,KP Pietersen,PSP Handscomb,GB Hogg,1,0,,,,,,,,,
1114881,2017/18,2018-01-12,Docklands Stadium,1,7.6,Melbourne Stars,Melbourne Renegades,PSP Handscomb,KP Pietersen,GB Hogg,4,0,,,,,,,,,
1114881,2017/18,2018-01-12,Docklands Stadium,1,8.1,Melbourne Stars,Melbourne Renegades,KP Pietersen,PSP Handscomb,KW Richardson,0,0,,,,,,,,,
1114881,2017/18,2018-01-12,Docklands Stadium,1,8.2,Melbourne Stars,Melbourne Renegades,KP Pietersen,PSP Handscomb,KW Richardson,1,0,,,,,,,,,
1114881,2017/18,2018-01-12,Docklands Stadium,1,8.3,Melbourne Stars,Melbourne Renegades,PSP Handscomb,KP Pietersen,KW Richardson,1,0,,,,,,,,,
1114881,2017/18,2018-01-12,Docklands Stadium,1,8.4,Melbourne Stars,Melbourne Renegades,KP Pietersen,PSP Handscomb,KW Richardson,6,0,,,,,,,,,
1114881,2017/18,2018-01-12,Docklands Stadium,1,8.5,Melbourne Stars,Melbourne Renegades,KP Pietersen,PSP Handscomb,KW Richardson,2,0,,,,,,,,,
1114881,2017/18,2018-01-12,Docklands Stadium,1,8.6,Melbourne Stars,Melbourne Renegades,KP Pietersen,PSP Handscomb,KW Richardson,1,0,,,,,,,,,
1114881,2017/18,2018-01-12,Docklands Stadium,1,9.1,Melbourne Stars,Melbourne Renegades,KP Pietersen,PSP Handscomb,DJ Bravo,1,0,,,,,,,,,
1114881,2017/18,2018-01-12,Docklands Stadium,1,9.2,Melbourne Stars,Melbourne Renegades,PSP Handscomb,KP Pietersen,DJ Bravo,0,0,,,,,,,,,
1114881,2017/18,2018-01-12,Docklands Stadium,1,9.3,Melbourne Stars,Melbourne Renegades,PSP Handscomb,KP Pietersen,DJ Bravo,0,0,,,,,,,,,
1114881,2017/18,2018-01-12,Docklands Stadium,1,9.4,Melbourne Stars,Melbourne Renegades,PSP Handscomb,KP Pietersen,DJ Bravo,1,0,,,,,,,,,
1114881,2017/18,2018-01-12,Docklands Stadium,1,9.5,Melbourne Stars,Melbourne Renegades,KP Pietersen,PSP Handscomb,DJ Bravo,1,0,,,,,,,,,
1114881,2017/18,2018-01-12,Docklands Stadium,1,9.6,Melbourne Stars,Melbourne Renegades,PSP Handscomb,KP Pietersen,DJ Bravo,1,0,,,,,,,,,
1114881,2017/18,2018-01-12,Docklands Stadium,1,10.1,Melbourne Stars,Melbourne Renegades,PSP Handscomb,KP Pietersen,JD Wildermuth,1,0,,,,,,,,,
1114881,2017/18,2018-01-12,Docklands Stadium,1,10.2,Melbourne Stars,Melbourne Renegades,KP Pietersen,PSP Handscomb,JD Wildermuth,1,0,,,,,,,,,
1114881,2017/18,2018-01-12,Docklands Stadium,1,10.3,Melbourne Stars,Melbourne Renegades,PSP Handscomb,KP Pietersen,JD Wildermuth,1,0,,,,,,,,,
1114881,2017/18,2018-01-12,Docklands Stadium,1,10.4,Melbourne Stars,Melbourne Renegades,KP Pietersen,PSP Handscomb,JD Wildermuth,1,0,,,,,,,,,
1114881,2017/18,2018-01-12,Docklands Stadium,1,10.5,Melbourne Stars,Melbourne Renegades,PSP Handscomb,KP Pietersen,JD Wildermuth,0,0,,,,,,,,,
1114881,2017/18,2018-01-12,Docklands Stadium,1,10.6,Melbourne Stars,Melbourne Renegades,PSP Handscomb,KP Pietersen,JD Wildermuth,2,0,,,,,,,,,
1114881,2017/18,2018-01-12,Docklands Stadium,1,11.1,Melbourne Stars,Melbourne Renegades,KP Pietersen,PSP Handscomb,GB Hogg,6,0,,,,,,,,,
1114881,2017/18,2018-01-12,Docklands Stadium,1,11.2,Melbourne Stars,Melbourne Renegades,KP Pietersen,PSP Handscomb,GB Hogg,6,0,,,,,,,,,
1114881,2017/18,2018-01-12,Docklands Stadium,1,11.3,Melbourne Stars,Melbourne Renegades,KP Pietersen,PSP Handscomb,GB Hogg,1,0,,,,,,,,,
1114881,2017/18,2018-01-12,Docklands Stadium,1,11.4,Melbourne Stars,Melbourne Renegades,PSP Handscomb,KP Pietersen,GB Hogg,1,0,,,,,,,,,
1114881,2017/18,2018-01-12,Docklands Stadium,1,11.5,Melbourne Stars,Melbourne Renegades,KP Pietersen,PSP Handscomb,GB Hogg,1,0,,,,,,,,,
1114881,2017/18,2018-01-12,Docklands Stadium,1,11.6,Melbourne Stars,Melbourne Renegades,PSP Handscomb,KP Pietersen,GB Hogg,1,0,,,,,,,,,
1114881,2017/18,2018-01-12,Docklands Stadium,1,12.1,Melbourne Stars,Melbourne Renegades,PSP Handscomb,KP Pietersen,JD Wildermuth,1,0,,,,,,,,,
1114881,2017/18,2018-01-12,Docklands Stadium,1,12.2,Melbourne Stars,Melbourne Renegades,KP Pietersen,PSP Handscomb,JD Wildermuth,0,0,,,,,,,,,
1114881,2017/18,2018-01-12,Docklands Stadium,1,12.3,Melbourne Stars,Melbourne Renegades,KP Pietersen,PSP Handscomb,JD Wildermuth,1,0,,,,,,,,,
1114881,2017/18,2018-01-12,Docklands Stadium,1,12.4,Melbourne Stars,Melbourne Renegades,PSP Handscomb,KP Pietersen,JD Wildermuth,1,0,,,,,,,,,
1114881,2017/18,2018-01-12,Docklands Stadium,1,12.5,Melbourne Stars,Melbourne Renegades,KP Pietersen,PSP Handscomb,JD Wildermuth,0,0,,,,,,,,,
1114881,2017/18,2018-01-12,Docklands Stadium,1,12.6,Melbourne Stars,Melbourne Renegades,KP Pietersen,PSP Handscomb,JD Wildermuth,0,0,,,,,,,,,
1114881,2017/18,2018-01-12,Docklands Stadium,1,13.1,Melbourne Stars,Melbourne Renegades,PSP Handscomb,KP Pietersen,Mohammad Nabi,0,0,,,,,,caught,PSP Handscomb,,
1114881,2017/18,2018-01-12,Docklands Stadium,1,13.2,Melbourne Stars,Melbourne Renegades,KP Pietersen,GJ Maxwell,Mohammad Nabi,1,0,,,,,,,,,
1114881,2017/18,2018-01-12,Docklands Stadium,1,13.3,Melbourne Stars,Melbourne Renegades,GJ Maxwell,KP Pietersen,Mohammad Nabi,1,0,,,,,,,,,
1114881,2017/18,2018-01-12,Docklands Stadium,1,13.4,Melbourne Stars,Melbourne Renegades,KP Pietersen,GJ Maxwell,Mohammad Nabi,1,0,,,,,,,,,
1114881,2017/18,2018-01-12,Docklands Stadium,1,13.5,Melbourne Stars,Melbourne Renegades,GJ Maxwell,KP Pietersen,Mohammad Nabi,1,0,,,,,,,,,
1114881,2017/18,2018-01-12,Docklands Stadium,1,13.6,Melbourne Stars,Melbourne Renegades,KP Pietersen,GJ Maxwell,Mohammad Nabi,1,0,,,,,,,,,
1114881,2017/18,2018-01-12,Docklands Stadium,1,14.1,Melbourne Stars,Melbourne Renegades,KP Pietersen,GJ Maxwell,JD Wildermuth,1,0,,,,,,,,,
1114881,2017/18,2018-01-12,Docklands Stadium,1,14.2,Melbourne Stars,Melbourne Renegades,GJ Maxwell,KP Pietersen,JD Wildermuth,1,0,,,,,,,,,
1114881,2017/18,2018-01-12,Docklands Stadium,1,14.3,Melbourne Stars,Melbourne Renegades,KP Pietersen,GJ Maxwell,JD Wildermuth,0,0,,,,,,caught,KP Pietersen,,
1114881,2017/18,2018-01-12,Docklands Stadium,1,14.4,Melbourne Stars,Melbourne Renegades,GJ Maxwell,SE Gotch,JD Wildermuth,1,0,,,,,,,,,
1114881,2017/18,2018-01-12,Docklands Stadium,1,14.5,Melbourne Stars,Melbourne Renegades,SE Gotch,GJ Maxwell,JD Wildermuth,2,0,,,,,,,,,
1114881,2017/18,2018-01-12,Docklands Stadium,1,14.6,Melbourne Stars,Melbourne Renegades,SE Gotch,GJ Maxwell,JD Wildermuth,1,0,,,,,,,,,
1114881,2017/18,2018-01-12,Docklands Stadium,1,15.1,Melbourne Stars,Melbourne Renegades,SE Gotch,GJ Maxwell,Mohammad Nabi,1,0,,,,,,,,,
1114881,2017/18,2018-01-12,Docklands Stadium,1,15.2,Melbourne Stars,Melbourne Renegades,GJ Maxwell,SE Gotch,Mohammad Nabi,1,0,,,,,,,,,
1114881,2017/18,2018-01-12,Docklands Stadium,1,15.3,Melbourne Stars,Melbourne Renegades,SE Gotch,GJ Maxwell,Mohammad Nabi,0,0,,,,,,,,,
1114881,2017/18,2018-01-12,Docklands Stadium,1,15.4,Melbourne Stars,Melbourne Renegades,SE Gotch,GJ Maxwell,Mohammad Nabi,1,0,,,,,,,,,
1114881,2017/18,2018-01-12,Docklands Stadium,1,15.5,Melbourne Stars,Melbourne Renegades,GJ Maxwell,SE Gotch,Mohammad Nabi,1,0,,,,,,,,,
1114881,2017/18,2018-01-12,Docklands Stadium,1,15.6,Melbourne Stars,Melbourne Renegades,SE Gotch,GJ Maxwell,Mohammad Nabi,0,0,,,,,,,,,
1114881,2017/18,2018-01-12,Docklands Stadium,1,16.1,Melbourne Stars,Melbourne Renegades,GJ Maxwell,SE Gotch,KW Richardson,1,0,,,,,,,,,
1114881,2017/18,2018-01-12,Docklands Stadium,1,16.2,Melbourne Stars,Melbourne Renegades,SE Gotch,GJ Maxwell,KW Richardson,4,0,,,,,,,,,
1114881,2017/18,2018-01-12,Docklands Stadium,1,16.3,Melbourne Stars,Melbourne Renegades,SE Gotch,GJ Maxwell,KW Richardson,0,0,,,,,,caught,SE Gotch,,
1114881,2017/18,2018-01-12,Docklands Stadium,1,16.4,Melbourne Stars,Melbourne Renegades,JP Faulkner,GJ Maxwell,KW Richardson,0,0,,,,,,,,,
1114881,2017/18,2018-01-12,Docklands Stadium,1,16.5,Melbourne Stars,Melbourne Renegades,JP Faulkner,GJ Maxwell,KW Richardson,0,0,,,,,,,,,
1114881,2017/18,2018-01-12,Docklands Stadium,1,16.6,Melbourne Stars,Melbourne Renegades,JP Faulkner,GJ Maxwell,KW Richardson,1,0,,,,,,,,,
1114881,2017/18,2018-01-12,Docklands Stadium,1,17.1,Melbourne Stars,Melbourne Renegades,JP Faulkner,GJ Maxwell,DJ Bravo,1,0,,,,,,,,,
1114881,2017/18,2018-01-12,Docklands Stadium,1,17.2,Melbourne Stars,Melbourne Renegades,GJ Maxwell,JP Faulkner,DJ Bravo,0,0,,,,,,,,,
1114881,2017/18,2018-01-12,Docklands Stadium,1,17.3,Melbourne Stars,Melbourne Renegades,GJ Maxwell,JP Faulkner,DJ Bravo,1,0,,,,,,,,,
1114881,2017/18,2018-01-12,Docklands Stadium,1,17.4,Melbourne Stars,Melbourne Renegades,JP Faulkner,GJ Maxwell,DJ Bravo,0,0,,,,,,,,,
1114881,2017/18,2018-01-12,Docklands Stadium,1,17.5,Melbourne Stars,Melbourne Renegades,JP Faulkner,GJ Maxwell,DJ Bravo,1,0,,,,,,,,,
1114881,2017/18,2018-01-12,Docklands Stadium,1,17.6,Melbourne Stars,Melbourne Renegades,GJ Maxwell,JP Faulkner,DJ Bravo,6,0,,,,,,,,,
1114881,2017/18,2018-01-12,Docklands Stadium,1,18.1,Melbourne Stars,Melbourne Renegades,JP Faulkner,GJ Maxwell,KW Richardson,2,0,,,,,,,,,
1114881,2017/18,2018-01-12,Docklands Stadium,1,18.2,Melbourne Stars,Melbourne Renegades,JP Faulkner,GJ Maxwell,KW Richardson,1,0,,,,,,,,,
1114881,2017/18,2018-01-12,Docklands Stadium,1,18.3,Melbourne Stars,Melbourne Renegades,GJ Maxwell,JP Faulkner,KW Richardson,1,0,,,,,,,,,
1114881,2017/18,2018-01-12,Docklands Stadium,1,18.4,Melbourne Stars,Melbourne Renegades,JP Faulkner,GJ Maxwell,KW Richardson,1,0,,,,,,,,,
1114881,2017/18,2018-01-12,Docklands Stadium,1,18.5,Melbourne Stars,Melbourne Renegades,GJ Maxwell,JP Faulkner,KW Richardson,0,0,,,,,,,,,
1114881,2017/18,2018-01-12,Docklands Stadium,1,18.6,Melbourne Stars,Melbourne Renegades,GJ Maxwell,JP Faulkner,KW Richardson,4,0,,,,,,,,,
1114881,2017/18,2018-01-12,Docklands Stadium,1,19.1,Melbourne Stars,Melbourne Renegades,JP Faulkner,GJ Maxwell,DJ Bravo,0,0,,,,,,,,,
1114881,2017/18,2018-01-12,Docklands Stadium,1,19.2,Melbourne Stars,Melbourne Renegades,JP Faulkner,GJ Maxwell,DJ Bravo,2,0,,,,,,,,,
1114881,2017/18,2018-01-12,Docklands Stadium,1,19.3,Melbourne Stars,Melbourne Renegades,JP Faulkner,GJ Maxwell,DJ Bravo,0,1,1,,,,,,,,
1114881,2017/18,2018-01-12,Docklands Stadium,1,19.4,Melbourne Stars,Melbourne Renegades,JP Faulkner,GJ Maxwell,DJ Bravo,1,0,,,,,,,,,
1114881,2017/18,2018-01-12,Docklands Stadium,1,19.5,Melbourne Stars,Melbourne Renegades,GJ Maxwell,JP Faulkner,DJ Bravo,4,0,,,,,,,,,
1114881,2017/18,2018-01-12,Docklands Stadium,1,19.6,Melbourne Stars,Melbourne Renegades,GJ Maxwell,JP Faulkner,DJ Bravo,6,0,,,,,,,,,
1114881,2017/18,2018-01-12,Docklands Stadium,1,19.7,Melbourne Stars,Melbourne Renegades,GJ Maxwell,JP Faulkner,DJ Bravo,2,0,,,,,,,,,
1114881,2017/18,2018-01-12,Docklands Stadium,2,0.1,Melbourne Renegades,Melbourne Stars,TP Ludeman,MS Harris,DJ Worrall,0,0,,,,,,,,,
1114881,2017/18,2018-01-12,Docklands Stadium,2,0.2,Melbourne Renegades,Melbourne Stars,TP Ludeman,MS Harris,DJ Worrall,0,0,,,,,,,,,
1114881,2017/18,2018-01-12,Docklands Stadium,2,0.3,Melbourne Renegades,Melbourne Stars,TP Ludeman,MS Harris,DJ Worrall,0,0,,,,,,,,,
1114881,2017/18,2018-01-12,Docklands Stadium,2,0.4,Melbourne Renegades,Melbourne Stars,TP Ludeman,MS Harris,DJ Worrall,1,0,,,,,,,,,
1114881,2017/18,2018-01-12,Docklands Stadium,2,0.5,Melbourne Renegades,Melbourne Stars,MS Harris,TP Ludeman,DJ Worrall,0,0,,,,,,,,,
1114881,2017/18,2018-01-12,Docklands Stadium,2,0.6,Melbourne Renegades,Melbourne Stars,MS Harris,TP Ludeman,DJ Worrall,0,0,,,,,,,,,
1114881,2017/18,2018-01-12,Docklands Stadium,2,1.1,Melbourne Renegades,Melbourne Stars,TP Ludeman,MS Harris,JR Coleman,0,0,,,,,,,,,
1114881,2017/18,2018-01-12,Docklands Stadium,2,1.2,Melbourne Renegades,Melbourne Stars,TP Ludeman,MS Harris,JR Coleman,0,0,,,,,,,,,
1114881,2017/18,2018-01-12,Docklands Stadium,2,1.3,Melbourne Renegades,Melbourne Stars,TP Ludeman,MS Harris,JR Coleman,1,0,,,,,,,,,
1114881,2017/18,2018-01-12,Docklands Stadium,2,1.4,Melbourne Renegades,Melbourne Stars,MS Harris,TP Ludeman,JR Coleman,0,0,,,,,,caught,MS Harris,,
1114881,2017/18,2018-01-12,Docklands Stadium,2,1.5,Melbourne Renegades,Melbourne Stars,TP Ludeman,MW Short,JR Coleman,1,0,,,,,,,,,
1114881,2017/18,2018-01-12,Docklands Stadium,2,1.6,Melbourne Renegades,Melbourne Stars,MW Short,TP Ludeman,JR Coleman,1,0,,,,,,,,,
1114881,2017/18,2018-01-12,Docklands Stadium,2,2.1,Melbourne Renegades,Melbourne Stars,MW Short,TP Ludeman,DJ Worrall,0,0,,,,,,,,,
1114881,2017/18,2018-01-12,Docklands Stadium,2,2.2,Melbourne Renegades,Melbourne Stars,MW Short,TP Ludeman,DJ Worrall,1,0,,,,,,,,,
1114881,2017/18,2018-01-12,Docklands Stadium,2,2.3,Melbourne Renegades,Melbourne Stars,TP Ludeman,MW Short,DJ Worrall,2,0,,,,,,,,,
1114881,2017/18,2018-01-12,Docklands Stadium,2,2.4,Melbourne Renegades,Melbourne Stars,TP Ludeman,MW Short,DJ Worrall,1,0,,,,,,,,,
1114881,2017/18,2018-01-12,Docklands Stadium,2,2.5,Melbourne Renegades,Melbourne Stars,MW Short,TP Ludeman,DJ Worrall,1,0,,,,,,,,,
1114881,2017/18,2018-01-12,Docklands Stadium,2,2.6,Melbourne Renegades,Melbourne Stars,TP Ludeman,MW Short,DJ Worrall,6,0,,,,,,,,,
1114881,2017/18,2018-01-12,Docklands Stadium,2,3.1,Melbourne Renegades,Melbourne Stars,MW Short,TP Ludeman,JR Coleman,1,0,,,,,,,,,
1114881,2017/18,2018-01-12,Docklands Stadium,2,3.2,Melbourne Renegades,Melbourne Stars,TP Ludeman,MW Short,JR Coleman,0,0,,,,,,,,,
1114881,2017/18,2018-01-12,Docklands Stadium,2,3.3,Melbourne Renegades,Melbourne Stars,TP Ludeman,MW Short,JR Coleman,1,0,,,,,,,,,
1114881,2017/18,2018-01-12,Docklands Stadium,2,3.4,Melbourne Renegades,Melbourne Stars,MW Short,TP Ludeman,JR Coleman,6,0,,,,,,,,,
1114881,2017/18,2018-01-12,Docklands Stadium,2,3.5,Melbourne Renegades,Melbourne Stars,MW Short,TP Ludeman,JR Coleman,0,1,,,,1,,,,,
1114881,2017/18,2018-01-12,Docklands Stadium,2,3.6,Melbourne Renegades,Melbourne Stars,TP Ludeman,MW Short,JR Coleman,0,0,,,,,,caught,TP Ludeman,,
1114881,2017/18,2018-01-12,Docklands Stadium,2,4.1,Melbourne Renegades,Melbourne Stars,MW Short,DJ Bravo,D Fallins,0,0,,,,,,,,,
1114881,2017/18,2018-01-12,Docklands Stadium,2,4.2,Melbourne Renegades,Melbourne Stars,MW Short,DJ Bravo,D Fallins,1,0,,,,,,,,,
1114881,2017/18,2018-01-12,Docklands Stadium,2,4.3,Melbourne Renegades,Melbourne Stars,DJ Bravo,MW Short,D Fallins,1,0,,,,,,,,,
1114881,2017/18,2018-01-12,Docklands Stadium,2,4.4,Melbourne Renegades,Melbourne Stars,MW Short,DJ Bravo,D Fallins,0,0,,,,,,,,,
1114881,2017/18,2018-01-12,Docklands Stadium,2,4.5,Melbourne Renegades,Melbourne Stars,MW Short,DJ Bravo,D Fallins,1,0,,,,,,,,,
1114881,2017/18,2018-01-12,Docklands Stadium,2,4.6,Melbourne Renegades,Melbourne Stars,DJ Bravo,MW Short,D Fallins,2,0,,,,,,,,,
1114881,2017/18,2018-01-12,Docklands Stadium,2,5.1,Melbourne Renegades,Melbourne Stars,MW Short,DJ Bravo,JW Hastings,0,0,,,,,,,,,
1114881,2017/18,2018-01-12,Docklands Stadium,2,5.2,Melbourne Renegades,Melbourne Stars,MW Short,DJ Bravo,JW Hastings,0,0,,,,,,,,,
1114881,2017/18,2018-01-12,Docklands Stadium,2,5.3,Melbourne Renegades,Melbourne Stars,MW Short,DJ Bravo,JW Hastings,4,0,,,,,,,,,
1114881,2017/18,2018-01-12,Docklands Stadium,2,5.4,Melbourne Renegades,Melbourne Stars,MW Short,DJ Bravo,JW Hastings,0,0,,,,,,caught,MW Short,,
1114881,2017/18,2018-01-12,Docklands Stadium,2,5.5,Melbourne Renegades,Melbourne Stars,TLW Cooper,DJ Bravo,JW Hastings,0,0,,,,,,,,,
1114881,2017/18,2018-01-12,Docklands Stadium,2,5.6,Melbourne Renegades,Melbourne Stars,TLW Cooper,DJ Bravo,JW Hastings,3,0,,,,,,,,,
1114881,2017/18,2018-01-12,Docklands Stadium,2,6.1,Melbourne Renegades,Melbourne Stars,TLW Cooper,DJ Bravo,D Fallins,0,0,,,,,,,,,
1114881,2017/18,2018-01-12,Docklands Stadium,2,6.2,Melbourne Renegades,Melbourne Stars,TLW Cooper,DJ Bravo,D Fallins,1,0,,,,,,,,,
1114881,2017/18,2018-01-12,Docklands Stadium,2,6.3,Melbourne Renegades,Melbourne Stars,DJ Bravo,TLW Cooper,D Fallins,1,0,,,,,,,,,
1114881,2017/18,2018-01-12,Docklands Stadium,2,6.4,Melbourne Renegades,Melbourne Stars,TLW Cooper,DJ Bravo,D Fallins,0,0,,,,,,,,,
1114881,2017/18,2018-01-12,Docklands Stadium,2,6.5,Melbourne Renegades,Melbourne Stars,TLW Cooper,DJ Bravo,D Fallins,0,0,,,,,,,,,
1114881,2017/18,2018-01-12,Docklands Stadium,2,6.6,Melbourne Renegades,Melbourne Stars,TLW Cooper,DJ Bravo,D Fallins,1,0,,,,,,,,,
1114881,2017/18,2018-01-12,Docklands Stadium,2,7.1,Melbourne Renegades,Melbourne Stars,TLW Cooper,DJ Bravo,JW Hastings,2,0,,,,,,,,,
1114881,2017/18,2018-01-12,Docklands Stadium,2,7.2,Melbourne Renegades,Melbourne Stars,TLW Cooper,DJ Bravo,JW Hastings,0,0,,,,,,,,,
1114881,2017/18,2018-01-12,Docklands Stadium,2,7.3,Melbourne Renegades,Melbourne Stars,TLW Cooper,DJ Bravo,JW Hastings,0,0,,,,,,,,,
1114881,2017/18,2018-01-12,Docklands Stadium,2,7.4,Melbourne Renegades,Melbourne Stars,TLW Cooper,DJ Bravo,JW Hastings,0,0,,,,,,,,,
1114881,2017/18,2018-01-12,Docklands Stadium,2,7.5,Melbourne Renegades,Melbourne Stars,TLW Cooper,DJ Bravo,JW Hastings,1,0,,,,,,,,,
1114881,2017/18,2018-01-12,Docklands Stadium,2,7.6,Melbourne Renegades,Melbourne Stars,DJ Bravo,TLW Cooper,JW Hastings,0,1,1,,,,,,,,
1114881,2017/18,2018-01-12,Docklands Stadium,2,7.7,Melbourne Renegades,Melbourne Stars,DJ Bravo,TLW Cooper,JW Hastings,0,0,,,,,,,,,
1114881,2017/18,2018-01-12,Docklands Stadium,2,8.1,Melbourne Renegades,Melbourne Stars,TLW Cooper,DJ Bravo,D Fallins,6,0,,,,,,,,,
1114881,2017/18,2018-01-12,Docklands Stadium,2,8.2,Melbourne Renegades,Melbourne Stars,TLW Cooper,DJ Bravo,D Fallins,1,0,,,,,,,,,
1114881,2017/18,2018-01-12,Docklands Stadium,2,8.3,Melbourne Renegades,Melbourne Stars,DJ Bravo,TLW Cooper,D Fallins,1,0,,,,,,,,,
1114881,2017/18,2018-01-12,Docklands Stadium,2,8.4,Melbourne Renegades,Melbourne Stars,TLW Cooper,DJ Bravo,D Fallins,1,0,,,,,,,,,
1114881,2017/18,2018-01-12,Docklands Stadium,2,8.5,Melbourne Renegades,Melbourne Stars,DJ Bravo,TLW Cooper,D Fallins,1,0,,,,,,,,,
1114881,2017/18,2018-01-12,Docklands Stadium,2,8.6,Melbourne Renegades,Melbourne Stars,TLW Cooper,DJ Bravo,D Fallins,1,0,,,,,,,,,
1114881,2017/18,2018-01-12,Docklands Stadium,2,9.1,Melbourne Renegades,Melbourne Stars,TLW Cooper,DJ Bravo,JR Coleman,0,0,,,,,,,,,
1114881,2017/18,2018-01-12,Docklands Stadium,2,9.2,Melbourne Renegades,Melbourne Stars,TLW Cooper,DJ Bravo,JR Coleman,2,0,,,,,,,,,
1114881,2017/18,2018-01-12,Docklands Stadium,2,9.3,Melbourne Renegades,Melbourne Stars,TLW Cooper,DJ Bravo,JR Coleman,0,0,,,,,,caught,TLW Cooper,,
1114881,2017/18,2018-01-12,Docklands Stadium,2,9.4,Melbourne Renegades,Melbourne Stars,Mohammad Nabi,DJ Bravo,JR Coleman,1,0,,,,,,,,,
1114881,2017/18,2018-01-12,Docklands Stadium,2,9.5,Melbourne Renegades,Melbourne Stars,DJ Bravo,Mohammad Nabi,JR Coleman,1,0,,,,,,,,,
1114881,2017/18,2018-01-12,Docklands Stadium,2,9.6,Melbourne Renegades,Melbourne Stars,Mohammad Nabi,DJ Bravo,JR Coleman,0,0,,,,,,,,,
1114881,2017/18,2018-01-12,Docklands Stadium,2,10.1,Melbourne Renegades,Melbourne Stars,DJ Bravo,Mohammad Nabi,JP Faulkner,0,1,,,,1,,,,,
1114881,2017/18,2018-01-12,Docklands Stadium,2,10.2,Melbourne Renegades,Melbourne Stars,Mohammad Nabi,DJ Bravo,JP Faulkner,1,0,,,,,,,,,
1114881,2017/18,2018-01-12,Docklands Stadium,2,10.3,Melbourne Renegades,Melbourne Stars,DJ Bravo,Mohammad Nabi,JP Faulkner,4,0,,,,,,,,,
1114881,2017/18,2018-01-12,Docklands Stadium,2,10.4,Melbourne Renegades,Melbourne Stars,DJ Bravo,Mohammad Nabi,JP Faulkner,0,0,,,,,,,,,
1114881,2017/18,2018-01-12,Docklands Stadium,2,10.5,Melbourne Renegades,Melbourne Stars,DJ Bravo,Mohammad Nabi,JP Faulkner,4,0,,,,,,,,,
1114881,2017/18,2018-01-12,Docklands Stadium,2,10.6,Melbourne Renegades,Melbourne Stars,DJ Bravo,Mohammad Nabi,JP Faulkner,2,0,,,,,,,,,
1114881,2017/18,2018-01-12,Docklands Stadium,2,11.1,Melbourne Renegades,Melbourne Stars,Mohammad Nabi,DJ Bravo,JR Coleman,4,0,,,,,,,,,
1114881,2017/18,2018-01-12,Docklands Stadium,2,11.2,Melbourne Renegades,Melbourne Stars,Mohammad Nabi,DJ Bravo,JR Coleman,1,0,,,,,,,,,
1114881,2017/18,2018-01-12,Docklands Stadium,2,11.3,Melbourne Renegades,Melbourne Stars,DJ Bravo,Mohammad Nabi,JR Coleman,1,0,,,,,,,,,
1114881,2017/18,2018-01-12,Docklands Stadium,2,11.4,Melbourne Renegades,Melbourne Stars,Mohammad Nabi,DJ Bravo,JR Coleman,4,0,,,,,,,,,
1114881,2017/18,2018-01-12,Docklands Stadium,2,11.5,Melbourne Renegades,Melbourne Stars,Mohammad Nabi,DJ Bravo,JR Coleman,0,0,,,,,,,,,
1114881,2017/18,2018-01-12,Docklands Stadium,2,11.6,Melbourne Renegades,Melbourne Stars,Mohammad Nabi,DJ Bravo,JR Coleman,2,0,,,,,,,,,
1114881,2017/18,2018-01-12,Docklands Stadium,2,12.1,Melbourne Renegades,Melbourne Stars,DJ Bravo,Mohammad Nabi,JP Faulkner,6,0,,,,,,,,,
1114881,2017/18,2018-01-12,Docklands Stadium,2,12.2,Melbourne Renegades,Melbourne Stars,DJ Bravo,Mohammad Nabi,JP Faulkner,0,0,,,,,,,,,
1114881,2017/18,2018-01-12,Docklands Stadium,2,12.3,Melbourne Renegades,Melbourne Stars,DJ Bravo,Mohammad Nabi,JP Faulkner,1,0,,,,,,,,,
1114881,2017/18,2018-01-12,Docklands Stadium,2,12.4,Melbourne Renegades,Melbourne Stars,Mohammad Nabi,DJ Bravo,JP Faulkner,0,0,,,,,,,,,
1114881,2017/18,2018-01-12,Docklands Stadium,2,12.5,Melbourne Renegades,Melbourne Stars,Mohammad Nabi,DJ Bravo,JP Faulkner,1,0,,,,,,,,,
1114881,2017/18,2018-01-12,Docklands Stadium,2,12.6,Melbourne Renegades,Melbourne Stars,DJ Bravo,Mohammad Nabi,JP Faulkner,1,0,,,,,,,,,
1114881,2017/18,2018-01-12,Docklands Stadium,2,13.1,Melbourne Renegades,Melbourne Stars,DJ Bravo,Mohammad Nabi,EP Gulbis,0,0,,,,,,caught,DJ Bravo,,
1114881,2017/18,2018-01-12,Docklands Stadium,2,13.2,Melbourne Renegades,Melbourne Stars,Mohammad Nabi,BJ Webster,EP Gulbis,1,0,,,,,,,,,
1114881,2017/18,2018-01-12,Docklands Stadium,2,13.3,Melbourne Renegades,Melbourne Stars,BJ Webster,Mohammad Nabi,EP Gulbis,1,0,,,,,,,,,
1114881,2017/18,2018-01-12,Docklands Stadium,2,13.4,Melbourne Renegades,Melbourne Stars,Mohammad Nabi,BJ Webster,EP Gulbis,0,0,,,,,,,,,
1114881,2017/18,2018-01-12,Docklands Stadium,2,13.5,Melbourne Renegades,Melbourne Stars,Mohammad Nabi,BJ Webster,EP Gulbis,4,0,,,,,,,,,
1114881,2017/18,2018-01-12,Docklands Stadium,2,13.6,Melbourne Renegades,Melbourne Stars,Mohammad Nabi,BJ Webster,EP Gulbis,1,0,,,,,,,,,
1114881,2017/18,2018-01-12,Docklands Stadium,2,14.1,Melbourne Renegades,Melbourne Stars,Mohammad Nabi,BJ Webster,JP Faulkner,1,0,,,,,,,,,
1114881,2017/18,2018-01-12,Docklands Stadium,2,14.2,Melbourne Renegades,Melbourne Stars,BJ Webster,Mohammad Nabi,JP Faulkner,1,0,,,,,,,,,
1114881,2017/18,2018-01-12,Docklands Stadium,2,14.3,Melbourne Renegades,Melbourne Stars,Mohammad Nabi,BJ Webster,JP Faulkner,2,0,,,,,,,,,
1114881,2017/18,2018-01-12,Docklands Stadium,2,14.4,Melbourne Renegades,Melbourne Stars,Mohammad Nabi,BJ Webster,JP Faulkner,0,0,,,,,,caught,Mohammad Nabi,,
1114881,2017/18,2018-01-12,Docklands Stadium,2,14.5,Melbourne Renegades,Melbourne Stars,BJ Webster,JD Wildermuth,JP Faulkner,0,0,,,,,,,,,
1114881,2017/18,2018-01-12,Docklands Stadium,2,14.6,Melbourne Renegades,Melbourne Stars,BJ Webster,JD Wildermuth,JP Faulkner,1,0,,,,,,,,,
1114881,2017/18,2018-01-12,Docklands Stadium,2,15.1,Melbourne Renegades,Melbourne Stars,BJ Webster,JD Wildermuth,EP Gulbis,2,0,,,,,,,,,
1114881,2017/18,2018-01-12,Docklands Stadium,2,15.2,Melbourne Renegades,Melbourne Stars,BJ Webster,JD Wildermuth,EP Gulbis,1,0,,,,,,,,,
1114881,2017/18,2018-01-12,Docklands Stadium,2,15.3,Melbourne Renegades,Melbourne Stars,JD Wildermuth,BJ Webster,EP Gulbis,4,0,,,,,,,,,
1114881,2017/18,2018-01-12,Docklands Stadium,2,15.4,Melbourne Renegades,Melbourne Stars,JD Wildermuth,BJ Webster,EP Gulbis,2,0,,,,,,,,,
1114881,2017/18,2018-01-12,Docklands Stadium,2,15.5,Melbourne Renegades,Melbourne Stars,JD Wildermuth,BJ Webster,EP Gulbis,1,0,,,,,,,,,
1114881,2017/18,2018-01-12,Docklands Stadium,2,15.6,Melbourne Renegades,Melbourne Stars,BJ Webster,JD Wildermuth,EP Gulbis,1,0,,,,,,,,,
1114881,2017/18,2018-01-12,Docklands Stadium,2,16.1,Melbourne Renegades,Melbourne Stars,BJ Webster,JD Wildermuth,JW Hastings,1,0,,,,,,,,,
1114881,2017/18,2018-01-12,Docklands Stadium,2,16.2,Melbourne Renegades,Melbourne Stars,JD Wildermuth,BJ Webster,JW Hastings,1,0,,,,,,,,,
1114881,2017/18,2018-01-12,Docklands Stadium,2,16.3,Melbourne Renegades,Melbourne Stars,BJ Webster,JD Wildermuth,JW Hastings,1,0,,,,,,,,,
1114881,2017/18,2018-01-12,Docklands Stadium,2,16.4,Melbourne Renegades,Melbourne Stars,JD Wildermuth,BJ Webster,JW Hastings,6,0,,,,,,,,,
1114881,2017/18,2018-01-12,Docklands Stadium,2,16.5,Melbourne Renegades,Melbourne Stars,JD Wildermuth,BJ Webster,JW Hastings,0,0,,,,,,,,,
1114881,2017/18,2018-01-12,Docklands Stadium,2,16.6,Melbourne Renegades,Melbourne Stars,JD Wildermuth,BJ Webster,JW Hastings,2,0,,,,,,,,,
1114881,2017/18,2018-01-12,Docklands Stadium,2,17.1,Melbourne Renegades,Melbourne Stars,BJ Webster,JD Wildermuth,DJ Worrall,0,0,,,,,,bowled,BJ Webster,,
1114881,2017/18,2018-01-12,Docklands Stadium,2,17.2,Melbourne Renegades,Melbourne Stars,KW Richardson,JD Wildermuth,DJ Worrall,1,0,,,,,,,,,
1114881,2017/18,2018-01-12,Docklands Stadium,2,17.3,Melbourne Renegades,Melbourne Stars,JD Wildermuth,KW Richardson,DJ Worrall,0,1,1,,,,,,,,
1114881,2017/18,2018-01-12,Docklands Stadium,2,17.4,Melbourne Renegades,Melbourne Stars,JD Wildermuth,KW Richardson,DJ Worrall,1,0,,,,,,,,,
1114881,2017/18,2018-01-12,Docklands Stadium,2,17.5,Melbourne Renegades,Melbourne Stars,KW Richardson,JD Wildermuth,DJ Worrall,1,0,,,,,,,,,
1114881,2017/18,2018-01-12,Docklands Stadium,2,17.6,Melbourne Renegades,Melbourne Stars,JD Wildermuth,KW Richardson,DJ Worrall,0,0,,,,,,,,,
1114881,2017/18,2018-01-12,Docklands Stadium,2,17.7,Melbourne Renegades,Melbourne Stars,JD Wildermuth,KW Richardson,DJ Worrall,6,0,,,,,,,,,
1114881,2017/18,2018-01-12,Docklands Stadium,2,18.1,Melbourne Renegades,Melbourne Stars,KW Richardson,JD Wildermuth,JW Hastings,2,0,,,,,,,,,
1114881,2017/18,2018-01-12,Docklands Stadium,2,18.2,Melbourne Renegades,Melbourne Stars,KW Richardson,JD Wildermuth,JW Hastings,1,0,,,,,,,,,
1114881,2017/18,2018-01-12,Docklands Stadium,2,18.3,Melbourne Renegades,Melbourne Stars,JD Wildermuth,KW Richardson,JW Hastings,0,0,,,,,,caught,JD Wildermuth,,
1114881,2017/18,2018-01-12,Docklands Stadium,2,18.4,Melbourne Renegades,Melbourne Stars,KW Richardson,JM Holland,JW Hastings,1,0,,,,,,,,,
1114881,2017/18,2018-01-12,Docklands Stadium,2,18.5,Melbourne Renegades,Melbourne Stars,JM Holland,KW Richardson,JW Hastings,1,0,,,,,,,,,
1114881,2017/18,2018-01-12,Docklands Stadium,2,18.6,Melbourne Renegades,Melbourne Stars,KW Richardson,JM Holland,JW Hastings,1,0,,,,,,,,,
1114881,2017/18,2018-01-12,Docklands Stadium,2,19.1,Melbourne Renegades,Melbourne Stars,KW Richardson,JM Holland,DJ Worrall,1,0,,,,,,,,,
1114881,2017/18,2018-01-12,Docklands Stadium,2,19.2,Melbourne Renegades,Melbourne Stars,JM Holland,KW Richardson,DJ Worrall,0,0,,,,,,,,,
1114881,2017/18,2018-01-12,Docklands Stadium,2,19.3,Melbourne Renegades,Melbourne Stars,JM Holland,KW Richardson,DJ Worrall,0,0,,,,,,bowled,JM Holland,,
1114881,2017/18,2018-01-12,Docklands Stadium,2,19.4,Melbourne Renegades,Melbourne Stars,GB Hogg,KW Richardson,DJ Worrall,0,0,,,,,,,,,
1114881,2017/18,2018-01-12,Docklands Stadium,2,19.5,Melbourne Renegades,Melbourne Stars,GB Hogg,KW Richardson,DJ Worrall,1,0,,,,,,,,,
1114881,2017/18,2018-01-12,Docklands Stadium,2,19.6,Melbourne Renegades,Melbourne Stars,KW Richardson,GB Hogg,DJ Worrall,1,0,,,,,,,,,
