match_id,season,start_date,venue,innings,ball,batting_team,bowling_team,striker,non_striker,bowler,runs_off_bat,extras,wides,noballs,byes,legbyes,penalty,wicket_type,player_dismissed,other_wicket_type,other_player_dismissed
1114861,2017/18,2017-12-23,Docklands Stadium,1,0.1,Brisbane Heat,Melbourne Renegades,JJ Peirson,BB McCullum,Mohammad Nabi,0,0,,,,,,,,,
1114861,2017/18,2017-12-23,Docklands Stadium,1,0.2,Brisbane Heat,Melbourne Renegades,JJ Peirson,BB McCullum,Mohammad Nabi,1,0,,,,,,,,,
1114861,2017/18,2017-12-23,Docklands Stadium,1,0.3,Brisbane Heat,Melbourne Renegades,BB McCullum,JJ Peirson,Mohammad Nabi,0,0,,,,,,,,,
1114861,2017/18,2017-12-23,Docklands Stadium,1,0.4,Brisbane Heat,Melbourne Renegades,BB McCullum,JJ Peirson,Mohammad Nabi,0,0,,,,,,,,,
1114861,2017/18,2017-12-23,Docklands Stadium,1,0.5,Brisbane Heat,Melbourne Renegades,BB McCullum,JJ Peirson,Mohammad Nabi,0,0,,,,,,,,,
1114861,2017/18,2017-12-23,Docklands Stadium,1,0.6,Brisbane Heat,Melbourne Renegades,BB McCullum,JJ Peirson,Mohammad Nabi,1,0,,,,,,,,,
1114861,2017/18,2017-12-23,Docklands Stadium,1,1.1,Brisbane Heat,Melbourne Renegades,BB McCullum,JJ Peirson,TLW Cooper,4,0,,,,,,,,,
1114861,2017/18,2017-12-23,Docklands Stadium,1,1.2,Brisbane Heat,Melbourne Renegades,BB McCullum,JJ Peirson,TLW Cooper,0,0,,,,,,bowled,BB McCullum,,
1114861,2017/18,2017-12-23,Docklands Stadium,1,1.3,Brisbane Heat,Melbourne Renegades,SD Heazlett,JJ Peirson,TLW Cooper,0,0,,,,,,,,,
1114861,2017/18,2017-12-23,Docklands Stadium,1,1.4,Brisbane Heat,Melbourne Renegades,SD Heazlett,JJ Peirson,TLW Cooper,0,0,,,,,,,,,
1114861,2017/18,2017-12-23,Docklands Stadium,1,1.5,Brisbane Heat,Melbourne Renegades,SD Heazlett,JJ Peirson,TLW Cooper,2,0,,,,,,,,,
1114861,2017/18,2017-12-23,Docklands Stadium,1,1.6,Brisbane Heat,Melbourne Renegades,SD Heazlett,JJ Peirson,TLW Cooper,0,0,,,,,,,,,
1114861,2017/18,2017-12-23,Docklands Stadium,1,2.1,Brisbane Heat,Melbourne Renegades,JJ Peirson,SD Heazlett,Mohammad Nabi,0,0,,,,,,,,,
1114861,2017/18,2017-12-23,Docklands Stadium,1,2.2,Brisbane Heat,Melbourne Renegades,JJ Peirson,SD Heazlett,Mohammad Nabi,2,0,,,,,,,,,
1114861,2017/18,2017-12-23,Docklands Stadium,1,2.3,Brisbane Heat,Melbourne Renegades,JJ Peirson,SD Heazlett,Mohammad Nabi,4,0,,,,,,,,,
1114861,2017/18,2017-12-23,Docklands Stadium,1,2.4,Brisbane Heat,Melbourne Renegades,JJ Peirson,SD Heazlett,Mohammad Nabi,1,0,,,,,,,,,
1114861,2017/18,2017-12-23,Docklands Stadium,1,2.5,Brisbane Heat,Melbourne Renegades,SD Heazlett,JJ Peirson,Mohammad Nabi,4,0,,,,,,,,,
1114861,2017/18,2017-12-23,Docklands Stadium,1,2.6,Brisbane Heat,Melbourne Renegades,SD Heazlett,JJ Peirson,Mohammad Nabi,1,0,,,,,,,,,
1114861,2017/18,2017-12-23,Docklands Stadium,1,3.1,Brisbane Heat,Melbourne Renegades,SD Heazlett,JJ Peirson,JD Wildermuth,0,0,,,,,,,,,
1114861,2017/18,2017-12-23,Docklands Stadium,1,3.2,Brisbane Heat,Melbourne Renegades,SD Heazlett,JJ Peirson,JD Wildermuth,0,0,,,,,,,,,
1114861,2017/18,2017-12-23,Docklands Stadium,1,3.3,Brisbane Heat,Melbourne Renegades,SD Heazlett,JJ Peirson,JD Wildermuth,4,0,,,,,,,,,
1114861,2017/18,2017-12-23,Docklands Stadium,1,3.4,Brisbane Heat,Melbourne Renegades,SD Heazlett,JJ Peirson,JD Wildermuth,0,0,,,,,,,,,
1114861,2017/18,2017-12-23,Docklands Stadium,1,3.5,Brisbane Heat,Melbourne Renegades,SD Heazlett,JJ Peirson,JD Wildermuth,0,0,,,,,,caught,SD Heazlett,,
1114861,2017/18,2017-12-23,Docklands Stadium,1,3.6,Brisbane Heat,Melbourne Renegades,JJ Peirson,M Labuschagne,JD Wildermuth,1,0,,,,,,,,,
1114861,2017/18,2017-12-23,Docklands Stadium,1,4.1,Brisbane Heat,Melbourne Renegades,JJ Peirson,M Labuschagne,KW Richardson,0,0,,,,,,,,,
1114861,2017/18,2017-12-23,Docklands Stadium,1,4.2,Brisbane Heat,Melbourne Renegades,JJ Peirson,M Labuschagne,KW Richardson,2,0,,,,,,,,,
1114861,2017/18,2017-12-23,Docklands Stadium,1,4.3,Brisbane Heat,Melbourne Renegades,JJ Peirson,M Labuschagne,KW Richardson,0,0,,,,,,,,,
1114861,2017/18,2017-12-23,Docklands Stadium,1,4.4,Brisbane Heat,Melbourne Renegades,JJ Peirson,M Labuschagne,KW Richardson,1,0,,,,,,,,,
1114861,2017/18,2017-12-23,Docklands Stadium,1,4.5,Brisbane Heat,Melbourne Renegades,M Labuschagne,JJ Peirson,KW Richardson,0,0,,,,,,,,,
1114861,2017/18,2017-12-23,Docklands Stadium,1,4.6,Brisbane Heat,Melbourne Renegades,M Labuschagne,JJ Peirson,KW Richardson,0,0,,,,,,,,,
1114861,2017/18,2017-12-23,Docklands Stadium,1,5.1,Brisbane Heat,Melbourne Renegades,JJ Peirson,M Labuschagne,JD Wildermuth,0,0,,,,,,,,,
1114861,2017/18,2017-12-23,Docklands Stadium,1,5.2,Brisbane Heat,Melbourne Renegades,JJ Peirson,M Labuschagne,JD Wildermuth,0,0,,,,,,bowled,JJ Peirson,,
1114861,2017/18,2017-12-23,Docklands Stadium,1,5.3,Brisbane Heat,Melbourne Renegades,AI Ross,M Labuschagne,JD Wildermuth,0,0,,,,,,,,,
1114861,2017/18,2017-12-23,Docklands Stadium,1,5.4,Brisbane Heat,Melbourne Renegades,AI Ross,M Labuschagne,JD Wildermuth,0,0,,,,,,,,,
1114861,2017/18,2017-12-23,Docklands Stadium,1,5.5,Brisbane Heat,Melbourne Renegades,AI Ross,M Labuschagne,JD Wildermuth,0,0,,,,,,,,,
1114861,2017/18,2017-12-23,Docklands Stadium,1,5.6,Brisbane Heat,Melbourne Renegades,AI Ross,M Labuschagne,JD Wildermuth,1,0,,,,,,,,,
1114861,2017/18,2017-12-23,Docklands Stadium,1,6.1,Brisbane Heat,Melbourne Renegades,AI Ross,M Labuschagne,GB Hogg,4,0,,,,,,,,,
1114861,2017/18,2017-12-23,Docklands Stadium,1,6.2,Brisbane Heat,Melbourne Renegades,AI Ross,M Labuschagne,GB Hogg,1,0,,,,,,,,,
1114861,2017/18,2017-12-23,Docklands Stadium,1,6.3,Brisbane Heat,Melbourne Renegades,M Labuschagne,AI Ross,GB Hogg,1,0,,,,,,,,,
1114861,2017/18,2017-12-23,Docklands Stadium,1,6.4,Brisbane Heat,Melbourne Renegades,AI Ross,M Labuschagne,GB Hogg,1,0,,,,,,,,,
1114861,2017/18,2017-12-23,Docklands Stadium,1,6.5,Brisbane Heat,Melbourne Renegades,M Labuschagne,AI Ross,GB Hogg,1,0,,,,,,,,,
1114861,2017/18,2017-12-23,Docklands Stadium,1,6.6,Brisbane Heat,Melbourne Renegades,AI Ross,M Labuschagne,GB Hogg,0,0,,,,,,,,,
1114861,2017/18,2017-12-23,Docklands Stadium,1,7.1,Brisbane Heat,Melbourne Renegades,M Labuschagne,AI Ross,AJ Finch,0,0,,,,,,,,,
1114861,2017/18,2017-12-23,Docklands Stadium,1,7.2,Brisbane Heat,Melbourne Renegades,M Labuschagne,AI Ross,AJ Finch,2,0,,,,,,,,,
1114861,2017/18,2017-12-23,Docklands Stadium,1,7.3,Brisbane Heat,Melbourne Renegades,M Labuschagne,AI Ross,AJ Finch,1,0,,,,,,,,,
1114861,2017/18,2017-12-23,Docklands Stadium,1,7.4,Brisbane Heat,Melbourne Renegades,AI Ross,M Labuschagne,AJ Finch,0,0,,,,,,,,,
1114861,2017/18,2017-12-23,Docklands Stadium,1,7.5,Brisbane Heat,Melbourne Renegades,AI Ross,M Labuschagne,AJ Finch,1,0,,,,,,,,,
1114861,2017/18,2017-12-23,Docklands Stadium,1,7.6,Brisbane Heat,Melbourne Renegades,M Labuschagne,AI Ross,AJ Finch,1,0,,,,,,,,,
1114861,2017/18,2017-12-23,Docklands Stadium,1,8.1,Brisbane Heat,Melbourne Renegades,M Labuschagne,AI Ross,DJ Bravo,1,0,,,,,,,,,
1114861,2017/18,2017-12-23,Docklands Stadium,1,8.2,Brisbane Heat,Melbourne Renegades,AI Ross,M Labuschagne,DJ Bravo,2,0,,,,,,,,,
1114861,2017/18,2017-12-23,Docklands Stadium,1,8.3,Brisbane Heat,Melbourne Renegades,AI Ross,M Labuschagne,DJ Bravo,1,0,,,,,,,,,
1114861,2017/18,2017-12-23,Docklands Stadium,1,8.4,Brisbane Heat,Melbourne Renegades,M Labuschagne,AI Ross,DJ Bravo,1,0,,,,,,,,,
1114861,2017/18,2017-12-23,Docklands Stadium,1,8.5,Brisbane Heat,Melbourne Renegades,AI Ross,M Labuschagne,DJ Bravo,1,0,,,,,,,,,
1114861,2017/18,2017-12-23,Docklands Stadium,1,8.6,Brisbane Heat,Melbourne Renegades,M Labuschagne,AI Ross,DJ Bravo,4,0,,,,,,,,,
1114861,2017/18,2017-12-23,Docklands Stadium,1,9.1,Brisbane Heat,Melbourne Renegades,AI Ross,M Labuschagne,JD Wildermuth,0,0,,,,,,,,,
1114861,2017/18,2017-12-23,Docklands Stadium,1,9.2,Brisbane Heat,Melbourne Renegades,AI Ross,M Labuschagne,JD Wildermuth,1,0,,,,,,,,,
1114861,2017/18,2017-12-23,Docklands Stadium,1,9.3,Brisbane Heat,Melbourne Renegades,M Labuschagne,AI Ross,JD Wildermuth,4,0,,,,,,,,,
1114861,2017/18,2017-12-23,Docklands Stadium,1,9.4,Brisbane Heat,Melbourne Renegades,M Labuschagne,AI Ross,JD Wildermuth,1,0,,,,,,,,,
1114861,2017/18,2017-12-23,Docklands Stadium,1,9.5,Brisbane Heat,Melbourne Renegades,AI Ross,M Labuschagne,JD Wildermuth,0,0,,,,,,,,,
1114861,2017/18,2017-12-23,Docklands Stadium,1,9.6,Brisbane Heat,Melbourne Renegades,AI Ross,M Labuschagne,JD Wildermuth,1,0,,,,,,,,,
1114861,2017/18,2017-12-23,Docklands Stadium,1,10.1,Brisbane Heat,Melbourne Renegades,AI Ross,M Labuschagne,GB Hogg,2,0,,,,,,,,,
1114861,2017/18,2017-12-23,Docklands Stadium,1,10.2,Brisbane Heat,Melbourne Renegades,AI Ross,M Labuschagne,GB Hogg,1,0,,,,,,,,,
1114861,2017/18,2017-12-23,Docklands Stadium,1,10.3,Brisbane Heat,Melbourne Renegades,M Labuschagne,AI Ross,GB Hogg,2,0,,,,,,,,,
1114861,2017/18,2017-12-23,Docklands Stadium,1,10.4,Brisbane Heat,Melbourne Renegades,M Labuschagne,AI Ross,GB Hogg,0,0,,,,,,,,,
1114861,2017/18,2017-12-23,Docklands Stadium,1,10.5,Brisbane Heat,Melbourne Renegades,M Labuschagne,AI Ross,GB Hogg,0,0,,,,,,,,,
1114861,2017/18,2017-12-23,Docklands Stadium,1,10.6,Brisbane Heat,Melbourne Renegades,M Labuschagne,AI Ross,GB Hogg,0,0,,,,,,,,,
1114861,2017/18,2017-12-23,Docklands Stadium,1,11.1,Brisbane Heat,Melbourne Renegades,AI Ross,M Labuschagne,JD Wildermuth,0,0,,,,,,,,,
1114861,2017/18,2017-12-23,Docklands Stadium,1,11.2,Brisbane Heat,Melbourne Renegades,AI Ross,M Labuschagne,JD Wildermuth,1,0,,,,,,,,,
1114861,2017/18,2017-12-23,Docklands Stadium,1,11.3,Brisbane Heat,Melbourne Renegades,M Labuschagne,AI Ross,JD Wildermuth,1,0,,,,,,,,,
1114861,2017/18,2017-12-23,Docklands Stadium,1,11.4,Brisbane Heat,Melbourne Renegades,AI Ross,M Labuschagne,JD Wildermuth,1,0,,,,,,,,,
1114861,2017/18,2017-12-23,Docklands Stadium,1,11.5,Brisbane Heat,Melbourne Renegades,M Labuschagne,AI Ross,JD Wildermuth,0,0,,,,,,bowled,M Labuschagne,,
1114861,2017/18,2017-12-23,Docklands Stadium,1,11.6,Brisbane Heat,Melbourne Renegades,BCJ Cutting,AI Ross,JD Wildermuth,0,0,,,,,,,,,
1114861,2017/18,2017-12-23,Docklands Stadium,1,12.1,Brisbane Heat,Melbourne Renegades,AI Ross,BCJ Cutting,GB Hogg,1,0,,,,,,,,,
1114861,2017/18,2017-12-23,Docklands Stadium,1,12.2,Brisbane Heat,Melbourne Renegades,BCJ Cutting,AI Ross,GB Hogg,1,0,,,,,,,,,
1114861,2017/18,2017-12-23,Docklands Stadium,1,12.3,Brisbane Heat,Melbourne Renegades,AI Ross,BCJ Cutting,GB Hogg,6,0,,,,,,,,,
1114861,2017/18,2017-12-23,Docklands Stadium,1,12.4,Brisbane Heat,Melbourne Renegades,AI Ross,BCJ Cutting,GB Hogg,1,0,,,,,,,,,
1114861,2017/18,2017-12-23,Docklands Stadium,1,12.5,Brisbane Heat,Melbourne Renegades,BCJ Cutting,AI Ross,GB Hogg,1,0,,,,,,,,,
1114861,2017/18,2017-12-23,Docklands Stadium,1,12.6,Brisbane Heat,Melbourne Renegades,AI Ross,BCJ Cutting,GB Hogg,0,0,,,,,,,,,
1114861,2017/18,2017-12-23,Docklands Stadium,1,13.1,Brisbane Heat,Melbourne Renegades,BCJ Cutting,AI Ross,KW Richardson,1,0,,,,,,,,,
1114861,2017/18,2017-12-23,Docklands Stadium,1,13.2,Brisbane Heat,Melbourne Renegades,AI Ross,BCJ Cutting,KW Richardson,4,0,,,,,,,,,
1114861,2017/18,2017-12-23,Docklands Stadium,1,13.3,Brisbane Heat,Melbourne Renegades,AI Ross,BCJ Cutting,KW Richardson,0,0,,,,,,,,,
1114861,2017/18,2017-12-23,Docklands Stadium,1,13.4,Brisbane Heat,Melbourne Renegades,AI Ross,BCJ Cutting,KW Richardson,2,0,,,,,,,,,
1114861,2017/18,2017-12-23,Docklands Stadium,1,13.5,Brisbane Heat,Melbourne Renegades,AI Ross,BCJ Cutting,KW Richardson,0,0,,,,,,,,,
1114861,2017/18,2017-12-23,Docklands Stadium,1,13.6,Brisbane Heat,Melbourne Renegades,AI Ross,BCJ Cutting,KW Richardson,1,0,,,,,,,,,
1114861,2017/18,2017-12-23,Docklands Stadium,1,14.1,Brisbane Heat,Melbourne Renegades,AI Ross,BCJ Cutting,DJ Bravo,1,0,,,,,,,,,
1114861,2017/18,2017-12-23,Docklands Stadium,1,14.2,Brisbane Heat,Melbourne Renegades,BCJ Cutting,AI Ross,DJ Bravo,0,0,,,,,,,,,
1114861,2017/18,2017-12-23,Docklands Stadium,1,14.3,Brisbane Heat,Melbourne Renegades,BCJ Cutting,AI Ross,DJ Bravo,1,0,,,,,,,,,
1114861,2017/18,2017-12-23,Docklands Stadium,1,14.4,Brisbane Heat,Melbourne Renegades,AI Ross,BCJ Cutting,DJ Bravo,1,0,,,,,,,,,
1114861,2017/18,2017-12-23,Docklands Stadium,1,14.5,Brisbane Heat,Melbourne Renegades,BCJ Cutting,AI Ross,DJ Bravo,1,0,,,,,,,,,
1114861,2017/18,2017-12-23,Docklands Stadium,1,14.6,Brisbane Heat,Melbourne Renegades,AI Ross,BCJ Cutting,DJ Bravo,1,0,,,,,,,,,
1114861,2017/18,2017-12-23,Docklands Stadium,1,15.1,Brisbane Heat,Melbourne Renegades,AI Ross,BCJ Cutting,KW Richardson,1,0,,,,,,,,,
1114861,2017/18,2017-12-23,Docklands Stadium,1,15.2,Brisbane Heat,Melbourne Renegades,BCJ Cutting,AI Ross,KW Richardson,6,0,,,,,,,,,
1114861,2017/18,2017-12-23,Docklands Stadium,1,15.3,Brisbane Heat,Melbourne Renegades,BCJ Cutting,AI Ross,KW Richardson,0,0,,,,,,,,,
1114861,2017/18,2017-12-23,Docklands Stadium,1,15.4,Brisbane Heat,Melbourne Renegades,BCJ Cutting,AI Ross,KW Richardson,6,0,,,,,,,,,
1114861,2017/18,2017-12-23,Docklands Stadium,1,15.5,Brisbane Heat,Melbourne Renegades,BCJ Cutting,AI Ross,KW Richardson,1,0,,,,,,,,,
1114861,2017/18,2017-12-23,Docklands Stadium,1,15.6,Brisbane Heat,Melbourne Renegades,AI Ross,BCJ Cutting,KW Richardson,1,0,,,,,,,,,
1114861,2017/18,2017-12-23,Docklands Stadium,1,16.1,Brisbane Heat,Melbourne Renegades,AI Ross,BCJ Cutting,GB Hogg,1,0,,,,,,,,,
1114861,2017/18,2017-12-23,Docklands Stadium,1,16.2,Brisbane Heat,Melbourne Renegades,BCJ Cutting,AI Ross,GB Hogg,0,2,,,,2,,,,,
1114861,2017/18,2017-12-23,Docklands Stadium,1,16.3,Brisbane Heat,Melbourne Renegades,BCJ Cutting,AI Ross,GB Hogg,0,0,,,,,,caught,BCJ Cutting,,
1114861,2017/18,2017-12-23,Docklands Stadium,1,16.4,Brisbane Heat,Melbourne Renegades,AI Ross,Shadab Khan,GB Hogg,1,0,,,,,,,,,
1114861,2017/18,2017-12-23,Docklands Stadium,1,16.5,Brisbane Heat,Melbourne Renegades,Shadab Khan,AI Ross,GB Hogg,0,0,,,,,,caught,Shadab Khan,,
1114861,2017/18,2017-12-23,Docklands Stadium,1,16.6,Brisbane Heat,Melbourne Renegades,JK Lalor,AI Ross,GB Hogg,0,0,,,,,,,,,
1114861,2017/18,2017-12-23,Docklands Stadium,1,17.1,Brisbane Heat,Melbourne Renegades,AI Ross,JK Lalor,DJ Bravo,1,0,,,,,,,,,
1114861,2017/18,2017-12-23,Docklands Stadium,1,17.2,Brisbane Heat,Melbourne Renegades,JK Lalor,AI Ross,DJ Bravo,2,0,,,,,,,,,
1114861,2017/18,2017-12-23,Docklands Stadium,1,17.3,Brisbane Heat,Melbourne Renegades,JK Lalor,AI Ross,DJ Bravo,0,0,,,,,,,,,
1114861,2017/18,2017-12-23,Docklands Stadium,1,17.4,Brisbane Heat,Melbourne Renegades,JK Lalor,AI Ross,DJ Bravo,2,0,,,,,,,,,
1114861,2017/18,2017-12-23,Docklands Stadium,1,17.5,Brisbane Heat,Melbourne Renegades,JK Lalor,AI Ross,DJ Bravo,1,0,,,,,,,,,
1114861,2017/18,2017-12-23,Docklands Stadium,1,17.6,Brisbane Heat,Melbourne Renegades,AI Ross,JK Lalor,DJ Bravo,1,0,,,,,,,,,
1114861,2017/18,2017-12-23,Docklands Stadium,1,18.1,Brisbane Heat,Melbourne Renegades,AI Ross,JK Lalor,KW Richardson,0,0,,,,,,,,,
1114861,2017/18,2017-12-23,Docklands Stadium,1,18.2,Brisbane Heat,Melbourne Renegades,AI Ross,JK Lalor,KW Richardson,1,0,,,,,,,,,
1114861,2017/18,2017-12-23,Docklands Stadium,1,18.3,Brisbane Heat,Melbourne Renegades,JK Lalor,AI Ross,KW Richardson,0,0,,,,,,,,,
1114861,2017/18,2017-12-23,Docklands Stadium,1,18.4,Brisbane Heat,Melbourne Renegades,JK Lalor,AI Ross,KW Richardson,4,0,,,,,,,,,
1114861,2017/18,2017-12-23,Docklands Stadium,1,18.5,Brisbane Heat,Melbourne Renegades,JK Lalor,AI Ross,KW Richardson,0,1,1,,,,,,,,
1114861,2017/18,2017-12-23,Docklands Stadium,1,18.6,Brisbane Heat,Melbourne Renegades,JK Lalor,AI Ross,KW Richardson,1,0,,,,,,,,,
1114861,2017/18,2017-12-23,Docklands Stadium,1,18.7,Brisbane Heat,Melbourne Renegades,AI Ross,JK Lalor,KW Richardson,4,0,,,,,,,,,
1114861,2017/18,2017-12-23,Docklands Stadium,1,19.1,Brisbane Heat,Melbourne Renegades,JK Lalor,AI Ross,DJ Bravo,0,0,,,,,,caught,JK Lalor,,
1114861,2017/18,2017-12-23,Docklands Stadium,1,19.2,Brisbane Heat,Melbourne Renegades,AI Ross,MT Steketee,DJ Bravo,0,0,,,,,,bowled,AI Ross,,
1114861,2017/18,2017-12-23,Docklands Stadium,1,19.3,Brisbane Heat,Melbourne Renegades,B Doggett,MT Steketee,DJ Bravo,0,0,,,,,,,,,
1114861,2017/18,2017-12-23,Docklands Stadium,1,19.4,Brisbane Heat,Melbourne Renegades,B Doggett,MT Steketee,DJ Bravo,0,0,,,,,,,,,
1114861,2017/18,2017-12-23,Docklands Stadium,1,19.5,Brisbane Heat,Melbourne Renegades,B Doggett,MT Steketee,DJ Bravo,1,0,,,,,,,,,
1114861,2017/18,2017-12-23,Docklands Stadium,1,19.6,Brisbane Heat,Melbourne Renegades,MT Steketee,B Doggett,DJ Bravo,4,0,,,,,,,,,
1114861,2017/18,2017-12-23,Docklands Stadium,2,0.1,Melbourne Renegades,Brisbane Heat,AJ Finch,MS Harris,Shadab Khan,0,2,,,,2,,,,,
1114861,2017/18,2017-12-23,Docklands Stadium,2,0.2,Melbourne Renegades,Brisbane Heat,AJ Finch,MS Harris,Shadab Khan,1,0,,,,,,,,,
1114861,2017/18,2017-12-23,Docklands Stadium,2,0.3,Melbourne Renegades,Brisbane Heat,MS Harris,AJ Finch,Shadab Khan,0,0,,,,,,,,,
1114861,2017/18,2017-12-23,Docklands Stadium,2,0.4,Melbourne Renegades,Brisbane Heat,MS Harris,AJ Finch,Shadab Khan,0,0,,,,,,,,,
1114861,2017/18,2017-12-23,Docklands Stadium,2,0.5,Melbourne Renegades,Brisbane Heat,MS Harris,AJ Finch,Shadab Khan,4,0,,,,,,,,,
1114861,2017/18,2017-12-23,Docklands Stadium,2,0.6,Melbourne Renegades,Brisbane Heat,MS Harris,AJ Finch,Shadab Khan,0,0,,,,,,,,,
1114861,2017/18,2017-12-23,Docklands Stadium,2,1.1,Melbourne Renegades,Brisbane Heat,AJ Finch,MS Harris,MT Steketee,0,1,1,,,,,,,,
1114861,2017/18,2017-12-23,Docklands Stadium,2,1.2,Melbourne Renegades,Brisbane Heat,AJ Finch,MS Harris,MT Steketee,1,0,,,,,,,,,
1114861,2017/18,2017-12-23,Docklands Stadium,2,1.3,Melbourne Renegades,Brisbane Heat,MS Harris,AJ Finch,MT Steketee,1,0,,,,,,,,,
1114861,2017/18,2017-12-23,Docklands Stadium,2,1.4,Melbourne Renegades,Brisbane Heat,AJ Finch,MS Harris,MT Steketee,0,0,,,,,,,,,
1114861,2017/18,2017-12-23,Docklands Stadium,2,1.5,Melbourne Renegades,Brisbane Heat,AJ Finch,MS Harris,MT Steketee,2,0,,,,,,,,,
1114861,2017/18,2017-12-23,Docklands Stadium,2,1.6,Melbourne Renegades,Brisbane Heat,AJ Finch,MS Harris,MT Steketee,0,0,,,,,,,,,
1114861,2017/18,2017-12-23,Docklands Stadium,2,1.7,Melbourne Renegades,Brisbane Heat,AJ Finch,MS Harris,MT Steketee,0,0,,,,,,,,,
1114861,2017/18,2017-12-23,Docklands Stadium,2,2.1,Melbourne Renegades,Brisbane Heat,MS Harris,AJ Finch,Shadab Khan,0,0,,,,,,,,,
1114861,2017/18,2017-12-23,Docklands Stadium,2,2.2,Melbourne Renegades,Brisbane Heat,MS Harris,AJ Finch,Shadab Khan,0,0,,,,,,,,,
1114861,2017/18,2017-12-23,Docklands Stadium,2,2.3,Melbourne Renegades,Brisbane Heat,MS Harris,AJ Finch,Shadab Khan,1,0,,,,,,,,,
1114861,2017/18,2017-12-23,Docklands Stadium,2,2.4,Melbourne Renegades,Brisbane Heat,AJ Finch,MS Harris,Shadab Khan,4,0,,,,,,,,,
1114861,2017/18,2017-12-23,Docklands Stadium,2,2.5,Melbourne Renegades,Brisbane Heat,AJ Finch,MS Harris,Shadab Khan,0,1,1,,,,,,,,
1114861,2017/18,2017-12-23,Docklands Stadium,2,2.6,Melbourne Renegades,Brisbane Heat,AJ Finch,MS Harris,Shadab Khan,0,0,,,,,,caught,AJ Finch,,
1114861,2017/18,2017-12-23,Docklands Stadium,2,2.7,Melbourne Renegades,Brisbane Heat,CL White,MS Harris,Shadab Khan,0,0,,,,,,,,,
1114861,2017/18,2017-12-23,Docklands Stadium,2,3.1,Melbourne Renegades,Brisbane Heat,MS Harris,CL White,MT Steketee,1,0,,,,,,,,,
1114861,2017/18,2017-12-23,Docklands Stadium,2,3.2,Melbourne Renegades,Brisbane Heat,CL White,MS Harris,MT Steketee,4,0,,,,,,,,,
1114861,2017/18,2017-12-23,Docklands Stadium,2,3.3,Melbourne Renegades,Brisbane Heat,CL White,MS Harris,MT Steketee,1,0,,,,,,,,,
1114861,2017/18,2017-12-23,Docklands Stadium,2,3.4,Melbourne Renegades,Brisbane Heat,MS Harris,CL White,MT Steketee,0,0,,,,,,,,,
1114861,2017/18,2017-12-23,Docklands Stadium,2,3.5,Melbourne Renegades,Brisbane Heat,MS Harris,CL White,MT Steketee,1,0,,,,,,,,,
1114861,2017/18,2017-12-23,Docklands Stadium,2,3.6,Melbourne Renegades,Brisbane Heat,CL White,MS Harris,MT Steketee,2,0,,,,,,,,,
1114861,2017/18,2017-12-23,Docklands Stadium,2,4.1,Melbourne Renegades,Brisbane Heat,MS Harris,CL White,Shadab Khan,1,0,,,,,,,,,
1114861,2017/18,2017-12-23,Docklands Stadium,2,4.2,Melbourne Renegades,Brisbane Heat,CL White,MS Harris,Shadab Khan,1,0,,,,,,,,,
1114861,2017/18,2017-12-23,Docklands Stadium,2,4.3,Melbourne Renegades,Brisbane Heat,MS Harris,CL White,Shadab Khan,0,0,,,,,,bowled,MS Harris,,
1114861,2017/18,2017-12-23,Docklands Stadium,2,4.4,Melbourne Renegades,Brisbane Heat,TLW Cooper,CL White,Shadab Khan,0,0,,,,,,,,,
1114861,2017/18,2017-12-23,Docklands Stadium,2,4.5,Melbourne Renegades,Brisbane Heat,TLW Cooper,CL White,Shadab Khan,1,0,,,,,,,,,
1114861,2017/18,2017-12-23,Docklands Stadium,2,4.6,Melbourne Renegades,Brisbane Heat,CL White,TLW Cooper,Shadab Khan,0,0,,,,,,,,,
1114861,2017/18,2017-12-23,Docklands Stadium,2,5.1,Melbourne Renegades,Brisbane Heat,TLW Cooper,CL White,B Doggett,0,1,,,,1,,,,,
1114861,2017/18,2017-12-23,Docklands Stadium,2,5.2,Melbourne Renegades,Brisbane Heat,CL White,TLW Cooper,B Doggett,0,1,,1,,,,,,,
1114861,2017/18,2017-12-23,Docklands Stadium,2,5.3,Melbourne Renegades,Brisbane Heat,CL White,TLW Cooper,B Doggett,4,0,,,,,,,,,
1114861,2017/18,2017-12-23,Docklands Stadium,2,5.4,Melbourne Renegades,Brisbane Heat,CL White,TLW Cooper,B Doggett,0,0,,,,,,,,,
1114861,2017/18,2017-12-23,Docklands Stadium,2,5.5,Melbourne Renegades,Brisbane Heat,CL White,TLW Cooper,B Doggett,4,0,,,,,,,,,
1114861,2017/18,2017-12-23,Docklands Stadium,2,5.6,Melbourne Renegades,Brisbane Heat,CL White,TLW Cooper,B Doggett,0,0,,,,,,,,,
1114861,2017/18,2017-12-23,Docklands Stadium,2,5.7,Melbourne Renegades,Brisbane Heat,CL White,TLW Cooper,B Doggett,0,0,,,,,,,,,
1114861,2017/18,2017-12-23,Docklands Stadium,2,6.1,Melbourne Renegades,Brisbane Heat,TLW Cooper,CL White,MJ Swepson,1,0,,,,,,,,,
1114861,2017/18,2017-12-23,Docklands Stadium,2,6.2,Melbourne Renegades,Brisbane Heat,CL White,TLW Cooper,MJ Swepson,0,1,,,,1,,,,,
1114861,2017/18,2017-12-23,Docklands Stadium,2,6.3,Melbourne Renegades,Brisbane Heat,TLW Cooper,CL White,MJ Swepson,0,0,,,,,,,,,
1114861,2017/18,2017-12-23,Docklands Stadium,2,6.4,Melbourne Renegades,Brisbane Heat,TLW Cooper,CL White,MJ Swepson,0,0,,,,,,,,,
1114861,2017/18,2017-12-23,Docklands Stadium,2,6.5,Melbourne Renegades,Brisbane Heat,TLW Cooper,CL White,MJ Swepson,0,0,,,,,,,,,
1114861,2017/18,2017-12-23,Docklands Stadium,2,6.6,Melbourne Renegades,Brisbane Heat,TLW Cooper,CL White,MJ Swepson,0,0,,,,,,,,,
1114861,2017/18,2017-12-23,Docklands Stadium,2,7.1,Melbourne Renegades,Brisbane Heat,CL White,TLW Cooper,JK Lalor,0,0,,,,,,,,,
1114861,2017/18,2017-12-23,Docklands Stadium,2,7.2,Melbourne Renegades,Brisbane Heat,CL White,TLW Cooper,JK Lalor,4,0,,,,,,,,,
1114861,2017/18,2017-12-23,Docklands Stadium,2,7.3,Melbourne Renegades,Brisbane Heat,CL White,TLW Cooper,JK Lalor,1,0,,,,,,,,,
1114861,2017/18,2017-12-23,Docklands Stadium,2,7.4,Melbourne Renegades,Brisbane Heat,TLW Cooper,CL White,JK Lalor,0,0,,,,,,,,,
1114861,2017/18,2017-12-23,Docklands Stadium,2,7.5,Melbourne Renegades,Brisbane Heat,TLW Cooper,CL White,JK Lalor,1,0,,,,,,,,,
1114861,2017/18,2017-12-23,Docklands Stadium,2,7.6,Melbourne Renegades,Brisbane Heat,CL White,TLW Cooper,JK Lalor,1,0,,,,,,,,,
1114861,2017/18,2017-12-23,Docklands Stadium,2,8.1,Melbourne Renegades,Brisbane Heat,CL White,TLW Cooper,MJ Swepson,6,0,,,,,,,,,
1114861,2017/18,2017-12-23,Docklands Stadium,2,8.2,Melbourne Renegades,Brisbane Heat,CL White,TLW Cooper,MJ Swepson,1,0,,,,,,,,,
1114861,2017/18,2017-12-23,Docklands Stadium,2,8.3,Melbourne Renegades,Brisbane Heat,TLW Cooper,CL White,MJ Swepson,1,0,,,,,,,,,
1114861,2017/18,2017-12-23,Docklands Stadium,2,8.4,Melbourne Renegades,Brisbane Heat,CL White,TLW Cooper,MJ Swepson,0,0,,,,,,,,,
1114861,2017/18,2017-12-23,Docklands Stadium,2,8.5,Melbourne Renegades,Brisbane Heat,CL White,TLW Cooper,MJ Swepson,1,0,,,,,,,,,
1114861,2017/18,2017-12-23,Docklands Stadium,2,8.6,Melbourne Renegades,Brisbane Heat,TLW Cooper,CL White,MJ Swepson,0,0,,,,,,,,,
1114861,2017/18,2017-12-23,Docklands Stadium,2,9.1,Melbourne Renegades,Brisbane Heat,CL White,TLW Cooper,JK Lalor,0,0,,,,,,,,,
1114861,2017/18,2017-12-23,Docklands Stadium,2,9.2,Melbourne Renegades,Brisbane Heat,CL White,TLW Cooper,JK Lalor,1,0,,,,,,,,,
1114861,2017/18,2017-12-23,Docklands Stadium,2,9.3,Melbourne Renegades,Brisbane Heat,TLW Cooper,CL White,JK Lalor,1,0,,,,,,,,,
1114861,2017/18,2017-12-23,Docklands Stadium,2,9.4,Melbourne Renegades,Brisbane Heat,CL White,TLW Cooper,JK Lalor,1,0,,,,,,,,,
1114861,2017/18,2017-12-23,Docklands Stadium,2,9.5,Melbourne Renegades,Brisbane Heat,TLW Cooper,CL White,JK Lalor,0,0,,,,,,,,,
1114861,2017/18,2017-12-23,Docklands Stadium,2,9.6,Melbourne Renegades,Brisbane Heat,TLW Cooper,CL White,JK Lalor,2,0,,,,,,,,,
1114861,2017/18,2017-12-23,Docklands Stadium,2,10.1,Melbourne Renegades,Brisbane Heat,CL White,TLW Cooper,Shadab Khan,1,0,,,,,,,,,
1114861,2017/18,2017-12-23,Docklands Stadium,2,10.2,Melbourne Renegades,Brisbane Heat,TLW Cooper,CL White,Shadab Khan,0,0,,,,,,,,,
1114861,2017/18,2017-12-23,Docklands Stadium,2,10.3,Melbourne Renegades,Brisbane Heat,TLW Cooper,CL White,Shadab Khan,1,0,,,,,,,,,
1114861,2017/18,2017-12-23,Docklands Stadium,2,10.4,Melbourne Renegades,Brisbane Heat,CL White,TLW Cooper,Shadab Khan,0,0,,,,,,,,,
1114861,2017/18,2017-12-23,Docklands Stadium,2,10.5,Melbourne Renegades,Brisbane Heat,CL White,TLW Cooper,Shadab Khan,1,0,,,,,,,,,
1114861,2017/18,2017-12-23,Docklands Stadium,2,10.6,Melbourne Renegades,Brisbane Heat,TLW Cooper,CL White,Shadab Khan,0,0,,,,,,,,,
1114861,2017/18,2017-12-23,Docklands Stadium,2,11.1,Melbourne Renegades,Brisbane Heat,CL White,TLW Cooper,MT Steketee,1,0,,,,,,,,,
1114861,2017/18,2017-12-23,Docklands Stadium,2,11.2,Melbourne Renegades,Brisbane Heat,TLW Cooper,CL White,MT Steketee,1,0,,,,,,,,,
1114861,2017/18,2017-12-23,Docklands Stadium,2,11.3,Melbourne Renegades,Brisbane Heat,CL White,TLW Cooper,MT Steketee,0,0,,,,,,,,,
1114861,2017/18,2017-12-23,Docklands Stadium,2,11.4,Melbourne Renegades,Brisbane Heat,CL White,TLW Cooper,MT Steketee,1,0,,,,,,,,,
1114861,2017/18,2017-12-23,Docklands Stadium,2,11.5,Melbourne Renegades,Brisbane Heat,TLW Cooper,CL White,MT Steketee,4,0,,,,,,,,,
1114861,2017/18,2017-12-23,Docklands Stadium,2,11.6,Melbourne Renegades,Brisbane Heat,TLW Cooper,CL White,MT Steketee,0,0,,,,,,,,,
1114861,2017/18,2017-12-23,Docklands Stadium,2,12.1,Melbourne Renegades,Brisbane Heat,CL White,TLW Cooper,MJ Swepson,2,0,,,,,,,,,
1114861,2017/18,2017-12-23,Docklands Stadium,2,12.2,Melbourne Renegades,Brisbane Heat,CL White,TLW Cooper,MJ Swepson,2,0,,,,,,,,,
1114861,2017/18,2017-12-23,Docklands Stadium,2,12.3,Melbourne Renegades,Brisbane Heat,CL White,TLW Cooper,MJ Swepson,0,0,,,,,,,,,
1114861,2017/18,2017-12-23,Docklands Stadium,2,12.4,Melbourne Renegades,Brisbane Heat,CL White,TLW Cooper,MJ Swepson,0,0,,,,,,,,,
1114861,2017/18,2017-12-23,Docklands Stadium,2,12.5,Melbourne Renegades,Brisbane Heat,CL White,TLW Cooper,MJ Swepson,1,0,,,,,,,,,
1114861,2017/18,2017-12-23,Docklands Stadium,2,12.6,Melbourne Renegades,Brisbane Heat,TLW Cooper,CL White,MJ Swepson,0,0,,,,,,,,,
1114861,2017/18,2017-12-23,Docklands Stadium,2,13.1,Melbourne Renegades,Brisbane Heat,CL White,TLW Cooper,B Doggett,1,0,,,,,,,,,
1114861,2017/18,2017-12-23,Docklands Stadium,2,13.2,Melbourne Renegades,Brisbane Heat,TLW Cooper,CL White,B Doggett,6,0,,,,,,,,,
1114861,2017/18,2017-12-23,Docklands Stadium,2,13.3,Melbourne Renegades,Brisbane Heat,TLW Cooper,CL White,B Doggett,3,0,,,,,,,,,
1114861,2017/18,2017-12-23,Docklands Stadium,2,13.4,Melbourne Renegades,Brisbane Heat,CL White,TLW Cooper,B Doggett,0,0,,,,,,,,,
1114861,2017/18,2017-12-23,Docklands Stadium,2,13.5,Melbourne Renegades,Brisbane Heat,CL White,TLW Cooper,B Doggett,1,0,,,,,,,,,
1114861,2017/18,2017-12-23,Docklands Stadium,2,13.6,Melbourne Renegades,Brisbane Heat,TLW Cooper,CL White,B Doggett,2,0,,,,,,,,,
1114861,2017/18,2017-12-23,Docklands Stadium,2,14.1,Melbourne Renegades,Brisbane Heat,CL White,TLW Cooper,M Labuschagne,1,0,,,,,,,,,
1114861,2017/18,2017-12-23,Docklands Stadium,2,14.2,Melbourne Renegades,Brisbane Heat,TLW Cooper,CL White,M Labuschagne,0,0,,,,,,,,,
1114861,2017/18,2017-12-23,Docklands Stadium,2,14.3,Melbourne Renegades,Brisbane Heat,TLW Cooper,CL White,M Labuschagne,0,0,,,,,,,,,
1114861,2017/18,2017-12-23,Docklands Stadium,2,14.4,Melbourne Renegades,Brisbane Heat,TLW Cooper,CL White,M Labuschagne,2,0,,,,,,,,,
1114861,2017/18,2017-12-23,Docklands Stadium,2,14.5,Melbourne Renegades,Brisbane Heat,TLW Cooper,CL White,M Labuschagne,0,0,,,,,,,,,
1114861,2017/18,2017-12-23,Docklands Stadium,2,14.6,Melbourne Renegades,Brisbane Heat,TLW Cooper,CL White,M Labuschagne,2,0,,,,,,,,,
1114861,2017/18,2017-12-23,Docklands Stadium,2,15.1,Melbourne Renegades,Brisbane Heat,CL White,TLW Cooper,MJ Swepson,6,0,,,,,,,,,
1114861,2017/18,2017-12-23,Docklands Stadium,2,15.2,Melbourne Renegades,Brisbane Heat,CL White,TLW Cooper,MJ Swepson,0,0,,,,,,,,,
1114861,2017/18,2017-12-23,Docklands Stadium,2,15.3,Melbourne Renegades,Brisbane Heat,CL White,TLW Cooper,MJ Swepson,1,0,,,,,,,,,
1114861,2017/18,2017-12-23,Docklands Stadium,2,15.4,Melbourne Renegades,Brisbane Heat,TLW Cooper,CL White,MJ Swepson,2,0,,,,,,,,,
1114861,2017/18,2017-12-23,Docklands Stadium,2,15.5,Melbourne Renegades,Brisbane Heat,TLW Cooper,CL White,MJ Swepson,0,0,,,,,,,,,
1114861,2017/18,2017-12-23,Docklands Stadium,2,15.6,Melbourne Renegades,Brisbane Heat,TLW Cooper,CL White,MJ Swepson,1,0,,,,,,,,,
1114861,2017/18,2017-12-23,Docklands Stadium,2,16.1,Melbourne Renegades,Brisbane Heat,TLW Cooper,CL White,BCJ Cutting,2,0,,,,,,,,,
1114861,2017/18,2017-12-23,Docklands Stadium,2,16.2,Melbourne Renegades,Brisbane Heat,TLW Cooper,CL White,BCJ Cutting,0,1,1,,,,,,,,
1114861,2017/18,2017-12-23,Docklands Stadium,2,16.3,Melbourne Renegades,Brisbane Heat,TLW Cooper,CL White,BCJ Cutting,4,0,,,,,,,,,
1114861,2017/18,2017-12-23,Docklands Stadium,2,16.4,Melbourne Renegades,Brisbane Heat,TLW Cooper,CL White,BCJ Cutting,2,0,,,,,,,,,
1114861,2017/18,2017-12-23,Docklands Stadium,2,16.5,Melbourne Renegades,Brisbane Heat,TLW Cooper,CL White,BCJ Cutting,2,0,,,,,,,,,
1114861,2017/18,2017-12-23,Docklands Stadium,2,16.6,Melbourne Renegades,Brisbane Heat,TLW Cooper,CL White,BCJ Cutting,1,0,,,,,,,,,
1114861,2017/18,2017-12-23,Docklands Stadium,2,16.7,Melbourne Renegades,Brisbane Heat,CL White,TLW Cooper,BCJ Cutting,0,0,,,,,,caught,CL White,,
1114861,2017/18,2017-12-23,Docklands Stadium,2,17.1,Melbourne Renegades,Brisbane Heat,TLW Cooper,BJ Hodge,JK Lalor,1,0,,,,,,,,,
1114861,2017/18,2017-12-23,Docklands Stadium,2,17.2,Melbourne Renegades,Brisbane Heat,BJ Hodge,TLW Cooper,JK Lalor,1,0,,,,,,,,,
1114861,2017/18,2017-12-23,Docklands Stadium,2,17.3,Melbourne Renegades,Brisbane Heat,TLW Cooper,BJ Hodge,JK Lalor,1,0,,,,,,,,,
1114861,2017/18,2017-12-23,Docklands Stadium,2,17.4,Melbourne Renegades,Brisbane Heat,BJ Hodge,TLW Cooper,JK Lalor,1,0,,,,,,,,,
1114861,2017/18,2017-12-23,Docklands Stadium,2,17.5,Melbourne Renegades,Brisbane Heat,TLW Cooper,BJ Hodge,JK Lalor,0,0,,,,,,,,,
1114861,2017/18,2017-12-23,Docklands Stadium,2,17.6,Melbourne Renegades,Brisbane Heat,TLW Cooper,BJ Hodge,JK Lalor,1,0,,,,,,,,,
1114861,2017/18,2017-12-23,Docklands Stadium,2,18.1,Melbourne Renegades,Brisbane Heat,TLW Cooper,BJ Hodge,MT Steketee,1,0,,,,,,,,,
1114861,2017/18,2017-12-23,Docklands Stadium,2,18.2,Melbourne Renegades,Brisbane Heat,BJ Hodge,TLW Cooper,MT Steketee,6,0,,,,,,,,,
1114861,2017/18,2017-12-23,Docklands Stadium,2,18.3,Melbourne Renegades,Brisbane Heat,BJ Hodge,TLW Cooper,MT Steketee,1,0,,,,,,,,,
1114861,2017/18,2017-12-23,Docklands Stadium,2,18.4,Melbourne Renegades,Brisbane Heat,TLW Cooper,BJ Hodge,MT Steketee,6,0,,,,,,,,,
