match_id,season,start_date,venue,innings,ball,batting_team,bowling_team,striker,non_striker,bowler,runs_off_bat,extras,wides,noballs,byes,legbyes,penalty,wicket_type,player_dismissed,other_wicket_type,other_player_dismissed
1114889,2017/18,2018-01-20,W.A.C.A. Ground,1,0.1,Hobart Hurricanes,Perth Scorchers,MS Wade,DJM Short,MG Johnson,0,0,,,,,,,,,
1114889,2017/18,2018-01-20,W.A.C.A. Ground,1,0.2,Hobart Hurricanes,Perth Scorchers,MS Wade,DJM Short,MG Johnson,0,1,1,,,,,,,,
1114889,2017/18,2018-01-20,W.A.C.A. Ground,1,0.3,Hobart Hurricanes,Perth Scorchers,MS Wade,DJM Short,MG Johnson,1,0,,,,,,,,,
1114889,2017/18,2018-01-20,W.A.C.A. Ground,1,0.4,Hobart Hurricanes,Perth Scorchers,DJM Short,MS Wade,MG Johnson,1,0,,,,,,,,,
1114889,2017/18,2018-01-20,W.A.C.A. Ground,1,0.5,Hobart Hurricanes,Perth Scorchers,MS Wade,DJM Short,MG Johnson,0,0,,,,,,,,,
1114889,2017/18,2018-01-20,W.A.C.A. Ground,1,0.6,Hobart Hurricanes,Perth Scorchers,MS Wade,DJM Short,MG Johnson,1,0,,,,,,,,,
1114889,2017/18,2018-01-20,W.A.C.A. Ground,1,0.7,Hobart Hurricanes,Perth Scorchers,DJM Short,MS Wade,MG Johnson,0,0,,,,,,,,,
1114889,2017/18,2018-01-20,W.A.C.A. Ground,1,1.1,Hobart Hurricanes,Perth Scorchers,MS Wade,DJM Short,JS Paris,0,0,,,,,,,,,
1114889,2017/18,2018-01-20,W.A.C.A. Ground,1,1.2,Hobart Hurricanes,Perth Scorchers,MS Wade,DJM Short,JS Paris,4,0,,,,,,,,,
1114889,2017/18,2018-01-20,W.A.C.A. Ground,1,1.3,Hobart Hurricanes,Perth Scorchers,MS Wade,DJM Short,JS Paris,6,0,,,,,,,,,
1114889,2017/18,2018-01-20,W.A.C.A. Ground,1,1.4,Hobart Hurricanes,Perth Scorchers,MS Wade,DJM Short,JS Paris,4,0,,,,,,,,,
1114889,2017/18,2018-01-20,W.A.C.A. Ground,1,1.5,Hobart Hurricanes,Perth Scorchers,MS Wade,DJM Short,JS Paris,4,0,,,,,,,,,
1114889,2017/18,2018-01-20,W.A.C.A. Ground,1,1.6,Hobart Hurricanes,Perth Scorchers,MS Wade,DJM Short,JS Paris,4,0,,,,,,,,,
1114889,2017/18,2018-01-20,W.A.C.A. Ground,1,2.1,Hobart Hurricanes,Perth Scorchers,DJM Short,MS Wade,MG Johnson,0,0,,,,,,,,,
1114889,2017/18,2018-01-20,W.A.C.A. Ground,1,2.2,Hobart Hurricanes,Perth Scorchers,DJM Short,MS Wade,MG Johnson,1,0,,,,,,,,,
1114889,2017/18,2018-01-20,W.A.C.A. Ground,1,2.3,Hobart Hurricanes,Perth Scorchers,MS Wade,DJM Short,MG Johnson,2,0,,,,,,,,,
1114889,2017/18,2018-01-20,W.A.C.A. Ground,1,2.4,Hobart Hurricanes,Perth Scorchers,MS Wade,DJM Short,MG Johnson,1,0,,,,,,,,,
1114889,2017/18,2018-01-20,W.A.C.A. Ground,1,2.5,Hobart Hurricanes,Perth Scorchers,DJM Short,MS Wade,MG Johnson,0,1,1,,,,,,,,
1114889,2017/18,2018-01-20,W.A.C.A. Ground,1,2.6,Hobart Hurricanes,Perth Scorchers,DJM Short,MS Wade,MG Johnson,0,0,,,,,,,,,
1114889,2017/18,2018-01-20,W.A.C.A. Ground,1,2.7,Hobart Hurricanes,Perth Scorchers,DJM Short,MS Wade,MG Johnson,4,0,,,,,,,,,
1114889,2017/18,2018-01-20,W.A.C.A. Ground,1,3.1,Hobart Hurricanes,Perth Scorchers,MS Wade,DJM Short,M Kelly,0,1,1,,,,,,,,
1114889,2017/18,2018-01-20,W.A.C.A. Ground,1,3.2,Hobart Hurricanes,Perth Scorchers,MS Wade,DJM Short,M Kelly,4,0,,,,,,,,,
1114889,2017/18,2018-01-20,W.A.C.A. Ground,1,3.3,Hobart Hurricanes,Perth Scorchers,MS Wade,DJM Short,M Kelly,0,0,,,,,,,,,
1114889,2017/18,2018-01-20,W.A.C.A. Ground,1,3.4,Hobart Hurricanes,Perth Scorchers,MS Wade,DJM Short,M Kelly,0,0,,,,,,,,,
1114889,2017/18,2018-01-20,W.A.C.A. Ground,1,3.5,Hobart Hurricanes,Perth Scorchers,MS Wade,DJM Short,M Kelly,0,1,,,,1,,,,,
1114889,2017/18,2018-01-20,W.A.C.A. Ground,1,3.6,Hobart Hurricanes,Perth Scorchers,DJM Short,MS Wade,M Kelly,0,0,,,,,,,,,
1114889,2017/18,2018-01-20,W.A.C.A. Ground,1,3.7,Hobart Hurricanes,Perth Scorchers,DJM Short,MS Wade,M Kelly,0,0,,,,,,,,,
1114889,2017/18,2018-01-20,W.A.C.A. Ground,1,4.1,Hobart Hurricanes,Perth Scorchers,MS Wade,DJM Short,JS Paris,0,0,,,,,,caught,MS Wade,,
1114889,2017/18,2018-01-20,W.A.C.A. Ground,1,4.2,Hobart Hurricanes,Perth Scorchers,GJ Bailey,DJM Short,JS Paris,4,0,,,,,,,,,
1114889,2017/18,2018-01-20,W.A.C.A. Ground,1,4.3,Hobart Hurricanes,Perth Scorchers,GJ Bailey,DJM Short,JS Paris,0,0,,,,,,,,,
1114889,2017/18,2018-01-20,W.A.C.A. Ground,1,4.4,Hobart Hurricanes,Perth Scorchers,GJ Bailey,DJM Short,JS Paris,1,0,,,,,,,,,
1114889,2017/18,2018-01-20,W.A.C.A. Ground,1,4.5,Hobart Hurricanes,Perth Scorchers,DJM Short,GJ Bailey,JS Paris,0,0,,,,,,,,,
1114889,2017/18,2018-01-20,W.A.C.A. Ground,1,4.6,Hobart Hurricanes,Perth Scorchers,DJM Short,GJ Bailey,JS Paris,1,0,,,,,,,,,
1114889,2017/18,2018-01-20,W.A.C.A. Ground,1,5.1,Hobart Hurricanes,Perth Scorchers,DJM Short,GJ Bailey,M Kelly,4,0,,,,,,,,,
1114889,2017/18,2018-01-20,W.A.C.A. Ground,1,5.2,Hobart Hurricanes,Perth Scorchers,DJM Short,GJ Bailey,M Kelly,0,0,,,,,,,,,
1114889,2017/18,2018-01-20,W.A.C.A. Ground,1,5.3,Hobart Hurricanes,Perth Scorchers,DJM Short,GJ Bailey,M Kelly,0,0,,,,,,caught,DJM Short,,
1114889,2017/18,2018-01-20,W.A.C.A. Ground,1,5.4,Hobart Hurricanes,Perth Scorchers,BR McDermott,GJ Bailey,M Kelly,0,0,,,,,,,,,
1114889,2017/18,2018-01-20,W.A.C.A. Ground,1,5.5,Hobart Hurricanes,Perth Scorchers,BR McDermott,GJ Bailey,M Kelly,0,0,,,,,,,,,
1114889,2017/18,2018-01-20,W.A.C.A. Ground,1,5.6,Hobart Hurricanes,Perth Scorchers,BR McDermott,GJ Bailey,M Kelly,0,0,,,,,,,,,
1114889,2017/18,2018-01-20,W.A.C.A. Ground,1,6.1,Hobart Hurricanes,Perth Scorchers,GJ Bailey,BR McDermott,AC Agar,0,0,,,,,,,,,
1114889,2017/18,2018-01-20,W.A.C.A. Ground,1,6.2,Hobart Hurricanes,Perth Scorchers,GJ Bailey,BR McDermott,AC Agar,0,0,,,,,,,,,
1114889,2017/18,2018-01-20,W.A.C.A. Ground,1,6.3,Hobart Hurricanes,Perth Scorchers,GJ Bailey,BR McDermott,AC Agar,0,0,,,,,,,,,
1114889,2017/18,2018-01-20,W.A.C.A. Ground,1,6.4,Hobart Hurricanes,Perth Scorchers,GJ Bailey,BR McDermott,AC Agar,0,0,,,,,,,,,
1114889,2017/18,2018-01-20,W.A.C.A. Ground,1,6.5,Hobart Hurricanes,Perth Scorchers,GJ Bailey,BR McDermott,AC Agar,0,0,,,,,,,,,
1114889,2017/18,2018-01-20,W.A.C.A. Ground,1,6.6,Hobart Hurricanes,Perth Scorchers,GJ Bailey,BR McDermott,AC Agar,0,0,,,,,,,,,
1114889,2017/18,2018-01-20,W.A.C.A. Ground,1,7.1,Hobart Hurricanes,Perth Scorchers,BR McDermott,GJ Bailey,TT Bresnan,1,0,,,,,,,,,
1114889,2017/18,2018-01-20,W.A.C.A. Ground,1,7.2,Hobart Hurricanes,Perth Scorchers,GJ Bailey,BR McDermott,TT Bresnan,4,0,,,,,,,,,
1114889,2017/18,2018-01-20,W.A.C.A. Ground,1,7.3,Hobart Hurricanes,Perth Scorchers,GJ Bailey,BR McDermott,TT Bresnan,0,0,,,,,,,,,
1114889,2017/18,2018-01-20,W.A.C.A. Ground,1,7.4,Hobart Hurricanes,Perth Scorchers,GJ Bailey,BR McDermott,TT Bresnan,1,0,,,,,,,,,
1114889,2017/18,2018-01-20,W.A.C.A. Ground,1,7.5,Hobart Hurricanes,Perth Scorchers,BR McDermott,GJ Bailey,TT Bresnan,0,0,,,,,,,,,
1114889,2017/18,2018-01-20,W.A.C.A. Ground,1,7.6,Hobart Hurricanes,Perth Scorchers,BR McDermott,GJ Bailey,TT Bresnan,4,0,,,,,,,,,
1114889,2017/18,2018-01-20,W.A.C.A. Ground,1,8.1,Hobart Hurricanes,Perth Scorchers,GJ Bailey,BR McDermott,AC Agar,0,0,,,,,,,,,
1114889,2017/18,2018-01-20,W.A.C.A. Ground,1,8.2,Hobart Hurricanes,Perth Scorchers,GJ Bailey,BR McDermott,AC Agar,1,0,,,,,,,,,
1114889,2017/18,2018-01-20,W.A.C.A. Ground,1,8.3,Hobart Hurricanes,Perth Scorchers,BR McDermott,GJ Bailey,AC Agar,0,0,,,,,,,,,
1114889,2017/18,2018-01-20,W.A.C.A. Ground,1,8.4,Hobart Hurricanes,Perth Scorchers,BR McDermott,GJ Bailey,AC Agar,0,0,,,,,,,,,
1114889,2017/18,2018-01-20,W.A.C.A. Ground,1,8.5,Hobart Hurricanes,Perth Scorchers,BR McDermott,GJ Bailey,AC Agar,0,0,,,,,,,,,
1114889,2017/18,2018-01-20,W.A.C.A. Ground,1,8.6,Hobart Hurricanes,Perth Scorchers,BR McDermott,GJ Bailey,AC Agar,1,0,,,,,,,,,
1114889,2017/18,2018-01-20,W.A.C.A. Ground,1,9.1,Hobart Hurricanes,Perth Scorchers,BR McDermott,GJ Bailey,TT Bresnan,0,0,,,,,,,,,
1114889,2017/18,2018-01-20,W.A.C.A. Ground,1,9.2,Hobart Hurricanes,Perth Scorchers,BR McDermott,GJ Bailey,TT Bresnan,1,0,,,,,,,,,
1114889,2017/18,2018-01-20,W.A.C.A. Ground,1,9.3,Hobart Hurricanes,Perth Scorchers,GJ Bailey,BR McDermott,TT Bresnan,1,0,,,,,,,,,
1114889,2017/18,2018-01-20,W.A.C.A. Ground,1,9.4,Hobart Hurricanes,Perth Scorchers,BR McDermott,GJ Bailey,TT Bresnan,0,0,,,,,,,,,
1114889,2017/18,2018-01-20,W.A.C.A. Ground,1,9.5,Hobart Hurricanes,Perth Scorchers,BR McDermott,GJ Bailey,TT Bresnan,1,0,,,,,,,,,
1114889,2017/18,2018-01-20,W.A.C.A. Ground,1,9.6,Hobart Hurricanes,Perth Scorchers,GJ Bailey,BR McDermott,TT Bresnan,0,0,,,,,,,,,
1114889,2017/18,2018-01-20,W.A.C.A. Ground,1,10.1,Hobart Hurricanes,Perth Scorchers,BR McDermott,GJ Bailey,AC Agar,0,0,,,,,,stumped,BR McDermott,,
1114889,2017/18,2018-01-20,W.A.C.A. Ground,1,10.2,Hobart Hurricanes,Perth Scorchers,DT Christian,GJ Bailey,AC Agar,1,0,,,,,,,,,
1114889,2017/18,2018-01-20,W.A.C.A. Ground,1,10.3,Hobart Hurricanes,Perth Scorchers,GJ Bailey,DT Christian,AC Agar,1,0,,,,,,,,,
1114889,2017/18,2018-01-20,W.A.C.A. Ground,1,10.4,Hobart Hurricanes,Perth Scorchers,DT Christian,GJ Bailey,AC Agar,0,0,,,,,,bowled,DT Christian,,
1114889,2017/18,2018-01-20,W.A.C.A. Ground,1,10.5,Hobart Hurricanes,Perth Scorchers,S Milenko,GJ Bailey,AC Agar,1,0,,,,,,,,,
1114889,2017/18,2018-01-20,W.A.C.A. Ground,1,10.6,Hobart Hurricanes,Perth Scorchers,GJ Bailey,S Milenko,AC Agar,0,0,,,,,,,,,
1114889,2017/18,2018-01-20,W.A.C.A. Ground,1,11.1,Hobart Hurricanes,Perth Scorchers,S Milenko,GJ Bailey,TT Bresnan,1,0,,,,,,,,,
1114889,2017/18,2018-01-20,W.A.C.A. Ground,1,11.2,Hobart Hurricanes,Perth Scorchers,GJ Bailey,S Milenko,TT Bresnan,2,0,,,,,,,,,
1114889,2017/18,2018-01-20,W.A.C.A. Ground,1,11.3,Hobart Hurricanes,Perth Scorchers,GJ Bailey,S Milenko,TT Bresnan,4,0,,,,,,,,,
1114889,2017/18,2018-01-20,W.A.C.A. Ground,1,11.4,Hobart Hurricanes,Perth Scorchers,GJ Bailey,S Milenko,TT Bresnan,0,0,,,,,,,,,
1114889,2017/18,2018-01-20,W.A.C.A. Ground,1,11.5,Hobart Hurricanes,Perth Scorchers,GJ Bailey,S Milenko,TT Bresnan,2,0,,,,,,,,,
1114889,2017/18,2018-01-20,W.A.C.A. Ground,1,11.6,Hobart Hurricanes,Perth Scorchers,GJ Bailey,S Milenko,TT Bresnan,0,0,,,,,,,,,
1114889,2017/18,2018-01-20,W.A.C.A. Ground,1,12.1,Hobart Hurricanes,Perth Scorchers,S Milenko,GJ Bailey,AC Agar,2,0,,,,,,,,,
1114889,2017/18,2018-01-20,W.A.C.A. Ground,1,12.2,Hobart Hurricanes,Perth Scorchers,S Milenko,GJ Bailey,AC Agar,0,0,,,,,,,,,
1114889,2017/18,2018-01-20,W.A.C.A. Ground,1,12.3,Hobart Hurricanes,Perth Scorchers,S Milenko,GJ Bailey,AC Agar,0,0,,,,,,,,,
1114889,2017/18,2018-01-20,W.A.C.A. Ground,1,12.4,Hobart Hurricanes,Perth Scorchers,S Milenko,GJ Bailey,AC Agar,0,0,,,,,,,,,
1114889,2017/18,2018-01-20,W.A.C.A. Ground,1,12.5,Hobart Hurricanes,Perth Scorchers,S Milenko,GJ Bailey,AC Agar,6,0,,,,,,,,,
1114889,2017/18,2018-01-20,W.A.C.A. Ground,1,12.6,Hobart Hurricanes,Perth Scorchers,S Milenko,GJ Bailey,AC Agar,1,0,,,,,,,,,
1114889,2017/18,2018-01-20,W.A.C.A. Ground,1,13.1,Hobart Hurricanes,Perth Scorchers,S Milenko,GJ Bailey,M Kelly,1,0,,,,,,,,,
1114889,2017/18,2018-01-20,W.A.C.A. Ground,1,13.2,Hobart Hurricanes,Perth Scorchers,GJ Bailey,S Milenko,M Kelly,4,0,,,,,,,,,
1114889,2017/18,2018-01-20,W.A.C.A. Ground,1,13.3,Hobart Hurricanes,Perth Scorchers,GJ Bailey,S Milenko,M Kelly,2,0,,,,,,,,,
1114889,2017/18,2018-01-20,W.A.C.A. Ground,1,13.4,Hobart Hurricanes,Perth Scorchers,GJ Bailey,S Milenko,M Kelly,1,0,,,,,,,,,
1114889,2017/18,2018-01-20,W.A.C.A. Ground,1,13.5,Hobart Hurricanes,Perth Scorchers,S Milenko,GJ Bailey,M Kelly,1,0,,,,,,,,,
1114889,2017/18,2018-01-20,W.A.C.A. Ground,1,13.6,Hobart Hurricanes,Perth Scorchers,GJ Bailey,S Milenko,M Kelly,1,0,,,,,,,,,
1114889,2017/18,2018-01-20,W.A.C.A. Ground,1,14.1,Hobart Hurricanes,Perth Scorchers,GJ Bailey,S Milenko,MG Johnson,1,0,,,,,,,,,
1114889,2017/18,2018-01-20,W.A.C.A. Ground,1,14.2,Hobart Hurricanes,Perth Scorchers,S Milenko,GJ Bailey,MG Johnson,6,0,,,,,,,,,
1114889,2017/18,2018-01-20,W.A.C.A. Ground,1,14.3,Hobart Hurricanes,Perth Scorchers,S Milenko,GJ Bailey,MG Johnson,0,0,,,,,,,,,
1114889,2017/18,2018-01-20,W.A.C.A. Ground,1,14.4,Hobart Hurricanes,Perth Scorchers,S Milenko,GJ Bailey,MG Johnson,0,0,,,,,,,,,
1114889,2017/18,2018-01-20,W.A.C.A. Ground,1,14.5,Hobart Hurricanes,Perth Scorchers,S Milenko,GJ Bailey,MG Johnson,2,0,,,,,,,,,
1114889,2017/18,2018-01-20,W.A.C.A. Ground,1,14.6,Hobart Hurricanes,Perth Scorchers,S Milenko,GJ Bailey,MG Johnson,1,0,,,,,,,,,
1114889,2017/18,2018-01-20,W.A.C.A. Ground,1,15.1,Hobart Hurricanes,Perth Scorchers,S Milenko,GJ Bailey,TT Bresnan,6,0,,,,,,,,,
1114889,2017/18,2018-01-20,W.A.C.A. Ground,1,15.2,Hobart Hurricanes,Perth Scorchers,S Milenko,GJ Bailey,TT Bresnan,1,0,,,,,,,,,
1114889,2017/18,2018-01-20,W.A.C.A. Ground,1,15.3,Hobart Hurricanes,Perth Scorchers,GJ Bailey,S Milenko,TT Bresnan,0,1,1,,,,,,,,
1114889,2017/18,2018-01-20,W.A.C.A. Ground,1,15.4,Hobart Hurricanes,Perth Scorchers,GJ Bailey,S Milenko,TT Bresnan,1,0,,,,,,,,,
1114889,2017/18,2018-01-20,W.A.C.A. Ground,1,15.5,Hobart Hurricanes,Perth Scorchers,S Milenko,GJ Bailey,TT Bresnan,1,1,,1,,,,,,,
1114889,2017/18,2018-01-20,W.A.C.A. Ground,1,15.6,Hobart Hurricanes,Perth Scorchers,GJ Bailey,S Milenko,TT Bresnan,4,0,,,,,,,,,
1114889,2017/18,2018-01-20,W.A.C.A. Ground,1,15.7,Hobart Hurricanes,Perth Scorchers,GJ Bailey,S Milenko,TT Bresnan,1,0,,,,,,,,,
1114889,2017/18,2018-01-20,W.A.C.A. Ground,1,15.8,Hobart Hurricanes,Perth Scorchers,S Milenko,GJ Bailey,TT Bresnan,6,0,,,,,,,,,
1114889,2017/18,2018-01-20,W.A.C.A. Ground,1,16.1,Hobart Hurricanes,Perth Scorchers,GJ Bailey,S Milenko,JS Paris,1,0,,,,,,,,,
1114889,2017/18,2018-01-20,W.A.C.A. Ground,1,16.2,Hobart Hurricanes,Perth Scorchers,S Milenko,GJ Bailey,JS Paris,4,0,,,,,,,,,
1114889,2017/18,2018-01-20,W.A.C.A. Ground,1,16.3,Hobart Hurricanes,Perth Scorchers,S Milenko,GJ Bailey,JS Paris,0,0,,,,,,,,,
1114889,2017/18,2018-01-20,W.A.C.A. Ground,1,16.4,Hobart Hurricanes,Perth Scorchers,S Milenko,GJ Bailey,JS Paris,0,0,,,,,,,,,
1114889,2017/18,2018-01-20,W.A.C.A. Ground,1,16.5,Hobart Hurricanes,Perth Scorchers,S Milenko,GJ Bailey,JS Paris,4,0,,,,,,,,,
1114889,2017/18,2018-01-20,W.A.C.A. Ground,1,16.6,Hobart Hurricanes,Perth Scorchers,S Milenko,GJ Bailey,JS Paris,0,0,,,,,,,,,
1114889,2017/18,2018-01-20,W.A.C.A. Ground,1,17.1,Hobart Hurricanes,Perth Scorchers,GJ Bailey,S Milenko,M Kelly,0,0,,,,,,bowled,GJ Bailey,,
1114889,2017/18,2018-01-20,W.A.C.A. Ground,1,17.2,Hobart Hurricanes,Perth Scorchers,JC Archer,S Milenko,M Kelly,1,0,,,,,,,,,
1114889,2017/18,2018-01-20,W.A.C.A. Ground,1,17.3,Hobart Hurricanes,Perth Scorchers,S Milenko,JC Archer,M Kelly,1,0,,,,,,,,,
1114889,2017/18,2018-01-20,W.A.C.A. Ground,1,17.4,Hobart Hurricanes,Perth Scorchers,JC Archer,S Milenko,M Kelly,0,0,,,,,,,,,
1114889,2017/18,2018-01-20,W.A.C.A. Ground,1,17.5,Hobart Hurricanes,Perth Scorchers,JC Archer,S Milenko,M Kelly,1,0,,,,,,,,,
1114889,2017/18,2018-01-20,W.A.C.A. Ground,1,17.6,Hobart Hurricanes,Perth Scorchers,S Milenko,JC Archer,M Kelly,1,0,,,,,,,,,
1114889,2017/18,2018-01-20,W.A.C.A. Ground,1,18.1,Hobart Hurricanes,Perth Scorchers,S Milenko,JC Archer,MG Johnson,2,0,,,,,,,,,
1114889,2017/18,2018-01-20,W.A.C.A. Ground,1,18.2,Hobart Hurricanes,Perth Scorchers,S Milenko,JC Archer,MG Johnson,0,0,,,,,,,,,
1114889,2017/18,2018-01-20,W.A.C.A. Ground,1,18.3,Hobart Hurricanes,Perth Scorchers,S Milenko,JC Archer,MG Johnson,6,0,,,,,,,,,
1114889,2017/18,2018-01-20,W.A.C.A. Ground,1,18.4,Hobart Hurricanes,Perth Scorchers,S Milenko,JC Archer,MG Johnson,4,0,,,,,,,,,
1114889,2017/18,2018-01-20,W.A.C.A. Ground,1,18.5,Hobart Hurricanes,Perth Scorchers,S Milenko,JC Archer,MG Johnson,0,0,,,,,,,,,
1114889,2017/18,2018-01-20,W.A.C.A. Ground,1,18.6,Hobart Hurricanes,Perth Scorchers,S Milenko,JC Archer,MG Johnson,0,0,,,,,,,,,
1114889,2017/18,2018-01-20,W.A.C.A. Ground,1,19.1,Hobart Hurricanes,Perth Scorchers,JC Archer,S Milenko,JS Paris,1,0,,,,,,,,,
1114889,2017/18,2018-01-20,W.A.C.A. Ground,1,19.2,Hobart Hurricanes,Perth Scorchers,S Milenko,JC Archer,JS Paris,2,0,,,,,,,,,
1114889,2017/18,2018-01-20,W.A.C.A. Ground,1,19.3,Hobart Hurricanes,Perth Scorchers,S Milenko,JC Archer,JS Paris,4,0,,,,,,,,,
1114889,2017/18,2018-01-20,W.A.C.A. Ground,1,19.4,Hobart Hurricanes,Perth Scorchers,S Milenko,JC Archer,JS Paris,0,0,,,,,,,,,
1114889,2017/18,2018-01-20,W.A.C.A. Ground,1,19.5,Hobart Hurricanes,Perth Scorchers,S Milenko,JC Archer,JS Paris,0,4,,,,4,,,,,
1114889,2017/18,2018-01-20,W.A.C.A. Ground,1,19.6,Hobart Hurricanes,Perth Scorchers,S Milenko,JC Archer,JS Paris,2,0,,,,,,,,,
1114889,2017/18,2018-01-20,W.A.C.A. Ground,2,0.1,Perth Scorchers,Hobart Hurricanes,SM Whiteman,M Klinger,TS Rogers,1,0,,,,,,,,,
1114889,2017/18,2018-01-20,W.A.C.A. Ground,2,0.2,Perth Scorchers,Hobart Hurricanes,M Klinger,SM Whiteman,TS Rogers,1,0,,,,,,,,,
1114889,2017/18,2018-01-20,W.A.C.A. Ground,2,0.3,Perth Scorchers,Hobart Hurricanes,SM Whiteman,M Klinger,TS Rogers,0,0,,,,,,,,,
1114889,2017/18,2018-01-20,W.A.C.A. Ground,2,0.4,Perth Scorchers,Hobart Hurricanes,SM Whiteman,M Klinger,TS Rogers,0,0,,,,,,caught,SM Whiteman,,
1114889,2017/18,2018-01-20,W.A.C.A. Ground,2,0.5,Perth Scorchers,Hobart Hurricanes,M Klinger,CT Bancroft,TS Rogers,0,0,,,,,,,,,
1114889,2017/18,2018-01-20,W.A.C.A. Ground,2,0.6,Perth Scorchers,Hobart Hurricanes,M Klinger,CT Bancroft,TS Rogers,1,0,,,,,,,,,
1114889,2017/18,2018-01-20,W.A.C.A. Ground,2,1.1,Perth Scorchers,Hobart Hurricanes,M Klinger,CT Bancroft,CA Rose,1,0,,,,,,,,,
1114889,2017/18,2018-01-20,W.A.C.A. Ground,2,1.2,Perth Scorchers,Hobart Hurricanes,CT Bancroft,M Klinger,CA Rose,1,0,,,,,,,,,
1114889,2017/18,2018-01-20,W.A.C.A. Ground,2,1.3,Perth Scorchers,Hobart Hurricanes,M Klinger,CT Bancroft,CA Rose,0,0,,,,,,,,,
1114889,2017/18,2018-01-20,W.A.C.A. Ground,2,1.4,Perth Scorchers,Hobart Hurricanes,M Klinger,CT Bancroft,CA Rose,0,0,,,,,,,,,
1114889,2017/18,2018-01-20,W.A.C.A. Ground,2,1.5,Perth Scorchers,Hobart Hurricanes,M Klinger,CT Bancroft,CA Rose,1,0,,,,,,,,,
1114889,2017/18,2018-01-20,W.A.C.A. Ground,2,1.6,Perth Scorchers,Hobart Hurricanes,CT Bancroft,M Klinger,CA Rose,1,0,,,,,,,,,
1114889,2017/18,2018-01-20,W.A.C.A. Ground,2,2.1,Perth Scorchers,Hobart Hurricanes,CT Bancroft,M Klinger,JC Archer,1,0,,,,,,,,,
1114889,2017/18,2018-01-20,W.A.C.A. Ground,2,2.2,Perth Scorchers,Hobart Hurricanes,M Klinger,CT Bancroft,JC Archer,4,0,,,,,,,,,
1114889,2017/18,2018-01-20,W.A.C.A. Ground,2,2.3,Perth Scorchers,Hobart Hurricanes,M Klinger,CT Bancroft,JC Archer,0,0,,,,,,,,,
1114889,2017/18,2018-01-20,W.A.C.A. Ground,2,2.4,Perth Scorchers,Hobart Hurricanes,M Klinger,CT Bancroft,JC Archer,4,0,,,,,,,,,
1114889,2017/18,2018-01-20,W.A.C.A. Ground,2,2.5,Perth Scorchers,Hobart Hurricanes,M Klinger,CT Bancroft,JC Archer,1,0,,,,,,,,,
1114889,2017/18,2018-01-20,W.A.C.A. Ground,2,2.6,Perth Scorchers,Hobart Hurricanes,CT Bancroft,M Klinger,JC Archer,4,0,,,,,,,,,
1114889,2017/18,2018-01-20,W.A.C.A. Ground,2,3.1,Perth Scorchers,Hobart Hurricanes,M Klinger,CT Bancroft,CA Rose,1,0,,,,,,,,,
1114889,2017/18,2018-01-20,W.A.C.A. Ground,2,3.2,Perth Scorchers,Hobart Hurricanes,CT Bancroft,M Klinger,CA Rose,1,0,,,,,,,,,
1114889,2017/18,2018-01-20,W.A.C.A. Ground,2,3.3,Perth Scorchers,Hobart Hurricanes,M Klinger,CT Bancroft,CA Rose,1,0,,,,,,,,,
1114889,2017/18,2018-01-20,W.A.C.A. Ground,2,3.4,Perth Scorchers,Hobart Hurricanes,CT Bancroft,M Klinger,CA Rose,6,0,,,,,,,,,
1114889,2017/18,2018-01-20,W.A.C.A. Ground,2,3.5,Perth Scorchers,Hobart Hurricanes,CT Bancroft,M Klinger,CA Rose,1,0,,,,,,,,,
1114889,2017/18,2018-01-20,W.A.C.A. Ground,2,3.6,Perth Scorchers,Hobart Hurricanes,M Klinger,CT Bancroft,CA Rose,1,0,,,,,,,,,
1114889,2017/18,2018-01-20,W.A.C.A. Ground,2,4.1,Perth Scorchers,Hobart Hurricanes,M Klinger,CT Bancroft,JC Archer,0,0,,,,,,,,,
1114889,2017/18,2018-01-20,W.A.C.A. Ground,2,4.2,Perth Scorchers,Hobart Hurricanes,M Klinger,CT Bancroft,JC Archer,1,0,,,,,,,,,
1114889,2017/18,2018-01-20,W.A.C.A. Ground,2,4.3,Perth Scorchers,Hobart Hurricanes,CT Bancroft,M Klinger,JC Archer,0,0,,,,,,,,,
1114889,2017/18,2018-01-20,W.A.C.A. Ground,2,4.4,Perth Scorchers,Hobart Hurricanes,CT Bancroft,M Klinger,JC Archer,1,0,,,,,,,,,
1114889,2017/18,2018-01-20,W.A.C.A. Ground,2,4.5,Perth Scorchers,Hobart Hurricanes,M Klinger,CT Bancroft,JC Archer,0,0,,,,,,,,,
1114889,2017/18,2018-01-20,W.A.C.A. Ground,2,4.6,Perth Scorchers,Hobart Hurricanes,M Klinger,CT Bancroft,JC Archer,0,0,,,,,,bowled,M Klinger,,
1114889,2017/18,2018-01-20,W.A.C.A. Ground,2,5.1,Perth Scorchers,Hobart Hurricanes,CT Bancroft,HWR Cartwright,TS Rogers,0,0,,,,,,,,,
1114889,2017/18,2018-01-20,W.A.C.A. Ground,2,5.2,Perth Scorchers,Hobart Hurricanes,CT Bancroft,HWR Cartwright,TS Rogers,0,0,,,,,,,,,
1114889,2017/18,2018-01-20,W.A.C.A. Ground,2,5.3,Perth Scorchers,Hobart Hurricanes,CT Bancroft,HWR Cartwright,TS Rogers,0,0,,,,,,,,,
1114889,2017/18,2018-01-20,W.A.C.A. Ground,2,5.4,Perth Scorchers,Hobart Hurricanes,CT Bancroft,HWR Cartwright,TS Rogers,4,0,,,,,,,,,
1114889,2017/18,2018-01-20,W.A.C.A. Ground,2,5.5,Perth Scorchers,Hobart Hurricanes,CT Bancroft,HWR Cartwright,TS Rogers,4,0,,,,,,,,,
1114889,2017/18,2018-01-20,W.A.C.A. Ground,2,5.6,Perth Scorchers,Hobart Hurricanes,CT Bancroft,HWR Cartwright,TS Rogers,1,0,,,,,,,,,
1114889,2017/18,2018-01-20,W.A.C.A. Ground,2,6.1,Perth Scorchers,Hobart Hurricanes,CT Bancroft,HWR Cartwright,TS Mills,0,1,1,,,,,,,,
1114889,2017/18,2018-01-20,W.A.C.A. Ground,2,6.2,Perth Scorchers,Hobart Hurricanes,CT Bancroft,HWR Cartwright,TS Mills,4,0,,,,,,,,,
1114889,2017/18,2018-01-20,W.A.C.A. Ground,2,6.3,Perth Scorchers,Hobart Hurricanes,CT Bancroft,HWR Cartwright,TS Mills,1,0,,,,,,,,,
1114889,2017/18,2018-01-20,W.A.C.A. Ground,2,6.4,Perth Scorchers,Hobart Hurricanes,HWR Cartwright,CT Bancroft,TS Mills,0,0,,,,,,,,,
1114889,2017/18,2018-01-20,W.A.C.A. Ground,2,6.5,Perth Scorchers,Hobart Hurricanes,HWR Cartwright,CT Bancroft,TS Mills,0,0,,,,,,,,,
1114889,2017/18,2018-01-20,W.A.C.A. Ground,2,6.6,Perth Scorchers,Hobart Hurricanes,HWR Cartwright,CT Bancroft,TS Mills,1,0,,,,,,,,,
1114889,2017/18,2018-01-20,W.A.C.A. Ground,2,6.7,Perth Scorchers,Hobart Hurricanes,CT Bancroft,HWR Cartwright,TS Mills,1,0,,,,,,,,,
1114889,2017/18,2018-01-20,W.A.C.A. Ground,2,7.1,Perth Scorchers,Hobart Hurricanes,CT Bancroft,HWR Cartwright,CJ Boyce,1,0,,,,,,,,,
1114889,2017/18,2018-01-20,W.A.C.A. Ground,2,7.2,Perth Scorchers,Hobart Hurricanes,HWR Cartwright,CT Bancroft,CJ Boyce,0,0,,,,,,,,,
1114889,2017/18,2018-01-20,W.A.C.A. Ground,2,7.3,Perth Scorchers,Hobart Hurricanes,HWR Cartwright,CT Bancroft,CJ Boyce,1,0,,,,,,,,,
1114889,2017/18,2018-01-20,W.A.C.A. Ground,2,7.4,Perth Scorchers,Hobart Hurricanes,CT Bancroft,HWR Cartwright,CJ Boyce,1,0,,,,,,,,,
1114889,2017/18,2018-01-20,W.A.C.A. Ground,2,7.5,Perth Scorchers,Hobart Hurricanes,HWR Cartwright,CT Bancroft,CJ Boyce,4,0,,,,,,,,,
1114889,2017/18,2018-01-20,W.A.C.A. Ground,2,7.6,Perth Scorchers,Hobart Hurricanes,HWR Cartwright,CT Bancroft,CJ Boyce,6,0,,,,,,,,,
1114889,2017/18,2018-01-20,W.A.C.A. Ground,2,8.1,Perth Scorchers,Hobart Hurricanes,CT Bancroft,HWR Cartwright,DJM Short,2,0,,,,,,,,,
1114889,2017/18,2018-01-20,W.A.C.A. Ground,2,8.2,Perth Scorchers,Hobart Hurricanes,CT Bancroft,HWR Cartwright,DJM Short,1,0,,,,,,,,,
1114889,2017/18,2018-01-20,W.A.C.A. Ground,2,8.3,Perth Scorchers,Hobart Hurricanes,HWR Cartwright,CT Bancroft,DJM Short,1,0,,,,,,,,,
1114889,2017/18,2018-01-20,W.A.C.A. Ground,2,8.4,Perth Scorchers,Hobart Hurricanes,CT Bancroft,HWR Cartwright,DJM Short,2,0,,,,,,,,,
1114889,2017/18,2018-01-20,W.A.C.A. Ground,2,8.5,Perth Scorchers,Hobart Hurricanes,CT Bancroft,HWR Cartwright,DJM Short,0,0,,,,,,,,,
1114889,2017/18,2018-01-20,W.A.C.A. Ground,2,8.6,Perth Scorchers,Hobart Hurricanes,CT Bancroft,HWR Cartwright,DJM Short,0,2,2,,,,,,,,
1114889,2017/18,2018-01-20,W.A.C.A. Ground,2,8.7,Perth Scorchers,Hobart Hurricanes,HWR Cartwright,CT Bancroft,DJM Short,0,0,,,,,,,,,
1114889,2017/18,2018-01-20,W.A.C.A. Ground,2,9.1,Perth Scorchers,Hobart Hurricanes,CT Bancroft,HWR Cartwright,TS Mills,0,0,,,,,,,,,
1114889,2017/18,2018-01-20,W.A.C.A. Ground,2,9.2,Perth Scorchers,Hobart Hurricanes,CT Bancroft,HWR Cartwright,TS Mills,1,0,,,,,,,,,
1114889,2017/18,2018-01-20,W.A.C.A. Ground,2,9.3,Perth Scorchers,Hobart Hurricanes,HWR Cartwright,CT Bancroft,TS Mills,1,0,,,,,,,,,
1114889,2017/18,2018-01-20,W.A.C.A. Ground,2,9.4,Perth Scorchers,Hobart Hurricanes,CT Bancroft,HWR Cartwright,TS Mills,1,0,,,,,,,,,
1114889,2017/18,2018-01-20,W.A.C.A. Ground,2,9.5,Perth Scorchers,Hobart Hurricanes,HWR Cartwright,CT Bancroft,TS Mills,1,0,,,,,,,,,
1114889,2017/18,2018-01-20,W.A.C.A. Ground,2,9.6,Perth Scorchers,Hobart Hurricanes,CT Bancroft,HWR Cartwright,TS Mills,0,0,,,,,,,,,
1114889,2017/18,2018-01-20,W.A.C.A. Ground,2,10.1,Perth Scorchers,Hobart Hurricanes,HWR Cartwright,CT Bancroft,DT Christian,2,0,,,,,,,,,
1114889,2017/18,2018-01-20,W.A.C.A. Ground,2,10.2,Perth Scorchers,Hobart Hurricanes,HWR Cartwright,CT Bancroft,DT Christian,0,0,,,,,,bowled,HWR Cartwright,,
1114889,2017/18,2018-01-20,W.A.C.A. Ground,2,10.3,Perth Scorchers,Hobart Hurricanes,AJ Turner,CT Bancroft,DT Christian,1,0,,,,,,,,,
1114889,2017/18,2018-01-20,W.A.C.A. Ground,2,10.4,Perth Scorchers,Hobart Hurricanes,CT Bancroft,AJ Turner,DT Christian,0,0,,,,,,,,,
1114889,2017/18,2018-01-20,W.A.C.A. Ground,2,10.5,Perth Scorchers,Hobart Hurricanes,CT Bancroft,AJ Turner,DT Christian,1,0,,,,,,,,,
1114889,2017/18,2018-01-20,W.A.C.A. Ground,2,10.6,Perth Scorchers,Hobart Hurricanes,AJ Turner,CT Bancroft,DT Christian,1,0,,,,,,,,,
1114889,2017/18,2018-01-20,W.A.C.A. Ground,2,11.1,Perth Scorchers,Hobart Hurricanes,AJ Turner,CT Bancroft,CJ Boyce,2,0,,,,,,,,,
1114889,2017/18,2018-01-20,W.A.C.A. Ground,2,11.2,Perth Scorchers,Hobart Hurricanes,AJ Turner,CT Bancroft,CJ Boyce,2,0,,,,,,,,,
1114889,2017/18,2018-01-20,W.A.C.A. Ground,2,11.3,Perth Scorchers,Hobart Hurricanes,AJ Turner,CT Bancroft,CJ Boyce,6,0,,,,,,,,,
1114889,2017/18,2018-01-20,W.A.C.A. Ground,2,11.4,Perth Scorchers,Hobart Hurricanes,AJ Turner,CT Bancroft,CJ Boyce,2,0,,,,,,,,,
1114889,2017/18,2018-01-20,W.A.C.A. Ground,2,11.5,Perth Scorchers,Hobart Hurricanes,AJ Turner,CT Bancroft,CJ Boyce,4,0,,,,,,,,,
1114889,2017/18,2018-01-20,W.A.C.A. Ground,2,11.6,Perth Scorchers,Hobart Hurricanes,AJ Turner,CT Bancroft,CJ Boyce,1,0,,,,,,,,,
1114889,2017/18,2018-01-20,W.A.C.A. Ground,2,12.1,Perth Scorchers,Hobart Hurricanes,AJ Turner,CT Bancroft,TS Rogers,1,0,,,,,,,,,
1114889,2017/18,2018-01-20,W.A.C.A. Ground,2,12.2,Perth Scorchers,Hobart Hurricanes,CT Bancroft,AJ Turner,TS Rogers,1,0,,,,,,,,,
1114889,2017/18,2018-01-20,W.A.C.A. Ground,2,12.3,Perth Scorchers,Hobart Hurricanes,AJ Turner,CT Bancroft,TS Rogers,0,1,,,,1,,,,,
1114889,2017/18,2018-01-20,W.A.C.A. Ground,2,12.4,Perth Scorchers,Hobart Hurricanes,CT Bancroft,AJ Turner,TS Rogers,2,0,,,,,,,,,
1114889,2017/18,2018-01-20,W.A.C.A. Ground,2,12.5,Perth Scorchers,Hobart Hurricanes,CT Bancroft,AJ Turner,TS Rogers,0,0,,,,,,,,,
1114889,2017/18,2018-01-20,W.A.C.A. Ground,2,12.6,Perth Scorchers,Hobart Hurricanes,CT Bancroft,AJ Turner,TS Rogers,6,0,,,,,,,,,
1114889,2017/18,2018-01-20,W.A.C.A. Ground,2,13.1,Perth Scorchers,Hobart Hurricanes,AJ Turner,CT Bancroft,TS Mills,1,0,,,,,,,,,
1114889,2017/18,2018-01-20,W.A.C.A. Ground,2,13.2,Perth Scorchers,Hobart Hurricanes,CT Bancroft,AJ Turner,TS Mills,4,0,,,,,,,,,
1114889,2017/18,2018-01-20,W.A.C.A. Ground,2,13.3,Perth Scorchers,Hobart Hurricanes,CT Bancroft,AJ Turner,TS Mills,0,0,,,,,,caught,CT Bancroft,,
1114889,2017/18,2018-01-20,W.A.C.A. Ground,2,13.4,Perth Scorchers,Hobart Hurricanes,AC Voges,AJ Turner,TS Mills,0,0,,,,,,,,,
1114889,2017/18,2018-01-20,W.A.C.A. Ground,2,13.5,Perth Scorchers,Hobart Hurricanes,AC Voges,AJ Turner,TS Mills,1,0,,,,,,,,,
1114889,2017/18,2018-01-20,W.A.C.A. Ground,2,13.6,Perth Scorchers,Hobart Hurricanes,AJ Turner,AC Voges,TS Mills,0,0,,,,,,,,,
1114889,2017/18,2018-01-20,W.A.C.A. Ground,2,14.1,Perth Scorchers,Hobart Hurricanes,AC Voges,AJ Turner,TS Rogers,2,0,,,,,,,,,
1114889,2017/18,2018-01-20,W.A.C.A. Ground,2,14.2,Perth Scorchers,Hobart Hurricanes,AC Voges,AJ Turner,TS Rogers,1,0,,,,,,,,,
1114889,2017/18,2018-01-20,W.A.C.A. Ground,2,14.3,Perth Scorchers,Hobart Hurricanes,AJ Turner,AC Voges,TS Rogers,0,0,,,,,,,,,
1114889,2017/18,2018-01-20,W.A.C.A. Ground,2,14.4,Perth Scorchers,Hobart Hurricanes,AJ Turner,AC Voges,TS Rogers,0,1,,,,1,,,,,
1114889,2017/18,2018-01-20,W.A.C.A. Ground,2,14.5,Perth Scorchers,Hobart Hurricanes,AC Voges,AJ Turner,TS Rogers,4,0,,,,,,,,,
1114889,2017/18,2018-01-20,W.A.C.A. Ground,2,14.6,Perth Scorchers,Hobart Hurricanes,AC Voges,AJ Turner,TS Rogers,0,0,,,,,,,,,
1114889,2017/18,2018-01-20,W.A.C.A. Ground,2,15.1,Perth Scorchers,Hobart Hurricanes,AJ Turner,AC Voges,TS Mills,1,0,,,,,,,,,
1114889,2017/18,2018-01-20,W.A.C.A. Ground,2,15.2,Perth Scorchers,Hobart Hurricanes,AC Voges,AJ Turner,TS Mills,2,0,,,,,,,,,
1114889,2017/18,2018-01-20,W.A.C.A. Ground,2,15.3,Perth Scorchers,Hobart Hurricanes,AC Voges,AJ Turner,TS Mills,1,0,,,,,,run out,AC Voges,,
1114889,2017/18,2018-01-20,W.A.C.A. Ground,2,15.4,Perth Scorchers,Hobart Hurricanes,AC Agar,AJ Turner,TS Mills,1,0,,,,,,,,,
1114889,2017/18,2018-01-20,W.A.C.A. Ground,2,15.5,Perth Scorchers,Hobart Hurricanes,AJ Turner,AC Agar,TS Mills,1,0,,,,,,,,,
1114889,2017/18,2018-01-20,W.A.C.A. Ground,2,15.6,Perth Scorchers,Hobart Hurricanes,AC Agar,AJ Turner,TS Mills,1,0,,,,,,,,,
1114889,2017/18,2018-01-20,W.A.C.A. Ground,2,16.1,Perth Scorchers,Hobart Hurricanes,AC Agar,AJ Turner,DT Christian,4,0,,,,,,,,,
1114889,2017/18,2018-01-20,W.A.C.A. Ground,2,16.2,Perth Scorchers,Hobart Hurricanes,AC Agar,AJ Turner,DT Christian,0,0,,,,,,,,,
1114889,2017/18,2018-01-20,W.A.C.A. Ground,2,16.3,Perth Scorchers,Hobart Hurricanes,AC Agar,AJ Turner,DT Christian,1,0,,,,,,,,,
1114889,2017/18,2018-01-20,W.A.C.A. Ground,2,16.4,Perth Scorchers,Hobart Hurricanes,AJ Turner,AC Agar,DT Christian,2,0,,,,,,,,,
1114889,2017/18,2018-01-20,W.A.C.A. Ground,2,16.5,Perth Scorchers,Hobart Hurricanes,AJ Turner,AC Agar,DT Christian,1,0,,,,,,,,,
1114889,2017/18,2018-01-20,W.A.C.A. Ground,2,16.6,Perth Scorchers,Hobart Hurricanes,AC Agar,AJ Turner,DT Christian,1,0,,,,,,,,,
1114889,2017/18,2018-01-20,W.A.C.A. Ground,2,17.1,Perth Scorchers,Hobart Hurricanes,AC Agar,AJ Turner,JC Archer,1,0,,,,,,,,,
1114889,2017/18,2018-01-20,W.A.C.A. Ground,2,17.2,Perth Scorchers,Hobart Hurricanes,AJ Turner,AC Agar,JC Archer,4,0,,,,,,,,,
1114889,2017/18,2018-01-20,W.A.C.A. Ground,2,17.3,Perth Scorchers,Hobart Hurricanes,AJ Turner,AC Agar,JC Archer,2,0,,,,,,,,,
1114889,2017/18,2018-01-20,W.A.C.A. Ground,2,17.4,Perth Scorchers,Hobart Hurricanes,AJ Turner,AC Agar,JC Archer,1,0,,,,,,,,,
1114889,2017/18,2018-01-20,W.A.C.A. Ground,2,17.5,Perth Scorchers,Hobart Hurricanes,AC Agar,AJ Turner,JC Archer,2,0,,,,,,,,,
1114889,2017/18,2018-01-20,W.A.C.A. Ground,2,17.6,Perth Scorchers,Hobart Hurricanes,AC Agar,AJ Turner,JC Archer,0,0,,,,,,,,,
1114889,2017/18,2018-01-20,W.A.C.A. Ground,2,18.1,Perth Scorchers,Hobart Hurricanes,AJ Turner,AC Agar,DT Christian,0,0,,,,,,,,,
1114889,2017/18,2018-01-20,W.A.C.A. Ground,2,18.2,Perth Scorchers,Hobart Hurricanes,AJ Turner,AC Agar,DT Christian,2,0,,,,,,,,,
1114889,2017/18,2018-01-20,W.A.C.A. Ground,2,18.3,Perth Scorchers,Hobart Hurricanes,AJ Turner,AC Agar,DT Christian,1,0,,,,,,,,,
1114889,2017/18,2018-01-20,W.A.C.A. Ground,2,18.4,Perth Scorchers,Hobart Hurricanes,AC Agar,AJ Turner,DT Christian,1,0,,,,,,,,,
1114889,2017/18,2018-01-20,W.A.C.A. Ground,2,18.5,Perth Scorchers,Hobart Hurricanes,AJ Turner,AC Agar,DT Christian,4,0,,,,,,,,,
1114889,2017/18,2018-01-20,W.A.C.A. Ground,2,18.6,Perth Scorchers,Hobart Hurricanes,AJ Turner,AC Agar,DT Christian,6,0,,,,,,,,,
1114889,2017/18,2018-01-20,W.A.C.A. Ground,2,19.1,Perth Scorchers,Hobart Hurricanes,AC Agar,AJ Turner,JC Archer,1,0,,,,,,,,,
1114889,2017/18,2018-01-20,W.A.C.A. Ground,2,19.2,Perth Scorchers,Hobart Hurricanes,AJ Turner,AC Agar,JC Archer,4,0,,,,,,,,,
