match_id,season,start_date,venue,innings,ball,batting_team,bowling_team,striker,non_striker,bowler,runs_off_bat,extras,wides,noballs,byes,legbyes,penalty,wicket_type,player_dismissed,other_wicket_type,other_player_dismissed
1152514,2018/19,2018-12-22,Sydney Cricket Ground,1,0.1,Sydney Sixers,Perth Scorchers,J Edwards,JL Denly,NM Coulter-Nile,2,0,,,,,,,,,
1152514,2018/19,2018-12-22,Sydney Cricket Ground,1,0.2,Sydney Sixers,Perth Scorchers,J Edwards,JL Denly,NM Coulter-Nile,4,0,,,,,,,,,
1152514,2018/19,2018-12-22,Sydney Cricket Ground,1,0.3,Sydney Sixers,Perth Scorchers,J Edwards,JL Denly,NM Coulter-Nile,4,0,,,,,,,,,
1152514,2018/19,2018-12-22,Sydney Cricket Ground,1,0.4,Sydney Sixers,Perth Scorchers,J Edwards,JL Denly,NM Coulter-Nile,0,0,,,,,,,,,
1152514,2018/19,2018-12-22,Sydney Cricket Ground,1,0.5,Sydney Sixers,Perth Scorchers,J Edwards,JL Denly,NM Coulter-Nile,1,0,,,,,,,,,
1152514,2018/19,2018-12-22,Sydney Cricket Ground,1,0.6,Sydney Sixers,Perth Scorchers,JL Denly,J Edwards,NM Coulter-Nile,0,0,,,,,,,,,
1152514,2018/19,2018-12-22,Sydney Cricket Ground,1,1.1,Sydney Sixers,Perth Scorchers,J Edwards,JL Denly,JP Behrendorff,0,0,,,,,,,,,
1152514,2018/19,2018-12-22,Sydney Cricket Ground,1,1.2,Sydney Sixers,Perth Scorchers,J Edwards,JL Denly,JP Behrendorff,2,0,,,,,,,,,
1152514,2018/19,2018-12-22,Sydney Cricket Ground,1,1.3,Sydney Sixers,Perth Scorchers,J Edwards,JL Denly,JP Behrendorff,0,0,,,,,,caught,J Edwards,,
1152514,2018/19,2018-12-22,Sydney Cricket Ground,1,1.4,Sydney Sixers,Perth Scorchers,JL Denly,MC Henriques,JP Behrendorff,1,0,,,,,,,,,
1152514,2018/19,2018-12-22,Sydney Cricket Ground,1,1.5,Sydney Sixers,Perth Scorchers,MC Henriques,JL Denly,JP Behrendorff,1,0,,,,,,,,,
1152514,2018/19,2018-12-22,Sydney Cricket Ground,1,1.6,Sydney Sixers,Perth Scorchers,JL Denly,MC Henriques,JP Behrendorff,1,0,,,,,,,,,
1152514,2018/19,2018-12-22,Sydney Cricket Ground,1,2.1,Sydney Sixers,Perth Scorchers,JL Denly,MC Henriques,NM Coulter-Nile,1,0,,,,,,,,,
1152514,2018/19,2018-12-22,Sydney Cricket Ground,1,2.2,Sydney Sixers,Perth Scorchers,MC Henriques,JL Denly,NM Coulter-Nile,0,0,,,,,,,,,
1152514,2018/19,2018-12-22,Sydney Cricket Ground,1,2.3,Sydney Sixers,Perth Scorchers,MC Henriques,JL Denly,NM Coulter-Nile,0,0,,,,,,,,,
1152514,2018/19,2018-12-22,Sydney Cricket Ground,1,2.4,Sydney Sixers,Perth Scorchers,MC Henriques,JL Denly,NM Coulter-Nile,1,0,,,,,,,,,
1152514,2018/19,2018-12-22,Sydney Cricket Ground,1,2.5,Sydney Sixers,Perth Scorchers,JL Denly,MC Henriques,NM Coulter-Nile,4,0,,,,,,,,,
1152514,2018/19,2018-12-22,Sydney Cricket Ground,1,2.6,Sydney Sixers,Perth Scorchers,JL Denly,MC Henriques,NM Coulter-Nile,1,0,,,,,,,,,
1152514,2018/19,2018-12-22,Sydney Cricket Ground,1,3.1,Sydney Sixers,Perth Scorchers,JL Denly,MC Henriques,JP Behrendorff,2,0,,,,,,,,,
1152514,2018/19,2018-12-22,Sydney Cricket Ground,1,3.2,Sydney Sixers,Perth Scorchers,JL Denly,MC Henriques,JP Behrendorff,1,0,,,,,,,,,
1152514,2018/19,2018-12-22,Sydney Cricket Ground,1,3.3,Sydney Sixers,Perth Scorchers,MC Henriques,JL Denly,JP Behrendorff,0,0,,,,,,caught,MC Henriques,,
1152514,2018/19,2018-12-22,Sydney Cricket Ground,1,3.4,Sydney Sixers,Perth Scorchers,DP Hughes,JL Denly,JP Behrendorff,1,0,,,,,,,,,
1152514,2018/19,2018-12-22,Sydney Cricket Ground,1,3.5,Sydney Sixers,Perth Scorchers,JL Denly,DP Hughes,JP Behrendorff,0,0,,,,,,,,,
1152514,2018/19,2018-12-22,Sydney Cricket Ground,1,3.6,Sydney Sixers,Perth Scorchers,JL Denly,DP Hughes,JP Behrendorff,0,0,,,,,,,,,
1152514,2018/19,2018-12-22,Sydney Cricket Ground,1,4.1,Sydney Sixers,Perth Scorchers,DP Hughes,JL Denly,JA Richardson,0,0,,,,,,,,,
1152514,2018/19,2018-12-22,Sydney Cricket Ground,1,4.2,Sydney Sixers,Perth Scorchers,DP Hughes,JL Denly,JA Richardson,1,0,,,,,,,,,
1152514,2018/19,2018-12-22,Sydney Cricket Ground,1,4.3,Sydney Sixers,Perth Scorchers,JL Denly,DP Hughes,JA Richardson,0,0,,,,,,,,,
1152514,2018/19,2018-12-22,Sydney Cricket Ground,1,4.4,Sydney Sixers,Perth Scorchers,JL Denly,DP Hughes,JA Richardson,2,0,,,,,,,,,
1152514,2018/19,2018-12-22,Sydney Cricket Ground,1,4.5,Sydney Sixers,Perth Scorchers,JL Denly,DP Hughes,JA Richardson,0,0,,,,,,caught,JL Denly,,
1152514,2018/19,2018-12-22,Sydney Cricket Ground,1,4.6,Sydney Sixers,Perth Scorchers,JC Silk,DP Hughes,JA Richardson,0,1,,,,1,,,,,
1152514,2018/19,2018-12-22,Sydney Cricket Ground,1,5.1,Sydney Sixers,Perth Scorchers,JC Silk,DP Hughes,JP Behrendorff,4,0,,,,,,,,,
1152514,2018/19,2018-12-22,Sydney Cricket Ground,1,5.2,Sydney Sixers,Perth Scorchers,JC Silk,DP Hughes,JP Behrendorff,0,0,,,,,,,,,
1152514,2018/19,2018-12-22,Sydney Cricket Ground,1,5.3,Sydney Sixers,Perth Scorchers,JC Silk,DP Hughes,JP Behrendorff,2,0,,,,,,,,,
1152514,2018/19,2018-12-22,Sydney Cricket Ground,1,5.4,Sydney Sixers,Perth Scorchers,JC Silk,DP Hughes,JP Behrendorff,0,0,,,,,,,,,
1152514,2018/19,2018-12-22,Sydney Cricket Ground,1,5.5,Sydney Sixers,Perth Scorchers,JC Silk,DP Hughes,JP Behrendorff,1,0,,,,,,,,,
1152514,2018/19,2018-12-22,Sydney Cricket Ground,1,5.6,Sydney Sixers,Perth Scorchers,DP Hughes,JC Silk,JP Behrendorff,0,1,,,,1,,,,,
1152514,2018/19,2018-12-22,Sydney Cricket Ground,1,6.1,Sydney Sixers,Perth Scorchers,DP Hughes,JC Silk,JA Richardson,0,0,,,,,,,,,
1152514,2018/19,2018-12-22,Sydney Cricket Ground,1,6.2,Sydney Sixers,Perth Scorchers,DP Hughes,JC Silk,JA Richardson,0,1,,,1,,,,,,
1152514,2018/19,2018-12-22,Sydney Cricket Ground,1,6.3,Sydney Sixers,Perth Scorchers,JC Silk,DP Hughes,JA Richardson,1,0,,,,,,,,,
1152514,2018/19,2018-12-22,Sydney Cricket Ground,1,6.4,Sydney Sixers,Perth Scorchers,DP Hughes,JC Silk,JA Richardson,1,0,,,,,,,,,
1152514,2018/19,2018-12-22,Sydney Cricket Ground,1,6.5,Sydney Sixers,Perth Scorchers,JC Silk,DP Hughes,JA Richardson,2,0,,,,,,,,,
1152514,2018/19,2018-12-22,Sydney Cricket Ground,1,6.6,Sydney Sixers,Perth Scorchers,JC Silk,DP Hughes,JA Richardson,1,0,,,,,,,,,
1152514,2018/19,2018-12-22,Sydney Cricket Ground,1,7.1,Sydney Sixers,Perth Scorchers,JC Silk,DP Hughes,AJ Turner,1,0,,,,,,,,,
1152514,2018/19,2018-12-22,Sydney Cricket Ground,1,7.2,Sydney Sixers,Perth Scorchers,DP Hughes,JC Silk,AJ Turner,2,0,,,,,,,,,
1152514,2018/19,2018-12-22,Sydney Cricket Ground,1,7.3,Sydney Sixers,Perth Scorchers,DP Hughes,JC Silk,AJ Turner,1,0,,,,,,,,,
1152514,2018/19,2018-12-22,Sydney Cricket Ground,1,7.4,Sydney Sixers,Perth Scorchers,JC Silk,DP Hughes,AJ Turner,1,0,,,,,,,,,
1152514,2018/19,2018-12-22,Sydney Cricket Ground,1,7.5,Sydney Sixers,Perth Scorchers,DP Hughes,JC Silk,AJ Turner,1,0,,,,,,,,,
1152514,2018/19,2018-12-22,Sydney Cricket Ground,1,7.6,Sydney Sixers,Perth Scorchers,JC Silk,DP Hughes,AJ Turner,1,0,,,,,,,,,
1152514,2018/19,2018-12-22,Sydney Cricket Ground,1,8.1,Sydney Sixers,Perth Scorchers,JC Silk,DP Hughes,AC Agar,2,0,,,,,,,,,
1152514,2018/19,2018-12-22,Sydney Cricket Ground,1,8.2,Sydney Sixers,Perth Scorchers,JC Silk,DP Hughes,AC Agar,1,0,,,,,,,,,
1152514,2018/19,2018-12-22,Sydney Cricket Ground,1,8.3,Sydney Sixers,Perth Scorchers,DP Hughes,JC Silk,AC Agar,0,0,,,,,,,,,
1152514,2018/19,2018-12-22,Sydney Cricket Ground,1,8.4,Sydney Sixers,Perth Scorchers,DP Hughes,JC Silk,AC Agar,1,0,,,,,,,,,
1152514,2018/19,2018-12-22,Sydney Cricket Ground,1,8.5,Sydney Sixers,Perth Scorchers,JC Silk,DP Hughes,AC Agar,1,0,,,,,,,,,
1152514,2018/19,2018-12-22,Sydney Cricket Ground,1,8.6,Sydney Sixers,Perth Scorchers,DP Hughes,JC Silk,AC Agar,1,0,,,,,,,,,
1152514,2018/19,2018-12-22,Sydney Cricket Ground,1,9.1,Sydney Sixers,Perth Scorchers,DP Hughes,JC Silk,AJ Tye,1,0,,,,,,,,,
1152514,2018/19,2018-12-22,Sydney Cricket Ground,1,9.2,Sydney Sixers,Perth Scorchers,JC Silk,DP Hughes,AJ Tye,2,0,,,,,,,,,
1152514,2018/19,2018-12-22,Sydney Cricket Ground,1,9.3,Sydney Sixers,Perth Scorchers,JC Silk,DP Hughes,AJ Tye,0,0,,,,,,,,,
1152514,2018/19,2018-12-22,Sydney Cricket Ground,1,9.4,Sydney Sixers,Perth Scorchers,JC Silk,DP Hughes,AJ Tye,4,0,,,,,,,,,
1152514,2018/19,2018-12-22,Sydney Cricket Ground,1,9.5,Sydney Sixers,Perth Scorchers,JC Silk,DP Hughes,AJ Tye,1,0,,,,,,,,,
1152514,2018/19,2018-12-22,Sydney Cricket Ground,1,9.6,Sydney Sixers,Perth Scorchers,DP Hughes,JC Silk,AJ Tye,0,0,,,,,,,,,
1152514,2018/19,2018-12-22,Sydney Cricket Ground,1,10.1,Sydney Sixers,Perth Scorchers,JC Silk,DP Hughes,AC Agar,1,0,,,,,,,,,
1152514,2018/19,2018-12-22,Sydney Cricket Ground,1,10.2,Sydney Sixers,Perth Scorchers,DP Hughes,JC Silk,AC Agar,2,0,,,,,,,,,
1152514,2018/19,2018-12-22,Sydney Cricket Ground,1,10.3,Sydney Sixers,Perth Scorchers,DP Hughes,JC Silk,AC Agar,1,0,,,,,,,,,
1152514,2018/19,2018-12-22,Sydney Cricket Ground,1,10.4,Sydney Sixers,Perth Scorchers,JC Silk,DP Hughes,AC Agar,1,0,,,,,,,,,
1152514,2018/19,2018-12-22,Sydney Cricket Ground,1,10.5,Sydney Sixers,Perth Scorchers,DP Hughes,JC Silk,AC Agar,1,0,,,,,,,,,
1152514,2018/19,2018-12-22,Sydney Cricket Ground,1,10.6,Sydney Sixers,Perth Scorchers,JC Silk,DP Hughes,AC Agar,1,0,,,,,,,,,
1152514,2018/19,2018-12-22,Sydney Cricket Ground,1,11.1,Sydney Sixers,Perth Scorchers,JC Silk,DP Hughes,JA Richardson,1,0,,,,,,,,,
1152514,2018/19,2018-12-22,Sydney Cricket Ground,1,11.2,Sydney Sixers,Perth Scorchers,DP Hughes,JC Silk,JA Richardson,1,0,,,,,,,,,
1152514,2018/19,2018-12-22,Sydney Cricket Ground,1,11.3,Sydney Sixers,Perth Scorchers,JC Silk,DP Hughes,JA Richardson,1,0,,,,,,,,,
1152514,2018/19,2018-12-22,Sydney Cricket Ground,1,11.4,Sydney Sixers,Perth Scorchers,DP Hughes,JC Silk,JA Richardson,1,0,,,,,,,,,
1152514,2018/19,2018-12-22,Sydney Cricket Ground,1,11.5,Sydney Sixers,Perth Scorchers,JC Silk,DP Hughes,JA Richardson,2,0,,,,,,,,,
1152514,2018/19,2018-12-22,Sydney Cricket Ground,1,11.6,Sydney Sixers,Perth Scorchers,JC Silk,DP Hughes,JA Richardson,1,0,,,,,,,,,
1152514,2018/19,2018-12-22,Sydney Cricket Ground,1,12.1,Sydney Sixers,Perth Scorchers,JC Silk,DP Hughes,AC Agar,1,0,,,,,,,,,
1152514,2018/19,2018-12-22,Sydney Cricket Ground,1,12.2,Sydney Sixers,Perth Scorchers,DP Hughes,JC Silk,AC Agar,1,0,,,,,,,,,
1152514,2018/19,2018-12-22,Sydney Cricket Ground,1,12.3,Sydney Sixers,Perth Scorchers,JC Silk,DP Hughes,AC Agar,1,0,,,,,,,,,
1152514,2018/19,2018-12-22,Sydney Cricket Ground,1,12.4,Sydney Sixers,Perth Scorchers,DP Hughes,JC Silk,AC Agar,4,0,,,,,,,,,
1152514,2018/19,2018-12-22,Sydney Cricket Ground,1,12.5,Sydney Sixers,Perth Scorchers,DP Hughes,JC Silk,AC Agar,1,0,,,,,,,,,
1152514,2018/19,2018-12-22,Sydney Cricket Ground,1,12.6,Sydney Sixers,Perth Scorchers,JC Silk,DP Hughes,AC Agar,2,0,,,,,,,,,
1152514,2018/19,2018-12-22,Sydney Cricket Ground,1,13.1,Sydney Sixers,Perth Scorchers,DP Hughes,JC Silk,JA Richardson,1,0,,,,,,,,,
1152514,2018/19,2018-12-22,Sydney Cricket Ground,1,13.2,Sydney Sixers,Perth Scorchers,JC Silk,DP Hughes,JA Richardson,1,0,,,,,,,,,
1152514,2018/19,2018-12-22,Sydney Cricket Ground,1,13.3,Sydney Sixers,Perth Scorchers,DP Hughes,JC Silk,JA Richardson,2,0,,,,,,,,,
1152514,2018/19,2018-12-22,Sydney Cricket Ground,1,13.4,Sydney Sixers,Perth Scorchers,DP Hughes,JC Silk,JA Richardson,1,0,,,,,,,,,
1152514,2018/19,2018-12-22,Sydney Cricket Ground,1,13.5,Sydney Sixers,Perth Scorchers,JC Silk,DP Hughes,JA Richardson,1,0,,,,,,,,,
1152514,2018/19,2018-12-22,Sydney Cricket Ground,1,13.6,Sydney Sixers,Perth Scorchers,DP Hughes,JC Silk,JA Richardson,4,0,,,,,,,,,
1152514,2018/19,2018-12-22,Sydney Cricket Ground,1,14.1,Sydney Sixers,Perth Scorchers,JC Silk,DP Hughes,AC Agar,1,0,,,,,,,,,
1152514,2018/19,2018-12-22,Sydney Cricket Ground,1,14.2,Sydney Sixers,Perth Scorchers,DP Hughes,JC Silk,AC Agar,3,0,,,,,,,,,
1152514,2018/19,2018-12-22,Sydney Cricket Ground,1,14.3,Sydney Sixers,Perth Scorchers,JC Silk,DP Hughes,AC Agar,1,0,,,,,,,,,
1152514,2018/19,2018-12-22,Sydney Cricket Ground,1,14.4,Sydney Sixers,Perth Scorchers,DP Hughes,JC Silk,AC Agar,1,0,,,,,,,,,
1152514,2018/19,2018-12-22,Sydney Cricket Ground,1,14.5,Sydney Sixers,Perth Scorchers,JC Silk,DP Hughes,AC Agar,1,0,,,,,,,,,
1152514,2018/19,2018-12-22,Sydney Cricket Ground,1,14.6,Sydney Sixers,Perth Scorchers,DP Hughes,JC Silk,AC Agar,1,0,,,,,,,,,
1152514,2018/19,2018-12-22,Sydney Cricket Ground,1,15.1,Sydney Sixers,Perth Scorchers,DP Hughes,JC Silk,JP Behrendorff,0,0,,,,,,,,,
1152514,2018/19,2018-12-22,Sydney Cricket Ground,1,15.2,Sydney Sixers,Perth Scorchers,DP Hughes,JC Silk,JP Behrendorff,1,0,,,,,,,,,
1152514,2018/19,2018-12-22,Sydney Cricket Ground,1,15.3,Sydney Sixers,Perth Scorchers,JC Silk,DP Hughes,JP Behrendorff,4,0,,,,,,,,,
1152514,2018/19,2018-12-22,Sydney Cricket Ground,1,15.4,Sydney Sixers,Perth Scorchers,JC Silk,DP Hughes,JP Behrendorff,2,0,,,,,,,,,
1152514,2018/19,2018-12-22,Sydney Cricket Ground,1,15.5,Sydney Sixers,Perth Scorchers,JC Silk,DP Hughes,JP Behrendorff,1,0,,,,,,,,,
1152514,2018/19,2018-12-22,Sydney Cricket Ground,1,15.6,Sydney Sixers,Perth Scorchers,DP Hughes,JC Silk,JP Behrendorff,4,0,,,,,,,,,
1152514,2018/19,2018-12-22,Sydney Cricket Ground,1,16.1,Sydney Sixers,Perth Scorchers,JC Silk,DP Hughes,NM Coulter-Nile,0,0,,,,,,,,,
1152514,2018/19,2018-12-22,Sydney Cricket Ground,1,16.2,Sydney Sixers,Perth Scorchers,JC Silk,DP Hughes,NM Coulter-Nile,1,0,,,,,,,,,
1152514,2018/19,2018-12-22,Sydney Cricket Ground,1,16.3,Sydney Sixers,Perth Scorchers,DP Hughes,JC Silk,NM Coulter-Nile,4,0,,,,,,,,,
1152514,2018/19,2018-12-22,Sydney Cricket Ground,1,16.4,Sydney Sixers,Perth Scorchers,DP Hughes,JC Silk,NM Coulter-Nile,1,0,,,,,,,,,
1152514,2018/19,2018-12-22,Sydney Cricket Ground,1,16.5,Sydney Sixers,Perth Scorchers,JC Silk,DP Hughes,NM Coulter-Nile,1,0,,,,,,,,,
1152514,2018/19,2018-12-22,Sydney Cricket Ground,1,16.6,Sydney Sixers,Perth Scorchers,DP Hughes,JC Silk,NM Coulter-Nile,2,0,,,,,,,,,
1152514,2018/19,2018-12-22,Sydney Cricket Ground,1,17.1,Sydney Sixers,Perth Scorchers,JC Silk,DP Hughes,AJ Tye,1,0,,,,,,,,,
1152514,2018/19,2018-12-22,Sydney Cricket Ground,1,17.2,Sydney Sixers,Perth Scorchers,DP Hughes,JC Silk,AJ Tye,6,0,,,,,,,,,
1152514,2018/19,2018-12-22,Sydney Cricket Ground,1,17.3,Sydney Sixers,Perth Scorchers,DP Hughes,JC Silk,AJ Tye,6,0,,,,,,,,,
1152514,2018/19,2018-12-22,Sydney Cricket Ground,1,17.4,Sydney Sixers,Perth Scorchers,DP Hughes,JC Silk,AJ Tye,1,0,,,,,,,,,
1152514,2018/19,2018-12-22,Sydney Cricket Ground,1,17.5,Sydney Sixers,Perth Scorchers,JC Silk,DP Hughes,AJ Tye,2,0,,,,,,,,,
1152514,2018/19,2018-12-22,Sydney Cricket Ground,1,17.6,Sydney Sixers,Perth Scorchers,JC Silk,DP Hughes,AJ Tye,1,0,,,,,,,,,
1152514,2018/19,2018-12-22,Sydney Cricket Ground,1,18.1,Sydney Sixers,Perth Scorchers,JC Silk,DP Hughes,NM Coulter-Nile,3,0,,,,,,,,,
1152514,2018/19,2018-12-22,Sydney Cricket Ground,1,18.2,Sydney Sixers,Perth Scorchers,DP Hughes,JC Silk,NM Coulter-Nile,1,0,,,,,,,,,
1152514,2018/19,2018-12-22,Sydney Cricket Ground,1,18.3,Sydney Sixers,Perth Scorchers,JC Silk,DP Hughes,NM Coulter-Nile,1,0,,,,,,,,,
1152514,2018/19,2018-12-22,Sydney Cricket Ground,1,18.4,Sydney Sixers,Perth Scorchers,DP Hughes,JC Silk,NM Coulter-Nile,0,1,,,,1,,,,,
1152514,2018/19,2018-12-22,Sydney Cricket Ground,1,18.5,Sydney Sixers,Perth Scorchers,JC Silk,DP Hughes,NM Coulter-Nile,1,0,,,,,,,,,
1152514,2018/19,2018-12-22,Sydney Cricket Ground,1,18.6,Sydney Sixers,Perth Scorchers,DP Hughes,JC Silk,NM Coulter-Nile,1,0,,,,,,,,,
1152514,2018/19,2018-12-22,Sydney Cricket Ground,1,19.1,Sydney Sixers,Perth Scorchers,DP Hughes,JC Silk,AJ Tye,0,0,,,,,,,,,
1152514,2018/19,2018-12-22,Sydney Cricket Ground,1,19.2,Sydney Sixers,Perth Scorchers,DP Hughes,JC Silk,AJ Tye,0,0,,,,,,caught,DP Hughes,,
1152514,2018/19,2018-12-22,Sydney Cricket Ground,1,19.3,Sydney Sixers,Perth Scorchers,JC Silk,JR Philippe,AJ Tye,1,0,,,,,,,,,
1152514,2018/19,2018-12-22,Sydney Cricket Ground,1,19.4,Sydney Sixers,Perth Scorchers,JR Philippe,JC Silk,AJ Tye,3,0,,,,,,,,,
1152514,2018/19,2018-12-22,Sydney Cricket Ground,1,19.5,Sydney Sixers,Perth Scorchers,JC Silk,JR Philippe,AJ Tye,0,0,,,,,,,,,
1152514,2018/19,2018-12-22,Sydney Cricket Ground,1,19.6,Sydney Sixers,Perth Scorchers,JC Silk,JR Philippe,AJ Tye,6,0,,,,,,,,,
1152514,2018/19,2018-12-22,Sydney Cricket Ground,2,0.1,Perth Scorchers,Sydney Sixers,SM Whiteman,M Klinger,SNJ O'Keefe,0,0,,,,,,stumped,SM Whiteman,,
1152514,2018/19,2018-12-22,Sydney Cricket Ground,2,0.2,Perth Scorchers,Sydney Sixers,DJ Willey,M Klinger,SNJ O'Keefe,0,0,,,,,,,,,
1152514,2018/19,2018-12-22,Sydney Cricket Ground,2,0.3,Perth Scorchers,Sydney Sixers,DJ Willey,M Klinger,SNJ O'Keefe,0,0,,,,,,,,,
1152514,2018/19,2018-12-22,Sydney Cricket Ground,2,0.4,Perth Scorchers,Sydney Sixers,DJ Willey,M Klinger,SNJ O'Keefe,1,0,,,,,,,,,
1152514,2018/19,2018-12-22,Sydney Cricket Ground,2,0.5,Perth Scorchers,Sydney Sixers,M Klinger,DJ Willey,SNJ O'Keefe,0,0,,,,,,,,,
1152514,2018/19,2018-12-22,Sydney Cricket Ground,2,0.6,Perth Scorchers,Sydney Sixers,M Klinger,DJ Willey,SNJ O'Keefe,0,1,1,,,,,,,,
1152514,2018/19,2018-12-22,Sydney Cricket Ground,2,0.7,Perth Scorchers,Sydney Sixers,M Klinger,DJ Willey,SNJ O'Keefe,0,0,,,,,,,,,
1152514,2018/19,2018-12-22,Sydney Cricket Ground,2,1.1,Perth Scorchers,Sydney Sixers,DJ Willey,M Klinger,BJ Dwarshuis,0,0,,,,,,,,,
1152514,2018/19,2018-12-22,Sydney Cricket Ground,2,1.2,Perth Scorchers,Sydney Sixers,DJ Willey,M Klinger,BJ Dwarshuis,0,0,,,,,,,,,
1152514,2018/19,2018-12-22,Sydney Cricket Ground,2,1.3,Perth Scorchers,Sydney Sixers,DJ Willey,M Klinger,BJ Dwarshuis,2,0,,,,,,,,,
1152514,2018/19,2018-12-22,Sydney Cricket Ground,2,1.4,Perth Scorchers,Sydney Sixers,DJ Willey,M Klinger,BJ Dwarshuis,0,0,,,,,,,,,
1152514,2018/19,2018-12-22,Sydney Cricket Ground,2,1.5,Perth Scorchers,Sydney Sixers,DJ Willey,M Klinger,BJ Dwarshuis,1,0,,,,,,,,,
1152514,2018/19,2018-12-22,Sydney Cricket Ground,2,1.6,Perth Scorchers,Sydney Sixers,M Klinger,DJ Willey,BJ Dwarshuis,2,0,,,,,,,,,
1152514,2018/19,2018-12-22,Sydney Cricket Ground,2,2.1,Perth Scorchers,Sydney Sixers,DJ Willey,M Klinger,SNJ O'Keefe,0,0,,,,,,,,,
1152514,2018/19,2018-12-22,Sydney Cricket Ground,2,2.2,Perth Scorchers,Sydney Sixers,DJ Willey,M Klinger,SNJ O'Keefe,0,0,,,,,,,,,
1152514,2018/19,2018-12-22,Sydney Cricket Ground,2,2.3,Perth Scorchers,Sydney Sixers,DJ Willey,M Klinger,SNJ O'Keefe,0,0,,,,,,caught,DJ Willey,,
1152514,2018/19,2018-12-22,Sydney Cricket Ground,2,2.4,Perth Scorchers,Sydney Sixers,M Klinger,AJ Turner,SNJ O'Keefe,1,0,,,,,,,,,
1152514,2018/19,2018-12-22,Sydney Cricket Ground,2,2.5,Perth Scorchers,Sydney Sixers,AJ Turner,M Klinger,SNJ O'Keefe,1,0,,,,,,,,,
1152514,2018/19,2018-12-22,Sydney Cricket Ground,2,2.6,Perth Scorchers,Sydney Sixers,M Klinger,AJ Turner,SNJ O'Keefe,0,0,,,,,,lbw,M Klinger,,
1152514,2018/19,2018-12-22,Sydney Cricket Ground,2,3.1,Perth Scorchers,Sydney Sixers,AJ Turner,HWR Cartwright,SA Abbott,4,0,,,,,,,,,
1152514,2018/19,2018-12-22,Sydney Cricket Ground,2,3.2,Perth Scorchers,Sydney Sixers,AJ Turner,HWR Cartwright,SA Abbott,1,0,,,,,,,,,
1152514,2018/19,2018-12-22,Sydney Cricket Ground,2,3.3,Perth Scorchers,Sydney Sixers,HWR Cartwright,AJ Turner,SA Abbott,1,0,,,,,,,,,
1152514,2018/19,2018-12-22,Sydney Cricket Ground,2,3.4,Perth Scorchers,Sydney Sixers,AJ Turner,HWR Cartwright,SA Abbott,1,0,,,,,,,,,
1152514,2018/19,2018-12-22,Sydney Cricket Ground,2,3.5,Perth Scorchers,Sydney Sixers,HWR Cartwright,AJ Turner,SA Abbott,1,0,,,,,,,,,
1152514,2018/19,2018-12-22,Sydney Cricket Ground,2,3.6,Perth Scorchers,Sydney Sixers,AJ Turner,HWR Cartwright,SA Abbott,0,0,,,,,,,,,
1152514,2018/19,2018-12-22,Sydney Cricket Ground,2,4.1,Perth Scorchers,Sydney Sixers,HWR Cartwright,AJ Turner,SNJ O'Keefe,1,0,,,,,,,,,
1152514,2018/19,2018-12-22,Sydney Cricket Ground,2,4.2,Perth Scorchers,Sydney Sixers,AJ Turner,HWR Cartwright,SNJ O'Keefe,4,0,,,,,,,,,
1152514,2018/19,2018-12-22,Sydney Cricket Ground,2,4.3,Perth Scorchers,Sydney Sixers,AJ Turner,HWR Cartwright,SNJ O'Keefe,0,0,,,,,,,,,
1152514,2018/19,2018-12-22,Sydney Cricket Ground,2,4.4,Perth Scorchers,Sydney Sixers,AJ Turner,HWR Cartwright,SNJ O'Keefe,1,0,,,,,,,,,
1152514,2018/19,2018-12-22,Sydney Cricket Ground,2,4.5,Perth Scorchers,Sydney Sixers,HWR Cartwright,AJ Turner,SNJ O'Keefe,0,1,1,,,,,,,,
1152514,2018/19,2018-12-22,Sydney Cricket Ground,2,4.6,Perth Scorchers,Sydney Sixers,HWR Cartwright,AJ Turner,SNJ O'Keefe,0,0,,,,,,,,,
1152514,2018/19,2018-12-22,Sydney Cricket Ground,2,4.7,Perth Scorchers,Sydney Sixers,HWR Cartwright,AJ Turner,SNJ O'Keefe,1,0,,,,,,,,,
1152514,2018/19,2018-12-22,Sydney Cricket Ground,2,5.1,Perth Scorchers,Sydney Sixers,HWR Cartwright,AJ Turner,BJ Dwarshuis,0,0,,,,,,,,,
1152514,2018/19,2018-12-22,Sydney Cricket Ground,2,5.2,Perth Scorchers,Sydney Sixers,HWR Cartwright,AJ Turner,BJ Dwarshuis,1,0,,,,,,,,,
1152514,2018/19,2018-12-22,Sydney Cricket Ground,2,5.3,Perth Scorchers,Sydney Sixers,AJ Turner,HWR Cartwright,BJ Dwarshuis,1,0,,,,,,,,,
1152514,2018/19,2018-12-22,Sydney Cricket Ground,2,5.4,Perth Scorchers,Sydney Sixers,HWR Cartwright,AJ Turner,BJ Dwarshuis,1,0,,,,,,,,,
1152514,2018/19,2018-12-22,Sydney Cricket Ground,2,5.5,Perth Scorchers,Sydney Sixers,AJ Turner,HWR Cartwright,BJ Dwarshuis,0,0,,,,,,,,,
1152514,2018/19,2018-12-22,Sydney Cricket Ground,2,5.6,Perth Scorchers,Sydney Sixers,AJ Turner,HWR Cartwright,BJ Dwarshuis,2,0,,,,,,,,,
1152514,2018/19,2018-12-22,Sydney Cricket Ground,2,6.1,Perth Scorchers,Sydney Sixers,HWR Cartwright,AJ Turner,TK Curran,1,0,,,,,,,,,
1152514,2018/19,2018-12-22,Sydney Cricket Ground,2,6.2,Perth Scorchers,Sydney Sixers,AJ Turner,HWR Cartwright,TK Curran,2,0,,,,,,,,,
1152514,2018/19,2018-12-22,Sydney Cricket Ground,2,6.3,Perth Scorchers,Sydney Sixers,AJ Turner,HWR Cartwright,TK Curran,0,0,,,,,,,,,
1152514,2018/19,2018-12-22,Sydney Cricket Ground,2,6.4,Perth Scorchers,Sydney Sixers,AJ Turner,HWR Cartwright,TK Curran,1,0,,,,,,,,,
1152514,2018/19,2018-12-22,Sydney Cricket Ground,2,6.5,Perth Scorchers,Sydney Sixers,HWR Cartwright,AJ Turner,TK Curran,1,0,,,,,,,,,
1152514,2018/19,2018-12-22,Sydney Cricket Ground,2,6.6,Perth Scorchers,Sydney Sixers,AJ Turner,HWR Cartwright,TK Curran,0,0,,,,,,,,,
1152514,2018/19,2018-12-22,Sydney Cricket Ground,2,7.1,Perth Scorchers,Sydney Sixers,HWR Cartwright,AJ Turner,L Pope,1,0,,,,,,,,,
1152514,2018/19,2018-12-22,Sydney Cricket Ground,2,7.2,Perth Scorchers,Sydney Sixers,AJ Turner,HWR Cartwright,L Pope,1,0,,,,,,,,,
1152514,2018/19,2018-12-22,Sydney Cricket Ground,2,7.3,Perth Scorchers,Sydney Sixers,HWR Cartwright,AJ Turner,L Pope,0,0,,,,,,,,,
1152514,2018/19,2018-12-22,Sydney Cricket Ground,2,7.4,Perth Scorchers,Sydney Sixers,HWR Cartwright,AJ Turner,L Pope,0,0,,,,,,,,,
1152514,2018/19,2018-12-22,Sydney Cricket Ground,2,7.5,Perth Scorchers,Sydney Sixers,HWR Cartwright,AJ Turner,L Pope,1,0,,,,,,,,,
1152514,2018/19,2018-12-22,Sydney Cricket Ground,2,7.6,Perth Scorchers,Sydney Sixers,AJ Turner,HWR Cartwright,L Pope,1,0,,,,,,,,,
1152514,2018/19,2018-12-22,Sydney Cricket Ground,2,8.1,Perth Scorchers,Sydney Sixers,AJ Turner,HWR Cartwright,TK Curran,2,0,,,,,,,,,
1152514,2018/19,2018-12-22,Sydney Cricket Ground,2,8.2,Perth Scorchers,Sydney Sixers,AJ Turner,HWR Cartwright,TK Curran,0,0,,,,,,,,,
1152514,2018/19,2018-12-22,Sydney Cricket Ground,2,8.3,Perth Scorchers,Sydney Sixers,AJ Turner,HWR Cartwright,TK Curran,1,0,,,,,,,,,
1152514,2018/19,2018-12-22,Sydney Cricket Ground,2,8.4,Perth Scorchers,Sydney Sixers,HWR Cartwright,AJ Turner,TK Curran,4,0,,,,,,,,,
1152514,2018/19,2018-12-22,Sydney Cricket Ground,2,8.5,Perth Scorchers,Sydney Sixers,HWR Cartwright,AJ Turner,TK Curran,1,0,,,,,,,,,
1152514,2018/19,2018-12-22,Sydney Cricket Ground,2,8.6,Perth Scorchers,Sydney Sixers,AJ Turner,HWR Cartwright,TK Curran,1,0,,,,,,,,,
1152514,2018/19,2018-12-22,Sydney Cricket Ground,2,9.1,Perth Scorchers,Sydney Sixers,AJ Turner,HWR Cartwright,L Pope,1,0,,,,,,,,,
1152514,2018/19,2018-12-22,Sydney Cricket Ground,2,9.2,Perth Scorchers,Sydney Sixers,HWR Cartwright,AJ Turner,L Pope,3,0,,,,,,,,,
1152514,2018/19,2018-12-22,Sydney Cricket Ground,2,9.3,Perth Scorchers,Sydney Sixers,AJ Turner,HWR Cartwright,L Pope,2,0,,,,,,,,,
1152514,2018/19,2018-12-22,Sydney Cricket Ground,2,9.4,Perth Scorchers,Sydney Sixers,AJ Turner,HWR Cartwright,L Pope,1,0,,,,,,,,,
1152514,2018/19,2018-12-22,Sydney Cricket Ground,2,9.5,Perth Scorchers,Sydney Sixers,HWR Cartwright,AJ Turner,L Pope,6,0,,,,,,,,,
1152514,2018/19,2018-12-22,Sydney Cricket Ground,2,9.6,Perth Scorchers,Sydney Sixers,HWR Cartwright,AJ Turner,L Pope,0,0,,,,,,,,,
1152514,2018/19,2018-12-22,Sydney Cricket Ground,2,10.1,Perth Scorchers,Sydney Sixers,AJ Turner,HWR Cartwright,JL Denly,2,0,,,,,,,,,
1152514,2018/19,2018-12-22,Sydney Cricket Ground,2,10.2,Perth Scorchers,Sydney Sixers,AJ Turner,HWR Cartwright,JL Denly,2,0,,,,,,,,,
1152514,2018/19,2018-12-22,Sydney Cricket Ground,2,10.3,Perth Scorchers,Sydney Sixers,AJ Turner,HWR Cartwright,JL Denly,0,0,,,,,,,,,
1152514,2018/19,2018-12-22,Sydney Cricket Ground,2,10.4,Perth Scorchers,Sydney Sixers,AJ Turner,HWR Cartwright,JL Denly,2,0,,,,,,,,,
1152514,2018/19,2018-12-22,Sydney Cricket Ground,2,10.5,Perth Scorchers,Sydney Sixers,AJ Turner,HWR Cartwright,JL Denly,1,0,,,,,,,,,
1152514,2018/19,2018-12-22,Sydney Cricket Ground,2,10.6,Perth Scorchers,Sydney Sixers,HWR Cartwright,AJ Turner,JL Denly,1,0,,,,,,,,,
1152514,2018/19,2018-12-22,Sydney Cricket Ground,2,11.1,Perth Scorchers,Sydney Sixers,HWR Cartwright,AJ Turner,BJ Dwarshuis,0,0,,,,,,,,,
1152514,2018/19,2018-12-22,Sydney Cricket Ground,2,11.2,Perth Scorchers,Sydney Sixers,HWR Cartwright,AJ Turner,BJ Dwarshuis,2,0,,,,,,,,,
1152514,2018/19,2018-12-22,Sydney Cricket Ground,2,11.3,Perth Scorchers,Sydney Sixers,HWR Cartwright,AJ Turner,BJ Dwarshuis,0,1,1,,,,,,,,
1152514,2018/19,2018-12-22,Sydney Cricket Ground,2,11.4,Perth Scorchers,Sydney Sixers,HWR Cartwright,AJ Turner,BJ Dwarshuis,1,0,,,,,,,,,
1152514,2018/19,2018-12-22,Sydney Cricket Ground,2,11.5,Perth Scorchers,Sydney Sixers,AJ Turner,HWR Cartwright,BJ Dwarshuis,4,0,,,,,,,,,
1152514,2018/19,2018-12-22,Sydney Cricket Ground,2,11.6,Perth Scorchers,Sydney Sixers,AJ Turner,HWR Cartwright,BJ Dwarshuis,0,0,,,,,,,,,
1152514,2018/19,2018-12-22,Sydney Cricket Ground,2,11.7,Perth Scorchers,Sydney Sixers,AJ Turner,HWR Cartwright,BJ Dwarshuis,2,0,,,,,,,,,
1152514,2018/19,2018-12-22,Sydney Cricket Ground,2,12.1,Perth Scorchers,Sydney Sixers,HWR Cartwright,AJ Turner,SNJ O'Keefe,0,0,,,,,,,,,
1152514,2018/19,2018-12-22,Sydney Cricket Ground,2,12.2,Perth Scorchers,Sydney Sixers,HWR Cartwright,AJ Turner,SNJ O'Keefe,0,3,3,,,,,,,,
1152514,2018/19,2018-12-22,Sydney Cricket Ground,2,12.3,Perth Scorchers,Sydney Sixers,HWR Cartwright,AJ Turner,SNJ O'Keefe,1,0,,,,,,,,,
1152514,2018/19,2018-12-22,Sydney Cricket Ground,2,12.4,Perth Scorchers,Sydney Sixers,AJ Turner,HWR Cartwright,SNJ O'Keefe,1,0,,,,,,,,,
1152514,2018/19,2018-12-22,Sydney Cricket Ground,2,12.5,Perth Scorchers,Sydney Sixers,HWR Cartwright,AJ Turner,SNJ O'Keefe,0,0,,,,,,,,,
1152514,2018/19,2018-12-22,Sydney Cricket Ground,2,12.6,Perth Scorchers,Sydney Sixers,HWR Cartwright,AJ Turner,SNJ O'Keefe,1,0,,,,,,,,,
1152514,2018/19,2018-12-22,Sydney Cricket Ground,2,12.7,Perth Scorchers,Sydney Sixers,AJ Turner,HWR Cartwright,SNJ O'Keefe,1,0,,,,,,,,,
1152514,2018/19,2018-12-22,Sydney Cricket Ground,2,13.1,Perth Scorchers,Sydney Sixers,AJ Turner,HWR Cartwright,L Pope,1,0,,,,,,,,,
1152514,2018/19,2018-12-22,Sydney Cricket Ground,2,13.2,Perth Scorchers,Sydney Sixers,HWR Cartwright,AJ Turner,L Pope,4,0,,,,,,,,,
1152514,2018/19,2018-12-22,Sydney Cricket Ground,2,13.3,Perth Scorchers,Sydney Sixers,HWR Cartwright,AJ Turner,L Pope,1,0,,,,,,,,,
1152514,2018/19,2018-12-22,Sydney Cricket Ground,2,13.4,Perth Scorchers,Sydney Sixers,AJ Turner,HWR Cartwright,L Pope,1,0,,,,,,,,,
1152514,2018/19,2018-12-22,Sydney Cricket Ground,2,13.5,Perth Scorchers,Sydney Sixers,HWR Cartwright,AJ Turner,L Pope,4,0,,,,,,,,,
1152514,2018/19,2018-12-22,Sydney Cricket Ground,2,13.6,Perth Scorchers,Sydney Sixers,HWR Cartwright,AJ Turner,L Pope,4,0,,,,,,,,,
1152514,2018/19,2018-12-22,Sydney Cricket Ground,2,14.1,Perth Scorchers,Sydney Sixers,AJ Turner,HWR Cartwright,SA Abbott,4,0,,,,,,,,,
1152514,2018/19,2018-12-22,Sydney Cricket Ground,2,14.2,Perth Scorchers,Sydney Sixers,AJ Turner,HWR Cartwright,SA Abbott,0,1,,,,1,,,,,
1152514,2018/19,2018-12-22,Sydney Cricket Ground,2,14.3,Perth Scorchers,Sydney Sixers,HWR Cartwright,AJ Turner,SA Abbott,1,0,,,,,,,,,
1152514,2018/19,2018-12-22,Sydney Cricket Ground,2,14.4,Perth Scorchers,Sydney Sixers,AJ Turner,HWR Cartwright,SA Abbott,0,1,1,,,,,,,,
1152514,2018/19,2018-12-22,Sydney Cricket Ground,2,14.5,Perth Scorchers,Sydney Sixers,AJ Turner,HWR Cartwright,SA Abbott,0,0,,,,,,caught,AJ Turner,,
1152514,2018/19,2018-12-22,Sydney Cricket Ground,2,14.6,Perth Scorchers,Sydney Sixers,AC Agar,HWR Cartwright,SA Abbott,1,0,,,,,,,,,
1152514,2018/19,2018-12-22,Sydney Cricket Ground,2,14.7,Perth Scorchers,Sydney Sixers,HWR Cartwright,AC Agar,SA Abbott,2,0,,,,,,,,,
1152514,2018/19,2018-12-22,Sydney Cricket Ground,2,15.1,Perth Scorchers,Sydney Sixers,AC Agar,HWR Cartwright,BJ Dwarshuis,1,0,,,,,,,,,
1152514,2018/19,2018-12-22,Sydney Cricket Ground,2,15.2,Perth Scorchers,Sydney Sixers,HWR Cartwright,AC Agar,BJ Dwarshuis,2,0,,,,,,,,,
1152514,2018/19,2018-12-22,Sydney Cricket Ground,2,15.3,Perth Scorchers,Sydney Sixers,HWR Cartwright,AC Agar,BJ Dwarshuis,1,0,,,,,,,,,
1152514,2018/19,2018-12-22,Sydney Cricket Ground,2,15.4,Perth Scorchers,Sydney Sixers,AC Agar,HWR Cartwright,BJ Dwarshuis,0,0,,,,,,,,,
1152514,2018/19,2018-12-22,Sydney Cricket Ground,2,15.5,Perth Scorchers,Sydney Sixers,AC Agar,HWR Cartwright,BJ Dwarshuis,0,0,,,,,,bowled,AC Agar,,
1152514,2018/19,2018-12-22,Sydney Cricket Ground,2,15.6,Perth Scorchers,Sydney Sixers,WG Bosisto,HWR Cartwright,BJ Dwarshuis,1,0,,,,,,,,,
1152514,2018/19,2018-12-22,Sydney Cricket Ground,2,16.1,Perth Scorchers,Sydney Sixers,WG Bosisto,HWR Cartwright,SA Abbott,0,0,,,,,,caught,WG Bosisto,,
1152514,2018/19,2018-12-22,Sydney Cricket Ground,2,16.2,Perth Scorchers,Sydney Sixers,NM Coulter-Nile,HWR Cartwright,SA Abbott,1,0,,,,,,,,,
1152514,2018/19,2018-12-22,Sydney Cricket Ground,2,16.3,Perth Scorchers,Sydney Sixers,HWR Cartwright,NM Coulter-Nile,SA Abbott,1,0,,,,,,,,,
1152514,2018/19,2018-12-22,Sydney Cricket Ground,2,16.4,Perth Scorchers,Sydney Sixers,NM Coulter-Nile,HWR Cartwright,SA Abbott,1,0,,,,,,,,,
1152514,2018/19,2018-12-22,Sydney Cricket Ground,2,16.5,Perth Scorchers,Sydney Sixers,HWR Cartwright,NM Coulter-Nile,SA Abbott,0,0,,,,,,,,,
1152514,2018/19,2018-12-22,Sydney Cricket Ground,2,16.6,Perth Scorchers,Sydney Sixers,HWR Cartwright,NM Coulter-Nile,SA Abbott,2,0,,,,,,,,,
1152514,2018/19,2018-12-22,Sydney Cricket Ground,2,17.1,Perth Scorchers,Sydney Sixers,NM Coulter-Nile,HWR Cartwright,TK Curran,0,0,,,,,,,,,
1152514,2018/19,2018-12-22,Sydney Cricket Ground,2,17.2,Perth Scorchers,Sydney Sixers,NM Coulter-Nile,HWR Cartwright,TK Curran,2,0,,,,,,,,,
1152514,2018/19,2018-12-22,Sydney Cricket Ground,2,17.3,Perth Scorchers,Sydney Sixers,NM Coulter-Nile,HWR Cartwright,TK Curran,1,0,,,,,,,,,
1152514,2018/19,2018-12-22,Sydney Cricket Ground,2,17.4,Perth Scorchers,Sydney Sixers,HWR Cartwright,NM Coulter-Nile,TK Curran,1,1,,1,,,,run out,HWR Cartwright,,
1152514,2018/19,2018-12-22,Sydney Cricket Ground,2,17.5,Perth Scorchers,Sydney Sixers,JA Richardson,NM Coulter-Nile,TK Curran,2,0,,,,,,,,,
1152514,2018/19,2018-12-22,Sydney Cricket Ground,2,17.6,Perth Scorchers,Sydney Sixers,JA Richardson,NM Coulter-Nile,TK Curran,1,0,,,,,,,,,
1152514,2018/19,2018-12-22,Sydney Cricket Ground,2,17.7,Perth Scorchers,Sydney Sixers,NM Coulter-Nile,JA Richardson,TK Curran,1,0,,,,,,,,,
1152514,2018/19,2018-12-22,Sydney Cricket Ground,2,18.1,Perth Scorchers,Sydney Sixers,NM Coulter-Nile,JA Richardson,SA Abbott,1,0,,,,,,,,,
1152514,2018/19,2018-12-22,Sydney Cricket Ground,2,18.2,Perth Scorchers,Sydney Sixers,JA Richardson,NM Coulter-Nile,SA Abbott,2,0,,,,,,,,,
1152514,2018/19,2018-12-22,Sydney Cricket Ground,2,18.3,Perth Scorchers,Sydney Sixers,JA Richardson,NM Coulter-Nile,SA Abbott,1,0,,,,,,,,,
1152514,2018/19,2018-12-22,Sydney Cricket Ground,2,18.4,Perth Scorchers,Sydney Sixers,NM Coulter-Nile,JA Richardson,SA Abbott,2,0,,,,,,,,,
1152514,2018/19,2018-12-22,Sydney Cricket Ground,2,18.5,Perth Scorchers,Sydney Sixers,NM Coulter-Nile,JA Richardson,SA Abbott,0,0,,,,,,caught,NM Coulter-Nile,,
1152514,2018/19,2018-12-22,Sydney Cricket Ground,2,18.6,Perth Scorchers,Sydney Sixers,JA Richardson,AJ Tye,SA Abbott,1,0,,,,,,,,,
1152514,2018/19,2018-12-22,Sydney Cricket Ground,2,19.1,Perth Scorchers,Sydney Sixers,JA Richardson,AJ Tye,TK Curran,0,0,,,,,,,,,
1152514,2018/19,2018-12-22,Sydney Cricket Ground,2,19.2,Perth Scorchers,Sydney Sixers,JA Richardson,AJ Tye,TK Curran,0,0,,,,,,,,,
1152514,2018/19,2018-12-22,Sydney Cricket Ground,2,19.3,Perth Scorchers,Sydney Sixers,JA Richardson,AJ Tye,TK Curran,4,0,,,,,,,,,
1152514,2018/19,2018-12-22,Sydney Cricket Ground,2,19.4,Perth Scorchers,Sydney Sixers,JA Richardson,AJ Tye,TK Curran,0,1,,,,1,,,,,
1152514,2018/19,2018-12-22,Sydney Cricket Ground,2,19.5,Perth Scorchers,Sydney Sixers,AJ Tye,JA Richardson,TK Curran,1,0,,,,,,,,,
1152514,2018/19,2018-12-22,Sydney Cricket Ground,2,19.6,Perth Scorchers,Sydney Sixers,JA Richardson,AJ Tye,TK Curran,4,0,,,,,,,,,
