match_id,season,start_date,venue,innings,ball,batting_team,bowling_team,striker,non_striker,bowler,runs_off_bat,extras,wides,noballs,byes,legbyes,penalty,wicket_type,player_dismissed,other_wicket_type,other_player_dismissed
1152529,2018/19,2019-01-04,Bellerive Oval,1,0.1,Sydney Sixers,Hobart Hurricanes,JL Denly,J Avendano,JP Faulkner,0,0,,,,,,,,,
1152529,2018/19,2019-01-04,Bellerive Oval,1,0.2,Sydney Sixers,Hobart Hurricanes,JL Denly,J Avendano,JP Faulkner,4,0,,,,,,,,,
1152529,2018/19,2019-01-04,Bellerive Oval,1,0.3,Sydney Sixers,Hobart Hurricanes,JL Denly,J Avendano,JP Faulkner,0,1,,,,1,,,,,
1152529,2018/19,2019-01-04,Bellerive Oval,1,0.4,Sydney Sixers,Hobart Hurricanes,J Avendano,JL Denly,JP Faulkner,4,0,,,,,,,,,
1152529,2018/19,2019-01-04,Bellerive Oval,1,0.5,Sydney Sixers,Hobart Hurricanes,J Avendano,JL Denly,JP Faulkner,0,0,,,,,,,,,
1152529,2018/19,2019-01-04,Bellerive Oval,1,0.6,Sydney Sixers,Hobart Hurricanes,J Avendano,JL Denly,JP Faulkner,0,1,1,,,,,,,,
1152529,2018/19,2019-01-04,Bellerive Oval,1,0.7,Sydney Sixers,Hobart Hurricanes,J Avendano,JL Denly,JP Faulkner,0,0,,,,,,,,,
1152529,2018/19,2019-01-04,Bellerive Oval,1,1.1,Sydney Sixers,Hobart Hurricanes,JL Denly,J Avendano,JC Archer,0,0,,,,,,,,,
1152529,2018/19,2019-01-04,Bellerive Oval,1,1.2,Sydney Sixers,Hobart Hurricanes,JL Denly,J Avendano,JC Archer,1,0,,,,,,,,,
1152529,2018/19,2019-01-04,Bellerive Oval,1,1.3,Sydney Sixers,Hobart Hurricanes,J Avendano,JL Denly,JC Archer,0,0,,,,,,,,,
1152529,2018/19,2019-01-04,Bellerive Oval,1,1.4,Sydney Sixers,Hobart Hurricanes,J Avendano,JL Denly,JC Archer,1,0,,,,,,,,,
1152529,2018/19,2019-01-04,Bellerive Oval,1,1.5,Sydney Sixers,Hobart Hurricanes,JL Denly,J Avendano,JC Archer,4,0,,,,,,,,,
1152529,2018/19,2019-01-04,Bellerive Oval,1,1.6,Sydney Sixers,Hobart Hurricanes,JL Denly,J Avendano,JC Archer,1,0,,,,,,,,,
1152529,2018/19,2019-01-04,Bellerive Oval,1,2.1,Sydney Sixers,Hobart Hurricanes,JL Denly,J Avendano,J Botha,0,0,,,,,,,,,
1152529,2018/19,2019-01-04,Bellerive Oval,1,2.2,Sydney Sixers,Hobart Hurricanes,JL Denly,J Avendano,J Botha,0,0,,,,,,,,,
1152529,2018/19,2019-01-04,Bellerive Oval,1,2.3,Sydney Sixers,Hobart Hurricanes,JL Denly,J Avendano,J Botha,0,0,,,,,,bowled,JL Denly,,
1152529,2018/19,2019-01-04,Bellerive Oval,1,2.4,Sydney Sixers,Hobart Hurricanes,DP Hughes,J Avendano,J Botha,1,0,,,,,,,,,
1152529,2018/19,2019-01-04,Bellerive Oval,1,2.5,Sydney Sixers,Hobart Hurricanes,J Avendano,DP Hughes,J Botha,0,0,,,,,,,,,
1152529,2018/19,2019-01-04,Bellerive Oval,1,2.6,Sydney Sixers,Hobart Hurricanes,J Avendano,DP Hughes,J Botha,0,0,,,,,,,,,
1152529,2018/19,2019-01-04,Bellerive Oval,1,3.1,Sydney Sixers,Hobart Hurricanes,DP Hughes,J Avendano,RP Meredith,0,0,,,,,,,,,
1152529,2018/19,2019-01-04,Bellerive Oval,1,3.2,Sydney Sixers,Hobart Hurricanes,DP Hughes,J Avendano,RP Meredith,4,0,,,,,,,,,
1152529,2018/19,2019-01-04,Bellerive Oval,1,3.3,Sydney Sixers,Hobart Hurricanes,DP Hughes,J Avendano,RP Meredith,0,0,,,,,,,,,
1152529,2018/19,2019-01-04,Bellerive Oval,1,3.4,Sydney Sixers,Hobart Hurricanes,DP Hughes,J Avendano,RP Meredith,0,0,,,,,,,,,
1152529,2018/19,2019-01-04,Bellerive Oval,1,3.5,Sydney Sixers,Hobart Hurricanes,DP Hughes,J Avendano,RP Meredith,0,0,,,,,,,,,
1152529,2018/19,2019-01-04,Bellerive Oval,1,3.6,Sydney Sixers,Hobart Hurricanes,DP Hughes,J Avendano,RP Meredith,0,1,1,,,,,,,,
1152529,2018/19,2019-01-04,Bellerive Oval,1,3.7,Sydney Sixers,Hobart Hurricanes,DP Hughes,J Avendano,RP Meredith,4,0,,,,,,,,,
1152529,2018/19,2019-01-04,Bellerive Oval,1,4.1,Sydney Sixers,Hobart Hurricanes,J Avendano,DP Hughes,J Botha,0,0,,,,,,caught,J Avendano,,
1152529,2018/19,2019-01-04,Bellerive Oval,1,4.2,Sydney Sixers,Hobart Hurricanes,MC Henriques,DP Hughes,J Botha,4,0,,,,,,,,,
1152529,2018/19,2019-01-04,Bellerive Oval,1,4.3,Sydney Sixers,Hobart Hurricanes,MC Henriques,DP Hughes,J Botha,2,0,,,,,,,,,
1152529,2018/19,2019-01-04,Bellerive Oval,1,4.4,Sydney Sixers,Hobart Hurricanes,MC Henriques,DP Hughes,J Botha,0,0,,,,,,,,,
1152529,2018/19,2019-01-04,Bellerive Oval,1,4.5,Sydney Sixers,Hobart Hurricanes,MC Henriques,DP Hughes,J Botha,1,0,,,,,,,,,
1152529,2018/19,2019-01-04,Bellerive Oval,1,4.6,Sydney Sixers,Hobart Hurricanes,DP Hughes,MC Henriques,J Botha,0,0,,,,,,,,,
1152529,2018/19,2019-01-04,Bellerive Oval,1,5.1,Sydney Sixers,Hobart Hurricanes,MC Henriques,DP Hughes,JC Archer,1,0,,,,,,,,,
1152529,2018/19,2019-01-04,Bellerive Oval,1,5.2,Sydney Sixers,Hobart Hurricanes,DP Hughes,MC Henriques,JC Archer,1,0,,,,,,,,,
1152529,2018/19,2019-01-04,Bellerive Oval,1,5.3,Sydney Sixers,Hobart Hurricanes,MC Henriques,DP Hughes,JC Archer,3,0,,,,,,,,,
1152529,2018/19,2019-01-04,Bellerive Oval,1,5.4,Sydney Sixers,Hobart Hurricanes,DP Hughes,MC Henriques,JC Archer,4,0,,,,,,,,,
1152529,2018/19,2019-01-04,Bellerive Oval,1,5.5,Sydney Sixers,Hobart Hurricanes,DP Hughes,MC Henriques,JC Archer,0,0,,,,,,,,,
1152529,2018/19,2019-01-04,Bellerive Oval,1,5.6,Sydney Sixers,Hobart Hurricanes,DP Hughes,MC Henriques,JC Archer,2,0,,,,,,,,,
1152529,2018/19,2019-01-04,Bellerive Oval,1,6.1,Sydney Sixers,Hobart Hurricanes,MC Henriques,DP Hughes,RP Meredith,1,0,,,,,,,,,
1152529,2018/19,2019-01-04,Bellerive Oval,1,6.2,Sydney Sixers,Hobart Hurricanes,DP Hughes,MC Henriques,RP Meredith,1,0,,,,,,,,,
1152529,2018/19,2019-01-04,Bellerive Oval,1,6.3,Sydney Sixers,Hobart Hurricanes,MC Henriques,DP Hughes,RP Meredith,0,0,,,,,,,,,
1152529,2018/19,2019-01-04,Bellerive Oval,1,6.4,Sydney Sixers,Hobart Hurricanes,MC Henriques,DP Hughes,RP Meredith,0,0,,,,,,,,,
1152529,2018/19,2019-01-04,Bellerive Oval,1,6.5,Sydney Sixers,Hobart Hurricanes,MC Henriques,DP Hughes,RP Meredith,1,0,,,,,,,,,
1152529,2018/19,2019-01-04,Bellerive Oval,1,6.6,Sydney Sixers,Hobart Hurricanes,DP Hughes,MC Henriques,RP Meredith,0,0,,,,,,,,,
1152529,2018/19,2019-01-04,Bellerive Oval,1,7.1,Sydney Sixers,Hobart Hurricanes,MC Henriques,DP Hughes,CA Rose,1,0,,,,,,,,,
1152529,2018/19,2019-01-04,Bellerive Oval,1,7.2,Sydney Sixers,Hobart Hurricanes,DP Hughes,MC Henriques,CA Rose,1,0,,,,,,,,,
1152529,2018/19,2019-01-04,Bellerive Oval,1,7.3,Sydney Sixers,Hobart Hurricanes,MC Henriques,DP Hughes,CA Rose,0,0,,,,,,,,,
1152529,2018/19,2019-01-04,Bellerive Oval,1,7.4,Sydney Sixers,Hobart Hurricanes,MC Henriques,DP Hughes,CA Rose,1,0,,,,,,,,,
1152529,2018/19,2019-01-04,Bellerive Oval,1,7.5,Sydney Sixers,Hobart Hurricanes,DP Hughes,MC Henriques,CA Rose,6,0,,,,,,,,,
1152529,2018/19,2019-01-04,Bellerive Oval,1,7.6,Sydney Sixers,Hobart Hurricanes,DP Hughes,MC Henriques,CA Rose,1,0,,,,,,,,,
1152529,2018/19,2019-01-04,Bellerive Oval,1,8.1,Sydney Sixers,Hobart Hurricanes,DP Hughes,MC Henriques,JP Faulkner,4,0,,,,,,,,,
1152529,2018/19,2019-01-04,Bellerive Oval,1,8.2,Sydney Sixers,Hobart Hurricanes,DP Hughes,MC Henriques,JP Faulkner,2,0,,,,,,,,,
1152529,2018/19,2019-01-04,Bellerive Oval,1,8.3,Sydney Sixers,Hobart Hurricanes,DP Hughes,MC Henriques,JP Faulkner,1,0,,,,,,,,,
1152529,2018/19,2019-01-04,Bellerive Oval,1,8.4,Sydney Sixers,Hobart Hurricanes,MC Henriques,DP Hughes,JP Faulkner,2,0,,,,,,,,,
1152529,2018/19,2019-01-04,Bellerive Oval,1,8.5,Sydney Sixers,Hobart Hurricanes,MC Henriques,DP Hughes,JP Faulkner,1,0,,,,,,,,,
1152529,2018/19,2019-01-04,Bellerive Oval,1,8.6,Sydney Sixers,Hobart Hurricanes,DP Hughes,MC Henriques,JP Faulkner,1,0,,,,,,,,,
1152529,2018/19,2019-01-04,Bellerive Oval,1,9.1,Sydney Sixers,Hobart Hurricanes,DP Hughes,MC Henriques,DJM Short,1,0,,,,,,,,,
1152529,2018/19,2019-01-04,Bellerive Oval,1,9.2,Sydney Sixers,Hobart Hurricanes,MC Henriques,DP Hughes,DJM Short,1,0,,,,,,,,,
1152529,2018/19,2019-01-04,Bellerive Oval,1,9.3,Sydney Sixers,Hobart Hurricanes,DP Hughes,MC Henriques,DJM Short,0,0,,,,,,,,,
1152529,2018/19,2019-01-04,Bellerive Oval,1,9.4,Sydney Sixers,Hobart Hurricanes,DP Hughes,MC Henriques,DJM Short,1,0,,,,,,,,,
1152529,2018/19,2019-01-04,Bellerive Oval,1,9.5,Sydney Sixers,Hobart Hurricanes,MC Henriques,DP Hughes,DJM Short,2,0,,,,,,,,,
1152529,2018/19,2019-01-04,Bellerive Oval,1,9.6,Sydney Sixers,Hobart Hurricanes,MC Henriques,DP Hughes,DJM Short,1,0,,,,,,,,,
1152529,2018/19,2019-01-04,Bellerive Oval,1,10.1,Sydney Sixers,Hobart Hurricanes,MC Henriques,DP Hughes,J Botha,1,0,,,,,,,,,
1152529,2018/19,2019-01-04,Bellerive Oval,1,10.2,Sydney Sixers,Hobart Hurricanes,DP Hughes,MC Henriques,J Botha,1,0,,,,,,,,,
1152529,2018/19,2019-01-04,Bellerive Oval,1,10.3,Sydney Sixers,Hobart Hurricanes,MC Henriques,DP Hughes,J Botha,6,0,,,,,,,,,
1152529,2018/19,2019-01-04,Bellerive Oval,1,10.4,Sydney Sixers,Hobart Hurricanes,MC Henriques,DP Hughes,J Botha,1,0,,,,,,,,,
1152529,2018/19,2019-01-04,Bellerive Oval,1,10.5,Sydney Sixers,Hobart Hurricanes,DP Hughes,MC Henriques,J Botha,1,0,,,,,,,,,
1152529,2018/19,2019-01-04,Bellerive Oval,1,10.6,Sydney Sixers,Hobart Hurricanes,MC Henriques,DP Hughes,J Botha,0,0,,,,,,,,,
1152529,2018/19,2019-01-04,Bellerive Oval,1,11.1,Sydney Sixers,Hobart Hurricanes,DP Hughes,MC Henriques,DJM Short,6,0,,,,,,,,,
1152529,2018/19,2019-01-04,Bellerive Oval,1,11.2,Sydney Sixers,Hobart Hurricanes,DP Hughes,MC Henriques,DJM Short,1,0,,,,,,,,,
1152529,2018/19,2019-01-04,Bellerive Oval,1,11.3,Sydney Sixers,Hobart Hurricanes,MC Henriques,DP Hughes,DJM Short,1,0,,,,,,,,,
1152529,2018/19,2019-01-04,Bellerive Oval,1,11.4,Sydney Sixers,Hobart Hurricanes,DP Hughes,MC Henriques,DJM Short,1,0,,,,,,,,,
1152529,2018/19,2019-01-04,Bellerive Oval,1,11.5,Sydney Sixers,Hobart Hurricanes,MC Henriques,DP Hughes,DJM Short,0,0,,,,,,run out,MC Henriques,,
1152529,2018/19,2019-01-04,Bellerive Oval,1,11.6,Sydney Sixers,Hobart Hurricanes,DP Hughes,JC Silk,DJM Short,1,0,,,,,,,,,
1152529,2018/19,2019-01-04,Bellerive Oval,1,12.1,Sydney Sixers,Hobart Hurricanes,DP Hughes,JC Silk,RP Meredith,1,0,,,,,,,,,
1152529,2018/19,2019-01-04,Bellerive Oval,1,12.2,Sydney Sixers,Hobart Hurricanes,JC Silk,DP Hughes,RP Meredith,1,0,,,,,,,,,
1152529,2018/19,2019-01-04,Bellerive Oval,1,12.3,Sydney Sixers,Hobart Hurricanes,DP Hughes,JC Silk,RP Meredith,1,0,,,,,,,,,
1152529,2018/19,2019-01-04,Bellerive Oval,1,12.4,Sydney Sixers,Hobart Hurricanes,JC Silk,DP Hughes,RP Meredith,1,0,,,,,,,,,
1152529,2018/19,2019-01-04,Bellerive Oval,1,12.5,Sydney Sixers,Hobart Hurricanes,DP Hughes,JC Silk,RP Meredith,2,0,,,,,,,,,
1152529,2018/19,2019-01-04,Bellerive Oval,1,12.6,Sydney Sixers,Hobart Hurricanes,DP Hughes,JC Silk,RP Meredith,4,0,,,,,,,,,
1152529,2018/19,2019-01-04,Bellerive Oval,1,13.1,Sydney Sixers,Hobart Hurricanes,JC Silk,DP Hughes,DJM Short,1,0,,,,,,,,,
1152529,2018/19,2019-01-04,Bellerive Oval,1,13.2,Sydney Sixers,Hobart Hurricanes,DP Hughes,JC Silk,DJM Short,2,0,,,,,,,,,
1152529,2018/19,2019-01-04,Bellerive Oval,1,13.3,Sydney Sixers,Hobart Hurricanes,DP Hughes,JC Silk,DJM Short,1,0,,,,,,,,,
1152529,2018/19,2019-01-04,Bellerive Oval,1,13.4,Sydney Sixers,Hobart Hurricanes,JC Silk,DP Hughes,DJM Short,1,0,,,,,,,,,
1152529,2018/19,2019-01-04,Bellerive Oval,1,13.5,Sydney Sixers,Hobart Hurricanes,DP Hughes,JC Silk,DJM Short,1,0,,,,,,,,,
1152529,2018/19,2019-01-04,Bellerive Oval,1,13.6,Sydney Sixers,Hobart Hurricanes,JC Silk,DP Hughes,DJM Short,4,0,,,,,,,,,
1152529,2018/19,2019-01-04,Bellerive Oval,1,14.1,Sydney Sixers,Hobart Hurricanes,DP Hughes,JC Silk,J Botha,1,0,,,,,,,,,
1152529,2018/19,2019-01-04,Bellerive Oval,1,14.2,Sydney Sixers,Hobart Hurricanes,JC Silk,DP Hughes,J Botha,0,0,,,,,,,,,
1152529,2018/19,2019-01-04,Bellerive Oval,1,14.3,Sydney Sixers,Hobart Hurricanes,JC Silk,DP Hughes,J Botha,0,0,,,,,,,,,
1152529,2018/19,2019-01-04,Bellerive Oval,1,14.4,Sydney Sixers,Hobart Hurricanes,JC Silk,DP Hughes,J Botha,1,0,,,,,,,,,
1152529,2018/19,2019-01-04,Bellerive Oval,1,14.5,Sydney Sixers,Hobart Hurricanes,DP Hughes,JC Silk,J Botha,2,0,,,,,,,,,
1152529,2018/19,2019-01-04,Bellerive Oval,1,14.6,Sydney Sixers,Hobart Hurricanes,DP Hughes,JC Silk,J Botha,0,0,,,,,,caught,DP Hughes,,
1152529,2018/19,2019-01-04,Bellerive Oval,1,15.1,Sydney Sixers,Hobart Hurricanes,JR Philippe,JC Silk,JP Faulkner,0,0,,,,,,,,,
1152529,2018/19,2019-01-04,Bellerive Oval,1,15.2,Sydney Sixers,Hobart Hurricanes,JR Philippe,JC Silk,JP Faulkner,1,0,,,,,,,,,
1152529,2018/19,2019-01-04,Bellerive Oval,1,15.3,Sydney Sixers,Hobart Hurricanes,JC Silk,JR Philippe,JP Faulkner,0,0,,,,,,,,,
1152529,2018/19,2019-01-04,Bellerive Oval,1,15.4,Sydney Sixers,Hobart Hurricanes,JC Silk,JR Philippe,JP Faulkner,0,0,,,,,,caught,JC Silk,,
1152529,2018/19,2019-01-04,Bellerive Oval,1,15.5,Sydney Sixers,Hobart Hurricanes,TK Curran,JR Philippe,JP Faulkner,1,0,,,,,,,,,
1152529,2018/19,2019-01-04,Bellerive Oval,1,15.6,Sydney Sixers,Hobart Hurricanes,JR Philippe,TK Curran,JP Faulkner,1,0,,,,,,,,,
1152529,2018/19,2019-01-04,Bellerive Oval,1,16.1,Sydney Sixers,Hobart Hurricanes,JR Philippe,TK Curran,JC Archer,2,0,,,,,,,,,
1152529,2018/19,2019-01-04,Bellerive Oval,1,16.2,Sydney Sixers,Hobart Hurricanes,JR Philippe,TK Curran,JC Archer,4,0,,,,,,,,,
1152529,2018/19,2019-01-04,Bellerive Oval,1,16.3,Sydney Sixers,Hobart Hurricanes,JR Philippe,TK Curran,JC Archer,1,0,,,,,,,,,
1152529,2018/19,2019-01-04,Bellerive Oval,1,16.4,Sydney Sixers,Hobart Hurricanes,TK Curran,JR Philippe,JC Archer,0,0,,,,,,,,,
1152529,2018/19,2019-01-04,Bellerive Oval,1,16.5,Sydney Sixers,Hobart Hurricanes,TK Curran,JR Philippe,JC Archer,4,0,,,,,,,,,
1152529,2018/19,2019-01-04,Bellerive Oval,1,16.6,Sydney Sixers,Hobart Hurricanes,TK Curran,JR Philippe,JC Archer,1,0,,,,,,,,,
1152529,2018/19,2019-01-04,Bellerive Oval,1,17.1,Sydney Sixers,Hobart Hurricanes,TK Curran,JR Philippe,RP Meredith,4,0,,,,,,,,,
1152529,2018/19,2019-01-04,Bellerive Oval,1,17.2,Sydney Sixers,Hobart Hurricanes,TK Curran,JR Philippe,RP Meredith,0,0,,,,,,,,,
1152529,2018/19,2019-01-04,Bellerive Oval,1,17.3,Sydney Sixers,Hobart Hurricanes,TK Curran,JR Philippe,RP Meredith,1,0,,,,,,,,,
1152529,2018/19,2019-01-04,Bellerive Oval,1,17.4,Sydney Sixers,Hobart Hurricanes,JR Philippe,TK Curran,RP Meredith,1,0,,,,,,,,,
1152529,2018/19,2019-01-04,Bellerive Oval,1,17.5,Sydney Sixers,Hobart Hurricanes,TK Curran,JR Philippe,RP Meredith,1,0,,,,,,,,,
1152529,2018/19,2019-01-04,Bellerive Oval,1,17.6,Sydney Sixers,Hobart Hurricanes,JR Philippe,TK Curran,RP Meredith,1,0,,,,,,,,,
1152529,2018/19,2019-01-04,Bellerive Oval,1,18.1,Sydney Sixers,Hobart Hurricanes,JR Philippe,TK Curran,JC Archer,0,0,,,,,,caught,JR Philippe,,
1152529,2018/19,2019-01-04,Bellerive Oval,1,18.2,Sydney Sixers,Hobart Hurricanes,TK Curran,SA Abbott,JC Archer,1,0,,,,,,,,,
1152529,2018/19,2019-01-04,Bellerive Oval,1,18.3,Sydney Sixers,Hobart Hurricanes,SA Abbott,TK Curran,JC Archer,1,0,,,,,,,,,
1152529,2018/19,2019-01-04,Bellerive Oval,1,18.4,Sydney Sixers,Hobart Hurricanes,TK Curran,SA Abbott,JC Archer,4,0,,,,,,,,,
1152529,2018/19,2019-01-04,Bellerive Oval,1,18.5,Sydney Sixers,Hobart Hurricanes,TK Curran,SA Abbott,JC Archer,0,0,,,,,,,,,
1152529,2018/19,2019-01-04,Bellerive Oval,1,18.6,Sydney Sixers,Hobart Hurricanes,TK Curran,SA Abbott,JC Archer,0,0,,,,,,,,,
1152529,2018/19,2019-01-04,Bellerive Oval,1,19.1,Sydney Sixers,Hobart Hurricanes,SA Abbott,TK Curran,JP Faulkner,6,0,,,,,,,,,
1152529,2018/19,2019-01-04,Bellerive Oval,1,19.2,Sydney Sixers,Hobart Hurricanes,SA Abbott,TK Curran,JP Faulkner,0,0,,,,,,caught,SA Abbott,,
1152529,2018/19,2019-01-04,Bellerive Oval,1,19.3,Sydney Sixers,Hobart Hurricanes,TK Curran,SNJ O'Keefe,JP Faulkner,2,0,,,,,,,,,
1152529,2018/19,2019-01-04,Bellerive Oval,1,19.4,Sydney Sixers,Hobart Hurricanes,TK Curran,SNJ O'Keefe,JP Faulkner,0,0,,,,,,caught,TK Curran,,
1152529,2018/19,2019-01-04,Bellerive Oval,1,19.5,Sydney Sixers,Hobart Hurricanes,SNJ O'Keefe,BJ Dwarshuis,JP Faulkner,4,0,,,,,,,,,
1152529,2018/19,2019-01-04,Bellerive Oval,1,19.6,Sydney Sixers,Hobart Hurricanes,SNJ O'Keefe,BJ Dwarshuis,JP Faulkner,1,0,,,,,,,,,
1152529,2018/19,2019-01-04,Bellerive Oval,2,0.1,Hobart Hurricanes,Sydney Sixers,MS Wade,DJM Short,BAD Manenti,1,0,,,,,,,,,
1152529,2018/19,2019-01-04,Bellerive Oval,2,0.2,Hobart Hurricanes,Sydney Sixers,DJM Short,MS Wade,BAD Manenti,4,0,,,,,,,,,
1152529,2018/19,2019-01-04,Bellerive Oval,2,0.3,Hobart Hurricanes,Sydney Sixers,DJM Short,MS Wade,BAD Manenti,0,0,,,,,,,,,
1152529,2018/19,2019-01-04,Bellerive Oval,2,0.4,Hobart Hurricanes,Sydney Sixers,DJM Short,MS Wade,BAD Manenti,1,0,,,,,,,,,
1152529,2018/19,2019-01-04,Bellerive Oval,2,0.5,Hobart Hurricanes,Sydney Sixers,MS Wade,DJM Short,BAD Manenti,0,0,,,,,,,,,
1152529,2018/19,2019-01-04,Bellerive Oval,2,0.6,Hobart Hurricanes,Sydney Sixers,MS Wade,DJM Short,BAD Manenti,0,0,,,,,,,,,
1152529,2018/19,2019-01-04,Bellerive Oval,2,1.1,Hobart Hurricanes,Sydney Sixers,DJM Short,MS Wade,BJ Dwarshuis,4,0,,,,,,,,,
1152529,2018/19,2019-01-04,Bellerive Oval,2,1.2,Hobart Hurricanes,Sydney Sixers,DJM Short,MS Wade,BJ Dwarshuis,1,0,,,,,,,,,
1152529,2018/19,2019-01-04,Bellerive Oval,2,1.3,Hobart Hurricanes,Sydney Sixers,MS Wade,DJM Short,BJ Dwarshuis,0,0,,,,,,,,,
1152529,2018/19,2019-01-04,Bellerive Oval,2,1.4,Hobart Hurricanes,Sydney Sixers,MS Wade,DJM Short,BJ Dwarshuis,1,0,,,,,,,,,
1152529,2018/19,2019-01-04,Bellerive Oval,2,1.5,Hobart Hurricanes,Sydney Sixers,DJM Short,MS Wade,BJ Dwarshuis,0,0,,,,,,,,,
1152529,2018/19,2019-01-04,Bellerive Oval,2,1.6,Hobart Hurricanes,Sydney Sixers,DJM Short,MS Wade,BJ Dwarshuis,0,0,,,,,,,,,
1152529,2018/19,2019-01-04,Bellerive Oval,2,2.1,Hobart Hurricanes,Sydney Sixers,MS Wade,DJM Short,BAD Manenti,4,0,,,,,,,,,
1152529,2018/19,2019-01-04,Bellerive Oval,2,2.2,Hobart Hurricanes,Sydney Sixers,MS Wade,DJM Short,BAD Manenti,4,0,,,,,,,,,
1152529,2018/19,2019-01-04,Bellerive Oval,2,2.3,Hobart Hurricanes,Sydney Sixers,MS Wade,DJM Short,BAD Manenti,1,0,,,,,,,,,
1152529,2018/19,2019-01-04,Bellerive Oval,2,2.4,Hobart Hurricanes,Sydney Sixers,DJM Short,MS Wade,BAD Manenti,0,0,,,,,,,,,
1152529,2018/19,2019-01-04,Bellerive Oval,2,2.5,Hobart Hurricanes,Sydney Sixers,DJM Short,MS Wade,BAD Manenti,4,0,,,,,,,,,
1152529,2018/19,2019-01-04,Bellerive Oval,2,2.6,Hobart Hurricanes,Sydney Sixers,DJM Short,MS Wade,BAD Manenti,1,0,,,,,,,,,
1152529,2018/19,2019-01-04,Bellerive Oval,2,3.1,Hobart Hurricanes,Sydney Sixers,DJM Short,MS Wade,TK Curran,1,0,,,,,,,,,
1152529,2018/19,2019-01-04,Bellerive Oval,2,3.2,Hobart Hurricanes,Sydney Sixers,MS Wade,DJM Short,TK Curran,2,0,,,,,,,,,
1152529,2018/19,2019-01-04,Bellerive Oval,2,3.3,Hobart Hurricanes,Sydney Sixers,MS Wade,DJM Short,TK Curran,2,0,,,,,,,,,
1152529,2018/19,2019-01-04,Bellerive Oval,2,3.4,Hobart Hurricanes,Sydney Sixers,MS Wade,DJM Short,TK Curran,0,1,1,,,,,,,,
1152529,2018/19,2019-01-04,Bellerive Oval,2,3.5,Hobart Hurricanes,Sydney Sixers,MS Wade,DJM Short,TK Curran,0,0,,,,,,caught,MS Wade,,
1152529,2018/19,2019-01-04,Bellerive Oval,2,3.6,Hobart Hurricanes,Sydney Sixers,DJM Short,AJ Doolan,TK Curran,1,0,,,,,,,,,
1152529,2018/19,2019-01-04,Bellerive Oval,2,3.7,Hobart Hurricanes,Sydney Sixers,AJ Doolan,DJM Short,TK Curran,0,0,,,,,,,,,
1152529,2018/19,2019-01-04,Bellerive Oval,2,4.1,Hobart Hurricanes,Sydney Sixers,DJM Short,AJ Doolan,BJ Dwarshuis,3,0,,,,,,,,,
1152529,2018/19,2019-01-04,Bellerive Oval,2,4.2,Hobart Hurricanes,Sydney Sixers,AJ Doolan,DJM Short,BJ Dwarshuis,0,0,,,,,,,,,
1152529,2018/19,2019-01-04,Bellerive Oval,2,4.3,Hobart Hurricanes,Sydney Sixers,AJ Doolan,DJM Short,BJ Dwarshuis,0,0,,,,,,,,,
1152529,2018/19,2019-01-04,Bellerive Oval,2,4.4,Hobart Hurricanes,Sydney Sixers,AJ Doolan,DJM Short,BJ Dwarshuis,1,0,,,,,,,,,
1152529,2018/19,2019-01-04,Bellerive Oval,2,4.5,Hobart Hurricanes,Sydney Sixers,DJM Short,AJ Doolan,BJ Dwarshuis,0,0,,,,,,,,,
1152529,2018/19,2019-01-04,Bellerive Oval,2,4.6,Hobart Hurricanes,Sydney Sixers,DJM Short,AJ Doolan,BJ Dwarshuis,1,0,,,,,,,,,
1152529,2018/19,2019-01-04,Bellerive Oval,2,5.1,Hobart Hurricanes,Sydney Sixers,DJM Short,AJ Doolan,TK Curran,0,0,,,,,,,,,
1152529,2018/19,2019-01-04,Bellerive Oval,2,5.2,Hobart Hurricanes,Sydney Sixers,DJM Short,AJ Doolan,TK Curran,1,0,,,,,,,,,
1152529,2018/19,2019-01-04,Bellerive Oval,2,5.3,Hobart Hurricanes,Sydney Sixers,AJ Doolan,DJM Short,TK Curran,2,0,,,,,,,,,
1152529,2018/19,2019-01-04,Bellerive Oval,2,5.4,Hobart Hurricanes,Sydney Sixers,AJ Doolan,DJM Short,TK Curran,0,0,,,,,,,,,
1152529,2018/19,2019-01-04,Bellerive Oval,2,5.5,Hobart Hurricanes,Sydney Sixers,AJ Doolan,DJM Short,TK Curran,1,0,,,,,,,,,
1152529,2018/19,2019-01-04,Bellerive Oval,2,5.6,Hobart Hurricanes,Sydney Sixers,DJM Short,AJ Doolan,TK Curran,1,0,,,,,,,,,
1152529,2018/19,2019-01-04,Bellerive Oval,2,6.1,Hobart Hurricanes,Sydney Sixers,DJM Short,AJ Doolan,SNJ O'Keefe,1,0,,,,,,,,,
1152529,2018/19,2019-01-04,Bellerive Oval,2,6.2,Hobart Hurricanes,Sydney Sixers,AJ Doolan,DJM Short,SNJ O'Keefe,4,0,,,,,,,,,
1152529,2018/19,2019-01-04,Bellerive Oval,2,6.3,Hobart Hurricanes,Sydney Sixers,AJ Doolan,DJM Short,SNJ O'Keefe,1,0,,,,,,,,,
1152529,2018/19,2019-01-04,Bellerive Oval,2,6.4,Hobart Hurricanes,Sydney Sixers,DJM Short,AJ Doolan,SNJ O'Keefe,6,0,,,,,,,,,
1152529,2018/19,2019-01-04,Bellerive Oval,2,6.5,Hobart Hurricanes,Sydney Sixers,DJM Short,AJ Doolan,SNJ O'Keefe,1,0,,,,,,,,,
1152529,2018/19,2019-01-04,Bellerive Oval,2,6.6,Hobart Hurricanes,Sydney Sixers,AJ Doolan,DJM Short,SNJ O'Keefe,0,0,,,,,,,,,
1152529,2018/19,2019-01-04,Bellerive Oval,2,7.1,Hobart Hurricanes,Sydney Sixers,DJM Short,AJ Doolan,SA Abbott,1,0,,,,,,,,,
1152529,2018/19,2019-01-04,Bellerive Oval,2,7.2,Hobart Hurricanes,Sydney Sixers,AJ Doolan,DJM Short,SA Abbott,1,0,,,,,,,,,
1152529,2018/19,2019-01-04,Bellerive Oval,2,7.3,Hobart Hurricanes,Sydney Sixers,DJM Short,AJ Doolan,SA Abbott,1,0,,,,,,,,,
1152529,2018/19,2019-01-04,Bellerive Oval,2,7.4,Hobart Hurricanes,Sydney Sixers,AJ Doolan,DJM Short,SA Abbott,1,0,,,,,,,,,
1152529,2018/19,2019-01-04,Bellerive Oval,2,7.5,Hobart Hurricanes,Sydney Sixers,DJM Short,AJ Doolan,SA Abbott,1,0,,,,,,,,,
1152529,2018/19,2019-01-04,Bellerive Oval,2,7.6,Hobart Hurricanes,Sydney Sixers,AJ Doolan,DJM Short,SA Abbott,1,0,,,,,,,,,
1152529,2018/19,2019-01-04,Bellerive Oval,2,8.1,Hobart Hurricanes,Sydney Sixers,AJ Doolan,DJM Short,BAD Manenti,1,0,,,,,,,,,
1152529,2018/19,2019-01-04,Bellerive Oval,2,8.2,Hobart Hurricanes,Sydney Sixers,DJM Short,AJ Doolan,BAD Manenti,1,0,,,,,,,,,
1152529,2018/19,2019-01-04,Bellerive Oval,2,8.3,Hobart Hurricanes,Sydney Sixers,AJ Doolan,DJM Short,BAD Manenti,0,0,,,,,,,,,
1152529,2018/19,2019-01-04,Bellerive Oval,2,8.4,Hobart Hurricanes,Sydney Sixers,AJ Doolan,DJM Short,BAD Manenti,0,0,,,,,,,,,
1152529,2018/19,2019-01-04,Bellerive Oval,2,8.5,Hobart Hurricanes,Sydney Sixers,AJ Doolan,DJM Short,BAD Manenti,0,0,,,,,,,,,
1152529,2018/19,2019-01-04,Bellerive Oval,2,8.6,Hobart Hurricanes,Sydney Sixers,AJ Doolan,DJM Short,BAD Manenti,4,0,,,,,,,,,
1152529,2018/19,2019-01-04,Bellerive Oval,2,9.1,Hobart Hurricanes,Sydney Sixers,DJM Short,AJ Doolan,SNJ O'Keefe,0,0,,,,,,,,,
1152529,2018/19,2019-01-04,Bellerive Oval,2,9.2,Hobart Hurricanes,Sydney Sixers,DJM Short,AJ Doolan,SNJ O'Keefe,1,0,,,,,,,,,
1152529,2018/19,2019-01-04,Bellerive Oval,2,9.3,Hobart Hurricanes,Sydney Sixers,AJ Doolan,DJM Short,SNJ O'Keefe,1,0,,,,,,,,,
1152529,2018/19,2019-01-04,Bellerive Oval,2,9.4,Hobart Hurricanes,Sydney Sixers,DJM Short,AJ Doolan,SNJ O'Keefe,4,0,,,,,,,,,
1152529,2018/19,2019-01-04,Bellerive Oval,2,9.5,Hobart Hurricanes,Sydney Sixers,DJM Short,AJ Doolan,SNJ O'Keefe,1,0,,,,,,,,,
1152529,2018/19,2019-01-04,Bellerive Oval,2,9.6,Hobart Hurricanes,Sydney Sixers,AJ Doolan,DJM Short,SNJ O'Keefe,4,0,,,,,,,,,
1152529,2018/19,2019-01-04,Bellerive Oval,2,10.1,Hobart Hurricanes,Sydney Sixers,DJM Short,AJ Doolan,SA Abbott,1,0,,,,,,,,,
1152529,2018/19,2019-01-04,Bellerive Oval,2,10.2,Hobart Hurricanes,Sydney Sixers,AJ Doolan,DJM Short,SA Abbott,4,0,,,,,,,,,
1152529,2018/19,2019-01-04,Bellerive Oval,2,10.3,Hobart Hurricanes,Sydney Sixers,AJ Doolan,DJM Short,SA Abbott,0,0,,,,,,,,,
1152529,2018/19,2019-01-04,Bellerive Oval,2,10.4,Hobart Hurricanes,Sydney Sixers,AJ Doolan,DJM Short,SA Abbott,0,0,,,,,,caught,AJ Doolan,,
1152529,2018/19,2019-01-04,Bellerive Oval,2,10.5,Hobart Hurricanes,Sydney Sixers,BR McDermott,DJM Short,SA Abbott,0,0,,,,,,,,,
1152529,2018/19,2019-01-04,Bellerive Oval,2,10.6,Hobart Hurricanes,Sydney Sixers,BR McDermott,DJM Short,SA Abbott,0,0,,,,,,,,,
1152529,2018/19,2019-01-04,Bellerive Oval,2,11.1,Hobart Hurricanes,Sydney Sixers,DJM Short,BR McDermott,SNJ O'Keefe,1,0,,,,,,,,,
1152529,2018/19,2019-01-04,Bellerive Oval,2,11.2,Hobart Hurricanes,Sydney Sixers,BR McDermott,DJM Short,SNJ O'Keefe,0,0,,,,,,,,,
1152529,2018/19,2019-01-04,Bellerive Oval,2,11.3,Hobart Hurricanes,Sydney Sixers,BR McDermott,DJM Short,SNJ O'Keefe,0,0,,,,,,,,,
1152529,2018/19,2019-01-04,Bellerive Oval,2,11.4,Hobart Hurricanes,Sydney Sixers,BR McDermott,DJM Short,SNJ O'Keefe,1,0,,,,,,,,,
1152529,2018/19,2019-01-04,Bellerive Oval,2,11.5,Hobart Hurricanes,Sydney Sixers,DJM Short,BR McDermott,SNJ O'Keefe,6,0,,,,,,,,,
1152529,2018/19,2019-01-04,Bellerive Oval,2,11.6,Hobart Hurricanes,Sydney Sixers,DJM Short,BR McDermott,SNJ O'Keefe,1,0,,,,,,,,,
1152529,2018/19,2019-01-04,Bellerive Oval,2,12.1,Hobart Hurricanes,Sydney Sixers,DJM Short,BR McDermott,TK Curran,1,0,,,,,,,,,
1152529,2018/19,2019-01-04,Bellerive Oval,2,12.2,Hobart Hurricanes,Sydney Sixers,BR McDermott,DJM Short,TK Curran,1,0,,,,,,,,,
1152529,2018/19,2019-01-04,Bellerive Oval,2,12.3,Hobart Hurricanes,Sydney Sixers,DJM Short,BR McDermott,TK Curran,1,0,,,,,,,,,
1152529,2018/19,2019-01-04,Bellerive Oval,2,12.4,Hobart Hurricanes,Sydney Sixers,BR McDermott,DJM Short,TK Curran,0,0,,,,,,,,,
1152529,2018/19,2019-01-04,Bellerive Oval,2,12.5,Hobart Hurricanes,Sydney Sixers,BR McDermott,DJM Short,TK Curran,1,0,,,,,,,,,
1152529,2018/19,2019-01-04,Bellerive Oval,2,12.6,Hobart Hurricanes,Sydney Sixers,DJM Short,BR McDermott,TK Curran,1,0,,,,,,,,,
1152529,2018/19,2019-01-04,Bellerive Oval,2,13.1,Hobart Hurricanes,Sydney Sixers,DJM Short,BR McDermott,BJ Dwarshuis,0,0,,,,,,,,,
1152529,2018/19,2019-01-04,Bellerive Oval,2,13.2,Hobart Hurricanes,Sydney Sixers,DJM Short,BR McDermott,BJ Dwarshuis,6,0,,,,,,,,,
1152529,2018/19,2019-01-04,Bellerive Oval,2,13.3,Hobart Hurricanes,Sydney Sixers,DJM Short,BR McDermott,BJ Dwarshuis,4,0,,,,,,,,,
1152529,2018/19,2019-01-04,Bellerive Oval,2,13.4,Hobart Hurricanes,Sydney Sixers,DJM Short,BR McDermott,BJ Dwarshuis,0,1,,,,1,,,,,
1152529,2018/19,2019-01-04,Bellerive Oval,2,13.5,Hobart Hurricanes,Sydney Sixers,BR McDermott,DJM Short,BJ Dwarshuis,1,0,,,,,,,,,
1152529,2018/19,2019-01-04,Bellerive Oval,2,13.6,Hobart Hurricanes,Sydney Sixers,DJM Short,BR McDermott,BJ Dwarshuis,1,0,,,,,,,,,
1152529,2018/19,2019-01-04,Bellerive Oval,2,14.1,Hobart Hurricanes,Sydney Sixers,DJM Short,BR McDermott,SA Abbott,0,0,,,,,,bowled,DJM Short,,
1152529,2018/19,2019-01-04,Bellerive Oval,2,14.2,Hobart Hurricanes,Sydney Sixers,GJ Bailey,BR McDermott,SA Abbott,1,0,,,,,,,,,
1152529,2018/19,2019-01-04,Bellerive Oval,2,14.3,Hobart Hurricanes,Sydney Sixers,BR McDermott,GJ Bailey,SA Abbott,1,0,,,,,,,,,
1152529,2018/19,2019-01-04,Bellerive Oval,2,14.4,Hobart Hurricanes,Sydney Sixers,GJ Bailey,BR McDermott,SA Abbott,0,0,,,,,,,,,
1152529,2018/19,2019-01-04,Bellerive Oval,2,14.5,Hobart Hurricanes,Sydney Sixers,GJ Bailey,BR McDermott,SA Abbott,0,0,,,,,,,,,
1152529,2018/19,2019-01-04,Bellerive Oval,2,14.6,Hobart Hurricanes,Sydney Sixers,GJ Bailey,BR McDermott,SA Abbott,2,0,,,,,,,,,
1152529,2018/19,2019-01-04,Bellerive Oval,2,15.1,Hobart Hurricanes,Sydney Sixers,BR McDermott,GJ Bailey,JL Denly,1,0,,,,,,,,,
1152529,2018/19,2019-01-04,Bellerive Oval,2,15.2,Hobart Hurricanes,Sydney Sixers,GJ Bailey,BR McDermott,JL Denly,0,0,,,,,,,,,
1152529,2018/19,2019-01-04,Bellerive Oval,2,15.3,Hobart Hurricanes,Sydney Sixers,GJ Bailey,BR McDermott,JL Denly,4,0,,,,,,,,,
1152529,2018/19,2019-01-04,Bellerive Oval,2,15.4,Hobart Hurricanes,Sydney Sixers,GJ Bailey,BR McDermott,JL Denly,6,0,,,,,,,,,
1152529,2018/19,2019-01-04,Bellerive Oval,2,15.5,Hobart Hurricanes,Sydney Sixers,GJ Bailey,BR McDermott,JL Denly,1,0,,,,,,,,,
1152529,2018/19,2019-01-04,Bellerive Oval,2,15.6,Hobart Hurricanes,Sydney Sixers,BR McDermott,GJ Bailey,JL Denly,4,0,,,,,,,,,
1152529,2018/19,2019-01-04,Bellerive Oval,2,16.1,Hobart Hurricanes,Sydney Sixers,GJ Bailey,BR McDermott,SNJ O'Keefe,1,0,,,,,,,,,
1152529,2018/19,2019-01-04,Bellerive Oval,2,16.2,Hobart Hurricanes,Sydney Sixers,BR McDermott,GJ Bailey,SNJ O'Keefe,0,0,,,,,,,,,
1152529,2018/19,2019-01-04,Bellerive Oval,2,16.3,Hobart Hurricanes,Sydney Sixers,BR McDermott,GJ Bailey,SNJ O'Keefe,0,0,,,,,,caught,BR McDermott,,
1152529,2018/19,2019-01-04,Bellerive Oval,2,16.4,Hobart Hurricanes,Sydney Sixers,S Milenko,GJ Bailey,SNJ O'Keefe,1,0,,,,,,,,,
1152529,2018/19,2019-01-04,Bellerive Oval,2,16.5,Hobart Hurricanes,Sydney Sixers,GJ Bailey,S Milenko,SNJ O'Keefe,4,0,,,,,,,,,
1152529,2018/19,2019-01-04,Bellerive Oval,2,16.6,Hobart Hurricanes,Sydney Sixers,GJ Bailey,S Milenko,SNJ O'Keefe,1,0,,,,,,,,,
1152529,2018/19,2019-01-04,Bellerive Oval,2,17.1,Hobart Hurricanes,Sydney Sixers,GJ Bailey,S Milenko,TK Curran,1,0,,,,,,,,,
1152529,2018/19,2019-01-04,Bellerive Oval,2,17.2,Hobart Hurricanes,Sydney Sixers,S Milenko,GJ Bailey,TK Curran,0,0,,,,,,,,,
1152529,2018/19,2019-01-04,Bellerive Oval,2,17.3,Hobart Hurricanes,Sydney Sixers,S Milenko,GJ Bailey,TK Curran,1,0,,,,,,,,,
1152529,2018/19,2019-01-04,Bellerive Oval,2,17.4,Hobart Hurricanes,Sydney Sixers,GJ Bailey,S Milenko,TK Curran,1,0,,,,,,,,,
1152529,2018/19,2019-01-04,Bellerive Oval,2,17.5,Hobart Hurricanes,Sydney Sixers,S Milenko,GJ Bailey,TK Curran,1,0,,,,,,,,,
1152529,2018/19,2019-01-04,Bellerive Oval,2,17.6,Hobart Hurricanes,Sydney Sixers,GJ Bailey,S Milenko,TK Curran,1,0,,,,,,,,,
1152529,2018/19,2019-01-04,Bellerive Oval,2,18.1,Hobart Hurricanes,Sydney Sixers,GJ Bailey,S Milenko,SA Abbott,6,0,,,,,,,,,
1152529,2018/19,2019-01-04,Bellerive Oval,2,18.2,Hobart Hurricanes,Sydney Sixers,GJ Bailey,S Milenko,SA Abbott,1,0,,,,,,,,,
1152529,2018/19,2019-01-04,Bellerive Oval,2,18.3,Hobart Hurricanes,Sydney Sixers,S Milenko,GJ Bailey,SA Abbott,6,0,,,,,,,,,
1152529,2018/19,2019-01-04,Bellerive Oval,2,18.4,Hobart Hurricanes,Sydney Sixers,S Milenko,GJ Bailey,SA Abbott,0,0,,,,,,,,,
1152529,2018/19,2019-01-04,Bellerive Oval,2,18.5,Hobart Hurricanes,Sydney Sixers,S Milenko,GJ Bailey,SA Abbott,0,0,,,,,,,,,
1152529,2018/19,2019-01-04,Bellerive Oval,2,18.6,Hobart Hurricanes,Sydney Sixers,S Milenko,GJ Bailey,SA Abbott,1,0,,,,,,,,,
1152529,2018/19,2019-01-04,Bellerive Oval,2,19.1,Hobart Hurricanes,Sydney Sixers,S Milenko,GJ Bailey,BJ Dwarshuis,1,0,,,,,,,,,
1152529,2018/19,2019-01-04,Bellerive Oval,2,19.2,Hobart Hurricanes,Sydney Sixers,GJ Bailey,S Milenko,BJ Dwarshuis,0,0,,,,,,caught,GJ Bailey,,
1152529,2018/19,2019-01-04,Bellerive Oval,2,19.3,Hobart Hurricanes,Sydney Sixers,JP Faulkner,S Milenko,BJ Dwarshuis,2,0,,,,,,,,,
1152529,2018/19,2019-01-04,Bellerive Oval,2,19.4,Hobart Hurricanes,Sydney Sixers,JP Faulkner,S Milenko,BJ Dwarshuis,0,1,,,1,,,,,,
1152529,2018/19,2019-01-04,Bellerive Oval,2,19.5,Hobart Hurricanes,Sydney Sixers,S Milenko,JP Faulkner,BJ Dwarshuis,1,0,,,,,,,,,
