match_id,season,start_date,venue,innings,ball,batting_team,bowling_team,striker,non_striker,bowler,runs_off_bat,extras,wides,noballs,byes,legbyes,penalty,wicket_type,player_dismissed,other_wicket_type,other_player_dismissed
1152546,2018/19,2019-01-20,Sydney Cricket Ground,1,0.1,Sydney Sixers,Brisbane Heat,JR Philippe,DP Hughes,Mujeeb Ur Rahman,0,0,,,,,,,,,
1152546,2018/19,2019-01-20,Sydney Cricket Ground,1,0.2,Sydney Sixers,Brisbane Heat,JR Philippe,DP Hughes,Mujeeb Ur Rahman,0,0,,,,,,,,,
1152546,2018/19,2019-01-20,Sydney Cricket Ground,1,0.3,Sydney Sixers,Brisbane Heat,JR Philippe,DP Hughes,Mujeeb Ur Rahman,4,0,,,,,,,,,
1152546,2018/19,2019-01-20,Sydney Cricket Ground,1,0.4,Sydney Sixers,Brisbane Heat,JR Philippe,DP Hughes,Mujeeb Ur Rahman,4,0,,,,,,,,,
1152546,2018/19,2019-01-20,Sydney Cricket Ground,1,0.5,Sydney Sixers,Brisbane Heat,JR Philippe,DP Hughes,Mujeeb Ur Rahman,0,0,,,,,,,,,
1152546,2018/19,2019-01-20,Sydney Cricket Ground,1,0.6,Sydney Sixers,Brisbane Heat,JR Philippe,DP Hughes,Mujeeb Ur Rahman,1,0,,,,,,,,,
1152546,2018/19,2019-01-20,Sydney Cricket Ground,1,1.1,Sydney Sixers,Brisbane Heat,JR Philippe,DP Hughes,JK Lalor,0,0,,,,,,,,,
1152546,2018/19,2019-01-20,Sydney Cricket Ground,1,1.2,Sydney Sixers,Brisbane Heat,JR Philippe,DP Hughes,JK Lalor,4,0,,,,,,,,,
1152546,2018/19,2019-01-20,Sydney Cricket Ground,1,1.3,Sydney Sixers,Brisbane Heat,JR Philippe,DP Hughes,JK Lalor,4,0,,,,,,,,,
1152546,2018/19,2019-01-20,Sydney Cricket Ground,1,1.4,Sydney Sixers,Brisbane Heat,JR Philippe,DP Hughes,JK Lalor,0,0,,,,,,,,,
1152546,2018/19,2019-01-20,Sydney Cricket Ground,1,1.5,Sydney Sixers,Brisbane Heat,JR Philippe,DP Hughes,JK Lalor,0,0,,,,,,caught,JR Philippe,,
1152546,2018/19,2019-01-20,Sydney Cricket Ground,1,1.6,Sydney Sixers,Brisbane Heat,DP Hughes,JM Vince,JK Lalor,1,0,,,,,,,,,
1152546,2018/19,2019-01-20,Sydney Cricket Ground,1,2.1,Sydney Sixers,Brisbane Heat,DP Hughes,JM Vince,Mujeeb Ur Rahman,0,0,,,,,,,,,
1152546,2018/19,2019-01-20,Sydney Cricket Ground,1,2.2,Sydney Sixers,Brisbane Heat,DP Hughes,JM Vince,Mujeeb Ur Rahman,0,0,,,,,,,,,
1152546,2018/19,2019-01-20,Sydney Cricket Ground,1,2.3,Sydney Sixers,Brisbane Heat,DP Hughes,JM Vince,Mujeeb Ur Rahman,1,0,,,,,,,,,
1152546,2018/19,2019-01-20,Sydney Cricket Ground,1,2.4,Sydney Sixers,Brisbane Heat,JM Vince,DP Hughes,Mujeeb Ur Rahman,1,0,,,,,,,,,
1152546,2018/19,2019-01-20,Sydney Cricket Ground,1,2.5,Sydney Sixers,Brisbane Heat,DP Hughes,JM Vince,Mujeeb Ur Rahman,0,0,,,,,,,,,
1152546,2018/19,2019-01-20,Sydney Cricket Ground,1,2.6,Sydney Sixers,Brisbane Heat,DP Hughes,JM Vince,Mujeeb Ur Rahman,0,0,,,,,,,,,
1152546,2018/19,2019-01-20,Sydney Cricket Ground,1,3.1,Sydney Sixers,Brisbane Heat,JM Vince,DP Hughes,JA Prestwidge,0,1,1,,,,,,,,
1152546,2018/19,2019-01-20,Sydney Cricket Ground,1,3.2,Sydney Sixers,Brisbane Heat,JM Vince,DP Hughes,JA Prestwidge,1,0,,,,,,,,,
1152546,2018/19,2019-01-20,Sydney Cricket Ground,1,3.3,Sydney Sixers,Brisbane Heat,DP Hughes,JM Vince,JA Prestwidge,0,0,,,,,,,,,
1152546,2018/19,2019-01-20,Sydney Cricket Ground,1,3.4,Sydney Sixers,Brisbane Heat,DP Hughes,JM Vince,JA Prestwidge,4,0,,,,,,,,,
1152546,2018/19,2019-01-20,Sydney Cricket Ground,1,3.5,Sydney Sixers,Brisbane Heat,DP Hughes,JM Vince,JA Prestwidge,0,0,,,,,,,,,
1152546,2018/19,2019-01-20,Sydney Cricket Ground,1,3.6,Sydney Sixers,Brisbane Heat,DP Hughes,JM Vince,JA Prestwidge,0,1,1,,,,,,,,
1152546,2018/19,2019-01-20,Sydney Cricket Ground,1,3.7,Sydney Sixers,Brisbane Heat,DP Hughes,JM Vince,JA Prestwidge,4,0,,,,,,,,,
1152546,2018/19,2019-01-20,Sydney Cricket Ground,1,3.8,Sydney Sixers,Brisbane Heat,DP Hughes,JM Vince,JA Prestwidge,2,0,,,,,,,,,
1152546,2018/19,2019-01-20,Sydney Cricket Ground,1,4.1,Sydney Sixers,Brisbane Heat,JM Vince,DP Hughes,B Doggett,2,0,,,,,,,,,
1152546,2018/19,2019-01-20,Sydney Cricket Ground,1,4.2,Sydney Sixers,Brisbane Heat,JM Vince,DP Hughes,B Doggett,0,0,,,,,,,,,
1152546,2018/19,2019-01-20,Sydney Cricket Ground,1,4.3,Sydney Sixers,Brisbane Heat,JM Vince,DP Hughes,B Doggett,0,0,,,,,,,,,
1152546,2018/19,2019-01-20,Sydney Cricket Ground,1,4.4,Sydney Sixers,Brisbane Heat,JM Vince,DP Hughes,B Doggett,0,0,,,,,,,,,
1152546,2018/19,2019-01-20,Sydney Cricket Ground,1,4.5,Sydney Sixers,Brisbane Heat,JM Vince,DP Hughes,B Doggett,1,0,,,,,,,,,
1152546,2018/19,2019-01-20,Sydney Cricket Ground,1,4.6,Sydney Sixers,Brisbane Heat,DP Hughes,JM Vince,B Doggett,1,0,,,,,,,,,
1152546,2018/19,2019-01-20,Sydney Cricket Ground,1,5.1,Sydney Sixers,Brisbane Heat,DP Hughes,JM Vince,JK Lalor,0,0,,,,,,bowled,DP Hughes,,
1152546,2018/19,2019-01-20,Sydney Cricket Ground,1,5.2,Sydney Sixers,Brisbane Heat,MC Henriques,JM Vince,JK Lalor,1,0,,,,,,,,,
1152546,2018/19,2019-01-20,Sydney Cricket Ground,1,5.3,Sydney Sixers,Brisbane Heat,JM Vince,MC Henriques,JK Lalor,4,0,,,,,,,,,
1152546,2018/19,2019-01-20,Sydney Cricket Ground,1,5.4,Sydney Sixers,Brisbane Heat,JM Vince,MC Henriques,JK Lalor,0,1,,,1,,,,,,
1152546,2018/19,2019-01-20,Sydney Cricket Ground,1,5.5,Sydney Sixers,Brisbane Heat,MC Henriques,JM Vince,JK Lalor,0,0,,,,,,,,,
1152546,2018/19,2019-01-20,Sydney Cricket Ground,1,5.6,Sydney Sixers,Brisbane Heat,MC Henriques,JM Vince,JK Lalor,0,0,,,,,,,,,
1152546,2018/19,2019-01-20,Sydney Cricket Ground,1,6.1,Sydney Sixers,Brisbane Heat,JM Vince,MC Henriques,JA Prestwidge,2,0,,,,,,,,,
1152546,2018/19,2019-01-20,Sydney Cricket Ground,1,6.2,Sydney Sixers,Brisbane Heat,JM Vince,MC Henriques,JA Prestwidge,4,0,,,,,,,,,
1152546,2018/19,2019-01-20,Sydney Cricket Ground,1,6.3,Sydney Sixers,Brisbane Heat,JM Vince,MC Henriques,JA Prestwidge,1,0,,,,,,,,,
1152546,2018/19,2019-01-20,Sydney Cricket Ground,1,6.4,Sydney Sixers,Brisbane Heat,MC Henriques,JM Vince,JA Prestwidge,1,0,,,,,,,,,
1152546,2018/19,2019-01-20,Sydney Cricket Ground,1,6.5,Sydney Sixers,Brisbane Heat,JM Vince,MC Henriques,JA Prestwidge,1,0,,,,,,,,,
1152546,2018/19,2019-01-20,Sydney Cricket Ground,1,6.6,Sydney Sixers,Brisbane Heat,MC Henriques,JM Vince,JA Prestwidge,0,0,,,,,,,,,
1152546,2018/19,2019-01-20,Sydney Cricket Ground,1,7.1,Sydney Sixers,Brisbane Heat,JM Vince,MC Henriques,BCJ Cutting,0,0,,,,,,,,,
1152546,2018/19,2019-01-20,Sydney Cricket Ground,1,7.2,Sydney Sixers,Brisbane Heat,JM Vince,MC Henriques,BCJ Cutting,4,0,,,,,,,,,
1152546,2018/19,2019-01-20,Sydney Cricket Ground,1,7.3,Sydney Sixers,Brisbane Heat,JM Vince,MC Henriques,BCJ Cutting,1,0,,,,,,,,,
1152546,2018/19,2019-01-20,Sydney Cricket Ground,1,7.4,Sydney Sixers,Brisbane Heat,MC Henriques,JM Vince,BCJ Cutting,1,0,,,,,,,,,
1152546,2018/19,2019-01-20,Sydney Cricket Ground,1,7.5,Sydney Sixers,Brisbane Heat,JM Vince,MC Henriques,BCJ Cutting,2,0,,,,,,,,,
1152546,2018/19,2019-01-20,Sydney Cricket Ground,1,7.6,Sydney Sixers,Brisbane Heat,JM Vince,MC Henriques,BCJ Cutting,0,0,,,,,,,,,
1152546,2018/19,2019-01-20,Sydney Cricket Ground,1,8.1,Sydney Sixers,Brisbane Heat,MC Henriques,JM Vince,B Doggett,1,0,,,,,,,,,
1152546,2018/19,2019-01-20,Sydney Cricket Ground,1,8.2,Sydney Sixers,Brisbane Heat,JM Vince,MC Henriques,B Doggett,1,0,,,,,,,,,
1152546,2018/19,2019-01-20,Sydney Cricket Ground,1,8.3,Sydney Sixers,Brisbane Heat,MC Henriques,JM Vince,B Doggett,0,0,,,,,,caught,MC Henriques,,
1152546,2018/19,2019-01-20,Sydney Cricket Ground,1,8.4,Sydney Sixers,Brisbane Heat,JM Vince,JC Silk,B Doggett,0,0,,,,,,,,,
1152546,2018/19,2019-01-20,Sydney Cricket Ground,1,8.5,Sydney Sixers,Brisbane Heat,JM Vince,JC Silk,B Doggett,1,0,,,,,,,,,
1152546,2018/19,2019-01-20,Sydney Cricket Ground,1,8.6,Sydney Sixers,Brisbane Heat,JC Silk,JM Vince,B Doggett,1,0,,,,,,,,,
1152546,2018/19,2019-01-20,Sydney Cricket Ground,1,9.1,Sydney Sixers,Brisbane Heat,JC Silk,JM Vince,Mujeeb Ur Rahman,0,0,,,,,,,,,
1152546,2018/19,2019-01-20,Sydney Cricket Ground,1,9.2,Sydney Sixers,Brisbane Heat,JC Silk,JM Vince,Mujeeb Ur Rahman,1,0,,,,,,,,,
1152546,2018/19,2019-01-20,Sydney Cricket Ground,1,9.3,Sydney Sixers,Brisbane Heat,JM Vince,JC Silk,Mujeeb Ur Rahman,1,0,,,,,,,,,
1152546,2018/19,2019-01-20,Sydney Cricket Ground,1,9.4,Sydney Sixers,Brisbane Heat,JC Silk,JM Vince,Mujeeb Ur Rahman,0,0,,,,,,,,,
1152546,2018/19,2019-01-20,Sydney Cricket Ground,1,9.5,Sydney Sixers,Brisbane Heat,JC Silk,JM Vince,Mujeeb Ur Rahman,1,0,,,,,,,,,
1152546,2018/19,2019-01-20,Sydney Cricket Ground,1,9.6,Sydney Sixers,Brisbane Heat,JM Vince,JC Silk,Mujeeb Ur Rahman,1,0,,,,,,,,,
1152546,2018/19,2019-01-20,Sydney Cricket Ground,1,10.1,Sydney Sixers,Brisbane Heat,JM Vince,JC Silk,MJ Swepson,0,0,,,,,,,,,
1152546,2018/19,2019-01-20,Sydney Cricket Ground,1,10.2,Sydney Sixers,Brisbane Heat,JM Vince,JC Silk,MJ Swepson,0,0,,,,,,,,,
1152546,2018/19,2019-01-20,Sydney Cricket Ground,1,10.3,Sydney Sixers,Brisbane Heat,JM Vince,JC Silk,MJ Swepson,1,0,,,,,,,,,
1152546,2018/19,2019-01-20,Sydney Cricket Ground,1,10.4,Sydney Sixers,Brisbane Heat,JC Silk,JM Vince,MJ Swepson,1,0,,,,,,,,,
1152546,2018/19,2019-01-20,Sydney Cricket Ground,1,10.5,Sydney Sixers,Brisbane Heat,JM Vince,JC Silk,MJ Swepson,0,4,4,,,,,,,,
1152546,2018/19,2019-01-20,Sydney Cricket Ground,1,10.6,Sydney Sixers,Brisbane Heat,JC Silk,JM Vince,MJ Swepson,2,0,,,,,,,,,
1152546,2018/19,2019-01-20,Sydney Cricket Ground,1,10.7,Sydney Sixers,Brisbane Heat,JC Silk,JM Vince,MJ Swepson,2,0,,,,,,,,,
1152546,2018/19,2019-01-20,Sydney Cricket Ground,1,11.1,Sydney Sixers,Brisbane Heat,JM Vince,JC Silk,BCJ Cutting,2,0,,,,,,,,,
1152546,2018/19,2019-01-20,Sydney Cricket Ground,1,11.2,Sydney Sixers,Brisbane Heat,JM Vince,JC Silk,BCJ Cutting,3,0,,,,,,,,,
1152546,2018/19,2019-01-20,Sydney Cricket Ground,1,11.3,Sydney Sixers,Brisbane Heat,JC Silk,JM Vince,BCJ Cutting,1,0,,,,,,,,,
1152546,2018/19,2019-01-20,Sydney Cricket Ground,1,11.4,Sydney Sixers,Brisbane Heat,JM Vince,JC Silk,BCJ Cutting,1,0,,,,,,,,,
1152546,2018/19,2019-01-20,Sydney Cricket Ground,1,11.5,Sydney Sixers,Brisbane Heat,JC Silk,JM Vince,BCJ Cutting,2,0,,,,,,,,,
1152546,2018/19,2019-01-20,Sydney Cricket Ground,1,11.6,Sydney Sixers,Brisbane Heat,JC Silk,JM Vince,BCJ Cutting,2,0,,,,,,,,,
1152546,2018/19,2019-01-20,Sydney Cricket Ground,1,12.1,Sydney Sixers,Brisbane Heat,JM Vince,JC Silk,JA Prestwidge,1,0,,,,,,,,,
1152546,2018/19,2019-01-20,Sydney Cricket Ground,1,12.2,Sydney Sixers,Brisbane Heat,JC Silk,JM Vince,JA Prestwidge,1,0,,,,,,,,,
1152546,2018/19,2019-01-20,Sydney Cricket Ground,1,12.3,Sydney Sixers,Brisbane Heat,JM Vince,JC Silk,JA Prestwidge,4,0,,,,,,,,,
1152546,2018/19,2019-01-20,Sydney Cricket Ground,1,12.4,Sydney Sixers,Brisbane Heat,JM Vince,JC Silk,JA Prestwidge,2,0,,,,,,,,,
1152546,2018/19,2019-01-20,Sydney Cricket Ground,1,12.5,Sydney Sixers,Brisbane Heat,JM Vince,JC Silk,JA Prestwidge,4,0,,,,,,,,,
1152546,2018/19,2019-01-20,Sydney Cricket Ground,1,12.6,Sydney Sixers,Brisbane Heat,JM Vince,JC Silk,JA Prestwidge,1,0,,,,,,,,,
1152546,2018/19,2019-01-20,Sydney Cricket Ground,1,13.1,Sydney Sixers,Brisbane Heat,JM Vince,JC Silk,B Doggett,2,0,,,,,,,,,
1152546,2018/19,2019-01-20,Sydney Cricket Ground,1,13.2,Sydney Sixers,Brisbane Heat,JM Vince,JC Silk,B Doggett,1,0,,,,,,,,,
1152546,2018/19,2019-01-20,Sydney Cricket Ground,1,13.3,Sydney Sixers,Brisbane Heat,JC Silk,JM Vince,B Doggett,0,0,,,,,,,,,
1152546,2018/19,2019-01-20,Sydney Cricket Ground,1,13.4,Sydney Sixers,Brisbane Heat,JC Silk,JM Vince,B Doggett,4,0,,,,,,,,,
1152546,2018/19,2019-01-20,Sydney Cricket Ground,1,13.5,Sydney Sixers,Brisbane Heat,JC Silk,JM Vince,B Doggett,2,0,,,,,,,,,
1152546,2018/19,2019-01-20,Sydney Cricket Ground,1,13.6,Sydney Sixers,Brisbane Heat,JC Silk,JM Vince,B Doggett,1,0,,,,,,,,,
1152546,2018/19,2019-01-20,Sydney Cricket Ground,1,14.1,Sydney Sixers,Brisbane Heat,JC Silk,JM Vince,MJ Swepson,1,0,,,,,,,,,
1152546,2018/19,2019-01-20,Sydney Cricket Ground,1,14.2,Sydney Sixers,Brisbane Heat,JM Vince,JC Silk,MJ Swepson,6,0,,,,,,,,,
1152546,2018/19,2019-01-20,Sydney Cricket Ground,1,14.3,Sydney Sixers,Brisbane Heat,JM Vince,JC Silk,MJ Swepson,1,0,,,,,,,,,
1152546,2018/19,2019-01-20,Sydney Cricket Ground,1,14.4,Sydney Sixers,Brisbane Heat,JC Silk,JM Vince,MJ Swepson,1,0,,,,,,,,,
1152546,2018/19,2019-01-20,Sydney Cricket Ground,1,14.5,Sydney Sixers,Brisbane Heat,JM Vince,JC Silk,MJ Swepson,2,0,,,,,,,,,
1152546,2018/19,2019-01-20,Sydney Cricket Ground,1,14.6,Sydney Sixers,Brisbane Heat,JM Vince,JC Silk,MJ Swepson,6,0,,,,,,,,,
1152546,2018/19,2019-01-20,Sydney Cricket Ground,1,15.1,Sydney Sixers,Brisbane Heat,JC Silk,JM Vince,BCJ Cutting,4,0,,,,,,,,,
1152546,2018/19,2019-01-20,Sydney Cricket Ground,1,15.2,Sydney Sixers,Brisbane Heat,JC Silk,JM Vince,BCJ Cutting,4,0,,,,,,,,,
1152546,2018/19,2019-01-20,Sydney Cricket Ground,1,15.3,Sydney Sixers,Brisbane Heat,JC Silk,JM Vince,BCJ Cutting,1,0,,,,,,,,,
1152546,2018/19,2019-01-20,Sydney Cricket Ground,1,15.4,Sydney Sixers,Brisbane Heat,JM Vince,JC Silk,BCJ Cutting,1,0,,,,,,,,,
1152546,2018/19,2019-01-20,Sydney Cricket Ground,1,15.5,Sydney Sixers,Brisbane Heat,JC Silk,JM Vince,BCJ Cutting,0,1,1,,,,,,,,
1152546,2018/19,2019-01-20,Sydney Cricket Ground,1,15.6,Sydney Sixers,Brisbane Heat,JC Silk,JM Vince,BCJ Cutting,4,0,,,,,,,,,
1152546,2018/19,2019-01-20,Sydney Cricket Ground,1,15.7,Sydney Sixers,Brisbane Heat,JC Silk,JM Vince,BCJ Cutting,2,0,,,,,,,,,
1152546,2018/19,2019-01-20,Sydney Cricket Ground,1,16.1,Sydney Sixers,Brisbane Heat,JM Vince,JC Silk,Mujeeb Ur Rahman,2,0,,,,,,,,,
1152546,2018/19,2019-01-20,Sydney Cricket Ground,1,16.2,Sydney Sixers,Brisbane Heat,JM Vince,JC Silk,Mujeeb Ur Rahman,1,0,,,,,,,,,
1152546,2018/19,2019-01-20,Sydney Cricket Ground,1,16.3,Sydney Sixers,Brisbane Heat,JC Silk,JM Vince,Mujeeb Ur Rahman,1,0,,,,,,,,,
1152546,2018/19,2019-01-20,Sydney Cricket Ground,1,16.4,Sydney Sixers,Brisbane Heat,JM Vince,JC Silk,Mujeeb Ur Rahman,4,0,,,,,,,,,
1152546,2018/19,2019-01-20,Sydney Cricket Ground,1,16.5,Sydney Sixers,Brisbane Heat,JM Vince,JC Silk,Mujeeb Ur Rahman,2,0,,,,,,,,,
1152546,2018/19,2019-01-20,Sydney Cricket Ground,1,16.6,Sydney Sixers,Brisbane Heat,JM Vince,JC Silk,Mujeeb Ur Rahman,0,0,,,,,,caught,JM Vince,,
1152546,2018/19,2019-01-20,Sydney Cricket Ground,1,17.1,Sydney Sixers,Brisbane Heat,JC Silk,TK Curran,JK Lalor,2,0,,,,,,,,,
1152546,2018/19,2019-01-20,Sydney Cricket Ground,1,17.2,Sydney Sixers,Brisbane Heat,JC Silk,TK Curran,JK Lalor,0,0,,,,,,bowled,JC Silk,,
1152546,2018/19,2019-01-20,Sydney Cricket Ground,1,17.3,Sydney Sixers,Brisbane Heat,J Edwards,TK Curran,JK Lalor,1,0,,,,,,,,,
1152546,2018/19,2019-01-20,Sydney Cricket Ground,1,17.4,Sydney Sixers,Brisbane Heat,TK Curran,J Edwards,JK Lalor,1,0,,,,,,,,,
1152546,2018/19,2019-01-20,Sydney Cricket Ground,1,17.5,Sydney Sixers,Brisbane Heat,J Edwards,TK Curran,JK Lalor,1,0,,,,,,,,,
1152546,2018/19,2019-01-20,Sydney Cricket Ground,1,17.6,Sydney Sixers,Brisbane Heat,TK Curran,J Edwards,JK Lalor,1,0,,,,,,,,,
1152546,2018/19,2019-01-20,Sydney Cricket Ground,1,18.1,Sydney Sixers,Brisbane Heat,TK Curran,J Edwards,B Doggett,4,0,,,,,,,,,
1152546,2018/19,2019-01-20,Sydney Cricket Ground,1,18.2,Sydney Sixers,Brisbane Heat,TK Curran,J Edwards,B Doggett,1,0,,,,,,,,,
1152546,2018/19,2019-01-20,Sydney Cricket Ground,1,18.3,Sydney Sixers,Brisbane Heat,J Edwards,TK Curran,B Doggett,0,0,,,,,,,,,
1152546,2018/19,2019-01-20,Sydney Cricket Ground,1,18.4,Sydney Sixers,Brisbane Heat,J Edwards,TK Curran,B Doggett,0,0,,,,,,,,,
1152546,2018/19,2019-01-20,Sydney Cricket Ground,1,18.5,Sydney Sixers,Brisbane Heat,J Edwards,TK Curran,B Doggett,1,0,,,,,,,,,
1152546,2018/19,2019-01-20,Sydney Cricket Ground,1,18.6,Sydney Sixers,Brisbane Heat,TK Curran,J Edwards,B Doggett,1,0,,,,,,,,,
1152546,2018/19,2019-01-20,Sydney Cricket Ground,1,19.1,Sydney Sixers,Brisbane Heat,TK Curran,J Edwards,JK Lalor,0,0,,,,,,caught,TK Curran,,
1152546,2018/19,2019-01-20,Sydney Cricket Ground,1,19.2,Sydney Sixers,Brisbane Heat,J Edwards,SA Abbott,JK Lalor,2,0,,,,,,,,,
1152546,2018/19,2019-01-20,Sydney Cricket Ground,1,19.3,Sydney Sixers,Brisbane Heat,J Edwards,SA Abbott,JK Lalor,2,0,,,,,,,,,
1152546,2018/19,2019-01-20,Sydney Cricket Ground,1,19.4,Sydney Sixers,Brisbane Heat,J Edwards,SA Abbott,JK Lalor,0,1,,,1,,,,,,
1152546,2018/19,2019-01-20,Sydney Cricket Ground,1,19.5,Sydney Sixers,Brisbane Heat,SA Abbott,J Edwards,JK Lalor,0,2,2,,,,,,,,
1152546,2018/19,2019-01-20,Sydney Cricket Ground,1,19.6,Sydney Sixers,Brisbane Heat,J Edwards,SA Abbott,JK Lalor,0,0,,,,,,caught,J Edwards,,
1152546,2018/19,2019-01-20,Sydney Cricket Ground,1,19.7,Sydney Sixers,Brisbane Heat,SA Abbott,BJ Dwarshuis,JK Lalor,0,1,,,1,,,,,,
1152546,2018/19,2019-01-20,Sydney Cricket Ground,2,0.1,Brisbane Heat,Sydney Sixers,M Bryant,BB McCullum,SNJ O'Keefe,0,0,,,,,,,,,
1152546,2018/19,2019-01-20,Sydney Cricket Ground,2,0.2,Brisbane Heat,Sydney Sixers,M Bryant,BB McCullum,SNJ O'Keefe,0,0,,,,,,,,,
1152546,2018/19,2019-01-20,Sydney Cricket Ground,2,0.3,Brisbane Heat,Sydney Sixers,M Bryant,BB McCullum,SNJ O'Keefe,0,0,,,,,,,,,
1152546,2018/19,2019-01-20,Sydney Cricket Ground,2,0.4,Brisbane Heat,Sydney Sixers,M Bryant,BB McCullum,SNJ O'Keefe,0,0,,,,,,bowled,M Bryant,,
1152546,2018/19,2019-01-20,Sydney Cricket Ground,2,0.5,Brisbane Heat,Sydney Sixers,CA Lynn,BB McCullum,SNJ O'Keefe,0,0,,,,,,,,,
1152546,2018/19,2019-01-20,Sydney Cricket Ground,2,0.6,Brisbane Heat,Sydney Sixers,CA Lynn,BB McCullum,SNJ O'Keefe,0,0,,,,,,,,,
1152546,2018/19,2019-01-20,Sydney Cricket Ground,2,1.1,Brisbane Heat,Sydney Sixers,BB McCullum,CA Lynn,BJ Dwarshuis,0,0,,,,,,,,,
1152546,2018/19,2019-01-20,Sydney Cricket Ground,2,1.2,Brisbane Heat,Sydney Sixers,BB McCullum,CA Lynn,BJ Dwarshuis,0,0,,,,,,,,,
1152546,2018/19,2019-01-20,Sydney Cricket Ground,2,1.3,Brisbane Heat,Sydney Sixers,BB McCullum,CA Lynn,BJ Dwarshuis,0,0,,,,,,,,,
1152546,2018/19,2019-01-20,Sydney Cricket Ground,2,1.4,Brisbane Heat,Sydney Sixers,BB McCullum,CA Lynn,BJ Dwarshuis,1,0,,,,,,,,,
1152546,2018/19,2019-01-20,Sydney Cricket Ground,2,1.5,Brisbane Heat,Sydney Sixers,CA Lynn,BB McCullum,BJ Dwarshuis,0,0,,,,,,,,,
1152546,2018/19,2019-01-20,Sydney Cricket Ground,2,1.6,Brisbane Heat,Sydney Sixers,CA Lynn,BB McCullum,BJ Dwarshuis,0,0,,,,,,,,,
1152546,2018/19,2019-01-20,Sydney Cricket Ground,2,2.1,Brisbane Heat,Sydney Sixers,BB McCullum,CA Lynn,SNJ O'Keefe,0,0,,,,,,,,,
1152546,2018/19,2019-01-20,Sydney Cricket Ground,2,2.2,Brisbane Heat,Sydney Sixers,BB McCullum,CA Lynn,SNJ O'Keefe,0,0,,,,,,,,,
1152546,2018/19,2019-01-20,Sydney Cricket Ground,2,2.3,Brisbane Heat,Sydney Sixers,BB McCullum,CA Lynn,SNJ O'Keefe,1,0,,,,,,,,,
1152546,2018/19,2019-01-20,Sydney Cricket Ground,2,2.4,Brisbane Heat,Sydney Sixers,CA Lynn,BB McCullum,SNJ O'Keefe,1,0,,,,,,,,,
1152546,2018/19,2019-01-20,Sydney Cricket Ground,2,2.5,Brisbane Heat,Sydney Sixers,BB McCullum,CA Lynn,SNJ O'Keefe,0,0,,,,,,,,,
1152546,2018/19,2019-01-20,Sydney Cricket Ground,2,2.6,Brisbane Heat,Sydney Sixers,BB McCullum,CA Lynn,SNJ O'Keefe,1,0,,,,,,,,,
1152546,2018/19,2019-01-20,Sydney Cricket Ground,2,3.1,Brisbane Heat,Sydney Sixers,BB McCullum,CA Lynn,BJ Dwarshuis,0,0,,,,,,,,,
1152546,2018/19,2019-01-20,Sydney Cricket Ground,2,3.2,Brisbane Heat,Sydney Sixers,BB McCullum,CA Lynn,BJ Dwarshuis,0,0,,,,,,,,,
1152546,2018/19,2019-01-20,Sydney Cricket Ground,2,3.3,Brisbane Heat,Sydney Sixers,BB McCullum,CA Lynn,BJ Dwarshuis,4,0,,,,,,,,,
1152546,2018/19,2019-01-20,Sydney Cricket Ground,2,3.4,Brisbane Heat,Sydney Sixers,BB McCullum,CA Lynn,BJ Dwarshuis,1,0,,,,,,,,,
1152546,2018/19,2019-01-20,Sydney Cricket Ground,2,3.5,Brisbane Heat,Sydney Sixers,CA Lynn,BB McCullum,BJ Dwarshuis,1,0,,,,,,,,,
1152546,2018/19,2019-01-20,Sydney Cricket Ground,2,3.6,Brisbane Heat,Sydney Sixers,BB McCullum,CA Lynn,BJ Dwarshuis,6,0,,,,,,,,,
1152546,2018/19,2019-01-20,Sydney Cricket Ground,2,4.1,Brisbane Heat,Sydney Sixers,CA Lynn,BB McCullum,SA Abbott,0,0,,,,,,caught,CA Lynn,,
1152546,2018/19,2019-01-20,Sydney Cricket Ground,2,4.2,Brisbane Heat,Sydney Sixers,JJ Peirson,BB McCullum,SA Abbott,1,0,,,,,,,,,
1152546,2018/19,2019-01-20,Sydney Cricket Ground,2,4.3,Brisbane Heat,Sydney Sixers,BB McCullum,JJ Peirson,SA Abbott,1,0,,,,,,,,,
1152546,2018/19,2019-01-20,Sydney Cricket Ground,2,4.4,Brisbane Heat,Sydney Sixers,JJ Peirson,BB McCullum,SA Abbott,4,0,,,,,,,,,
1152546,2018/19,2019-01-20,Sydney Cricket Ground,2,4.5,Brisbane Heat,Sydney Sixers,JJ Peirson,BB McCullum,SA Abbott,1,0,,,,,,,,,
1152546,2018/19,2019-01-20,Sydney Cricket Ground,2,4.6,Brisbane Heat,Sydney Sixers,BB McCullum,JJ Peirson,SA Abbott,0,0,,,,,,,,,
1152546,2018/19,2019-01-20,Sydney Cricket Ground,2,5.1,Brisbane Heat,Sydney Sixers,JJ Peirson,BB McCullum,TK Curran,1,0,,,,,,,,,
1152546,2018/19,2019-01-20,Sydney Cricket Ground,2,5.2,Brisbane Heat,Sydney Sixers,BB McCullum,JJ Peirson,TK Curran,0,0,,,,,,,,,
1152546,2018/19,2019-01-20,Sydney Cricket Ground,2,5.3,Brisbane Heat,Sydney Sixers,BB McCullum,JJ Peirson,TK Curran,1,0,,,,,,,,,
1152546,2018/19,2019-01-20,Sydney Cricket Ground,2,5.4,Brisbane Heat,Sydney Sixers,JJ Peirson,BB McCullum,TK Curran,0,0,,,,,,,,,
1152546,2018/19,2019-01-20,Sydney Cricket Ground,2,5.5,Brisbane Heat,Sydney Sixers,JJ Peirson,BB McCullum,TK Curran,0,0,,,,,,,,,
1152546,2018/19,2019-01-20,Sydney Cricket Ground,2,5.6,Brisbane Heat,Sydney Sixers,JJ Peirson,BB McCullum,TK Curran,0,0,,,,,,,,,
1152546,2018/19,2019-01-20,Sydney Cricket Ground,2,6.1,Brisbane Heat,Sydney Sixers,BB McCullum,JJ Peirson,L Pope,1,0,,,,,,,,,
1152546,2018/19,2019-01-20,Sydney Cricket Ground,2,6.2,Brisbane Heat,Sydney Sixers,JJ Peirson,BB McCullum,L Pope,0,0,,,,,,,,,
1152546,2018/19,2019-01-20,Sydney Cricket Ground,2,6.3,Brisbane Heat,Sydney Sixers,JJ Peirson,BB McCullum,L Pope,1,0,,,,,,,,,
1152546,2018/19,2019-01-20,Sydney Cricket Ground,2,6.4,Brisbane Heat,Sydney Sixers,BB McCullum,JJ Peirson,L Pope,1,0,,,,,,,,,
1152546,2018/19,2019-01-20,Sydney Cricket Ground,2,6.5,Brisbane Heat,Sydney Sixers,JJ Peirson,BB McCullum,L Pope,1,0,,,,,,,,,
1152546,2018/19,2019-01-20,Sydney Cricket Ground,2,6.6,Brisbane Heat,Sydney Sixers,BB McCullum,JJ Peirson,L Pope,1,0,,,,,,,,,
1152546,2018/19,2019-01-20,Sydney Cricket Ground,2,7.1,Brisbane Heat,Sydney Sixers,BB McCullum,JJ Peirson,TK Curran,1,0,,,,,,,,,
1152546,2018/19,2019-01-20,Sydney Cricket Ground,2,7.2,Brisbane Heat,Sydney Sixers,JJ Peirson,BB McCullum,TK Curran,1,0,,,,,,,,,
1152546,2018/19,2019-01-20,Sydney Cricket Ground,2,7.3,Brisbane Heat,Sydney Sixers,BB McCullum,JJ Peirson,TK Curran,1,0,,,,,,,,,
1152546,2018/19,2019-01-20,Sydney Cricket Ground,2,7.4,Brisbane Heat,Sydney Sixers,JJ Peirson,BB McCullum,TK Curran,1,0,,,,,,,,,
1152546,2018/19,2019-01-20,Sydney Cricket Ground,2,7.5,Brisbane Heat,Sydney Sixers,BB McCullum,JJ Peirson,TK Curran,1,0,,,,,,,,,
1152546,2018/19,2019-01-20,Sydney Cricket Ground,2,7.6,Brisbane Heat,Sydney Sixers,JJ Peirson,BB McCullum,TK Curran,1,0,,,,,,,,,
1152546,2018/19,2019-01-20,Sydney Cricket Ground,2,8.1,Brisbane Heat,Sydney Sixers,JJ Peirson,BB McCullum,L Pope,0,0,,,,,,stumped,JJ Peirson,,
1152546,2018/19,2019-01-20,Sydney Cricket Ground,2,8.2,Brisbane Heat,Sydney Sixers,BCJ Cutting,BB McCullum,L Pope,1,0,,,,,,,,,
1152546,2018/19,2019-01-20,Sydney Cricket Ground,2,8.3,Brisbane Heat,Sydney Sixers,BB McCullum,BCJ Cutting,L Pope,1,0,,,,,,,,,
1152546,2018/19,2019-01-20,Sydney Cricket Ground,2,8.4,Brisbane Heat,Sydney Sixers,BCJ Cutting,BB McCullum,L Pope,1,0,,,,,,,,,
1152546,2018/19,2019-01-20,Sydney Cricket Ground,2,8.5,Brisbane Heat,Sydney Sixers,BB McCullum,BCJ Cutting,L Pope,1,0,,,,,,,,,
1152546,2018/19,2019-01-20,Sydney Cricket Ground,2,8.6,Brisbane Heat,Sydney Sixers,BCJ Cutting,BB McCullum,L Pope,0,0,,,,,,,,,
1152546,2018/19,2019-01-20,Sydney Cricket Ground,2,9.1,Brisbane Heat,Sydney Sixers,BB McCullum,BCJ Cutting,SA Abbott,1,0,,,,,,,,,
1152546,2018/19,2019-01-20,Sydney Cricket Ground,2,9.2,Brisbane Heat,Sydney Sixers,BCJ Cutting,BB McCullum,SA Abbott,0,0,,,,,,,,,
1152546,2018/19,2019-01-20,Sydney Cricket Ground,2,9.3,Brisbane Heat,Sydney Sixers,BCJ Cutting,BB McCullum,SA Abbott,4,0,,,,,,,,,
1152546,2018/19,2019-01-20,Sydney Cricket Ground,2,9.4,Brisbane Heat,Sydney Sixers,BCJ Cutting,BB McCullum,SA Abbott,4,0,,,,,,,,,
1152546,2018/19,2019-01-20,Sydney Cricket Ground,2,9.5,Brisbane Heat,Sydney Sixers,BCJ Cutting,BB McCullum,SA Abbott,1,0,,,,,,,,,
1152546,2018/19,2019-01-20,Sydney Cricket Ground,2,9.6,Brisbane Heat,Sydney Sixers,BB McCullum,BCJ Cutting,SA Abbott,0,0,,,,,,,,,
1152546,2018/19,2019-01-20,Sydney Cricket Ground,2,10.1,Brisbane Heat,Sydney Sixers,BCJ Cutting,BB McCullum,L Pope,1,0,,,,,,,,,
1152546,2018/19,2019-01-20,Sydney Cricket Ground,2,10.2,Brisbane Heat,Sydney Sixers,BB McCullum,BCJ Cutting,L Pope,2,0,,,,,,,,,
1152546,2018/19,2019-01-20,Sydney Cricket Ground,2,10.3,Brisbane Heat,Sydney Sixers,BB McCullum,BCJ Cutting,L Pope,0,0,,,,,,,,,
1152546,2018/19,2019-01-20,Sydney Cricket Ground,2,10.4,Brisbane Heat,Sydney Sixers,BB McCullum,BCJ Cutting,L Pope,0,0,,,,,,caught,BB McCullum,,
1152546,2018/19,2019-01-20,Sydney Cricket Ground,2,10.5,Brisbane Heat,Sydney Sixers,BCJ Cutting,AI Ross,L Pope,0,0,,,,,,,,,
1152546,2018/19,2019-01-20,Sydney Cricket Ground,2,10.6,Brisbane Heat,Sydney Sixers,BCJ Cutting,AI Ross,L Pope,0,0,,,,,,,,,
1152546,2018/19,2019-01-20,Sydney Cricket Ground,2,11.1,Brisbane Heat,Sydney Sixers,AI Ross,BCJ Cutting,BJ Dwarshuis,1,0,,,,,,,,,
1152546,2018/19,2019-01-20,Sydney Cricket Ground,2,11.2,Brisbane Heat,Sydney Sixers,BCJ Cutting,AI Ross,BJ Dwarshuis,6,0,,,,,,,,,
1152546,2018/19,2019-01-20,Sydney Cricket Ground,2,11.3,Brisbane Heat,Sydney Sixers,BCJ Cutting,AI Ross,BJ Dwarshuis,1,0,,,,,,,,,
1152546,2018/19,2019-01-20,Sydney Cricket Ground,2,11.4,Brisbane Heat,Sydney Sixers,AI Ross,BCJ Cutting,BJ Dwarshuis,0,0,,,,,,,,,
1152546,2018/19,2019-01-20,Sydney Cricket Ground,2,11.5,Brisbane Heat,Sydney Sixers,AI Ross,BCJ Cutting,BJ Dwarshuis,0,2,2,,,,,,,,
1152546,2018/19,2019-01-20,Sydney Cricket Ground,2,11.6,Brisbane Heat,Sydney Sixers,BCJ Cutting,AI Ross,BJ Dwarshuis,4,0,,,,,,,,,
1152546,2018/19,2019-01-20,Sydney Cricket Ground,2,11.7,Brisbane Heat,Sydney Sixers,BCJ Cutting,AI Ross,BJ Dwarshuis,1,0,,,,,,,,,
1152546,2018/19,2019-01-20,Sydney Cricket Ground,2,12.1,Brisbane Heat,Sydney Sixers,BCJ Cutting,AI Ross,SNJ O'Keefe,0,0,,,,,,,,,
1152546,2018/19,2019-01-20,Sydney Cricket Ground,2,12.2,Brisbane Heat,Sydney Sixers,BCJ Cutting,AI Ross,SNJ O'Keefe,0,0,,,,,,,,,
1152546,2018/19,2019-01-20,Sydney Cricket Ground,2,12.3,Brisbane Heat,Sydney Sixers,BCJ Cutting,AI Ross,SNJ O'Keefe,1,0,,,,,,,,,
1152546,2018/19,2019-01-20,Sydney Cricket Ground,2,12.4,Brisbane Heat,Sydney Sixers,AI Ross,BCJ Cutting,SNJ O'Keefe,1,0,,,,,,,,,
1152546,2018/19,2019-01-20,Sydney Cricket Ground,2,12.5,Brisbane Heat,Sydney Sixers,BCJ Cutting,AI Ross,SNJ O'Keefe,1,0,,,,,,,,,
1152546,2018/19,2019-01-20,Sydney Cricket Ground,2,12.6,Brisbane Heat,Sydney Sixers,AI Ross,BCJ Cutting,SNJ O'Keefe,2,0,,,,,,,,,
1152546,2018/19,2019-01-20,Sydney Cricket Ground,2,13.1,Brisbane Heat,Sydney Sixers,BCJ Cutting,AI Ross,SA Abbott,0,0,,,,,,,,,
1152546,2018/19,2019-01-20,Sydney Cricket Ground,2,13.2,Brisbane Heat,Sydney Sixers,BCJ Cutting,AI Ross,SA Abbott,1,0,,,,,,,,,
1152546,2018/19,2019-01-20,Sydney Cricket Ground,2,13.3,Brisbane Heat,Sydney Sixers,AI Ross,BCJ Cutting,SA Abbott,0,0,,,,,,,,,
1152546,2018/19,2019-01-20,Sydney Cricket Ground,2,13.4,Brisbane Heat,Sydney Sixers,AI Ross,BCJ Cutting,SA Abbott,0,0,,,,,,caught,AI Ross,,
1152546,2018/19,2019-01-20,Sydney Cricket Ground,2,13.5,Brisbane Heat,Sydney Sixers,BCJ Cutting,JA Prestwidge,SA Abbott,0,0,,,,,,,,,
1152546,2018/19,2019-01-20,Sydney Cricket Ground,2,13.6,Brisbane Heat,Sydney Sixers,BCJ Cutting,JA Prestwidge,SA Abbott,0,0,,,,,,,,,
1152546,2018/19,2019-01-20,Sydney Cricket Ground,2,14.1,Brisbane Heat,Sydney Sixers,JA Prestwidge,BCJ Cutting,L Pope,1,0,,,,,,,,,
1152546,2018/19,2019-01-20,Sydney Cricket Ground,2,14.2,Brisbane Heat,Sydney Sixers,BCJ Cutting,JA Prestwidge,L Pope,1,0,,,,,,run out,JA Prestwidge,,
1152546,2018/19,2019-01-20,Sydney Cricket Ground,2,14.3,Brisbane Heat,Sydney Sixers,JK Lalor,BCJ Cutting,L Pope,4,0,,,,,,,,,
1152546,2018/19,2019-01-20,Sydney Cricket Ground,2,14.4,Brisbane Heat,Sydney Sixers,JK Lalor,BCJ Cutting,L Pope,0,0,,,,,,,,,
1152546,2018/19,2019-01-20,Sydney Cricket Ground,2,14.5,Brisbane Heat,Sydney Sixers,JK Lalor,BCJ Cutting,L Pope,1,0,,,,,,,,,
1152546,2018/19,2019-01-20,Sydney Cricket Ground,2,14.6,Brisbane Heat,Sydney Sixers,BCJ Cutting,JK Lalor,L Pope,0,0,,,,,,,,,
1152546,2018/19,2019-01-20,Sydney Cricket Ground,2,15.1,Brisbane Heat,Sydney Sixers,JK Lalor,BCJ Cutting,TK Curran,0,0,,,,,,,,,
1152546,2018/19,2019-01-20,Sydney Cricket Ground,2,15.2,Brisbane Heat,Sydney Sixers,JK Lalor,BCJ Cutting,TK Curran,1,0,,,,,,,,,
1152546,2018/19,2019-01-20,Sydney Cricket Ground,2,15.3,Brisbane Heat,Sydney Sixers,BCJ Cutting,JK Lalor,TK Curran,0,1,1,,,,,,,,
1152546,2018/19,2019-01-20,Sydney Cricket Ground,2,15.4,Brisbane Heat,Sydney Sixers,BCJ Cutting,JK Lalor,TK Curran,0,0,,,,,,,,,
1152546,2018/19,2019-01-20,Sydney Cricket Ground,2,15.5,Brisbane Heat,Sydney Sixers,BCJ Cutting,JK Lalor,TK Curran,0,0,,,,,,bowled,BCJ Cutting,,
1152546,2018/19,2019-01-20,Sydney Cricket Ground,2,15.6,Brisbane Heat,Sydney Sixers,B Doggett,JK Lalor,TK Curran,0,0,,,,,,,,,
1152546,2018/19,2019-01-20,Sydney Cricket Ground,2,15.7,Brisbane Heat,Sydney Sixers,B Doggett,JK Lalor,TK Curran,1,0,,,,,,,,,
1152546,2018/19,2019-01-20,Sydney Cricket Ground,2,16.1,Brisbane Heat,Sydney Sixers,B Doggett,JK Lalor,SNJ O'Keefe,1,0,,,,,,,,,
1152546,2018/19,2019-01-20,Sydney Cricket Ground,2,16.2,Brisbane Heat,Sydney Sixers,JK Lalor,B Doggett,SNJ O'Keefe,6,0,,,,,,,,,
1152546,2018/19,2019-01-20,Sydney Cricket Ground,2,16.3,Brisbane Heat,Sydney Sixers,JK Lalor,B Doggett,SNJ O'Keefe,0,0,,,,,,,,,
1152546,2018/19,2019-01-20,Sydney Cricket Ground,2,16.4,Brisbane Heat,Sydney Sixers,JK Lalor,B Doggett,SNJ O'Keefe,1,0,,,,,,,,,
1152546,2018/19,2019-01-20,Sydney Cricket Ground,2,16.5,Brisbane Heat,Sydney Sixers,B Doggett,JK Lalor,SNJ O'Keefe,0,0,,,,,,,,,
1152546,2018/19,2019-01-20,Sydney Cricket Ground,2,16.6,Brisbane Heat,Sydney Sixers,B Doggett,JK Lalor,SNJ O'Keefe,1,0,,,,,,,,,
1152546,2018/19,2019-01-20,Sydney Cricket Ground,2,17.1,Brisbane Heat,Sydney Sixers,B Doggett,JK Lalor,TK Curran,3,0,,,,,,,,,
1152546,2018/19,2019-01-20,Sydney Cricket Ground,2,17.2,Brisbane Heat,Sydney Sixers,JK Lalor,B Doggett,TK Curran,0,0,,,,,,bowled,JK Lalor,,
1152546,2018/19,2019-01-20,Sydney Cricket Ground,2,17.3,Brisbane Heat,Sydney Sixers,MJ Swepson,B Doggett,TK Curran,0,0,,,,,,,,,
1152546,2018/19,2019-01-20,Sydney Cricket Ground,2,17.4,Brisbane Heat,Sydney Sixers,MJ Swepson,B Doggett,TK Curran,1,0,,,,,,,,,
1152546,2018/19,2019-01-20,Sydney Cricket Ground,2,17.5,Brisbane Heat,Sydney Sixers,B Doggett,MJ Swepson,TK Curran,0,0,,,,,,caught,B Doggett,,
1152546,2018/19,2019-01-20,Sydney Cricket Ground,2,17.6,Brisbane Heat,Sydney Sixers,MJ Swepson,Mujeeb Ur Rahman,TK Curran,1,0,,,,,,,,,
1152546,2018/19,2019-01-20,Sydney Cricket Ground,2,18.1,Brisbane Heat,Sydney Sixers,MJ Swepson,Mujeeb Ur Rahman,SA Abbott,0,0,,,,,,caught,MJ Swepson,,
