match_id,season,start_date,venue,innings,ball,batting_team,bowling_team,striker,non_striker,bowler,runs_off_bat,extras,wides,noballs,byes,legbyes,penalty,wicket_type,player_dismissed,other_wicket_type,other_player_dismissed
524930,2011/12,2012-01-04,Melbourne Cricket Ground,1,0.1,Perth Scorchers,Melbourne Stars,HH Gibbs,MJ North,DJ Hussey,0,0,,,,,,,,,
524930,2011/12,2012-01-04,Melbourne Cricket Ground,1,0.2,Perth Scorchers,Melbourne Stars,HH Gibbs,MJ North,DJ Hussey,3,0,,,,,,,,,
524930,2011/12,2012-01-04,Melbourne Cricket Ground,1,0.3,Perth Scorchers,Melbourne Stars,MJ North,HH Gibbs,DJ Hussey,0,0,,,,,,,,,
524930,2011/12,2012-01-04,Melbourne Cricket Ground,1,0.4,Perth Scorchers,Melbourne Stars,MJ North,HH Gibbs,DJ Hussey,1,0,,,,,,,,,
524930,2011/12,2012-01-04,Melbourne Cricket Ground,1,0.5,Perth Scorchers,Melbourne Stars,HH Gibbs,MJ North,DJ Hussey,0,0,,,,,,,,,
524930,2011/12,2012-01-04,Melbourne Cricket Ground,1,0.6,Perth Scorchers,Melbourne Stars,HH Gibbs,MJ North,DJ Hussey,1,0,,,,,,,,,
524930,2011/12,2012-01-04,Melbourne Cricket Ground,1,1.1,Perth Scorchers,Melbourne Stars,HH Gibbs,MJ North,JM Bird,0,0,,,,,,,,,
524930,2011/12,2012-01-04,Melbourne Cricket Ground,1,1.2,Perth Scorchers,Melbourne Stars,HH Gibbs,MJ North,JM Bird,0,0,,,,,,,,,
524930,2011/12,2012-01-04,Melbourne Cricket Ground,1,1.3,Perth Scorchers,Melbourne Stars,HH Gibbs,MJ North,JM Bird,4,0,,,,,,,,,
524930,2011/12,2012-01-04,Melbourne Cricket Ground,1,1.4,Perth Scorchers,Melbourne Stars,HH Gibbs,MJ North,JM Bird,2,0,,,,,,,,,
524930,2011/12,2012-01-04,Melbourne Cricket Ground,1,1.5,Perth Scorchers,Melbourne Stars,HH Gibbs,MJ North,JM Bird,2,0,,,,,,,,,
524930,2011/12,2012-01-04,Melbourne Cricket Ground,1,1.6,Perth Scorchers,Melbourne Stars,HH Gibbs,MJ North,JM Bird,1,0,,,,,,,,,
524930,2011/12,2012-01-04,Melbourne Cricket Ground,1,2.1,Perth Scorchers,Melbourne Stars,HH Gibbs,MJ North,JP Faulkner,2,0,,,,,,,,,
524930,2011/12,2012-01-04,Melbourne Cricket Ground,1,2.2,Perth Scorchers,Melbourne Stars,HH Gibbs,MJ North,JP Faulkner,2,0,,,,,,,,,
524930,2011/12,2012-01-04,Melbourne Cricket Ground,1,2.3,Perth Scorchers,Melbourne Stars,HH Gibbs,MJ North,JP Faulkner,4,0,,,,,,,,,
524930,2011/12,2012-01-04,Melbourne Cricket Ground,1,2.4,Perth Scorchers,Melbourne Stars,HH Gibbs,MJ North,JP Faulkner,0,0,,,,,,,,,
524930,2011/12,2012-01-04,Melbourne Cricket Ground,1,2.5,Perth Scorchers,Melbourne Stars,HH Gibbs,MJ North,JP Faulkner,1,0,,,,,,,,,
524930,2011/12,2012-01-04,Melbourne Cricket Ground,1,2.6,Perth Scorchers,Melbourne Stars,MJ North,HH Gibbs,JP Faulkner,0,0,,,,,,,,,
524930,2011/12,2012-01-04,Melbourne Cricket Ground,1,3.1,Perth Scorchers,Melbourne Stars,HH Gibbs,MJ North,DJ Hussey,4,0,,,,,,,,,
524930,2011/12,2012-01-04,Melbourne Cricket Ground,1,3.2,Perth Scorchers,Melbourne Stars,HH Gibbs,MJ North,DJ Hussey,0,0,,,,,,,,,
524930,2011/12,2012-01-04,Melbourne Cricket Ground,1,3.3,Perth Scorchers,Melbourne Stars,HH Gibbs,MJ North,DJ Hussey,0,0,,,,,,,,,
524930,2011/12,2012-01-04,Melbourne Cricket Ground,1,3.4,Perth Scorchers,Melbourne Stars,HH Gibbs,MJ North,DJ Hussey,4,0,,,,,,,,,
524930,2011/12,2012-01-04,Melbourne Cricket Ground,1,3.5,Perth Scorchers,Melbourne Stars,HH Gibbs,MJ North,DJ Hussey,1,0,,,,,,,,,
524930,2011/12,2012-01-04,Melbourne Cricket Ground,1,3.6,Perth Scorchers,Melbourne Stars,MJ North,HH Gibbs,DJ Hussey,1,0,,,,,,,,,
524930,2011/12,2012-01-04,Melbourne Cricket Ground,1,4.1,Perth Scorchers,Melbourne Stars,MJ North,HH Gibbs,CJ McKay,2,0,,,,,,,,,
524930,2011/12,2012-01-04,Melbourne Cricket Ground,1,4.2,Perth Scorchers,Melbourne Stars,MJ North,HH Gibbs,CJ McKay,1,0,,,,,,,,,
524930,2011/12,2012-01-04,Melbourne Cricket Ground,1,4.3,Perth Scorchers,Melbourne Stars,HH Gibbs,MJ North,CJ McKay,0,0,,,,,,,,,
524930,2011/12,2012-01-04,Melbourne Cricket Ground,1,4.4,Perth Scorchers,Melbourne Stars,HH Gibbs,MJ North,CJ McKay,2,0,,,,,,,,,
524930,2011/12,2012-01-04,Melbourne Cricket Ground,1,4.5,Perth Scorchers,Melbourne Stars,HH Gibbs,MJ North,CJ McKay,4,0,,,,,,,,,
524930,2011/12,2012-01-04,Melbourne Cricket Ground,1,4.6,Perth Scorchers,Melbourne Stars,HH Gibbs,MJ North,CJ McKay,4,0,,,,,,,,,
524930,2011/12,2012-01-04,Melbourne Cricket Ground,1,5.1,Perth Scorchers,Melbourne Stars,MJ North,HH Gibbs,JM Bird,0,0,,,,,,bowled,MJ North,,
524930,2011/12,2012-01-04,Melbourne Cricket Ground,1,5.2,Perth Scorchers,Melbourne Stars,SM Katich,HH Gibbs,JM Bird,0,0,,,,,,,,,
524930,2011/12,2012-01-04,Melbourne Cricket Ground,1,5.3,Perth Scorchers,Melbourne Stars,SM Katich,HH Gibbs,JM Bird,2,0,,,,,,,,,
524930,2011/12,2012-01-04,Melbourne Cricket Ground,1,5.4,Perth Scorchers,Melbourne Stars,SM Katich,HH Gibbs,JM Bird,4,0,,,,,,,,,
524930,2011/12,2012-01-04,Melbourne Cricket Ground,1,5.5,Perth Scorchers,Melbourne Stars,SM Katich,HH Gibbs,JM Bird,1,0,,,,,,,,,
524930,2011/12,2012-01-04,Melbourne Cricket Ground,1,5.6,Perth Scorchers,Melbourne Stars,HH Gibbs,SM Katich,JM Bird,0,0,,,,,,,,,
524930,2011/12,2012-01-04,Melbourne Cricket Ground,1,6.1,Perth Scorchers,Melbourne Stars,SM Katich,HH Gibbs,CJ McKay,1,0,,,,,,,,,
524930,2011/12,2012-01-04,Melbourne Cricket Ground,1,6.2,Perth Scorchers,Melbourne Stars,HH Gibbs,SM Katich,CJ McKay,2,0,,,,,,,,,
524930,2011/12,2012-01-04,Melbourne Cricket Ground,1,6.3,Perth Scorchers,Melbourne Stars,HH Gibbs,SM Katich,CJ McKay,1,0,,,,,,,,,
524930,2011/12,2012-01-04,Melbourne Cricket Ground,1,6.4,Perth Scorchers,Melbourne Stars,SM Katich,HH Gibbs,CJ McKay,1,0,,,,,,,,,
524930,2011/12,2012-01-04,Melbourne Cricket Ground,1,6.5,Perth Scorchers,Melbourne Stars,HH Gibbs,SM Katich,CJ McKay,0,0,,,,,,,,,
524930,2011/12,2012-01-04,Melbourne Cricket Ground,1,6.6,Perth Scorchers,Melbourne Stars,HH Gibbs,SM Katich,CJ McKay,0,0,,,,,,,,,
524930,2011/12,2012-01-04,Melbourne Cricket Ground,1,7.1,Perth Scorchers,Melbourne Stars,SM Katich,HH Gibbs,DJ Hussey,1,0,,,,,,,,,
524930,2011/12,2012-01-04,Melbourne Cricket Ground,1,7.2,Perth Scorchers,Melbourne Stars,HH Gibbs,SM Katich,DJ Hussey,1,0,,,,,,,,,
524930,2011/12,2012-01-04,Melbourne Cricket Ground,1,7.3,Perth Scorchers,Melbourne Stars,SM Katich,HH Gibbs,DJ Hussey,0,0,,,,,,caught,SM Katich,,
524930,2011/12,2012-01-04,Melbourne Cricket Ground,1,7.4,Perth Scorchers,Melbourne Stars,MR Marsh,HH Gibbs,DJ Hussey,1,0,,,,,,,,,
524930,2011/12,2012-01-04,Melbourne Cricket Ground,1,7.5,Perth Scorchers,Melbourne Stars,HH Gibbs,MR Marsh,DJ Hussey,1,0,,,,,,,,,
524930,2011/12,2012-01-04,Melbourne Cricket Ground,1,7.6,Perth Scorchers,Melbourne Stars,MR Marsh,HH Gibbs,DJ Hussey,1,0,,,,,,,,,
524930,2011/12,2012-01-04,Melbourne Cricket Ground,1,8.1,Perth Scorchers,Melbourne Stars,MR Marsh,HH Gibbs,LJ Wright,2,0,,,,,,,,,
524930,2011/12,2012-01-04,Melbourne Cricket Ground,1,8.2,Perth Scorchers,Melbourne Stars,MR Marsh,HH Gibbs,LJ Wright,0,0,,,,,,,,,
524930,2011/12,2012-01-04,Melbourne Cricket Ground,1,8.3,Perth Scorchers,Melbourne Stars,MR Marsh,HH Gibbs,LJ Wright,1,0,,,,,,,,,
524930,2011/12,2012-01-04,Melbourne Cricket Ground,1,8.4,Perth Scorchers,Melbourne Stars,HH Gibbs,MR Marsh,LJ Wright,0,0,,,,,,,,,
524930,2011/12,2012-01-04,Melbourne Cricket Ground,1,8.5,Perth Scorchers,Melbourne Stars,HH Gibbs,MR Marsh,LJ Wright,3,0,,,,,,,,,
524930,2011/12,2012-01-04,Melbourne Cricket Ground,1,8.6,Perth Scorchers,Melbourne Stars,MR Marsh,HH Gibbs,LJ Wright,1,0,,,,,,,,,
524930,2011/12,2012-01-04,Melbourne Cricket Ground,1,9.1,Perth Scorchers,Melbourne Stars,MR Marsh,HH Gibbs,SK Warne,1,0,,,,,,,,,
524930,2011/12,2012-01-04,Melbourne Cricket Ground,1,9.2,Perth Scorchers,Melbourne Stars,HH Gibbs,MR Marsh,SK Warne,2,0,,,,,,,,,
524930,2011/12,2012-01-04,Melbourne Cricket Ground,1,9.3,Perth Scorchers,Melbourne Stars,HH Gibbs,MR Marsh,SK Warne,2,0,,,,,,,,,
524930,2011/12,2012-01-04,Melbourne Cricket Ground,1,9.4,Perth Scorchers,Melbourne Stars,HH Gibbs,MR Marsh,SK Warne,0,0,,,,,,,,,
524930,2011/12,2012-01-04,Melbourne Cricket Ground,1,9.5,Perth Scorchers,Melbourne Stars,HH Gibbs,MR Marsh,SK Warne,4,0,,,,,,,,,
524930,2011/12,2012-01-04,Melbourne Cricket Ground,1,9.6,Perth Scorchers,Melbourne Stars,HH Gibbs,MR Marsh,SK Warne,1,0,,,,,,,,,
524930,2011/12,2012-01-04,Melbourne Cricket Ground,1,10.1,Perth Scorchers,Melbourne Stars,HH Gibbs,MR Marsh,JP Faulkner,0,0,,,,,,,,,
524930,2011/12,2012-01-04,Melbourne Cricket Ground,1,10.2,Perth Scorchers,Melbourne Stars,HH Gibbs,MR Marsh,JP Faulkner,1,0,,,,,,,,,
524930,2011/12,2012-01-04,Melbourne Cricket Ground,1,10.3,Perth Scorchers,Melbourne Stars,MR Marsh,HH Gibbs,JP Faulkner,2,0,,,,,,,,,
524930,2011/12,2012-01-04,Melbourne Cricket Ground,1,10.4,Perth Scorchers,Melbourne Stars,MR Marsh,HH Gibbs,JP Faulkner,1,0,,,,,,,,,
524930,2011/12,2012-01-04,Melbourne Cricket Ground,1,10.5,Perth Scorchers,Melbourne Stars,HH Gibbs,MR Marsh,JP Faulkner,2,0,,,,,,,,,
524930,2011/12,2012-01-04,Melbourne Cricket Ground,1,10.6,Perth Scorchers,Melbourne Stars,HH Gibbs,MR Marsh,JP Faulkner,1,0,,,,,,,,,
524930,2011/12,2012-01-04,Melbourne Cricket Ground,1,11.1,Perth Scorchers,Melbourne Stars,HH Gibbs,MR Marsh,SK Warne,4,0,,,,,,,,,
524930,2011/12,2012-01-04,Melbourne Cricket Ground,1,11.2,Perth Scorchers,Melbourne Stars,HH Gibbs,MR Marsh,SK Warne,1,0,,,,,,,,,
524930,2011/12,2012-01-04,Melbourne Cricket Ground,1,11.3,Perth Scorchers,Melbourne Stars,MR Marsh,HH Gibbs,SK Warne,0,0,,,,,,,,,
524930,2011/12,2012-01-04,Melbourne Cricket Ground,1,11.4,Perth Scorchers,Melbourne Stars,MR Marsh,HH Gibbs,SK Warne,1,0,,,,,,,,,
524930,2011/12,2012-01-04,Melbourne Cricket Ground,1,11.5,Perth Scorchers,Melbourne Stars,HH Gibbs,MR Marsh,SK Warne,1,0,,,,,,,,,
524930,2011/12,2012-01-04,Melbourne Cricket Ground,1,11.6,Perth Scorchers,Melbourne Stars,MR Marsh,HH Gibbs,SK Warne,1,0,,,,,,,,,
524930,2011/12,2012-01-04,Melbourne Cricket Ground,1,12.1,Perth Scorchers,Melbourne Stars,MR Marsh,HH Gibbs,JM Bird,1,0,,,,,,,,,
524930,2011/12,2012-01-04,Melbourne Cricket Ground,1,12.2,Perth Scorchers,Melbourne Stars,HH Gibbs,MR Marsh,JM Bird,0,1,,1,,,,,,,
524930,2011/12,2012-01-04,Melbourne Cricket Ground,1,12.3,Perth Scorchers,Melbourne Stars,HH Gibbs,MR Marsh,JM Bird,1,0,,,,,,,,,
524930,2011/12,2012-01-04,Melbourne Cricket Ground,1,12.4,Perth Scorchers,Melbourne Stars,MR Marsh,HH Gibbs,JM Bird,6,0,,,,,,,,,
524930,2011/12,2012-01-04,Melbourne Cricket Ground,1,12.5,Perth Scorchers,Melbourne Stars,MR Marsh,HH Gibbs,JM Bird,0,0,,,,,,,,,
524930,2011/12,2012-01-04,Melbourne Cricket Ground,1,12.6,Perth Scorchers,Melbourne Stars,MR Marsh,HH Gibbs,JM Bird,2,0,,,,,,,,,
524930,2011/12,2012-01-04,Melbourne Cricket Ground,1,12.7,Perth Scorchers,Melbourne Stars,MR Marsh,HH Gibbs,JM Bird,1,0,,,,,,,,,
524930,2011/12,2012-01-04,Melbourne Cricket Ground,1,13.1,Perth Scorchers,Melbourne Stars,MR Marsh,HH Gibbs,SK Warne,1,0,,,,,,,,,
524930,2011/12,2012-01-04,Melbourne Cricket Ground,1,13.2,Perth Scorchers,Melbourne Stars,HH Gibbs,MR Marsh,SK Warne,0,0,,,,,,caught,HH Gibbs,,
524930,2011/12,2012-01-04,Melbourne Cricket Ground,1,13.3,Perth Scorchers,Melbourne Stars,L Ronchi,MR Marsh,SK Warne,0,0,,,,,,,,,
524930,2011/12,2012-01-04,Melbourne Cricket Ground,1,13.4,Perth Scorchers,Melbourne Stars,L Ronchi,MR Marsh,SK Warne,0,0,,,,,,,,,
524930,2011/12,2012-01-04,Melbourne Cricket Ground,1,13.5,Perth Scorchers,Melbourne Stars,L Ronchi,MR Marsh,SK Warne,1,0,,,,,,,,,
524930,2011/12,2012-01-04,Melbourne Cricket Ground,1,13.6,Perth Scorchers,Melbourne Stars,MR Marsh,L Ronchi,SK Warne,1,0,,,,,,,,,
524930,2011/12,2012-01-04,Melbourne Cricket Ground,1,14.1,Perth Scorchers,Melbourne Stars,MR Marsh,L Ronchi,JP Faulkner,0,0,,,,,,,,,
524930,2011/12,2012-01-04,Melbourne Cricket Ground,1,14.2,Perth Scorchers,Melbourne Stars,MR Marsh,L Ronchi,JP Faulkner,1,0,,,,,,,,,
524930,2011/12,2012-01-04,Melbourne Cricket Ground,1,14.3,Perth Scorchers,Melbourne Stars,L Ronchi,MR Marsh,JP Faulkner,0,0,,,,,,caught,L Ronchi,,
524930,2011/12,2012-01-04,Melbourne Cricket Ground,1,14.4,Perth Scorchers,Melbourne Stars,MR Marsh,PD Collingwood,JP Faulkner,0,0,,,,,,,,,
524930,2011/12,2012-01-04,Melbourne Cricket Ground,1,14.5,Perth Scorchers,Melbourne Stars,MR Marsh,PD Collingwood,JP Faulkner,0,0,,,,,,,,,
524930,2011/12,2012-01-04,Melbourne Cricket Ground,1,14.6,Perth Scorchers,Melbourne Stars,MR Marsh,PD Collingwood,JP Faulkner,0,0,,,,,,,,,
524930,2011/12,2012-01-04,Melbourne Cricket Ground,1,15.1,Perth Scorchers,Melbourne Stars,PD Collingwood,MR Marsh,SK Warne,2,0,,,,,,,,,
524930,2011/12,2012-01-04,Melbourne Cricket Ground,1,15.2,Perth Scorchers,Melbourne Stars,PD Collingwood,MR Marsh,SK Warne,1,0,,,,,,,,,
524930,2011/12,2012-01-04,Melbourne Cricket Ground,1,15.3,Perth Scorchers,Melbourne Stars,MR Marsh,PD Collingwood,SK Warne,0,0,,,,,,,,,
524930,2011/12,2012-01-04,Melbourne Cricket Ground,1,15.4,Perth Scorchers,Melbourne Stars,MR Marsh,PD Collingwood,SK Warne,6,0,,,,,,,,,
524930,2011/12,2012-01-04,Melbourne Cricket Ground,1,15.5,Perth Scorchers,Melbourne Stars,MR Marsh,PD Collingwood,SK Warne,0,0,,,,,,,,,
524930,2011/12,2012-01-04,Melbourne Cricket Ground,1,15.6,Perth Scorchers,Melbourne Stars,MR Marsh,PD Collingwood,SK Warne,0,0,,,,,,caught,MR Marsh,,
524930,2011/12,2012-01-04,Melbourne Cricket Ground,1,16.1,Perth Scorchers,Melbourne Stars,NM Coulter-Nile,PD Collingwood,CJ McKay,1,0,,,,,,,,,
524930,2011/12,2012-01-04,Melbourne Cricket Ground,1,16.2,Perth Scorchers,Melbourne Stars,PD Collingwood,NM Coulter-Nile,CJ McKay,1,0,,,,,,,,,
524930,2011/12,2012-01-04,Melbourne Cricket Ground,1,16.3,Perth Scorchers,Melbourne Stars,NM Coulter-Nile,PD Collingwood,CJ McKay,0,0,,,,,,,,,
524930,2011/12,2012-01-04,Melbourne Cricket Ground,1,16.4,Perth Scorchers,Melbourne Stars,NM Coulter-Nile,PD Collingwood,CJ McKay,0,0,,,,,,,,,
524930,2011/12,2012-01-04,Melbourne Cricket Ground,1,16.5,Perth Scorchers,Melbourne Stars,NM Coulter-Nile,PD Collingwood,CJ McKay,2,0,,,,,,,,,
524930,2011/12,2012-01-04,Melbourne Cricket Ground,1,16.6,Perth Scorchers,Melbourne Stars,NM Coulter-Nile,PD Collingwood,CJ McKay,0,0,,,,,,,,,
524930,2011/12,2012-01-04,Melbourne Cricket Ground,1,17.1,Perth Scorchers,Melbourne Stars,PD Collingwood,NM Coulter-Nile,JM Bird,1,0,,,,,,,,,
524930,2011/12,2012-01-04,Melbourne Cricket Ground,1,17.2,Perth Scorchers,Melbourne Stars,NM Coulter-Nile,PD Collingwood,JM Bird,0,0,,,,,,,,,
524930,2011/12,2012-01-04,Melbourne Cricket Ground,1,17.3,Perth Scorchers,Melbourne Stars,NM Coulter-Nile,PD Collingwood,JM Bird,0,0,,,,,,,,,
524930,2011/12,2012-01-04,Melbourne Cricket Ground,1,17.4,Perth Scorchers,Melbourne Stars,NM Coulter-Nile,PD Collingwood,JM Bird,0,0,,,,,,,,,
524930,2011/12,2012-01-04,Melbourne Cricket Ground,1,17.5,Perth Scorchers,Melbourne Stars,NM Coulter-Nile,PD Collingwood,JM Bird,1,0,,,,,,,,,
524930,2011/12,2012-01-04,Melbourne Cricket Ground,1,17.6,Perth Scorchers,Melbourne Stars,PD Collingwood,NM Coulter-Nile,JM Bird,2,0,,,,,,,,,
524930,2011/12,2012-01-04,Melbourne Cricket Ground,1,18.1,Perth Scorchers,Melbourne Stars,NM Coulter-Nile,PD Collingwood,CJ McKay,0,0,,,,,,,,,
524930,2011/12,2012-01-04,Melbourne Cricket Ground,1,18.2,Perth Scorchers,Melbourne Stars,NM Coulter-Nile,PD Collingwood,CJ McKay,1,0,,,,,,,,,
524930,2011/12,2012-01-04,Melbourne Cricket Ground,1,18.3,Perth Scorchers,Melbourne Stars,PD Collingwood,NM Coulter-Nile,CJ McKay,2,0,,,,,,,,,
524930,2011/12,2012-01-04,Melbourne Cricket Ground,1,18.4,Perth Scorchers,Melbourne Stars,PD Collingwood,NM Coulter-Nile,CJ McKay,2,0,,,,,,,,,
524930,2011/12,2012-01-04,Melbourne Cricket Ground,1,18.5,Perth Scorchers,Melbourne Stars,PD Collingwood,NM Coulter-Nile,CJ McKay,1,0,,,,,,,,,
524930,2011/12,2012-01-04,Melbourne Cricket Ground,1,18.6,Perth Scorchers,Melbourne Stars,NM Coulter-Nile,PD Collingwood,CJ McKay,0,0,,,,,,,,,
524930,2011/12,2012-01-04,Melbourne Cricket Ground,1,19.1,Perth Scorchers,Melbourne Stars,PD Collingwood,NM Coulter-Nile,JP Faulkner,0,0,,,,,,caught,PD Collingwood,,
524930,2011/12,2012-01-04,Melbourne Cricket Ground,1,19.2,Perth Scorchers,Melbourne Stars,NM Coulter-Nile,NJ Rimmington,JP Faulkner,0,1,,,,1,,,,,
524930,2011/12,2012-01-04,Melbourne Cricket Ground,1,19.3,Perth Scorchers,Melbourne Stars,NJ Rimmington,NM Coulter-Nile,JP Faulkner,0,0,,,,,,run out,NM Coulter-Nile,,
524930,2011/12,2012-01-04,Melbourne Cricket Ground,1,19.4,Perth Scorchers,Melbourne Stars,GB Hogg,NJ Rimmington,JP Faulkner,0,0,,,,,,run out,GB Hogg,,
524930,2011/12,2012-01-04,Melbourne Cricket Ground,1,19.5,Perth Scorchers,Melbourne Stars,MA Beer,NJ Rimmington,JP Faulkner,0,0,,,,,,bowled,MA Beer,,
524930,2011/12,2012-01-04,Melbourne Cricket Ground,1,19.6,Perth Scorchers,Melbourne Stars,BM Edmondson,NJ Rimmington,JP Faulkner,0,1,,,1,,,run out,BM Edmondson,,
524930,2011/12,2012-01-04,Melbourne Cricket Ground,2,0.1,Melbourne Stars,Perth Scorchers,RJ Quiney,CL White,MA Beer,2,0,,,,,,,,,
524930,2011/12,2012-01-04,Melbourne Cricket Ground,2,0.2,Melbourne Stars,Perth Scorchers,RJ Quiney,CL White,MA Beer,1,0,,,,,,,,,
524930,2011/12,2012-01-04,Melbourne Cricket Ground,2,0.3,Melbourne Stars,Perth Scorchers,CL White,RJ Quiney,MA Beer,0,0,,,,,,,,,
524930,2011/12,2012-01-04,Melbourne Cricket Ground,2,0.4,Melbourne Stars,Perth Scorchers,CL White,RJ Quiney,MA Beer,1,0,,,,,,,,,
524930,2011/12,2012-01-04,Melbourne Cricket Ground,2,0.5,Melbourne Stars,Perth Scorchers,RJ Quiney,CL White,MA Beer,4,0,,,,,,,,,
524930,2011/12,2012-01-04,Melbourne Cricket Ground,2,0.6,Melbourne Stars,Perth Scorchers,RJ Quiney,CL White,MA Beer,1,0,,,,,,,,,
524930,2011/12,2012-01-04,Melbourne Cricket Ground,2,1.1,Melbourne Stars,Perth Scorchers,RJ Quiney,CL White,NJ Rimmington,0,0,,,,,,,,,
524930,2011/12,2012-01-04,Melbourne Cricket Ground,2,1.2,Melbourne Stars,Perth Scorchers,RJ Quiney,CL White,NJ Rimmington,0,0,,,,,,,,,
524930,2011/12,2012-01-04,Melbourne Cricket Ground,2,1.3,Melbourne Stars,Perth Scorchers,RJ Quiney,CL White,NJ Rimmington,0,0,,,,,,,,,
524930,2011/12,2012-01-04,Melbourne Cricket Ground,2,1.4,Melbourne Stars,Perth Scorchers,RJ Quiney,CL White,NJ Rimmington,6,0,,,,,,,,,
524930,2011/12,2012-01-04,Melbourne Cricket Ground,2,1.5,Melbourne Stars,Perth Scorchers,RJ Quiney,CL White,NJ Rimmington,0,0,,,,,,,,,
524930,2011/12,2012-01-04,Melbourne Cricket Ground,2,1.6,Melbourne Stars,Perth Scorchers,RJ Quiney,CL White,NJ Rimmington,0,1,,,,1,,,,,
524930,2011/12,2012-01-04,Melbourne Cricket Ground,2,2.1,Melbourne Stars,Perth Scorchers,RJ Quiney,CL White,BM Edmondson,0,1,1,,,,,,,,
524930,2011/12,2012-01-04,Melbourne Cricket Ground,2,2.2,Melbourne Stars,Perth Scorchers,RJ Quiney,CL White,BM Edmondson,0,0,,,,,,,,,
524930,2011/12,2012-01-04,Melbourne Cricket Ground,2,2.3,Melbourne Stars,Perth Scorchers,RJ Quiney,CL White,BM Edmondson,0,0,,,,,,,,,
524930,2011/12,2012-01-04,Melbourne Cricket Ground,2,2.4,Melbourne Stars,Perth Scorchers,RJ Quiney,CL White,BM Edmondson,4,0,,,,,,,,,
524930,2011/12,2012-01-04,Melbourne Cricket Ground,2,2.5,Melbourne Stars,Perth Scorchers,RJ Quiney,CL White,BM Edmondson,0,0,,,,,,,,,
524930,2011/12,2012-01-04,Melbourne Cricket Ground,2,2.6,Melbourne Stars,Perth Scorchers,RJ Quiney,CL White,BM Edmondson,0,0,,,,,,,,,
524930,2011/12,2012-01-04,Melbourne Cricket Ground,2,2.7,Melbourne Stars,Perth Scorchers,RJ Quiney,CL White,BM Edmondson,0,0,,,,,,,,,
524930,2011/12,2012-01-04,Melbourne Cricket Ground,2,3.1,Melbourne Stars,Perth Scorchers,CL White,RJ Quiney,NJ Rimmington,0,0,,,,,,,,,
524930,2011/12,2012-01-04,Melbourne Cricket Ground,2,3.2,Melbourne Stars,Perth Scorchers,CL White,RJ Quiney,NJ Rimmington,0,1,1,,,,,,,,
524930,2011/12,2012-01-04,Melbourne Cricket Ground,2,3.3,Melbourne Stars,Perth Scorchers,CL White,RJ Quiney,NJ Rimmington,0,0,,,,,,,,,
524930,2011/12,2012-01-04,Melbourne Cricket Ground,2,3.4,Melbourne Stars,Perth Scorchers,CL White,RJ Quiney,NJ Rimmington,0,0,,,,,,,,,
524930,2011/12,2012-01-04,Melbourne Cricket Ground,2,3.5,Melbourne Stars,Perth Scorchers,CL White,RJ Quiney,NJ Rimmington,0,0,,,,,,,,,
524930,2011/12,2012-01-04,Melbourne Cricket Ground,2,3.6,Melbourne Stars,Perth Scorchers,CL White,RJ Quiney,NJ Rimmington,0,0,,,,,,,,,
524930,2011/12,2012-01-04,Melbourne Cricket Ground,2,3.7,Melbourne Stars,Perth Scorchers,CL White,RJ Quiney,NJ Rimmington,0,0,,,,,,,,,
524930,2011/12,2012-01-04,Melbourne Cricket Ground,2,4.1,Melbourne Stars,Perth Scorchers,RJ Quiney,CL White,BM Edmondson,0,0,,,,,,,,,
524930,2011/12,2012-01-04,Melbourne Cricket Ground,2,4.2,Melbourne Stars,Perth Scorchers,RJ Quiney,CL White,BM Edmondson,2,0,,,,,,,,,
524930,2011/12,2012-01-04,Melbourne Cricket Ground,2,4.3,Melbourne Stars,Perth Scorchers,RJ Quiney,CL White,BM Edmondson,1,0,,,,,,,,,
524930,2011/12,2012-01-04,Melbourne Cricket Ground,2,4.4,Melbourne Stars,Perth Scorchers,CL White,RJ Quiney,BM Edmondson,0,0,,,,,,caught,CL White,,
524930,2011/12,2012-01-04,Melbourne Cricket Ground,2,4.5,Melbourne Stars,Perth Scorchers,RJ Quiney,GJ Bailey,BM Edmondson,0,0,,,,,,,,,
524930,2011/12,2012-01-04,Melbourne Cricket Ground,2,4.6,Melbourne Stars,Perth Scorchers,RJ Quiney,GJ Bailey,BM Edmondson,0,0,,,,,,,,,
524930,2011/12,2012-01-04,Melbourne Cricket Ground,2,5.1,Melbourne Stars,Perth Scorchers,GJ Bailey,RJ Quiney,NM Coulter-Nile,0,0,,,,,,,,,
524930,2011/12,2012-01-04,Melbourne Cricket Ground,2,5.2,Melbourne Stars,Perth Scorchers,GJ Bailey,RJ Quiney,NM Coulter-Nile,0,0,,,,,,,,,
524930,2011/12,2012-01-04,Melbourne Cricket Ground,2,5.3,Melbourne Stars,Perth Scorchers,GJ Bailey,RJ Quiney,NM Coulter-Nile,0,0,,,,,,,,,
524930,2011/12,2012-01-04,Melbourne Cricket Ground,2,5.4,Melbourne Stars,Perth Scorchers,GJ Bailey,RJ Quiney,NM Coulter-Nile,1,0,,,,,,,,,
524930,2011/12,2012-01-04,Melbourne Cricket Ground,2,5.5,Melbourne Stars,Perth Scorchers,RJ Quiney,GJ Bailey,NM Coulter-Nile,1,0,,,,,,,,,
524930,2011/12,2012-01-04,Melbourne Cricket Ground,2,5.6,Melbourne Stars,Perth Scorchers,GJ Bailey,RJ Quiney,NM Coulter-Nile,0,0,,,,,,caught,GJ Bailey,,
524930,2011/12,2012-01-04,Melbourne Cricket Ground,2,6.1,Melbourne Stars,Perth Scorchers,DJ Hussey,RJ Quiney,MR Marsh,1,0,,,,,,,,,
524930,2011/12,2012-01-04,Melbourne Cricket Ground,2,6.2,Melbourne Stars,Perth Scorchers,RJ Quiney,DJ Hussey,MR Marsh,0,0,,,,,,,,,
524930,2011/12,2012-01-04,Melbourne Cricket Ground,2,6.3,Melbourne Stars,Perth Scorchers,RJ Quiney,DJ Hussey,MR Marsh,1,0,,,,,,,,,
524930,2011/12,2012-01-04,Melbourne Cricket Ground,2,6.4,Melbourne Stars,Perth Scorchers,DJ Hussey,RJ Quiney,MR Marsh,0,0,,,,,,,,,
524930,2011/12,2012-01-04,Melbourne Cricket Ground,2,6.5,Melbourne Stars,Perth Scorchers,DJ Hussey,RJ Quiney,MR Marsh,2,0,,,,,,,,,
524930,2011/12,2012-01-04,Melbourne Cricket Ground,2,6.6,Melbourne Stars,Perth Scorchers,DJ Hussey,RJ Quiney,MR Marsh,0,0,,,,,,,,,
524930,2011/12,2012-01-04,Melbourne Cricket Ground,2,7.1,Melbourne Stars,Perth Scorchers,RJ Quiney,DJ Hussey,NM Coulter-Nile,0,0,,,,,,,,,
524930,2011/12,2012-01-04,Melbourne Cricket Ground,2,7.2,Melbourne Stars,Perth Scorchers,RJ Quiney,DJ Hussey,NM Coulter-Nile,4,0,,,,,,,,,
524930,2011/12,2012-01-04,Melbourne Cricket Ground,2,7.3,Melbourne Stars,Perth Scorchers,RJ Quiney,DJ Hussey,NM Coulter-Nile,6,0,,,,,,,,,
524930,2011/12,2012-01-04,Melbourne Cricket Ground,2,7.4,Melbourne Stars,Perth Scorchers,RJ Quiney,DJ Hussey,NM Coulter-Nile,1,0,,,,,,,,,
524930,2011/12,2012-01-04,Melbourne Cricket Ground,2,7.5,Melbourne Stars,Perth Scorchers,DJ Hussey,RJ Quiney,NM Coulter-Nile,1,0,,,,,,,,,
524930,2011/12,2012-01-04,Melbourne Cricket Ground,2,7.6,Melbourne Stars,Perth Scorchers,RJ Quiney,DJ Hussey,NM Coulter-Nile,0,1,1,,,,,,,,
524930,2011/12,2012-01-04,Melbourne Cricket Ground,2,7.7,Melbourne Stars,Perth Scorchers,RJ Quiney,DJ Hussey,NM Coulter-Nile,0,0,,,,,,,,,
524930,2011/12,2012-01-04,Melbourne Cricket Ground,2,8.1,Melbourne Stars,Perth Scorchers,DJ Hussey,RJ Quiney,MR Marsh,0,0,,,,,,caught,DJ Hussey,,
524930,2011/12,2012-01-04,Melbourne Cricket Ground,2,8.2,Melbourne Stars,Perth Scorchers,MS Wade,RJ Quiney,MR Marsh,0,0,,,,,,,,,
524930,2011/12,2012-01-04,Melbourne Cricket Ground,2,8.3,Melbourne Stars,Perth Scorchers,MS Wade,RJ Quiney,MR Marsh,1,0,,,,,,,,,
524930,2011/12,2012-01-04,Melbourne Cricket Ground,2,8.4,Melbourne Stars,Perth Scorchers,RJ Quiney,MS Wade,MR Marsh,2,0,,,,,,,,,
524930,2011/12,2012-01-04,Melbourne Cricket Ground,2,8.5,Melbourne Stars,Perth Scorchers,RJ Quiney,MS Wade,MR Marsh,1,0,,,,,,,,,
524930,2011/12,2012-01-04,Melbourne Cricket Ground,2,8.6,Melbourne Stars,Perth Scorchers,MS Wade,RJ Quiney,MR Marsh,1,0,,,,,,,,,
524930,2011/12,2012-01-04,Melbourne Cricket Ground,2,9.1,Melbourne Stars,Perth Scorchers,MS Wade,RJ Quiney,NM Coulter-Nile,1,0,,,,,,,,,
524930,2011/12,2012-01-04,Melbourne Cricket Ground,2,9.2,Melbourne Stars,Perth Scorchers,RJ Quiney,MS Wade,NM Coulter-Nile,0,0,,,,,,,,,
524930,2011/12,2012-01-04,Melbourne Cricket Ground,2,9.3,Melbourne Stars,Perth Scorchers,RJ Quiney,MS Wade,NM Coulter-Nile,0,0,,,,,,,,,
524930,2011/12,2012-01-04,Melbourne Cricket Ground,2,9.4,Melbourne Stars,Perth Scorchers,RJ Quiney,MS Wade,NM Coulter-Nile,0,1,1,,,,,,,,
524930,2011/12,2012-01-04,Melbourne Cricket Ground,2,9.5,Melbourne Stars,Perth Scorchers,RJ Quiney,MS Wade,NM Coulter-Nile,2,0,,,,,,,,,
524930,2011/12,2012-01-04,Melbourne Cricket Ground,2,9.6,Melbourne Stars,Perth Scorchers,RJ Quiney,MS Wade,NM Coulter-Nile,0,0,,,,,,caught,RJ Quiney,,
524930,2011/12,2012-01-04,Melbourne Cricket Ground,2,9.7,Melbourne Stars,Perth Scorchers,MS Wade,LJ Wright,NM Coulter-Nile,1,0,,,,,,,,,
524930,2011/12,2012-01-04,Melbourne Cricket Ground,2,10.1,Melbourne Stars,Perth Scorchers,MS Wade,LJ Wright,GB Hogg,1,0,,,,,,,,,
524930,2011/12,2012-01-04,Melbourne Cricket Ground,2,10.2,Melbourne Stars,Perth Scorchers,LJ Wright,MS Wade,GB Hogg,1,0,,,,,,,,,
524930,2011/12,2012-01-04,Melbourne Cricket Ground,2,10.3,Melbourne Stars,Perth Scorchers,MS Wade,LJ Wright,GB Hogg,4,0,,,,,,,,,
524930,2011/12,2012-01-04,Melbourne Cricket Ground,2,10.4,Melbourne Stars,Perth Scorchers,MS Wade,LJ Wright,GB Hogg,2,0,,,,,,,,,
524930,2011/12,2012-01-04,Melbourne Cricket Ground,2,10.5,Melbourne Stars,Perth Scorchers,MS Wade,LJ Wright,GB Hogg,1,0,,,,,,,,,
524930,2011/12,2012-01-04,Melbourne Cricket Ground,2,10.6,Melbourne Stars,Perth Scorchers,LJ Wright,MS Wade,GB Hogg,0,0,,,,,,,,,
524930,2011/12,2012-01-04,Melbourne Cricket Ground,2,11.1,Melbourne Stars,Perth Scorchers,MS Wade,LJ Wright,MR Marsh,1,0,,,,,,,,,
524930,2011/12,2012-01-04,Melbourne Cricket Ground,2,11.2,Melbourne Stars,Perth Scorchers,LJ Wright,MS Wade,MR Marsh,0,1,1,,,,,,,,
524930,2011/12,2012-01-04,Melbourne Cricket Ground,2,11.3,Melbourne Stars,Perth Scorchers,LJ Wright,MS Wade,MR Marsh,1,0,,,,,,,,,
524930,2011/12,2012-01-04,Melbourne Cricket Ground,2,11.4,Melbourne Stars,Perth Scorchers,MS Wade,LJ Wright,MR Marsh,2,0,,,,,,,,,
524930,2011/12,2012-01-04,Melbourne Cricket Ground,2,11.5,Melbourne Stars,Perth Scorchers,MS Wade,LJ Wright,MR Marsh,0,0,,,,,,,,,
524930,2011/12,2012-01-04,Melbourne Cricket Ground,2,11.6,Melbourne Stars,Perth Scorchers,MS Wade,LJ Wright,MR Marsh,1,0,,,,,,,,,
524930,2011/12,2012-01-04,Melbourne Cricket Ground,2,11.7,Melbourne Stars,Perth Scorchers,LJ Wright,MS Wade,MR Marsh,0,1,,,,1,,,,,
524930,2011/12,2012-01-04,Melbourne Cricket Ground,2,12.1,Melbourne Stars,Perth Scorchers,LJ Wright,MS Wade,GB Hogg,0,0,,,,,,,,,
524930,2011/12,2012-01-04,Melbourne Cricket Ground,2,12.2,Melbourne Stars,Perth Scorchers,LJ Wright,MS Wade,GB Hogg,0,0,,,,,,,,,
524930,2011/12,2012-01-04,Melbourne Cricket Ground,2,12.3,Melbourne Stars,Perth Scorchers,LJ Wright,MS Wade,GB Hogg,4,0,,,,,,,,,
524930,2011/12,2012-01-04,Melbourne Cricket Ground,2,12.4,Melbourne Stars,Perth Scorchers,LJ Wright,MS Wade,GB Hogg,1,0,,,,,,,,,
524930,2011/12,2012-01-04,Melbourne Cricket Ground,2,12.5,Melbourne Stars,Perth Scorchers,MS Wade,LJ Wright,GB Hogg,0,0,,,,,,,,,
524930,2011/12,2012-01-04,Melbourne Cricket Ground,2,12.6,Melbourne Stars,Perth Scorchers,MS Wade,LJ Wright,GB Hogg,1,0,,,,,,,,,
524930,2011/12,2012-01-04,Melbourne Cricket Ground,2,13.1,Melbourne Stars,Perth Scorchers,MS Wade,LJ Wright,MR Marsh,1,0,,,,,,,,,
524930,2011/12,2012-01-04,Melbourne Cricket Ground,2,13.2,Melbourne Stars,Perth Scorchers,LJ Wright,MS Wade,MR Marsh,0,0,,,,,,,,,
524930,2011/12,2012-01-04,Melbourne Cricket Ground,2,13.3,Melbourne Stars,Perth Scorchers,LJ Wright,MS Wade,MR Marsh,4,0,,,,,,,,,
524930,2011/12,2012-01-04,Melbourne Cricket Ground,2,13.4,Melbourne Stars,Perth Scorchers,LJ Wright,MS Wade,MR Marsh,1,0,,,,,,,,,
524930,2011/12,2012-01-04,Melbourne Cricket Ground,2,13.5,Melbourne Stars,Perth Scorchers,MS Wade,LJ Wright,MR Marsh,0,0,,,,,,,,,
524930,2011/12,2012-01-04,Melbourne Cricket Ground,2,13.6,Melbourne Stars,Perth Scorchers,MS Wade,LJ Wright,MR Marsh,1,0,,,,,,,,,
524930,2011/12,2012-01-04,Melbourne Cricket Ground,2,14.1,Melbourne Stars,Perth Scorchers,MS Wade,LJ Wright,MA Beer,1,0,,,,,,,,,
524930,2011/12,2012-01-04,Melbourne Cricket Ground,2,14.2,Melbourne Stars,Perth Scorchers,LJ Wright,MS Wade,MA Beer,1,0,,,,,,,,,
524930,2011/12,2012-01-04,Melbourne Cricket Ground,2,14.3,Melbourne Stars,Perth Scorchers,MS Wade,LJ Wright,MA Beer,0,0,,,,,,,,,
524930,2011/12,2012-01-04,Melbourne Cricket Ground,2,14.4,Melbourne Stars,Perth Scorchers,MS Wade,LJ Wright,MA Beer,0,0,,,,,,,,,
524930,2011/12,2012-01-04,Melbourne Cricket Ground,2,14.5,Melbourne Stars,Perth Scorchers,MS Wade,LJ Wright,MA Beer,1,0,,,,,,,,,
524930,2011/12,2012-01-04,Melbourne Cricket Ground,2,14.6,Melbourne Stars,Perth Scorchers,LJ Wright,MS Wade,MA Beer,1,0,,,,,,,,,
524930,2011/12,2012-01-04,Melbourne Cricket Ground,2,15.1,Melbourne Stars,Perth Scorchers,LJ Wright,MS Wade,GB Hogg,1,0,,,,,,,,,
524930,2011/12,2012-01-04,Melbourne Cricket Ground,2,15.2,Melbourne Stars,Perth Scorchers,MS Wade,LJ Wright,GB Hogg,0,0,,,,,,,,,
524930,2011/12,2012-01-04,Melbourne Cricket Ground,2,15.3,Melbourne Stars,Perth Scorchers,MS Wade,LJ Wright,GB Hogg,3,0,,,,,,,,,
524930,2011/12,2012-01-04,Melbourne Cricket Ground,2,15.4,Melbourne Stars,Perth Scorchers,LJ Wright,MS Wade,GB Hogg,0,1,,,,1,,,,,
524930,2011/12,2012-01-04,Melbourne Cricket Ground,2,15.5,Melbourne Stars,Perth Scorchers,MS Wade,LJ Wright,GB Hogg,0,0,,,,,,,,,
524930,2011/12,2012-01-04,Melbourne Cricket Ground,2,15.6,Melbourne Stars,Perth Scorchers,MS Wade,LJ Wright,GB Hogg,1,0,,,,,,,,,
524930,2011/12,2012-01-04,Melbourne Cricket Ground,2,16.1,Melbourne Stars,Perth Scorchers,MS Wade,LJ Wright,BM Edmondson,2,0,,,,,,,,,
524930,2011/12,2012-01-04,Melbourne Cricket Ground,2,16.2,Melbourne Stars,Perth Scorchers,MS Wade,LJ Wright,BM Edmondson,2,0,,,,,,,,,
524930,2011/12,2012-01-04,Melbourne Cricket Ground,2,16.3,Melbourne Stars,Perth Scorchers,MS Wade,LJ Wright,BM Edmondson,0,1,1,,,,,,,,
524930,2011/12,2012-01-04,Melbourne Cricket Ground,2,16.4,Melbourne Stars,Perth Scorchers,MS Wade,LJ Wright,BM Edmondson,0,0,,,,,,,,,
524930,2011/12,2012-01-04,Melbourne Cricket Ground,2,16.5,Melbourne Stars,Perth Scorchers,MS Wade,LJ Wright,BM Edmondson,4,0,,,,,,,,,
524930,2011/12,2012-01-04,Melbourne Cricket Ground,2,16.6,Melbourne Stars,Perth Scorchers,MS Wade,LJ Wright,BM Edmondson,1,0,,,,,,,,,
524930,2011/12,2012-01-04,Melbourne Cricket Ground,2,16.7,Melbourne Stars,Perth Scorchers,LJ Wright,MS Wade,BM Edmondson,0,0,,,,,,,,,
524930,2011/12,2012-01-04,Melbourne Cricket Ground,2,17.1,Melbourne Stars,Perth Scorchers,MS Wade,LJ Wright,NJ Rimmington,4,0,,,,,,,,,
524930,2011/12,2012-01-04,Melbourne Cricket Ground,2,17.2,Melbourne Stars,Perth Scorchers,MS Wade,LJ Wright,NJ Rimmington,0,0,,,,,,,,,
524930,2011/12,2012-01-04,Melbourne Cricket Ground,2,17.3,Melbourne Stars,Perth Scorchers,MS Wade,LJ Wright,NJ Rimmington,1,0,,,,,,,,,
524930,2011/12,2012-01-04,Melbourne Cricket Ground,2,17.4,Melbourne Stars,Perth Scorchers,LJ Wright,MS Wade,NJ Rimmington,1,0,,,,,,,,,
524930,2011/12,2012-01-04,Melbourne Cricket Ground,2,17.5,Melbourne Stars,Perth Scorchers,MS Wade,LJ Wright,NJ Rimmington,1,0,,,,,,,,,
524930,2011/12,2012-01-04,Melbourne Cricket Ground,2,17.6,Melbourne Stars,Perth Scorchers,LJ Wright,MS Wade,NJ Rimmington,0,0,,,,,,,,,
524930,2011/12,2012-01-04,Melbourne Cricket Ground,2,18.1,Melbourne Stars,Perth Scorchers,MS Wade,LJ Wright,BM Edmondson,2,0,,,,,,,,,
524930,2011/12,2012-01-04,Melbourne Cricket Ground,2,18.2,Melbourne Stars,Perth Scorchers,MS Wade,LJ Wright,BM Edmondson,1,0,,,,,,,,,
524930,2011/12,2012-01-04,Melbourne Cricket Ground,2,18.3,Melbourne Stars,Perth Scorchers,LJ Wright,MS Wade,BM Edmondson,0,1,,,,1,,,,,
524930,2011/12,2012-01-04,Melbourne Cricket Ground,2,18.4,Melbourne Stars,Perth Scorchers,MS Wade,LJ Wright,BM Edmondson,1,0,,,,,,run out,LJ Wright,,
524930,2011/12,2012-01-04,Melbourne Cricket Ground,2,18.5,Melbourne Stars,Perth Scorchers,MS Wade,JP Faulkner,BM Edmondson,3,0,,,,,,,,,
524930,2011/12,2012-01-04,Melbourne Cricket Ground,2,18.6,Melbourne Stars,Perth Scorchers,JP Faulkner,MS Wade,BM Edmondson,2,0,,,,,,,,,
524930,2011/12,2012-01-04,Melbourne Cricket Ground,2,19.1,Melbourne Stars,Perth Scorchers,MS Wade,JP Faulkner,NJ Rimmington,2,0,,,,,,,,,
524930,2011/12,2012-01-04,Melbourne Cricket Ground,2,19.2,Melbourne Stars,Perth Scorchers,MS Wade,JP Faulkner,NJ Rimmington,1,0,,,,,,,,,
524930,2011/12,2012-01-04,Melbourne Cricket Ground,2,19.3,Melbourne Stars,Perth Scorchers,JP Faulkner,MS Wade,NJ Rimmington,1,0,,,,,,,,,
524930,2011/12,2012-01-04,Melbourne Cricket Ground,2,19.4,Melbourne Stars,Perth Scorchers,MS Wade,JP Faulkner,NJ Rimmington,2,0,,,,,,,,,
524930,2011/12,2012-01-04,Melbourne Cricket Ground,2,19.5,Melbourne Stars,Perth Scorchers,MS Wade,JP Faulkner,NJ Rimmington,1,0,,,,,,,,,
524930,2011/12,2012-01-04,Melbourne Cricket Ground,2,19.6,Melbourne Stars,Perth Scorchers,JP Faulkner,MS Wade,NJ Rimmington,1,0,,,,,,,,,
