match_id,season,start_date,venue,innings,ball,batting_team,bowling_team,striker,non_striker,bowler,runs_off_bat,extras,wides,noballs,byes,legbyes,penalty,wicket_type,player_dismissed,other_wicket_type,other_player_dismissed
571239,2012/13,2012-12-15,Melbourne Cricket Ground,1,0.1,Hobart Hurricanes,Melbourne Stars,RT Ponting,TD Paine,GJ Maxwell,0,0,,,,,,,,,
571239,2012/13,2012-12-15,Melbourne Cricket Ground,1,0.2,Hobart Hurricanes,Melbourne Stars,RT Ponting,TD Paine,GJ Maxwell,0,0,,,,,,,,,
571239,2012/13,2012-12-15,Melbourne Cricket Ground,1,0.3,Hobart Hurricanes,Melbourne Stars,RT Ponting,TD Paine,GJ Maxwell,3,0,,,,,,,,,
571239,2012/13,2012-12-15,Melbourne Cricket Ground,1,0.4,Hobart Hurricanes,Melbourne Stars,TD Paine,RT Ponting,GJ Maxwell,1,0,,,,,,,,,
571239,2012/13,2012-12-15,Melbourne Cricket Ground,1,0.5,Hobart Hurricanes,Melbourne Stars,RT Ponting,TD Paine,GJ Maxwell,4,0,,,,,,,,,
571239,2012/13,2012-12-15,Melbourne Cricket Ground,1,0.6,Hobart Hurricanes,Melbourne Stars,RT Ponting,TD Paine,GJ Maxwell,1,0,,,,,,,,,
571239,2012/13,2012-12-15,Melbourne Cricket Ground,1,1.1,Hobart Hurricanes,Melbourne Stars,RT Ponting,TD Paine,CJ McKay,0,0,,,,,,caught,RT Ponting,,
571239,2012/13,2012-12-15,Melbourne Cricket Ground,1,1.2,Hobart Hurricanes,Melbourne Stars,TD Paine,TR Birt,CJ McKay,1,0,,,,,,,,,
571239,2012/13,2012-12-15,Melbourne Cricket Ground,1,1.3,Hobart Hurricanes,Melbourne Stars,TR Birt,TD Paine,CJ McKay,3,0,,,,,,,,,
571239,2012/13,2012-12-15,Melbourne Cricket Ground,1,1.4,Hobart Hurricanes,Melbourne Stars,TD Paine,TR Birt,CJ McKay,0,5,5,,,,,,,,
571239,2012/13,2012-12-15,Melbourne Cricket Ground,1,1.5,Hobart Hurricanes,Melbourne Stars,TD Paine,TR Birt,CJ McKay,1,0,,,,,,,,,
571239,2012/13,2012-12-15,Melbourne Cricket Ground,1,1.6,Hobart Hurricanes,Melbourne Stars,TR Birt,TD Paine,CJ McKay,0,0,,,,,,,,,
571239,2012/13,2012-12-15,Melbourne Cricket Ground,1,1.7,Hobart Hurricanes,Melbourne Stars,TR Birt,TD Paine,CJ McKay,0,0,,,,,,,,,
571239,2012/13,2012-12-15,Melbourne Cricket Ground,1,2.1,Hobart Hurricanes,Melbourne Stars,TD Paine,TR Birt,SL Malinga,0,0,,,,,,,,,
571239,2012/13,2012-12-15,Melbourne Cricket Ground,1,2.2,Hobart Hurricanes,Melbourne Stars,TD Paine,TR Birt,SL Malinga,0,0,,,,,,,,,
571239,2012/13,2012-12-15,Melbourne Cricket Ground,1,2.3,Hobart Hurricanes,Melbourne Stars,TD Paine,TR Birt,SL Malinga,0,0,,,,,,,,,
571239,2012/13,2012-12-15,Melbourne Cricket Ground,1,2.4,Hobart Hurricanes,Melbourne Stars,TD Paine,TR Birt,SL Malinga,0,0,,,,,,,,,
571239,2012/13,2012-12-15,Melbourne Cricket Ground,1,2.5,Hobart Hurricanes,Melbourne Stars,TD Paine,TR Birt,SL Malinga,1,0,,,,,,,,,
571239,2012/13,2012-12-15,Melbourne Cricket Ground,1,2.6,Hobart Hurricanes,Melbourne Stars,TR Birt,TD Paine,SL Malinga,0,0,,,,,,,,,
571239,2012/13,2012-12-15,Melbourne Cricket Ground,1,3.1,Hobart Hurricanes,Melbourne Stars,TD Paine,TR Birt,CJ McKay,0,0,,,,,,,,,
571239,2012/13,2012-12-15,Melbourne Cricket Ground,1,3.2,Hobart Hurricanes,Melbourne Stars,TD Paine,TR Birt,CJ McKay,1,0,,,,,,,,,
571239,2012/13,2012-12-15,Melbourne Cricket Ground,1,3.3,Hobart Hurricanes,Melbourne Stars,TR Birt,TD Paine,CJ McKay,0,0,,,,,,caught,TR Birt,,
571239,2012/13,2012-12-15,Melbourne Cricket Ground,1,3.4,Hobart Hurricanes,Melbourne Stars,TD Paine,OA Shah,CJ McKay,0,0,,,,,,,,,
571239,2012/13,2012-12-15,Melbourne Cricket Ground,1,3.5,Hobart Hurricanes,Melbourne Stars,TD Paine,OA Shah,CJ McKay,2,0,,,,,,,,,
571239,2012/13,2012-12-15,Melbourne Cricket Ground,1,3.6,Hobart Hurricanes,Melbourne Stars,TD Paine,OA Shah,CJ McKay,0,0,,,,,,,,,
571239,2012/13,2012-12-15,Melbourne Cricket Ground,1,4.1,Hobart Hurricanes,Melbourne Stars,OA Shah,TD Paine,JP Faulkner,1,0,,,,,,,,,
571239,2012/13,2012-12-15,Melbourne Cricket Ground,1,4.2,Hobart Hurricanes,Melbourne Stars,TD Paine,OA Shah,JP Faulkner,0,0,,,,,,,,,
571239,2012/13,2012-12-15,Melbourne Cricket Ground,1,4.3,Hobart Hurricanes,Melbourne Stars,TD Paine,OA Shah,JP Faulkner,1,0,,,,,,,,,
571239,2012/13,2012-12-15,Melbourne Cricket Ground,1,4.4,Hobart Hurricanes,Melbourne Stars,OA Shah,TD Paine,JP Faulkner,0,0,,,,,,,,,
571239,2012/13,2012-12-15,Melbourne Cricket Ground,1,4.5,Hobart Hurricanes,Melbourne Stars,OA Shah,TD Paine,JP Faulkner,0,0,,,,,,lbw,OA Shah,,
571239,2012/13,2012-12-15,Melbourne Cricket Ground,1,4.6,Hobart Hurricanes,Melbourne Stars,GJ Bailey,TD Paine,JP Faulkner,3,0,,,,,,,,,
571239,2012/13,2012-12-15,Melbourne Cricket Ground,1,5.1,Hobart Hurricanes,Melbourne Stars,GJ Bailey,TD Paine,SL Malinga,0,0,,,,,,,,,
571239,2012/13,2012-12-15,Melbourne Cricket Ground,1,5.2,Hobart Hurricanes,Melbourne Stars,GJ Bailey,TD Paine,SL Malinga,0,0,,,,,,,,,
571239,2012/13,2012-12-15,Melbourne Cricket Ground,1,5.3,Hobart Hurricanes,Melbourne Stars,GJ Bailey,TD Paine,SL Malinga,2,0,,,,,,,,,
571239,2012/13,2012-12-15,Melbourne Cricket Ground,1,5.4,Hobart Hurricanes,Melbourne Stars,GJ Bailey,TD Paine,SL Malinga,0,0,,,,,,,,,
571239,2012/13,2012-12-15,Melbourne Cricket Ground,1,5.5,Hobart Hurricanes,Melbourne Stars,GJ Bailey,TD Paine,SL Malinga,1,0,,,,,,,,,
571239,2012/13,2012-12-15,Melbourne Cricket Ground,1,5.6,Hobart Hurricanes,Melbourne Stars,TD Paine,GJ Bailey,SL Malinga,4,0,,,,,,,,,
571239,2012/13,2012-12-15,Melbourne Cricket Ground,1,6.1,Hobart Hurricanes,Melbourne Stars,GJ Bailey,TD Paine,SK Warne,1,0,,,,,,,,,
571239,2012/13,2012-12-15,Melbourne Cricket Ground,1,6.2,Hobart Hurricanes,Melbourne Stars,TD Paine,GJ Bailey,SK Warne,2,0,,,,,,,,,
571239,2012/13,2012-12-15,Melbourne Cricket Ground,1,6.3,Hobart Hurricanes,Melbourne Stars,TD Paine,GJ Bailey,SK Warne,1,0,,,,,,,,,
571239,2012/13,2012-12-15,Melbourne Cricket Ground,1,6.4,Hobart Hurricanes,Melbourne Stars,GJ Bailey,TD Paine,SK Warne,0,0,,,,,,,,,
571239,2012/13,2012-12-15,Melbourne Cricket Ground,1,6.5,Hobart Hurricanes,Melbourne Stars,GJ Bailey,TD Paine,SK Warne,0,0,,,,,,,,,
571239,2012/13,2012-12-15,Melbourne Cricket Ground,1,6.6,Hobart Hurricanes,Melbourne Stars,GJ Bailey,TD Paine,SK Warne,2,0,,,,,,,,,
571239,2012/13,2012-12-15,Melbourne Cricket Ground,1,7.1,Hobart Hurricanes,Melbourne Stars,TD Paine,GJ Bailey,JP Faulkner,0,0,,,,,,,,,
571239,2012/13,2012-12-15,Melbourne Cricket Ground,1,7.2,Hobart Hurricanes,Melbourne Stars,TD Paine,GJ Bailey,JP Faulkner,0,0,,,,,,,,,
571239,2012/13,2012-12-15,Melbourne Cricket Ground,1,7.3,Hobart Hurricanes,Melbourne Stars,TD Paine,GJ Bailey,JP Faulkner,0,0,,,,,,,,,
571239,2012/13,2012-12-15,Melbourne Cricket Ground,1,7.4,Hobart Hurricanes,Melbourne Stars,TD Paine,GJ Bailey,JP Faulkner,1,0,,,,,,,,,
571239,2012/13,2012-12-15,Melbourne Cricket Ground,1,7.5,Hobart Hurricanes,Melbourne Stars,GJ Bailey,TD Paine,JP Faulkner,0,0,,,,,,,,,
571239,2012/13,2012-12-15,Melbourne Cricket Ground,1,7.6,Hobart Hurricanes,Melbourne Stars,GJ Bailey,TD Paine,JP Faulkner,1,0,,,,,,,,,
571239,2012/13,2012-12-15,Melbourne Cricket Ground,1,8.1,Hobart Hurricanes,Melbourne Stars,GJ Bailey,TD Paine,SK Warne,1,0,,,,,,,,,
571239,2012/13,2012-12-15,Melbourne Cricket Ground,1,8.2,Hobart Hurricanes,Melbourne Stars,TD Paine,GJ Bailey,SK Warne,0,0,,,,,,,,,
571239,2012/13,2012-12-15,Melbourne Cricket Ground,1,8.3,Hobart Hurricanes,Melbourne Stars,TD Paine,GJ Bailey,SK Warne,1,0,,,,,,,,,
571239,2012/13,2012-12-15,Melbourne Cricket Ground,1,8.4,Hobart Hurricanes,Melbourne Stars,GJ Bailey,TD Paine,SK Warne,0,0,,,,,,,,,
571239,2012/13,2012-12-15,Melbourne Cricket Ground,1,8.5,Hobart Hurricanes,Melbourne Stars,GJ Bailey,TD Paine,SK Warne,1,0,,,,,,,,,
571239,2012/13,2012-12-15,Melbourne Cricket Ground,1,8.6,Hobart Hurricanes,Melbourne Stars,TD Paine,GJ Bailey,SK Warne,2,0,,,,,,,,,
571239,2012/13,2012-12-15,Melbourne Cricket Ground,1,9.1,Hobart Hurricanes,Melbourne Stars,GJ Bailey,TD Paine,JP Faulkner,4,0,,,,,,,,,
571239,2012/13,2012-12-15,Melbourne Cricket Ground,1,9.2,Hobart Hurricanes,Melbourne Stars,GJ Bailey,TD Paine,JP Faulkner,2,0,,,,,,,,,
571239,2012/13,2012-12-15,Melbourne Cricket Ground,1,9.3,Hobart Hurricanes,Melbourne Stars,GJ Bailey,TD Paine,JP Faulkner,0,0,,,,,,,,,
571239,2012/13,2012-12-15,Melbourne Cricket Ground,1,9.4,Hobart Hurricanes,Melbourne Stars,GJ Bailey,TD Paine,JP Faulkner,4,0,,,,,,,,,
571239,2012/13,2012-12-15,Melbourne Cricket Ground,1,9.5,Hobart Hurricanes,Melbourne Stars,GJ Bailey,TD Paine,JP Faulkner,1,0,,,,,,,,,
571239,2012/13,2012-12-15,Melbourne Cricket Ground,1,9.6,Hobart Hurricanes,Melbourne Stars,TD Paine,GJ Bailey,JP Faulkner,1,0,,,,,,,,,
571239,2012/13,2012-12-15,Melbourne Cricket Ground,1,10.1,Hobart Hurricanes,Melbourne Stars,TD Paine,GJ Bailey,SK Warne,1,0,,,,,,,,,
571239,2012/13,2012-12-15,Melbourne Cricket Ground,1,10.2,Hobart Hurricanes,Melbourne Stars,GJ Bailey,TD Paine,SK Warne,1,0,,,,,,,,,
571239,2012/13,2012-12-15,Melbourne Cricket Ground,1,10.3,Hobart Hurricanes,Melbourne Stars,TD Paine,GJ Bailey,SK Warne,1,0,,,,,,,,,
571239,2012/13,2012-12-15,Melbourne Cricket Ground,1,10.4,Hobart Hurricanes,Melbourne Stars,GJ Bailey,TD Paine,SK Warne,0,0,,,,,,,,,
571239,2012/13,2012-12-15,Melbourne Cricket Ground,1,10.5,Hobart Hurricanes,Melbourne Stars,GJ Bailey,TD Paine,SK Warne,1,0,,,,,,,,,
571239,2012/13,2012-12-15,Melbourne Cricket Ground,1,10.6,Hobart Hurricanes,Melbourne Stars,TD Paine,GJ Bailey,SK Warne,1,0,,,,,,,,,
571239,2012/13,2012-12-15,Melbourne Cricket Ground,1,11.1,Hobart Hurricanes,Melbourne Stars,TD Paine,GJ Bailey,CL White,1,0,,,,,,,,,
571239,2012/13,2012-12-15,Melbourne Cricket Ground,1,11.2,Hobart Hurricanes,Melbourne Stars,GJ Bailey,TD Paine,CL White,0,1,1,,,,,,,,
571239,2012/13,2012-12-15,Melbourne Cricket Ground,1,11.3,Hobart Hurricanes,Melbourne Stars,GJ Bailey,TD Paine,CL White,1,0,,,,,,,,,
571239,2012/13,2012-12-15,Melbourne Cricket Ground,1,11.4,Hobart Hurricanes,Melbourne Stars,TD Paine,GJ Bailey,CL White,1,0,,,,,,,,,
571239,2012/13,2012-12-15,Melbourne Cricket Ground,1,11.5,Hobart Hurricanes,Melbourne Stars,GJ Bailey,TD Paine,CL White,2,0,,,,,,,,,
571239,2012/13,2012-12-15,Melbourne Cricket Ground,1,11.6,Hobart Hurricanes,Melbourne Stars,GJ Bailey,TD Paine,CL White,0,0,,,,,,caught,GJ Bailey,,
571239,2012/13,2012-12-15,Melbourne Cricket Ground,1,11.7,Hobart Hurricanes,Melbourne Stars,TD Paine,SB Styris,CL White,1,0,,,,,,,,,
571239,2012/13,2012-12-15,Melbourne Cricket Ground,1,12.1,Hobart Hurricanes,Melbourne Stars,TD Paine,SB Styris,CJ McKay,0,0,,,,,,,,,
571239,2012/13,2012-12-15,Melbourne Cricket Ground,1,12.2,Hobart Hurricanes,Melbourne Stars,TD Paine,SB Styris,CJ McKay,0,0,,,,,,,,,
571239,2012/13,2012-12-15,Melbourne Cricket Ground,1,12.3,Hobart Hurricanes,Melbourne Stars,TD Paine,SB Styris,CJ McKay,1,0,,,,,,,,,
571239,2012/13,2012-12-15,Melbourne Cricket Ground,1,12.4,Hobart Hurricanes,Melbourne Stars,SB Styris,TD Paine,CJ McKay,0,0,,,,,,,,,
571239,2012/13,2012-12-15,Melbourne Cricket Ground,1,12.5,Hobart Hurricanes,Melbourne Stars,SB Styris,TD Paine,CJ McKay,1,0,,,,,,,,,
571239,2012/13,2012-12-15,Melbourne Cricket Ground,1,12.6,Hobart Hurricanes,Melbourne Stars,TD Paine,SB Styris,CJ McKay,1,0,,,,,,,,,
571239,2012/13,2012-12-15,Melbourne Cricket Ground,1,13.1,Hobart Hurricanes,Melbourne Stars,TD Paine,SB Styris,CL White,1,0,,,,,,,,,
571239,2012/13,2012-12-15,Melbourne Cricket Ground,1,13.2,Hobart Hurricanes,Melbourne Stars,SB Styris,TD Paine,CL White,1,0,,,,,,,,,
571239,2012/13,2012-12-15,Melbourne Cricket Ground,1,13.3,Hobart Hurricanes,Melbourne Stars,TD Paine,SB Styris,CL White,1,0,,,,,,,,,
571239,2012/13,2012-12-15,Melbourne Cricket Ground,1,13.4,Hobart Hurricanes,Melbourne Stars,SB Styris,TD Paine,CL White,0,0,,,,,,,,,
571239,2012/13,2012-12-15,Melbourne Cricket Ground,1,13.5,Hobart Hurricanes,Melbourne Stars,SB Styris,TD Paine,CL White,1,0,,,,,,,,,
571239,2012/13,2012-12-15,Melbourne Cricket Ground,1,13.6,Hobart Hurricanes,Melbourne Stars,TD Paine,SB Styris,CL White,1,0,,,,,,,,,
571239,2012/13,2012-12-15,Melbourne Cricket Ground,1,14.1,Hobart Hurricanes,Melbourne Stars,TD Paine,SB Styris,SK Warne,1,0,,,,,,,,,
571239,2012/13,2012-12-15,Melbourne Cricket Ground,1,14.2,Hobart Hurricanes,Melbourne Stars,SB Styris,TD Paine,SK Warne,1,0,,,,,,,,,
571239,2012/13,2012-12-15,Melbourne Cricket Ground,1,14.3,Hobart Hurricanes,Melbourne Stars,TD Paine,SB Styris,SK Warne,4,0,,,,,,,,,
571239,2012/13,2012-12-15,Melbourne Cricket Ground,1,14.4,Hobart Hurricanes,Melbourne Stars,TD Paine,SB Styris,SK Warne,6,0,,,,,,,,,
571239,2012/13,2012-12-15,Melbourne Cricket Ground,1,14.5,Hobart Hurricanes,Melbourne Stars,TD Paine,SB Styris,SK Warne,0,0,,,,,,,,,
571239,2012/13,2012-12-15,Melbourne Cricket Ground,1,14.6,Hobart Hurricanes,Melbourne Stars,TD Paine,SB Styris,SK Warne,3,0,,,,,,,,,
571239,2012/13,2012-12-15,Melbourne Cricket Ground,1,15.1,Hobart Hurricanes,Melbourne Stars,TD Paine,SB Styris,CJ McKay,1,0,,,,,,,,,
571239,2012/13,2012-12-15,Melbourne Cricket Ground,1,15.2,Hobart Hurricanes,Melbourne Stars,SB Styris,TD Paine,CJ McKay,2,0,,,,,,,,,
571239,2012/13,2012-12-15,Melbourne Cricket Ground,1,15.3,Hobart Hurricanes,Melbourne Stars,SB Styris,TD Paine,CJ McKay,1,0,,,,,,,,,
571239,2012/13,2012-12-15,Melbourne Cricket Ground,1,15.4,Hobart Hurricanes,Melbourne Stars,TD Paine,SB Styris,CJ McKay,0,0,,,,,,caught,TD Paine,,
571239,2012/13,2012-12-15,Melbourne Cricket Ground,1,15.5,Hobart Hurricanes,Melbourne Stars,EP Gulbis,SB Styris,CJ McKay,4,0,,,,,,,,,
571239,2012/13,2012-12-15,Melbourne Cricket Ground,1,15.6,Hobart Hurricanes,Melbourne Stars,EP Gulbis,SB Styris,CJ McKay,1,0,,,,,,,,,
571239,2012/13,2012-12-15,Melbourne Cricket Ground,1,16.1,Hobart Hurricanes,Melbourne Stars,EP Gulbis,SB Styris,LJ Wright,1,0,,,,,,,,,
571239,2012/13,2012-12-15,Melbourne Cricket Ground,1,16.2,Hobart Hurricanes,Melbourne Stars,SB Styris,EP Gulbis,LJ Wright,2,0,,,,,,,,,
571239,2012/13,2012-12-15,Melbourne Cricket Ground,1,16.3,Hobart Hurricanes,Melbourne Stars,SB Styris,EP Gulbis,LJ Wright,4,0,,,,,,,,,
571239,2012/13,2012-12-15,Melbourne Cricket Ground,1,16.4,Hobart Hurricanes,Melbourne Stars,SB Styris,EP Gulbis,LJ Wright,2,0,,,,,,,,,
571239,2012/13,2012-12-15,Melbourne Cricket Ground,1,16.5,Hobart Hurricanes,Melbourne Stars,SB Styris,EP Gulbis,LJ Wright,4,0,,,,,,,,,
571239,2012/13,2012-12-15,Melbourne Cricket Ground,1,16.6,Hobart Hurricanes,Melbourne Stars,SB Styris,EP Gulbis,LJ Wright,1,0,,,,,,,,,
571239,2012/13,2012-12-15,Melbourne Cricket Ground,1,17.1,Hobart Hurricanes,Melbourne Stars,SB Styris,EP Gulbis,SL Malinga,1,0,,,,,,,,,
571239,2012/13,2012-12-15,Melbourne Cricket Ground,1,17.2,Hobart Hurricanes,Melbourne Stars,EP Gulbis,SB Styris,SL Malinga,0,0,,,,,,bowled,EP Gulbis,,
571239,2012/13,2012-12-15,Melbourne Cricket Ground,1,17.3,Hobart Hurricanes,Melbourne Stars,B Laughlin,SB Styris,SL Malinga,1,0,,,,,,,,,
571239,2012/13,2012-12-15,Melbourne Cricket Ground,1,17.4,Hobart Hurricanes,Melbourne Stars,SB Styris,B Laughlin,SL Malinga,1,0,,,,,,,,,
571239,2012/13,2012-12-15,Melbourne Cricket Ground,1,17.5,Hobart Hurricanes,Melbourne Stars,B Laughlin,SB Styris,SL Malinga,0,0,,,,,,,,,
571239,2012/13,2012-12-15,Melbourne Cricket Ground,1,17.6,Hobart Hurricanes,Melbourne Stars,B Laughlin,SB Styris,SL Malinga,1,0,,,,,,,,,
571239,2012/13,2012-12-15,Melbourne Cricket Ground,1,18.1,Hobart Hurricanes,Melbourne Stars,B Laughlin,SB Styris,JP Faulkner,0,1,,,,1,,,,,
571239,2012/13,2012-12-15,Melbourne Cricket Ground,1,18.2,Hobart Hurricanes,Melbourne Stars,SB Styris,B Laughlin,JP Faulkner,2,0,,,,,,,,,
571239,2012/13,2012-12-15,Melbourne Cricket Ground,1,18.3,Hobart Hurricanes,Melbourne Stars,SB Styris,B Laughlin,JP Faulkner,0,0,,,,,,caught,SB Styris,,
571239,2012/13,2012-12-15,Melbourne Cricket Ground,1,18.4,Hobart Hurricanes,Melbourne Stars,MG Hogan,B Laughlin,JP Faulkner,0,0,,,,,,,,,
571239,2012/13,2012-12-15,Melbourne Cricket Ground,1,18.5,Hobart Hurricanes,Melbourne Stars,MG Hogan,B Laughlin,JP Faulkner,2,0,,,,,,,,,
571239,2012/13,2012-12-15,Melbourne Cricket Ground,1,18.6,Hobart Hurricanes,Melbourne Stars,MG Hogan,B Laughlin,JP Faulkner,0,0,,,,,,,,,
571239,2012/13,2012-12-15,Melbourne Cricket Ground,1,19.1,Hobart Hurricanes,Melbourne Stars,B Laughlin,MG Hogan,SL Malinga,0,0,,,,,,bowled,B Laughlin,,
571239,2012/13,2012-12-15,Melbourne Cricket Ground,1,19.2,Hobart Hurricanes,Melbourne Stars,XJ Doherty,MG Hogan,SL Malinga,1,0,,,,,,,,,
571239,2012/13,2012-12-15,Melbourne Cricket Ground,1,19.3,Hobart Hurricanes,Melbourne Stars,MG Hogan,XJ Doherty,SL Malinga,2,0,,,,,,,,,
571239,2012/13,2012-12-15,Melbourne Cricket Ground,1,19.4,Hobart Hurricanes,Melbourne Stars,MG Hogan,XJ Doherty,SL Malinga,1,0,,,,,,,,,
571239,2012/13,2012-12-15,Melbourne Cricket Ground,1,19.5,Hobart Hurricanes,Melbourne Stars,XJ Doherty,MG Hogan,SL Malinga,2,0,,,,,,,,,
571239,2012/13,2012-12-15,Melbourne Cricket Ground,1,19.6,Hobart Hurricanes,Melbourne Stars,XJ Doherty,MG Hogan,SL Malinga,1,0,,,,,,,,,
571239,2012/13,2012-12-15,Melbourne Cricket Ground,2,0.1,Melbourne Stars,Hobart Hurricanes,RJ Quiney,LJ Wright,DE Bollinger,0,0,,,,,,,,,
571239,2012/13,2012-12-15,Melbourne Cricket Ground,2,0.2,Melbourne Stars,Hobart Hurricanes,RJ Quiney,LJ Wright,DE Bollinger,0,0,,,,,,,,,
571239,2012/13,2012-12-15,Melbourne Cricket Ground,2,0.3,Melbourne Stars,Hobart Hurricanes,RJ Quiney,LJ Wright,DE Bollinger,0,0,,,,,,,,,
571239,2012/13,2012-12-15,Melbourne Cricket Ground,2,0.4,Melbourne Stars,Hobart Hurricanes,RJ Quiney,LJ Wright,DE Bollinger,0,0,,,,,,,,,
571239,2012/13,2012-12-15,Melbourne Cricket Ground,2,0.5,Melbourne Stars,Hobart Hurricanes,RJ Quiney,LJ Wright,DE Bollinger,0,0,,,,,,,,,
571239,2012/13,2012-12-15,Melbourne Cricket Ground,2,0.6,Melbourne Stars,Hobart Hurricanes,RJ Quiney,LJ Wright,DE Bollinger,0,0,,,,,,,,,
571239,2012/13,2012-12-15,Melbourne Cricket Ground,2,1.1,Melbourne Stars,Hobart Hurricanes,LJ Wright,RJ Quiney,MG Hogan,0,0,,,,,,,,,
571239,2012/13,2012-12-15,Melbourne Cricket Ground,2,1.2,Melbourne Stars,Hobart Hurricanes,LJ Wright,RJ Quiney,MG Hogan,0,0,,,,,,,,,
571239,2012/13,2012-12-15,Melbourne Cricket Ground,2,1.3,Melbourne Stars,Hobart Hurricanes,LJ Wright,RJ Quiney,MG Hogan,0,0,,,,,,,,,
571239,2012/13,2012-12-15,Melbourne Cricket Ground,2,1.4,Melbourne Stars,Hobart Hurricanes,LJ Wright,RJ Quiney,MG Hogan,1,0,,,,,,,,,
571239,2012/13,2012-12-15,Melbourne Cricket Ground,2,1.5,Melbourne Stars,Hobart Hurricanes,RJ Quiney,LJ Wright,MG Hogan,0,0,,,,,,,,,
571239,2012/13,2012-12-15,Melbourne Cricket Ground,2,1.6,Melbourne Stars,Hobart Hurricanes,RJ Quiney,LJ Wright,MG Hogan,4,0,,,,,,,,,
571239,2012/13,2012-12-15,Melbourne Cricket Ground,2,2.1,Melbourne Stars,Hobart Hurricanes,LJ Wright,RJ Quiney,DE Bollinger,0,0,,,,,,caught,LJ Wright,,
571239,2012/13,2012-12-15,Melbourne Cricket Ground,2,2.2,Melbourne Stars,Hobart Hurricanes,RJ Quiney,BJ Hodge,DE Bollinger,0,1,,,,1,,,,,
571239,2012/13,2012-12-15,Melbourne Cricket Ground,2,2.3,Melbourne Stars,Hobart Hurricanes,BJ Hodge,RJ Quiney,DE Bollinger,0,0,,,,,,,,,
571239,2012/13,2012-12-15,Melbourne Cricket Ground,2,2.4,Melbourne Stars,Hobart Hurricanes,BJ Hodge,RJ Quiney,DE Bollinger,0,0,,,,,,,,,
571239,2012/13,2012-12-15,Melbourne Cricket Ground,2,2.5,Melbourne Stars,Hobart Hurricanes,BJ Hodge,RJ Quiney,DE Bollinger,0,0,,,,,,,,,
571239,2012/13,2012-12-15,Melbourne Cricket Ground,2,2.6,Melbourne Stars,Hobart Hurricanes,BJ Hodge,RJ Quiney,DE Bollinger,0,0,,,,,,,,,
571239,2012/13,2012-12-15,Melbourne Cricket Ground,2,3.1,Melbourne Stars,Hobart Hurricanes,RJ Quiney,BJ Hodge,MG Hogan,1,0,,,,,,,,,
571239,2012/13,2012-12-15,Melbourne Cricket Ground,2,3.2,Melbourne Stars,Hobart Hurricanes,BJ Hodge,RJ Quiney,MG Hogan,2,0,,,,,,,,,
571239,2012/13,2012-12-15,Melbourne Cricket Ground,2,3.3,Melbourne Stars,Hobart Hurricanes,BJ Hodge,RJ Quiney,MG Hogan,4,0,,,,,,,,,
571239,2012/13,2012-12-15,Melbourne Cricket Ground,2,3.4,Melbourne Stars,Hobart Hurricanes,BJ Hodge,RJ Quiney,MG Hogan,0,0,,,,,,,,,
571239,2012/13,2012-12-15,Melbourne Cricket Ground,2,3.5,Melbourne Stars,Hobart Hurricanes,BJ Hodge,RJ Quiney,MG Hogan,0,0,,,,,,,,,
571239,2012/13,2012-12-15,Melbourne Cricket Ground,2,3.6,Melbourne Stars,Hobart Hurricanes,BJ Hodge,RJ Quiney,MG Hogan,1,0,,,,,,,,,
571239,2012/13,2012-12-15,Melbourne Cricket Ground,2,4.1,Melbourne Stars,Hobart Hurricanes,BJ Hodge,RJ Quiney,DE Bollinger,4,0,,,,,,,,,
571239,2012/13,2012-12-15,Melbourne Cricket Ground,2,4.2,Melbourne Stars,Hobart Hurricanes,BJ Hodge,RJ Quiney,DE Bollinger,1,0,,,,,,,,,
571239,2012/13,2012-12-15,Melbourne Cricket Ground,2,4.3,Melbourne Stars,Hobart Hurricanes,RJ Quiney,BJ Hodge,DE Bollinger,0,0,,,,,,,,,
571239,2012/13,2012-12-15,Melbourne Cricket Ground,2,4.4,Melbourne Stars,Hobart Hurricanes,RJ Quiney,BJ Hodge,DE Bollinger,3,0,,,,,,,,,
571239,2012/13,2012-12-15,Melbourne Cricket Ground,2,4.5,Melbourne Stars,Hobart Hurricanes,BJ Hodge,RJ Quiney,DE Bollinger,0,0,,,,,,,,,
571239,2012/13,2012-12-15,Melbourne Cricket Ground,2,4.6,Melbourne Stars,Hobart Hurricanes,BJ Hodge,RJ Quiney,DE Bollinger,0,0,,,,,,,,,
571239,2012/13,2012-12-15,Melbourne Cricket Ground,2,5.1,Melbourne Stars,Hobart Hurricanes,RJ Quiney,BJ Hodge,MG Hogan,1,0,,,,,,,,,
571239,2012/13,2012-12-15,Melbourne Cricket Ground,2,5.2,Melbourne Stars,Hobart Hurricanes,BJ Hodge,RJ Quiney,MG Hogan,1,0,,,,,,,,,
571239,2012/13,2012-12-15,Melbourne Cricket Ground,2,5.3,Melbourne Stars,Hobart Hurricanes,RJ Quiney,BJ Hodge,MG Hogan,0,0,,,,,,,,,
571239,2012/13,2012-12-15,Melbourne Cricket Ground,2,5.4,Melbourne Stars,Hobart Hurricanes,RJ Quiney,BJ Hodge,MG Hogan,4,0,,,,,,,,,
571239,2012/13,2012-12-15,Melbourne Cricket Ground,2,5.5,Melbourne Stars,Hobart Hurricanes,RJ Quiney,BJ Hodge,MG Hogan,4,0,,,,,,,,,
571239,2012/13,2012-12-15,Melbourne Cricket Ground,2,5.6,Melbourne Stars,Hobart Hurricanes,RJ Quiney,BJ Hodge,MG Hogan,1,0,,,,,,,,,
571239,2012/13,2012-12-15,Melbourne Cricket Ground,2,6.1,Melbourne Stars,Hobart Hurricanes,RJ Quiney,BJ Hodge,XJ Doherty,1,0,,,,,,,,,
571239,2012/13,2012-12-15,Melbourne Cricket Ground,2,6.2,Melbourne Stars,Hobart Hurricanes,BJ Hodge,RJ Quiney,XJ Doherty,0,0,,,,,,,,,
571239,2012/13,2012-12-15,Melbourne Cricket Ground,2,6.3,Melbourne Stars,Hobart Hurricanes,BJ Hodge,RJ Quiney,XJ Doherty,1,0,,,,,,,,,
571239,2012/13,2012-12-15,Melbourne Cricket Ground,2,6.4,Melbourne Stars,Hobart Hurricanes,RJ Quiney,BJ Hodge,XJ Doherty,1,0,,,,,,,,,
571239,2012/13,2012-12-15,Melbourne Cricket Ground,2,6.5,Melbourne Stars,Hobart Hurricanes,BJ Hodge,RJ Quiney,XJ Doherty,0,0,,,,,,,,,
571239,2012/13,2012-12-15,Melbourne Cricket Ground,2,6.6,Melbourne Stars,Hobart Hurricanes,BJ Hodge,RJ Quiney,XJ Doherty,0,0,,,,,,,,,
571239,2012/13,2012-12-15,Melbourne Cricket Ground,2,7.1,Melbourne Stars,Hobart Hurricanes,RJ Quiney,BJ Hodge,B Laughlin,0,0,,,,,,,,,
571239,2012/13,2012-12-15,Melbourne Cricket Ground,2,7.2,Melbourne Stars,Hobart Hurricanes,RJ Quiney,BJ Hodge,B Laughlin,2,0,,,,,,,,,
571239,2012/13,2012-12-15,Melbourne Cricket Ground,2,7.3,Melbourne Stars,Hobart Hurricanes,RJ Quiney,BJ Hodge,B Laughlin,0,0,,,,,,,,,
571239,2012/13,2012-12-15,Melbourne Cricket Ground,2,7.4,Melbourne Stars,Hobart Hurricanes,RJ Quiney,BJ Hodge,B Laughlin,0,0,,,,,,,,,
571239,2012/13,2012-12-15,Melbourne Cricket Ground,2,7.5,Melbourne Stars,Hobart Hurricanes,RJ Quiney,BJ Hodge,B Laughlin,0,0,,,,,,,,,
571239,2012/13,2012-12-15,Melbourne Cricket Ground,2,7.6,Melbourne Stars,Hobart Hurricanes,RJ Quiney,BJ Hodge,B Laughlin,0,0,,,,,,,,,
571239,2012/13,2012-12-15,Melbourne Cricket Ground,2,8.1,Melbourne Stars,Hobart Hurricanes,BJ Hodge,RJ Quiney,SB Styris,2,0,,,,,,,,,
571239,2012/13,2012-12-15,Melbourne Cricket Ground,2,8.2,Melbourne Stars,Hobart Hurricanes,BJ Hodge,RJ Quiney,SB Styris,6,0,,,,,,,,,
571239,2012/13,2012-12-15,Melbourne Cricket Ground,2,8.3,Melbourne Stars,Hobart Hurricanes,BJ Hodge,RJ Quiney,SB Styris,1,0,,,,,,,,,
571239,2012/13,2012-12-15,Melbourne Cricket Ground,2,8.4,Melbourne Stars,Hobart Hurricanes,RJ Quiney,BJ Hodge,SB Styris,6,0,,,,,,,,,
571239,2012/13,2012-12-15,Melbourne Cricket Ground,2,8.5,Melbourne Stars,Hobart Hurricanes,RJ Quiney,BJ Hodge,SB Styris,0,0,,,,,,,,,
571239,2012/13,2012-12-15,Melbourne Cricket Ground,2,8.6,Melbourne Stars,Hobart Hurricanes,RJ Quiney,BJ Hodge,SB Styris,6,0,,,,,,,,,
571239,2012/13,2012-12-15,Melbourne Cricket Ground,2,9.1,Melbourne Stars,Hobart Hurricanes,BJ Hodge,RJ Quiney,B Laughlin,1,0,,,,,,,,,
571239,2012/13,2012-12-15,Melbourne Cricket Ground,2,9.2,Melbourne Stars,Hobart Hurricanes,RJ Quiney,BJ Hodge,B Laughlin,0,0,,,,,,,,,
571239,2012/13,2012-12-15,Melbourne Cricket Ground,2,9.3,Melbourne Stars,Hobart Hurricanes,RJ Quiney,BJ Hodge,B Laughlin,1,0,,,,,,,,,
571239,2012/13,2012-12-15,Melbourne Cricket Ground,2,9.4,Melbourne Stars,Hobart Hurricanes,BJ Hodge,RJ Quiney,B Laughlin,0,0,,,,,,,,,
571239,2012/13,2012-12-15,Melbourne Cricket Ground,2,9.5,Melbourne Stars,Hobart Hurricanes,BJ Hodge,RJ Quiney,B Laughlin,1,0,,,,,,,,,
571239,2012/13,2012-12-15,Melbourne Cricket Ground,2,9.6,Melbourne Stars,Hobart Hurricanes,RJ Quiney,BJ Hodge,B Laughlin,0,0,,,,,,caught,RJ Quiney,,
571239,2012/13,2012-12-15,Melbourne Cricket Ground,2,10.1,Melbourne Stars,Hobart Hurricanes,BJ Hodge,DJ Hussey,EP Gulbis,3,0,,,,,,,,,
571239,2012/13,2012-12-15,Melbourne Cricket Ground,2,10.2,Melbourne Stars,Hobart Hurricanes,DJ Hussey,BJ Hodge,EP Gulbis,1,0,,,,,,,,,
571239,2012/13,2012-12-15,Melbourne Cricket Ground,2,10.3,Melbourne Stars,Hobart Hurricanes,BJ Hodge,DJ Hussey,EP Gulbis,4,0,,,,,,,,,
571239,2012/13,2012-12-15,Melbourne Cricket Ground,2,10.4,Melbourne Stars,Hobart Hurricanes,BJ Hodge,DJ Hussey,EP Gulbis,0,0,,,,,,,,,
571239,2012/13,2012-12-15,Melbourne Cricket Ground,2,10.5,Melbourne Stars,Hobart Hurricanes,BJ Hodge,DJ Hussey,EP Gulbis,0,1,,,,1,,,,,
571239,2012/13,2012-12-15,Melbourne Cricket Ground,2,10.6,Melbourne Stars,Hobart Hurricanes,DJ Hussey,BJ Hodge,EP Gulbis,4,0,,,,,,,,,
571239,2012/13,2012-12-15,Melbourne Cricket Ground,2,11.1,Melbourne Stars,Hobart Hurricanes,BJ Hodge,DJ Hussey,MG Hogan,2,0,,,,,,,,,
571239,2012/13,2012-12-15,Melbourne Cricket Ground,2,11.2,Melbourne Stars,Hobart Hurricanes,BJ Hodge,DJ Hussey,MG Hogan,0,0,,,,,,caught,BJ Hodge,,
571239,2012/13,2012-12-15,Melbourne Cricket Ground,2,11.3,Melbourne Stars,Hobart Hurricanes,CL White,DJ Hussey,MG Hogan,0,0,,,,,,,,,
571239,2012/13,2012-12-15,Melbourne Cricket Ground,2,11.4,Melbourne Stars,Hobart Hurricanes,CL White,DJ Hussey,MG Hogan,1,0,,,,,,,,,
571239,2012/13,2012-12-15,Melbourne Cricket Ground,2,11.5,Melbourne Stars,Hobart Hurricanes,DJ Hussey,CL White,MG Hogan,2,0,,,,,,,,,
571239,2012/13,2012-12-15,Melbourne Cricket Ground,2,11.6,Melbourne Stars,Hobart Hurricanes,DJ Hussey,CL White,MG Hogan,1,0,,,,,,,,,
571239,2012/13,2012-12-15,Melbourne Cricket Ground,2,12.1,Melbourne Stars,Hobart Hurricanes,DJ Hussey,CL White,EP Gulbis,1,0,,,,,,,,,
571239,2012/13,2012-12-15,Melbourne Cricket Ground,2,12.2,Melbourne Stars,Hobart Hurricanes,CL White,DJ Hussey,EP Gulbis,1,0,,,,,,,,,
571239,2012/13,2012-12-15,Melbourne Cricket Ground,2,12.3,Melbourne Stars,Hobart Hurricanes,DJ Hussey,CL White,EP Gulbis,2,0,,,,,,,,,
571239,2012/13,2012-12-15,Melbourne Cricket Ground,2,12.4,Melbourne Stars,Hobart Hurricanes,DJ Hussey,CL White,EP Gulbis,0,0,,,,,,,,,
571239,2012/13,2012-12-15,Melbourne Cricket Ground,2,12.5,Melbourne Stars,Hobart Hurricanes,DJ Hussey,CL White,EP Gulbis,0,0,,,,,,,,,
571239,2012/13,2012-12-15,Melbourne Cricket Ground,2,12.6,Melbourne Stars,Hobart Hurricanes,DJ Hussey,CL White,EP Gulbis,1,0,,,,,,,,,
571239,2012/13,2012-12-15,Melbourne Cricket Ground,2,13.1,Melbourne Stars,Hobart Hurricanes,DJ Hussey,CL White,B Laughlin,1,0,,,,,,,,,
571239,2012/13,2012-12-15,Melbourne Cricket Ground,2,13.2,Melbourne Stars,Hobart Hurricanes,CL White,DJ Hussey,B Laughlin,0,0,,,,,,,,,
571239,2012/13,2012-12-15,Melbourne Cricket Ground,2,13.3,Melbourne Stars,Hobart Hurricanes,CL White,DJ Hussey,B Laughlin,2,0,,,,,,,,,
571239,2012/13,2012-12-15,Melbourne Cricket Ground,2,13.4,Melbourne Stars,Hobart Hurricanes,CL White,DJ Hussey,B Laughlin,0,0,,,,,,,,,
571239,2012/13,2012-12-15,Melbourne Cricket Ground,2,13.5,Melbourne Stars,Hobart Hurricanes,CL White,DJ Hussey,B Laughlin,1,0,,,,,,,,,
571239,2012/13,2012-12-15,Melbourne Cricket Ground,2,13.6,Melbourne Stars,Hobart Hurricanes,DJ Hussey,CL White,B Laughlin,0,0,,,,,,caught,DJ Hussey,,
571239,2012/13,2012-12-15,Melbourne Cricket Ground,2,14.1,Melbourne Stars,Hobart Hurricanes,CL White,GJ Maxwell,XJ Doherty,1,0,,,,,,,,,
571239,2012/13,2012-12-15,Melbourne Cricket Ground,2,14.2,Melbourne Stars,Hobart Hurricanes,GJ Maxwell,CL White,XJ Doherty,0,0,,,,,,,,,
571239,2012/13,2012-12-15,Melbourne Cricket Ground,2,14.3,Melbourne Stars,Hobart Hurricanes,GJ Maxwell,CL White,XJ Doherty,0,0,,,,,,,,,
571239,2012/13,2012-12-15,Melbourne Cricket Ground,2,14.4,Melbourne Stars,Hobart Hurricanes,GJ Maxwell,CL White,XJ Doherty,2,0,,,,,,,,,
571239,2012/13,2012-12-15,Melbourne Cricket Ground,2,14.5,Melbourne Stars,Hobart Hurricanes,GJ Maxwell,CL White,XJ Doherty,0,0,,,,,,,,,
571239,2012/13,2012-12-15,Melbourne Cricket Ground,2,14.6,Melbourne Stars,Hobart Hurricanes,GJ Maxwell,CL White,XJ Doherty,6,0,,,,,,,,,
571239,2012/13,2012-12-15,Melbourne Cricket Ground,2,15.1,Melbourne Stars,Hobart Hurricanes,CL White,GJ Maxwell,SB Styris,0,0,,,,,,,,,
571239,2012/13,2012-12-15,Melbourne Cricket Ground,2,15.2,Melbourne Stars,Hobart Hurricanes,CL White,GJ Maxwell,SB Styris,4,0,,,,,,,,,
571239,2012/13,2012-12-15,Melbourne Cricket Ground,2,15.3,Melbourne Stars,Hobart Hurricanes,CL White,GJ Maxwell,SB Styris,0,0,,,,,,,,,
571239,2012/13,2012-12-15,Melbourne Cricket Ground,2,15.4,Melbourne Stars,Hobart Hurricanes,CL White,GJ Maxwell,SB Styris,0,0,,,,,,,,,
571239,2012/13,2012-12-15,Melbourne Cricket Ground,2,15.5,Melbourne Stars,Hobart Hurricanes,CL White,GJ Maxwell,SB Styris,1,0,,,,,,,,,
571239,2012/13,2012-12-15,Melbourne Cricket Ground,2,15.6,Melbourne Stars,Hobart Hurricanes,GJ Maxwell,CL White,SB Styris,1,0,,,,,,,,,
571239,2012/13,2012-12-15,Melbourne Cricket Ground,2,16.1,Melbourne Stars,Hobart Hurricanes,GJ Maxwell,CL White,EP Gulbis,1,0,,,,,,,,,
571239,2012/13,2012-12-15,Melbourne Cricket Ground,2,16.2,Melbourne Stars,Hobart Hurricanes,CL White,GJ Maxwell,EP Gulbis,1,0,,,,,,,,,
571239,2012/13,2012-12-15,Melbourne Cricket Ground,2,16.3,Melbourne Stars,Hobart Hurricanes,GJ Maxwell,CL White,EP Gulbis,1,0,,,,,,,,,
571239,2012/13,2012-12-15,Melbourne Cricket Ground,2,16.4,Melbourne Stars,Hobart Hurricanes,CL White,GJ Maxwell,EP Gulbis,2,0,,,,,,,,,
571239,2012/13,2012-12-15,Melbourne Cricket Ground,2,16.5,Melbourne Stars,Hobart Hurricanes,CL White,GJ Maxwell,EP Gulbis,1,0,,,,,,,,,
571239,2012/13,2012-12-15,Melbourne Cricket Ground,2,16.6,Melbourne Stars,Hobart Hurricanes,GJ Maxwell,CL White,EP Gulbis,0,0,,,,,,,,,
571239,2012/13,2012-12-15,Melbourne Cricket Ground,2,17.1,Melbourne Stars,Hobart Hurricanes,CL White,GJ Maxwell,DE Bollinger,1,0,,,,,,,,,
571239,2012/13,2012-12-15,Melbourne Cricket Ground,2,17.2,Melbourne Stars,Hobart Hurricanes,GJ Maxwell,CL White,DE Bollinger,4,0,,,,,,,,,
571239,2012/13,2012-12-15,Melbourne Cricket Ground,2,17.3,Melbourne Stars,Hobart Hurricanes,GJ Maxwell,CL White,DE Bollinger,4,0,,,,,,,,,
571239,2012/13,2012-12-15,Melbourne Cricket Ground,2,17.4,Melbourne Stars,Hobart Hurricanes,GJ Maxwell,CL White,DE Bollinger,0,0,,,,,,caught,GJ Maxwell,,
571239,2012/13,2012-12-15,Melbourne Cricket Ground,2,17.5,Melbourne Stars,Hobart Hurricanes,CL White,JP Faulkner,DE Bollinger,4,0,,,,,,,,,
571239,2012/13,2012-12-15,Melbourne Cricket Ground,2,17.6,Melbourne Stars,Hobart Hurricanes,CL White,JP Faulkner,DE Bollinger,1,0,,,,,,,,,
571239,2012/13,2012-12-15,Melbourne Cricket Ground,2,18.1,Melbourne Stars,Hobart Hurricanes,CL White,JP Faulkner,B Laughlin,1,0,,,,,,,,,
571239,2012/13,2012-12-15,Melbourne Cricket Ground,2,18.2,Melbourne Stars,Hobart Hurricanes,JP Faulkner,CL White,B Laughlin,1,0,,,,,,,,,
571239,2012/13,2012-12-15,Melbourne Cricket Ground,2,18.3,Melbourne Stars,Hobart Hurricanes,CL White,JP Faulkner,B Laughlin,0,0,,,,,,caught,CL White,,
571239,2012/13,2012-12-15,Melbourne Cricket Ground,2,18.4,Melbourne Stars,Hobart Hurricanes,JP Faulkner,PSP Handscomb,B Laughlin,1,0,,,,,,,,,
571239,2012/13,2012-12-15,Melbourne Cricket Ground,2,18.5,Melbourne Stars,Hobart Hurricanes,PSP Handscomb,JP Faulkner,B Laughlin,2,0,,,,,,,,,
571239,2012/13,2012-12-15,Melbourne Cricket Ground,2,18.6,Melbourne Stars,Hobart Hurricanes,PSP Handscomb,JP Faulkner,B Laughlin,0,0,,,,,,,,,
571239,2012/13,2012-12-15,Melbourne Cricket Ground,2,19.1,Melbourne Stars,Hobart Hurricanes,JP Faulkner,PSP Handscomb,EP Gulbis,4,0,,,,,,,,,
571239,2012/13,2012-12-15,Melbourne Cricket Ground,2,19.2,Melbourne Stars,Hobart Hurricanes,JP Faulkner,PSP Handscomb,EP Gulbis,0,1,,1,,,,,,,
