match_id,season,start_date,venue,innings,ball,batting_team,bowling_team,striker,non_striker,bowler,runs_off_bat,extras,wides,noballs,byes,legbyes,penalty,wicket_type,player_dismissed,other_wicket_type,other_player_dismissed
571252,2012/13,2012-12-30,Stadium Australia,1,0.1,Sydney Thunder,Sydney Sixers,CH Gayle,CJL Rogers,B Lee,0,1,1,,,,,,,,
571252,2012/13,2012-12-30,Stadium Australia,1,0.2,Sydney Thunder,Sydney Sixers,CH Gayle,CJL Rogers,B Lee,0,0,,,,,,,,,
571252,2012/13,2012-12-30,Stadium Australia,1,0.3,Sydney Thunder,Sydney Sixers,CH Gayle,CJL Rogers,B Lee,1,0,,,,,,,,,
571252,2012/13,2012-12-30,Stadium Australia,1,0.4,Sydney Thunder,Sydney Sixers,CJL Rogers,CH Gayle,B Lee,0,0,,,,,,,,,
571252,2012/13,2012-12-30,Stadium Australia,1,0.5,Sydney Thunder,Sydney Sixers,CJL Rogers,CH Gayle,B Lee,0,0,,,,,,,,,
571252,2012/13,2012-12-30,Stadium Australia,1,0.6,Sydney Thunder,Sydney Sixers,CJL Rogers,CH Gayle,B Lee,1,0,,,,,,,,,
571252,2012/13,2012-12-30,Stadium Australia,1,0.7,Sydney Thunder,Sydney Sixers,CH Gayle,CJL Rogers,B Lee,0,0,,,,,,,,,
571252,2012/13,2012-12-30,Stadium Australia,1,1.1,Sydney Thunder,Sydney Sixers,CJL Rogers,CH Gayle,JK Lalor,1,0,,,,,,,,,
571252,2012/13,2012-12-30,Stadium Australia,1,1.2,Sydney Thunder,Sydney Sixers,CH Gayle,CJL Rogers,JK Lalor,0,0,,,,,,,,,
571252,2012/13,2012-12-30,Stadium Australia,1,1.3,Sydney Thunder,Sydney Sixers,CH Gayle,CJL Rogers,JK Lalor,0,0,,,,,,,,,
571252,2012/13,2012-12-30,Stadium Australia,1,1.4,Sydney Thunder,Sydney Sixers,CH Gayle,CJL Rogers,JK Lalor,0,0,,,,,,,,,
571252,2012/13,2012-12-30,Stadium Australia,1,1.5,Sydney Thunder,Sydney Sixers,CH Gayle,CJL Rogers,JK Lalor,0,1,1,,,,,,,,
571252,2012/13,2012-12-30,Stadium Australia,1,1.6,Sydney Thunder,Sydney Sixers,CH Gayle,CJL Rogers,JK Lalor,6,0,,,,,,,,,
571252,2012/13,2012-12-30,Stadium Australia,1,1.7,Sydney Thunder,Sydney Sixers,CH Gayle,CJL Rogers,JK Lalor,0,0,,,,,,,,,
571252,2012/13,2012-12-30,Stadium Australia,1,2.1,Sydney Thunder,Sydney Sixers,CJL Rogers,CH Gayle,B Lee,0,0,,,,,,,,,
571252,2012/13,2012-12-30,Stadium Australia,1,2.2,Sydney Thunder,Sydney Sixers,CJL Rogers,CH Gayle,B Lee,1,0,,,,,,,,,
571252,2012/13,2012-12-30,Stadium Australia,1,2.3,Sydney Thunder,Sydney Sixers,CH Gayle,CJL Rogers,B Lee,0,0,,,,,,,,,
571252,2012/13,2012-12-30,Stadium Australia,1,2.4,Sydney Thunder,Sydney Sixers,CH Gayle,CJL Rogers,B Lee,0,0,,,,,,,,,
571252,2012/13,2012-12-30,Stadium Australia,1,2.5,Sydney Thunder,Sydney Sixers,CH Gayle,CJL Rogers,B Lee,0,0,,,,,,,,,
571252,2012/13,2012-12-30,Stadium Australia,1,2.6,Sydney Thunder,Sydney Sixers,CH Gayle,CJL Rogers,B Lee,0,0,,,,,,,,,
571252,2012/13,2012-12-30,Stadium Australia,1,3.1,Sydney Thunder,Sydney Sixers,CJL Rogers,CH Gayle,LW Feldman,0,0,,,,,,,,,
571252,2012/13,2012-12-30,Stadium Australia,1,3.2,Sydney Thunder,Sydney Sixers,CJL Rogers,CH Gayle,LW Feldman,0,0,,,,,,,,,
571252,2012/13,2012-12-30,Stadium Australia,1,3.3,Sydney Thunder,Sydney Sixers,CJL Rogers,CH Gayle,LW Feldman,4,0,,,,,,,,,
571252,2012/13,2012-12-30,Stadium Australia,1,3.4,Sydney Thunder,Sydney Sixers,CJL Rogers,CH Gayle,LW Feldman,0,0,,,,,,,,,
571252,2012/13,2012-12-30,Stadium Australia,1,3.5,Sydney Thunder,Sydney Sixers,CJL Rogers,CH Gayle,LW Feldman,0,0,,,,,,caught,CJL Rogers,,
571252,2012/13,2012-12-30,Stadium Australia,1,3.6,Sydney Thunder,Sydney Sixers,MJ Prior,CH Gayle,LW Feldman,0,0,,,,,,,,,
571252,2012/13,2012-12-30,Stadium Australia,1,4.1,Sydney Thunder,Sydney Sixers,CH Gayle,MJ Prior,JK Lalor,0,0,,,,,,,,,
571252,2012/13,2012-12-30,Stadium Australia,1,4.2,Sydney Thunder,Sydney Sixers,CH Gayle,MJ Prior,JK Lalor,0,0,,,,,,,,,
571252,2012/13,2012-12-30,Stadium Australia,1,4.3,Sydney Thunder,Sydney Sixers,CH Gayle,MJ Prior,JK Lalor,2,0,,,,,,,,,
571252,2012/13,2012-12-30,Stadium Australia,1,4.4,Sydney Thunder,Sydney Sixers,CH Gayle,MJ Prior,JK Lalor,0,0,,,,,,bowled,CH Gayle,,
571252,2012/13,2012-12-30,Stadium Australia,1,4.5,Sydney Thunder,Sydney Sixers,UT Khawaja,MJ Prior,JK Lalor,0,0,,,,,,,,,
571252,2012/13,2012-12-30,Stadium Australia,1,4.6,Sydney Thunder,Sydney Sixers,UT Khawaja,MJ Prior,JK Lalor,4,0,,,,,,,,,
571252,2012/13,2012-12-30,Stadium Australia,1,5.1,Sydney Thunder,Sydney Sixers,MJ Prior,UT Khawaja,LW Feldman,4,0,,,,,,,,,
571252,2012/13,2012-12-30,Stadium Australia,1,5.2,Sydney Thunder,Sydney Sixers,MJ Prior,UT Khawaja,LW Feldman,0,0,,,,,,,,,
571252,2012/13,2012-12-30,Stadium Australia,1,5.3,Sydney Thunder,Sydney Sixers,MJ Prior,UT Khawaja,LW Feldman,0,0,,,,,,caught,MJ Prior,,
571252,2012/13,2012-12-30,Stadium Australia,1,5.4,Sydney Thunder,Sydney Sixers,SA Abbott,UT Khawaja,LW Feldman,0,0,,,,,,,,,
571252,2012/13,2012-12-30,Stadium Australia,1,5.5,Sydney Thunder,Sydney Sixers,SA Abbott,UT Khawaja,LW Feldman,1,0,,,,,,,,,
571252,2012/13,2012-12-30,Stadium Australia,1,5.6,Sydney Thunder,Sydney Sixers,UT Khawaja,SA Abbott,LW Feldman,0,0,,,,,,,,,
571252,2012/13,2012-12-30,Stadium Australia,1,6.1,Sydney Thunder,Sydney Sixers,SA Abbott,UT Khawaja,JK Lalor,0,0,,,,,,,,,
571252,2012/13,2012-12-30,Stadium Australia,1,6.2,Sydney Thunder,Sydney Sixers,SA Abbott,UT Khawaja,JK Lalor,0,0,,,,,,,,,
571252,2012/13,2012-12-30,Stadium Australia,1,6.3,Sydney Thunder,Sydney Sixers,SA Abbott,UT Khawaja,JK Lalor,0,0,,,,,,caught,SA Abbott,,
571252,2012/13,2012-12-30,Stadium Australia,1,6.4,Sydney Thunder,Sydney Sixers,RGL Carters,UT Khawaja,JK Lalor,0,0,,,,,,,,,
571252,2012/13,2012-12-30,Stadium Australia,1,6.5,Sydney Thunder,Sydney Sixers,RGL Carters,UT Khawaja,JK Lalor,0,0,,,,,,,,,
571252,2012/13,2012-12-30,Stadium Australia,1,6.6,Sydney Thunder,Sydney Sixers,RGL Carters,UT Khawaja,JK Lalor,1,0,,,,,,,,,
571252,2012/13,2012-12-30,Stadium Australia,1,7.1,Sydney Thunder,Sydney Sixers,RGL Carters,UT Khawaja,LW Feldman,0,0,,,,,,,,,
571252,2012/13,2012-12-30,Stadium Australia,1,7.2,Sydney Thunder,Sydney Sixers,RGL Carters,UT Khawaja,LW Feldman,1,0,,,,,,,,,
571252,2012/13,2012-12-30,Stadium Australia,1,7.3,Sydney Thunder,Sydney Sixers,UT Khawaja,RGL Carters,LW Feldman,0,0,,,,,,,,,
571252,2012/13,2012-12-30,Stadium Australia,1,7.4,Sydney Thunder,Sydney Sixers,UT Khawaja,RGL Carters,LW Feldman,4,0,,,,,,,,,
571252,2012/13,2012-12-30,Stadium Australia,1,7.5,Sydney Thunder,Sydney Sixers,UT Khawaja,RGL Carters,LW Feldman,0,0,,,,,,,,,
571252,2012/13,2012-12-30,Stadium Australia,1,7.6,Sydney Thunder,Sydney Sixers,UT Khawaja,RGL Carters,LW Feldman,0,0,,,,,,,,,
571252,2012/13,2012-12-30,Stadium Australia,1,8.1,Sydney Thunder,Sydney Sixers,RGL Carters,UT Khawaja,JK Lalor,0,0,,,,,,,,,
571252,2012/13,2012-12-30,Stadium Australia,1,8.2,Sydney Thunder,Sydney Sixers,RGL Carters,UT Khawaja,JK Lalor,1,0,,,,,,,,,
571252,2012/13,2012-12-30,Stadium Australia,1,8.3,Sydney Thunder,Sydney Sixers,UT Khawaja,RGL Carters,JK Lalor,1,0,,,,,,,,,
571252,2012/13,2012-12-30,Stadium Australia,1,8.4,Sydney Thunder,Sydney Sixers,RGL Carters,UT Khawaja,JK Lalor,1,0,,,,,,,,,
571252,2012/13,2012-12-30,Stadium Australia,1,8.5,Sydney Thunder,Sydney Sixers,UT Khawaja,RGL Carters,JK Lalor,1,0,,,,,,,,,
571252,2012/13,2012-12-30,Stadium Australia,1,8.6,Sydney Thunder,Sydney Sixers,RGL Carters,UT Khawaja,JK Lalor,1,0,,,,,,,,,
571252,2012/13,2012-12-30,Stadium Australia,1,9.1,Sydney Thunder,Sydney Sixers,RGL Carters,UT Khawaja,LW Feldman,0,0,,,,,,,,,
571252,2012/13,2012-12-30,Stadium Australia,1,9.2,Sydney Thunder,Sydney Sixers,RGL Carters,UT Khawaja,LW Feldman,1,0,,,,,,,,,
571252,2012/13,2012-12-30,Stadium Australia,1,9.3,Sydney Thunder,Sydney Sixers,UT Khawaja,RGL Carters,LW Feldman,2,0,,,,,,,,,
571252,2012/13,2012-12-30,Stadium Australia,1,9.4,Sydney Thunder,Sydney Sixers,UT Khawaja,RGL Carters,LW Feldman,2,0,,,,,,,,,
571252,2012/13,2012-12-30,Stadium Australia,1,9.5,Sydney Thunder,Sydney Sixers,UT Khawaja,RGL Carters,LW Feldman,0,0,,,,,,,,,
571252,2012/13,2012-12-30,Stadium Australia,1,9.6,Sydney Thunder,Sydney Sixers,UT Khawaja,RGL Carters,LW Feldman,4,0,,,,,,,,,
571252,2012/13,2012-12-30,Stadium Australia,1,10.1,Sydney Thunder,Sydney Sixers,RGL Carters,UT Khawaja,SP Narine,1,0,,,,,,,,,
571252,2012/13,2012-12-30,Stadium Australia,1,10.2,Sydney Thunder,Sydney Sixers,UT Khawaja,RGL Carters,SP Narine,1,0,,,,,,,,,
571252,2012/13,2012-12-30,Stadium Australia,1,10.3,Sydney Thunder,Sydney Sixers,RGL Carters,UT Khawaja,SP Narine,1,0,,,,,,,,,
571252,2012/13,2012-12-30,Stadium Australia,1,10.4,Sydney Thunder,Sydney Sixers,UT Khawaja,RGL Carters,SP Narine,0,0,,,,,,,,,
571252,2012/13,2012-12-30,Stadium Australia,1,10.5,Sydney Thunder,Sydney Sixers,UT Khawaja,RGL Carters,SP Narine,1,0,,,,,,,,,
571252,2012/13,2012-12-30,Stadium Australia,1,10.6,Sydney Thunder,Sydney Sixers,RGL Carters,UT Khawaja,SP Narine,1,0,,,,,,,,,
571252,2012/13,2012-12-30,Stadium Australia,1,11.1,Sydney Thunder,Sydney Sixers,RGL Carters,UT Khawaja,MC Henriques,0,1,,,,1,,,,,
571252,2012/13,2012-12-30,Stadium Australia,1,11.2,Sydney Thunder,Sydney Sixers,UT Khawaja,RGL Carters,MC Henriques,0,0,,,,,,,,,
571252,2012/13,2012-12-30,Stadium Australia,1,11.3,Sydney Thunder,Sydney Sixers,UT Khawaja,RGL Carters,MC Henriques,0,1,1,,,,,,,,
571252,2012/13,2012-12-30,Stadium Australia,1,11.4,Sydney Thunder,Sydney Sixers,UT Khawaja,RGL Carters,MC Henriques,0,1,1,,,,,,,,
571252,2012/13,2012-12-30,Stadium Australia,1,11.5,Sydney Thunder,Sydney Sixers,UT Khawaja,RGL Carters,MC Henriques,1,0,,,,,,,,,
571252,2012/13,2012-12-30,Stadium Australia,1,11.6,Sydney Thunder,Sydney Sixers,RGL Carters,UT Khawaja,MC Henriques,0,0,,,,,,caught,RGL Carters,,
571252,2012/13,2012-12-30,Stadium Australia,1,11.7,Sydney Thunder,Sydney Sixers,UT Khawaja,SJC Keen,MC Henriques,1,0,,,,,,,,,
571252,2012/13,2012-12-30,Stadium Australia,1,11.8,Sydney Thunder,Sydney Sixers,SJC Keen,UT Khawaja,MC Henriques,1,0,,,,,,,,,
571252,2012/13,2012-12-30,Stadium Australia,1,12.1,Sydney Thunder,Sydney Sixers,SJC Keen,UT Khawaja,SP Narine,0,0,,,,,,,,,
571252,2012/13,2012-12-30,Stadium Australia,1,12.2,Sydney Thunder,Sydney Sixers,SJC Keen,UT Khawaja,SP Narine,0,0,,,,,,,,,
571252,2012/13,2012-12-30,Stadium Australia,1,12.3,Sydney Thunder,Sydney Sixers,SJC Keen,UT Khawaja,SP Narine,1,0,,,,,,,,,
571252,2012/13,2012-12-30,Stadium Australia,1,12.4,Sydney Thunder,Sydney Sixers,UT Khawaja,SJC Keen,SP Narine,0,0,,,,,,,,,
571252,2012/13,2012-12-30,Stadium Australia,1,12.5,Sydney Thunder,Sydney Sixers,UT Khawaja,SJC Keen,SP Narine,1,0,,,,,,,,,
571252,2012/13,2012-12-30,Stadium Australia,1,12.6,Sydney Thunder,Sydney Sixers,SJC Keen,UT Khawaja,SP Narine,1,1,,1,,,,,,,
571252,2012/13,2012-12-30,Stadium Australia,1,12.7,Sydney Thunder,Sydney Sixers,UT Khawaja,SJC Keen,SP Narine,1,0,,,,,,,,,
571252,2012/13,2012-12-30,Stadium Australia,1,13.1,Sydney Thunder,Sydney Sixers,UT Khawaja,SJC Keen,MC Henriques,4,0,,,,,,,,,
571252,2012/13,2012-12-30,Stadium Australia,1,13.2,Sydney Thunder,Sydney Sixers,UT Khawaja,SJC Keen,MC Henriques,0,0,,,,,,,,,
571252,2012/13,2012-12-30,Stadium Australia,1,13.3,Sydney Thunder,Sydney Sixers,UT Khawaja,SJC Keen,MC Henriques,0,0,,,,,,,,,
571252,2012/13,2012-12-30,Stadium Australia,1,13.4,Sydney Thunder,Sydney Sixers,UT Khawaja,SJC Keen,MC Henriques,1,0,,,,,,,,,
571252,2012/13,2012-12-30,Stadium Australia,1,13.5,Sydney Thunder,Sydney Sixers,SJC Keen,UT Khawaja,MC Henriques,2,0,,,,,,,,,
571252,2012/13,2012-12-30,Stadium Australia,1,13.6,Sydney Thunder,Sydney Sixers,SJC Keen,UT Khawaja,MC Henriques,2,0,,,,,,,,,
571252,2012/13,2012-12-30,Stadium Australia,1,14.1,Sydney Thunder,Sydney Sixers,UT Khawaja,SJC Keen,SP Narine,2,0,,,,,,,,,
571252,2012/13,2012-12-30,Stadium Australia,1,14.2,Sydney Thunder,Sydney Sixers,UT Khawaja,SJC Keen,SP Narine,0,0,,,,,,,,,
571252,2012/13,2012-12-30,Stadium Australia,1,14.3,Sydney Thunder,Sydney Sixers,UT Khawaja,SJC Keen,SP Narine,0,0,,,,,,,,,
571252,2012/13,2012-12-30,Stadium Australia,1,14.4,Sydney Thunder,Sydney Sixers,UT Khawaja,SJC Keen,SP Narine,0,0,,,,,,,,,
571252,2012/13,2012-12-30,Stadium Australia,1,14.5,Sydney Thunder,Sydney Sixers,UT Khawaja,SJC Keen,SP Narine,0,0,,,,,,,,,
571252,2012/13,2012-12-30,Stadium Australia,1,14.6,Sydney Thunder,Sydney Sixers,UT Khawaja,SJC Keen,SP Narine,1,0,,,,,,,,,
571252,2012/13,2012-12-30,Stadium Australia,1,15.1,Sydney Thunder,Sydney Sixers,UT Khawaja,SJC Keen,MC Henriques,4,0,,,,,,,,,
571252,2012/13,2012-12-30,Stadium Australia,1,15.2,Sydney Thunder,Sydney Sixers,UT Khawaja,SJC Keen,MC Henriques,1,0,,,,,,,,,
571252,2012/13,2012-12-30,Stadium Australia,1,15.3,Sydney Thunder,Sydney Sixers,SJC Keen,UT Khawaja,MC Henriques,1,0,,,,,,,,,
571252,2012/13,2012-12-30,Stadium Australia,1,15.4,Sydney Thunder,Sydney Sixers,UT Khawaja,SJC Keen,MC Henriques,4,0,,,,,,,,,
571252,2012/13,2012-12-30,Stadium Australia,1,15.5,Sydney Thunder,Sydney Sixers,UT Khawaja,SJC Keen,MC Henriques,0,0,,,,,,,,,
571252,2012/13,2012-12-30,Stadium Australia,1,15.6,Sydney Thunder,Sydney Sixers,UT Khawaja,SJC Keen,MC Henriques,1,0,,,,,,,,,
571252,2012/13,2012-12-30,Stadium Australia,1,16.1,Sydney Thunder,Sydney Sixers,UT Khawaja,SJC Keen,B Lee,0,0,,,,,,,,,
571252,2012/13,2012-12-30,Stadium Australia,1,16.2,Sydney Thunder,Sydney Sixers,UT Khawaja,SJC Keen,B Lee,4,0,,,,,,,,,
571252,2012/13,2012-12-30,Stadium Australia,1,16.3,Sydney Thunder,Sydney Sixers,UT Khawaja,SJC Keen,B Lee,2,0,,,,,,,,,
571252,2012/13,2012-12-30,Stadium Australia,1,16.4,Sydney Thunder,Sydney Sixers,UT Khawaja,SJC Keen,B Lee,1,0,,,,,,,,,
571252,2012/13,2012-12-30,Stadium Australia,1,16.5,Sydney Thunder,Sydney Sixers,SJC Keen,UT Khawaja,B Lee,1,0,,,,,,,,,
571252,2012/13,2012-12-30,Stadium Australia,1,16.6,Sydney Thunder,Sydney Sixers,UT Khawaja,SJC Keen,B Lee,0,0,,,,,,,,,
571252,2012/13,2012-12-30,Stadium Australia,1,17.1,Sydney Thunder,Sydney Sixers,SJC Keen,UT Khawaja,SP Narine,0,0,,,,,,,,,
571252,2012/13,2012-12-30,Stadium Australia,1,17.2,Sydney Thunder,Sydney Sixers,SJC Keen,UT Khawaja,SP Narine,0,4,,,4,,,,,,
571252,2012/13,2012-12-30,Stadium Australia,1,17.3,Sydney Thunder,Sydney Sixers,SJC Keen,UT Khawaja,SP Narine,6,0,,,,,,,,,
571252,2012/13,2012-12-30,Stadium Australia,1,17.4,Sydney Thunder,Sydney Sixers,SJC Keen,UT Khawaja,SP Narine,0,0,,,,,,,,,
571252,2012/13,2012-12-30,Stadium Australia,1,17.5,Sydney Thunder,Sydney Sixers,SJC Keen,UT Khawaja,SP Narine,0,0,,,,,,caught,SJC Keen,,
571252,2012/13,2012-12-30,Stadium Australia,1,17.6,Sydney Thunder,Sydney Sixers,UT Khawaja,SJ Coyte (2),SP Narine,4,0,,,,,,,,,
571252,2012/13,2012-12-30,Stadium Australia,1,18.1,Sydney Thunder,Sydney Sixers,SJ Coyte (2),UT Khawaja,MC Henriques,4,0,,,,,,,,,
571252,2012/13,2012-12-30,Stadium Australia,1,18.2,Sydney Thunder,Sydney Sixers,SJ Coyte (2),UT Khawaja,MC Henriques,0,0,,,,,,,,,
571252,2012/13,2012-12-30,Stadium Australia,1,18.3,Sydney Thunder,Sydney Sixers,SJ Coyte (2),UT Khawaja,MC Henriques,1,0,,,,,,,,,
571252,2012/13,2012-12-30,Stadium Australia,1,18.4,Sydney Thunder,Sydney Sixers,UT Khawaja,SJ Coyte (2),MC Henriques,1,0,,,,,,,,,
571252,2012/13,2012-12-30,Stadium Australia,1,18.5,Sydney Thunder,Sydney Sixers,SJ Coyte (2),UT Khawaja,MC Henriques,4,0,,,,,,,,,
571252,2012/13,2012-12-30,Stadium Australia,1,18.6,Sydney Thunder,Sydney Sixers,SJ Coyte (2),UT Khawaja,MC Henriques,1,0,,,,,,,,,
571252,2012/13,2012-12-30,Stadium Australia,1,19.1,Sydney Thunder,Sydney Sixers,SJ Coyte (2),UT Khawaja,B Lee,0,0,,,,,,,,,
571252,2012/13,2012-12-30,Stadium Australia,1,19.2,Sydney Thunder,Sydney Sixers,SJ Coyte (2),UT Khawaja,B Lee,0,0,,,,,,,,,
571252,2012/13,2012-12-30,Stadium Australia,1,19.3,Sydney Thunder,Sydney Sixers,SJ Coyte (2),UT Khawaja,B Lee,1,0,,,,,,,,,
571252,2012/13,2012-12-30,Stadium Australia,1,19.4,Sydney Thunder,Sydney Sixers,UT Khawaja,SJ Coyte (2),B Lee,4,0,,,,,,,,,
571252,2012/13,2012-12-30,Stadium Australia,1,19.5,Sydney Thunder,Sydney Sixers,UT Khawaja,SJ Coyte (2),B Lee,4,0,,,,,,,,,
571252,2012/13,2012-12-30,Stadium Australia,1,19.6,Sydney Thunder,Sydney Sixers,UT Khawaja,SJ Coyte (2),B Lee,4,0,,,,,,,,,
571252,2012/13,2012-12-30,Stadium Australia,2,0.1,Sydney Sixers,Sydney Thunder,NJ Maddinson,MJ Lumb,CH Gayle,2,0,,,,,,,,,
571252,2012/13,2012-12-30,Stadium Australia,2,0.2,Sydney Sixers,Sydney Thunder,NJ Maddinson,MJ Lumb,CH Gayle,0,0,,,,,,,,,
571252,2012/13,2012-12-30,Stadium Australia,2,0.3,Sydney Sixers,Sydney Thunder,NJ Maddinson,MJ Lumb,CH Gayle,4,0,,,,,,,,,
571252,2012/13,2012-12-30,Stadium Australia,2,0.4,Sydney Sixers,Sydney Thunder,NJ Maddinson,MJ Lumb,CH Gayle,0,0,,,,,,,,,
571252,2012/13,2012-12-30,Stadium Australia,2,0.5,Sydney Sixers,Sydney Thunder,NJ Maddinson,MJ Lumb,CH Gayle,0,0,,,,,,,,,
571252,2012/13,2012-12-30,Stadium Australia,2,0.6,Sydney Sixers,Sydney Thunder,NJ Maddinson,MJ Lumb,CH Gayle,0,0,,,,,,,,,
571252,2012/13,2012-12-30,Stadium Australia,2,1.1,Sydney Sixers,Sydney Thunder,MJ Lumb,NJ Maddinson,DP Nannes,0,0,,,,,,,,,
571252,2012/13,2012-12-30,Stadium Australia,2,1.2,Sydney Sixers,Sydney Thunder,MJ Lumb,NJ Maddinson,DP Nannes,0,0,,,,,,,,,
571252,2012/13,2012-12-30,Stadium Australia,2,1.3,Sydney Sixers,Sydney Thunder,MJ Lumb,NJ Maddinson,DP Nannes,4,0,,,,,,,,,
571252,2012/13,2012-12-30,Stadium Australia,2,1.4,Sydney Sixers,Sydney Thunder,MJ Lumb,NJ Maddinson,DP Nannes,0,0,,,,,,,,,
571252,2012/13,2012-12-30,Stadium Australia,2,1.5,Sydney Sixers,Sydney Thunder,MJ Lumb,NJ Maddinson,DP Nannes,1,0,,,,,,,,,
571252,2012/13,2012-12-30,Stadium Australia,2,1.6,Sydney Sixers,Sydney Thunder,NJ Maddinson,MJ Lumb,DP Nannes,0,0,,,,,,,,,
571252,2012/13,2012-12-30,Stadium Australia,2,2.1,Sydney Sixers,Sydney Thunder,MJ Lumb,NJ Maddinson,CP Tremain,0,1,1,,,,,,,,
571252,2012/13,2012-12-30,Stadium Australia,2,2.2,Sydney Sixers,Sydney Thunder,MJ Lumb,NJ Maddinson,CP Tremain,0,0,,,,,,,,,
571252,2012/13,2012-12-30,Stadium Australia,2,2.3,Sydney Sixers,Sydney Thunder,MJ Lumb,NJ Maddinson,CP Tremain,0,0,,,,,,,,,
571252,2012/13,2012-12-30,Stadium Australia,2,2.4,Sydney Sixers,Sydney Thunder,MJ Lumb,NJ Maddinson,CP Tremain,6,0,,,,,,,,,
571252,2012/13,2012-12-30,Stadium Australia,2,2.5,Sydney Sixers,Sydney Thunder,MJ Lumb,NJ Maddinson,CP Tremain,0,0,,,,,,,,,
571252,2012/13,2012-12-30,Stadium Australia,2,2.6,Sydney Sixers,Sydney Thunder,MJ Lumb,NJ Maddinson,CP Tremain,0,0,,,,,,,,,
571252,2012/13,2012-12-30,Stadium Australia,2,2.7,Sydney Sixers,Sydney Thunder,MJ Lumb,NJ Maddinson,CP Tremain,0,0,,,,,,,,,
571252,2012/13,2012-12-30,Stadium Australia,2,3.1,Sydney Sixers,Sydney Thunder,NJ Maddinson,MJ Lumb,DP Nannes,0,0,,,,,,,,,
571252,2012/13,2012-12-30,Stadium Australia,2,3.2,Sydney Sixers,Sydney Thunder,NJ Maddinson,MJ Lumb,DP Nannes,0,0,,,,,,,,,
571252,2012/13,2012-12-30,Stadium Australia,2,3.3,Sydney Sixers,Sydney Thunder,NJ Maddinson,MJ Lumb,DP Nannes,0,1,1,,,,,,,,
571252,2012/13,2012-12-30,Stadium Australia,2,3.4,Sydney Sixers,Sydney Thunder,NJ Maddinson,MJ Lumb,DP Nannes,0,0,,,,,,,,,
571252,2012/13,2012-12-30,Stadium Australia,2,3.5,Sydney Sixers,Sydney Thunder,NJ Maddinson,MJ Lumb,DP Nannes,1,0,,,,,,,,,
571252,2012/13,2012-12-30,Stadium Australia,2,3.6,Sydney Sixers,Sydney Thunder,MJ Lumb,NJ Maddinson,DP Nannes,1,0,,,,,,,,,
571252,2012/13,2012-12-30,Stadium Australia,2,3.7,Sydney Sixers,Sydney Thunder,NJ Maddinson,MJ Lumb,DP Nannes,0,0,,,,,,caught,NJ Maddinson,,
571252,2012/13,2012-12-30,Stadium Australia,2,4.1,Sydney Sixers,Sydney Thunder,MJ Lumb,DP Hughes,CP Tremain,2,0,,,,,,,,,
571252,2012/13,2012-12-30,Stadium Australia,2,4.2,Sydney Sixers,Sydney Thunder,MJ Lumb,DP Hughes,CP Tremain,6,0,,,,,,,,,
571252,2012/13,2012-12-30,Stadium Australia,2,4.3,Sydney Sixers,Sydney Thunder,MJ Lumb,DP Hughes,CP Tremain,0,0,,,,,,,,,
571252,2012/13,2012-12-30,Stadium Australia,2,4.4,Sydney Sixers,Sydney Thunder,MJ Lumb,DP Hughes,CP Tremain,0,0,,,,,,caught,MJ Lumb,,
571252,2012/13,2012-12-30,Stadium Australia,2,4.5,Sydney Sixers,Sydney Thunder,DP Hughes,BJ Haddin,CP Tremain,0,0,,,,,,,,,
571252,2012/13,2012-12-30,Stadium Australia,2,4.6,Sydney Sixers,Sydney Thunder,DP Hughes,BJ Haddin,CP Tremain,1,0,,,,,,,,,
571252,2012/13,2012-12-30,Stadium Australia,2,5.1,Sydney Sixers,Sydney Thunder,DP Hughes,BJ Haddin,SJ Coyte (2),1,0,,,,,,,,,
571252,2012/13,2012-12-30,Stadium Australia,2,5.2,Sydney Sixers,Sydney Thunder,BJ Haddin,DP Hughes,SJ Coyte (2),1,0,,,,,,,,,
571252,2012/13,2012-12-30,Stadium Australia,2,5.3,Sydney Sixers,Sydney Thunder,DP Hughes,BJ Haddin,SJ Coyte (2),1,0,,,,,,,,,
571252,2012/13,2012-12-30,Stadium Australia,2,5.4,Sydney Sixers,Sydney Thunder,BJ Haddin,DP Hughes,SJ Coyte (2),0,0,,,,,,,,,
571252,2012/13,2012-12-30,Stadium Australia,2,5.5,Sydney Sixers,Sydney Thunder,BJ Haddin,DP Hughes,SJ Coyte (2),2,0,,,,,,,,,
571252,2012/13,2012-12-30,Stadium Australia,2,5.6,Sydney Sixers,Sydney Thunder,BJ Haddin,DP Hughes,SJ Coyte (2),0,0,,,,,,,,,
571252,2012/13,2012-12-30,Stadium Australia,2,6.1,Sydney Sixers,Sydney Thunder,DP Hughes,BJ Haddin,SA Abbott,0,0,,,,,,,,,
571252,2012/13,2012-12-30,Stadium Australia,2,6.2,Sydney Sixers,Sydney Thunder,DP Hughes,BJ Haddin,SA Abbott,4,0,,,,,,,,,
571252,2012/13,2012-12-30,Stadium Australia,2,6.3,Sydney Sixers,Sydney Thunder,DP Hughes,BJ Haddin,SA Abbott,4,0,,,,,,,,,
571252,2012/13,2012-12-30,Stadium Australia,2,6.4,Sydney Sixers,Sydney Thunder,DP Hughes,BJ Haddin,SA Abbott,0,0,,,,,,,,,
571252,2012/13,2012-12-30,Stadium Australia,2,6.5,Sydney Sixers,Sydney Thunder,DP Hughes,BJ Haddin,SA Abbott,3,0,,,,,,,,,
571252,2012/13,2012-12-30,Stadium Australia,2,6.6,Sydney Sixers,Sydney Thunder,BJ Haddin,DP Hughes,SA Abbott,1,0,,,,,,,,,
571252,2012/13,2012-12-30,Stadium Australia,2,7.1,Sydney Sixers,Sydney Thunder,BJ Haddin,DP Hughes,A Zampa,6,0,,,,,,,,,
571252,2012/13,2012-12-30,Stadium Australia,2,7.2,Sydney Sixers,Sydney Thunder,BJ Haddin,DP Hughes,A Zampa,0,0,,,,,,,,,
571252,2012/13,2012-12-30,Stadium Australia,2,7.3,Sydney Sixers,Sydney Thunder,BJ Haddin,DP Hughes,A Zampa,0,0,,,,,,,,,
571252,2012/13,2012-12-30,Stadium Australia,2,7.4,Sydney Sixers,Sydney Thunder,BJ Haddin,DP Hughes,A Zampa,1,0,,,,,,,,,
571252,2012/13,2012-12-30,Stadium Australia,2,7.5,Sydney Sixers,Sydney Thunder,DP Hughes,BJ Haddin,A Zampa,0,0,,,,,,,,,
571252,2012/13,2012-12-30,Stadium Australia,2,7.6,Sydney Sixers,Sydney Thunder,DP Hughes,BJ Haddin,A Zampa,1,0,,,,,,,,,
571252,2012/13,2012-12-30,Stadium Australia,2,8.1,Sydney Sixers,Sydney Thunder,DP Hughes,BJ Haddin,SJ Coyte (2),0,0,,,,,,,,,
571252,2012/13,2012-12-30,Stadium Australia,2,8.2,Sydney Sixers,Sydney Thunder,DP Hughes,BJ Haddin,SJ Coyte (2),0,0,,,,,,,,,
571252,2012/13,2012-12-30,Stadium Australia,2,8.3,Sydney Sixers,Sydney Thunder,DP Hughes,BJ Haddin,SJ Coyte (2),1,0,,,,,,,,,
571252,2012/13,2012-12-30,Stadium Australia,2,8.4,Sydney Sixers,Sydney Thunder,BJ Haddin,DP Hughes,SJ Coyte (2),0,0,,,,,,,,,
571252,2012/13,2012-12-30,Stadium Australia,2,8.5,Sydney Sixers,Sydney Thunder,BJ Haddin,DP Hughes,SJ Coyte (2),4,0,,,,,,,,,
571252,2012/13,2012-12-30,Stadium Australia,2,8.6,Sydney Sixers,Sydney Thunder,BJ Haddin,DP Hughes,SJ Coyte (2),1,0,,,,,,,,,
571252,2012/13,2012-12-30,Stadium Australia,2,9.1,Sydney Sixers,Sydney Thunder,BJ Haddin,DP Hughes,CH Gayle,0,0,,,,,,,,,
571252,2012/13,2012-12-30,Stadium Australia,2,9.2,Sydney Sixers,Sydney Thunder,BJ Haddin,DP Hughes,CH Gayle,2,0,,,,,,,,,
571252,2012/13,2012-12-30,Stadium Australia,2,9.3,Sydney Sixers,Sydney Thunder,BJ Haddin,DP Hughes,CH Gayle,0,0,,,,,,,,,
571252,2012/13,2012-12-30,Stadium Australia,2,9.4,Sydney Sixers,Sydney Thunder,BJ Haddin,DP Hughes,CH Gayle,0,0,,,,,,,,,
571252,2012/13,2012-12-30,Stadium Australia,2,9.5,Sydney Sixers,Sydney Thunder,BJ Haddin,DP Hughes,CH Gayle,0,0,,,,,,caught,BJ Haddin,,
571252,2012/13,2012-12-30,Stadium Australia,2,9.6,Sydney Sixers,Sydney Thunder,DP Hughes,SPD Smith,CH Gayle,1,0,,,,,,,,,
571252,2012/13,2012-12-30,Stadium Australia,2,10.1,Sydney Sixers,Sydney Thunder,DP Hughes,SPD Smith,SJ Coyte (2),1,0,,,,,,,,,
571252,2012/13,2012-12-30,Stadium Australia,2,10.2,Sydney Sixers,Sydney Thunder,SPD Smith,DP Hughes,SJ Coyte (2),0,0,,,,,,,,,
571252,2012/13,2012-12-30,Stadium Australia,2,10.3,Sydney Sixers,Sydney Thunder,SPD Smith,DP Hughes,SJ Coyte (2),0,0,,,,,,,,,
571252,2012/13,2012-12-30,Stadium Australia,2,10.4,Sydney Sixers,Sydney Thunder,SPD Smith,DP Hughes,SJ Coyte (2),1,0,,,,,,,,,
571252,2012/13,2012-12-30,Stadium Australia,2,10.5,Sydney Sixers,Sydney Thunder,DP Hughes,SPD Smith,SJ Coyte (2),1,0,,,,,,,,,
571252,2012/13,2012-12-30,Stadium Australia,2,10.6,Sydney Sixers,Sydney Thunder,SPD Smith,DP Hughes,SJ Coyte (2),0,0,,,,,,,,,
571252,2012/13,2012-12-30,Stadium Australia,2,11.1,Sydney Sixers,Sydney Thunder,DP Hughes,SPD Smith,CH Gayle,0,0,,,,,,,,,
571252,2012/13,2012-12-30,Stadium Australia,2,11.2,Sydney Sixers,Sydney Thunder,DP Hughes,SPD Smith,CH Gayle,0,0,,,,,,,,,
571252,2012/13,2012-12-30,Stadium Australia,2,11.3,Sydney Sixers,Sydney Thunder,DP Hughes,SPD Smith,CH Gayle,1,0,,,,,,,,,
571252,2012/13,2012-12-30,Stadium Australia,2,11.4,Sydney Sixers,Sydney Thunder,SPD Smith,DP Hughes,CH Gayle,1,0,,,,,,,,,
571252,2012/13,2012-12-30,Stadium Australia,2,11.5,Sydney Sixers,Sydney Thunder,DP Hughes,SPD Smith,CH Gayle,1,0,,,,,,,,,
571252,2012/13,2012-12-30,Stadium Australia,2,11.6,Sydney Sixers,Sydney Thunder,SPD Smith,DP Hughes,CH Gayle,1,0,,,,,,,,,
571252,2012/13,2012-12-30,Stadium Australia,2,12.1,Sydney Sixers,Sydney Thunder,SPD Smith,DP Hughes,CP Tremain,2,0,,,,,,,,,
571252,2012/13,2012-12-30,Stadium Australia,2,12.2,Sydney Sixers,Sydney Thunder,SPD Smith,DP Hughes,CP Tremain,0,0,,,,,,,,,
571252,2012/13,2012-12-30,Stadium Australia,2,12.3,Sydney Sixers,Sydney Thunder,SPD Smith,DP Hughes,CP Tremain,0,0,,,,,,,,,
571252,2012/13,2012-12-30,Stadium Australia,2,12.4,Sydney Sixers,Sydney Thunder,SPD Smith,DP Hughes,CP Tremain,0,0,,,,,,,,,
571252,2012/13,2012-12-30,Stadium Australia,2,12.5,Sydney Sixers,Sydney Thunder,SPD Smith,DP Hughes,CP Tremain,2,0,,,,,,,,,
571252,2012/13,2012-12-30,Stadium Australia,2,12.6,Sydney Sixers,Sydney Thunder,SPD Smith,DP Hughes,CP Tremain,1,0,,,,,,,,,
571252,2012/13,2012-12-30,Stadium Australia,2,13.1,Sydney Sixers,Sydney Thunder,SPD Smith,DP Hughes,DP Nannes,0,0,,,,,,,,,
571252,2012/13,2012-12-30,Stadium Australia,2,13.2,Sydney Sixers,Sydney Thunder,SPD Smith,DP Hughes,DP Nannes,6,0,,,,,,,,,
571252,2012/13,2012-12-30,Stadium Australia,2,13.3,Sydney Sixers,Sydney Thunder,SPD Smith,DP Hughes,DP Nannes,0,0,,,,,,caught,SPD Smith,,
571252,2012/13,2012-12-30,Stadium Australia,2,13.4,Sydney Sixers,Sydney Thunder,MC Henriques,DP Hughes,DP Nannes,3,0,,,,,,,,,
571252,2012/13,2012-12-30,Stadium Australia,2,13.5,Sydney Sixers,Sydney Thunder,DP Hughes,MC Henriques,DP Nannes,0,0,,,,,,,,,
571252,2012/13,2012-12-30,Stadium Australia,2,13.6,Sydney Sixers,Sydney Thunder,DP Hughes,MC Henriques,DP Nannes,0,0,,,,,,,,,
571252,2012/13,2012-12-30,Stadium Australia,2,14.1,Sydney Sixers,Sydney Thunder,MC Henriques,DP Hughes,CH Gayle,4,0,,,,,,,,,
571252,2012/13,2012-12-30,Stadium Australia,2,14.2,Sydney Sixers,Sydney Thunder,MC Henriques,DP Hughes,CH Gayle,0,0,,,,,,bowled,MC Henriques,,
571252,2012/13,2012-12-30,Stadium Australia,2,14.3,Sydney Sixers,Sydney Thunder,SNJ O'Keefe,DP Hughes,CH Gayle,0,0,,,,,,,,,
571252,2012/13,2012-12-30,Stadium Australia,2,14.4,Sydney Sixers,Sydney Thunder,SNJ O'Keefe,DP Hughes,CH Gayle,0,0,,,,,,,,,
571252,2012/13,2012-12-30,Stadium Australia,2,14.5,Sydney Sixers,Sydney Thunder,SNJ O'Keefe,DP Hughes,CH Gayle,0,0,,,,,,,,,
571252,2012/13,2012-12-30,Stadium Australia,2,14.6,Sydney Sixers,Sydney Thunder,SNJ O'Keefe,DP Hughes,CH Gayle,0,0,,,,,,,,,
571252,2012/13,2012-12-30,Stadium Australia,2,15.1,Sydney Sixers,Sydney Thunder,DP Hughes,SNJ O'Keefe,SA Abbott,4,0,,,,,,,,,
571252,2012/13,2012-12-30,Stadium Australia,2,15.2,Sydney Sixers,Sydney Thunder,DP Hughes,SNJ O'Keefe,SA Abbott,1,0,,,,,,,,,
571252,2012/13,2012-12-30,Stadium Australia,2,15.3,Sydney Sixers,Sydney Thunder,SNJ O'Keefe,DP Hughes,SA Abbott,0,1,,,,1,,,,,
571252,2012/13,2012-12-30,Stadium Australia,2,15.4,Sydney Sixers,Sydney Thunder,DP Hughes,SNJ O'Keefe,SA Abbott,1,0,,,,,,,,,
571252,2012/13,2012-12-30,Stadium Australia,2,15.5,Sydney Sixers,Sydney Thunder,SNJ O'Keefe,DP Hughes,SA Abbott,1,0,,,,,,,,,
571252,2012/13,2012-12-30,Stadium Australia,2,15.6,Sydney Sixers,Sydney Thunder,DP Hughes,SNJ O'Keefe,SA Abbott,6,0,,,,,,,,,
571252,2012/13,2012-12-30,Stadium Australia,2,16.1,Sydney Sixers,Sydney Thunder,SNJ O'Keefe,DP Hughes,CP Tremain,1,0,,,,,,,,,
571252,2012/13,2012-12-30,Stadium Australia,2,16.2,Sydney Sixers,Sydney Thunder,DP Hughes,SNJ O'Keefe,CP Tremain,1,0,,,,,,,,,
571252,2012/13,2012-12-30,Stadium Australia,2,16.3,Sydney Sixers,Sydney Thunder,SNJ O'Keefe,DP Hughes,CP Tremain,1,0,,,,,,,,,
571252,2012/13,2012-12-30,Stadium Australia,2,16.4,Sydney Sixers,Sydney Thunder,DP Hughes,SNJ O'Keefe,CP Tremain,4,0,,,,,,,,,
571252,2012/13,2012-12-30,Stadium Australia,2,16.5,Sydney Sixers,Sydney Thunder,DP Hughes,SNJ O'Keefe,CP Tremain,6,0,,,,,,,,,
571252,2012/13,2012-12-30,Stadium Australia,2,16.6,Sydney Sixers,Sydney Thunder,DP Hughes,SNJ O'Keefe,CP Tremain,1,0,,,,,,,,,
571252,2012/13,2012-12-30,Stadium Australia,2,17.1,Sydney Sixers,Sydney Thunder,DP Hughes,SNJ O'Keefe,DP Nannes,0,0,,,,,,,,,
571252,2012/13,2012-12-30,Stadium Australia,2,17.2,Sydney Sixers,Sydney Thunder,DP Hughes,SNJ O'Keefe,DP Nannes,1,0,,,,,,,,,
571252,2012/13,2012-12-30,Stadium Australia,2,17.3,Sydney Sixers,Sydney Thunder,SNJ O'Keefe,DP Hughes,DP Nannes,0,0,,,,,,bowled,SNJ O'Keefe,,
571252,2012/13,2012-12-30,Stadium Australia,2,17.4,Sydney Sixers,Sydney Thunder,B Lee,DP Hughes,DP Nannes,1,0,,,,,,,,,
571252,2012/13,2012-12-30,Stadium Australia,2,17.5,Sydney Sixers,Sydney Thunder,DP Hughes,B Lee,DP Nannes,0,1,1,,,,,,,,
571252,2012/13,2012-12-30,Stadium Australia,2,17.6,Sydney Sixers,Sydney Thunder,DP Hughes,B Lee,DP Nannes,2,0,,,,,,,,,
571252,2012/13,2012-12-30,Stadium Australia,2,17.7,Sydney Sixers,Sydney Thunder,DP Hughes,B Lee,DP Nannes,2,0,,,,,,,,,
571252,2012/13,2012-12-30,Stadium Australia,2,18.1,Sydney Sixers,Sydney Thunder,B Lee,DP Hughes,SJ Coyte (2),2,0,,,,,,,,,
571252,2012/13,2012-12-30,Stadium Australia,2,18.2,Sydney Sixers,Sydney Thunder,B Lee,DP Hughes,SJ Coyte (2),0,0,,,,,,,,,
571252,2012/13,2012-12-30,Stadium Australia,2,18.3,Sydney Sixers,Sydney Thunder,B Lee,DP Hughes,SJ Coyte (2),1,0,,,,,,,,,
571252,2012/13,2012-12-30,Stadium Australia,2,18.4,Sydney Sixers,Sydney Thunder,DP Hughes,B Lee,SJ Coyte (2),1,0,,,,,,,,,
571252,2012/13,2012-12-30,Stadium Australia,2,18.5,Sydney Sixers,Sydney Thunder,B Lee,DP Hughes,SJ Coyte (2),4,0,,,,,,,,,
571252,2012/13,2012-12-30,Stadium Australia,2,18.6,Sydney Sixers,Sydney Thunder,B Lee,DP Hughes,SJ Coyte (2),4,0,,,,,,,,,
