match_id,season,start_date,venue,innings,ball,batting_team,bowling_team,striker,non_striker,bowler,runs_off_bat,extras,wides,noballs,byes,legbyes,penalty,wicket_type,player_dismissed,other_wicket_type,other_player_dismissed
571266,2012/13,2013-01-19,Western Australia Cricket Association Ground,1,0.1,Brisbane Heat,Perth Scorchers,LA Pomersbach,PJ Forrest,MA Beer,0,0,,,,,,,,,
571266,2012/13,2013-01-19,Western Australia Cricket Association Ground,1,0.2,Brisbane Heat,Perth Scorchers,LA Pomersbach,PJ Forrest,MA Beer,1,0,,,,,,,,,
571266,2012/13,2013-01-19,Western Australia Cricket Association Ground,1,0.3,Brisbane Heat,Perth Scorchers,PJ Forrest,LA Pomersbach,MA Beer,3,0,,,,,,,,,
571266,2012/13,2013-01-19,Western Australia Cricket Association Ground,1,0.4,Brisbane Heat,Perth Scorchers,LA Pomersbach,PJ Forrest,MA Beer,1,0,,,,,,,,,
571266,2012/13,2013-01-19,Western Australia Cricket Association Ground,1,0.5,Brisbane Heat,Perth Scorchers,PJ Forrest,LA Pomersbach,MA Beer,0,0,,,,,,,,,
571266,2012/13,2013-01-19,Western Australia Cricket Association Ground,1,0.6,Brisbane Heat,Perth Scorchers,PJ Forrest,LA Pomersbach,MA Beer,1,0,,,,,,,,,
571266,2012/13,2013-01-19,Western Australia Cricket Association Ground,1,1.1,Brisbane Heat,Perth Scorchers,PJ Forrest,LA Pomersbach,AC Thomas,0,0,,,,,,,,,
571266,2012/13,2013-01-19,Western Australia Cricket Association Ground,1,1.2,Brisbane Heat,Perth Scorchers,PJ Forrest,LA Pomersbach,AC Thomas,0,0,,,,,,,,,
571266,2012/13,2013-01-19,Western Australia Cricket Association Ground,1,1.3,Brisbane Heat,Perth Scorchers,PJ Forrest,LA Pomersbach,AC Thomas,4,0,,,,,,,,,
571266,2012/13,2013-01-19,Western Australia Cricket Association Ground,1,1.4,Brisbane Heat,Perth Scorchers,PJ Forrest,LA Pomersbach,AC Thomas,1,0,,,,,,,,,
571266,2012/13,2013-01-19,Western Australia Cricket Association Ground,1,1.5,Brisbane Heat,Perth Scorchers,LA Pomersbach,PJ Forrest,AC Thomas,0,0,,,,,,,,,
571266,2012/13,2013-01-19,Western Australia Cricket Association Ground,1,1.6,Brisbane Heat,Perth Scorchers,LA Pomersbach,PJ Forrest,AC Thomas,0,1,1,,,,,,,,
571266,2012/13,2013-01-19,Western Australia Cricket Association Ground,1,1.7,Brisbane Heat,Perth Scorchers,LA Pomersbach,PJ Forrest,AC Thomas,0,1,1,,,,,,,,
571266,2012/13,2013-01-19,Western Australia Cricket Association Ground,1,1.8,Brisbane Heat,Perth Scorchers,LA Pomersbach,PJ Forrest,AC Thomas,1,0,,,,,,,,,
571266,2012/13,2013-01-19,Western Australia Cricket Association Ground,1,2.1,Brisbane Heat,Perth Scorchers,LA Pomersbach,PJ Forrest,JP Behrendorff,1,0,,,,,,,,,
571266,2012/13,2013-01-19,Western Australia Cricket Association Ground,1,2.2,Brisbane Heat,Perth Scorchers,PJ Forrest,LA Pomersbach,JP Behrendorff,0,0,,,,,,,,,
571266,2012/13,2013-01-19,Western Australia Cricket Association Ground,1,2.3,Brisbane Heat,Perth Scorchers,PJ Forrest,LA Pomersbach,JP Behrendorff,1,0,,,,,,,,,
571266,2012/13,2013-01-19,Western Australia Cricket Association Ground,1,2.4,Brisbane Heat,Perth Scorchers,LA Pomersbach,PJ Forrest,JP Behrendorff,1,0,,,,,,,,,
571266,2012/13,2013-01-19,Western Australia Cricket Association Ground,1,2.5,Brisbane Heat,Perth Scorchers,PJ Forrest,LA Pomersbach,JP Behrendorff,0,0,,,,,,,,,
571266,2012/13,2013-01-19,Western Australia Cricket Association Ground,1,2.6,Brisbane Heat,Perth Scorchers,PJ Forrest,LA Pomersbach,JP Behrendorff,4,0,,,,,,,,,
571266,2012/13,2013-01-19,Western Australia Cricket Association Ground,1,3.1,Brisbane Heat,Perth Scorchers,LA Pomersbach,PJ Forrest,AC Thomas,0,0,,,,,,,,,
571266,2012/13,2013-01-19,Western Australia Cricket Association Ground,1,3.2,Brisbane Heat,Perth Scorchers,LA Pomersbach,PJ Forrest,AC Thomas,0,1,1,,,,,,,,
571266,2012/13,2013-01-19,Western Australia Cricket Association Ground,1,3.3,Brisbane Heat,Perth Scorchers,LA Pomersbach,PJ Forrest,AC Thomas,0,0,,,,,,,,,
571266,2012/13,2013-01-19,Western Australia Cricket Association Ground,1,3.4,Brisbane Heat,Perth Scorchers,LA Pomersbach,PJ Forrest,AC Thomas,1,0,,,,,,,,,
571266,2012/13,2013-01-19,Western Australia Cricket Association Ground,1,3.5,Brisbane Heat,Perth Scorchers,PJ Forrest,LA Pomersbach,AC Thomas,0,0,,,,,,,,,
571266,2012/13,2013-01-19,Western Australia Cricket Association Ground,1,3.6,Brisbane Heat,Perth Scorchers,PJ Forrest,LA Pomersbach,AC Thomas,2,0,,,,,,,,,
571266,2012/13,2013-01-19,Western Australia Cricket Association Ground,1,3.7,Brisbane Heat,Perth Scorchers,PJ Forrest,LA Pomersbach,AC Thomas,1,0,,,,,,,,,
571266,2012/13,2013-01-19,Western Australia Cricket Association Ground,1,4.1,Brisbane Heat,Perth Scorchers,PJ Forrest,LA Pomersbach,JP Behrendorff,0,0,,,,,,,,,
571266,2012/13,2013-01-19,Western Australia Cricket Association Ground,1,4.2,Brisbane Heat,Perth Scorchers,PJ Forrest,LA Pomersbach,JP Behrendorff,0,0,,,,,,caught,PJ Forrest,,
571266,2012/13,2013-01-19,Western Australia Cricket Association Ground,1,4.3,Brisbane Heat,Perth Scorchers,LA Pomersbach,JA Burns,JP Behrendorff,1,0,,,,,,,,,
571266,2012/13,2013-01-19,Western Australia Cricket Association Ground,1,4.4,Brisbane Heat,Perth Scorchers,JA Burns,LA Pomersbach,JP Behrendorff,1,0,,,,,,,,,
571266,2012/13,2013-01-19,Western Australia Cricket Association Ground,1,4.5,Brisbane Heat,Perth Scorchers,LA Pomersbach,JA Burns,JP Behrendorff,4,0,,,,,,,,,
571266,2012/13,2013-01-19,Western Australia Cricket Association Ground,1,4.6,Brisbane Heat,Perth Scorchers,LA Pomersbach,JA Burns,JP Behrendorff,1,0,,,,,,,,,
571266,2012/13,2013-01-19,Western Australia Cricket Association Ground,1,5.1,Brisbane Heat,Perth Scorchers,LA Pomersbach,JA Burns,NM Coulter-Nile,0,1,1,,,,,,,,
571266,2012/13,2013-01-19,Western Australia Cricket Association Ground,1,5.2,Brisbane Heat,Perth Scorchers,LA Pomersbach,JA Burns,NM Coulter-Nile,1,0,,,,,,,,,
571266,2012/13,2013-01-19,Western Australia Cricket Association Ground,1,5.3,Brisbane Heat,Perth Scorchers,JA Burns,LA Pomersbach,NM Coulter-Nile,0,0,,,,,,,,,
571266,2012/13,2013-01-19,Western Australia Cricket Association Ground,1,5.4,Brisbane Heat,Perth Scorchers,JA Burns,LA Pomersbach,NM Coulter-Nile,0,0,,,,,,,,,
571266,2012/13,2013-01-19,Western Australia Cricket Association Ground,1,5.5,Brisbane Heat,Perth Scorchers,JA Burns,LA Pomersbach,NM Coulter-Nile,2,0,,,,,,,,,
571266,2012/13,2013-01-19,Western Australia Cricket Association Ground,1,5.6,Brisbane Heat,Perth Scorchers,JA Burns,LA Pomersbach,NM Coulter-Nile,4,0,,,,,,,,,
571266,2012/13,2013-01-19,Western Australia Cricket Association Ground,1,5.7,Brisbane Heat,Perth Scorchers,JA Burns,LA Pomersbach,NM Coulter-Nile,0,0,,,,,,,,,
571266,2012/13,2013-01-19,Western Australia Cricket Association Ground,1,6.1,Brisbane Heat,Perth Scorchers,LA Pomersbach,JA Burns,MA Beer,0,1,1,,,,,,,,
571266,2012/13,2013-01-19,Western Australia Cricket Association Ground,1,6.2,Brisbane Heat,Perth Scorchers,LA Pomersbach,JA Burns,MA Beer,0,0,,,,,,,,,
571266,2012/13,2013-01-19,Western Australia Cricket Association Ground,1,6.3,Brisbane Heat,Perth Scorchers,LA Pomersbach,JA Burns,MA Beer,2,0,,,,,,,,,
571266,2012/13,2013-01-19,Western Australia Cricket Association Ground,1,6.4,Brisbane Heat,Perth Scorchers,LA Pomersbach,JA Burns,MA Beer,4,0,,,,,,,,,
571266,2012/13,2013-01-19,Western Australia Cricket Association Ground,1,6.5,Brisbane Heat,Perth Scorchers,LA Pomersbach,JA Burns,MA Beer,1,0,,,,,,,,,
571266,2012/13,2013-01-19,Western Australia Cricket Association Ground,1,6.6,Brisbane Heat,Perth Scorchers,JA Burns,LA Pomersbach,MA Beer,0,0,,,,,,,,,
571266,2012/13,2013-01-19,Western Australia Cricket Association Ground,1,6.7,Brisbane Heat,Perth Scorchers,JA Burns,LA Pomersbach,MA Beer,0,0,,,,,,,,,
571266,2012/13,2013-01-19,Western Australia Cricket Association Ground,1,7.1,Brisbane Heat,Perth Scorchers,LA Pomersbach,JA Burns,GB Hogg,0,0,,,,,,,,,
571266,2012/13,2013-01-19,Western Australia Cricket Association Ground,1,7.2,Brisbane Heat,Perth Scorchers,LA Pomersbach,JA Burns,GB Hogg,0,0,,,,,,,,,
571266,2012/13,2013-01-19,Western Australia Cricket Association Ground,1,7.3,Brisbane Heat,Perth Scorchers,LA Pomersbach,JA Burns,GB Hogg,1,0,,,,,,,,,
571266,2012/13,2013-01-19,Western Australia Cricket Association Ground,1,7.4,Brisbane Heat,Perth Scorchers,JA Burns,LA Pomersbach,GB Hogg,1,0,,,,,,,,,
571266,2012/13,2013-01-19,Western Australia Cricket Association Ground,1,7.5,Brisbane Heat,Perth Scorchers,LA Pomersbach,JA Burns,GB Hogg,1,0,,,,,,,,,
571266,2012/13,2013-01-19,Western Australia Cricket Association Ground,1,7.6,Brisbane Heat,Perth Scorchers,JA Burns,LA Pomersbach,GB Hogg,6,0,,,,,,,,,
571266,2012/13,2013-01-19,Western Australia Cricket Association Ground,1,8.1,Brisbane Heat,Perth Scorchers,LA Pomersbach,JA Burns,JP Behrendorff,1,0,,,,,,,,,
571266,2012/13,2013-01-19,Western Australia Cricket Association Ground,1,8.2,Brisbane Heat,Perth Scorchers,JA Burns,LA Pomersbach,JP Behrendorff,2,0,,,,,,,,,
571266,2012/13,2013-01-19,Western Australia Cricket Association Ground,1,8.3,Brisbane Heat,Perth Scorchers,JA Burns,LA Pomersbach,JP Behrendorff,1,0,,,,,,,,,
571266,2012/13,2013-01-19,Western Australia Cricket Association Ground,1,8.4,Brisbane Heat,Perth Scorchers,LA Pomersbach,JA Burns,JP Behrendorff,0,0,,,,,,,,,
571266,2012/13,2013-01-19,Western Australia Cricket Association Ground,1,8.5,Brisbane Heat,Perth Scorchers,LA Pomersbach,JA Burns,JP Behrendorff,6,0,,,,,,,,,
571266,2012/13,2013-01-19,Western Australia Cricket Association Ground,1,8.6,Brisbane Heat,Perth Scorchers,LA Pomersbach,JA Burns,JP Behrendorff,1,0,,,,,,,,,
571266,2012/13,2013-01-19,Western Australia Cricket Association Ground,1,9.1,Brisbane Heat,Perth Scorchers,LA Pomersbach,JA Burns,GB Hogg,1,0,,,,,,,,,
571266,2012/13,2013-01-19,Western Australia Cricket Association Ground,1,9.2,Brisbane Heat,Perth Scorchers,JA Burns,LA Pomersbach,GB Hogg,0,1,,,,1,,,,,
571266,2012/13,2013-01-19,Western Australia Cricket Association Ground,1,9.3,Brisbane Heat,Perth Scorchers,LA Pomersbach,JA Burns,GB Hogg,0,0,,,,,,,,,
571266,2012/13,2013-01-19,Western Australia Cricket Association Ground,1,9.4,Brisbane Heat,Perth Scorchers,LA Pomersbach,JA Burns,GB Hogg,1,0,,,,,,,,,
571266,2012/13,2013-01-19,Western Australia Cricket Association Ground,1,9.5,Brisbane Heat,Perth Scorchers,JA Burns,LA Pomersbach,GB Hogg,2,0,,,,,,,,,
571266,2012/13,2013-01-19,Western Australia Cricket Association Ground,1,9.6,Brisbane Heat,Perth Scorchers,JA Burns,LA Pomersbach,GB Hogg,1,0,,,,,,,,,
571266,2012/13,2013-01-19,Western Australia Cricket Association Ground,1,10.1,Brisbane Heat,Perth Scorchers,JA Burns,LA Pomersbach,MA Beer,0,0,,,,,,,,,
571266,2012/13,2013-01-19,Western Australia Cricket Association Ground,1,10.2,Brisbane Heat,Perth Scorchers,JA Burns,LA Pomersbach,MA Beer,1,0,,,,,,,,,
571266,2012/13,2013-01-19,Western Australia Cricket Association Ground,1,10.3,Brisbane Heat,Perth Scorchers,LA Pomersbach,JA Burns,MA Beer,2,0,,,,,,,,,
571266,2012/13,2013-01-19,Western Australia Cricket Association Ground,1,10.4,Brisbane Heat,Perth Scorchers,LA Pomersbach,JA Burns,MA Beer,1,0,,,,,,,,,
571266,2012/13,2013-01-19,Western Australia Cricket Association Ground,1,10.5,Brisbane Heat,Perth Scorchers,JA Burns,LA Pomersbach,MA Beer,1,0,,,,,,,,,
571266,2012/13,2013-01-19,Western Australia Cricket Association Ground,1,10.6,Brisbane Heat,Perth Scorchers,LA Pomersbach,JA Burns,MA Beer,1,0,,,,,,,,,
571266,2012/13,2013-01-19,Western Australia Cricket Association Ground,1,11.1,Brisbane Heat,Perth Scorchers,LA Pomersbach,JA Burns,GB Hogg,0,0,,,,,,,,,
571266,2012/13,2013-01-19,Western Australia Cricket Association Ground,1,11.2,Brisbane Heat,Perth Scorchers,LA Pomersbach,JA Burns,GB Hogg,0,0,,,,,,,,,
571266,2012/13,2013-01-19,Western Australia Cricket Association Ground,1,11.3,Brisbane Heat,Perth Scorchers,LA Pomersbach,JA Burns,GB Hogg,0,0,,,,,,,,,
571266,2012/13,2013-01-19,Western Australia Cricket Association Ground,1,11.4,Brisbane Heat,Perth Scorchers,LA Pomersbach,JA Burns,GB Hogg,0,0,,,,,,,,,
571266,2012/13,2013-01-19,Western Australia Cricket Association Ground,1,11.5,Brisbane Heat,Perth Scorchers,LA Pomersbach,JA Burns,GB Hogg,1,0,,,,,,,,,
571266,2012/13,2013-01-19,Western Australia Cricket Association Ground,1,11.6,Brisbane Heat,Perth Scorchers,JA Burns,LA Pomersbach,GB Hogg,0,0,,,,,,,,,
571266,2012/13,2013-01-19,Western Australia Cricket Association Ground,1,12.1,Brisbane Heat,Perth Scorchers,LA Pomersbach,JA Burns,JP Behrendorff,0,0,,,,,,caught,LA Pomersbach,,
571266,2012/13,2013-01-19,Western Australia Cricket Association Ground,1,12.2,Brisbane Heat,Perth Scorchers,JA Burns,DT Christian,JP Behrendorff,4,0,,,,,,,,,
571266,2012/13,2013-01-19,Western Australia Cricket Association Ground,1,12.3,Brisbane Heat,Perth Scorchers,JA Burns,DT Christian,JP Behrendorff,1,0,,,,,,,,,
571266,2012/13,2013-01-19,Western Australia Cricket Association Ground,1,12.4,Brisbane Heat,Perth Scorchers,DT Christian,JA Burns,JP Behrendorff,1,0,,,,,,,,,
571266,2012/13,2013-01-19,Western Australia Cricket Association Ground,1,12.5,Brisbane Heat,Perth Scorchers,JA Burns,DT Christian,JP Behrendorff,4,1,,1,,,,,,,
571266,2012/13,2013-01-19,Western Australia Cricket Association Ground,1,12.6,Brisbane Heat,Perth Scorchers,JA Burns,DT Christian,JP Behrendorff,1,0,,,,,,,,,
571266,2012/13,2013-01-19,Western Australia Cricket Association Ground,1,12.7,Brisbane Heat,Perth Scorchers,DT Christian,JA Burns,JP Behrendorff,1,0,,,,,,,,,
571266,2012/13,2013-01-19,Western Australia Cricket Association Ground,1,13.1,Brisbane Heat,Perth Scorchers,DT Christian,JA Burns,NM Coulter-Nile,0,1,,,,1,,,,,
571266,2012/13,2013-01-19,Western Australia Cricket Association Ground,1,13.2,Brisbane Heat,Perth Scorchers,JA Burns,DT Christian,NM Coulter-Nile,4,0,,,,,,,,,
571266,2012/13,2013-01-19,Western Australia Cricket Association Ground,1,13.3,Brisbane Heat,Perth Scorchers,JA Burns,DT Christian,NM Coulter-Nile,6,0,,,,,,,,,
571266,2012/13,2013-01-19,Western Australia Cricket Association Ground,1,13.4,Brisbane Heat,Perth Scorchers,JA Burns,DT Christian,NM Coulter-Nile,1,0,,,,,,,,,
571266,2012/13,2013-01-19,Western Australia Cricket Association Ground,1,13.5,Brisbane Heat,Perth Scorchers,DT Christian,JA Burns,NM Coulter-Nile,2,0,,,,,,,,,
571266,2012/13,2013-01-19,Western Australia Cricket Association Ground,1,13.6,Brisbane Heat,Perth Scorchers,DT Christian,JA Burns,NM Coulter-Nile,4,0,,,,,,,,,
571266,2012/13,2013-01-19,Western Australia Cricket Association Ground,1,14.1,Brisbane Heat,Perth Scorchers,JA Burns,DT Christian,MA Beer,0,0,,,,,,caught,JA Burns,,
571266,2012/13,2013-01-19,Western Australia Cricket Association Ground,1,14.2,Brisbane Heat,Perth Scorchers,DT Christian,CA Lynn,MA Beer,1,0,,,,,,,,,
571266,2012/13,2013-01-19,Western Australia Cricket Association Ground,1,14.3,Brisbane Heat,Perth Scorchers,CA Lynn,DT Christian,MA Beer,2,0,,,,,,,,,
571266,2012/13,2013-01-19,Western Australia Cricket Association Ground,1,14.4,Brisbane Heat,Perth Scorchers,CA Lynn,DT Christian,MA Beer,1,0,,,,,,,,,
571266,2012/13,2013-01-19,Western Australia Cricket Association Ground,1,14.5,Brisbane Heat,Perth Scorchers,DT Christian,CA Lynn,MA Beer,1,0,,,,,,,,,
571266,2012/13,2013-01-19,Western Australia Cricket Association Ground,1,14.6,Brisbane Heat,Perth Scorchers,CA Lynn,DT Christian,MA Beer,1,0,,,,,,,,,
571266,2012/13,2013-01-19,Western Australia Cricket Association Ground,1,15.1,Brisbane Heat,Perth Scorchers,CA Lynn,DT Christian,GB Hogg,1,0,,,,,,,,,
571266,2012/13,2013-01-19,Western Australia Cricket Association Ground,1,15.2,Brisbane Heat,Perth Scorchers,DT Christian,CA Lynn,GB Hogg,1,0,,,,,,,,,
571266,2012/13,2013-01-19,Western Australia Cricket Association Ground,1,15.3,Brisbane Heat,Perth Scorchers,CA Lynn,DT Christian,GB Hogg,0,0,,,,,,caught,CA Lynn,,
571266,2012/13,2013-01-19,Western Australia Cricket Association Ground,1,15.4,Brisbane Heat,Perth Scorchers,DT Christian,BCJ Cutting,GB Hogg,0,0,,,,,,,,,
571266,2012/13,2013-01-19,Western Australia Cricket Association Ground,1,15.5,Brisbane Heat,Perth Scorchers,DT Christian,BCJ Cutting,GB Hogg,1,0,,,,,,,,,
571266,2012/13,2013-01-19,Western Australia Cricket Association Ground,1,15.6,Brisbane Heat,Perth Scorchers,BCJ Cutting,DT Christian,GB Hogg,1,0,,,,,,,,,
571266,2012/13,2013-01-19,Western Australia Cricket Association Ground,1,16.1,Brisbane Heat,Perth Scorchers,BCJ Cutting,DT Christian,NM Coulter-Nile,1,0,,,,,,,,,
571266,2012/13,2013-01-19,Western Australia Cricket Association Ground,1,16.2,Brisbane Heat,Perth Scorchers,DT Christian,BCJ Cutting,NM Coulter-Nile,0,0,,,,,,,,,
571266,2012/13,2013-01-19,Western Australia Cricket Association Ground,1,16.3,Brisbane Heat,Perth Scorchers,DT Christian,BCJ Cutting,NM Coulter-Nile,1,0,,,,,,,,,
571266,2012/13,2013-01-19,Western Australia Cricket Association Ground,1,16.4,Brisbane Heat,Perth Scorchers,BCJ Cutting,DT Christian,NM Coulter-Nile,0,1,1,,,,,,,,
571266,2012/13,2013-01-19,Western Australia Cricket Association Ground,1,16.5,Brisbane Heat,Perth Scorchers,BCJ Cutting,DT Christian,NM Coulter-Nile,0,0,,,,,,,,,
571266,2012/13,2013-01-19,Western Australia Cricket Association Ground,1,16.6,Brisbane Heat,Perth Scorchers,BCJ Cutting,DT Christian,NM Coulter-Nile,0,1,1,,,,,,,,
571266,2012/13,2013-01-19,Western Australia Cricket Association Ground,1,16.7,Brisbane Heat,Perth Scorchers,BCJ Cutting,DT Christian,NM Coulter-Nile,1,0,,,,,,,,,
571266,2012/13,2013-01-19,Western Australia Cricket Association Ground,1,16.8,Brisbane Heat,Perth Scorchers,DT Christian,BCJ Cutting,NM Coulter-Nile,6,0,,,,,,,,,
571266,2012/13,2013-01-19,Western Australia Cricket Association Ground,1,17.1,Brisbane Heat,Perth Scorchers,BCJ Cutting,DT Christian,AC Thomas,2,0,,,,,,,,,
571266,2012/13,2013-01-19,Western Australia Cricket Association Ground,1,17.2,Brisbane Heat,Perth Scorchers,BCJ Cutting,DT Christian,AC Thomas,1,0,,,,,,,,,
571266,2012/13,2013-01-19,Western Australia Cricket Association Ground,1,17.3,Brisbane Heat,Perth Scorchers,DT Christian,BCJ Cutting,AC Thomas,0,2,,,,2,,,,,
571266,2012/13,2013-01-19,Western Australia Cricket Association Ground,1,17.4,Brisbane Heat,Perth Scorchers,DT Christian,BCJ Cutting,AC Thomas,4,0,,,,,,,,,
571266,2012/13,2013-01-19,Western Australia Cricket Association Ground,1,17.5,Brisbane Heat,Perth Scorchers,DT Christian,BCJ Cutting,AC Thomas,4,0,,,,,,,,,
571266,2012/13,2013-01-19,Western Australia Cricket Association Ground,1,17.6,Brisbane Heat,Perth Scorchers,DT Christian,BCJ Cutting,AC Thomas,2,0,,,,,,,,,
571266,2012/13,2013-01-19,Western Australia Cricket Association Ground,1,18.1,Brisbane Heat,Perth Scorchers,BCJ Cutting,DT Christian,NM Coulter-Nile,1,0,,,,,,,,,
571266,2012/13,2013-01-19,Western Australia Cricket Association Ground,1,18.2,Brisbane Heat,Perth Scorchers,DT Christian,BCJ Cutting,NM Coulter-Nile,4,0,,,,,,,,,
571266,2012/13,2013-01-19,Western Australia Cricket Association Ground,1,18.3,Brisbane Heat,Perth Scorchers,DT Christian,BCJ Cutting,NM Coulter-Nile,0,0,,,,,,,,,
571266,2012/13,2013-01-19,Western Australia Cricket Association Ground,1,18.4,Brisbane Heat,Perth Scorchers,DT Christian,BCJ Cutting,NM Coulter-Nile,4,0,,,,,,,,,
571266,2012/13,2013-01-19,Western Australia Cricket Association Ground,1,18.5,Brisbane Heat,Perth Scorchers,DT Christian,BCJ Cutting,NM Coulter-Nile,0,0,,,,,,bowled,DT Christian,,
571266,2012/13,2013-01-19,Western Australia Cricket Association Ground,1,18.6,Brisbane Heat,Perth Scorchers,CD Hartley,BCJ Cutting,NM Coulter-Nile,1,0,,,,,,,,,
571266,2012/13,2013-01-19,Western Australia Cricket Association Ground,1,19.1,Brisbane Heat,Perth Scorchers,CD Hartley,BCJ Cutting,AC Thomas,0,0,,,,,,,,,
571266,2012/13,2013-01-19,Western Australia Cricket Association Ground,1,19.2,Brisbane Heat,Perth Scorchers,CD Hartley,BCJ Cutting,AC Thomas,1,0,,,,,,,,,
571266,2012/13,2013-01-19,Western Australia Cricket Association Ground,1,19.3,Brisbane Heat,Perth Scorchers,BCJ Cutting,CD Hartley,AC Thomas,0,1,,,,1,,,,,
571266,2012/13,2013-01-19,Western Australia Cricket Association Ground,1,19.4,Brisbane Heat,Perth Scorchers,CD Hartley,BCJ Cutting,AC Thomas,4,0,,,,,,,,,
571266,2012/13,2013-01-19,Western Australia Cricket Association Ground,1,19.5,Brisbane Heat,Perth Scorchers,CD Hartley,BCJ Cutting,AC Thomas,1,0,,,,,,,,,
571266,2012/13,2013-01-19,Western Australia Cricket Association Ground,1,19.6,Brisbane Heat,Perth Scorchers,BCJ Cutting,CD Hartley,AC Thomas,0,1,,,,1,,,,,
571266,2012/13,2013-01-19,Western Australia Cricket Association Ground,2,0.1,Perth Scorchers,Brisbane Heat,MP Stoinis,SE Marsh,NM Hauritz,0,0,,,,,,,,,
571266,2012/13,2013-01-19,Western Australia Cricket Association Ground,2,0.2,Perth Scorchers,Brisbane Heat,MP Stoinis,SE Marsh,NM Hauritz,0,1,,,,1,,,,,
571266,2012/13,2013-01-19,Western Australia Cricket Association Ground,2,0.3,Perth Scorchers,Brisbane Heat,SE Marsh,MP Stoinis,NM Hauritz,0,0,,,,,,,,,
571266,2012/13,2013-01-19,Western Australia Cricket Association Ground,2,0.4,Perth Scorchers,Brisbane Heat,SE Marsh,MP Stoinis,NM Hauritz,0,0,,,,,,,,,
571266,2012/13,2013-01-19,Western Australia Cricket Association Ground,2,0.5,Perth Scorchers,Brisbane Heat,SE Marsh,MP Stoinis,NM Hauritz,0,0,,,,,,,,,
571266,2012/13,2013-01-19,Western Australia Cricket Association Ground,2,0.6,Perth Scorchers,Brisbane Heat,SE Marsh,MP Stoinis,NM Hauritz,1,0,,,,,,,,,
571266,2012/13,2013-01-19,Western Australia Cricket Association Ground,2,1.1,Perth Scorchers,Brisbane Heat,SE Marsh,MP Stoinis,KAJ Roach,0,1,,,,1,,,,,
571266,2012/13,2013-01-19,Western Australia Cricket Association Ground,2,1.2,Perth Scorchers,Brisbane Heat,MP Stoinis,SE Marsh,KAJ Roach,1,0,,,,,,,,,
571266,2012/13,2013-01-19,Western Australia Cricket Association Ground,2,1.3,Perth Scorchers,Brisbane Heat,SE Marsh,MP Stoinis,KAJ Roach,0,0,,,,,,,,,
571266,2012/13,2013-01-19,Western Australia Cricket Association Ground,2,1.4,Perth Scorchers,Brisbane Heat,SE Marsh,MP Stoinis,KAJ Roach,0,1,,,,1,,,,,
571266,2012/13,2013-01-19,Western Australia Cricket Association Ground,2,1.5,Perth Scorchers,Brisbane Heat,MP Stoinis,SE Marsh,KAJ Roach,0,0,,,,,,caught,MP Stoinis,,
571266,2012/13,2013-01-19,Western Australia Cricket Association Ground,2,1.6,Perth Scorchers,Brisbane Heat,SE Marsh,MJ North,KAJ Roach,4,0,,,,,,,,,
571266,2012/13,2013-01-19,Western Australia Cricket Association Ground,2,2.1,Perth Scorchers,Brisbane Heat,MJ North,SE Marsh,NM Hauritz,0,0,,,,,,,,,
571266,2012/13,2013-01-19,Western Australia Cricket Association Ground,2,2.2,Perth Scorchers,Brisbane Heat,MJ North,SE Marsh,NM Hauritz,0,0,,,,,,,,,
571266,2012/13,2013-01-19,Western Australia Cricket Association Ground,2,2.3,Perth Scorchers,Brisbane Heat,MJ North,SE Marsh,NM Hauritz,1,0,,,,,,,,,
571266,2012/13,2013-01-19,Western Australia Cricket Association Ground,2,2.4,Perth Scorchers,Brisbane Heat,SE Marsh,MJ North,NM Hauritz,0,0,,,,,,,,,
571266,2012/13,2013-01-19,Western Australia Cricket Association Ground,2,2.5,Perth Scorchers,Brisbane Heat,SE Marsh,MJ North,NM Hauritz,1,0,,,,,,,,,
571266,2012/13,2013-01-19,Western Australia Cricket Association Ground,2,2.6,Perth Scorchers,Brisbane Heat,MJ North,SE Marsh,NM Hauritz,1,0,,,,,,,,,
571266,2012/13,2013-01-19,Western Australia Cricket Association Ground,2,3.1,Perth Scorchers,Brisbane Heat,MJ North,SE Marsh,KAJ Roach,0,0,,,,,,,,,
571266,2012/13,2013-01-19,Western Australia Cricket Association Ground,2,3.2,Perth Scorchers,Brisbane Heat,MJ North,SE Marsh,KAJ Roach,1,0,,,,,,,,,
571266,2012/13,2013-01-19,Western Australia Cricket Association Ground,2,3.3,Perth Scorchers,Brisbane Heat,SE Marsh,MJ North,KAJ Roach,0,0,,,,,,,,,
571266,2012/13,2013-01-19,Western Australia Cricket Association Ground,2,3.4,Perth Scorchers,Brisbane Heat,SE Marsh,MJ North,KAJ Roach,1,0,,,,,,,,,
571266,2012/13,2013-01-19,Western Australia Cricket Association Ground,2,3.5,Perth Scorchers,Brisbane Heat,MJ North,SE Marsh,KAJ Roach,0,0,,,,,,,,,
571266,2012/13,2013-01-19,Western Australia Cricket Association Ground,2,3.6,Perth Scorchers,Brisbane Heat,MJ North,SE Marsh,KAJ Roach,0,0,,,,,,,,,
571266,2012/13,2013-01-19,Western Australia Cricket Association Ground,2,4.1,Perth Scorchers,Brisbane Heat,SE Marsh,MJ North,AC McDermott,0,0,,,,,,,,,
571266,2012/13,2013-01-19,Western Australia Cricket Association Ground,2,4.2,Perth Scorchers,Brisbane Heat,SE Marsh,MJ North,AC McDermott,1,0,,,,,,,,,
571266,2012/13,2013-01-19,Western Australia Cricket Association Ground,2,4.3,Perth Scorchers,Brisbane Heat,MJ North,SE Marsh,AC McDermott,1,0,,,,,,,,,
571266,2012/13,2013-01-19,Western Australia Cricket Association Ground,2,4.4,Perth Scorchers,Brisbane Heat,SE Marsh,MJ North,AC McDermott,0,0,,,,,,,,,
571266,2012/13,2013-01-19,Western Australia Cricket Association Ground,2,4.5,Perth Scorchers,Brisbane Heat,SE Marsh,MJ North,AC McDermott,0,0,,,,,,,,,
571266,2012/13,2013-01-19,Western Australia Cricket Association Ground,2,4.6,Perth Scorchers,Brisbane Heat,SE Marsh,MJ North,AC McDermott,0,1,,,,1,,,,,
571266,2012/13,2013-01-19,Western Australia Cricket Association Ground,2,5.1,Perth Scorchers,Brisbane Heat,SE Marsh,MJ North,BCJ Cutting,0,0,,,,,,,,,
571266,2012/13,2013-01-19,Western Australia Cricket Association Ground,2,5.2,Perth Scorchers,Brisbane Heat,SE Marsh,MJ North,BCJ Cutting,4,0,,,,,,,,,
571266,2012/13,2013-01-19,Western Australia Cricket Association Ground,2,5.3,Perth Scorchers,Brisbane Heat,SE Marsh,MJ North,BCJ Cutting,1,0,,,,,,,,,
571266,2012/13,2013-01-19,Western Australia Cricket Association Ground,2,5.4,Perth Scorchers,Brisbane Heat,MJ North,SE Marsh,BCJ Cutting,2,0,,,,,,,,,
571266,2012/13,2013-01-19,Western Australia Cricket Association Ground,2,5.5,Perth Scorchers,Brisbane Heat,MJ North,SE Marsh,BCJ Cutting,2,0,,,,,,,,,
571266,2012/13,2013-01-19,Western Australia Cricket Association Ground,2,5.6,Perth Scorchers,Brisbane Heat,MJ North,SE Marsh,BCJ Cutting,4,0,,,,,,,,,
571266,2012/13,2013-01-19,Western Australia Cricket Association Ground,2,6.1,Perth Scorchers,Brisbane Heat,SE Marsh,MJ North,AC McDermott,1,0,,,,,,,,,
571266,2012/13,2013-01-19,Western Australia Cricket Association Ground,2,6.2,Perth Scorchers,Brisbane Heat,MJ North,SE Marsh,AC McDermott,0,1,,,,1,,,,,
571266,2012/13,2013-01-19,Western Australia Cricket Association Ground,2,6.3,Perth Scorchers,Brisbane Heat,SE Marsh,MJ North,AC McDermott,1,0,,,,,,,,,
571266,2012/13,2013-01-19,Western Australia Cricket Association Ground,2,6.4,Perth Scorchers,Brisbane Heat,MJ North,SE Marsh,AC McDermott,1,0,,,,,,,,,
571266,2012/13,2013-01-19,Western Australia Cricket Association Ground,2,6.5,Perth Scorchers,Brisbane Heat,SE Marsh,MJ North,AC McDermott,1,0,,,,,,,,,
571266,2012/13,2013-01-19,Western Australia Cricket Association Ground,2,6.6,Perth Scorchers,Brisbane Heat,MJ North,SE Marsh,AC McDermott,1,0,,,,,,,,,
571266,2012/13,2013-01-19,Western Australia Cricket Association Ground,2,7.1,Perth Scorchers,Brisbane Heat,MJ North,SE Marsh,BCJ Cutting,1,0,,,,,,,,,
571266,2012/13,2013-01-19,Western Australia Cricket Association Ground,2,7.2,Perth Scorchers,Brisbane Heat,SE Marsh,MJ North,BCJ Cutting,0,1,1,,,,,,,,
571266,2012/13,2013-01-19,Western Australia Cricket Association Ground,2,7.3,Perth Scorchers,Brisbane Heat,SE Marsh,MJ North,BCJ Cutting,0,0,,,,,,caught,SE Marsh,,
571266,2012/13,2013-01-19,Western Australia Cricket Association Ground,2,7.4,Perth Scorchers,Brisbane Heat,AC Voges,MJ North,BCJ Cutting,0,0,,,,,,,,,
571266,2012/13,2013-01-19,Western Australia Cricket Association Ground,2,7.5,Perth Scorchers,Brisbane Heat,AC Voges,MJ North,BCJ Cutting,4,0,,,,,,,,,
571266,2012/13,2013-01-19,Western Australia Cricket Association Ground,2,7.6,Perth Scorchers,Brisbane Heat,AC Voges,MJ North,BCJ Cutting,1,0,,,,,,,,,
571266,2012/13,2013-01-19,Western Australia Cricket Association Ground,2,7.7,Perth Scorchers,Brisbane Heat,MJ North,AC Voges,BCJ Cutting,1,0,,,,,,,,,
571266,2012/13,2013-01-19,Western Australia Cricket Association Ground,2,8.1,Perth Scorchers,Brisbane Heat,MJ North,AC Voges,NM Hauritz,1,0,,,,,,,,,
571266,2012/13,2013-01-19,Western Australia Cricket Association Ground,2,8.2,Perth Scorchers,Brisbane Heat,AC Voges,MJ North,NM Hauritz,2,0,,,,,,,,,
571266,2012/13,2013-01-19,Western Australia Cricket Association Ground,2,8.3,Perth Scorchers,Brisbane Heat,AC Voges,MJ North,NM Hauritz,1,0,,,,,,,,,
571266,2012/13,2013-01-19,Western Australia Cricket Association Ground,2,8.4,Perth Scorchers,Brisbane Heat,MJ North,AC Voges,NM Hauritz,0,0,,,,,,,,,
571266,2012/13,2013-01-19,Western Australia Cricket Association Ground,2,8.5,Perth Scorchers,Brisbane Heat,MJ North,AC Voges,NM Hauritz,0,1,1,,,,,,,,
571266,2012/13,2013-01-19,Western Australia Cricket Association Ground,2,8.6,Perth Scorchers,Brisbane Heat,MJ North,AC Voges,NM Hauritz,1,0,,,,,,,,,
571266,2012/13,2013-01-19,Western Australia Cricket Association Ground,2,8.7,Perth Scorchers,Brisbane Heat,AC Voges,MJ North,NM Hauritz,1,0,,,,,,,,,
571266,2012/13,2013-01-19,Western Australia Cricket Association Ground,2,9.1,Perth Scorchers,Brisbane Heat,AC Voges,MJ North,DT Christian,4,0,,,,,,,,,
571266,2012/13,2013-01-19,Western Australia Cricket Association Ground,2,9.2,Perth Scorchers,Brisbane Heat,AC Voges,MJ North,DT Christian,4,0,,,,,,,,,
571266,2012/13,2013-01-19,Western Australia Cricket Association Ground,2,9.3,Perth Scorchers,Brisbane Heat,AC Voges,MJ North,DT Christian,1,0,,,,,,,,,
571266,2012/13,2013-01-19,Western Australia Cricket Association Ground,2,9.4,Perth Scorchers,Brisbane Heat,MJ North,AC Voges,DT Christian,6,0,,,,,,,,,
571266,2012/13,2013-01-19,Western Australia Cricket Association Ground,2,9.5,Perth Scorchers,Brisbane Heat,MJ North,AC Voges,DT Christian,0,0,,,,,,,,,
571266,2012/13,2013-01-19,Western Australia Cricket Association Ground,2,9.6,Perth Scorchers,Brisbane Heat,MJ North,AC Voges,DT Christian,0,0,,,,,,caught,MJ North,,
571266,2012/13,2013-01-19,Western Australia Cricket Association Ground,2,10.1,Perth Scorchers,Brisbane Heat,NM Coulter-Nile,AC Voges,KAJ Roach,0,1,1,,,,,,,,
571266,2012/13,2013-01-19,Western Australia Cricket Association Ground,2,10.2,Perth Scorchers,Brisbane Heat,NM Coulter-Nile,AC Voges,KAJ Roach,0,0,,,,,,,,,
571266,2012/13,2013-01-19,Western Australia Cricket Association Ground,2,10.3,Perth Scorchers,Brisbane Heat,NM Coulter-Nile,AC Voges,KAJ Roach,1,0,,,,,,,,,
571266,2012/13,2013-01-19,Western Australia Cricket Association Ground,2,10.4,Perth Scorchers,Brisbane Heat,AC Voges,NM Coulter-Nile,KAJ Roach,1,0,,,,,,,,,
571266,2012/13,2013-01-19,Western Australia Cricket Association Ground,2,10.5,Perth Scorchers,Brisbane Heat,NM Coulter-Nile,AC Voges,KAJ Roach,1,1,,1,,,,,,,
571266,2012/13,2013-01-19,Western Australia Cricket Association Ground,2,10.6,Perth Scorchers,Brisbane Heat,AC Voges,NM Coulter-Nile,KAJ Roach,1,0,,,,,,,,,
571266,2012/13,2013-01-19,Western Australia Cricket Association Ground,2,10.7,Perth Scorchers,Brisbane Heat,NM Coulter-Nile,AC Voges,KAJ Roach,2,0,,,,,,,,,
571266,2012/13,2013-01-19,Western Australia Cricket Association Ground,2,10.8,Perth Scorchers,Brisbane Heat,NM Coulter-Nile,AC Voges,KAJ Roach,0,0,,,,,,,,,
571266,2012/13,2013-01-19,Western Australia Cricket Association Ground,2,11.1,Perth Scorchers,Brisbane Heat,AC Voges,NM Coulter-Nile,CA Lynn,2,0,,,,,,,,,
571266,2012/13,2013-01-19,Western Australia Cricket Association Ground,2,11.2,Perth Scorchers,Brisbane Heat,AC Voges,NM Coulter-Nile,CA Lynn,0,0,,,,,,,,,
571266,2012/13,2013-01-19,Western Australia Cricket Association Ground,2,11.3,Perth Scorchers,Brisbane Heat,AC Voges,NM Coulter-Nile,CA Lynn,1,0,,,,,,,,,
571266,2012/13,2013-01-19,Western Australia Cricket Association Ground,2,11.4,Perth Scorchers,Brisbane Heat,NM Coulter-Nile,AC Voges,CA Lynn,2,0,,,,,,,,,
571266,2012/13,2013-01-19,Western Australia Cricket Association Ground,2,11.5,Perth Scorchers,Brisbane Heat,NM Coulter-Nile,AC Voges,CA Lynn,1,0,,,,,,,,,
571266,2012/13,2013-01-19,Western Australia Cricket Association Ground,2,11.6,Perth Scorchers,Brisbane Heat,AC Voges,NM Coulter-Nile,CA Lynn,1,0,,,,,,,,,
571266,2012/13,2013-01-19,Western Australia Cricket Association Ground,2,12.1,Perth Scorchers,Brisbane Heat,AC Voges,NM Coulter-Nile,BCJ Cutting,1,0,,,,,,,,,
571266,2012/13,2013-01-19,Western Australia Cricket Association Ground,2,12.2,Perth Scorchers,Brisbane Heat,NM Coulter-Nile,AC Voges,BCJ Cutting,1,0,,,,,,,,,
571266,2012/13,2013-01-19,Western Australia Cricket Association Ground,2,12.3,Perth Scorchers,Brisbane Heat,AC Voges,NM Coulter-Nile,BCJ Cutting,2,0,,,,,,,,,
571266,2012/13,2013-01-19,Western Australia Cricket Association Ground,2,12.4,Perth Scorchers,Brisbane Heat,AC Voges,NM Coulter-Nile,BCJ Cutting,2,0,,,,,,,,,
571266,2012/13,2013-01-19,Western Australia Cricket Association Ground,2,12.5,Perth Scorchers,Brisbane Heat,AC Voges,NM Coulter-Nile,BCJ Cutting,1,0,,,,,,,,,
571266,2012/13,2013-01-19,Western Australia Cricket Association Ground,2,12.6,Perth Scorchers,Brisbane Heat,NM Coulter-Nile,AC Voges,BCJ Cutting,1,0,,,,,,,,,
571266,2012/13,2013-01-19,Western Australia Cricket Association Ground,2,13.1,Perth Scorchers,Brisbane Heat,NM Coulter-Nile,AC Voges,CA Lynn,1,0,,,,,,,,,
571266,2012/13,2013-01-19,Western Australia Cricket Association Ground,2,13.2,Perth Scorchers,Brisbane Heat,AC Voges,NM Coulter-Nile,CA Lynn,1,0,,,,,,,,,
571266,2012/13,2013-01-19,Western Australia Cricket Association Ground,2,13.3,Perth Scorchers,Brisbane Heat,NM Coulter-Nile,AC Voges,CA Lynn,0,0,,,,,,,,,
571266,2012/13,2013-01-19,Western Australia Cricket Association Ground,2,13.4,Perth Scorchers,Brisbane Heat,NM Coulter-Nile,AC Voges,CA Lynn,6,0,,,,,,,,,
571266,2012/13,2013-01-19,Western Australia Cricket Association Ground,2,13.5,Perth Scorchers,Brisbane Heat,NM Coulter-Nile,AC Voges,CA Lynn,0,0,,,,,,caught,NM Coulter-Nile,,
571266,2012/13,2013-01-19,Western Australia Cricket Association Ground,2,13.6,Perth Scorchers,Brisbane Heat,AC Voges,MEK Hussey,CA Lynn,2,0,,,,,,,,,
571266,2012/13,2013-01-19,Western Australia Cricket Association Ground,2,14.1,Perth Scorchers,Brisbane Heat,MEK Hussey,AC Voges,DT Christian,0,0,,,,,,,,,
571266,2012/13,2013-01-19,Western Australia Cricket Association Ground,2,14.2,Perth Scorchers,Brisbane Heat,MEK Hussey,AC Voges,DT Christian,4,0,,,,,,,,,
571266,2012/13,2013-01-19,Western Australia Cricket Association Ground,2,14.3,Perth Scorchers,Brisbane Heat,MEK Hussey,AC Voges,DT Christian,1,0,,,,,,,,,
571266,2012/13,2013-01-19,Western Australia Cricket Association Ground,2,14.4,Perth Scorchers,Brisbane Heat,AC Voges,MEK Hussey,DT Christian,1,0,,,,,,,,,
571266,2012/13,2013-01-19,Western Australia Cricket Association Ground,2,14.5,Perth Scorchers,Brisbane Heat,MEK Hussey,AC Voges,DT Christian,1,0,,,,,,,,,
571266,2012/13,2013-01-19,Western Australia Cricket Association Ground,2,14.6,Perth Scorchers,Brisbane Heat,AC Voges,MEK Hussey,DT Christian,2,0,,,,,,,,,
571266,2012/13,2013-01-19,Western Australia Cricket Association Ground,2,15.1,Perth Scorchers,Brisbane Heat,MEK Hussey,AC Voges,CA Lynn,1,0,,,,,,,,,
571266,2012/13,2013-01-19,Western Australia Cricket Association Ground,2,15.2,Perth Scorchers,Brisbane Heat,AC Voges,MEK Hussey,CA Lynn,1,0,,,,,,,,,
571266,2012/13,2013-01-19,Western Australia Cricket Association Ground,2,15.3,Perth Scorchers,Brisbane Heat,MEK Hussey,AC Voges,CA Lynn,0,0,,,,,,,,,
571266,2012/13,2013-01-19,Western Australia Cricket Association Ground,2,15.4,Perth Scorchers,Brisbane Heat,MEK Hussey,AC Voges,CA Lynn,2,0,,,,,,,,,
571266,2012/13,2013-01-19,Western Australia Cricket Association Ground,2,15.5,Perth Scorchers,Brisbane Heat,MEK Hussey,AC Voges,CA Lynn,1,0,,,,,,,,,
571266,2012/13,2013-01-19,Western Australia Cricket Association Ground,2,15.6,Perth Scorchers,Brisbane Heat,AC Voges,MEK Hussey,CA Lynn,1,0,,,,,,,,,
571266,2012/13,2013-01-19,Western Australia Cricket Association Ground,2,16.1,Perth Scorchers,Brisbane Heat,AC Voges,MEK Hussey,AC McDermott,0,0,,,,,,,,,
571266,2012/13,2013-01-19,Western Australia Cricket Association Ground,2,16.2,Perth Scorchers,Brisbane Heat,AC Voges,MEK Hussey,AC McDermott,4,0,,,,,,,,,
571266,2012/13,2013-01-19,Western Australia Cricket Association Ground,2,16.3,Perth Scorchers,Brisbane Heat,AC Voges,MEK Hussey,AC McDermott,2,0,,,,,,,,,
571266,2012/13,2013-01-19,Western Australia Cricket Association Ground,2,16.4,Perth Scorchers,Brisbane Heat,AC Voges,MEK Hussey,AC McDermott,2,0,,,,,,,,,
571266,2012/13,2013-01-19,Western Australia Cricket Association Ground,2,16.5,Perth Scorchers,Brisbane Heat,AC Voges,MEK Hussey,AC McDermott,0,1,1,,,,,,,,
571266,2012/13,2013-01-19,Western Australia Cricket Association Ground,2,16.6,Perth Scorchers,Brisbane Heat,AC Voges,MEK Hussey,AC McDermott,1,0,,,,,,,,,
571266,2012/13,2013-01-19,Western Australia Cricket Association Ground,2,16.7,Perth Scorchers,Brisbane Heat,MEK Hussey,AC Voges,AC McDermott,0,0,,,,,,caught,MEK Hussey,,
571266,2012/13,2013-01-19,Western Australia Cricket Association Ground,2,17.1,Perth Scorchers,Brisbane Heat,SM Katich,AC Voges,KAJ Roach,0,0,,,,,,,,,
571266,2012/13,2013-01-19,Western Australia Cricket Association Ground,2,17.2,Perth Scorchers,Brisbane Heat,SM Katich,AC Voges,KAJ Roach,0,0,,,,,,caught,SM Katich,,
571266,2012/13,2013-01-19,Western Australia Cricket Association Ground,2,17.3,Perth Scorchers,Brisbane Heat,AC Voges,AC Thomas,KAJ Roach,2,0,,,,,,,,,
571266,2012/13,2013-01-19,Western Australia Cricket Association Ground,2,17.4,Perth Scorchers,Brisbane Heat,AC Voges,AC Thomas,KAJ Roach,0,0,,,,,,caught,AC Voges,,
571266,2012/13,2013-01-19,Western Australia Cricket Association Ground,2,17.5,Perth Scorchers,Brisbane Heat,AC Thomas,GB Hogg,KAJ Roach,0,0,,,,,,,,,
571266,2012/13,2013-01-19,Western Australia Cricket Association Ground,2,17.6,Perth Scorchers,Brisbane Heat,AC Thomas,GB Hogg,KAJ Roach,1,0,,,,,,,,,
571266,2012/13,2013-01-19,Western Australia Cricket Association Ground,2,18.1,Perth Scorchers,Brisbane Heat,AC Thomas,GB Hogg,BCJ Cutting,1,0,,,,,,,,,
571266,2012/13,2013-01-19,Western Australia Cricket Association Ground,2,18.2,Perth Scorchers,Brisbane Heat,GB Hogg,AC Thomas,BCJ Cutting,0,0,,,,,,,,,
571266,2012/13,2013-01-19,Western Australia Cricket Association Ground,2,18.3,Perth Scorchers,Brisbane Heat,GB Hogg,AC Thomas,BCJ Cutting,1,0,,,,,,,,,
571266,2012/13,2013-01-19,Western Australia Cricket Association Ground,2,18.4,Perth Scorchers,Brisbane Heat,AC Thomas,GB Hogg,BCJ Cutting,0,0,,,,,,,,,
571266,2012/13,2013-01-19,Western Australia Cricket Association Ground,2,18.5,Perth Scorchers,Brisbane Heat,AC Thomas,GB Hogg,BCJ Cutting,0,0,,,,,,caught,AC Thomas,,
571266,2012/13,2013-01-19,Western Australia Cricket Association Ground,2,18.6,Perth Scorchers,Brisbane Heat,JP Behrendorff,GB Hogg,BCJ Cutting,0,0,,,,,,,,,
571266,2012/13,2013-01-19,Western Australia Cricket Association Ground,2,19.1,Perth Scorchers,Brisbane Heat,GB Hogg,JP Behrendorff,AC McDermott,0,0,,,,,,caught,GB Hogg,,
571266,2012/13,2013-01-19,Western Australia Cricket Association Ground,2,19.2,Perth Scorchers,Brisbane Heat,MA Beer,JP Behrendorff,AC McDermott,1,0,,,,,,,,,
571266,2012/13,2013-01-19,Western Australia Cricket Association Ground,2,19.3,Perth Scorchers,Brisbane Heat,JP Behrendorff,MA Beer,AC McDermott,0,0,,,,,,,,,
571266,2012/13,2013-01-19,Western Australia Cricket Association Ground,2,19.4,Perth Scorchers,Brisbane Heat,JP Behrendorff,MA Beer,AC McDermott,1,0,,,,,,,,,
571266,2012/13,2013-01-19,Western Australia Cricket Association Ground,2,19.5,Perth Scorchers,Brisbane Heat,MA Beer,JP Behrendorff,AC McDermott,1,0,,,,,,,,,
571266,2012/13,2013-01-19,Western Australia Cricket Association Ground,2,19.6,Perth Scorchers,Brisbane Heat,JP Behrendorff,MA Beer,AC McDermott,1,0,,,,,,,,,
