match_id,season,start_date,venue,innings,ball,batting_team,bowling_team,striker,non_striker,bowler,runs_off_bat,extras,wides,noballs,byes,legbyes,penalty,wicket_type,player_dismissed,other_wicket_type,other_player_dismissed
654065,2013/14,2014-01-08,Stadium Australia,1,0.1,Brisbane Heat,Sydney Thunder,LA Pomersbach,C Kieswetter,JS Floros,0,0,,,,,,,,,
654065,2013/14,2014-01-08,Stadium Australia,1,0.2,Brisbane Heat,Sydney Thunder,LA Pomersbach,C Kieswetter,JS Floros,1,0,,,,,,,,,
654065,2013/14,2014-01-08,Stadium Australia,1,0.3,Brisbane Heat,Sydney Thunder,C Kieswetter,LA Pomersbach,JS Floros,1,0,,,,,,,,,
654065,2013/14,2014-01-08,Stadium Australia,1,0.4,Brisbane Heat,Sydney Thunder,LA Pomersbach,C Kieswetter,JS Floros,2,0,,,,,,,,,
654065,2013/14,2014-01-08,Stadium Australia,1,0.5,Brisbane Heat,Sydney Thunder,LA Pomersbach,C Kieswetter,JS Floros,0,0,,,,,,,,,
654065,2013/14,2014-01-08,Stadium Australia,1,0.6,Brisbane Heat,Sydney Thunder,LA Pomersbach,C Kieswetter,JS Floros,0,0,,,,,,,,,
654065,2013/14,2014-01-08,Stadium Australia,1,1.1,Brisbane Heat,Sydney Thunder,C Kieswetter,LA Pomersbach,DP Nannes,0,0,,,,,,,,,
654065,2013/14,2014-01-08,Stadium Australia,1,1.2,Brisbane Heat,Sydney Thunder,C Kieswetter,LA Pomersbach,DP Nannes,1,0,,,,,,,,,
654065,2013/14,2014-01-08,Stadium Australia,1,1.3,Brisbane Heat,Sydney Thunder,LA Pomersbach,C Kieswetter,DP Nannes,0,1,1,,,,,,,,
654065,2013/14,2014-01-08,Stadium Australia,1,1.4,Brisbane Heat,Sydney Thunder,LA Pomersbach,C Kieswetter,DP Nannes,1,0,,,,,,,,,
654065,2013/14,2014-01-08,Stadium Australia,1,1.5,Brisbane Heat,Sydney Thunder,C Kieswetter,LA Pomersbach,DP Nannes,1,0,,,,,,,,,
654065,2013/14,2014-01-08,Stadium Australia,1,1.6,Brisbane Heat,Sydney Thunder,LA Pomersbach,C Kieswetter,DP Nannes,0,0,,,,,,,,,
654065,2013/14,2014-01-08,Stadium Australia,1,1.7,Brisbane Heat,Sydney Thunder,LA Pomersbach,C Kieswetter,DP Nannes,4,0,,,,,,,,,
654065,2013/14,2014-01-08,Stadium Australia,1,2.1,Brisbane Heat,Sydney Thunder,C Kieswetter,LA Pomersbach,BAW Mendis,1,0,,,,,,,,,
654065,2013/14,2014-01-08,Stadium Australia,1,2.2,Brisbane Heat,Sydney Thunder,LA Pomersbach,C Kieswetter,BAW Mendis,6,0,,,,,,,,,
654065,2013/14,2014-01-08,Stadium Australia,1,2.3,Brisbane Heat,Sydney Thunder,LA Pomersbach,C Kieswetter,BAW Mendis,1,0,,,,,,,,,
654065,2013/14,2014-01-08,Stadium Australia,1,2.4,Brisbane Heat,Sydney Thunder,C Kieswetter,LA Pomersbach,BAW Mendis,0,0,,,,,,,,,
654065,2013/14,2014-01-08,Stadium Australia,1,2.5,Brisbane Heat,Sydney Thunder,C Kieswetter,LA Pomersbach,BAW Mendis,0,0,,,,,,,,,
654065,2013/14,2014-01-08,Stadium Australia,1,2.6,Brisbane Heat,Sydney Thunder,C Kieswetter,LA Pomersbach,BAW Mendis,0,0,,,,,,,,,
654065,2013/14,2014-01-08,Stadium Australia,1,3.1,Brisbane Heat,Sydney Thunder,LA Pomersbach,C Kieswetter,DP Nannes,1,0,,,,,,,,,
654065,2013/14,2014-01-08,Stadium Australia,1,3.2,Brisbane Heat,Sydney Thunder,C Kieswetter,LA Pomersbach,DP Nannes,0,0,,,,,,,,,
654065,2013/14,2014-01-08,Stadium Australia,1,3.3,Brisbane Heat,Sydney Thunder,C Kieswetter,LA Pomersbach,DP Nannes,0,0,,,,,,caught,C Kieswetter,,
654065,2013/14,2014-01-08,Stadium Australia,1,3.4,Brisbane Heat,Sydney Thunder,PJ Forrest,LA Pomersbach,DP Nannes,0,0,,,,,,,,,
654065,2013/14,2014-01-08,Stadium Australia,1,3.5,Brisbane Heat,Sydney Thunder,PJ Forrest,LA Pomersbach,DP Nannes,0,0,,,,,,,,,
654065,2013/14,2014-01-08,Stadium Australia,1,3.6,Brisbane Heat,Sydney Thunder,PJ Forrest,LA Pomersbach,DP Nannes,0,0,,,,,,,,,
654065,2013/14,2014-01-08,Stadium Australia,1,4.1,Brisbane Heat,Sydney Thunder,LA Pomersbach,PJ Forrest,JS Floros,0,0,,,,,,,,,
654065,2013/14,2014-01-08,Stadium Australia,1,4.2,Brisbane Heat,Sydney Thunder,LA Pomersbach,PJ Forrest,JS Floros,1,0,,,,,,,,,
654065,2013/14,2014-01-08,Stadium Australia,1,4.3,Brisbane Heat,Sydney Thunder,PJ Forrest,LA Pomersbach,JS Floros,1,0,,,,,,,,,
654065,2013/14,2014-01-08,Stadium Australia,1,4.4,Brisbane Heat,Sydney Thunder,LA Pomersbach,PJ Forrest,JS Floros,1,0,,,,,,,,,
654065,2013/14,2014-01-08,Stadium Australia,1,4.5,Brisbane Heat,Sydney Thunder,PJ Forrest,LA Pomersbach,JS Floros,0,0,,,,,,,,,
654065,2013/14,2014-01-08,Stadium Australia,1,4.6,Brisbane Heat,Sydney Thunder,PJ Forrest,LA Pomersbach,JS Floros,1,0,,,,,,,,,
654065,2013/14,2014-01-08,Stadium Australia,1,5.1,Brisbane Heat,Sydney Thunder,PJ Forrest,LA Pomersbach,GS Sandhu,0,1,,,,1,,,,,
654065,2013/14,2014-01-08,Stadium Australia,1,5.2,Brisbane Heat,Sydney Thunder,LA Pomersbach,PJ Forrest,GS Sandhu,1,0,,,,,,,,,
654065,2013/14,2014-01-08,Stadium Australia,1,5.3,Brisbane Heat,Sydney Thunder,PJ Forrest,LA Pomersbach,GS Sandhu,0,1,,,,1,,,,,
654065,2013/14,2014-01-08,Stadium Australia,1,5.4,Brisbane Heat,Sydney Thunder,LA Pomersbach,PJ Forrest,GS Sandhu,6,0,,,,,,,,,
654065,2013/14,2014-01-08,Stadium Australia,1,5.5,Brisbane Heat,Sydney Thunder,LA Pomersbach,PJ Forrest,GS Sandhu,0,0,,,,,,caught,LA Pomersbach,,
654065,2013/14,2014-01-08,Stadium Australia,1,5.6,Brisbane Heat,Sydney Thunder,PJ Forrest,DT Christian,GS Sandhu,1,0,,,,,,,,,
654065,2013/14,2014-01-08,Stadium Australia,1,6.1,Brisbane Heat,Sydney Thunder,PJ Forrest,DT Christian,JS Floros,0,0,,,,,,,,,
654065,2013/14,2014-01-08,Stadium Australia,1,6.2,Brisbane Heat,Sydney Thunder,PJ Forrest,DT Christian,JS Floros,4,0,,,,,,,,,
654065,2013/14,2014-01-08,Stadium Australia,1,6.3,Brisbane Heat,Sydney Thunder,PJ Forrest,DT Christian,JS Floros,0,0,,,,,,,,,
654065,2013/14,2014-01-08,Stadium Australia,1,6.4,Brisbane Heat,Sydney Thunder,PJ Forrest,DT Christian,JS Floros,1,0,,,,,,,,,
654065,2013/14,2014-01-08,Stadium Australia,1,6.5,Brisbane Heat,Sydney Thunder,DT Christian,PJ Forrest,JS Floros,0,0,,,,,,,,,
654065,2013/14,2014-01-08,Stadium Australia,1,6.6,Brisbane Heat,Sydney Thunder,DT Christian,PJ Forrest,JS Floros,0,0,,,,,,,,,
654065,2013/14,2014-01-08,Stadium Australia,1,7.1,Brisbane Heat,Sydney Thunder,PJ Forrest,DT Christian,GS Sandhu,0,0,,,,,,,,,
654065,2013/14,2014-01-08,Stadium Australia,1,7.2,Brisbane Heat,Sydney Thunder,PJ Forrest,DT Christian,GS Sandhu,0,0,,,,,,,,,
654065,2013/14,2014-01-08,Stadium Australia,1,7.3,Brisbane Heat,Sydney Thunder,PJ Forrest,DT Christian,GS Sandhu,1,0,,,,,,,,,
654065,2013/14,2014-01-08,Stadium Australia,1,7.4,Brisbane Heat,Sydney Thunder,DT Christian,PJ Forrest,GS Sandhu,1,0,,,,,,,,,
654065,2013/14,2014-01-08,Stadium Australia,1,7.5,Brisbane Heat,Sydney Thunder,PJ Forrest,DT Christian,GS Sandhu,1,0,,,,,,,,,
654065,2013/14,2014-01-08,Stadium Australia,1,7.6,Brisbane Heat,Sydney Thunder,DT Christian,PJ Forrest,GS Sandhu,0,0,,,,,,run out,PJ Forrest,,
654065,2013/14,2014-01-08,Stadium Australia,1,8.1,Brisbane Heat,Sydney Thunder,CA Lynn,DT Christian,BAW Mendis,0,0,,,,,,,,,
654065,2013/14,2014-01-08,Stadium Australia,1,8.2,Brisbane Heat,Sydney Thunder,CA Lynn,DT Christian,BAW Mendis,1,0,,,,,,,,,
654065,2013/14,2014-01-08,Stadium Australia,1,8.3,Brisbane Heat,Sydney Thunder,DT Christian,CA Lynn,BAW Mendis,0,0,,,,,,,,,
654065,2013/14,2014-01-08,Stadium Australia,1,8.4,Brisbane Heat,Sydney Thunder,DT Christian,CA Lynn,BAW Mendis,0,0,,,,,,,,,
654065,2013/14,2014-01-08,Stadium Australia,1,8.5,Brisbane Heat,Sydney Thunder,DT Christian,CA Lynn,BAW Mendis,1,0,,,,,,,,,
654065,2013/14,2014-01-08,Stadium Australia,1,8.6,Brisbane Heat,Sydney Thunder,CA Lynn,DT Christian,BAW Mendis,1,0,,,,,,,,,
654065,2013/14,2014-01-08,Stadium Australia,1,9.1,Brisbane Heat,Sydney Thunder,CA Lynn,DT Christian,CP Tremain,1,0,,,,,,,,,
654065,2013/14,2014-01-08,Stadium Australia,1,9.2,Brisbane Heat,Sydney Thunder,DT Christian,CA Lynn,CP Tremain,2,0,,,,,,,,,
654065,2013/14,2014-01-08,Stadium Australia,1,9.3,Brisbane Heat,Sydney Thunder,DT Christian,CA Lynn,CP Tremain,0,0,,,,,,,,,
654065,2013/14,2014-01-08,Stadium Australia,1,9.4,Brisbane Heat,Sydney Thunder,DT Christian,CA Lynn,CP Tremain,1,0,,,,,,,,,
654065,2013/14,2014-01-08,Stadium Australia,1,9.5,Brisbane Heat,Sydney Thunder,CA Lynn,DT Christian,CP Tremain,0,0,,,,,,,,,
654065,2013/14,2014-01-08,Stadium Australia,1,9.6,Brisbane Heat,Sydney Thunder,CA Lynn,DT Christian,CP Tremain,1,0,,,,,,,,,
654065,2013/14,2014-01-08,Stadium Australia,1,10.1,Brisbane Heat,Sydney Thunder,CA Lynn,DT Christian,JS Floros,1,0,,,,,,,,,
654065,2013/14,2014-01-08,Stadium Australia,1,10.2,Brisbane Heat,Sydney Thunder,DT Christian,CA Lynn,JS Floros,1,0,,,,,,,,,
654065,2013/14,2014-01-08,Stadium Australia,1,10.3,Brisbane Heat,Sydney Thunder,CA Lynn,DT Christian,JS Floros,0,0,,,,,,,,,
654065,2013/14,2014-01-08,Stadium Australia,1,10.4,Brisbane Heat,Sydney Thunder,CA Lynn,DT Christian,JS Floros,0,0,,,,,,,,,
654065,2013/14,2014-01-08,Stadium Australia,1,10.5,Brisbane Heat,Sydney Thunder,CA Lynn,DT Christian,JS Floros,1,0,,,,,,,,,
654065,2013/14,2014-01-08,Stadium Australia,1,10.6,Brisbane Heat,Sydney Thunder,DT Christian,CA Lynn,JS Floros,2,0,,,,,,,,,
654065,2013/14,2014-01-08,Stadium Australia,1,11.1,Brisbane Heat,Sydney Thunder,CA Lynn,DT Christian,CP Tremain,1,0,,,,,,,,,
654065,2013/14,2014-01-08,Stadium Australia,1,11.2,Brisbane Heat,Sydney Thunder,DT Christian,CA Lynn,CP Tremain,6,0,,,,,,,,,
654065,2013/14,2014-01-08,Stadium Australia,1,11.3,Brisbane Heat,Sydney Thunder,DT Christian,CA Lynn,CP Tremain,1,0,,,,,,,,,
654065,2013/14,2014-01-08,Stadium Australia,1,11.4,Brisbane Heat,Sydney Thunder,CA Lynn,DT Christian,CP Tremain,0,0,,,,,,,,,
654065,2013/14,2014-01-08,Stadium Australia,1,11.5,Brisbane Heat,Sydney Thunder,CA Lynn,DT Christian,CP Tremain,6,0,,,,,,,,,
654065,2013/14,2014-01-08,Stadium Australia,1,11.6,Brisbane Heat,Sydney Thunder,CA Lynn,DT Christian,CP Tremain,0,0,,,,,,,,,
654065,2013/14,2014-01-08,Stadium Australia,1,12.1,Brisbane Heat,Sydney Thunder,DT Christian,CA Lynn,BAW Mendis,6,0,,,,,,,,,
654065,2013/14,2014-01-08,Stadium Australia,1,12.2,Brisbane Heat,Sydney Thunder,DT Christian,CA Lynn,BAW Mendis,0,0,,,,,,,,,
654065,2013/14,2014-01-08,Stadium Australia,1,12.3,Brisbane Heat,Sydney Thunder,DT Christian,CA Lynn,BAW Mendis,1,0,,,,,,,,,
654065,2013/14,2014-01-08,Stadium Australia,1,12.4,Brisbane Heat,Sydney Thunder,CA Lynn,DT Christian,BAW Mendis,0,1,1,,,,,,,,
654065,2013/14,2014-01-08,Stadium Australia,1,12.5,Brisbane Heat,Sydney Thunder,CA Lynn,DT Christian,BAW Mendis,0,0,,,,,,,,,
654065,2013/14,2014-01-08,Stadium Australia,1,12.6,Brisbane Heat,Sydney Thunder,CA Lynn,DT Christian,BAW Mendis,6,0,,,,,,,,,
654065,2013/14,2014-01-08,Stadium Australia,1,12.7,Brisbane Heat,Sydney Thunder,CA Lynn,DT Christian,BAW Mendis,0,0,,,,,,,,,
654065,2013/14,2014-01-08,Stadium Australia,1,13.1,Brisbane Heat,Sydney Thunder,DT Christian,CA Lynn,GS Sandhu,1,0,,,,,,,,,
654065,2013/14,2014-01-08,Stadium Australia,1,13.2,Brisbane Heat,Sydney Thunder,CA Lynn,DT Christian,GS Sandhu,0,0,,,,,,,,,
654065,2013/14,2014-01-08,Stadium Australia,1,13.3,Brisbane Heat,Sydney Thunder,CA Lynn,DT Christian,GS Sandhu,1,0,,,,,,,,,
654065,2013/14,2014-01-08,Stadium Australia,1,13.4,Brisbane Heat,Sydney Thunder,DT Christian,CA Lynn,GS Sandhu,0,1,1,,,,,,,,
654065,2013/14,2014-01-08,Stadium Australia,1,13.5,Brisbane Heat,Sydney Thunder,DT Christian,CA Lynn,GS Sandhu,1,0,,,,,,,,,
654065,2013/14,2014-01-08,Stadium Australia,1,13.6,Brisbane Heat,Sydney Thunder,CA Lynn,DT Christian,GS Sandhu,0,0,,,,,,,,,
654065,2013/14,2014-01-08,Stadium Australia,1,13.7,Brisbane Heat,Sydney Thunder,CA Lynn,DT Christian,GS Sandhu,1,0,,,,,,,,,
654065,2013/14,2014-01-08,Stadium Australia,1,14.1,Brisbane Heat,Sydney Thunder,CA Lynn,DT Christian,CP Tremain,6,0,,,,,,,,,
654065,2013/14,2014-01-08,Stadium Australia,1,14.2,Brisbane Heat,Sydney Thunder,CA Lynn,DT Christian,CP Tremain,2,0,,,,,,,,,
654065,2013/14,2014-01-08,Stadium Australia,1,14.3,Brisbane Heat,Sydney Thunder,CA Lynn,DT Christian,CP Tremain,0,0,,,,,,,,,
654065,2013/14,2014-01-08,Stadium Australia,1,14.4,Brisbane Heat,Sydney Thunder,CA Lynn,DT Christian,CP Tremain,2,0,,,,,,,,,
654065,2013/14,2014-01-08,Stadium Australia,1,14.5,Brisbane Heat,Sydney Thunder,CA Lynn,DT Christian,CP Tremain,6,0,,,,,,,,,
654065,2013/14,2014-01-08,Stadium Australia,1,14.6,Brisbane Heat,Sydney Thunder,CA Lynn,DT Christian,CP Tremain,4,0,,,,,,,,,
654065,2013/14,2014-01-08,Stadium Australia,1,15.1,Brisbane Heat,Sydney Thunder,DT Christian,CA Lynn,DP Nannes,0,0,,,,,,caught,DT Christian,,
654065,2013/14,2014-01-08,Stadium Australia,1,15.2,Brisbane Heat,Sydney Thunder,CA Lynn,BCJ Cutting,DP Nannes,1,0,,,,,,,,,
654065,2013/14,2014-01-08,Stadium Australia,1,15.3,Brisbane Heat,Sydney Thunder,BCJ Cutting,CA Lynn,DP Nannes,1,0,,,,,,,,,
654065,2013/14,2014-01-08,Stadium Australia,1,15.4,Brisbane Heat,Sydney Thunder,CA Lynn,BCJ Cutting,DP Nannes,6,0,,,,,,,,,
654065,2013/14,2014-01-08,Stadium Australia,1,15.5,Brisbane Heat,Sydney Thunder,CA Lynn,BCJ Cutting,DP Nannes,0,0,,,,,,,,,
654065,2013/14,2014-01-08,Stadium Australia,1,15.6,Brisbane Heat,Sydney Thunder,CA Lynn,BCJ Cutting,DP Nannes,0,0,,,,,,,,,
654065,2013/14,2014-01-08,Stadium Australia,1,16.1,Brisbane Heat,Sydney Thunder,BCJ Cutting,CA Lynn,BAW Mendis,1,0,,,,,,,,,
654065,2013/14,2014-01-08,Stadium Australia,1,16.2,Brisbane Heat,Sydney Thunder,CA Lynn,BCJ Cutting,BAW Mendis,6,0,,,,,,,,,
654065,2013/14,2014-01-08,Stadium Australia,1,16.3,Brisbane Heat,Sydney Thunder,CA Lynn,BCJ Cutting,BAW Mendis,1,0,,,,,,,,,
654065,2013/14,2014-01-08,Stadium Australia,1,16.4,Brisbane Heat,Sydney Thunder,BCJ Cutting,CA Lynn,BAW Mendis,6,0,,,,,,,,,
654065,2013/14,2014-01-08,Stadium Australia,1,16.5,Brisbane Heat,Sydney Thunder,BCJ Cutting,CA Lynn,BAW Mendis,2,0,,,,,,,,,
654065,2013/14,2014-01-08,Stadium Australia,1,16.6,Brisbane Heat,Sydney Thunder,BCJ Cutting,CA Lynn,BAW Mendis,0,0,,,,,,,,,
654065,2013/14,2014-01-08,Stadium Australia,1,17.1,Brisbane Heat,Sydney Thunder,CA Lynn,BCJ Cutting,DP Nannes,1,0,,,,,,,,,
654065,2013/14,2014-01-08,Stadium Australia,1,17.2,Brisbane Heat,Sydney Thunder,BCJ Cutting,CA Lynn,DP Nannes,0,1,,,,1,,,,,
654065,2013/14,2014-01-08,Stadium Australia,1,17.3,Brisbane Heat,Sydney Thunder,CA Lynn,BCJ Cutting,DP Nannes,0,0,,,,,,caught,CA Lynn,,
654065,2013/14,2014-01-08,Stadium Australia,1,17.4,Brisbane Heat,Sydney Thunder,BCJ Cutting,JR Hopes,DP Nannes,1,0,,,,,,,,,
654065,2013/14,2014-01-08,Stadium Australia,1,17.5,Brisbane Heat,Sydney Thunder,JR Hopes,BCJ Cutting,DP Nannes,2,0,,,,,,,,,
654065,2013/14,2014-01-08,Stadium Australia,1,17.6,Brisbane Heat,Sydney Thunder,JR Hopes,BCJ Cutting,DP Nannes,0,0,,,,,,,,,
654065,2013/14,2014-01-08,Stadium Australia,1,18.1,Brisbane Heat,Sydney Thunder,BCJ Cutting,JR Hopes,GS Sandhu,1,0,,,,,,,,,
654065,2013/14,2014-01-08,Stadium Australia,1,18.2,Brisbane Heat,Sydney Thunder,JR Hopes,BCJ Cutting,GS Sandhu,0,1,,,,1,,,,,
654065,2013/14,2014-01-08,Stadium Australia,1,18.3,Brisbane Heat,Sydney Thunder,BCJ Cutting,JR Hopes,GS Sandhu,0,1,1,,,,,,,,
654065,2013/14,2014-01-08,Stadium Australia,1,18.4,Brisbane Heat,Sydney Thunder,BCJ Cutting,JR Hopes,GS Sandhu,1,0,,,,,,,,,
654065,2013/14,2014-01-08,Stadium Australia,1,18.5,Brisbane Heat,Sydney Thunder,JR Hopes,BCJ Cutting,GS Sandhu,2,0,,,,,,,,,
654065,2013/14,2014-01-08,Stadium Australia,1,18.6,Brisbane Heat,Sydney Thunder,JR Hopes,BCJ Cutting,GS Sandhu,1,0,,,,,,,,,
654065,2013/14,2014-01-08,Stadium Australia,1,18.7,Brisbane Heat,Sydney Thunder,BCJ Cutting,JR Hopes,GS Sandhu,6,0,,,,,,,,,
654065,2013/14,2014-01-08,Stadium Australia,1,19.1,Brisbane Heat,Sydney Thunder,JR Hopes,BCJ Cutting,CP Tremain,2,0,,,,,,,,,
654065,2013/14,2014-01-08,Stadium Australia,1,19.2,Brisbane Heat,Sydney Thunder,JR Hopes,BCJ Cutting,CP Tremain,4,0,,,,,,,,,
654065,2013/14,2014-01-08,Stadium Australia,1,19.3,Brisbane Heat,Sydney Thunder,JR Hopes,BCJ Cutting,CP Tremain,1,0,,,,,,,,,
654065,2013/14,2014-01-08,Stadium Australia,1,19.4,Brisbane Heat,Sydney Thunder,BCJ Cutting,JR Hopes,CP Tremain,0,1,1,,,,,,,,
654065,2013/14,2014-01-08,Stadium Australia,1,19.5,Brisbane Heat,Sydney Thunder,BCJ Cutting,JR Hopes,CP Tremain,0,0,,,,,,,,,
654065,2013/14,2014-01-08,Stadium Australia,1,19.6,Brisbane Heat,Sydney Thunder,BCJ Cutting,JR Hopes,CP Tremain,0,0,,,,,,,,,
654065,2013/14,2014-01-08,Stadium Australia,1,19.7,Brisbane Heat,Sydney Thunder,BCJ Cutting,JR Hopes,CP Tremain,6,0,,,,,,,,,
654065,2013/14,2014-01-08,Stadium Australia,2,0.1,Sydney Thunder,Brisbane Heat,UT Khawaja,DP Hughes,DL Vettori,3,0,,,,,,,,,
654065,2013/14,2014-01-08,Stadium Australia,2,0.2,Sydney Thunder,Brisbane Heat,DP Hughes,UT Khawaja,DL Vettori,0,0,,,,,,,,,
654065,2013/14,2014-01-08,Stadium Australia,2,0.3,Sydney Thunder,Brisbane Heat,DP Hughes,UT Khawaja,DL Vettori,0,0,,,,,,,,,
654065,2013/14,2014-01-08,Stadium Australia,2,0.4,Sydney Thunder,Brisbane Heat,DP Hughes,UT Khawaja,DL Vettori,0,0,,,,,,,,,
654065,2013/14,2014-01-08,Stadium Australia,2,0.5,Sydney Thunder,Brisbane Heat,DP Hughes,UT Khawaja,DL Vettori,0,0,,,,,,,,,
654065,2013/14,2014-01-08,Stadium Australia,2,0.6,Sydney Thunder,Brisbane Heat,DP Hughes,UT Khawaja,DL Vettori,1,0,,,,,,,,,
654065,2013/14,2014-01-08,Stadium Australia,2,1.1,Sydney Thunder,Brisbane Heat,DP Hughes,UT Khawaja,DT Christian,0,0,,,,,,,,,
654065,2013/14,2014-01-08,Stadium Australia,2,1.2,Sydney Thunder,Brisbane Heat,DP Hughes,UT Khawaja,DT Christian,0,0,,,,,,,,,
654065,2013/14,2014-01-08,Stadium Australia,2,1.3,Sydney Thunder,Brisbane Heat,DP Hughes,UT Khawaja,DT Christian,1,0,,,,,,,,,
654065,2013/14,2014-01-08,Stadium Australia,2,1.4,Sydney Thunder,Brisbane Heat,UT Khawaja,DP Hughes,DT Christian,0,0,,,,,,,,,
654065,2013/14,2014-01-08,Stadium Australia,2,1.5,Sydney Thunder,Brisbane Heat,UT Khawaja,DP Hughes,DT Christian,1,0,,,,,,,,,
654065,2013/14,2014-01-08,Stadium Australia,2,1.6,Sydney Thunder,Brisbane Heat,DP Hughes,UT Khawaja,DT Christian,4,0,,,,,,,,,
654065,2013/14,2014-01-08,Stadium Australia,2,2.1,Sydney Thunder,Brisbane Heat,UT Khawaja,DP Hughes,DL Vettori,0,1,,,,1,,,,,
654065,2013/14,2014-01-08,Stadium Australia,2,2.2,Sydney Thunder,Brisbane Heat,DP Hughes,UT Khawaja,DL Vettori,0,0,,,,,,,,,
654065,2013/14,2014-01-08,Stadium Australia,2,2.3,Sydney Thunder,Brisbane Heat,DP Hughes,UT Khawaja,DL Vettori,1,0,,,,,,,,,
654065,2013/14,2014-01-08,Stadium Australia,2,2.4,Sydney Thunder,Brisbane Heat,UT Khawaja,DP Hughes,DL Vettori,2,0,,,,,,,,,
654065,2013/14,2014-01-08,Stadium Australia,2,2.5,Sydney Thunder,Brisbane Heat,UT Khawaja,DP Hughes,DL Vettori,2,0,,,,,,,,,
654065,2013/14,2014-01-08,Stadium Australia,2,2.6,Sydney Thunder,Brisbane Heat,UT Khawaja,DP Hughes,DL Vettori,0,0,,,,,,,,,
654065,2013/14,2014-01-08,Stadium Australia,2,3.1,Sydney Thunder,Brisbane Heat,DP Hughes,UT Khawaja,MT Steketee,0,0,,,,,,,,,
654065,2013/14,2014-01-08,Stadium Australia,2,3.2,Sydney Thunder,Brisbane Heat,DP Hughes,UT Khawaja,MT Steketee,0,0,,,,,,caught,DP Hughes,,
654065,2013/14,2014-01-08,Stadium Australia,2,3.3,Sydney Thunder,Brisbane Heat,UT Khawaja,MEK Hussey,MT Steketee,1,0,,,,,,,,,
654065,2013/14,2014-01-08,Stadium Australia,2,3.4,Sydney Thunder,Brisbane Heat,MEK Hussey,UT Khawaja,MT Steketee,0,0,,,,,,,,,
654065,2013/14,2014-01-08,Stadium Australia,2,3.5,Sydney Thunder,Brisbane Heat,MEK Hussey,UT Khawaja,MT Steketee,2,0,,,,,,,,,
654065,2013/14,2014-01-08,Stadium Australia,2,3.6,Sydney Thunder,Brisbane Heat,MEK Hussey,UT Khawaja,MT Steketee,0,0,,,,,,,,,
654065,2013/14,2014-01-08,Stadium Australia,2,4.1,Sydney Thunder,Brisbane Heat,UT Khawaja,MEK Hussey,DL Vettori,1,0,,,,,,,,,
654065,2013/14,2014-01-08,Stadium Australia,2,4.2,Sydney Thunder,Brisbane Heat,MEK Hussey,UT Khawaja,DL Vettori,1,0,,,,,,,,,
654065,2013/14,2014-01-08,Stadium Australia,2,4.3,Sydney Thunder,Brisbane Heat,UT Khawaja,MEK Hussey,DL Vettori,1,0,,,,,,,,,
654065,2013/14,2014-01-08,Stadium Australia,2,4.4,Sydney Thunder,Brisbane Heat,MEK Hussey,UT Khawaja,DL Vettori,3,0,,,,,,,,,
654065,2013/14,2014-01-08,Stadium Australia,2,4.5,Sydney Thunder,Brisbane Heat,UT Khawaja,MEK Hussey,DL Vettori,0,0,,,,,,,,,
654065,2013/14,2014-01-08,Stadium Australia,2,4.6,Sydney Thunder,Brisbane Heat,UT Khawaja,MEK Hussey,DL Vettori,1,0,,,,,,,,,
654065,2013/14,2014-01-08,Stadium Australia,2,5.1,Sydney Thunder,Brisbane Heat,UT Khawaja,MEK Hussey,MT Steketee,0,0,,,,,,,,,
654065,2013/14,2014-01-08,Stadium Australia,2,5.2,Sydney Thunder,Brisbane Heat,UT Khawaja,MEK Hussey,MT Steketee,1,0,,,,,,,,,
654065,2013/14,2014-01-08,Stadium Australia,2,5.3,Sydney Thunder,Brisbane Heat,MEK Hussey,UT Khawaja,MT Steketee,1,0,,,,,,,,,
654065,2013/14,2014-01-08,Stadium Australia,2,5.4,Sydney Thunder,Brisbane Heat,UT Khawaja,MEK Hussey,MT Steketee,1,0,,,,,,,,,
654065,2013/14,2014-01-08,Stadium Australia,2,5.5,Sydney Thunder,Brisbane Heat,MEK Hussey,UT Khawaja,MT Steketee,4,0,,,,,,,,,
654065,2013/14,2014-01-08,Stadium Australia,2,5.6,Sydney Thunder,Brisbane Heat,MEK Hussey,UT Khawaja,MT Steketee,1,0,,,,,,,,,
654065,2013/14,2014-01-08,Stadium Australia,2,6.1,Sydney Thunder,Brisbane Heat,MEK Hussey,UT Khawaja,DL Vettori,1,0,,,,,,,,,
654065,2013/14,2014-01-08,Stadium Australia,2,6.2,Sydney Thunder,Brisbane Heat,UT Khawaja,MEK Hussey,DL Vettori,1,0,,,,,,,,,
654065,2013/14,2014-01-08,Stadium Australia,2,6.3,Sydney Thunder,Brisbane Heat,MEK Hussey,UT Khawaja,DL Vettori,1,0,,,,,,,,,
654065,2013/14,2014-01-08,Stadium Australia,2,6.4,Sydney Thunder,Brisbane Heat,UT Khawaja,MEK Hussey,DL Vettori,1,0,,,,,,,,,
654065,2013/14,2014-01-08,Stadium Australia,2,6.5,Sydney Thunder,Brisbane Heat,MEK Hussey,UT Khawaja,DL Vettori,1,0,,,,,,,,,
654065,2013/14,2014-01-08,Stadium Australia,2,6.6,Sydney Thunder,Brisbane Heat,UT Khawaja,MEK Hussey,DL Vettori,4,0,,,,,,,,,
654065,2013/14,2014-01-08,Stadium Australia,2,7.1,Sydney Thunder,Brisbane Heat,MEK Hussey,UT Khawaja,BCJ Cutting,2,0,,,,,,,,,
654065,2013/14,2014-01-08,Stadium Australia,2,7.2,Sydney Thunder,Brisbane Heat,MEK Hussey,UT Khawaja,BCJ Cutting,1,0,,,,,,,,,
654065,2013/14,2014-01-08,Stadium Australia,2,7.3,Sydney Thunder,Brisbane Heat,UT Khawaja,MEK Hussey,BCJ Cutting,1,0,,,,,,,,,
654065,2013/14,2014-01-08,Stadium Australia,2,7.4,Sydney Thunder,Brisbane Heat,MEK Hussey,UT Khawaja,BCJ Cutting,4,0,,,,,,,,,
654065,2013/14,2014-01-08,Stadium Australia,2,7.5,Sydney Thunder,Brisbane Heat,MEK Hussey,UT Khawaja,BCJ Cutting,0,0,,,,,,,,,
654065,2013/14,2014-01-08,Stadium Australia,2,7.6,Sydney Thunder,Brisbane Heat,MEK Hussey,UT Khawaja,BCJ Cutting,0,0,,,,,,,,,
654065,2013/14,2014-01-08,Stadium Australia,2,8.1,Sydney Thunder,Brisbane Heat,UT Khawaja,MEK Hussey,JR Hopes,0,0,,,,,,,,,
654065,2013/14,2014-01-08,Stadium Australia,2,8.2,Sydney Thunder,Brisbane Heat,UT Khawaja,MEK Hussey,JR Hopes,1,0,,,,,,,,,
654065,2013/14,2014-01-08,Stadium Australia,2,8.3,Sydney Thunder,Brisbane Heat,MEK Hussey,UT Khawaja,JR Hopes,3,0,,,,,,,,,
654065,2013/14,2014-01-08,Stadium Australia,2,8.4,Sydney Thunder,Brisbane Heat,UT Khawaja,MEK Hussey,JR Hopes,0,0,,,,,,caught,UT Khawaja,,
654065,2013/14,2014-01-08,Stadium Australia,2,8.5,Sydney Thunder,Brisbane Heat,MEK Hussey,KR Patterson,JR Hopes,1,0,,,,,,,,,
654065,2013/14,2014-01-08,Stadium Australia,2,8.6,Sydney Thunder,Brisbane Heat,KR Patterson,MEK Hussey,JR Hopes,0,0,,,,,,,,,
654065,2013/14,2014-01-08,Stadium Australia,2,9.1,Sydney Thunder,Brisbane Heat,MEK Hussey,KR Patterson,BCJ Cutting,2,0,,,,,,,,,
654065,2013/14,2014-01-08,Stadium Australia,2,9.2,Sydney Thunder,Brisbane Heat,MEK Hussey,KR Patterson,BCJ Cutting,6,0,,,,,,,,,
654065,2013/14,2014-01-08,Stadium Australia,2,9.3,Sydney Thunder,Brisbane Heat,MEK Hussey,KR Patterson,BCJ Cutting,1,0,,,,,,,,,
654065,2013/14,2014-01-08,Stadium Australia,2,9.4,Sydney Thunder,Brisbane Heat,KR Patterson,MEK Hussey,BCJ Cutting,1,0,,,,,,,,,
654065,2013/14,2014-01-08,Stadium Australia,2,9.5,Sydney Thunder,Brisbane Heat,MEK Hussey,KR Patterson,BCJ Cutting,1,0,,,,,,,,,
654065,2013/14,2014-01-08,Stadium Australia,2,9.6,Sydney Thunder,Brisbane Heat,KR Patterson,MEK Hussey,BCJ Cutting,1,0,,,,,,,,,
654065,2013/14,2014-01-08,Stadium Australia,2,10.1,Sydney Thunder,Brisbane Heat,KR Patterson,MEK Hussey,JR Hopes,0,0,,,,,,lbw,KR Patterson,,
654065,2013/14,2014-01-08,Stadium Australia,2,10.2,Sydney Thunder,Brisbane Heat,JS Floros,MEK Hussey,JR Hopes,1,0,,,,,,,,,
654065,2013/14,2014-01-08,Stadium Australia,2,10.3,Sydney Thunder,Brisbane Heat,MEK Hussey,JS Floros,JR Hopes,1,0,,,,,,,,,
654065,2013/14,2014-01-08,Stadium Australia,2,10.4,Sydney Thunder,Brisbane Heat,JS Floros,MEK Hussey,JR Hopes,0,0,,,,,,,,,
654065,2013/14,2014-01-08,Stadium Australia,2,10.5,Sydney Thunder,Brisbane Heat,JS Floros,MEK Hussey,JR Hopes,1,0,,,,,,,,,
654065,2013/14,2014-01-08,Stadium Australia,2,10.6,Sydney Thunder,Brisbane Heat,MEK Hussey,JS Floros,JR Hopes,0,0,,,,,,,,,
654065,2013/14,2014-01-08,Stadium Australia,2,11.1,Sydney Thunder,Brisbane Heat,JS Floros,MEK Hussey,BCJ Cutting,0,0,,,,,,,,,
654065,2013/14,2014-01-08,Stadium Australia,2,11.2,Sydney Thunder,Brisbane Heat,JS Floros,MEK Hussey,BCJ Cutting,0,0,,,,,,bowled,JS Floros,,
654065,2013/14,2014-01-08,Stadium Australia,2,11.3,Sydney Thunder,Brisbane Heat,CJ Borgas,MEK Hussey,BCJ Cutting,1,0,,,,,,,,,
654065,2013/14,2014-01-08,Stadium Australia,2,11.4,Sydney Thunder,Brisbane Heat,MEK Hussey,CJ Borgas,BCJ Cutting,0,0,,,,,,,,,
654065,2013/14,2014-01-08,Stadium Australia,2,11.5,Sydney Thunder,Brisbane Heat,MEK Hussey,CJ Borgas,BCJ Cutting,4,0,,,,,,,,,
654065,2013/14,2014-01-08,Stadium Australia,2,11.6,Sydney Thunder,Brisbane Heat,MEK Hussey,CJ Borgas,BCJ Cutting,4,0,,,,,,,,,
654065,2013/14,2014-01-08,Stadium Australia,2,12.1,Sydney Thunder,Brisbane Heat,CJ Borgas,MEK Hussey,JR Hopes,0,0,,,,,,,,,
654065,2013/14,2014-01-08,Stadium Australia,2,12.2,Sydney Thunder,Brisbane Heat,CJ Borgas,MEK Hussey,JR Hopes,1,0,,,,,,,,,
654065,2013/14,2014-01-08,Stadium Australia,2,12.3,Sydney Thunder,Brisbane Heat,MEK Hussey,CJ Borgas,JR Hopes,1,0,,,,,,,,,
654065,2013/14,2014-01-08,Stadium Australia,2,12.4,Sydney Thunder,Brisbane Heat,CJ Borgas,MEK Hussey,JR Hopes,0,0,,,,,,,,,
654065,2013/14,2014-01-08,Stadium Australia,2,12.5,Sydney Thunder,Brisbane Heat,CJ Borgas,MEK Hussey,JR Hopes,3,0,,,,,,,,,
654065,2013/14,2014-01-08,Stadium Australia,2,12.6,Sydney Thunder,Brisbane Heat,MEK Hussey,CJ Borgas,JR Hopes,1,0,,,,,,,,,
654065,2013/14,2014-01-08,Stadium Australia,2,13.1,Sydney Thunder,Brisbane Heat,MEK Hussey,CJ Borgas,CJ Gannon,1,0,,,,,,,,,
654065,2013/14,2014-01-08,Stadium Australia,2,13.2,Sydney Thunder,Brisbane Heat,CJ Borgas,MEK Hussey,CJ Gannon,0,0,,,,,,caught,CJ Borgas,,
654065,2013/14,2014-01-08,Stadium Australia,2,13.3,Sydney Thunder,Brisbane Heat,MEK Hussey,RGL Carters,CJ Gannon,1,0,,,,,,,,,
654065,2013/14,2014-01-08,Stadium Australia,2,13.4,Sydney Thunder,Brisbane Heat,RGL Carters,MEK Hussey,CJ Gannon,1,0,,,,,,,,,
654065,2013/14,2014-01-08,Stadium Australia,2,13.5,Sydney Thunder,Brisbane Heat,MEK Hussey,RGL Carters,CJ Gannon,1,0,,,,,,,,,
654065,2013/14,2014-01-08,Stadium Australia,2,13.6,Sydney Thunder,Brisbane Heat,RGL Carters,MEK Hussey,CJ Gannon,1,0,,,,,,,,,
654065,2013/14,2014-01-08,Stadium Australia,2,14.1,Sydney Thunder,Brisbane Heat,RGL Carters,MEK Hussey,JR Hopes,1,0,,,,,,,,,
654065,2013/14,2014-01-08,Stadium Australia,2,14.2,Sydney Thunder,Brisbane Heat,MEK Hussey,RGL Carters,JR Hopes,6,0,,,,,,,,,
654065,2013/14,2014-01-08,Stadium Australia,2,14.3,Sydney Thunder,Brisbane Heat,MEK Hussey,RGL Carters,JR Hopes,1,0,,,,,,,,,
654065,2013/14,2014-01-08,Stadium Australia,2,14.4,Sydney Thunder,Brisbane Heat,RGL Carters,MEK Hussey,JR Hopes,2,0,,,,,,,,,
654065,2013/14,2014-01-08,Stadium Australia,2,14.5,Sydney Thunder,Brisbane Heat,RGL Carters,MEK Hussey,JR Hopes,1,0,,,,,,,,,
654065,2013/14,2014-01-08,Stadium Australia,2,14.6,Sydney Thunder,Brisbane Heat,MEK Hussey,RGL Carters,JR Hopes,1,0,,,,,,,,,
654065,2013/14,2014-01-08,Stadium Australia,2,15.1,Sydney Thunder,Brisbane Heat,MEK Hussey,RGL Carters,CJ Gannon,2,0,,,,,,,,,
654065,2013/14,2014-01-08,Stadium Australia,2,15.2,Sydney Thunder,Brisbane Heat,MEK Hussey,RGL Carters,CJ Gannon,0,0,,,,,,caught,MEK Hussey,,
654065,2013/14,2014-01-08,Stadium Australia,2,15.3,Sydney Thunder,Brisbane Heat,RGL Carters,CP Tremain,CJ Gannon,1,0,,,,,,,,,
654065,2013/14,2014-01-08,Stadium Australia,2,15.4,Sydney Thunder,Brisbane Heat,CP Tremain,RGL Carters,CJ Gannon,0,0,,,,,,caught and bowled,CP Tremain,,
654065,2013/14,2014-01-08,Stadium Australia,2,15.5,Sydney Thunder,Brisbane Heat,RGL Carters,BAW Mendis,CJ Gannon,0,0,,,,,,caught,RGL Carters,,
654065,2013/14,2014-01-08,Stadium Australia,2,15.6,Sydney Thunder,Brisbane Heat,GS Sandhu,BAW Mendis,CJ Gannon,1,0,,,,,,,,,
654065,2013/14,2014-01-08,Stadium Australia,2,16.1,Sydney Thunder,Brisbane Heat,GS Sandhu,BAW Mendis,MT Steketee,1,0,,,,,,,,,
654065,2013/14,2014-01-08,Stadium Australia,2,16.2,Sydney Thunder,Brisbane Heat,BAW Mendis,GS Sandhu,MT Steketee,0,0,,,,,,,,,
654065,2013/14,2014-01-08,Stadium Australia,2,16.3,Sydney Thunder,Brisbane Heat,BAW Mendis,GS Sandhu,MT Steketee,0,0,,,,,,,,,
654065,2013/14,2014-01-08,Stadium Australia,2,16.4,Sydney Thunder,Brisbane Heat,BAW Mendis,GS Sandhu,MT Steketee,4,0,,,,,,,,,
654065,2013/14,2014-01-08,Stadium Australia,2,16.5,Sydney Thunder,Brisbane Heat,BAW Mendis,GS Sandhu,MT Steketee,4,0,,,,,,,,,
654065,2013/14,2014-01-08,Stadium Australia,2,16.6,Sydney Thunder,Brisbane Heat,BAW Mendis,GS Sandhu,MT Steketee,0,0,,,,,,caught,BAW Mendis,,
654065,2013/14,2014-01-08,Stadium Australia,2,17.1,Sydney Thunder,Brisbane Heat,GS Sandhu,DP Nannes,CJ Gannon,1,0,,,,,,,,,
654065,2013/14,2014-01-08,Stadium Australia,2,17.2,Sydney Thunder,Brisbane Heat,DP Nannes,GS Sandhu,CJ Gannon,0,0,,,,,,run out,GS Sandhu,,
