match_id,season,start_date,venue,innings,ball,batting_team,bowling_team,striker,non_striker,bowler,runs_off_bat,extras,wides,noballs,byes,legbyes,penalty,wicket_type,player_dismissed,other_wicket_type,other_player_dismissed
654051,2013/14,2014-01-01,Bellerive Oval,1,0.1,Melbourne Renegades,Hobart Hurricanes,MW Hill,AJ Finch,DE Bollinger,4,0,,,,,,,,,
654051,2013/14,2014-01-01,Bellerive Oval,1,0.2,Melbourne Renegades,Hobart Hurricanes,MW Hill,AJ Finch,DE Bollinger,1,0,,,,,,,,,
654051,2013/14,2014-01-01,Bellerive Oval,1,0.3,Melbourne Renegades,Hobart Hurricanes,AJ Finch,MW Hill,DE Bollinger,1,0,,,,,,,,,
654051,2013/14,2014-01-01,Bellerive Oval,1,0.4,Melbourne Renegades,Hobart Hurricanes,MW Hill,AJ Finch,DE Bollinger,0,1,,,,1,,,,,
654051,2013/14,2014-01-01,Bellerive Oval,1,0.5,Melbourne Renegades,Hobart Hurricanes,AJ Finch,MW Hill,DE Bollinger,0,1,1,,,,,,,,
654051,2013/14,2014-01-01,Bellerive Oval,1,0.6,Melbourne Renegades,Hobart Hurricanes,AJ Finch,MW Hill,DE Bollinger,4,0,,,,,,,,,
654051,2013/14,2014-01-01,Bellerive Oval,1,0.7,Melbourne Renegades,Hobart Hurricanes,AJ Finch,MW Hill,DE Bollinger,0,0,,,,,,,,,
654051,2013/14,2014-01-01,Bellerive Oval,1,1.1,Melbourne Renegades,Hobart Hurricanes,MW Hill,AJ Finch,BW Hilfenhaus,1,0,,,,,,,,,
654051,2013/14,2014-01-01,Bellerive Oval,1,1.2,Melbourne Renegades,Hobart Hurricanes,AJ Finch,MW Hill,BW Hilfenhaus,0,0,,,,,,,,,
654051,2013/14,2014-01-01,Bellerive Oval,1,1.3,Melbourne Renegades,Hobart Hurricanes,AJ Finch,MW Hill,BW Hilfenhaus,0,0,,,,,,,,,
654051,2013/14,2014-01-01,Bellerive Oval,1,1.4,Melbourne Renegades,Hobart Hurricanes,AJ Finch,MW Hill,BW Hilfenhaus,0,0,,,,,,,,,
654051,2013/14,2014-01-01,Bellerive Oval,1,1.5,Melbourne Renegades,Hobart Hurricanes,AJ Finch,MW Hill,BW Hilfenhaus,4,1,,1,,,,,,,
654051,2013/14,2014-01-01,Bellerive Oval,1,1.6,Melbourne Renegades,Hobart Hurricanes,AJ Finch,MW Hill,BW Hilfenhaus,4,0,,,,,,,,,
654051,2013/14,2014-01-01,Bellerive Oval,1,1.7,Melbourne Renegades,Hobart Hurricanes,AJ Finch,MW Hill,BW Hilfenhaus,4,0,,,,,,,,,
654051,2013/14,2014-01-01,Bellerive Oval,1,2.1,Melbourne Renegades,Hobart Hurricanes,MW Hill,AJ Finch,DE Bollinger,0,0,,,,,,,,,
654051,2013/14,2014-01-01,Bellerive Oval,1,2.2,Melbourne Renegades,Hobart Hurricanes,MW Hill,AJ Finch,DE Bollinger,4,0,,,,,,,,,
654051,2013/14,2014-01-01,Bellerive Oval,1,2.3,Melbourne Renegades,Hobart Hurricanes,MW Hill,AJ Finch,DE Bollinger,0,0,,,,,,,,,
654051,2013/14,2014-01-01,Bellerive Oval,1,2.4,Melbourne Renegades,Hobart Hurricanes,MW Hill,AJ Finch,DE Bollinger,4,0,,,,,,,,,
654051,2013/14,2014-01-01,Bellerive Oval,1,2.5,Melbourne Renegades,Hobart Hurricanes,MW Hill,AJ Finch,DE Bollinger,0,0,,,,,,,,,
654051,2013/14,2014-01-01,Bellerive Oval,1,2.6,Melbourne Renegades,Hobart Hurricanes,MW Hill,AJ Finch,DE Bollinger,4,0,,,,,,,,,
654051,2013/14,2014-01-01,Bellerive Oval,1,3.1,Melbourne Renegades,Hobart Hurricanes,AJ Finch,MW Hill,XJ Doherty,1,0,,,,,,,,,
654051,2013/14,2014-01-01,Bellerive Oval,1,3.2,Melbourne Renegades,Hobart Hurricanes,MW Hill,AJ Finch,XJ Doherty,2,0,,,,,,,,,
654051,2013/14,2014-01-01,Bellerive Oval,1,3.3,Melbourne Renegades,Hobart Hurricanes,MW Hill,AJ Finch,XJ Doherty,1,0,,,,,,,,,
654051,2013/14,2014-01-01,Bellerive Oval,1,3.4,Melbourne Renegades,Hobart Hurricanes,AJ Finch,MW Hill,XJ Doherty,1,0,,,,,,,,,
654051,2013/14,2014-01-01,Bellerive Oval,1,3.5,Melbourne Renegades,Hobart Hurricanes,MW Hill,AJ Finch,XJ Doherty,4,0,,,,,,,,,
654051,2013/14,2014-01-01,Bellerive Oval,1,3.6,Melbourne Renegades,Hobart Hurricanes,MW Hill,AJ Finch,XJ Doherty,0,0,,,,,,,,,
654051,2013/14,2014-01-01,Bellerive Oval,1,4.1,Melbourne Renegades,Hobart Hurricanes,AJ Finch,MW Hill,BW Hilfenhaus,4,0,,,,,,,,,
654051,2013/14,2014-01-01,Bellerive Oval,1,4.2,Melbourne Renegades,Hobart Hurricanes,AJ Finch,MW Hill,BW Hilfenhaus,0,0,,,,,,,,,
654051,2013/14,2014-01-01,Bellerive Oval,1,4.3,Melbourne Renegades,Hobart Hurricanes,AJ Finch,MW Hill,BW Hilfenhaus,4,0,,,,,,,,,
654051,2013/14,2014-01-01,Bellerive Oval,1,4.4,Melbourne Renegades,Hobart Hurricanes,AJ Finch,MW Hill,BW Hilfenhaus,0,0,,,,,,,,,
654051,2013/14,2014-01-01,Bellerive Oval,1,4.5,Melbourne Renegades,Hobart Hurricanes,AJ Finch,MW Hill,BW Hilfenhaus,1,0,,,,,,,,,
654051,2013/14,2014-01-01,Bellerive Oval,1,4.6,Melbourne Renegades,Hobart Hurricanes,MW Hill,AJ Finch,BW Hilfenhaus,1,0,,,,,,,,,
654051,2013/14,2014-01-01,Bellerive Oval,1,5.1,Melbourne Renegades,Hobart Hurricanes,MW Hill,AJ Finch,XJ Doherty,1,0,,,,,,,,,
654051,2013/14,2014-01-01,Bellerive Oval,1,5.2,Melbourne Renegades,Hobart Hurricanes,AJ Finch,MW Hill,XJ Doherty,1,0,,,,,,,,,
654051,2013/14,2014-01-01,Bellerive Oval,1,5.3,Melbourne Renegades,Hobart Hurricanes,MW Hill,AJ Finch,XJ Doherty,0,0,,,,,,,,,
654051,2013/14,2014-01-01,Bellerive Oval,1,5.4,Melbourne Renegades,Hobart Hurricanes,MW Hill,AJ Finch,XJ Doherty,1,0,,,,,,,,,
654051,2013/14,2014-01-01,Bellerive Oval,1,5.5,Melbourne Renegades,Hobart Hurricanes,AJ Finch,MW Hill,XJ Doherty,1,0,,,,,,,,,
654051,2013/14,2014-01-01,Bellerive Oval,1,5.6,Melbourne Renegades,Hobart Hurricanes,MW Hill,AJ Finch,XJ Doherty,0,0,,,,,,,,,
654051,2013/14,2014-01-01,Bellerive Oval,1,6.1,Melbourne Renegades,Hobart Hurricanes,AJ Finch,MW Hill,Shoaib Malik,1,0,,,,,,,,,
654051,2013/14,2014-01-01,Bellerive Oval,1,6.2,Melbourne Renegades,Hobart Hurricanes,MW Hill,AJ Finch,Shoaib Malik,1,0,,,,,,,,,
654051,2013/14,2014-01-01,Bellerive Oval,1,6.3,Melbourne Renegades,Hobart Hurricanes,AJ Finch,MW Hill,Shoaib Malik,6,0,,,,,,,,,
654051,2013/14,2014-01-01,Bellerive Oval,1,6.4,Melbourne Renegades,Hobart Hurricanes,AJ Finch,MW Hill,Shoaib Malik,0,0,,,,,,,,,
654051,2013/14,2014-01-01,Bellerive Oval,1,6.5,Melbourne Renegades,Hobart Hurricanes,AJ Finch,MW Hill,Shoaib Malik,0,0,,,,,,,,,
654051,2013/14,2014-01-01,Bellerive Oval,1,6.6,Melbourne Renegades,Hobart Hurricanes,AJ Finch,MW Hill,Shoaib Malik,1,0,,,,,,,,,
654051,2013/14,2014-01-01,Bellerive Oval,1,7.1,Melbourne Renegades,Hobart Hurricanes,AJ Finch,MW Hill,B Laughlin,1,0,,,,,,,,,
654051,2013/14,2014-01-01,Bellerive Oval,1,7.2,Melbourne Renegades,Hobart Hurricanes,MW Hill,AJ Finch,B Laughlin,0,0,,,,,,,,,
654051,2013/14,2014-01-01,Bellerive Oval,1,7.3,Melbourne Renegades,Hobart Hurricanes,MW Hill,AJ Finch,B Laughlin,1,0,,,,,,,,,
654051,2013/14,2014-01-01,Bellerive Oval,1,7.4,Melbourne Renegades,Hobart Hurricanes,AJ Finch,MW Hill,B Laughlin,1,0,,,,,,,,,
654051,2013/14,2014-01-01,Bellerive Oval,1,7.5,Melbourne Renegades,Hobart Hurricanes,MW Hill,AJ Finch,B Laughlin,0,0,,,,,,,,,
654051,2013/14,2014-01-01,Bellerive Oval,1,7.6,Melbourne Renegades,Hobart Hurricanes,MW Hill,AJ Finch,B Laughlin,1,0,,,,,,,,,
654051,2013/14,2014-01-01,Bellerive Oval,1,8.1,Melbourne Renegades,Hobart Hurricanes,MW Hill,AJ Finch,Shoaib Malik,1,0,,,,,,,,,
654051,2013/14,2014-01-01,Bellerive Oval,1,8.2,Melbourne Renegades,Hobart Hurricanes,AJ Finch,MW Hill,Shoaib Malik,1,0,,,,,,,,,
654051,2013/14,2014-01-01,Bellerive Oval,1,8.3,Melbourne Renegades,Hobart Hurricanes,MW Hill,AJ Finch,Shoaib Malik,6,0,,,,,,,,,
654051,2013/14,2014-01-01,Bellerive Oval,1,8.4,Melbourne Renegades,Hobart Hurricanes,MW Hill,AJ Finch,Shoaib Malik,1,0,,,,,,,,,
654051,2013/14,2014-01-01,Bellerive Oval,1,8.5,Melbourne Renegades,Hobart Hurricanes,AJ Finch,MW Hill,Shoaib Malik,6,0,,,,,,,,,
654051,2013/14,2014-01-01,Bellerive Oval,1,8.6,Melbourne Renegades,Hobart Hurricanes,AJ Finch,MW Hill,Shoaib Malik,1,0,,,,,,,,,
654051,2013/14,2014-01-01,Bellerive Oval,1,9.1,Melbourne Renegades,Hobart Hurricanes,AJ Finch,MW Hill,B Laughlin,0,1,,1,,,,,,,
654051,2013/14,2014-01-01,Bellerive Oval,1,9.2,Melbourne Renegades,Hobart Hurricanes,AJ Finch,MW Hill,B Laughlin,2,0,,,,,,,,,
654051,2013/14,2014-01-01,Bellerive Oval,1,9.3,Melbourne Renegades,Hobart Hurricanes,AJ Finch,MW Hill,B Laughlin,0,0,,,,,,caught,AJ Finch,,
654051,2013/14,2014-01-01,Bellerive Oval,1,9.4,Melbourne Renegades,Hobart Hurricanes,JC Buttler,MW Hill,B Laughlin,1,0,,,,,,,,,
654051,2013/14,2014-01-01,Bellerive Oval,1,9.5,Melbourne Renegades,Hobart Hurricanes,MW Hill,JC Buttler,B Laughlin,0,0,,,,,,,,,
654051,2013/14,2014-01-01,Bellerive Oval,1,9.6,Melbourne Renegades,Hobart Hurricanes,MW Hill,JC Buttler,B Laughlin,1,0,,,,,,,,,
654051,2013/14,2014-01-01,Bellerive Oval,1,9.7,Melbourne Renegades,Hobart Hurricanes,JC Buttler,MW Hill,B Laughlin,0,0,,,,,,run out,MW Hill,,
654051,2013/14,2014-01-01,Bellerive Oval,1,10.1,Melbourne Renegades,Hobart Hurricanes,BJ Rohrer,JC Buttler,BW Hilfenhaus,1,0,,,,,,,,,
654051,2013/14,2014-01-01,Bellerive Oval,1,10.2,Melbourne Renegades,Hobart Hurricanes,JC Buttler,BJ Rohrer,BW Hilfenhaus,0,0,,,,,,,,,
654051,2013/14,2014-01-01,Bellerive Oval,1,10.3,Melbourne Renegades,Hobart Hurricanes,JC Buttler,BJ Rohrer,BW Hilfenhaus,0,0,,,,,,,,,
654051,2013/14,2014-01-01,Bellerive Oval,1,10.4,Melbourne Renegades,Hobart Hurricanes,JC Buttler,BJ Rohrer,BW Hilfenhaus,2,0,,,,,,,,,
654051,2013/14,2014-01-01,Bellerive Oval,1,10.5,Melbourne Renegades,Hobart Hurricanes,JC Buttler,BJ Rohrer,BW Hilfenhaus,0,0,,,,,,,,,
654051,2013/14,2014-01-01,Bellerive Oval,1,10.6,Melbourne Renegades,Hobart Hurricanes,JC Buttler,BJ Rohrer,BW Hilfenhaus,1,0,,,,,,,,,
654051,2013/14,2014-01-01,Bellerive Oval,1,11.1,Melbourne Renegades,Hobart Hurricanes,JC Buttler,BJ Rohrer,DE Bollinger,0,0,,,,,,,,,
654051,2013/14,2014-01-01,Bellerive Oval,1,11.2,Melbourne Renegades,Hobart Hurricanes,JC Buttler,BJ Rohrer,DE Bollinger,0,0,,,,,,,,,
654051,2013/14,2014-01-01,Bellerive Oval,1,11.3,Melbourne Renegades,Hobart Hurricanes,JC Buttler,BJ Rohrer,DE Bollinger,1,0,,,,,,,,,
654051,2013/14,2014-01-01,Bellerive Oval,1,11.4,Melbourne Renegades,Hobart Hurricanes,BJ Rohrer,JC Buttler,DE Bollinger,2,0,,,,,,,,,
654051,2013/14,2014-01-01,Bellerive Oval,1,11.5,Melbourne Renegades,Hobart Hurricanes,BJ Rohrer,JC Buttler,DE Bollinger,0,0,,,,,,,,,
654051,2013/14,2014-01-01,Bellerive Oval,1,11.6,Melbourne Renegades,Hobart Hurricanes,BJ Rohrer,JC Buttler,DE Bollinger,0,4,,,,4,,,,,
654051,2013/14,2014-01-01,Bellerive Oval,1,12.1,Melbourne Renegades,Hobart Hurricanes,JC Buttler,BJ Rohrer,BW Hilfenhaus,4,0,,,,,,,,,
654051,2013/14,2014-01-01,Bellerive Oval,1,12.2,Melbourne Renegades,Hobart Hurricanes,JC Buttler,BJ Rohrer,BW Hilfenhaus,0,0,,,,,,,,,
654051,2013/14,2014-01-01,Bellerive Oval,1,12.3,Melbourne Renegades,Hobart Hurricanes,JC Buttler,BJ Rohrer,BW Hilfenhaus,4,0,,,,,,,,,
654051,2013/14,2014-01-01,Bellerive Oval,1,12.4,Melbourne Renegades,Hobart Hurricanes,JC Buttler,BJ Rohrer,BW Hilfenhaus,6,0,,,,,,,,,
654051,2013/14,2014-01-01,Bellerive Oval,1,12.5,Melbourne Renegades,Hobart Hurricanes,JC Buttler,BJ Rohrer,BW Hilfenhaus,1,0,,,,,,,,,
654051,2013/14,2014-01-01,Bellerive Oval,1,12.6,Melbourne Renegades,Hobart Hurricanes,BJ Rohrer,JC Buttler,BW Hilfenhaus,0,0,,,,,,,,,
654051,2013/14,2014-01-01,Bellerive Oval,1,13.1,Melbourne Renegades,Hobart Hurricanes,JC Buttler,BJ Rohrer,XJ Doherty,0,0,,,,,,,,,
654051,2013/14,2014-01-01,Bellerive Oval,1,13.2,Melbourne Renegades,Hobart Hurricanes,JC Buttler,BJ Rohrer,XJ Doherty,0,0,,,,,,caught,JC Buttler,,
654051,2013/14,2014-01-01,Bellerive Oval,1,13.3,Melbourne Renegades,Hobart Hurricanes,BJ Rohrer,TLW Cooper,XJ Doherty,1,0,,,,,,,,,
654051,2013/14,2014-01-01,Bellerive Oval,1,13.4,Melbourne Renegades,Hobart Hurricanes,TLW Cooper,BJ Rohrer,XJ Doherty,1,0,,,,,,,,,
654051,2013/14,2014-01-01,Bellerive Oval,1,13.5,Melbourne Renegades,Hobart Hurricanes,BJ Rohrer,TLW Cooper,XJ Doherty,4,0,,,,,,,,,
654051,2013/14,2014-01-01,Bellerive Oval,1,13.6,Melbourne Renegades,Hobart Hurricanes,BJ Rohrer,TLW Cooper,XJ Doherty,1,0,,,,,,,,,
654051,2013/14,2014-01-01,Bellerive Oval,1,14.1,Melbourne Renegades,Hobart Hurricanes,BJ Rohrer,TLW Cooper,Shoaib Malik,2,0,,,,,,,,,
654051,2013/14,2014-01-01,Bellerive Oval,1,14.2,Melbourne Renegades,Hobart Hurricanes,BJ Rohrer,TLW Cooper,Shoaib Malik,1,0,,,,,,,,,
654051,2013/14,2014-01-01,Bellerive Oval,1,14.3,Melbourne Renegades,Hobart Hurricanes,TLW Cooper,BJ Rohrer,Shoaib Malik,0,0,,,,,,,,,
654051,2013/14,2014-01-01,Bellerive Oval,1,14.4,Melbourne Renegades,Hobart Hurricanes,TLW Cooper,BJ Rohrer,Shoaib Malik,0,0,,,,,,,,,
654051,2013/14,2014-01-01,Bellerive Oval,1,14.5,Melbourne Renegades,Hobart Hurricanes,TLW Cooper,BJ Rohrer,Shoaib Malik,1,0,,,,,,,,,
654051,2013/14,2014-01-01,Bellerive Oval,1,14.6,Melbourne Renegades,Hobart Hurricanes,BJ Rohrer,TLW Cooper,Shoaib Malik,0,0,,,,,,bowled,BJ Rohrer,,
654051,2013/14,2014-01-01,Bellerive Oval,1,15.1,Melbourne Renegades,Hobart Hurricanes,TLW Cooper,PM Nevill,XJ Doherty,0,0,,,,,,,,,
654051,2013/14,2014-01-01,Bellerive Oval,1,15.2,Melbourne Renegades,Hobart Hurricanes,TLW Cooper,PM Nevill,XJ Doherty,0,0,,,,,,,,,
654051,2013/14,2014-01-01,Bellerive Oval,1,15.3,Melbourne Renegades,Hobart Hurricanes,TLW Cooper,PM Nevill,XJ Doherty,6,0,,,,,,,,,
654051,2013/14,2014-01-01,Bellerive Oval,1,15.4,Melbourne Renegades,Hobart Hurricanes,TLW Cooper,PM Nevill,XJ Doherty,1,0,,,,,,,,,
654051,2013/14,2014-01-01,Bellerive Oval,1,15.5,Melbourne Renegades,Hobart Hurricanes,PM Nevill,TLW Cooper,XJ Doherty,1,0,,,,,,,,,
654051,2013/14,2014-01-01,Bellerive Oval,1,15.6,Melbourne Renegades,Hobart Hurricanes,TLW Cooper,PM Nevill,XJ Doherty,2,0,,,,,,,,,
654051,2013/14,2014-01-01,Bellerive Oval,1,16.1,Melbourne Renegades,Hobart Hurricanes,PM Nevill,TLW Cooper,Shoaib Malik,1,0,,,,,,,,,
654051,2013/14,2014-01-01,Bellerive Oval,1,16.2,Melbourne Renegades,Hobart Hurricanes,TLW Cooper,PM Nevill,Shoaib Malik,1,0,,,,,,,,,
654051,2013/14,2014-01-01,Bellerive Oval,1,16.3,Melbourne Renegades,Hobart Hurricanes,PM Nevill,TLW Cooper,Shoaib Malik,0,0,,,,,,,,,
654051,2013/14,2014-01-01,Bellerive Oval,1,16.4,Melbourne Renegades,Hobart Hurricanes,PM Nevill,TLW Cooper,Shoaib Malik,1,0,,,,,,,,,
654051,2013/14,2014-01-01,Bellerive Oval,1,16.5,Melbourne Renegades,Hobart Hurricanes,TLW Cooper,PM Nevill,Shoaib Malik,2,0,,,,,,,,,
654051,2013/14,2014-01-01,Bellerive Oval,1,16.6,Melbourne Renegades,Hobart Hurricanes,TLW Cooper,PM Nevill,Shoaib Malik,0,1,,,,1,,,,,
654051,2013/14,2014-01-01,Bellerive Oval,1,17.1,Melbourne Renegades,Hobart Hurricanes,TLW Cooper,PM Nevill,B Laughlin,0,0,,,,,,,,,
654051,2013/14,2014-01-01,Bellerive Oval,1,17.2,Melbourne Renegades,Hobart Hurricanes,TLW Cooper,PM Nevill,B Laughlin,0,0,,,,,,,,,
654051,2013/14,2014-01-01,Bellerive Oval,1,17.3,Melbourne Renegades,Hobart Hurricanes,TLW Cooper,PM Nevill,B Laughlin,0,0,,,,,,,,,
654051,2013/14,2014-01-01,Bellerive Oval,1,17.4,Melbourne Renegades,Hobart Hurricanes,TLW Cooper,PM Nevill,B Laughlin,1,0,,,,,,,,,
654051,2013/14,2014-01-01,Bellerive Oval,1,17.5,Melbourne Renegades,Hobart Hurricanes,PM Nevill,TLW Cooper,B Laughlin,4,0,,,,,,,,,
654051,2013/14,2014-01-01,Bellerive Oval,1,17.6,Melbourne Renegades,Hobart Hurricanes,PM Nevill,TLW Cooper,B Laughlin,1,0,,,,,,,,,
654051,2013/14,2014-01-01,Bellerive Oval,1,18.1,Melbourne Renegades,Hobart Hurricanes,PM Nevill,TLW Cooper,DE Bollinger,1,0,,,,,,,,,
654051,2013/14,2014-01-01,Bellerive Oval,1,18.2,Melbourne Renegades,Hobart Hurricanes,TLW Cooper,PM Nevill,DE Bollinger,2,0,,,,,,,,,
654051,2013/14,2014-01-01,Bellerive Oval,1,18.3,Melbourne Renegades,Hobart Hurricanes,TLW Cooper,PM Nevill,DE Bollinger,0,0,,,,,,caught,TLW Cooper,,
654051,2013/14,2014-01-01,Bellerive Oval,1,18.4,Melbourne Renegades,Hobart Hurricanes,MG Gale,PM Nevill,DE Bollinger,2,0,,,,,,,,,
654051,2013/14,2014-01-01,Bellerive Oval,1,18.5,Melbourne Renegades,Hobart Hurricanes,MG Gale,PM Nevill,DE Bollinger,1,0,,,,,,,,,
654051,2013/14,2014-01-01,Bellerive Oval,1,18.6,Melbourne Renegades,Hobart Hurricanes,PM Nevill,MG Gale,DE Bollinger,0,0,,,,,,caught,PM Nevill,,
654051,2013/14,2014-01-01,Bellerive Oval,1,19.1,Melbourne Renegades,Hobart Hurricanes,MG Gale,JL Pattinson,B Laughlin,1,0,,,,,,,,,
654051,2013/14,2014-01-01,Bellerive Oval,1,19.2,Melbourne Renegades,Hobart Hurricanes,JL Pattinson,MG Gale,B Laughlin,0,0,,,,,,bowled,JL Pattinson,,
654051,2013/14,2014-01-01,Bellerive Oval,1,19.3,Melbourne Renegades,Hobart Hurricanes,NJ Rimmington,MG Gale,B Laughlin,0,0,,,,,,,,,
654051,2013/14,2014-01-01,Bellerive Oval,1,19.4,Melbourne Renegades,Hobart Hurricanes,NJ Rimmington,MG Gale,B Laughlin,0,0,,,,,,,,,
654051,2013/14,2014-01-01,Bellerive Oval,1,19.5,Melbourne Renegades,Hobart Hurricanes,NJ Rimmington,MG Gale,B Laughlin,0,0,,,,,,caught,NJ Rimmington,,
654051,2013/14,2014-01-01,Bellerive Oval,1,19.6,Melbourne Renegades,Hobart Hurricanes,MG Gale,AW O'Brien,B Laughlin,0,1,,,1,,,,,,
654051,2013/14,2014-01-01,Bellerive Oval,2,0.1,Hobart Hurricanes,Melbourne Renegades,BR Dunk,Shoaib Malik,JL Pattinson,0,0,,,,,,,,,
654051,2013/14,2014-01-01,Bellerive Oval,2,0.2,Hobart Hurricanes,Melbourne Renegades,BR Dunk,Shoaib Malik,JL Pattinson,0,0,,,,,,,,,
654051,2013/14,2014-01-01,Bellerive Oval,2,0.3,Hobart Hurricanes,Melbourne Renegades,BR Dunk,Shoaib Malik,JL Pattinson,0,0,,,,,,,,,
654051,2013/14,2014-01-01,Bellerive Oval,2,0.4,Hobart Hurricanes,Melbourne Renegades,BR Dunk,Shoaib Malik,JL Pattinson,1,0,,,,,,,,,
654051,2013/14,2014-01-01,Bellerive Oval,2,0.5,Hobart Hurricanes,Melbourne Renegades,Shoaib Malik,BR Dunk,JL Pattinson,0,0,,,,,,,,,
654051,2013/14,2014-01-01,Bellerive Oval,2,0.6,Hobart Hurricanes,Melbourne Renegades,Shoaib Malik,BR Dunk,JL Pattinson,0,0,,,,,,,,,
654051,2013/14,2014-01-01,Bellerive Oval,2,1.1,Hobart Hurricanes,Melbourne Renegades,BR Dunk,Shoaib Malik,MG Gale,0,4,,,,4,,,,,
654051,2013/14,2014-01-01,Bellerive Oval,2,1.2,Hobart Hurricanes,Melbourne Renegades,BR Dunk,Shoaib Malik,MG Gale,0,0,,,,,,caught,BR Dunk,,
654051,2013/14,2014-01-01,Bellerive Oval,2,1.3,Hobart Hurricanes,Melbourne Renegades,Shoaib Malik,TR Birt,MG Gale,0,0,,,,,,,,,
654051,2013/14,2014-01-01,Bellerive Oval,2,1.4,Hobart Hurricanes,Melbourne Renegades,Shoaib Malik,TR Birt,MG Gale,1,0,,,,,,,,,
654051,2013/14,2014-01-01,Bellerive Oval,2,1.5,Hobart Hurricanes,Melbourne Renegades,TR Birt,Shoaib Malik,MG Gale,4,0,,,,,,,,,
654051,2013/14,2014-01-01,Bellerive Oval,2,1.6,Hobart Hurricanes,Melbourne Renegades,TR Birt,Shoaib Malik,MG Gale,0,0,,,,,,,,,
654051,2013/14,2014-01-01,Bellerive Oval,2,2.1,Hobart Hurricanes,Melbourne Renegades,Shoaib Malik,TR Birt,JL Pattinson,0,0,,,,,,caught,Shoaib Malik,,
654051,2013/14,2014-01-01,Bellerive Oval,2,2.2,Hobart Hurricanes,Melbourne Renegades,OA Shah,TR Birt,JL Pattinson,0,0,,,,,,caught,OA Shah,,
654051,2013/14,2014-01-01,Bellerive Oval,2,2.3,Hobart Hurricanes,Melbourne Renegades,JW Wells,TR Birt,JL Pattinson,0,0,,,,,,,,,
654051,2013/14,2014-01-01,Bellerive Oval,2,2.4,Hobart Hurricanes,Melbourne Renegades,JW Wells,TR Birt,JL Pattinson,4,0,,,,,,,,,
654051,2013/14,2014-01-01,Bellerive Oval,2,2.5,Hobart Hurricanes,Melbourne Renegades,JW Wells,TR Birt,JL Pattinson,4,0,,,,,,,,,
654051,2013/14,2014-01-01,Bellerive Oval,2,2.6,Hobart Hurricanes,Melbourne Renegades,JW Wells,TR Birt,JL Pattinson,4,0,,,,,,,,,
654051,2013/14,2014-01-01,Bellerive Oval,2,3.1,Hobart Hurricanes,Melbourne Renegades,TR Birt,JW Wells,MG Gale,4,0,,,,,,,,,
654051,2013/14,2014-01-01,Bellerive Oval,2,3.2,Hobart Hurricanes,Melbourne Renegades,TR Birt,JW Wells,MG Gale,1,0,,,,,,,,,
654051,2013/14,2014-01-01,Bellerive Oval,2,3.3,Hobart Hurricanes,Melbourne Renegades,JW Wells,TR Birt,MG Gale,2,0,,,,,,,,,
654051,2013/14,2014-01-01,Bellerive Oval,2,3.4,Hobart Hurricanes,Melbourne Renegades,JW Wells,TR Birt,MG Gale,1,0,,,,,,,,,
654051,2013/14,2014-01-01,Bellerive Oval,2,3.5,Hobart Hurricanes,Melbourne Renegades,TR Birt,JW Wells,MG Gale,4,0,,,,,,,,,
654051,2013/14,2014-01-01,Bellerive Oval,2,3.6,Hobart Hurricanes,Melbourne Renegades,TR Birt,JW Wells,MG Gale,0,0,,,,,,,,,
654051,2013/14,2014-01-01,Bellerive Oval,2,4.1,Hobart Hurricanes,Melbourne Renegades,JW Wells,TR Birt,JL Pattinson,0,0,,,,,,,,,
654051,2013/14,2014-01-01,Bellerive Oval,2,4.2,Hobart Hurricanes,Melbourne Renegades,JW Wells,TR Birt,JL Pattinson,2,0,,,,,,,,,
654051,2013/14,2014-01-01,Bellerive Oval,2,4.3,Hobart Hurricanes,Melbourne Renegades,JW Wells,TR Birt,JL Pattinson,0,0,,,,,,,,,
654051,2013/14,2014-01-01,Bellerive Oval,2,4.4,Hobart Hurricanes,Melbourne Renegades,JW Wells,TR Birt,JL Pattinson,0,0,,,,,,,,,
654051,2013/14,2014-01-01,Bellerive Oval,2,4.5,Hobart Hurricanes,Melbourne Renegades,JW Wells,TR Birt,JL Pattinson,0,0,,,,,,,,,
654051,2013/14,2014-01-01,Bellerive Oval,2,4.6,Hobart Hurricanes,Melbourne Renegades,JW Wells,TR Birt,JL Pattinson,0,0,,,,,,,,,
654051,2013/14,2014-01-01,Bellerive Oval,2,5.1,Hobart Hurricanes,Melbourne Renegades,TR Birt,JW Wells,NJ Rimmington,0,0,,,,,,,,,
654051,2013/14,2014-01-01,Bellerive Oval,2,5.2,Hobart Hurricanes,Melbourne Renegades,TR Birt,JW Wells,NJ Rimmington,6,0,,,,,,,,,
654051,2013/14,2014-01-01,Bellerive Oval,2,5.3,Hobart Hurricanes,Melbourne Renegades,TR Birt,JW Wells,NJ Rimmington,1,0,,,,,,,,,
654051,2013/14,2014-01-01,Bellerive Oval,2,5.4,Hobart Hurricanes,Melbourne Renegades,JW Wells,TR Birt,NJ Rimmington,0,0,,,,,,caught,JW Wells,,
654051,2013/14,2014-01-01,Bellerive Oval,2,5.5,Hobart Hurricanes,Melbourne Renegades,TR Birt,TD Paine,NJ Rimmington,0,0,,,,,,,,,
654051,2013/14,2014-01-01,Bellerive Oval,2,5.6,Hobart Hurricanes,Melbourne Renegades,TR Birt,TD Paine,NJ Rimmington,0,0,,,,,,,,,
654051,2013/14,2014-01-01,Bellerive Oval,2,6.1,Hobart Hurricanes,Melbourne Renegades,TD Paine,TR Birt,AW O'Brien,4,0,,,,,,,,,
654051,2013/14,2014-01-01,Bellerive Oval,2,6.2,Hobart Hurricanes,Melbourne Renegades,TD Paine,TR Birt,AW O'Brien,1,0,,,,,,,,,
654051,2013/14,2014-01-01,Bellerive Oval,2,6.3,Hobart Hurricanes,Melbourne Renegades,TR Birt,TD Paine,AW O'Brien,1,0,,,,,,,,,
654051,2013/14,2014-01-01,Bellerive Oval,2,6.4,Hobart Hurricanes,Melbourne Renegades,TD Paine,TR Birt,AW O'Brien,0,0,,,,,,,,,
654051,2013/14,2014-01-01,Bellerive Oval,2,6.5,Hobart Hurricanes,Melbourne Renegades,TD Paine,TR Birt,AW O'Brien,0,0,,,,,,,,,
654051,2013/14,2014-01-01,Bellerive Oval,2,6.6,Hobart Hurricanes,Melbourne Renegades,TD Paine,TR Birt,AW O'Brien,1,0,,,,,,,,,
654051,2013/14,2014-01-01,Bellerive Oval,2,7.1,Hobart Hurricanes,Melbourne Renegades,TD Paine,TR Birt,M Muralitharan,1,0,,,,,,,,,
654051,2013/14,2014-01-01,Bellerive Oval,2,7.2,Hobart Hurricanes,Melbourne Renegades,TR Birt,TD Paine,M Muralitharan,0,0,,,,,,,,,
654051,2013/14,2014-01-01,Bellerive Oval,2,7.3,Hobart Hurricanes,Melbourne Renegades,TR Birt,TD Paine,M Muralitharan,0,0,,,,,,caught,TR Birt,,
654051,2013/14,2014-01-01,Bellerive Oval,2,7.4,Hobart Hurricanes,Melbourne Renegades,TD Paine,EP Gulbis,M Muralitharan,2,0,,,,,,,,,
654051,2013/14,2014-01-01,Bellerive Oval,2,7.5,Hobart Hurricanes,Melbourne Renegades,TD Paine,EP Gulbis,M Muralitharan,2,0,,,,,,,,,
654051,2013/14,2014-01-01,Bellerive Oval,2,7.6,Hobart Hurricanes,Melbourne Renegades,TD Paine,EP Gulbis,M Muralitharan,0,0,,,,,,,,,
654051,2013/14,2014-01-01,Bellerive Oval,2,8.1,Hobart Hurricanes,Melbourne Renegades,EP Gulbis,TD Paine,AW O'Brien,1,0,,,,,,,,,
654051,2013/14,2014-01-01,Bellerive Oval,2,8.2,Hobart Hurricanes,Melbourne Renegades,TD Paine,EP Gulbis,AW O'Brien,1,0,,,,,,,,,
654051,2013/14,2014-01-01,Bellerive Oval,2,8.3,Hobart Hurricanes,Melbourne Renegades,EP Gulbis,TD Paine,AW O'Brien,4,0,,,,,,,,,
654051,2013/14,2014-01-01,Bellerive Oval,2,8.4,Hobart Hurricanes,Melbourne Renegades,EP Gulbis,TD Paine,AW O'Brien,1,0,,,,,,,,,
654051,2013/14,2014-01-01,Bellerive Oval,2,8.5,Hobart Hurricanes,Melbourne Renegades,TD Paine,EP Gulbis,AW O'Brien,0,0,,,,,,,,,
654051,2013/14,2014-01-01,Bellerive Oval,2,8.6,Hobart Hurricanes,Melbourne Renegades,TD Paine,EP Gulbis,AW O'Brien,2,0,,,,,,,,,
654051,2013/14,2014-01-01,Bellerive Oval,2,9.1,Hobart Hurricanes,Melbourne Renegades,EP Gulbis,TD Paine,M Muralitharan,0,0,,,,,,,,,
654051,2013/14,2014-01-01,Bellerive Oval,2,9.2,Hobart Hurricanes,Melbourne Renegades,EP Gulbis,TD Paine,M Muralitharan,1,0,,,,,,,,,
654051,2013/14,2014-01-01,Bellerive Oval,2,9.3,Hobart Hurricanes,Melbourne Renegades,TD Paine,EP Gulbis,M Muralitharan,0,0,,,,,,,,,
654051,2013/14,2014-01-01,Bellerive Oval,2,9.4,Hobart Hurricanes,Melbourne Renegades,TD Paine,EP Gulbis,M Muralitharan,1,0,,,,,,,,,
654051,2013/14,2014-01-01,Bellerive Oval,2,9.5,Hobart Hurricanes,Melbourne Renegades,EP Gulbis,TD Paine,M Muralitharan,1,0,,,,,,,,,
654051,2013/14,2014-01-01,Bellerive Oval,2,9.6,Hobart Hurricanes,Melbourne Renegades,TD Paine,EP Gulbis,M Muralitharan,2,0,,,,,,,,,
654051,2013/14,2014-01-01,Bellerive Oval,2,10.1,Hobart Hurricanes,Melbourne Renegades,EP Gulbis,TD Paine,MG Gale,1,0,,,,,,,,,
654051,2013/14,2014-01-01,Bellerive Oval,2,10.2,Hobart Hurricanes,Melbourne Renegades,TD Paine,EP Gulbis,MG Gale,0,0,,,,,,,,,
654051,2013/14,2014-01-01,Bellerive Oval,2,10.3,Hobart Hurricanes,Melbourne Renegades,TD Paine,EP Gulbis,MG Gale,1,0,,,,,,,,,
654051,2013/14,2014-01-01,Bellerive Oval,2,10.4,Hobart Hurricanes,Melbourne Renegades,EP Gulbis,TD Paine,MG Gale,1,0,,,,,,,,,
654051,2013/14,2014-01-01,Bellerive Oval,2,10.5,Hobart Hurricanes,Melbourne Renegades,TD Paine,EP Gulbis,MG Gale,1,0,,,,,,,,,
654051,2013/14,2014-01-01,Bellerive Oval,2,10.6,Hobart Hurricanes,Melbourne Renegades,EP Gulbis,TD Paine,MG Gale,1,0,,,,,,,,,
654051,2013/14,2014-01-01,Bellerive Oval,2,11.1,Hobart Hurricanes,Melbourne Renegades,EP Gulbis,TD Paine,AJ Finch,1,0,,,,,,,,,
654051,2013/14,2014-01-01,Bellerive Oval,2,11.2,Hobart Hurricanes,Melbourne Renegades,TD Paine,EP Gulbis,AJ Finch,2,0,,,,,,,,,
654051,2013/14,2014-01-01,Bellerive Oval,2,11.3,Hobart Hurricanes,Melbourne Renegades,TD Paine,EP Gulbis,AJ Finch,0,0,,,,,,,,,
654051,2013/14,2014-01-01,Bellerive Oval,2,11.4,Hobart Hurricanes,Melbourne Renegades,TD Paine,EP Gulbis,AJ Finch,4,0,,,,,,,,,
654051,2013/14,2014-01-01,Bellerive Oval,2,11.5,Hobart Hurricanes,Melbourne Renegades,TD Paine,EP Gulbis,AJ Finch,1,0,,,,,,,,,
654051,2013/14,2014-01-01,Bellerive Oval,2,11.6,Hobart Hurricanes,Melbourne Renegades,EP Gulbis,TD Paine,AJ Finch,2,0,,,,,,,,,
654051,2013/14,2014-01-01,Bellerive Oval,2,12.1,Hobart Hurricanes,Melbourne Renegades,TD Paine,EP Gulbis,NJ Rimmington,1,0,,,,,,,,,
654051,2013/14,2014-01-01,Bellerive Oval,2,12.2,Hobart Hurricanes,Melbourne Renegades,EP Gulbis,TD Paine,NJ Rimmington,1,0,,,,,,,,,
654051,2013/14,2014-01-01,Bellerive Oval,2,12.3,Hobart Hurricanes,Melbourne Renegades,TD Paine,EP Gulbis,NJ Rimmington,1,0,,,,,,,,,
654051,2013/14,2014-01-01,Bellerive Oval,2,12.4,Hobart Hurricanes,Melbourne Renegades,EP Gulbis,TD Paine,NJ Rimmington,1,0,,,,,,,,,
654051,2013/14,2014-01-01,Bellerive Oval,2,12.5,Hobart Hurricanes,Melbourne Renegades,TD Paine,EP Gulbis,NJ Rimmington,1,0,,,,,,,,,
654051,2013/14,2014-01-01,Bellerive Oval,2,12.6,Hobart Hurricanes,Melbourne Renegades,EP Gulbis,TD Paine,NJ Rimmington,0,0,,,,,,caught,EP Gulbis,,
654051,2013/14,2014-01-01,Bellerive Oval,2,13.1,Hobart Hurricanes,Melbourne Renegades,B Laughlin,TD Paine,AW O'Brien,0,0,,,,,,,,,
654051,2013/14,2014-01-01,Bellerive Oval,2,13.2,Hobart Hurricanes,Melbourne Renegades,B Laughlin,TD Paine,AW O'Brien,0,0,,,,,,,,,
654051,2013/14,2014-01-01,Bellerive Oval,2,13.3,Hobart Hurricanes,Melbourne Renegades,B Laughlin,TD Paine,AW O'Brien,0,0,,,,,,,,,
654051,2013/14,2014-01-01,Bellerive Oval,2,13.4,Hobart Hurricanes,Melbourne Renegades,B Laughlin,TD Paine,AW O'Brien,1,0,,,,,,,,,
654051,2013/14,2014-01-01,Bellerive Oval,2,13.5,Hobart Hurricanes,Melbourne Renegades,TD Paine,B Laughlin,AW O'Brien,1,0,,,,,,,,,
654051,2013/14,2014-01-01,Bellerive Oval,2,13.6,Hobart Hurricanes,Melbourne Renegades,B Laughlin,TD Paine,AW O'Brien,1,0,,,,,,,,,
654051,2013/14,2014-01-01,Bellerive Oval,2,14.1,Hobart Hurricanes,Melbourne Renegades,B Laughlin,TD Paine,M Muralitharan,1,0,,,,,,,,,
654051,2013/14,2014-01-01,Bellerive Oval,2,14.2,Hobart Hurricanes,Melbourne Renegades,TD Paine,B Laughlin,M Muralitharan,1,0,,,,,,,,,
654051,2013/14,2014-01-01,Bellerive Oval,2,14.3,Hobart Hurricanes,Melbourne Renegades,B Laughlin,TD Paine,M Muralitharan,1,0,,,,,,,,,
654051,2013/14,2014-01-01,Bellerive Oval,2,14.4,Hobart Hurricanes,Melbourne Renegades,TD Paine,B Laughlin,M Muralitharan,0,0,,,,,,caught,TD Paine,,
654051,2013/14,2014-01-01,Bellerive Oval,2,14.5,Hobart Hurricanes,Melbourne Renegades,B Laughlin,BW Hilfenhaus,M Muralitharan,1,0,,,,,,,,,
654051,2013/14,2014-01-01,Bellerive Oval,2,14.6,Hobart Hurricanes,Melbourne Renegades,BW Hilfenhaus,B Laughlin,M Muralitharan,1,0,,,,,,,,,
654051,2013/14,2014-01-01,Bellerive Oval,2,15.1,Hobart Hurricanes,Melbourne Renegades,BW Hilfenhaus,B Laughlin,AW O'Brien,1,0,,,,,,,,,
654051,2013/14,2014-01-01,Bellerive Oval,2,15.2,Hobart Hurricanes,Melbourne Renegades,B Laughlin,BW Hilfenhaus,AW O'Brien,1,0,,,,,,,,,
654051,2013/14,2014-01-01,Bellerive Oval,2,15.3,Hobart Hurricanes,Melbourne Renegades,BW Hilfenhaus,B Laughlin,AW O'Brien,0,1,,,,1,,,,,
654051,2013/14,2014-01-01,Bellerive Oval,2,15.4,Hobart Hurricanes,Melbourne Renegades,B Laughlin,BW Hilfenhaus,AW O'Brien,0,0,,,,,,,,,
654051,2013/14,2014-01-01,Bellerive Oval,2,15.5,Hobart Hurricanes,Melbourne Renegades,B Laughlin,BW Hilfenhaus,AW O'Brien,2,0,,,,,,,,,
654051,2013/14,2014-01-01,Bellerive Oval,2,15.6,Hobart Hurricanes,Melbourne Renegades,B Laughlin,BW Hilfenhaus,AW O'Brien,0,0,,,,,,,,,
654051,2013/14,2014-01-01,Bellerive Oval,2,16.1,Hobart Hurricanes,Melbourne Renegades,BW Hilfenhaus,B Laughlin,JL Pattinson,0,0,,,,,,caught,BW Hilfenhaus,,
654051,2013/14,2014-01-01,Bellerive Oval,2,16.2,Hobart Hurricanes,Melbourne Renegades,B Laughlin,XJ Doherty,JL Pattinson,1,0,,,,,,,,,
654051,2013/14,2014-01-01,Bellerive Oval,2,16.3,Hobart Hurricanes,Melbourne Renegades,XJ Doherty,B Laughlin,JL Pattinson,1,0,,,,,,,,,
654051,2013/14,2014-01-01,Bellerive Oval,2,16.4,Hobart Hurricanes,Melbourne Renegades,B Laughlin,XJ Doherty,JL Pattinson,0,0,,,,,,caught,B Laughlin,,
654051,2013/14,2014-01-01,Bellerive Oval,2,16.5,Hobart Hurricanes,Melbourne Renegades,XJ Doherty,DE Bollinger,JL Pattinson,4,0,,,,,,,,,
654051,2013/14,2014-01-01,Bellerive Oval,2,16.6,Hobart Hurricanes,Melbourne Renegades,XJ Doherty,DE Bollinger,JL Pattinson,3,0,,,,,,,,,
654051,2013/14,2014-01-01,Bellerive Oval,2,17.1,Hobart Hurricanes,Melbourne Renegades,XJ Doherty,DE Bollinger,NJ Rimmington,0,0,,,,,,run out,DE Bollinger,,
