match_id,season,start_date,venue,innings,ball,batting_team,bowling_team,striker,non_striker,bowler,runs_off_bat,extras,wides,noballs,byes,legbyes,penalty,wicket_type,player_dismissed,other_wicket_type,other_player_dismissed
654083,2013/14,2014-01-18,Docklands Stadium,1,0.1,Sydney Sixers,Melbourne Renegades,NJ Maddinson,MJ Lumb,MG Gale,2,0,,,,,,,,,
654083,2013/14,2014-01-18,Docklands Stadium,1,0.2,Sydney Sixers,Melbourne Renegades,NJ Maddinson,MJ Lumb,MG Gale,1,0,,,,,,,,,
654083,2013/14,2014-01-18,Docklands Stadium,1,0.3,Sydney Sixers,Melbourne Renegades,MJ Lumb,NJ Maddinson,MG Gale,0,0,,,,,,,,,
654083,2013/14,2014-01-18,Docklands Stadium,1,0.4,Sydney Sixers,Melbourne Renegades,MJ Lumb,NJ Maddinson,MG Gale,0,1,1,,,,,,,,
654083,2013/14,2014-01-18,Docklands Stadium,1,0.5,Sydney Sixers,Melbourne Renegades,MJ Lumb,NJ Maddinson,MG Gale,0,0,,,,,,,,,
654083,2013/14,2014-01-18,Docklands Stadium,1,0.6,Sydney Sixers,Melbourne Renegades,MJ Lumb,NJ Maddinson,MG Gale,2,0,,,,,,,,,
654083,2013/14,2014-01-18,Docklands Stadium,1,0.7,Sydney Sixers,Melbourne Renegades,MJ Lumb,NJ Maddinson,MG Gale,0,0,,,,,,,,,
654083,2013/14,2014-01-18,Docklands Stadium,1,1.1,Sydney Sixers,Melbourne Renegades,NJ Maddinson,MJ Lumb,AW O'Brien,0,0,,,,,,stumped,NJ Maddinson,,
654083,2013/14,2014-01-18,Docklands Stadium,1,1.2,Sydney Sixers,Melbourne Renegades,MC Henriques,MJ Lumb,AW O'Brien,1,0,,,,,,,,,
654083,2013/14,2014-01-18,Docklands Stadium,1,1.3,Sydney Sixers,Melbourne Renegades,MJ Lumb,MC Henriques,AW O'Brien,1,0,,,,,,,,,
654083,2013/14,2014-01-18,Docklands Stadium,1,1.4,Sydney Sixers,Melbourne Renegades,MC Henriques,MJ Lumb,AW O'Brien,1,0,,,,,,,,,
654083,2013/14,2014-01-18,Docklands Stadium,1,1.5,Sydney Sixers,Melbourne Renegades,MJ Lumb,MC Henriques,AW O'Brien,2,0,,,,,,,,,
654083,2013/14,2014-01-18,Docklands Stadium,1,1.6,Sydney Sixers,Melbourne Renegades,MJ Lumb,MC Henriques,AW O'Brien,4,0,,,,,,,,,
654083,2013/14,2014-01-18,Docklands Stadium,1,2.1,Sydney Sixers,Melbourne Renegades,MC Henriques,MJ Lumb,MG Gale,0,0,,,,,,,,,
654083,2013/14,2014-01-18,Docklands Stadium,1,2.2,Sydney Sixers,Melbourne Renegades,MC Henriques,MJ Lumb,MG Gale,0,1,,,,1,,,,,
654083,2013/14,2014-01-18,Docklands Stadium,1,2.3,Sydney Sixers,Melbourne Renegades,MJ Lumb,MC Henriques,MG Gale,0,0,,,,,,,,,
654083,2013/14,2014-01-18,Docklands Stadium,1,2.4,Sydney Sixers,Melbourne Renegades,MJ Lumb,MC Henriques,MG Gale,1,0,,,,,,,,,
654083,2013/14,2014-01-18,Docklands Stadium,1,2.5,Sydney Sixers,Melbourne Renegades,MC Henriques,MJ Lumb,MG Gale,2,0,,,,,,,,,
654083,2013/14,2014-01-18,Docklands Stadium,1,2.6,Sydney Sixers,Melbourne Renegades,MC Henriques,MJ Lumb,MG Gale,1,0,,,,,,,,,
654083,2013/14,2014-01-18,Docklands Stadium,1,3.1,Sydney Sixers,Melbourne Renegades,MC Henriques,MJ Lumb,AW O'Brien,0,0,,,,,,,,,
654083,2013/14,2014-01-18,Docklands Stadium,1,3.2,Sydney Sixers,Melbourne Renegades,MC Henriques,MJ Lumb,AW O'Brien,4,0,,,,,,,,,
654083,2013/14,2014-01-18,Docklands Stadium,1,3.3,Sydney Sixers,Melbourne Renegades,MC Henriques,MJ Lumb,AW O'Brien,6,0,,,,,,,,,
654083,2013/14,2014-01-18,Docklands Stadium,1,3.4,Sydney Sixers,Melbourne Renegades,MC Henriques,MJ Lumb,AW O'Brien,4,0,,,,,,,,,
654083,2013/14,2014-01-18,Docklands Stadium,1,3.5,Sydney Sixers,Melbourne Renegades,MC Henriques,MJ Lumb,AW O'Brien,4,0,,,,,,,,,
654083,2013/14,2014-01-18,Docklands Stadium,1,3.6,Sydney Sixers,Melbourne Renegades,MC Henriques,MJ Lumb,AW O'Brien,0,0,,,,,,,,,
654083,2013/14,2014-01-18,Docklands Stadium,1,4.1,Sydney Sixers,Melbourne Renegades,MJ Lumb,MC Henriques,DJ Bravo,0,0,,,,,,,,,
654083,2013/14,2014-01-18,Docklands Stadium,1,4.2,Sydney Sixers,Melbourne Renegades,MJ Lumb,MC Henriques,DJ Bravo,0,0,,,,,,,,,
654083,2013/14,2014-01-18,Docklands Stadium,1,4.3,Sydney Sixers,Melbourne Renegades,MJ Lumb,MC Henriques,DJ Bravo,4,0,,,,,,,,,
654083,2013/14,2014-01-18,Docklands Stadium,1,4.4,Sydney Sixers,Melbourne Renegades,MJ Lumb,MC Henriques,DJ Bravo,0,0,,,,,,,,,
654083,2013/14,2014-01-18,Docklands Stadium,1,4.5,Sydney Sixers,Melbourne Renegades,MJ Lumb,MC Henriques,DJ Bravo,2,0,,,,,,,,,
654083,2013/14,2014-01-18,Docklands Stadium,1,4.6,Sydney Sixers,Melbourne Renegades,MJ Lumb,MC Henriques,DJ Bravo,2,0,,,,,,,,,
654083,2013/14,2014-01-18,Docklands Stadium,1,5.1,Sydney Sixers,Melbourne Renegades,MC Henriques,MJ Lumb,NJ Rimmington,4,0,,,,,,,,,
654083,2013/14,2014-01-18,Docklands Stadium,1,5.2,Sydney Sixers,Melbourne Renegades,MC Henriques,MJ Lumb,NJ Rimmington,0,0,,,,,,,,,
654083,2013/14,2014-01-18,Docklands Stadium,1,5.3,Sydney Sixers,Melbourne Renegades,MC Henriques,MJ Lumb,NJ Rimmington,0,0,,,,,,,,,
654083,2013/14,2014-01-18,Docklands Stadium,1,5.4,Sydney Sixers,Melbourne Renegades,MC Henriques,MJ Lumb,NJ Rimmington,0,1,1,,,,,,,,
654083,2013/14,2014-01-18,Docklands Stadium,1,5.5,Sydney Sixers,Melbourne Renegades,MC Henriques,MJ Lumb,NJ Rimmington,1,0,,,,,,,,,
654083,2013/14,2014-01-18,Docklands Stadium,1,5.6,Sydney Sixers,Melbourne Renegades,MJ Lumb,MC Henriques,NJ Rimmington,0,0,,,,,,caught,MJ Lumb,,
654083,2013/14,2014-01-18,Docklands Stadium,1,5.7,Sydney Sixers,Melbourne Renegades,MC Henriques,SPD Smith,NJ Rimmington,1,0,,,,,,,,,
654083,2013/14,2014-01-18,Docklands Stadium,1,6.1,Sydney Sixers,Melbourne Renegades,MC Henriques,SPD Smith,M Muralitharan,0,0,,,,,,,,,
654083,2013/14,2014-01-18,Docklands Stadium,1,6.2,Sydney Sixers,Melbourne Renegades,MC Henriques,SPD Smith,M Muralitharan,1,0,,,,,,,,,
654083,2013/14,2014-01-18,Docklands Stadium,1,6.3,Sydney Sixers,Melbourne Renegades,SPD Smith,MC Henriques,M Muralitharan,1,0,,,,,,,,,
654083,2013/14,2014-01-18,Docklands Stadium,1,6.4,Sydney Sixers,Melbourne Renegades,MC Henriques,SPD Smith,M Muralitharan,1,0,,,,,,,,,
654083,2013/14,2014-01-18,Docklands Stadium,1,6.5,Sydney Sixers,Melbourne Renegades,SPD Smith,MC Henriques,M Muralitharan,0,0,,,,,,,,,
654083,2013/14,2014-01-18,Docklands Stadium,1,6.6,Sydney Sixers,Melbourne Renegades,SPD Smith,MC Henriques,M Muralitharan,1,0,,,,,,,,,
654083,2013/14,2014-01-18,Docklands Stadium,1,7.1,Sydney Sixers,Melbourne Renegades,SPD Smith,MC Henriques,MG Gale,1,0,,,,,,,,,
654083,2013/14,2014-01-18,Docklands Stadium,1,7.2,Sydney Sixers,Melbourne Renegades,MC Henriques,SPD Smith,MG Gale,4,0,,,,,,,,,
654083,2013/14,2014-01-18,Docklands Stadium,1,7.3,Sydney Sixers,Melbourne Renegades,MC Henriques,SPD Smith,MG Gale,0,0,,,,,,,,,
654083,2013/14,2014-01-18,Docklands Stadium,1,7.4,Sydney Sixers,Melbourne Renegades,MC Henriques,SPD Smith,MG Gale,1,0,,,,,,,,,
654083,2013/14,2014-01-18,Docklands Stadium,1,7.5,Sydney Sixers,Melbourne Renegades,SPD Smith,MC Henriques,MG Gale,0,0,,,,,,,,,
654083,2013/14,2014-01-18,Docklands Stadium,1,7.6,Sydney Sixers,Melbourne Renegades,SPD Smith,MC Henriques,MG Gale,1,0,,,,,,,,,
654083,2013/14,2014-01-18,Docklands Stadium,1,8.1,Sydney Sixers,Melbourne Renegades,SPD Smith,MC Henriques,M Muralitharan,1,0,,,,,,,,,
654083,2013/14,2014-01-18,Docklands Stadium,1,8.2,Sydney Sixers,Melbourne Renegades,MC Henriques,SPD Smith,M Muralitharan,1,0,,,,,,,,,
654083,2013/14,2014-01-18,Docklands Stadium,1,8.3,Sydney Sixers,Melbourne Renegades,SPD Smith,MC Henriques,M Muralitharan,2,0,,,,,,,,,
654083,2013/14,2014-01-18,Docklands Stadium,1,8.4,Sydney Sixers,Melbourne Renegades,SPD Smith,MC Henriques,M Muralitharan,1,0,,,,,,,,,
654083,2013/14,2014-01-18,Docklands Stadium,1,8.5,Sydney Sixers,Melbourne Renegades,MC Henriques,SPD Smith,M Muralitharan,0,0,,,,,,,,,
654083,2013/14,2014-01-18,Docklands Stadium,1,8.6,Sydney Sixers,Melbourne Renegades,MC Henriques,SPD Smith,M Muralitharan,1,0,,,,,,,,,
654083,2013/14,2014-01-18,Docklands Stadium,1,9.1,Sydney Sixers,Melbourne Renegades,MC Henriques,SPD Smith,MG Gale,1,0,,,,,,,,,
654083,2013/14,2014-01-18,Docklands Stadium,1,9.2,Sydney Sixers,Melbourne Renegades,SPD Smith,MC Henriques,MG Gale,6,0,,,,,,,,,
654083,2013/14,2014-01-18,Docklands Stadium,1,9.3,Sydney Sixers,Melbourne Renegades,SPD Smith,MC Henriques,MG Gale,0,0,,,,,,,,,
654083,2013/14,2014-01-18,Docklands Stadium,1,9.4,Sydney Sixers,Melbourne Renegades,SPD Smith,MC Henriques,MG Gale,2,0,,,,,,,,,
654083,2013/14,2014-01-18,Docklands Stadium,1,9.5,Sydney Sixers,Melbourne Renegades,SPD Smith,MC Henriques,MG Gale,0,0,,,,,,,,,
654083,2013/14,2014-01-18,Docklands Stadium,1,9.6,Sydney Sixers,Melbourne Renegades,SPD Smith,MC Henriques,MG Gale,1,0,,,,,,,,,
654083,2013/14,2014-01-18,Docklands Stadium,1,10.1,Sydney Sixers,Melbourne Renegades,SPD Smith,MC Henriques,AW O'Brien,1,0,,,,,,,,,
654083,2013/14,2014-01-18,Docklands Stadium,1,10.2,Sydney Sixers,Melbourne Renegades,MC Henriques,SPD Smith,AW O'Brien,1,0,,,,,,,,,
654083,2013/14,2014-01-18,Docklands Stadium,1,10.3,Sydney Sixers,Melbourne Renegades,SPD Smith,MC Henriques,AW O'Brien,1,0,,,,,,,,,
654083,2013/14,2014-01-18,Docklands Stadium,1,10.4,Sydney Sixers,Melbourne Renegades,MC Henriques,SPD Smith,AW O'Brien,4,0,,,,,,,,,
654083,2013/14,2014-01-18,Docklands Stadium,1,10.5,Sydney Sixers,Melbourne Renegades,MC Henriques,SPD Smith,AW O'Brien,2,0,,,,,,,,,
654083,2013/14,2014-01-18,Docklands Stadium,1,10.6,Sydney Sixers,Melbourne Renegades,MC Henriques,SPD Smith,AW O'Brien,0,0,,,,,,,,,
654083,2013/14,2014-01-18,Docklands Stadium,1,11.1,Sydney Sixers,Melbourne Renegades,SPD Smith,MC Henriques,DJ Bravo,1,0,,,,,,,,,
654083,2013/14,2014-01-18,Docklands Stadium,1,11.2,Sydney Sixers,Melbourne Renegades,MC Henriques,SPD Smith,DJ Bravo,1,0,,,,,,,,,
654083,2013/14,2014-01-18,Docklands Stadium,1,11.3,Sydney Sixers,Melbourne Renegades,SPD Smith,MC Henriques,DJ Bravo,1,0,,,,,,,,,
654083,2013/14,2014-01-18,Docklands Stadium,1,11.4,Sydney Sixers,Melbourne Renegades,MC Henriques,SPD Smith,DJ Bravo,1,0,,,,,,,,,
654083,2013/14,2014-01-18,Docklands Stadium,1,11.5,Sydney Sixers,Melbourne Renegades,SPD Smith,MC Henriques,DJ Bravo,1,0,,,,,,,,,
654083,2013/14,2014-01-18,Docklands Stadium,1,11.6,Sydney Sixers,Melbourne Renegades,MC Henriques,SPD Smith,DJ Bravo,0,0,,,,,,,,,
654083,2013/14,2014-01-18,Docklands Stadium,1,12.1,Sydney Sixers,Melbourne Renegades,SPD Smith,MC Henriques,AW O'Brien,1,0,,,,,,,,,
654083,2013/14,2014-01-18,Docklands Stadium,1,12.2,Sydney Sixers,Melbourne Renegades,MC Henriques,SPD Smith,AW O'Brien,1,0,,,,,,,,,
654083,2013/14,2014-01-18,Docklands Stadium,1,12.3,Sydney Sixers,Melbourne Renegades,SPD Smith,MC Henriques,AW O'Brien,2,0,,,,,,,,,
654083,2013/14,2014-01-18,Docklands Stadium,1,12.4,Sydney Sixers,Melbourne Renegades,SPD Smith,MC Henriques,AW O'Brien,0,0,,,,,,caught and bowled,SPD Smith,,
654083,2013/14,2014-01-18,Docklands Stadium,1,12.5,Sydney Sixers,Melbourne Renegades,MJ North,MC Henriques,AW O'Brien,0,0,,,,,,,,,
654083,2013/14,2014-01-18,Docklands Stadium,1,12.6,Sydney Sixers,Melbourne Renegades,MJ North,MC Henriques,AW O'Brien,1,0,,,,,,,,,
654083,2013/14,2014-01-18,Docklands Stadium,1,13.1,Sydney Sixers,Melbourne Renegades,MJ North,MC Henriques,NJ Rimmington,1,0,,,,,,,,,
654083,2013/14,2014-01-18,Docklands Stadium,1,13.2,Sydney Sixers,Melbourne Renegades,MC Henriques,MJ North,NJ Rimmington,1,0,,,,,,,,,
654083,2013/14,2014-01-18,Docklands Stadium,1,13.3,Sydney Sixers,Melbourne Renegades,MJ North,MC Henriques,NJ Rimmington,1,0,,,,,,,,,
654083,2013/14,2014-01-18,Docklands Stadium,1,13.4,Sydney Sixers,Melbourne Renegades,MC Henriques,MJ North,NJ Rimmington,4,0,,,,,,,,,
654083,2013/14,2014-01-18,Docklands Stadium,1,13.5,Sydney Sixers,Melbourne Renegades,MC Henriques,MJ North,NJ Rimmington,1,0,,,,,,,,,
654083,2013/14,2014-01-18,Docklands Stadium,1,13.6,Sydney Sixers,Melbourne Renegades,MJ North,MC Henriques,NJ Rimmington,1,0,,,,,,,,,
654083,2013/14,2014-01-18,Docklands Stadium,1,14.1,Sydney Sixers,Melbourne Renegades,MJ North,MC Henriques,M Muralitharan,1,0,,,,,,,,,
654083,2013/14,2014-01-18,Docklands Stadium,1,14.2,Sydney Sixers,Melbourne Renegades,MC Henriques,MJ North,M Muralitharan,0,0,,,,,,stumped,MC Henriques,,
654083,2013/14,2014-01-18,Docklands Stadium,1,14.3,Sydney Sixers,Melbourne Renegades,JC Silk,MJ North,M Muralitharan,0,0,,,,,,,,,
654083,2013/14,2014-01-18,Docklands Stadium,1,14.4,Sydney Sixers,Melbourne Renegades,JC Silk,MJ North,M Muralitharan,0,1,1,,,,,,,,
654083,2013/14,2014-01-18,Docklands Stadium,1,14.5,Sydney Sixers,Melbourne Renegades,JC Silk,MJ North,M Muralitharan,0,0,,,,,,,,,
654083,2013/14,2014-01-18,Docklands Stadium,1,14.6,Sydney Sixers,Melbourne Renegades,JC Silk,MJ North,M Muralitharan,1,0,,,,,,,,,
654083,2013/14,2014-01-18,Docklands Stadium,1,14.7,Sydney Sixers,Melbourne Renegades,MJ North,JC Silk,M Muralitharan,0,0,,,,,,,,,
654083,2013/14,2014-01-18,Docklands Stadium,1,15.1,Sydney Sixers,Melbourne Renegades,JC Silk,MJ North,DJ Bravo,1,0,,,,,,,,,
654083,2013/14,2014-01-18,Docklands Stadium,1,15.2,Sydney Sixers,Melbourne Renegades,MJ North,JC Silk,DJ Bravo,1,0,,,,,,,,,
654083,2013/14,2014-01-18,Docklands Stadium,1,15.3,Sydney Sixers,Melbourne Renegades,JC Silk,MJ North,DJ Bravo,1,0,,,,,,,,,
654083,2013/14,2014-01-18,Docklands Stadium,1,15.4,Sydney Sixers,Melbourne Renegades,MJ North,JC Silk,DJ Bravo,1,0,,,,,,,,,
654083,2013/14,2014-01-18,Docklands Stadium,1,15.5,Sydney Sixers,Melbourne Renegades,JC Silk,MJ North,DJ Bravo,1,0,,,,,,,,,
654083,2013/14,2014-01-18,Docklands Stadium,1,15.6,Sydney Sixers,Melbourne Renegades,MJ North,JC Silk,DJ Bravo,1,0,,,,,,,,,
654083,2013/14,2014-01-18,Docklands Stadium,1,16.1,Sydney Sixers,Melbourne Renegades,MJ North,JC Silk,M Muralitharan,1,0,,,,,,,,,
654083,2013/14,2014-01-18,Docklands Stadium,1,16.2,Sydney Sixers,Melbourne Renegades,JC Silk,MJ North,M Muralitharan,1,0,,,,,,,,,
654083,2013/14,2014-01-18,Docklands Stadium,1,16.3,Sydney Sixers,Melbourne Renegades,MJ North,JC Silk,M Muralitharan,1,0,,,,,,,,,
654083,2013/14,2014-01-18,Docklands Stadium,1,16.4,Sydney Sixers,Melbourne Renegades,JC Silk,MJ North,M Muralitharan,0,0,,,,,,,,,
654083,2013/14,2014-01-18,Docklands Stadium,1,16.5,Sydney Sixers,Melbourne Renegades,JC Silk,MJ North,M Muralitharan,1,0,,,,,,,,,
654083,2013/14,2014-01-18,Docklands Stadium,1,16.6,Sydney Sixers,Melbourne Renegades,MJ North,JC Silk,M Muralitharan,6,0,,,,,,,,,
654083,2013/14,2014-01-18,Docklands Stadium,1,17.1,Sydney Sixers,Melbourne Renegades,JC Silk,MJ North,NJ Rimmington,1,0,,,,,,,,,
654083,2013/14,2014-01-18,Docklands Stadium,1,17.2,Sydney Sixers,Melbourne Renegades,MJ North,JC Silk,NJ Rimmington,4,0,,,,,,,,,
654083,2013/14,2014-01-18,Docklands Stadium,1,17.3,Sydney Sixers,Melbourne Renegades,MJ North,JC Silk,NJ Rimmington,1,0,,,,,,,,,
654083,2013/14,2014-01-18,Docklands Stadium,1,17.4,Sydney Sixers,Melbourne Renegades,JC Silk,MJ North,NJ Rimmington,1,0,,,,,,,,,
654083,2013/14,2014-01-18,Docklands Stadium,1,17.5,Sydney Sixers,Melbourne Renegades,MJ North,JC Silk,NJ Rimmington,4,0,,,,,,,,,
654083,2013/14,2014-01-18,Docklands Stadium,1,17.6,Sydney Sixers,Melbourne Renegades,MJ North,JC Silk,NJ Rimmington,1,0,,,,,,,,,
654083,2013/14,2014-01-18,Docklands Stadium,1,18.1,Sydney Sixers,Melbourne Renegades,MJ North,JC Silk,DJ Bravo,1,0,,,,,,,,,
654083,2013/14,2014-01-18,Docklands Stadium,1,18.2,Sydney Sixers,Melbourne Renegades,JC Silk,MJ North,DJ Bravo,2,0,,,,,,,,,
654083,2013/14,2014-01-18,Docklands Stadium,1,18.3,Sydney Sixers,Melbourne Renegades,JC Silk,MJ North,DJ Bravo,0,1,,,,1,,,,,
654083,2013/14,2014-01-18,Docklands Stadium,1,18.4,Sydney Sixers,Melbourne Renegades,MJ North,JC Silk,DJ Bravo,1,0,,,,,,,,,
654083,2013/14,2014-01-18,Docklands Stadium,1,18.5,Sydney Sixers,Melbourne Renegades,JC Silk,MJ North,DJ Bravo,0,0,,,,,,,,,
654083,2013/14,2014-01-18,Docklands Stadium,1,18.6,Sydney Sixers,Melbourne Renegades,JC Silk,MJ North,DJ Bravo,0,0,,,,,,bowled,JC Silk,,
654083,2013/14,2014-01-18,Docklands Stadium,1,19.1,Sydney Sixers,Melbourne Renegades,MJ North,DLR Smith,NJ Rimmington,1,0,,,,,,,,,
654083,2013/14,2014-01-18,Docklands Stadium,1,19.2,Sydney Sixers,Melbourne Renegades,DLR Smith,MJ North,NJ Rimmington,0,0,,,,,,lbw,DLR Smith,,
654083,2013/14,2014-01-18,Docklands Stadium,1,19.3,Sydney Sixers,Melbourne Renegades,SNJ O'Keefe,MJ North,NJ Rimmington,1,0,,,,,,,,,
654083,2013/14,2014-01-18,Docklands Stadium,1,19.4,Sydney Sixers,Melbourne Renegades,MJ North,SNJ O'Keefe,NJ Rimmington,1,0,,,,,,,,,
654083,2013/14,2014-01-18,Docklands Stadium,1,19.5,Sydney Sixers,Melbourne Renegades,SNJ O'Keefe,MJ North,NJ Rimmington,2,0,,,,,,,,,
654083,2013/14,2014-01-18,Docklands Stadium,1,19.6,Sydney Sixers,Melbourne Renegades,SNJ O'Keefe,MJ North,NJ Rimmington,2,0,,,,,,,,,
654083,2013/14,2014-01-18,Docklands Stadium,2,0.1,Melbourne Renegades,Sydney Sixers,DJ Harris,MW Hill,B Lee,0,0,,,,,,,,,
654083,2013/14,2014-01-18,Docklands Stadium,2,0.2,Melbourne Renegades,Sydney Sixers,DJ Harris,MW Hill,B Lee,0,0,,,,,,,,,
654083,2013/14,2014-01-18,Docklands Stadium,2,0.3,Melbourne Renegades,Sydney Sixers,DJ Harris,MW Hill,B Lee,0,1,,,,1,,,,,
654083,2013/14,2014-01-18,Docklands Stadium,2,0.4,Melbourne Renegades,Sydney Sixers,MW Hill,DJ Harris,B Lee,3,0,,,,,,,,,
654083,2013/14,2014-01-18,Docklands Stadium,2,0.5,Melbourne Renegades,Sydney Sixers,DJ Harris,MW Hill,B Lee,0,0,,,,,,,,,
654083,2013/14,2014-01-18,Docklands Stadium,2,0.6,Melbourne Renegades,Sydney Sixers,DJ Harris,MW Hill,B Lee,3,0,,,,,,,,,
654083,2013/14,2014-01-18,Docklands Stadium,2,1.1,Melbourne Renegades,Sydney Sixers,DJ Harris,MW Hill,SNJ O'Keefe,1,0,,,,,,,,,
654083,2013/14,2014-01-18,Docklands Stadium,2,1.2,Melbourne Renegades,Sydney Sixers,MW Hill,DJ Harris,SNJ O'Keefe,0,0,,,,,,,,,
654083,2013/14,2014-01-18,Docklands Stadium,2,1.3,Melbourne Renegades,Sydney Sixers,MW Hill,DJ Harris,SNJ O'Keefe,0,0,,,,,,,,,
654083,2013/14,2014-01-18,Docklands Stadium,2,1.4,Melbourne Renegades,Sydney Sixers,MW Hill,DJ Harris,SNJ O'Keefe,0,0,,,,,,,,,
654083,2013/14,2014-01-18,Docklands Stadium,2,1.5,Melbourne Renegades,Sydney Sixers,MW Hill,DJ Harris,SNJ O'Keefe,0,1,1,,,,,,,,
654083,2013/14,2014-01-18,Docklands Stadium,2,1.6,Melbourne Renegades,Sydney Sixers,MW Hill,DJ Harris,SNJ O'Keefe,0,0,,,,,,,,,
654083,2013/14,2014-01-18,Docklands Stadium,2,1.7,Melbourne Renegades,Sydney Sixers,MW Hill,DJ Harris,SNJ O'Keefe,0,0,,,,,,,,,
654083,2013/14,2014-01-18,Docklands Stadium,2,2.1,Melbourne Renegades,Sydney Sixers,DJ Harris,MW Hill,JR Hazlewood,1,0,,,,,,,,,
654083,2013/14,2014-01-18,Docklands Stadium,2,2.2,Melbourne Renegades,Sydney Sixers,MW Hill,DJ Harris,JR Hazlewood,1,0,,,,,,,,,
654083,2013/14,2014-01-18,Docklands Stadium,2,2.3,Melbourne Renegades,Sydney Sixers,DJ Harris,MW Hill,JR Hazlewood,1,0,,,,,,,,,
654083,2013/14,2014-01-18,Docklands Stadium,2,2.4,Melbourne Renegades,Sydney Sixers,MW Hill,DJ Harris,JR Hazlewood,0,0,,,,,,,,,
654083,2013/14,2014-01-18,Docklands Stadium,2,2.5,Melbourne Renegades,Sydney Sixers,MW Hill,DJ Harris,JR Hazlewood,0,0,,,,,,,,,
654083,2013/14,2014-01-18,Docklands Stadium,2,2.6,Melbourne Renegades,Sydney Sixers,MW Hill,DJ Harris,JR Hazlewood,1,0,,,,,,,,,
654083,2013/14,2014-01-18,Docklands Stadium,2,3.1,Melbourne Renegades,Sydney Sixers,MW Hill,DJ Harris,NM Lyon,0,0,,,,,,,,,
654083,2013/14,2014-01-18,Docklands Stadium,2,3.2,Melbourne Renegades,Sydney Sixers,MW Hill,DJ Harris,NM Lyon,6,0,,,,,,,,,
654083,2013/14,2014-01-18,Docklands Stadium,2,3.3,Melbourne Renegades,Sydney Sixers,MW Hill,DJ Harris,NM Lyon,1,0,,,,,,,,,
654083,2013/14,2014-01-18,Docklands Stadium,2,3.4,Melbourne Renegades,Sydney Sixers,DJ Harris,MW Hill,NM Lyon,6,0,,,,,,,,,
654083,2013/14,2014-01-18,Docklands Stadium,2,3.5,Melbourne Renegades,Sydney Sixers,DJ Harris,MW Hill,NM Lyon,0,0,,,,,,,,,
654083,2013/14,2014-01-18,Docklands Stadium,2,3.6,Melbourne Renegades,Sydney Sixers,DJ Harris,MW Hill,NM Lyon,0,0,,,,,,,,,
654083,2013/14,2014-01-18,Docklands Stadium,2,4.1,Melbourne Renegades,Sydney Sixers,MW Hill,DJ Harris,B Lee,1,0,,,,,,,,,
654083,2013/14,2014-01-18,Docklands Stadium,2,4.2,Melbourne Renegades,Sydney Sixers,DJ Harris,MW Hill,B Lee,0,0,,,,,,,,,
654083,2013/14,2014-01-18,Docklands Stadium,2,4.3,Melbourne Renegades,Sydney Sixers,DJ Harris,MW Hill,B Lee,2,0,,,,,,,,,
654083,2013/14,2014-01-18,Docklands Stadium,2,4.4,Melbourne Renegades,Sydney Sixers,DJ Harris,MW Hill,B Lee,2,0,,,,,,,,,
654083,2013/14,2014-01-18,Docklands Stadium,2,4.5,Melbourne Renegades,Sydney Sixers,DJ Harris,MW Hill,B Lee,0,0,,,,,,,,,
654083,2013/14,2014-01-18,Docklands Stadium,2,4.6,Melbourne Renegades,Sydney Sixers,DJ Harris,MW Hill,B Lee,4,0,,,,,,,,,
654083,2013/14,2014-01-18,Docklands Stadium,2,5.1,Melbourne Renegades,Sydney Sixers,MW Hill,DJ Harris,JR Hazlewood,1,0,,,,,,,,,
654083,2013/14,2014-01-18,Docklands Stadium,2,5.2,Melbourne Renegades,Sydney Sixers,DJ Harris,MW Hill,JR Hazlewood,0,0,,,,,,run out,DJ Harris,,
654083,2013/14,2014-01-18,Docklands Stadium,2,5.3,Melbourne Renegades,Sydney Sixers,MW Hill,AJ Doolan,JR Hazlewood,1,0,,,,,,,,,
654083,2013/14,2014-01-18,Docklands Stadium,2,5.4,Melbourne Renegades,Sydney Sixers,AJ Doolan,MW Hill,JR Hazlewood,2,0,,,,,,,,,
654083,2013/14,2014-01-18,Docklands Stadium,2,5.5,Melbourne Renegades,Sydney Sixers,AJ Doolan,MW Hill,JR Hazlewood,0,0,,,,,,,,,
654083,2013/14,2014-01-18,Docklands Stadium,2,5.6,Melbourne Renegades,Sydney Sixers,AJ Doolan,MW Hill,JR Hazlewood,0,0,,,,,,,,,
654083,2013/14,2014-01-18,Docklands Stadium,2,6.1,Melbourne Renegades,Sydney Sixers,MW Hill,AJ Doolan,SNJ O'Keefe,4,0,,,,,,,,,
654083,2013/14,2014-01-18,Docklands Stadium,2,6.2,Melbourne Renegades,Sydney Sixers,MW Hill,AJ Doolan,SNJ O'Keefe,1,0,,,,,,,,,
654083,2013/14,2014-01-18,Docklands Stadium,2,6.3,Melbourne Renegades,Sydney Sixers,AJ Doolan,MW Hill,SNJ O'Keefe,1,0,,,,,,,,,
654083,2013/14,2014-01-18,Docklands Stadium,2,6.4,Melbourne Renegades,Sydney Sixers,MW Hill,AJ Doolan,SNJ O'Keefe,1,0,,,,,,,,,
654083,2013/14,2014-01-18,Docklands Stadium,2,6.5,Melbourne Renegades,Sydney Sixers,AJ Doolan,MW Hill,SNJ O'Keefe,1,0,,,,,,,,,
654083,2013/14,2014-01-18,Docklands Stadium,2,6.6,Melbourne Renegades,Sydney Sixers,MW Hill,AJ Doolan,SNJ O'Keefe,0,0,,,,,,,,,
654083,2013/14,2014-01-18,Docklands Stadium,2,7.1,Melbourne Renegades,Sydney Sixers,AJ Doolan,MW Hill,MC Henriques,1,0,,,,,,,,,
654083,2013/14,2014-01-18,Docklands Stadium,2,7.2,Melbourne Renegades,Sydney Sixers,MW Hill,AJ Doolan,MC Henriques,0,0,,,,,,,,,
654083,2013/14,2014-01-18,Docklands Stadium,2,7.3,Melbourne Renegades,Sydney Sixers,MW Hill,AJ Doolan,MC Henriques,0,0,,,,,,,,,
654083,2013/14,2014-01-18,Docklands Stadium,2,7.4,Melbourne Renegades,Sydney Sixers,MW Hill,AJ Doolan,MC Henriques,1,0,,,,,,,,,
654083,2013/14,2014-01-18,Docklands Stadium,2,7.5,Melbourne Renegades,Sydney Sixers,AJ Doolan,MW Hill,MC Henriques,1,0,,,,,,,,,
654083,2013/14,2014-01-18,Docklands Stadium,2,7.6,Melbourne Renegades,Sydney Sixers,MW Hill,AJ Doolan,MC Henriques,1,0,,,,,,,,,
654083,2013/14,2014-01-18,Docklands Stadium,2,8.1,Melbourne Renegades,Sydney Sixers,MW Hill,AJ Doolan,NM Lyon,1,0,,,,,,,,,
654083,2013/14,2014-01-18,Docklands Stadium,2,8.2,Melbourne Renegades,Sydney Sixers,AJ Doolan,MW Hill,NM Lyon,1,0,,,,,,,,,
654083,2013/14,2014-01-18,Docklands Stadium,2,8.3,Melbourne Renegades,Sydney Sixers,MW Hill,AJ Doolan,NM Lyon,6,0,,,,,,,,,
654083,2013/14,2014-01-18,Docklands Stadium,2,8.4,Melbourne Renegades,Sydney Sixers,MW Hill,AJ Doolan,NM Lyon,2,0,,,,,,,,,
654083,2013/14,2014-01-18,Docklands Stadium,2,8.5,Melbourne Renegades,Sydney Sixers,MW Hill,AJ Doolan,NM Lyon,2,0,,,,,,,,,
654083,2013/14,2014-01-18,Docklands Stadium,2,8.6,Melbourne Renegades,Sydney Sixers,MW Hill,AJ Doolan,NM Lyon,0,0,,,,,,,,,
654083,2013/14,2014-01-18,Docklands Stadium,2,9.1,Melbourne Renegades,Sydney Sixers,AJ Doolan,MW Hill,MC Henriques,1,0,,,,,,,,,
654083,2013/14,2014-01-18,Docklands Stadium,2,9.2,Melbourne Renegades,Sydney Sixers,MW Hill,AJ Doolan,MC Henriques,1,0,,,,,,,,,
654083,2013/14,2014-01-18,Docklands Stadium,2,9.3,Melbourne Renegades,Sydney Sixers,AJ Doolan,MW Hill,MC Henriques,1,0,,,,,,,,,
654083,2013/14,2014-01-18,Docklands Stadium,2,9.4,Melbourne Renegades,Sydney Sixers,MW Hill,AJ Doolan,MC Henriques,0,0,,,,,,caught,MW Hill,,
654083,2013/14,2014-01-18,Docklands Stadium,2,9.5,Melbourne Renegades,Sydney Sixers,DJ Bravo,AJ Doolan,MC Henriques,0,0,,,,,,,,,
654083,2013/14,2014-01-18,Docklands Stadium,2,9.6,Melbourne Renegades,Sydney Sixers,DJ Bravo,AJ Doolan,MC Henriques,0,0,,,,,,,,,
654083,2013/14,2014-01-18,Docklands Stadium,2,10.1,Melbourne Renegades,Sydney Sixers,AJ Doolan,DJ Bravo,SNJ O'Keefe,1,0,,,,,,,,,
654083,2013/14,2014-01-18,Docklands Stadium,2,10.2,Melbourne Renegades,Sydney Sixers,DJ Bravo,AJ Doolan,SNJ O'Keefe,1,0,,,,,,,,,
654083,2013/14,2014-01-18,Docklands Stadium,2,10.3,Melbourne Renegades,Sydney Sixers,AJ Doolan,DJ Bravo,SNJ O'Keefe,0,0,,,,,,,,,
654083,2013/14,2014-01-18,Docklands Stadium,2,10.4,Melbourne Renegades,Sydney Sixers,AJ Doolan,DJ Bravo,SNJ O'Keefe,1,0,,,,,,,,,
654083,2013/14,2014-01-18,Docklands Stadium,2,10.5,Melbourne Renegades,Sydney Sixers,DJ Bravo,AJ Doolan,SNJ O'Keefe,0,0,,,,,,,,,
654083,2013/14,2014-01-18,Docklands Stadium,2,10.6,Melbourne Renegades,Sydney Sixers,DJ Bravo,AJ Doolan,SNJ O'Keefe,1,0,,,,,,,,,
654083,2013/14,2014-01-18,Docklands Stadium,2,11.1,Melbourne Renegades,Sydney Sixers,DJ Bravo,AJ Doolan,MC Henriques,1,0,,,,,,,,,
654083,2013/14,2014-01-18,Docklands Stadium,2,11.2,Melbourne Renegades,Sydney Sixers,AJ Doolan,DJ Bravo,MC Henriques,2,0,,,,,,,,,
654083,2013/14,2014-01-18,Docklands Stadium,2,11.3,Melbourne Renegades,Sydney Sixers,AJ Doolan,DJ Bravo,MC Henriques,4,0,,,,,,,,,
654083,2013/14,2014-01-18,Docklands Stadium,2,11.4,Melbourne Renegades,Sydney Sixers,AJ Doolan,DJ Bravo,MC Henriques,0,0,,,,,,,,,
654083,2013/14,2014-01-18,Docklands Stadium,2,11.5,Melbourne Renegades,Sydney Sixers,AJ Doolan,DJ Bravo,MC Henriques,1,0,,,,,,,,,
654083,2013/14,2014-01-18,Docklands Stadium,2,11.6,Melbourne Renegades,Sydney Sixers,DJ Bravo,AJ Doolan,MC Henriques,6,0,,,,,,,,,
654083,2013/14,2014-01-18,Docklands Stadium,2,12.1,Melbourne Renegades,Sydney Sixers,AJ Doolan,DJ Bravo,SNJ O'Keefe,1,0,,,,,,,,,
654083,2013/14,2014-01-18,Docklands Stadium,2,12.2,Melbourne Renegades,Sydney Sixers,DJ Bravo,AJ Doolan,SNJ O'Keefe,0,0,,,,,,,,,
654083,2013/14,2014-01-18,Docklands Stadium,2,12.3,Melbourne Renegades,Sydney Sixers,DJ Bravo,AJ Doolan,SNJ O'Keefe,6,0,,,,,,,,,
654083,2013/14,2014-01-18,Docklands Stadium,2,12.4,Melbourne Renegades,Sydney Sixers,DJ Bravo,AJ Doolan,SNJ O'Keefe,0,0,,,,,,run out,AJ Doolan,,
654083,2013/14,2014-01-18,Docklands Stadium,2,12.5,Melbourne Renegades,Sydney Sixers,DJ Bravo,BJ Rohrer,SNJ O'Keefe,1,0,,,,,,,,,
654083,2013/14,2014-01-18,Docklands Stadium,2,12.6,Melbourne Renegades,Sydney Sixers,BJ Rohrer,DJ Bravo,SNJ O'Keefe,0,0,,,,,,,,,
654083,2013/14,2014-01-18,Docklands Stadium,2,13.1,Melbourne Renegades,Sydney Sixers,DJ Bravo,BJ Rohrer,JR Hazlewood,0,0,,,,,,,,,
654083,2013/14,2014-01-18,Docklands Stadium,2,13.2,Melbourne Renegades,Sydney Sixers,DJ Bravo,BJ Rohrer,JR Hazlewood,1,0,,,,,,,,,
654083,2013/14,2014-01-18,Docklands Stadium,2,13.3,Melbourne Renegades,Sydney Sixers,BJ Rohrer,DJ Bravo,JR Hazlewood,2,0,,,,,,,,,
654083,2013/14,2014-01-18,Docklands Stadium,2,13.4,Melbourne Renegades,Sydney Sixers,BJ Rohrer,DJ Bravo,JR Hazlewood,0,0,,,,,,,,,
654083,2013/14,2014-01-18,Docklands Stadium,2,13.5,Melbourne Renegades,Sydney Sixers,BJ Rohrer,DJ Bravo,JR Hazlewood,1,0,,,,,,,,,
654083,2013/14,2014-01-18,Docklands Stadium,2,13.6,Melbourne Renegades,Sydney Sixers,DJ Bravo,BJ Rohrer,JR Hazlewood,2,0,,,,,,,,,
654083,2013/14,2014-01-18,Docklands Stadium,2,14.1,Melbourne Renegades,Sydney Sixers,BJ Rohrer,DJ Bravo,NM Lyon,2,0,,,,,,,,,
654083,2013/14,2014-01-18,Docklands Stadium,2,14.2,Melbourne Renegades,Sydney Sixers,BJ Rohrer,DJ Bravo,NM Lyon,2,0,,,,,,,,,
654083,2013/14,2014-01-18,Docklands Stadium,2,14.3,Melbourne Renegades,Sydney Sixers,BJ Rohrer,DJ Bravo,NM Lyon,1,0,,,,,,,,,
654083,2013/14,2014-01-18,Docklands Stadium,2,14.4,Melbourne Renegades,Sydney Sixers,DJ Bravo,BJ Rohrer,NM Lyon,0,0,,,,,,,,,
654083,2013/14,2014-01-18,Docklands Stadium,2,14.5,Melbourne Renegades,Sydney Sixers,DJ Bravo,BJ Rohrer,NM Lyon,2,0,,,,,,,,,
654083,2013/14,2014-01-18,Docklands Stadium,2,14.6,Melbourne Renegades,Sydney Sixers,DJ Bravo,BJ Rohrer,NM Lyon,0,0,,,,,,,,,
654083,2013/14,2014-01-18,Docklands Stadium,2,15.1,Melbourne Renegades,Sydney Sixers,BJ Rohrer,DJ Bravo,MC Henriques,1,0,,,,,,,,,
654083,2013/14,2014-01-18,Docklands Stadium,2,15.2,Melbourne Renegades,Sydney Sixers,DJ Bravo,BJ Rohrer,MC Henriques,1,0,,,,,,,,,
654083,2013/14,2014-01-18,Docklands Stadium,2,15.3,Melbourne Renegades,Sydney Sixers,BJ Rohrer,DJ Bravo,MC Henriques,0,0,,,,,,,,,
654083,2013/14,2014-01-18,Docklands Stadium,2,15.4,Melbourne Renegades,Sydney Sixers,BJ Rohrer,DJ Bravo,MC Henriques,1,0,,,,,,,,,
654083,2013/14,2014-01-18,Docklands Stadium,2,15.5,Melbourne Renegades,Sydney Sixers,DJ Bravo,BJ Rohrer,MC Henriques,4,0,,,,,,,,,
654083,2013/14,2014-01-18,Docklands Stadium,2,15.6,Melbourne Renegades,Sydney Sixers,DJ Bravo,BJ Rohrer,MC Henriques,1,0,,,,,,,,,
654083,2013/14,2014-01-18,Docklands Stadium,2,16.1,Melbourne Renegades,Sydney Sixers,DJ Bravo,BJ Rohrer,NM Lyon,0,0,,,,,,,,,
654083,2013/14,2014-01-18,Docklands Stadium,2,16.2,Melbourne Renegades,Sydney Sixers,DJ Bravo,BJ Rohrer,NM Lyon,2,0,,,,,,,,,
654083,2013/14,2014-01-18,Docklands Stadium,2,16.3,Melbourne Renegades,Sydney Sixers,DJ Bravo,BJ Rohrer,NM Lyon,2,0,,,,,,,,,
654083,2013/14,2014-01-18,Docklands Stadium,2,16.4,Melbourne Renegades,Sydney Sixers,DJ Bravo,BJ Rohrer,NM Lyon,1,0,,,,,,,,,
654083,2013/14,2014-01-18,Docklands Stadium,2,16.5,Melbourne Renegades,Sydney Sixers,BJ Rohrer,DJ Bravo,NM Lyon,1,0,,,,,,,,,
654083,2013/14,2014-01-18,Docklands Stadium,2,16.6,Melbourne Renegades,Sydney Sixers,DJ Bravo,BJ Rohrer,NM Lyon,1,0,,,,,,,,,
654083,2013/14,2014-01-18,Docklands Stadium,2,17.1,Melbourne Renegades,Sydney Sixers,DJ Bravo,BJ Rohrer,B Lee,1,0,,,,,,,,,
654083,2013/14,2014-01-18,Docklands Stadium,2,17.2,Melbourne Renegades,Sydney Sixers,BJ Rohrer,DJ Bravo,B Lee,1,0,,,,,,,,,
654083,2013/14,2014-01-18,Docklands Stadium,2,17.3,Melbourne Renegades,Sydney Sixers,DJ Bravo,BJ Rohrer,B Lee,2,0,,,,,,,,,
654083,2013/14,2014-01-18,Docklands Stadium,2,17.4,Melbourne Renegades,Sydney Sixers,DJ Bravo,BJ Rohrer,B Lee,1,0,,,,,,,,,
654083,2013/14,2014-01-18,Docklands Stadium,2,17.5,Melbourne Renegades,Sydney Sixers,BJ Rohrer,DJ Bravo,B Lee,1,0,,,,,,,,,
654083,2013/14,2014-01-18,Docklands Stadium,2,17.6,Melbourne Renegades,Sydney Sixers,DJ Bravo,BJ Rohrer,B Lee,1,0,,,,,,,,,
654083,2013/14,2014-01-18,Docklands Stadium,2,18.1,Melbourne Renegades,Sydney Sixers,DJ Bravo,BJ Rohrer,JR Hazlewood,0,0,,,,,,caught,DJ Bravo,,
654083,2013/14,2014-01-18,Docklands Stadium,2,18.2,Melbourne Renegades,Sydney Sixers,BJ Rohrer,SF Mire,JR Hazlewood,1,0,,,,,,,,,
654083,2013/14,2014-01-18,Docklands Stadium,2,18.3,Melbourne Renegades,Sydney Sixers,SF Mire,BJ Rohrer,JR Hazlewood,1,0,,,,,,,,,
654083,2013/14,2014-01-18,Docklands Stadium,2,18.4,Melbourne Renegades,Sydney Sixers,BJ Rohrer,SF Mire,JR Hazlewood,4,0,,,,,,,,,
654083,2013/14,2014-01-18,Docklands Stadium,2,18.5,Melbourne Renegades,Sydney Sixers,BJ Rohrer,SF Mire,JR Hazlewood,0,0,,,,,,run out,SF Mire,,
654083,2013/14,2014-01-18,Docklands Stadium,2,18.6,Melbourne Renegades,Sydney Sixers,PM Nevill,BJ Rohrer,JR Hazlewood,2,0,,,,,,,,,
654083,2013/14,2014-01-18,Docklands Stadium,2,19.1,Melbourne Renegades,Sydney Sixers,BJ Rohrer,PM Nevill,B Lee,2,0,,,,,,,,,
654083,2013/14,2014-01-18,Docklands Stadium,2,19.2,Melbourne Renegades,Sydney Sixers,BJ Rohrer,PM Nevill,B Lee,0,1,,,,1,,,,,
654083,2013/14,2014-01-18,Docklands Stadium,2,19.3,Melbourne Renegades,Sydney Sixers,PM Nevill,BJ Rohrer,B Lee,2,0,,,,,,,,,
654083,2013/14,2014-01-18,Docklands Stadium,2,19.4,Melbourne Renegades,Sydney Sixers,PM Nevill,BJ Rohrer,B Lee,0,1,,,,1,,,,,
654083,2013/14,2014-01-18,Docklands Stadium,2,19.5,Melbourne Renegades,Sydney Sixers,BJ Rohrer,PM Nevill,B Lee,2,0,,,,,,,,,
654083,2013/14,2014-01-18,Docklands Stadium,2,19.6,Melbourne Renegades,Sydney Sixers,BJ Rohrer,PM Nevill,B Lee,6,0,,,,,,,,,
