match_id,season,start_date,venue,innings,ball,batting_team,bowling_team,striker,non_striker,bowler,runs_off_bat,extras,wides,noballs,byes,legbyes,penalty,wicket_type,player_dismissed,other_wicket_type,other_player_dismissed
654067,2013/14,2014-01-09,Melbourne Cricket Ground,1,0.1,Adelaide Strikers,Melbourne Stars,M Klinger,AD Hales,JM Bird,2,0,,,,,,,,,
654067,2013/14,2014-01-09,Melbourne Cricket Ground,1,0.2,Adelaide Strikers,Melbourne Stars,M Klinger,AD Hales,JM Bird,0,0,,,,,,,,,
654067,2013/14,2014-01-09,Melbourne Cricket Ground,1,0.3,Adelaide Strikers,Melbourne Stars,M Klinger,AD Hales,JM Bird,4,0,,,,,,,,,
654067,2013/14,2014-01-09,Melbourne Cricket Ground,1,0.4,Adelaide Strikers,Melbourne Stars,M Klinger,AD Hales,JM Bird,0,0,,,,,,,,,
654067,2013/14,2014-01-09,Melbourne Cricket Ground,1,0.5,Adelaide Strikers,Melbourne Stars,M Klinger,AD Hales,JM Bird,0,0,,,,,,,,,
654067,2013/14,2014-01-09,Melbourne Cricket Ground,1,0.6,Adelaide Strikers,Melbourne Stars,M Klinger,AD Hales,JM Bird,1,0,,,,,,,,,
654067,2013/14,2014-01-09,Melbourne Cricket Ground,1,1.1,Adelaide Strikers,Melbourne Stars,M Klinger,AD Hales,SL Malinga,0,0,,,,,,,,,
654067,2013/14,2014-01-09,Melbourne Cricket Ground,1,1.2,Adelaide Strikers,Melbourne Stars,M Klinger,AD Hales,SL Malinga,0,0,,,,,,,,,
654067,2013/14,2014-01-09,Melbourne Cricket Ground,1,1.3,Adelaide Strikers,Melbourne Stars,M Klinger,AD Hales,SL Malinga,0,0,,,,,,,,,
654067,2013/14,2014-01-09,Melbourne Cricket Ground,1,1.4,Adelaide Strikers,Melbourne Stars,M Klinger,AD Hales,SL Malinga,1,0,,,,,,,,,
654067,2013/14,2014-01-09,Melbourne Cricket Ground,1,1.5,Adelaide Strikers,Melbourne Stars,AD Hales,M Klinger,SL Malinga,1,0,,,,,,,,,
654067,2013/14,2014-01-09,Melbourne Cricket Ground,1,1.6,Adelaide Strikers,Melbourne Stars,M Klinger,AD Hales,SL Malinga,1,0,,,,,,,,,
654067,2013/14,2014-01-09,Melbourne Cricket Ground,1,2.1,Adelaide Strikers,Melbourne Stars,M Klinger,AD Hales,JM Bird,4,0,,,,,,,,,
654067,2013/14,2014-01-09,Melbourne Cricket Ground,1,2.2,Adelaide Strikers,Melbourne Stars,M Klinger,AD Hales,JM Bird,0,0,,,,,,,,,
654067,2013/14,2014-01-09,Melbourne Cricket Ground,1,2.3,Adelaide Strikers,Melbourne Stars,M Klinger,AD Hales,JM Bird,3,0,,,,,,,,,
654067,2013/14,2014-01-09,Melbourne Cricket Ground,1,2.4,Adelaide Strikers,Melbourne Stars,AD Hales,M Klinger,JM Bird,4,0,,,,,,,,,
654067,2013/14,2014-01-09,Melbourne Cricket Ground,1,2.5,Adelaide Strikers,Melbourne Stars,AD Hales,M Klinger,JM Bird,0,0,,,,,,caught,AD Hales,,
654067,2013/14,2014-01-09,Melbourne Cricket Ground,1,2.6,Adelaide Strikers,Melbourne Stars,TP Ludeman,M Klinger,JM Bird,0,0,,,,,,,,,
654067,2013/14,2014-01-09,Melbourne Cricket Ground,1,3.1,Adelaide Strikers,Melbourne Stars,M Klinger,TP Ludeman,JP Faulkner,0,0,,,,,,,,,
654067,2013/14,2014-01-09,Melbourne Cricket Ground,1,3.2,Adelaide Strikers,Melbourne Stars,M Klinger,TP Ludeman,JP Faulkner,0,1,1,,,,,,,,
654067,2013/14,2014-01-09,Melbourne Cricket Ground,1,3.3,Adelaide Strikers,Melbourne Stars,M Klinger,TP Ludeman,JP Faulkner,1,0,,,,,,,,,
654067,2013/14,2014-01-09,Melbourne Cricket Ground,1,3.4,Adelaide Strikers,Melbourne Stars,TP Ludeman,M Klinger,JP Faulkner,0,0,,,,,,,,,
654067,2013/14,2014-01-09,Melbourne Cricket Ground,1,3.5,Adelaide Strikers,Melbourne Stars,TP Ludeman,M Klinger,JP Faulkner,0,0,,,,,,,,,
654067,2013/14,2014-01-09,Melbourne Cricket Ground,1,3.6,Adelaide Strikers,Melbourne Stars,TP Ludeman,M Klinger,JP Faulkner,0,0,,,,,,,,,
654067,2013/14,2014-01-09,Melbourne Cricket Ground,1,3.7,Adelaide Strikers,Melbourne Stars,TP Ludeman,M Klinger,JP Faulkner,1,0,,,,,,,,,
654067,2013/14,2014-01-09,Melbourne Cricket Ground,1,4.1,Adelaide Strikers,Melbourne Stars,TP Ludeman,M Klinger,JM Bird,0,0,,,,,,,,,
654067,2013/14,2014-01-09,Melbourne Cricket Ground,1,4.2,Adelaide Strikers,Melbourne Stars,TP Ludeman,M Klinger,JM Bird,0,1,,,,1,,,,,
654067,2013/14,2014-01-09,Melbourne Cricket Ground,1,4.3,Adelaide Strikers,Melbourne Stars,M Klinger,TP Ludeman,JM Bird,1,0,,,,,,,,,
654067,2013/14,2014-01-09,Melbourne Cricket Ground,1,4.4,Adelaide Strikers,Melbourne Stars,TP Ludeman,M Klinger,JM Bird,2,0,,,,,,,,,
654067,2013/14,2014-01-09,Melbourne Cricket Ground,1,4.5,Adelaide Strikers,Melbourne Stars,TP Ludeman,M Klinger,JM Bird,1,0,,,,,,,,,
654067,2013/14,2014-01-09,Melbourne Cricket Ground,1,4.6,Adelaide Strikers,Melbourne Stars,M Klinger,TP Ludeman,JM Bird,6,0,,,,,,,,,
654067,2013/14,2014-01-09,Melbourne Cricket Ground,1,5.1,Adelaide Strikers,Melbourne Stars,TP Ludeman,M Klinger,JP Faulkner,2,0,,,,,,,,,
654067,2013/14,2014-01-09,Melbourne Cricket Ground,1,5.2,Adelaide Strikers,Melbourne Stars,TP Ludeman,M Klinger,JP Faulkner,0,0,,,,,,caught,TP Ludeman,,
654067,2013/14,2014-01-09,Melbourne Cricket Ground,1,5.3,Adelaide Strikers,Melbourne Stars,PJ Hughes,M Klinger,JP Faulkner,0,0,,,,,,caught,PJ Hughes,,
654067,2013/14,2014-01-09,Melbourne Cricket Ground,1,5.4,Adelaide Strikers,Melbourne Stars,NJ Reardon,M Klinger,JP Faulkner,1,0,,,,,,,,,
654067,2013/14,2014-01-09,Melbourne Cricket Ground,1,5.5,Adelaide Strikers,Melbourne Stars,M Klinger,NJ Reardon,JP Faulkner,1,0,,,,,,,,,
654067,2013/14,2014-01-09,Melbourne Cricket Ground,1,5.6,Adelaide Strikers,Melbourne Stars,NJ Reardon,M Klinger,JP Faulkner,0,0,,,,,,,,,
654067,2013/14,2014-01-09,Melbourne Cricket Ground,1,6.1,Adelaide Strikers,Melbourne Stars,M Klinger,NJ Reardon,JM Bird,0,0,,,,,,,,,
654067,2013/14,2014-01-09,Melbourne Cricket Ground,1,6.2,Adelaide Strikers,Melbourne Stars,M Klinger,NJ Reardon,JM Bird,0,0,,,,,,,,,
654067,2013/14,2014-01-09,Melbourne Cricket Ground,1,6.3,Adelaide Strikers,Melbourne Stars,M Klinger,NJ Reardon,JM Bird,1,0,,,,,,,,,
654067,2013/14,2014-01-09,Melbourne Cricket Ground,1,6.4,Adelaide Strikers,Melbourne Stars,NJ Reardon,M Klinger,JM Bird,0,0,,,,,,,,,
654067,2013/14,2014-01-09,Melbourne Cricket Ground,1,6.5,Adelaide Strikers,Melbourne Stars,NJ Reardon,M Klinger,JM Bird,0,0,,,,,,,,,
654067,2013/14,2014-01-09,Melbourne Cricket Ground,1,6.6,Adelaide Strikers,Melbourne Stars,NJ Reardon,M Klinger,JM Bird,0,0,,,,,,,,,
654067,2013/14,2014-01-09,Melbourne Cricket Ground,1,7.1,Adelaide Strikers,Melbourne Stars,M Klinger,NJ Reardon,SL Malinga,1,0,,,,,,,,,
654067,2013/14,2014-01-09,Melbourne Cricket Ground,1,7.2,Adelaide Strikers,Melbourne Stars,NJ Reardon,M Klinger,SL Malinga,0,0,,,,,,bowled,NJ Reardon,,
654067,2013/14,2014-01-09,Melbourne Cricket Ground,1,7.3,Adelaide Strikers,Melbourne Stars,Shakib Al Hasan,M Klinger,SL Malinga,0,0,,,,,,,,,
654067,2013/14,2014-01-09,Melbourne Cricket Ground,1,7.4,Adelaide Strikers,Melbourne Stars,Shakib Al Hasan,M Klinger,SL Malinga,0,0,,,,,,,,,
654067,2013/14,2014-01-09,Melbourne Cricket Ground,1,7.5,Adelaide Strikers,Melbourne Stars,Shakib Al Hasan,M Klinger,SL Malinga,0,0,,,,,,,,,
654067,2013/14,2014-01-09,Melbourne Cricket Ground,1,7.6,Adelaide Strikers,Melbourne Stars,Shakib Al Hasan,M Klinger,SL Malinga,0,0,,,,,,,,,
654067,2013/14,2014-01-09,Melbourne Cricket Ground,1,8.1,Adelaide Strikers,Melbourne Stars,M Klinger,Shakib Al Hasan,LJ Wright,0,0,,,,,,,,,
654067,2013/14,2014-01-09,Melbourne Cricket Ground,1,8.2,Adelaide Strikers,Melbourne Stars,M Klinger,Shakib Al Hasan,LJ Wright,0,1,1,,,,,,,,
654067,2013/14,2014-01-09,Melbourne Cricket Ground,1,8.3,Adelaide Strikers,Melbourne Stars,M Klinger,Shakib Al Hasan,LJ Wright,1,0,,,,,,,,,
654067,2013/14,2014-01-09,Melbourne Cricket Ground,1,8.4,Adelaide Strikers,Melbourne Stars,Shakib Al Hasan,M Klinger,LJ Wright,0,0,,,,,,,,,
654067,2013/14,2014-01-09,Melbourne Cricket Ground,1,8.5,Adelaide Strikers,Melbourne Stars,Shakib Al Hasan,M Klinger,LJ Wright,2,0,,,,,,,,,
654067,2013/14,2014-01-09,Melbourne Cricket Ground,1,8.6,Adelaide Strikers,Melbourne Stars,Shakib Al Hasan,M Klinger,LJ Wright,0,0,,,,,,,,,
654067,2013/14,2014-01-09,Melbourne Cricket Ground,1,8.7,Adelaide Strikers,Melbourne Stars,Shakib Al Hasan,M Klinger,LJ Wright,0,0,,,,,,caught,Shakib Al Hasan,,
654067,2013/14,2014-01-09,Melbourne Cricket Ground,1,9.1,Adelaide Strikers,Melbourne Stars,M Klinger,MG Neser,JW Hastings,0,0,,,,,,,,,
654067,2013/14,2014-01-09,Melbourne Cricket Ground,1,9.2,Adelaide Strikers,Melbourne Stars,M Klinger,MG Neser,JW Hastings,0,0,,,,,,,,,
654067,2013/14,2014-01-09,Melbourne Cricket Ground,1,9.3,Adelaide Strikers,Melbourne Stars,M Klinger,MG Neser,JW Hastings,0,0,,,,,,,,,
654067,2013/14,2014-01-09,Melbourne Cricket Ground,1,9.4,Adelaide Strikers,Melbourne Stars,M Klinger,MG Neser,JW Hastings,2,0,,,,,,,,,
654067,2013/14,2014-01-09,Melbourne Cricket Ground,1,9.5,Adelaide Strikers,Melbourne Stars,M Klinger,MG Neser,JW Hastings,0,0,,,,,,,,,
654067,2013/14,2014-01-09,Melbourne Cricket Ground,1,9.6,Adelaide Strikers,Melbourne Stars,M Klinger,MG Neser,JW Hastings,0,0,,,,,,,,,
654067,2013/14,2014-01-09,Melbourne Cricket Ground,1,10.1,Adelaide Strikers,Melbourne Stars,MG Neser,M Klinger,LJ Wright,1,0,,,,,,,,,
654067,2013/14,2014-01-09,Melbourne Cricket Ground,1,10.2,Adelaide Strikers,Melbourne Stars,M Klinger,MG Neser,LJ Wright,0,0,,,,,,,,,
654067,2013/14,2014-01-09,Melbourne Cricket Ground,1,10.3,Adelaide Strikers,Melbourne Stars,M Klinger,MG Neser,LJ Wright,4,0,,,,,,,,,
654067,2013/14,2014-01-09,Melbourne Cricket Ground,1,10.4,Adelaide Strikers,Melbourne Stars,M Klinger,MG Neser,LJ Wright,0,0,,,,,,,,,
654067,2013/14,2014-01-09,Melbourne Cricket Ground,1,10.5,Adelaide Strikers,Melbourne Stars,M Klinger,MG Neser,LJ Wright,1,0,,,,,,,,,
654067,2013/14,2014-01-09,Melbourne Cricket Ground,1,10.6,Adelaide Strikers,Melbourne Stars,MG Neser,M Klinger,LJ Wright,1,0,,,,,,,,,
654067,2013/14,2014-01-09,Melbourne Cricket Ground,1,11.1,Adelaide Strikers,Melbourne Stars,MG Neser,M Klinger,JW Hastings,0,0,,,,,,,,,
654067,2013/14,2014-01-09,Melbourne Cricket Ground,1,11.2,Adelaide Strikers,Melbourne Stars,MG Neser,M Klinger,JW Hastings,0,0,,,,,,,,,
654067,2013/14,2014-01-09,Melbourne Cricket Ground,1,11.3,Adelaide Strikers,Melbourne Stars,MG Neser,M Klinger,JW Hastings,2,0,,,,,,,,,
654067,2013/14,2014-01-09,Melbourne Cricket Ground,1,11.4,Adelaide Strikers,Melbourne Stars,MG Neser,M Klinger,JW Hastings,0,0,,,,,,,,,
654067,2013/14,2014-01-09,Melbourne Cricket Ground,1,11.5,Adelaide Strikers,Melbourne Stars,MG Neser,M Klinger,JW Hastings,0,0,,,,,,,,,
654067,2013/14,2014-01-09,Melbourne Cricket Ground,1,11.6,Adelaide Strikers,Melbourne Stars,MG Neser,M Klinger,JW Hastings,0,0,,,,,,,,,
654067,2013/14,2014-01-09,Melbourne Cricket Ground,1,12.1,Adelaide Strikers,Melbourne Stars,M Klinger,MG Neser,JM Muirhead,1,0,,,,,,,,,
654067,2013/14,2014-01-09,Melbourne Cricket Ground,1,12.2,Adelaide Strikers,Melbourne Stars,MG Neser,M Klinger,JM Muirhead,0,0,,,,,,,,,
654067,2013/14,2014-01-09,Melbourne Cricket Ground,1,12.3,Adelaide Strikers,Melbourne Stars,MG Neser,M Klinger,JM Muirhead,0,0,,,,,,,,,
654067,2013/14,2014-01-09,Melbourne Cricket Ground,1,12.4,Adelaide Strikers,Melbourne Stars,MG Neser,M Klinger,JM Muirhead,0,0,,,,,,stumped,MG Neser,,
654067,2013/14,2014-01-09,Melbourne Cricket Ground,1,12.5,Adelaide Strikers,Melbourne Stars,KW Richardson,M Klinger,JM Muirhead,1,0,,,,,,,,,
654067,2013/14,2014-01-09,Melbourne Cricket Ground,1,12.6,Adelaide Strikers,Melbourne Stars,M Klinger,KW Richardson,JM Muirhead,0,0,,,,,,,,,
654067,2013/14,2014-01-09,Melbourne Cricket Ground,1,13.1,Adelaide Strikers,Melbourne Stars,KW Richardson,M Klinger,JP Faulkner,0,0,,,,,,,,,
654067,2013/14,2014-01-09,Melbourne Cricket Ground,1,13.2,Adelaide Strikers,Melbourne Stars,KW Richardson,M Klinger,JP Faulkner,0,0,,,,,,,,,
654067,2013/14,2014-01-09,Melbourne Cricket Ground,1,13.3,Adelaide Strikers,Melbourne Stars,KW Richardson,M Klinger,JP Faulkner,0,0,,,,,,,,,
654067,2013/14,2014-01-09,Melbourne Cricket Ground,1,13.4,Adelaide Strikers,Melbourne Stars,KW Richardson,M Klinger,JP Faulkner,0,0,,,,,,,,,
654067,2013/14,2014-01-09,Melbourne Cricket Ground,1,13.5,Adelaide Strikers,Melbourne Stars,KW Richardson,M Klinger,JP Faulkner,0,0,,,,,,,,,
654067,2013/14,2014-01-09,Melbourne Cricket Ground,1,13.6,Adelaide Strikers,Melbourne Stars,KW Richardson,M Klinger,JP Faulkner,0,0,,,,,,,,,
654067,2013/14,2014-01-09,Melbourne Cricket Ground,1,14.1,Adelaide Strikers,Melbourne Stars,M Klinger,KW Richardson,JM Muirhead,1,0,,,,,,,,,
654067,2013/14,2014-01-09,Melbourne Cricket Ground,1,14.2,Adelaide Strikers,Melbourne Stars,KW Richardson,M Klinger,JM Muirhead,1,0,,,,,,,,,
654067,2013/14,2014-01-09,Melbourne Cricket Ground,1,14.3,Adelaide Strikers,Melbourne Stars,M Klinger,KW Richardson,JM Muirhead,0,0,,,,,,,,,
654067,2013/14,2014-01-09,Melbourne Cricket Ground,1,14.4,Adelaide Strikers,Melbourne Stars,M Klinger,KW Richardson,JM Muirhead,0,0,,,,,,,,,
654067,2013/14,2014-01-09,Melbourne Cricket Ground,1,14.5,Adelaide Strikers,Melbourne Stars,M Klinger,KW Richardson,JM Muirhead,1,0,,,,,,,,,
654067,2013/14,2014-01-09,Melbourne Cricket Ground,1,14.6,Adelaide Strikers,Melbourne Stars,KW Richardson,M Klinger,JM Muirhead,6,0,,,,,,,,,
654067,2013/14,2014-01-09,Melbourne Cricket Ground,1,15.1,Adelaide Strikers,Melbourne Stars,M Klinger,KW Richardson,SL Malinga,1,0,,,,,,,,,
654067,2013/14,2014-01-09,Melbourne Cricket Ground,1,15.2,Adelaide Strikers,Melbourne Stars,KW Richardson,M Klinger,SL Malinga,0,0,,,,,,,,,
654067,2013/14,2014-01-09,Melbourne Cricket Ground,1,15.3,Adelaide Strikers,Melbourne Stars,KW Richardson,M Klinger,SL Malinga,0,0,,,,,,,,,
654067,2013/14,2014-01-09,Melbourne Cricket Ground,1,15.4,Adelaide Strikers,Melbourne Stars,KW Richardson,M Klinger,SL Malinga,1,0,,,,,,,,,
654067,2013/14,2014-01-09,Melbourne Cricket Ground,1,15.5,Adelaide Strikers,Melbourne Stars,M Klinger,KW Richardson,SL Malinga,1,0,,,,,,,,,
654067,2013/14,2014-01-09,Melbourne Cricket Ground,1,15.6,Adelaide Strikers,Melbourne Stars,KW Richardson,M Klinger,SL Malinga,0,1,,,,1,,,,,
654067,2013/14,2014-01-09,Melbourne Cricket Ground,1,16.1,Adelaide Strikers,Melbourne Stars,KW Richardson,M Klinger,JW Hastings,1,0,,,,,,,,,
654067,2013/14,2014-01-09,Melbourne Cricket Ground,1,16.2,Adelaide Strikers,Melbourne Stars,M Klinger,KW Richardson,JW Hastings,1,0,,,,,,,,,
654067,2013/14,2014-01-09,Melbourne Cricket Ground,1,16.3,Adelaide Strikers,Melbourne Stars,KW Richardson,M Klinger,JW Hastings,0,0,,,,,,,,,
654067,2013/14,2014-01-09,Melbourne Cricket Ground,1,16.4,Adelaide Strikers,Melbourne Stars,KW Richardson,M Klinger,JW Hastings,1,0,,,,,,,,,
654067,2013/14,2014-01-09,Melbourne Cricket Ground,1,16.5,Adelaide Strikers,Melbourne Stars,M Klinger,KW Richardson,JW Hastings,0,1,,,,1,,,,,
654067,2013/14,2014-01-09,Melbourne Cricket Ground,1,16.6,Adelaide Strikers,Melbourne Stars,KW Richardson,M Klinger,JW Hastings,4,0,,,,,,,,,
654067,2013/14,2014-01-09,Melbourne Cricket Ground,1,17.1,Adelaide Strikers,Melbourne Stars,M Klinger,KW Richardson,JP Faulkner,0,0,,,,,,,,,
654067,2013/14,2014-01-09,Melbourne Cricket Ground,1,17.2,Adelaide Strikers,Melbourne Stars,M Klinger,KW Richardson,JP Faulkner,0,0,,,,,,,,,
654067,2013/14,2014-01-09,Melbourne Cricket Ground,1,17.3,Adelaide Strikers,Melbourne Stars,M Klinger,KW Richardson,JP Faulkner,1,0,,,,,,,,,
654067,2013/14,2014-01-09,Melbourne Cricket Ground,1,17.4,Adelaide Strikers,Melbourne Stars,KW Richardson,M Klinger,JP Faulkner,1,0,,,,,,,,,
654067,2013/14,2014-01-09,Melbourne Cricket Ground,1,17.5,Adelaide Strikers,Melbourne Stars,M Klinger,KW Richardson,JP Faulkner,0,0,,,,,,caught,M Klinger,,
654067,2013/14,2014-01-09,Melbourne Cricket Ground,1,17.6,Adelaide Strikers,Melbourne Stars,KW Richardson,JM Holland,JP Faulkner,0,0,,,,,,,,,
654067,2013/14,2014-01-09,Melbourne Cricket Ground,1,18.1,Adelaide Strikers,Melbourne Stars,JM Holland,KW Richardson,SL Malinga,0,0,,,,,,,,,
654067,2013/14,2014-01-09,Melbourne Cricket Ground,1,18.2,Adelaide Strikers,Melbourne Stars,JM Holland,KW Richardson,SL Malinga,0,0,,,,,,,,,
654067,2013/14,2014-01-09,Melbourne Cricket Ground,1,18.3,Adelaide Strikers,Melbourne Stars,JM Holland,KW Richardson,SL Malinga,0,0,,,,,,bowled,JM Holland,,
654067,2013/14,2014-01-09,Melbourne Cricket Ground,1,18.4,Adelaide Strikers,Melbourne Stars,GD Putland,KW Richardson,SL Malinga,0,0,,,,,,,,,
654067,2013/14,2014-01-09,Melbourne Cricket Ground,1,18.5,Adelaide Strikers,Melbourne Stars,GD Putland,KW Richardson,SL Malinga,1,0,,,,,,,,,
654067,2013/14,2014-01-09,Melbourne Cricket Ground,1,18.6,Adelaide Strikers,Melbourne Stars,KW Richardson,GD Putland,SL Malinga,0,0,,,,,,,,,
654067,2013/14,2014-01-09,Melbourne Cricket Ground,1,19.1,Adelaide Strikers,Melbourne Stars,GD Putland,KW Richardson,JW Hastings,0,1,,,,1,,,,,
654067,2013/14,2014-01-09,Melbourne Cricket Ground,1,19.2,Adelaide Strikers,Melbourne Stars,KW Richardson,GD Putland,JW Hastings,0,0,,,,,,,,,
654067,2013/14,2014-01-09,Melbourne Cricket Ground,1,19.3,Adelaide Strikers,Melbourne Stars,KW Richardson,GD Putland,JW Hastings,0,1,1,,,,,,,,
654067,2013/14,2014-01-09,Melbourne Cricket Ground,1,19.4,Adelaide Strikers,Melbourne Stars,KW Richardson,GD Putland,JW Hastings,4,0,,,,,,,,,
654067,2013/14,2014-01-09,Melbourne Cricket Ground,1,19.5,Adelaide Strikers,Melbourne Stars,KW Richardson,GD Putland,JW Hastings,0,0,,,,,,,,,
654067,2013/14,2014-01-09,Melbourne Cricket Ground,1,19.6,Adelaide Strikers,Melbourne Stars,KW Richardson,GD Putland,JW Hastings,1,0,,,,,,run out,KW Richardson,,
654067,2013/14,2014-01-09,Melbourne Cricket Ground,1,19.7,Adelaide Strikers,Melbourne Stars,SW Tait,GD Putland,JW Hastings,1,0,,,,,,,,,
654067,2013/14,2014-01-09,Melbourne Cricket Ground,2,0.1,Melbourne Stars,Adelaide Strikers,CL White,LJ Wright,SW Tait,1,0,,,,,,,,,
654067,2013/14,2014-01-09,Melbourne Cricket Ground,2,0.2,Melbourne Stars,Adelaide Strikers,LJ Wright,CL White,SW Tait,0,0,,,,,,,,,
654067,2013/14,2014-01-09,Melbourne Cricket Ground,2,0.3,Melbourne Stars,Adelaide Strikers,LJ Wright,CL White,SW Tait,4,0,,,,,,,,,
654067,2013/14,2014-01-09,Melbourne Cricket Ground,2,0.4,Melbourne Stars,Adelaide Strikers,LJ Wright,CL White,SW Tait,4,0,,,,,,,,,
654067,2013/14,2014-01-09,Melbourne Cricket Ground,2,0.5,Melbourne Stars,Adelaide Strikers,LJ Wright,CL White,SW Tait,0,0,,,,,,,,,
654067,2013/14,2014-01-09,Melbourne Cricket Ground,2,0.6,Melbourne Stars,Adelaide Strikers,LJ Wright,CL White,SW Tait,0,0,,,,,,,,,
654067,2013/14,2014-01-09,Melbourne Cricket Ground,2,1.1,Melbourne Stars,Adelaide Strikers,CL White,LJ Wright,GD Putland,0,0,,,,,,,,,
654067,2013/14,2014-01-09,Melbourne Cricket Ground,2,1.2,Melbourne Stars,Adelaide Strikers,CL White,LJ Wright,GD Putland,1,0,,,,,,,,,
654067,2013/14,2014-01-09,Melbourne Cricket Ground,2,1.3,Melbourne Stars,Adelaide Strikers,LJ Wright,CL White,GD Putland,2,0,,,,,,,,,
654067,2013/14,2014-01-09,Melbourne Cricket Ground,2,1.4,Melbourne Stars,Adelaide Strikers,LJ Wright,CL White,GD Putland,4,0,,,,,,,,,
654067,2013/14,2014-01-09,Melbourne Cricket Ground,2,1.5,Melbourne Stars,Adelaide Strikers,LJ Wright,CL White,GD Putland,6,0,,,,,,,,,
654067,2013/14,2014-01-09,Melbourne Cricket Ground,2,1.6,Melbourne Stars,Adelaide Strikers,LJ Wright,CL White,GD Putland,0,0,,,,,,,,,
654067,2013/14,2014-01-09,Melbourne Cricket Ground,2,2.1,Melbourne Stars,Adelaide Strikers,CL White,LJ Wright,SW Tait,1,0,,,,,,,,,
654067,2013/14,2014-01-09,Melbourne Cricket Ground,2,2.2,Melbourne Stars,Adelaide Strikers,LJ Wright,CL White,SW Tait,4,0,,,,,,,,,
654067,2013/14,2014-01-09,Melbourne Cricket Ground,2,2.3,Melbourne Stars,Adelaide Strikers,LJ Wright,CL White,SW Tait,0,0,,,,,,,,,
654067,2013/14,2014-01-09,Melbourne Cricket Ground,2,2.4,Melbourne Stars,Adelaide Strikers,LJ Wright,CL White,SW Tait,4,0,,,,,,,,,
654067,2013/14,2014-01-09,Melbourne Cricket Ground,2,2.5,Melbourne Stars,Adelaide Strikers,LJ Wright,CL White,SW Tait,4,0,,,,,,,,,
654067,2013/14,2014-01-09,Melbourne Cricket Ground,2,2.6,Melbourne Stars,Adelaide Strikers,LJ Wright,CL White,SW Tait,4,0,,,,,,,,,
654067,2013/14,2014-01-09,Melbourne Cricket Ground,2,3.1,Melbourne Stars,Adelaide Strikers,CL White,LJ Wright,KW Richardson,2,0,,,,,,,,,
654067,2013/14,2014-01-09,Melbourne Cricket Ground,2,3.2,Melbourne Stars,Adelaide Strikers,CL White,LJ Wright,KW Richardson,1,0,,,,,,,,,
654067,2013/14,2014-01-09,Melbourne Cricket Ground,2,3.3,Melbourne Stars,Adelaide Strikers,LJ Wright,CL White,KW Richardson,6,0,,,,,,,,,
654067,2013/14,2014-01-09,Melbourne Cricket Ground,2,3.4,Melbourne Stars,Adelaide Strikers,LJ Wright,CL White,KW Richardson,0,0,,,,,,,,,
654067,2013/14,2014-01-09,Melbourne Cricket Ground,2,3.5,Melbourne Stars,Adelaide Strikers,LJ Wright,CL White,KW Richardson,0,0,,,,,,,,,
654067,2013/14,2014-01-09,Melbourne Cricket Ground,2,3.6,Melbourne Stars,Adelaide Strikers,LJ Wright,CL White,KW Richardson,4,0,,,,,,,,,
654067,2013/14,2014-01-09,Melbourne Cricket Ground,2,4.1,Melbourne Stars,Adelaide Strikers,CL White,LJ Wright,Shakib Al Hasan,1,0,,,,,,,,,
654067,2013/14,2014-01-09,Melbourne Cricket Ground,2,4.2,Melbourne Stars,Adelaide Strikers,LJ Wright,CL White,Shakib Al Hasan,3,0,,,,,,,,,
654067,2013/14,2014-01-09,Melbourne Cricket Ground,2,4.3,Melbourne Stars,Adelaide Strikers,CL White,LJ Wright,Shakib Al Hasan,0,0,,,,,,,,,
654067,2013/14,2014-01-09,Melbourne Cricket Ground,2,4.4,Melbourne Stars,Adelaide Strikers,CL White,LJ Wright,Shakib Al Hasan,2,0,,,,,,,,,
654067,2013/14,2014-01-09,Melbourne Cricket Ground,2,4.5,Melbourne Stars,Adelaide Strikers,CL White,LJ Wright,Shakib Al Hasan,0,0,,,,,,,,,
654067,2013/14,2014-01-09,Melbourne Cricket Ground,2,4.6,Melbourne Stars,Adelaide Strikers,CL White,LJ Wright,Shakib Al Hasan,4,0,,,,,,,,,
654067,2013/14,2014-01-09,Melbourne Cricket Ground,2,5.1,Melbourne Stars,Adelaide Strikers,LJ Wright,CL White,MG Neser,0,0,,,,,,caught,LJ Wright,,
654067,2013/14,2014-01-09,Melbourne Cricket Ground,2,5.2,Melbourne Stars,Adelaide Strikers,CL White,GJ Maxwell,MG Neser,0,0,,,,,,caught,CL White,,
654067,2013/14,2014-01-09,Melbourne Cricket Ground,2,5.3,Melbourne Stars,Adelaide Strikers,GJ Maxwell,MS Wade,MG Neser,1,0,,,,,,,,,
654067,2013/14,2014-01-09,Melbourne Cricket Ground,2,5.4,Melbourne Stars,Adelaide Strikers,MS Wade,GJ Maxwell,MG Neser,0,1,,,,1,,,,,
654067,2013/14,2014-01-09,Melbourne Cricket Ground,2,5.5,Melbourne Stars,Adelaide Strikers,GJ Maxwell,MS Wade,MG Neser,0,1,1,,,,,,,,
654067,2013/14,2014-01-09,Melbourne Cricket Ground,2,5.6,Melbourne Stars,Adelaide Strikers,GJ Maxwell,MS Wade,MG Neser,4,0,,,,,,,,,
654067,2013/14,2014-01-09,Melbourne Cricket Ground,2,5.7,Melbourne Stars,Adelaide Strikers,GJ Maxwell,MS Wade,MG Neser,4,0,,,,,,,,,
654067,2013/14,2014-01-09,Melbourne Cricket Ground,2,6.1,Melbourne Stars,Adelaide Strikers,MS Wade,GJ Maxwell,SW Tait,1,0,,,,,,,,,
654067,2013/14,2014-01-09,Melbourne Cricket Ground,2,6.2,Melbourne Stars,Adelaide Strikers,GJ Maxwell,MS Wade,SW Tait,4,0,,,,,,,,,
654067,2013/14,2014-01-09,Melbourne Cricket Ground,2,6.3,Melbourne Stars,Adelaide Strikers,GJ Maxwell,MS Wade,SW Tait,2,0,,,,,,,,,
654067,2013/14,2014-01-09,Melbourne Cricket Ground,2,6.4,Melbourne Stars,Adelaide Strikers,GJ Maxwell,MS Wade,SW Tait,0,0,,,,,,,,,
654067,2013/14,2014-01-09,Melbourne Cricket Ground,2,6.5,Melbourne Stars,Adelaide Strikers,GJ Maxwell,MS Wade,SW Tait,0,0,,,,,,,,,
654067,2013/14,2014-01-09,Melbourne Cricket Ground,2,6.6,Melbourne Stars,Adelaide Strikers,GJ Maxwell,MS Wade,SW Tait,0,0,,,,,,,,,
654067,2013/14,2014-01-09,Melbourne Cricket Ground,2,7.1,Melbourne Stars,Adelaide Strikers,MS Wade,GJ Maxwell,MG Neser,1,0,,,,,,,,,
654067,2013/14,2014-01-09,Melbourne Cricket Ground,2,7.2,Melbourne Stars,Adelaide Strikers,GJ Maxwell,MS Wade,MG Neser,4,0,,,,,,,,,
654067,2013/14,2014-01-09,Melbourne Cricket Ground,2,7.3,Melbourne Stars,Adelaide Strikers,GJ Maxwell,MS Wade,MG Neser,6,0,,,,,,,,,
