match_id,season,start_date,venue,innings,ball,batting_team,bowling_team,striker,non_striker,bowler,runs_off_bat,extras,wides,noballs,byes,legbyes,penalty,wicket_type,player_dismissed,other_wicket_type,other_player_dismissed
756779,2014/15,2015-01-11,Bellerive Oval,1,0.1,Perth Scorchers,Hobart Hurricanes,MS Harris,M Klinger,XJ Doherty,2,0,,,,,,,,,
756779,2014/15,2015-01-11,Bellerive Oval,1,0.2,Perth Scorchers,Hobart Hurricanes,MS Harris,M Klinger,XJ Doherty,1,0,,,,,,,,,
756779,2014/15,2015-01-11,Bellerive Oval,1,0.3,Perth Scorchers,Hobart Hurricanes,M Klinger,MS Harris,XJ Doherty,1,0,,,,,,,,,
756779,2014/15,2015-01-11,Bellerive Oval,1,0.4,Perth Scorchers,Hobart Hurricanes,MS Harris,M Klinger,XJ Doherty,1,0,,,,,,,,,
756779,2014/15,2015-01-11,Bellerive Oval,1,0.5,Perth Scorchers,Hobart Hurricanes,M Klinger,MS Harris,XJ Doherty,0,0,,,,,,,,,
756779,2014/15,2015-01-11,Bellerive Oval,1,0.6,Perth Scorchers,Hobart Hurricanes,M Klinger,MS Harris,XJ Doherty,0,1,,,,1,,,,,
756779,2014/15,2015-01-11,Bellerive Oval,1,1.1,Perth Scorchers,Hobart Hurricanes,M Klinger,MS Harris,JK Reed,0,0,,,,,,,,,
756779,2014/15,2015-01-11,Bellerive Oval,1,1.2,Perth Scorchers,Hobart Hurricanes,M Klinger,MS Harris,JK Reed,0,0,,,,,,,,,
756779,2014/15,2015-01-11,Bellerive Oval,1,1.3,Perth Scorchers,Hobart Hurricanes,M Klinger,MS Harris,JK Reed,1,0,,,,,,,,,
756779,2014/15,2015-01-11,Bellerive Oval,1,1.4,Perth Scorchers,Hobart Hurricanes,MS Harris,M Klinger,JK Reed,0,0,,,,,,,,,
756779,2014/15,2015-01-11,Bellerive Oval,1,1.5,Perth Scorchers,Hobart Hurricanes,MS Harris,M Klinger,JK Reed,4,0,,,,,,,,,
756779,2014/15,2015-01-11,Bellerive Oval,1,1.6,Perth Scorchers,Hobart Hurricanes,MS Harris,M Klinger,JK Reed,1,0,,,,,,,,,
756779,2014/15,2015-01-11,Bellerive Oval,1,2.1,Perth Scorchers,Hobart Hurricanes,MS Harris,M Klinger,BW Hilfenhaus,1,0,,,,,,,,,
756779,2014/15,2015-01-11,Bellerive Oval,1,2.2,Perth Scorchers,Hobart Hurricanes,M Klinger,MS Harris,BW Hilfenhaus,1,0,,,,,,,,,
756779,2014/15,2015-01-11,Bellerive Oval,1,2.3,Perth Scorchers,Hobart Hurricanes,MS Harris,M Klinger,BW Hilfenhaus,1,0,,,,,,,,,
756779,2014/15,2015-01-11,Bellerive Oval,1,2.4,Perth Scorchers,Hobart Hurricanes,M Klinger,MS Harris,BW Hilfenhaus,1,0,,,,,,,,,
756779,2014/15,2015-01-11,Bellerive Oval,1,2.5,Perth Scorchers,Hobart Hurricanes,MS Harris,M Klinger,BW Hilfenhaus,1,0,,,,,,,,,
756779,2014/15,2015-01-11,Bellerive Oval,1,2.6,Perth Scorchers,Hobart Hurricanes,M Klinger,MS Harris,BW Hilfenhaus,0,0,,,,,,,,,
756779,2014/15,2015-01-11,Bellerive Oval,1,3.1,Perth Scorchers,Hobart Hurricanes,MS Harris,M Klinger,JK Reed,4,0,,,,,,,,,
756779,2014/15,2015-01-11,Bellerive Oval,1,3.2,Perth Scorchers,Hobart Hurricanes,MS Harris,M Klinger,JK Reed,4,0,,,,,,,,,
756779,2014/15,2015-01-11,Bellerive Oval,1,3.3,Perth Scorchers,Hobart Hurricanes,MS Harris,M Klinger,JK Reed,0,0,,,,,,caught,MS Harris,,
756779,2014/15,2015-01-11,Bellerive Oval,1,3.4,Perth Scorchers,Hobart Hurricanes,AC Voges,M Klinger,JK Reed,1,0,,,,,,,,,
756779,2014/15,2015-01-11,Bellerive Oval,1,3.5,Perth Scorchers,Hobart Hurricanes,M Klinger,AC Voges,JK Reed,0,0,,,,,,,,,
756779,2014/15,2015-01-11,Bellerive Oval,1,3.6,Perth Scorchers,Hobart Hurricanes,M Klinger,AC Voges,JK Reed,2,0,,,,,,,,,
756779,2014/15,2015-01-11,Bellerive Oval,1,4.1,Perth Scorchers,Hobart Hurricanes,AC Voges,M Klinger,TT Bresnan,0,0,,,,,,,,,
756779,2014/15,2015-01-11,Bellerive Oval,1,4.2,Perth Scorchers,Hobart Hurricanes,AC Voges,M Klinger,TT Bresnan,1,0,,,,,,,,,
756779,2014/15,2015-01-11,Bellerive Oval,1,4.3,Perth Scorchers,Hobart Hurricanes,M Klinger,AC Voges,TT Bresnan,0,0,,,,,,,,,
756779,2014/15,2015-01-11,Bellerive Oval,1,4.4,Perth Scorchers,Hobart Hurricanes,M Klinger,AC Voges,TT Bresnan,0,0,,,,,,caught,M Klinger,,
756779,2014/15,2015-01-11,Bellerive Oval,1,4.5,Perth Scorchers,Hobart Hurricanes,MA Carberry,AC Voges,TT Bresnan,0,0,,,,,,,,,
756779,2014/15,2015-01-11,Bellerive Oval,1,4.6,Perth Scorchers,Hobart Hurricanes,MA Carberry,AC Voges,TT Bresnan,0,0,,,,,,,,,
756779,2014/15,2015-01-11,Bellerive Oval,1,5.1,Perth Scorchers,Hobart Hurricanes,AC Voges,MA Carberry,Shoaib Malik,4,0,,,,,,,,,
756779,2014/15,2015-01-11,Bellerive Oval,1,5.2,Perth Scorchers,Hobart Hurricanes,AC Voges,MA Carberry,Shoaib Malik,1,0,,,,,,,,,
756779,2014/15,2015-01-11,Bellerive Oval,1,5.3,Perth Scorchers,Hobart Hurricanes,MA Carberry,AC Voges,Shoaib Malik,0,0,,,,,,,,,
756779,2014/15,2015-01-11,Bellerive Oval,1,5.4,Perth Scorchers,Hobart Hurricanes,MA Carberry,AC Voges,Shoaib Malik,0,0,,,,,,,,,
756779,2014/15,2015-01-11,Bellerive Oval,1,5.5,Perth Scorchers,Hobart Hurricanes,MA Carberry,AC Voges,Shoaib Malik,0,0,,,,,,,,,
756779,2014/15,2015-01-11,Bellerive Oval,1,5.6,Perth Scorchers,Hobart Hurricanes,MA Carberry,AC Voges,Shoaib Malik,0,0,,,,,,,,,
756779,2014/15,2015-01-11,Bellerive Oval,1,6.1,Perth Scorchers,Hobart Hurricanes,AC Voges,MA Carberry,CJ Boyce,1,0,,,,,,,,,
756779,2014/15,2015-01-11,Bellerive Oval,1,6.2,Perth Scorchers,Hobart Hurricanes,MA Carberry,AC Voges,CJ Boyce,0,0,,,,,,,,,
756779,2014/15,2015-01-11,Bellerive Oval,1,6.3,Perth Scorchers,Hobart Hurricanes,MA Carberry,AC Voges,CJ Boyce,1,0,,,,,,,,,
756779,2014/15,2015-01-11,Bellerive Oval,1,6.4,Perth Scorchers,Hobart Hurricanes,AC Voges,MA Carberry,CJ Boyce,1,0,,,,,,,,,
756779,2014/15,2015-01-11,Bellerive Oval,1,6.5,Perth Scorchers,Hobart Hurricanes,MA Carberry,AC Voges,CJ Boyce,0,0,,,,,,caught,MA Carberry,,
756779,2014/15,2015-01-11,Bellerive Oval,1,6.6,Perth Scorchers,Hobart Hurricanes,AC Voges,SM Whiteman,CJ Boyce,1,0,,,,,,,,,
756779,2014/15,2015-01-11,Bellerive Oval,1,7.1,Perth Scorchers,Hobart Hurricanes,AC Voges,SM Whiteman,Shoaib Malik,0,0,,,,,,,,,
756779,2014/15,2015-01-11,Bellerive Oval,1,7.2,Perth Scorchers,Hobart Hurricanes,AC Voges,SM Whiteman,Shoaib Malik,1,0,,,,,,,,,
756779,2014/15,2015-01-11,Bellerive Oval,1,7.3,Perth Scorchers,Hobart Hurricanes,SM Whiteman,AC Voges,Shoaib Malik,1,0,,,,,,,,,
756779,2014/15,2015-01-11,Bellerive Oval,1,7.4,Perth Scorchers,Hobart Hurricanes,AC Voges,SM Whiteman,Shoaib Malik,1,0,,,,,,,,,
756779,2014/15,2015-01-11,Bellerive Oval,1,7.5,Perth Scorchers,Hobart Hurricanes,SM Whiteman,AC Voges,Shoaib Malik,0,0,,,,,,,,,
756779,2014/15,2015-01-11,Bellerive Oval,1,7.6,Perth Scorchers,Hobart Hurricanes,SM Whiteman,AC Voges,Shoaib Malik,0,0,,,,,,,,,
756779,2014/15,2015-01-11,Bellerive Oval,1,8.1,Perth Scorchers,Hobart Hurricanes,AC Voges,SM Whiteman,CJ Boyce,0,0,,,,,,,,,
756779,2014/15,2015-01-11,Bellerive Oval,1,8.2,Perth Scorchers,Hobart Hurricanes,AC Voges,SM Whiteman,CJ Boyce,1,0,,,,,,,,,
756779,2014/15,2015-01-11,Bellerive Oval,1,8.3,Perth Scorchers,Hobart Hurricanes,SM Whiteman,AC Voges,CJ Boyce,0,0,,,,,,,,,
756779,2014/15,2015-01-11,Bellerive Oval,1,8.4,Perth Scorchers,Hobart Hurricanes,SM Whiteman,AC Voges,CJ Boyce,1,0,,,,,,,,,
756779,2014/15,2015-01-11,Bellerive Oval,1,8.5,Perth Scorchers,Hobart Hurricanes,AC Voges,SM Whiteman,CJ Boyce,4,0,,,,,,,,,
756779,2014/15,2015-01-11,Bellerive Oval,1,8.6,Perth Scorchers,Hobart Hurricanes,AC Voges,SM Whiteman,CJ Boyce,4,0,,,,,,,,,
756779,2014/15,2015-01-11,Bellerive Oval,1,9.1,Perth Scorchers,Hobart Hurricanes,SM Whiteman,AC Voges,Shoaib Malik,1,0,,,,,,,,,
756779,2014/15,2015-01-11,Bellerive Oval,1,9.2,Perth Scorchers,Hobart Hurricanes,AC Voges,SM Whiteman,Shoaib Malik,1,0,,,,,,,,,
756779,2014/15,2015-01-11,Bellerive Oval,1,9.3,Perth Scorchers,Hobart Hurricanes,SM Whiteman,AC Voges,Shoaib Malik,6,0,,,,,,,,,
756779,2014/15,2015-01-11,Bellerive Oval,1,9.4,Perth Scorchers,Hobart Hurricanes,SM Whiteman,AC Voges,Shoaib Malik,0,0,,,,,,,,,
756779,2014/15,2015-01-11,Bellerive Oval,1,9.5,Perth Scorchers,Hobart Hurricanes,SM Whiteman,AC Voges,Shoaib Malik,0,0,,,,,,,,,
756779,2014/15,2015-01-11,Bellerive Oval,1,9.6,Perth Scorchers,Hobart Hurricanes,SM Whiteman,AC Voges,Shoaib Malik,0,0,,,,,,,,,
756779,2014/15,2015-01-11,Bellerive Oval,1,10.1,Perth Scorchers,Hobart Hurricanes,AC Voges,SM Whiteman,XJ Doherty,2,0,,,,,,,,,
756779,2014/15,2015-01-11,Bellerive Oval,1,10.2,Perth Scorchers,Hobart Hurricanes,AC Voges,SM Whiteman,XJ Doherty,1,0,,,,,,,,,
756779,2014/15,2015-01-11,Bellerive Oval,1,10.3,Perth Scorchers,Hobart Hurricanes,SM Whiteman,AC Voges,XJ Doherty,0,3,,,3,,,,,,
756779,2014/15,2015-01-11,Bellerive Oval,1,10.4,Perth Scorchers,Hobart Hurricanes,AC Voges,SM Whiteman,XJ Doherty,1,0,,,,,,,,,
756779,2014/15,2015-01-11,Bellerive Oval,1,10.5,Perth Scorchers,Hobart Hurricanes,SM Whiteman,AC Voges,XJ Doherty,1,0,,,,,,,,,
756779,2014/15,2015-01-11,Bellerive Oval,1,10.6,Perth Scorchers,Hobart Hurricanes,AC Voges,SM Whiteman,XJ Doherty,0,0,,,,,,caught,AC Voges,,
756779,2014/15,2015-01-11,Bellerive Oval,1,11.1,Perth Scorchers,Hobart Hurricanes,AJ Turner,SM Whiteman,BW Hilfenhaus,0,0,,,,,,,,,
756779,2014/15,2015-01-11,Bellerive Oval,1,11.2,Perth Scorchers,Hobart Hurricanes,AJ Turner,SM Whiteman,BW Hilfenhaus,0,0,,,,,,,,,
756779,2014/15,2015-01-11,Bellerive Oval,1,11.3,Perth Scorchers,Hobart Hurricanes,AJ Turner,SM Whiteman,BW Hilfenhaus,1,0,,,,,,,,,
756779,2014/15,2015-01-11,Bellerive Oval,1,11.4,Perth Scorchers,Hobart Hurricanes,SM Whiteman,AJ Turner,BW Hilfenhaus,0,1,,,1,,,,,,
756779,2014/15,2015-01-11,Bellerive Oval,1,11.5,Perth Scorchers,Hobart Hurricanes,AJ Turner,SM Whiteman,BW Hilfenhaus,0,1,1,,,,,,,,
756779,2014/15,2015-01-11,Bellerive Oval,1,11.6,Perth Scorchers,Hobart Hurricanes,AJ Turner,SM Whiteman,BW Hilfenhaus,0,0,,,,,,,,,
756779,2014/15,2015-01-11,Bellerive Oval,1,11.7,Perth Scorchers,Hobart Hurricanes,AJ Turner,SM Whiteman,BW Hilfenhaus,1,0,,,,,,,,,
756779,2014/15,2015-01-11,Bellerive Oval,1,12.1,Perth Scorchers,Hobart Hurricanes,AJ Turner,SM Whiteman,XJ Doherty,1,0,,,,,,,,,
756779,2014/15,2015-01-11,Bellerive Oval,1,12.2,Perth Scorchers,Hobart Hurricanes,SM Whiteman,AJ Turner,XJ Doherty,2,0,,,,,,,,,
756779,2014/15,2015-01-11,Bellerive Oval,1,12.3,Perth Scorchers,Hobart Hurricanes,SM Whiteman,AJ Turner,XJ Doherty,2,0,,,,,,,,,
756779,2014/15,2015-01-11,Bellerive Oval,1,12.4,Perth Scorchers,Hobart Hurricanes,SM Whiteman,AJ Turner,XJ Doherty,1,0,,,,,,,,,
756779,2014/15,2015-01-11,Bellerive Oval,1,12.5,Perth Scorchers,Hobart Hurricanes,AJ Turner,SM Whiteman,XJ Doherty,6,0,,,,,,,,,
756779,2014/15,2015-01-11,Bellerive Oval,1,12.6,Perth Scorchers,Hobart Hurricanes,AJ Turner,SM Whiteman,XJ Doherty,1,0,,,,,,,,,
756779,2014/15,2015-01-11,Bellerive Oval,1,13.1,Perth Scorchers,Hobart Hurricanes,AJ Turner,SM Whiteman,TT Bresnan,2,0,,,,,,,,,
756779,2014/15,2015-01-11,Bellerive Oval,1,13.2,Perth Scorchers,Hobart Hurricanes,AJ Turner,SM Whiteman,TT Bresnan,1,0,,,,,,,,,
756779,2014/15,2015-01-11,Bellerive Oval,1,13.3,Perth Scorchers,Hobart Hurricanes,SM Whiteman,AJ Turner,TT Bresnan,1,0,,,,,,,,,
756779,2014/15,2015-01-11,Bellerive Oval,1,13.4,Perth Scorchers,Hobart Hurricanes,AJ Turner,SM Whiteman,TT Bresnan,0,0,,,,,,,,,
756779,2014/15,2015-01-11,Bellerive Oval,1,13.5,Perth Scorchers,Hobart Hurricanes,AJ Turner,SM Whiteman,TT Bresnan,1,0,,,,,,,,,
756779,2014/15,2015-01-11,Bellerive Oval,1,13.6,Perth Scorchers,Hobart Hurricanes,SM Whiteman,AJ Turner,TT Bresnan,1,0,,,,,,,,,
756779,2014/15,2015-01-11,Bellerive Oval,1,14.1,Perth Scorchers,Hobart Hurricanes,SM Whiteman,AJ Turner,CJ Boyce,1,0,,,,,,,,,
756779,2014/15,2015-01-11,Bellerive Oval,1,14.2,Perth Scorchers,Hobart Hurricanes,AJ Turner,SM Whiteman,CJ Boyce,1,0,,,,,,,,,
756779,2014/15,2015-01-11,Bellerive Oval,1,14.3,Perth Scorchers,Hobart Hurricanes,SM Whiteman,AJ Turner,CJ Boyce,1,0,,,,,,,,,
756779,2014/15,2015-01-11,Bellerive Oval,1,14.4,Perth Scorchers,Hobart Hurricanes,AJ Turner,SM Whiteman,CJ Boyce,6,0,,,,,,,,,
756779,2014/15,2015-01-11,Bellerive Oval,1,14.5,Perth Scorchers,Hobart Hurricanes,AJ Turner,SM Whiteman,CJ Boyce,1,0,,,,,,,,,
756779,2014/15,2015-01-11,Bellerive Oval,1,14.6,Perth Scorchers,Hobart Hurricanes,SM Whiteman,AJ Turner,CJ Boyce,1,0,,,,,,,,,
756779,2014/15,2015-01-11,Bellerive Oval,1,15.1,Perth Scorchers,Hobart Hurricanes,SM Whiteman,AJ Turner,TT Bresnan,1,0,,,,,,,,,
756779,2014/15,2015-01-11,Bellerive Oval,1,15.2,Perth Scorchers,Hobart Hurricanes,AJ Turner,SM Whiteman,TT Bresnan,1,0,,,,,,,,,
756779,2014/15,2015-01-11,Bellerive Oval,1,15.3,Perth Scorchers,Hobart Hurricanes,SM Whiteman,AJ Turner,TT Bresnan,0,0,,,,,,,,,
756779,2014/15,2015-01-11,Bellerive Oval,1,15.4,Perth Scorchers,Hobart Hurricanes,SM Whiteman,AJ Turner,TT Bresnan,1,0,,,,,,,,,
756779,2014/15,2015-01-11,Bellerive Oval,1,15.5,Perth Scorchers,Hobart Hurricanes,AJ Turner,SM Whiteman,TT Bresnan,3,0,,,,,,,,,
756779,2014/15,2015-01-11,Bellerive Oval,1,15.6,Perth Scorchers,Hobart Hurricanes,SM Whiteman,AJ Turner,TT Bresnan,2,0,,,,,,,,,
756779,2014/15,2015-01-11,Bellerive Oval,1,16.1,Perth Scorchers,Hobart Hurricanes,AJ Turner,SM Whiteman,BW Hilfenhaus,0,0,,,,,,,,,
756779,2014/15,2015-01-11,Bellerive Oval,1,16.2,Perth Scorchers,Hobart Hurricanes,AJ Turner,SM Whiteman,BW Hilfenhaus,2,0,,,,,,,,,
756779,2014/15,2015-01-11,Bellerive Oval,1,16.3,Perth Scorchers,Hobart Hurricanes,AJ Turner,SM Whiteman,BW Hilfenhaus,4,0,,,,,,,,,
756779,2014/15,2015-01-11,Bellerive Oval,1,16.4,Perth Scorchers,Hobart Hurricanes,AJ Turner,SM Whiteman,BW Hilfenhaus,1,0,,,,,,,,,
756779,2014/15,2015-01-11,Bellerive Oval,1,16.5,Perth Scorchers,Hobart Hurricanes,SM Whiteman,AJ Turner,BW Hilfenhaus,2,0,,,,,,,,,
756779,2014/15,2015-01-11,Bellerive Oval,1,16.6,Perth Scorchers,Hobart Hurricanes,SM Whiteman,AJ Turner,BW Hilfenhaus,1,0,,,,,,,,,
756779,2014/15,2015-01-11,Bellerive Oval,1,17.1,Perth Scorchers,Hobart Hurricanes,SM Whiteman,AJ Turner,JK Reed,4,0,,,,,,,,,
756779,2014/15,2015-01-11,Bellerive Oval,1,17.2,Perth Scorchers,Hobart Hurricanes,SM Whiteman,AJ Turner,JK Reed,0,0,,,,,,,,,
756779,2014/15,2015-01-11,Bellerive Oval,1,17.3,Perth Scorchers,Hobart Hurricanes,SM Whiteman,AJ Turner,JK Reed,4,0,,,,,,,,,
756779,2014/15,2015-01-11,Bellerive Oval,1,17.4,Perth Scorchers,Hobart Hurricanes,SM Whiteman,AJ Turner,JK Reed,1,0,,,,,,,,,
756779,2014/15,2015-01-11,Bellerive Oval,1,17.5,Perth Scorchers,Hobart Hurricanes,AJ Turner,SM Whiteman,JK Reed,1,0,,,,,,,,,
756779,2014/15,2015-01-11,Bellerive Oval,1,17.6,Perth Scorchers,Hobart Hurricanes,SM Whiteman,AJ Turner,JK Reed,0,0,,,,,,caught,SM Whiteman,,
756779,2014/15,2015-01-11,Bellerive Oval,1,18.1,Perth Scorchers,Hobart Hurricanes,AC Agar,AJ Turner,BW Hilfenhaus,0,0,,,,,,,,,
756779,2014/15,2015-01-11,Bellerive Oval,1,18.2,Perth Scorchers,Hobart Hurricanes,AC Agar,AJ Turner,BW Hilfenhaus,1,0,,,,,,,,,
756779,2014/15,2015-01-11,Bellerive Oval,1,18.3,Perth Scorchers,Hobart Hurricanes,AJ Turner,AC Agar,BW Hilfenhaus,2,0,,,,,,,,,
756779,2014/15,2015-01-11,Bellerive Oval,1,18.4,Perth Scorchers,Hobart Hurricanes,AJ Turner,AC Agar,BW Hilfenhaus,1,0,,,,,,,,,
756779,2014/15,2015-01-11,Bellerive Oval,1,18.5,Perth Scorchers,Hobart Hurricanes,AC Agar,AJ Turner,BW Hilfenhaus,4,0,,,,,,,,,
756779,2014/15,2015-01-11,Bellerive Oval,1,18.6,Perth Scorchers,Hobart Hurricanes,AC Agar,AJ Turner,BW Hilfenhaus,1,0,,,,,,,,,
756779,2014/15,2015-01-11,Bellerive Oval,1,19.1,Perth Scorchers,Hobart Hurricanes,AC Agar,AJ Turner,TT Bresnan,1,0,,,,,,,,,
756779,2014/15,2015-01-11,Bellerive Oval,1,19.2,Perth Scorchers,Hobart Hurricanes,AJ Turner,AC Agar,TT Bresnan,0,0,,,,,,bowled,AJ Turner,,
756779,2014/15,2015-01-11,Bellerive Oval,1,19.3,Perth Scorchers,Hobart Hurricanes,AJ Tye,AC Agar,TT Bresnan,1,0,,,,,,,,,
756779,2014/15,2015-01-11,Bellerive Oval,1,19.4,Perth Scorchers,Hobart Hurricanes,AC Agar,AJ Tye,TT Bresnan,0,0,,,,,,bowled,AC Agar,,
756779,2014/15,2015-01-11,Bellerive Oval,1,19.5,Perth Scorchers,Hobart Hurricanes,Yasir Arafat,AJ Tye,TT Bresnan,1,0,,,,,,,,,
756779,2014/15,2015-01-11,Bellerive Oval,1,19.6,Perth Scorchers,Hobart Hurricanes,AJ Tye,Yasir Arafat,TT Bresnan,0,0,,,,,,run out,Yasir Arafat,,
756779,2014/15,2015-01-11,Bellerive Oval,2,0.1,Hobart Hurricanes,Perth Scorchers,BR Dunk,TD Paine,Yasir Arafat,1,0,,,,,,,,,
756779,2014/15,2015-01-11,Bellerive Oval,2,0.2,Hobart Hurricanes,Perth Scorchers,TD Paine,BR Dunk,Yasir Arafat,0,0,,,,,,,,,
756779,2014/15,2015-01-11,Bellerive Oval,2,0.3,Hobart Hurricanes,Perth Scorchers,TD Paine,BR Dunk,Yasir Arafat,0,0,,,,,,,,,
756779,2014/15,2015-01-11,Bellerive Oval,2,0.4,Hobart Hurricanes,Perth Scorchers,TD Paine,BR Dunk,Yasir Arafat,4,0,,,,,,,,,
756779,2014/15,2015-01-11,Bellerive Oval,2,0.5,Hobart Hurricanes,Perth Scorchers,TD Paine,BR Dunk,Yasir Arafat,0,0,,,,,,,,,
756779,2014/15,2015-01-11,Bellerive Oval,2,0.6,Hobart Hurricanes,Perth Scorchers,TD Paine,BR Dunk,Yasir Arafat,0,0,,,,,,,,,
756779,2014/15,2015-01-11,Bellerive Oval,2,1.1,Hobart Hurricanes,Perth Scorchers,BR Dunk,TD Paine,JP Behrendorff,0,0,,,,,,,,,
756779,2014/15,2015-01-11,Bellerive Oval,2,1.2,Hobart Hurricanes,Perth Scorchers,BR Dunk,TD Paine,JP Behrendorff,0,0,,,,,,bowled,BR Dunk,,
756779,2014/15,2015-01-11,Bellerive Oval,2,1.3,Hobart Hurricanes,Perth Scorchers,MW Hill,TD Paine,JP Behrendorff,1,0,,,,,,,,,
756779,2014/15,2015-01-11,Bellerive Oval,2,1.4,Hobart Hurricanes,Perth Scorchers,TD Paine,MW Hill,JP Behrendorff,0,0,,,,,,,,,
756779,2014/15,2015-01-11,Bellerive Oval,2,1.5,Hobart Hurricanes,Perth Scorchers,TD Paine,MW Hill,JP Behrendorff,0,0,,,,,,,,,
756779,2014/15,2015-01-11,Bellerive Oval,2,1.6,Hobart Hurricanes,Perth Scorchers,TD Paine,MW Hill,JP Behrendorff,4,0,,,,,,,,,
756779,2014/15,2015-01-11,Bellerive Oval,2,2.1,Hobart Hurricanes,Perth Scorchers,MW Hill,TD Paine,Yasir Arafat,0,0,,,,,,,,,
756779,2014/15,2015-01-11,Bellerive Oval,2,2.2,Hobart Hurricanes,Perth Scorchers,MW Hill,TD Paine,Yasir Arafat,4,0,,,,,,,,,
756779,2014/15,2015-01-11,Bellerive Oval,2,2.3,Hobart Hurricanes,Perth Scorchers,MW Hill,TD Paine,Yasir Arafat,0,0,,,,,,,,,
756779,2014/15,2015-01-11,Bellerive Oval,2,2.4,Hobart Hurricanes,Perth Scorchers,MW Hill,TD Paine,Yasir Arafat,0,0,,,,,,,,,
756779,2014/15,2015-01-11,Bellerive Oval,2,2.5,Hobart Hurricanes,Perth Scorchers,MW Hill,TD Paine,Yasir Arafat,1,0,,,,,,,,,
756779,2014/15,2015-01-11,Bellerive Oval,2,2.6,Hobart Hurricanes,Perth Scorchers,TD Paine,MW Hill,Yasir Arafat,1,0,,,,,,,,,
756779,2014/15,2015-01-11,Bellerive Oval,2,3.1,Hobart Hurricanes,Perth Scorchers,TD Paine,MW Hill,JP Behrendorff,2,0,,,,,,,,,
756779,2014/15,2015-01-11,Bellerive Oval,2,3.2,Hobart Hurricanes,Perth Scorchers,TD Paine,MW Hill,JP Behrendorff,0,0,,,,,,,,,
756779,2014/15,2015-01-11,Bellerive Oval,2,3.3,Hobart Hurricanes,Perth Scorchers,TD Paine,MW Hill,JP Behrendorff,0,0,,,,,,,,,
756779,2014/15,2015-01-11,Bellerive Oval,2,3.4,Hobart Hurricanes,Perth Scorchers,TD Paine,MW Hill,JP Behrendorff,4,0,,,,,,,,,
756779,2014/15,2015-01-11,Bellerive Oval,2,3.5,Hobart Hurricanes,Perth Scorchers,TD Paine,MW Hill,JP Behrendorff,4,0,,,,,,,,,
756779,2014/15,2015-01-11,Bellerive Oval,2,3.6,Hobart Hurricanes,Perth Scorchers,TD Paine,MW Hill,JP Behrendorff,0,0,,,,,,caught,TD Paine,,
756779,2014/15,2015-01-11,Bellerive Oval,2,4.1,Hobart Hurricanes,Perth Scorchers,MW Hill,Shoaib Malik,AJ Tye,0,0,,,,,,,,,
756779,2014/15,2015-01-11,Bellerive Oval,2,4.2,Hobart Hurricanes,Perth Scorchers,MW Hill,Shoaib Malik,AJ Tye,0,0,,,,,,,,,
756779,2014/15,2015-01-11,Bellerive Oval,2,4.3,Hobart Hurricanes,Perth Scorchers,MW Hill,Shoaib Malik,AJ Tye,4,0,,,,,,,,,
756779,2014/15,2015-01-11,Bellerive Oval,2,4.4,Hobart Hurricanes,Perth Scorchers,MW Hill,Shoaib Malik,AJ Tye,2,0,,,,,,,,,
756779,2014/15,2015-01-11,Bellerive Oval,2,4.5,Hobart Hurricanes,Perth Scorchers,MW Hill,Shoaib Malik,AJ Tye,0,0,,,,,,,,,
756779,2014/15,2015-01-11,Bellerive Oval,2,4.6,Hobart Hurricanes,Perth Scorchers,MW Hill,Shoaib Malik,AJ Tye,4,0,,,,,,,,,
756779,2014/15,2015-01-11,Bellerive Oval,2,5.1,Hobart Hurricanes,Perth Scorchers,Shoaib Malik,MW Hill,JP Behrendorff,0,0,,,,,,,,,
756779,2014/15,2015-01-11,Bellerive Oval,2,5.2,Hobart Hurricanes,Perth Scorchers,Shoaib Malik,MW Hill,JP Behrendorff,0,0,,,,,,,,,
756779,2014/15,2015-01-11,Bellerive Oval,2,5.3,Hobart Hurricanes,Perth Scorchers,Shoaib Malik,MW Hill,JP Behrendorff,1,0,,,,,,,,,
756779,2014/15,2015-01-11,Bellerive Oval,2,5.4,Hobart Hurricanes,Perth Scorchers,MW Hill,Shoaib Malik,JP Behrendorff,0,0,,,,,,,,,
756779,2014/15,2015-01-11,Bellerive Oval,2,5.5,Hobart Hurricanes,Perth Scorchers,MW Hill,Shoaib Malik,JP Behrendorff,1,0,,,,,,,,,
756779,2014/15,2015-01-11,Bellerive Oval,2,5.6,Hobart Hurricanes,Perth Scorchers,Shoaib Malik,MW Hill,JP Behrendorff,0,0,,,,,,,,,
756779,2014/15,2015-01-11,Bellerive Oval,2,6.1,Hobart Hurricanes,Perth Scorchers,MW Hill,Shoaib Malik,AC Agar,1,0,,,,,,,,,
756779,2014/15,2015-01-11,Bellerive Oval,2,6.2,Hobart Hurricanes,Perth Scorchers,Shoaib Malik,MW Hill,AC Agar,1,0,,,,,,,,,
756779,2014/15,2015-01-11,Bellerive Oval,2,6.3,Hobart Hurricanes,Perth Scorchers,MW Hill,Shoaib Malik,AC Agar,0,0,,,,,,,,,
756779,2014/15,2015-01-11,Bellerive Oval,2,6.4,Hobart Hurricanes,Perth Scorchers,MW Hill,Shoaib Malik,AC Agar,1,0,,,,,,,,,
756779,2014/15,2015-01-11,Bellerive Oval,2,6.5,Hobart Hurricanes,Perth Scorchers,Shoaib Malik,MW Hill,AC Agar,1,0,,,,,,,,,
756779,2014/15,2015-01-11,Bellerive Oval,2,6.6,Hobart Hurricanes,Perth Scorchers,MW Hill,Shoaib Malik,AC Agar,1,0,,,,,,,,,
756779,2014/15,2015-01-11,Bellerive Oval,2,7.1,Hobart Hurricanes,Perth Scorchers,MW Hill,Shoaib Malik,GB Hogg,1,0,,,,,,,,,
756779,2014/15,2015-01-11,Bellerive Oval,2,7.2,Hobart Hurricanes,Perth Scorchers,Shoaib Malik,MW Hill,GB Hogg,2,0,,,,,,,,,
756779,2014/15,2015-01-11,Bellerive Oval,2,7.3,Hobart Hurricanes,Perth Scorchers,Shoaib Malik,MW Hill,GB Hogg,0,0,,,,,,,,,
756779,2014/15,2015-01-11,Bellerive Oval,2,7.4,Hobart Hurricanes,Perth Scorchers,Shoaib Malik,MW Hill,GB Hogg,1,0,,,,,,,,,
756779,2014/15,2015-01-11,Bellerive Oval,2,7.5,Hobart Hurricanes,Perth Scorchers,MW Hill,Shoaib Malik,GB Hogg,1,0,,,,,,,,,
756779,2014/15,2015-01-11,Bellerive Oval,2,7.6,Hobart Hurricanes,Perth Scorchers,Shoaib Malik,MW Hill,GB Hogg,1,0,,,,,,,,,
756779,2014/15,2015-01-11,Bellerive Oval,2,8.1,Hobart Hurricanes,Perth Scorchers,Shoaib Malik,MW Hill,AC Agar,0,0,,,,,,,,,
756779,2014/15,2015-01-11,Bellerive Oval,2,8.2,Hobart Hurricanes,Perth Scorchers,Shoaib Malik,MW Hill,AC Agar,1,0,,,,,,,,,
756779,2014/15,2015-01-11,Bellerive Oval,2,8.3,Hobart Hurricanes,Perth Scorchers,MW Hill,Shoaib Malik,AC Agar,0,0,,,,,,,,,
756779,2014/15,2015-01-11,Bellerive Oval,2,8.4,Hobart Hurricanes,Perth Scorchers,MW Hill,Shoaib Malik,AC Agar,1,0,,,,,,,,,
756779,2014/15,2015-01-11,Bellerive Oval,2,8.5,Hobart Hurricanes,Perth Scorchers,Shoaib Malik,MW Hill,AC Agar,0,0,,,,,,caught,Shoaib Malik,,
756779,2014/15,2015-01-11,Bellerive Oval,2,8.6,Hobart Hurricanes,Perth Scorchers,MW Hill,GJ Bailey,AC Agar,1,0,,,,,,,,,
756779,2014/15,2015-01-11,Bellerive Oval,2,9.1,Hobart Hurricanes,Perth Scorchers,MW Hill,GJ Bailey,GB Hogg,1,0,,,,,,,,,
756779,2014/15,2015-01-11,Bellerive Oval,2,9.2,Hobart Hurricanes,Perth Scorchers,GJ Bailey,MW Hill,GB Hogg,1,0,,,,,,,,,
756779,2014/15,2015-01-11,Bellerive Oval,2,9.3,Hobart Hurricanes,Perth Scorchers,MW Hill,GJ Bailey,GB Hogg,2,0,,,,,,,,,
756779,2014/15,2015-01-11,Bellerive Oval,2,9.4,Hobart Hurricanes,Perth Scorchers,MW Hill,GJ Bailey,GB Hogg,0,0,,,,,,,,,
756779,2014/15,2015-01-11,Bellerive Oval,2,9.5,Hobart Hurricanes,Perth Scorchers,MW Hill,GJ Bailey,GB Hogg,2,0,,,,,,,,,
756779,2014/15,2015-01-11,Bellerive Oval,2,9.6,Hobart Hurricanes,Perth Scorchers,MW Hill,GJ Bailey,GB Hogg,1,0,,,,,,,,,
756779,2014/15,2015-01-11,Bellerive Oval,2,10.1,Hobart Hurricanes,Perth Scorchers,MW Hill,GJ Bailey,AJ Tye,1,0,,,,,,,,,
756779,2014/15,2015-01-11,Bellerive Oval,2,10.2,Hobart Hurricanes,Perth Scorchers,GJ Bailey,MW Hill,AJ Tye,0,0,,,,,,,,,
756779,2014/15,2015-01-11,Bellerive Oval,2,10.3,Hobart Hurricanes,Perth Scorchers,GJ Bailey,MW Hill,AJ Tye,0,0,,,,,,,,,
756779,2014/15,2015-01-11,Bellerive Oval,2,10.4,Hobart Hurricanes,Perth Scorchers,GJ Bailey,MW Hill,AJ Tye,0,1,,,,1,,,,,
756779,2014/15,2015-01-11,Bellerive Oval,2,10.5,Hobart Hurricanes,Perth Scorchers,MW Hill,GJ Bailey,AJ Tye,0,0,,,,,,,,,
756779,2014/15,2015-01-11,Bellerive Oval,2,10.6,Hobart Hurricanes,Perth Scorchers,MW Hill,GJ Bailey,AJ Tye,0,0,,,,,,,,,
756779,2014/15,2015-01-11,Bellerive Oval,2,11.1,Hobart Hurricanes,Perth Scorchers,GJ Bailey,MW Hill,GB Hogg,1,0,,,,,,,,,
756779,2014/15,2015-01-11,Bellerive Oval,2,11.2,Hobart Hurricanes,Perth Scorchers,MW Hill,GJ Bailey,GB Hogg,0,0,,,,,,,,,
756779,2014/15,2015-01-11,Bellerive Oval,2,11.3,Hobart Hurricanes,Perth Scorchers,MW Hill,GJ Bailey,GB Hogg,4,0,,,,,,,,,
756779,2014/15,2015-01-11,Bellerive Oval,2,11.4,Hobart Hurricanes,Perth Scorchers,MW Hill,GJ Bailey,GB Hogg,1,0,,,,,,,,,
756779,2014/15,2015-01-11,Bellerive Oval,2,11.5,Hobart Hurricanes,Perth Scorchers,GJ Bailey,MW Hill,GB Hogg,1,0,,,,,,,,,
756779,2014/15,2015-01-11,Bellerive Oval,2,11.6,Hobart Hurricanes,Perth Scorchers,MW Hill,GJ Bailey,GB Hogg,1,0,,,,,,,,,
756779,2014/15,2015-01-11,Bellerive Oval,2,12.1,Hobart Hurricanes,Perth Scorchers,MW Hill,GJ Bailey,AC Agar,6,0,,,,,,,,,
756779,2014/15,2015-01-11,Bellerive Oval,2,12.2,Hobart Hurricanes,Perth Scorchers,MW Hill,GJ Bailey,AC Agar,1,0,,,,,,,,,
756779,2014/15,2015-01-11,Bellerive Oval,2,12.3,Hobart Hurricanes,Perth Scorchers,GJ Bailey,MW Hill,AC Agar,1,0,,,,,,,,,
756779,2014/15,2015-01-11,Bellerive Oval,2,12.4,Hobart Hurricanes,Perth Scorchers,MW Hill,GJ Bailey,AC Agar,1,0,,,,,,,,,
756779,2014/15,2015-01-11,Bellerive Oval,2,12.5,Hobart Hurricanes,Perth Scorchers,GJ Bailey,MW Hill,AC Agar,1,0,,,,,,,,,
756779,2014/15,2015-01-11,Bellerive Oval,2,12.6,Hobart Hurricanes,Perth Scorchers,GJ Bailey,MW Hill,AC Agar,1,0,,,,,,,,,
756779,2014/15,2015-01-11,Bellerive Oval,2,13.1,Hobart Hurricanes,Perth Scorchers,GJ Bailey,MW Hill,GB Hogg,0,0,,,,,,caught,GJ Bailey,,
756779,2014/15,2015-01-11,Bellerive Oval,2,13.2,Hobart Hurricanes,Perth Scorchers,MW Hill,JW Wells,GB Hogg,1,0,,,,,,,,,
756779,2014/15,2015-01-11,Bellerive Oval,2,13.3,Hobart Hurricanes,Perth Scorchers,JW Wells,MW Hill,GB Hogg,1,0,,,,,,,,,
756779,2014/15,2015-01-11,Bellerive Oval,2,13.4,Hobart Hurricanes,Perth Scorchers,MW Hill,JW Wells,GB Hogg,1,0,,,,,,,,,
756779,2014/15,2015-01-11,Bellerive Oval,2,13.5,Hobart Hurricanes,Perth Scorchers,JW Wells,MW Hill,GB Hogg,1,0,,,,,,,,,
756779,2014/15,2015-01-11,Bellerive Oval,2,13.6,Hobart Hurricanes,Perth Scorchers,MW Hill,JW Wells,GB Hogg,1,0,,,,,,,,,
756779,2014/15,2015-01-11,Bellerive Oval,2,14.1,Hobart Hurricanes,Perth Scorchers,MW Hill,JW Wells,AC Agar,0,0,,,,,,,,,
756779,2014/15,2015-01-11,Bellerive Oval,2,14.2,Hobart Hurricanes,Perth Scorchers,MW Hill,JW Wells,AC Agar,1,0,,,,,,,,,
756779,2014/15,2015-01-11,Bellerive Oval,2,14.3,Hobart Hurricanes,Perth Scorchers,JW Wells,MW Hill,AC Agar,1,0,,,,,,,,,
756779,2014/15,2015-01-11,Bellerive Oval,2,14.4,Hobart Hurricanes,Perth Scorchers,MW Hill,JW Wells,AC Agar,1,0,,,,,,,,,
756779,2014/15,2015-01-11,Bellerive Oval,2,14.5,Hobart Hurricanes,Perth Scorchers,JW Wells,MW Hill,AC Agar,1,0,,,,,,,,,
756779,2014/15,2015-01-11,Bellerive Oval,2,14.6,Hobart Hurricanes,Perth Scorchers,MW Hill,JW Wells,AC Agar,4,0,,,,,,,,,
756779,2014/15,2015-01-11,Bellerive Oval,2,15.1,Hobart Hurricanes,Perth Scorchers,JW Wells,MW Hill,JP Behrendorff,0,0,,,,,,,,,
756779,2014/15,2015-01-11,Bellerive Oval,2,15.2,Hobart Hurricanes,Perth Scorchers,JW Wells,MW Hill,JP Behrendorff,0,1,1,,,,,,,,
756779,2014/15,2015-01-11,Bellerive Oval,2,15.3,Hobart Hurricanes,Perth Scorchers,JW Wells,MW Hill,JP Behrendorff,0,0,,,,,,,,,
756779,2014/15,2015-01-11,Bellerive Oval,2,15.4,Hobart Hurricanes,Perth Scorchers,JW Wells,MW Hill,JP Behrendorff,1,0,,,,,,,,,
756779,2014/15,2015-01-11,Bellerive Oval,2,15.5,Hobart Hurricanes,Perth Scorchers,MW Hill,JW Wells,JP Behrendorff,1,0,,,,,,,,,
756779,2014/15,2015-01-11,Bellerive Oval,2,15.6,Hobart Hurricanes,Perth Scorchers,JW Wells,MW Hill,JP Behrendorff,0,0,,,,,,,,,
756779,2014/15,2015-01-11,Bellerive Oval,2,15.7,Hobart Hurricanes,Perth Scorchers,JW Wells,MW Hill,JP Behrendorff,1,0,,,,,,,,,
756779,2014/15,2015-01-11,Bellerive Oval,2,16.1,Hobart Hurricanes,Perth Scorchers,JW Wells,MW Hill,AJ Tye,1,0,,,,,,,,,
756779,2014/15,2015-01-11,Bellerive Oval,2,16.2,Hobart Hurricanes,Perth Scorchers,MW Hill,JW Wells,AJ Tye,2,0,,,,,,,,,
756779,2014/15,2015-01-11,Bellerive Oval,2,16.3,Hobart Hurricanes,Perth Scorchers,MW Hill,JW Wells,AJ Tye,1,0,,,,,,,,,
756779,2014/15,2015-01-11,Bellerive Oval,2,16.4,Hobart Hurricanes,Perth Scorchers,JW Wells,MW Hill,AJ Tye,3,0,,,,,,,,,
756779,2014/15,2015-01-11,Bellerive Oval,2,16.5,Hobart Hurricanes,Perth Scorchers,MW Hill,JW Wells,AJ Tye,1,0,,,,,,,,,
756779,2014/15,2015-01-11,Bellerive Oval,2,16.6,Hobart Hurricanes,Perth Scorchers,JW Wells,MW Hill,AJ Tye,2,0,,,,,,,,,
756779,2014/15,2015-01-11,Bellerive Oval,2,17.1,Hobart Hurricanes,Perth Scorchers,MW Hill,JW Wells,Yasir Arafat,0,0,,,,,,,,,
756779,2014/15,2015-01-11,Bellerive Oval,2,17.2,Hobart Hurricanes,Perth Scorchers,MW Hill,JW Wells,Yasir Arafat,1,0,,,,,,,,,
756779,2014/15,2015-01-11,Bellerive Oval,2,17.3,Hobart Hurricanes,Perth Scorchers,JW Wells,MW Hill,Yasir Arafat,2,0,,,,,,,,,
756779,2014/15,2015-01-11,Bellerive Oval,2,17.4,Hobart Hurricanes,Perth Scorchers,JW Wells,MW Hill,Yasir Arafat,1,0,,,,,,,,,
756779,2014/15,2015-01-11,Bellerive Oval,2,17.5,Hobart Hurricanes,Perth Scorchers,MW Hill,JW Wells,Yasir Arafat,2,0,,,,,,,,,
756779,2014/15,2015-01-11,Bellerive Oval,2,17.6,Hobart Hurricanes,Perth Scorchers,MW Hill,JW Wells,Yasir Arafat,0,0,,,,,,,,,
756779,2014/15,2015-01-11,Bellerive Oval,2,18.1,Hobart Hurricanes,Perth Scorchers,JW Wells,MW Hill,AJ Tye,2,0,,,,,,,,,
756779,2014/15,2015-01-11,Bellerive Oval,2,18.2,Hobart Hurricanes,Perth Scorchers,JW Wells,MW Hill,AJ Tye,1,0,,,,,,,,,
756779,2014/15,2015-01-11,Bellerive Oval,2,18.3,Hobart Hurricanes,Perth Scorchers,MW Hill,JW Wells,AJ Tye,2,0,,,,,,,,,
756779,2014/15,2015-01-11,Bellerive Oval,2,18.4,Hobart Hurricanes,Perth Scorchers,MW Hill,JW Wells,AJ Tye,0,0,,,,,,caught,MW Hill,,
756779,2014/15,2015-01-11,Bellerive Oval,2,18.5,Hobart Hurricanes,Perth Scorchers,JW Wells,TT Bresnan,AJ Tye,0,0,,,,,,,,,
756779,2014/15,2015-01-11,Bellerive Oval,2,18.6,Hobart Hurricanes,Perth Scorchers,JW Wells,TT Bresnan,AJ Tye,0,0,,,,,,,,,
756779,2014/15,2015-01-11,Bellerive Oval,2,19.1,Hobart Hurricanes,Perth Scorchers,TT Bresnan,JW Wells,Yasir Arafat,0,0,,,,,,lbw,TT Bresnan,,
756779,2014/15,2015-01-11,Bellerive Oval,2,19.2,Hobart Hurricanes,Perth Scorchers,BW Hilfenhaus,JW Wells,Yasir Arafat,2,0,,,,,,,,,
756779,2014/15,2015-01-11,Bellerive Oval,2,19.3,Hobart Hurricanes,Perth Scorchers,BW Hilfenhaus,JW Wells,Yasir Arafat,2,0,,,,,,,,,
756779,2014/15,2015-01-11,Bellerive Oval,2,19.4,Hobart Hurricanes,Perth Scorchers,BW Hilfenhaus,JW Wells,Yasir Arafat,0,0,,,,,,bowled,BW Hilfenhaus,,
756779,2014/15,2015-01-11,Bellerive Oval,2,19.5,Hobart Hurricanes,Perth Scorchers,CJ Boyce,JW Wells,Yasir Arafat,0,0,,,,,,,,,
756779,2014/15,2015-01-11,Bellerive Oval,2,19.6,Hobart Hurricanes,Perth Scorchers,CJ Boyce,JW Wells,Yasir Arafat,0,1,,,,1,,,,,
