match_id,season,start_date,venue,innings,ball,batting_team,bowling_team,striker,non_striker,bowler,runs_off_bat,extras,wides,noballs,byes,legbyes,penalty,wicket_type,player_dismissed,other_wicket_type,other_player_dismissed
756797,2014/15,2015-01-15,"Brisbane Cricket Ground, Woolloongabba",1,0.1,Brisbane Heat,Hobart Hurricanes,JA Burns,PJ Forrest,JK Reed,0,0,,,,,,,,,
756797,2014/15,2015-01-15,"Brisbane Cricket Ground, Woolloongabba",1,0.2,Brisbane Heat,Hobart Hurricanes,JA Burns,PJ Forrest,JK Reed,1,0,,,,,,,,,
756797,2014/15,2015-01-15,"Brisbane Cricket Ground, Woolloongabba",1,0.3,Brisbane Heat,Hobart Hurricanes,PJ Forrest,JA Burns,JK Reed,2,0,,,,,,,,,
756797,2014/15,2015-01-15,"Brisbane Cricket Ground, Woolloongabba",1,0.4,Brisbane Heat,Hobart Hurricanes,PJ Forrest,JA Burns,JK Reed,0,0,,,,,,,,,
756797,2014/15,2015-01-15,"Brisbane Cricket Ground, Woolloongabba",1,0.5,Brisbane Heat,Hobart Hurricanes,PJ Forrest,JA Burns,JK Reed,0,0,,,,,,,,,
756797,2014/15,2015-01-15,"Brisbane Cricket Ground, Woolloongabba",1,0.6,Brisbane Heat,Hobart Hurricanes,PJ Forrest,JA Burns,JK Reed,0,0,,,,,,,,,
756797,2014/15,2015-01-15,"Brisbane Cricket Ground, Woolloongabba",1,1.1,Brisbane Heat,Hobart Hurricanes,JA Burns,PJ Forrest,BW Hilfenhaus,0,0,,,,,,,,,
756797,2014/15,2015-01-15,"Brisbane Cricket Ground, Woolloongabba",1,1.2,Brisbane Heat,Hobart Hurricanes,JA Burns,PJ Forrest,BW Hilfenhaus,0,0,,,,,,caught,JA Burns,,
756797,2014/15,2015-01-15,"Brisbane Cricket Ground, Woolloongabba",1,1.3,Brisbane Heat,Hobart Hurricanes,CA Lynn,PJ Forrest,BW Hilfenhaus,1,0,,,,,,,,,
756797,2014/15,2015-01-15,"Brisbane Cricket Ground, Woolloongabba",1,1.4,Brisbane Heat,Hobart Hurricanes,PJ Forrest,CA Lynn,BW Hilfenhaus,0,0,,,,,,,,,
756797,2014/15,2015-01-15,"Brisbane Cricket Ground, Woolloongabba",1,1.5,Brisbane Heat,Hobart Hurricanes,PJ Forrest,CA Lynn,BW Hilfenhaus,2,0,,,,,,,,,
756797,2014/15,2015-01-15,"Brisbane Cricket Ground, Woolloongabba",1,1.6,Brisbane Heat,Hobart Hurricanes,PJ Forrest,CA Lynn,BW Hilfenhaus,1,0,,,,,,,,,
756797,2014/15,2015-01-15,"Brisbane Cricket Ground, Woolloongabba",1,2.1,Brisbane Heat,Hobart Hurricanes,PJ Forrest,CA Lynn,TT Bresnan,1,0,,,,,,,,,
756797,2014/15,2015-01-15,"Brisbane Cricket Ground, Woolloongabba",1,2.2,Brisbane Heat,Hobart Hurricanes,CA Lynn,PJ Forrest,TT Bresnan,4,0,,,,,,,,,
756797,2014/15,2015-01-15,"Brisbane Cricket Ground, Woolloongabba",1,2.3,Brisbane Heat,Hobart Hurricanes,CA Lynn,PJ Forrest,TT Bresnan,4,0,,,,,,,,,
756797,2014/15,2015-01-15,"Brisbane Cricket Ground, Woolloongabba",1,2.4,Brisbane Heat,Hobart Hurricanes,CA Lynn,PJ Forrest,TT Bresnan,4,0,,,,,,,,,
756797,2014/15,2015-01-15,"Brisbane Cricket Ground, Woolloongabba",1,2.5,Brisbane Heat,Hobart Hurricanes,CA Lynn,PJ Forrest,TT Bresnan,4,0,,,,,,,,,
756797,2014/15,2015-01-15,"Brisbane Cricket Ground, Woolloongabba",1,2.6,Brisbane Heat,Hobart Hurricanes,CA Lynn,PJ Forrest,TT Bresnan,4,0,,,,,,,,,
756797,2014/15,2015-01-15,"Brisbane Cricket Ground, Woolloongabba",1,3.1,Brisbane Heat,Hobart Hurricanes,PJ Forrest,CA Lynn,BW Hilfenhaus,2,0,,,,,,,,,
756797,2014/15,2015-01-15,"Brisbane Cricket Ground, Woolloongabba",1,3.2,Brisbane Heat,Hobart Hurricanes,PJ Forrest,CA Lynn,BW Hilfenhaus,1,0,,,,,,,,,
756797,2014/15,2015-01-15,"Brisbane Cricket Ground, Woolloongabba",1,3.3,Brisbane Heat,Hobart Hurricanes,CA Lynn,PJ Forrest,BW Hilfenhaus,6,0,,,,,,,,,
756797,2014/15,2015-01-15,"Brisbane Cricket Ground, Woolloongabba",1,3.4,Brisbane Heat,Hobart Hurricanes,CA Lynn,PJ Forrest,BW Hilfenhaus,0,0,,,,,,,,,
756797,2014/15,2015-01-15,"Brisbane Cricket Ground, Woolloongabba",1,3.5,Brisbane Heat,Hobart Hurricanes,CA Lynn,PJ Forrest,BW Hilfenhaus,6,0,,,,,,,,,
756797,2014/15,2015-01-15,"Brisbane Cricket Ground, Woolloongabba",1,3.6,Brisbane Heat,Hobart Hurricanes,CA Lynn,PJ Forrest,BW Hilfenhaus,1,0,,,,,,,,,
756797,2014/15,2015-01-15,"Brisbane Cricket Ground, Woolloongabba",1,4.1,Brisbane Heat,Hobart Hurricanes,CA Lynn,PJ Forrest,EP Gulbis,1,0,,,,,,,,,
756797,2014/15,2015-01-15,"Brisbane Cricket Ground, Woolloongabba",1,4.2,Brisbane Heat,Hobart Hurricanes,PJ Forrest,CA Lynn,EP Gulbis,0,0,,,,,,,,,
756797,2014/15,2015-01-15,"Brisbane Cricket Ground, Woolloongabba",1,4.3,Brisbane Heat,Hobart Hurricanes,PJ Forrest,CA Lynn,EP Gulbis,4,0,,,,,,,,,
756797,2014/15,2015-01-15,"Brisbane Cricket Ground, Woolloongabba",1,4.4,Brisbane Heat,Hobart Hurricanes,PJ Forrest,CA Lynn,EP Gulbis,4,0,,,,,,,,,
756797,2014/15,2015-01-15,"Brisbane Cricket Ground, Woolloongabba",1,4.5,Brisbane Heat,Hobart Hurricanes,PJ Forrest,CA Lynn,EP Gulbis,0,0,,,,,,,,,
756797,2014/15,2015-01-15,"Brisbane Cricket Ground, Woolloongabba",1,4.6,Brisbane Heat,Hobart Hurricanes,PJ Forrest,CA Lynn,EP Gulbis,1,0,,,,,,,,,
756797,2014/15,2015-01-15,"Brisbane Cricket Ground, Woolloongabba",1,5.1,Brisbane Heat,Hobart Hurricanes,PJ Forrest,CA Lynn,Shoaib Malik,1,0,,,,,,,,,
756797,2014/15,2015-01-15,"Brisbane Cricket Ground, Woolloongabba",1,5.2,Brisbane Heat,Hobart Hurricanes,CA Lynn,PJ Forrest,Shoaib Malik,1,0,,,,,,,,,
756797,2014/15,2015-01-15,"Brisbane Cricket Ground, Woolloongabba",1,5.3,Brisbane Heat,Hobart Hurricanes,PJ Forrest,CA Lynn,Shoaib Malik,1,0,,,,,,,,,
756797,2014/15,2015-01-15,"Brisbane Cricket Ground, Woolloongabba",1,5.4,Brisbane Heat,Hobart Hurricanes,CA Lynn,PJ Forrest,Shoaib Malik,4,0,,,,,,,,,
756797,2014/15,2015-01-15,"Brisbane Cricket Ground, Woolloongabba",1,5.5,Brisbane Heat,Hobart Hurricanes,CA Lynn,PJ Forrest,Shoaib Malik,0,0,,,,,,,,,
756797,2014/15,2015-01-15,"Brisbane Cricket Ground, Woolloongabba",1,5.6,Brisbane Heat,Hobart Hurricanes,CA Lynn,PJ Forrest,Shoaib Malik,4,0,,,,,,,,,
756797,2014/15,2015-01-15,"Brisbane Cricket Ground, Woolloongabba",1,6.1,Brisbane Heat,Hobart Hurricanes,PJ Forrest,CA Lynn,TT Bresnan,1,0,,,,,,,,,
756797,2014/15,2015-01-15,"Brisbane Cricket Ground, Woolloongabba",1,6.2,Brisbane Heat,Hobart Hurricanes,CA Lynn,PJ Forrest,TT Bresnan,4,0,,,,,,,,,
756797,2014/15,2015-01-15,"Brisbane Cricket Ground, Woolloongabba",1,6.3,Brisbane Heat,Hobart Hurricanes,CA Lynn,PJ Forrest,TT Bresnan,1,0,,,,,,,,,
756797,2014/15,2015-01-15,"Brisbane Cricket Ground, Woolloongabba",1,6.4,Brisbane Heat,Hobart Hurricanes,PJ Forrest,CA Lynn,TT Bresnan,1,0,,,,,,,,,
756797,2014/15,2015-01-15,"Brisbane Cricket Ground, Woolloongabba",1,6.5,Brisbane Heat,Hobart Hurricanes,CA Lynn,PJ Forrest,TT Bresnan,2,0,,,,,,,,,
756797,2014/15,2015-01-15,"Brisbane Cricket Ground, Woolloongabba",1,6.6,Brisbane Heat,Hobart Hurricanes,CA Lynn,PJ Forrest,TT Bresnan,4,0,,,,,,,,,
756797,2014/15,2015-01-15,"Brisbane Cricket Ground, Woolloongabba",1,7.1,Brisbane Heat,Hobart Hurricanes,PJ Forrest,CA Lynn,CJ Boyce,1,0,,,,,,,,,
756797,2014/15,2015-01-15,"Brisbane Cricket Ground, Woolloongabba",1,7.2,Brisbane Heat,Hobart Hurricanes,CA Lynn,PJ Forrest,CJ Boyce,1,0,,,,,,,,,
756797,2014/15,2015-01-15,"Brisbane Cricket Ground, Woolloongabba",1,7.3,Brisbane Heat,Hobart Hurricanes,PJ Forrest,CA Lynn,CJ Boyce,1,0,,,,,,,,,
756797,2014/15,2015-01-15,"Brisbane Cricket Ground, Woolloongabba",1,7.4,Brisbane Heat,Hobart Hurricanes,CA Lynn,PJ Forrest,CJ Boyce,0,0,,,,,,,,,
756797,2014/15,2015-01-15,"Brisbane Cricket Ground, Woolloongabba",1,7.5,Brisbane Heat,Hobart Hurricanes,CA Lynn,PJ Forrest,CJ Boyce,0,0,,,,,,,,,
756797,2014/15,2015-01-15,"Brisbane Cricket Ground, Woolloongabba",1,7.6,Brisbane Heat,Hobart Hurricanes,CA Lynn,PJ Forrest,CJ Boyce,1,0,,,,,,,,,
756797,2014/15,2015-01-15,"Brisbane Cricket Ground, Woolloongabba",1,8.1,Brisbane Heat,Hobart Hurricanes,CA Lynn,PJ Forrest,EP Gulbis,4,0,,,,,,,,,
756797,2014/15,2015-01-15,"Brisbane Cricket Ground, Woolloongabba",1,8.2,Brisbane Heat,Hobart Hurricanes,CA Lynn,PJ Forrest,EP Gulbis,1,0,,,,,,,,,
756797,2014/15,2015-01-15,"Brisbane Cricket Ground, Woolloongabba",1,8.3,Brisbane Heat,Hobart Hurricanes,PJ Forrest,CA Lynn,EP Gulbis,1,0,,,,,,,,,
756797,2014/15,2015-01-15,"Brisbane Cricket Ground, Woolloongabba",1,8.4,Brisbane Heat,Hobart Hurricanes,CA Lynn,PJ Forrest,EP Gulbis,4,0,,,,,,,,,
756797,2014/15,2015-01-15,"Brisbane Cricket Ground, Woolloongabba",1,8.5,Brisbane Heat,Hobart Hurricanes,CA Lynn,PJ Forrest,EP Gulbis,6,0,,,,,,,,,
756797,2014/15,2015-01-15,"Brisbane Cricket Ground, Woolloongabba",1,8.6,Brisbane Heat,Hobart Hurricanes,CA Lynn,PJ Forrest,EP Gulbis,1,0,,,,,,,,,
756797,2014/15,2015-01-15,"Brisbane Cricket Ground, Woolloongabba",1,9.1,Brisbane Heat,Hobart Hurricanes,CA Lynn,PJ Forrest,CJ Boyce,4,0,,,,,,,,,
756797,2014/15,2015-01-15,"Brisbane Cricket Ground, Woolloongabba",1,9.2,Brisbane Heat,Hobart Hurricanes,CA Lynn,PJ Forrest,CJ Boyce,1,0,,,,,,,,,
756797,2014/15,2015-01-15,"Brisbane Cricket Ground, Woolloongabba",1,9.3,Brisbane Heat,Hobart Hurricanes,PJ Forrest,CA Lynn,CJ Boyce,1,0,,,,,,,,,
756797,2014/15,2015-01-15,"Brisbane Cricket Ground, Woolloongabba",1,9.4,Brisbane Heat,Hobart Hurricanes,CA Lynn,PJ Forrest,CJ Boyce,1,0,,,,,,,,,
756797,2014/15,2015-01-15,"Brisbane Cricket Ground, Woolloongabba",1,9.5,Brisbane Heat,Hobart Hurricanes,PJ Forrest,CA Lynn,CJ Boyce,1,0,,,,,,,,,
756797,2014/15,2015-01-15,"Brisbane Cricket Ground, Woolloongabba",1,9.6,Brisbane Heat,Hobart Hurricanes,CA Lynn,PJ Forrest,CJ Boyce,0,0,,,,,,,,,
756797,2014/15,2015-01-15,"Brisbane Cricket Ground, Woolloongabba",1,10.1,Brisbane Heat,Hobart Hurricanes,PJ Forrest,CA Lynn,BW Hilfenhaus,2,0,,,,,,,,,
756797,2014/15,2015-01-15,"Brisbane Cricket Ground, Woolloongabba",1,10.2,Brisbane Heat,Hobart Hurricanes,PJ Forrest,CA Lynn,BW Hilfenhaus,0,0,,,,,,,,,
756797,2014/15,2015-01-15,"Brisbane Cricket Ground, Woolloongabba",1,10.3,Brisbane Heat,Hobart Hurricanes,PJ Forrest,CA Lynn,BW Hilfenhaus,1,0,,,,,,,,,
756797,2014/15,2015-01-15,"Brisbane Cricket Ground, Woolloongabba",1,10.4,Brisbane Heat,Hobart Hurricanes,CA Lynn,PJ Forrest,BW Hilfenhaus,1,0,,,,,,,,,
756797,2014/15,2015-01-15,"Brisbane Cricket Ground, Woolloongabba",1,10.5,Brisbane Heat,Hobart Hurricanes,PJ Forrest,CA Lynn,BW Hilfenhaus,0,0,,,,,,,,,
756797,2014/15,2015-01-15,"Brisbane Cricket Ground, Woolloongabba",1,10.6,Brisbane Heat,Hobart Hurricanes,PJ Forrest,CA Lynn,BW Hilfenhaus,1,0,,,,,,,,,
756797,2014/15,2015-01-15,"Brisbane Cricket Ground, Woolloongabba",1,11.1,Brisbane Heat,Hobart Hurricanes,PJ Forrest,CA Lynn,Shoaib Malik,1,0,,,,,,,,,
756797,2014/15,2015-01-15,"Brisbane Cricket Ground, Woolloongabba",1,11.2,Brisbane Heat,Hobart Hurricanes,CA Lynn,PJ Forrest,Shoaib Malik,1,0,,,,,,,,,
756797,2014/15,2015-01-15,"Brisbane Cricket Ground, Woolloongabba",1,11.3,Brisbane Heat,Hobart Hurricanes,PJ Forrest,CA Lynn,Shoaib Malik,2,0,,,,,,,,,
756797,2014/15,2015-01-15,"Brisbane Cricket Ground, Woolloongabba",1,11.4,Brisbane Heat,Hobart Hurricanes,PJ Forrest,CA Lynn,Shoaib Malik,0,0,,,,,,,,,
756797,2014/15,2015-01-15,"Brisbane Cricket Ground, Woolloongabba",1,11.5,Brisbane Heat,Hobart Hurricanes,PJ Forrest,CA Lynn,Shoaib Malik,0,0,,,,,,,,,
756797,2014/15,2015-01-15,"Brisbane Cricket Ground, Woolloongabba",1,11.6,Brisbane Heat,Hobart Hurricanes,PJ Forrest,CA Lynn,Shoaib Malik,0,0,,,,,,,,,
756797,2014/15,2015-01-15,"Brisbane Cricket Ground, Woolloongabba",1,12.1,Brisbane Heat,Hobart Hurricanes,CA Lynn,PJ Forrest,EP Gulbis,0,0,,,,,,caught,CA Lynn,,
756797,2014/15,2015-01-15,"Brisbane Cricket Ground, Woolloongabba",1,12.2,Brisbane Heat,Hobart Hurricanes,PJ Forrest,DT Christian,EP Gulbis,2,0,,,,,,,,,
756797,2014/15,2015-01-15,"Brisbane Cricket Ground, Woolloongabba",1,12.3,Brisbane Heat,Hobart Hurricanes,PJ Forrest,DT Christian,EP Gulbis,0,0,,,,,,,,,
756797,2014/15,2015-01-15,"Brisbane Cricket Ground, Woolloongabba",1,12.4,Brisbane Heat,Hobart Hurricanes,PJ Forrest,DT Christian,EP Gulbis,1,0,,,,,,,,,
756797,2014/15,2015-01-15,"Brisbane Cricket Ground, Woolloongabba",1,12.5,Brisbane Heat,Hobart Hurricanes,DT Christian,PJ Forrest,EP Gulbis,0,1,1,,,,,,,,
756797,2014/15,2015-01-15,"Brisbane Cricket Ground, Woolloongabba",1,12.6,Brisbane Heat,Hobart Hurricanes,DT Christian,PJ Forrest,EP Gulbis,1,0,,,,,,,,,
756797,2014/15,2015-01-15,"Brisbane Cricket Ground, Woolloongabba",1,12.7,Brisbane Heat,Hobart Hurricanes,PJ Forrest,DT Christian,EP Gulbis,1,0,,,,,,,,,
756797,2014/15,2015-01-15,"Brisbane Cricket Ground, Woolloongabba",1,13.1,Brisbane Heat,Hobart Hurricanes,PJ Forrest,DT Christian,CJ Boyce,1,0,,,,,,,,,
756797,2014/15,2015-01-15,"Brisbane Cricket Ground, Woolloongabba",1,13.2,Brisbane Heat,Hobart Hurricanes,DT Christian,PJ Forrest,CJ Boyce,1,0,,,,,,,,,
756797,2014/15,2015-01-15,"Brisbane Cricket Ground, Woolloongabba",1,13.3,Brisbane Heat,Hobart Hurricanes,PJ Forrest,DT Christian,CJ Boyce,0,0,,,,,,,,,
756797,2014/15,2015-01-15,"Brisbane Cricket Ground, Woolloongabba",1,13.4,Brisbane Heat,Hobart Hurricanes,PJ Forrest,DT Christian,CJ Boyce,0,0,,,,,,,,,
756797,2014/15,2015-01-15,"Brisbane Cricket Ground, Woolloongabba",1,13.5,Brisbane Heat,Hobart Hurricanes,PJ Forrest,DT Christian,CJ Boyce,2,0,,,,,,,,,
756797,2014/15,2015-01-15,"Brisbane Cricket Ground, Woolloongabba",1,13.6,Brisbane Heat,Hobart Hurricanes,PJ Forrest,DT Christian,CJ Boyce,1,0,,,,,,,,,
756797,2014/15,2015-01-15,"Brisbane Cricket Ground, Woolloongabba",1,14.1,Brisbane Heat,Hobart Hurricanes,PJ Forrest,DT Christian,EP Gulbis,1,0,,,,,,,,,
756797,2014/15,2015-01-15,"Brisbane Cricket Ground, Woolloongabba",1,14.2,Brisbane Heat,Hobart Hurricanes,DT Christian,PJ Forrest,EP Gulbis,0,0,,,,,,,,,
756797,2014/15,2015-01-15,"Brisbane Cricket Ground, Woolloongabba",1,14.3,Brisbane Heat,Hobart Hurricanes,DT Christian,PJ Forrest,EP Gulbis,1,0,,,,,,,,,
756797,2014/15,2015-01-15,"Brisbane Cricket Ground, Woolloongabba",1,14.4,Brisbane Heat,Hobart Hurricanes,PJ Forrest,DT Christian,EP Gulbis,2,0,,,,,,,,,
756797,2014/15,2015-01-15,"Brisbane Cricket Ground, Woolloongabba",1,14.5,Brisbane Heat,Hobart Hurricanes,PJ Forrest,DT Christian,EP Gulbis,0,0,,,,,,,,,
756797,2014/15,2015-01-15,"Brisbane Cricket Ground, Woolloongabba",1,14.6,Brisbane Heat,Hobart Hurricanes,PJ Forrest,DT Christian,EP Gulbis,1,0,,,,,,,,,
756797,2014/15,2015-01-15,"Brisbane Cricket Ground, Woolloongabba",1,15.1,Brisbane Heat,Hobart Hurricanes,PJ Forrest,DT Christian,CJ Boyce,0,0,,,,,,caught,PJ Forrest,,
756797,2014/15,2015-01-15,"Brisbane Cricket Ground, Woolloongabba",1,15.2,Brisbane Heat,Hobart Hurricanes,DT Christian,NJ Reardon,CJ Boyce,2,0,,,,,,,,,
756797,2014/15,2015-01-15,"Brisbane Cricket Ground, Woolloongabba",1,15.3,Brisbane Heat,Hobart Hurricanes,DT Christian,NJ Reardon,CJ Boyce,1,0,,,,,,,,,
756797,2014/15,2015-01-15,"Brisbane Cricket Ground, Woolloongabba",1,15.4,Brisbane Heat,Hobart Hurricanes,NJ Reardon,DT Christian,CJ Boyce,1,0,,,,,,,,,
756797,2014/15,2015-01-15,"Brisbane Cricket Ground, Woolloongabba",1,15.5,Brisbane Heat,Hobart Hurricanes,DT Christian,NJ Reardon,CJ Boyce,1,0,,,,,,,,,
756797,2014/15,2015-01-15,"Brisbane Cricket Ground, Woolloongabba",1,15.6,Brisbane Heat,Hobart Hurricanes,NJ Reardon,DT Christian,CJ Boyce,6,0,,,,,,,,,
756797,2014/15,2015-01-15,"Brisbane Cricket Ground, Woolloongabba",1,16.1,Brisbane Heat,Hobart Hurricanes,DT Christian,NJ Reardon,TT Bresnan,1,0,,,,,,,,,
756797,2014/15,2015-01-15,"Brisbane Cricket Ground, Woolloongabba",1,16.2,Brisbane Heat,Hobart Hurricanes,NJ Reardon,DT Christian,TT Bresnan,0,0,,,,,,,,,
756797,2014/15,2015-01-15,"Brisbane Cricket Ground, Woolloongabba",1,16.3,Brisbane Heat,Hobart Hurricanes,NJ Reardon,DT Christian,TT Bresnan,1,0,,,,,,,,,
756797,2014/15,2015-01-15,"Brisbane Cricket Ground, Woolloongabba",1,16.4,Brisbane Heat,Hobart Hurricanes,DT Christian,NJ Reardon,TT Bresnan,4,0,,,,,,,,,
756797,2014/15,2015-01-15,"Brisbane Cricket Ground, Woolloongabba",1,16.5,Brisbane Heat,Hobart Hurricanes,DT Christian,NJ Reardon,TT Bresnan,4,0,,,,,,,,,
756797,2014/15,2015-01-15,"Brisbane Cricket Ground, Woolloongabba",1,16.6,Brisbane Heat,Hobart Hurricanes,DT Christian,NJ Reardon,TT Bresnan,4,0,,,,,,,,,
756797,2014/15,2015-01-15,"Brisbane Cricket Ground, Woolloongabba",1,17.1,Brisbane Heat,Hobart Hurricanes,NJ Reardon,DT Christian,Shoaib Malik,4,0,,,,,,,,,
756797,2014/15,2015-01-15,"Brisbane Cricket Ground, Woolloongabba",1,17.2,Brisbane Heat,Hobart Hurricanes,NJ Reardon,DT Christian,Shoaib Malik,1,0,,,,,,,,,
756797,2014/15,2015-01-15,"Brisbane Cricket Ground, Woolloongabba",1,17.3,Brisbane Heat,Hobart Hurricanes,DT Christian,NJ Reardon,Shoaib Malik,0,0,,,,,,caught,DT Christian,,
756797,2014/15,2015-01-15,"Brisbane Cricket Ground, Woolloongabba",1,17.4,Brisbane Heat,Hobart Hurricanes,NJ Reardon,BCJ Cutting,Shoaib Malik,1,0,,,,,,,,,
756797,2014/15,2015-01-15,"Brisbane Cricket Ground, Woolloongabba",1,17.5,Brisbane Heat,Hobart Hurricanes,BCJ Cutting,NJ Reardon,Shoaib Malik,0,1,1,,,,,,,,
756797,2014/15,2015-01-15,"Brisbane Cricket Ground, Woolloongabba",1,17.6,Brisbane Heat,Hobart Hurricanes,BCJ Cutting,NJ Reardon,Shoaib Malik,1,0,,,,,,,,,
756797,2014/15,2015-01-15,"Brisbane Cricket Ground, Woolloongabba",1,17.7,Brisbane Heat,Hobart Hurricanes,NJ Reardon,BCJ Cutting,Shoaib Malik,4,0,,,,,,,,,
756797,2014/15,2015-01-15,"Brisbane Cricket Ground, Woolloongabba",1,18.1,Brisbane Heat,Hobart Hurricanes,BCJ Cutting,NJ Reardon,BW Hilfenhaus,4,0,,,,,,,,,
756797,2014/15,2015-01-15,"Brisbane Cricket Ground, Woolloongabba",1,18.2,Brisbane Heat,Hobart Hurricanes,BCJ Cutting,NJ Reardon,BW Hilfenhaus,0,1,1,,,,,,,,
756797,2014/15,2015-01-15,"Brisbane Cricket Ground, Woolloongabba",1,18.3,Brisbane Heat,Hobart Hurricanes,BCJ Cutting,NJ Reardon,BW Hilfenhaus,2,0,,,,,,,,,
756797,2014/15,2015-01-15,"Brisbane Cricket Ground, Woolloongabba",1,18.4,Brisbane Heat,Hobart Hurricanes,BCJ Cutting,NJ Reardon,BW Hilfenhaus,4,0,,,,,,,,,
756797,2014/15,2015-01-15,"Brisbane Cricket Ground, Woolloongabba",1,18.5,Brisbane Heat,Hobart Hurricanes,BCJ Cutting,NJ Reardon,BW Hilfenhaus,1,0,,,,,,,,,
756797,2014/15,2015-01-15,"Brisbane Cricket Ground, Woolloongabba",1,18.6,Brisbane Heat,Hobart Hurricanes,NJ Reardon,BCJ Cutting,BW Hilfenhaus,1,0,,,,,,,,,
756797,2014/15,2015-01-15,"Brisbane Cricket Ground, Woolloongabba",1,18.7,Brisbane Heat,Hobart Hurricanes,BCJ Cutting,NJ Reardon,BW Hilfenhaus,6,0,,,,,,,,,
756797,2014/15,2015-01-15,"Brisbane Cricket Ground, Woolloongabba",1,19.1,Brisbane Heat,Hobart Hurricanes,NJ Reardon,BCJ Cutting,Shoaib Malik,1,0,,,,,,,,,
756797,2014/15,2015-01-15,"Brisbane Cricket Ground, Woolloongabba",1,19.2,Brisbane Heat,Hobart Hurricanes,BCJ Cutting,NJ Reardon,Shoaib Malik,6,0,,,,,,,,,
756797,2014/15,2015-01-15,"Brisbane Cricket Ground, Woolloongabba",1,19.3,Brisbane Heat,Hobart Hurricanes,BCJ Cutting,NJ Reardon,Shoaib Malik,0,0,,,,,,caught,BCJ Cutting,,
756797,2014/15,2015-01-15,"Brisbane Cricket Ground, Woolloongabba",1,19.4,Brisbane Heat,Hobart Hurricanes,NJ Reardon,A Flintoff,Shoaib Malik,0,0,,,,,,caught,NJ Reardon,,
756797,2014/15,2015-01-15,"Brisbane Cricket Ground, Woolloongabba",1,19.5,Brisbane Heat,Hobart Hurricanes,A Flintoff,JJ Peirson,Shoaib Malik,2,0,,,,,,,,,
756797,2014/15,2015-01-15,"Brisbane Cricket Ground, Woolloongabba",1,19.6,Brisbane Heat,Hobart Hurricanes,A Flintoff,JJ Peirson,Shoaib Malik,1,0,,,,,,,,,
756797,2014/15,2015-01-15,"Brisbane Cricket Ground, Woolloongabba",2,0.1,Hobart Hurricanes,Brisbane Heat,BR Dunk,TD Paine,JR Hopes,0,1,1,,,,,,,,
756797,2014/15,2015-01-15,"Brisbane Cricket Ground, Woolloongabba",2,0.2,Hobart Hurricanes,Brisbane Heat,BR Dunk,TD Paine,JR Hopes,1,0,,,,,,,,,
756797,2014/15,2015-01-15,"Brisbane Cricket Ground, Woolloongabba",2,0.3,Hobart Hurricanes,Brisbane Heat,TD Paine,BR Dunk,JR Hopes,0,0,,,,,,,,,
756797,2014/15,2015-01-15,"Brisbane Cricket Ground, Woolloongabba",2,0.4,Hobart Hurricanes,Brisbane Heat,TD Paine,BR Dunk,JR Hopes,0,0,,,,,,,,,
756797,2014/15,2015-01-15,"Brisbane Cricket Ground, Woolloongabba",2,0.5,Hobart Hurricanes,Brisbane Heat,TD Paine,BR Dunk,JR Hopes,0,1,1,,,,,,,,
756797,2014/15,2015-01-15,"Brisbane Cricket Ground, Woolloongabba",2,0.6,Hobart Hurricanes,Brisbane Heat,TD Paine,BR Dunk,JR Hopes,1,0,,,,,,,,,
756797,2014/15,2015-01-15,"Brisbane Cricket Ground, Woolloongabba",2,0.7,Hobart Hurricanes,Brisbane Heat,BR Dunk,TD Paine,JR Hopes,0,0,,,,,,,,,
756797,2014/15,2015-01-15,"Brisbane Cricket Ground, Woolloongabba",2,0.8,Hobart Hurricanes,Brisbane Heat,BR Dunk,TD Paine,JR Hopes,1,0,,,,,,,,,
756797,2014/15,2015-01-15,"Brisbane Cricket Ground, Woolloongabba",2,1.1,Hobart Hurricanes,Brisbane Heat,BR Dunk,TD Paine,MT Steketee,0,1,1,,,,,,,,
756797,2014/15,2015-01-15,"Brisbane Cricket Ground, Woolloongabba",2,1.2,Hobart Hurricanes,Brisbane Heat,BR Dunk,TD Paine,MT Steketee,0,0,,,,,,,,,
756797,2014/15,2015-01-15,"Brisbane Cricket Ground, Woolloongabba",2,1.3,Hobart Hurricanes,Brisbane Heat,BR Dunk,TD Paine,MT Steketee,0,0,,,,,,,,,
756797,2014/15,2015-01-15,"Brisbane Cricket Ground, Woolloongabba",2,1.4,Hobart Hurricanes,Brisbane Heat,BR Dunk,TD Paine,MT Steketee,0,0,,,,,,caught,BR Dunk,,
756797,2014/15,2015-01-15,"Brisbane Cricket Ground, Woolloongabba",2,1.5,Hobart Hurricanes,Brisbane Heat,MW Hill,TD Paine,MT Steketee,0,0,,,,,,,,,
756797,2014/15,2015-01-15,"Brisbane Cricket Ground, Woolloongabba",2,1.6,Hobart Hurricanes,Brisbane Heat,MW Hill,TD Paine,MT Steketee,2,0,,,,,,,,,
756797,2014/15,2015-01-15,"Brisbane Cricket Ground, Woolloongabba",2,1.7,Hobart Hurricanes,Brisbane Heat,MW Hill,TD Paine,MT Steketee,1,0,,,,,,,,,
756797,2014/15,2015-01-15,"Brisbane Cricket Ground, Woolloongabba",2,2.1,Hobart Hurricanes,Brisbane Heat,MW Hill,TD Paine,JR Hopes,1,0,,,,,,,,,
756797,2014/15,2015-01-15,"Brisbane Cricket Ground, Woolloongabba",2,2.2,Hobart Hurricanes,Brisbane Heat,TD Paine,MW Hill,JR Hopes,0,1,1,,,,,,,,
756797,2014/15,2015-01-15,"Brisbane Cricket Ground, Woolloongabba",2,2.3,Hobart Hurricanes,Brisbane Heat,TD Paine,MW Hill,JR Hopes,1,0,,,,,,,,,
756797,2014/15,2015-01-15,"Brisbane Cricket Ground, Woolloongabba",2,2.4,Hobart Hurricanes,Brisbane Heat,MW Hill,TD Paine,JR Hopes,0,0,,,,,,,,,
756797,2014/15,2015-01-15,"Brisbane Cricket Ground, Woolloongabba",2,2.5,Hobart Hurricanes,Brisbane Heat,MW Hill,TD Paine,JR Hopes,4,0,,,,,,,,,
756797,2014/15,2015-01-15,"Brisbane Cricket Ground, Woolloongabba",2,2.6,Hobart Hurricanes,Brisbane Heat,MW Hill,TD Paine,JR Hopes,0,0,,,,,,,,,
756797,2014/15,2015-01-15,"Brisbane Cricket Ground, Woolloongabba",2,2.7,Hobart Hurricanes,Brisbane Heat,MW Hill,TD Paine,JR Hopes,1,0,,,,,,,,,
756797,2014/15,2015-01-15,"Brisbane Cricket Ground, Woolloongabba",2,3.1,Hobart Hurricanes,Brisbane Heat,MW Hill,TD Paine,MT Steketee,1,0,,,,,,,,,
756797,2014/15,2015-01-15,"Brisbane Cricket Ground, Woolloongabba",2,3.2,Hobart Hurricanes,Brisbane Heat,TD Paine,MW Hill,MT Steketee,3,0,,,,,,,,,
756797,2014/15,2015-01-15,"Brisbane Cricket Ground, Woolloongabba",2,3.3,Hobart Hurricanes,Brisbane Heat,MW Hill,TD Paine,MT Steketee,0,0,,,,,,,,,
756797,2014/15,2015-01-15,"Brisbane Cricket Ground, Woolloongabba",2,3.4,Hobart Hurricanes,Brisbane Heat,MW Hill,TD Paine,MT Steketee,1,0,,,,,,,,,
756797,2014/15,2015-01-15,"Brisbane Cricket Ground, Woolloongabba",2,3.5,Hobart Hurricanes,Brisbane Heat,TD Paine,MW Hill,MT Steketee,0,0,,,,,,caught,TD Paine,,
756797,2014/15,2015-01-15,"Brisbane Cricket Ground, Woolloongabba",2,3.6,Hobart Hurricanes,Brisbane Heat,MW Hill,EP Gulbis,MT Steketee,0,0,,,,,,,,,
756797,2014/15,2015-01-15,"Brisbane Cricket Ground, Woolloongabba",2,4.1,Hobart Hurricanes,Brisbane Heat,EP Gulbis,MW Hill,DT Christian,0,0,,,,,,,,,
756797,2014/15,2015-01-15,"Brisbane Cricket Ground, Woolloongabba",2,4.2,Hobart Hurricanes,Brisbane Heat,EP Gulbis,MW Hill,DT Christian,2,0,,,,,,,,,
756797,2014/15,2015-01-15,"Brisbane Cricket Ground, Woolloongabba",2,4.3,Hobart Hurricanes,Brisbane Heat,EP Gulbis,MW Hill,DT Christian,1,0,,,,,,,,,
756797,2014/15,2015-01-15,"Brisbane Cricket Ground, Woolloongabba",2,4.4,Hobart Hurricanes,Brisbane Heat,MW Hill,EP Gulbis,DT Christian,4,0,,,,,,,,,
756797,2014/15,2015-01-15,"Brisbane Cricket Ground, Woolloongabba",2,4.5,Hobart Hurricanes,Brisbane Heat,MW Hill,EP Gulbis,DT Christian,1,0,,,,,,,,,
756797,2014/15,2015-01-15,"Brisbane Cricket Ground, Woolloongabba",2,4.6,Hobart Hurricanes,Brisbane Heat,EP Gulbis,MW Hill,DT Christian,0,0,,,,,,caught,EP Gulbis,,
756797,2014/15,2015-01-15,"Brisbane Cricket Ground, Woolloongabba",2,5.1,Hobart Hurricanes,Brisbane Heat,MW Hill,TR Birt,MT Steketee,1,0,,,,,,,,,
756797,2014/15,2015-01-15,"Brisbane Cricket Ground, Woolloongabba",2,5.2,Hobart Hurricanes,Brisbane Heat,TR Birt,MW Hill,MT Steketee,1,0,,,,,,,,,
756797,2014/15,2015-01-15,"Brisbane Cricket Ground, Woolloongabba",2,5.3,Hobart Hurricanes,Brisbane Heat,MW Hill,TR Birt,MT Steketee,4,0,,,,,,,,,
756797,2014/15,2015-01-15,"Brisbane Cricket Ground, Woolloongabba",2,5.4,Hobart Hurricanes,Brisbane Heat,MW Hill,TR Birt,MT Steketee,1,0,,,,,,,,,
756797,2014/15,2015-01-15,"Brisbane Cricket Ground, Woolloongabba",2,5.5,Hobart Hurricanes,Brisbane Heat,TR Birt,MW Hill,MT Steketee,4,0,,,,,,,,,
756797,2014/15,2015-01-15,"Brisbane Cricket Ground, Woolloongabba",2,5.6,Hobart Hurricanes,Brisbane Heat,TR Birt,MW Hill,MT Steketee,0,4,,,,4,,,,,
756797,2014/15,2015-01-15,"Brisbane Cricket Ground, Woolloongabba",2,6.1,Hobart Hurricanes,Brisbane Heat,MW Hill,TR Birt,DT Christian,4,0,,,,,,,,,
756797,2014/15,2015-01-15,"Brisbane Cricket Ground, Woolloongabba",2,6.2,Hobart Hurricanes,Brisbane Heat,MW Hill,TR Birt,DT Christian,0,0,,,,,,caught,MW Hill,,
756797,2014/15,2015-01-15,"Brisbane Cricket Ground, Woolloongabba",2,6.3,Hobart Hurricanes,Brisbane Heat,Shoaib Malik,TR Birt,DT Christian,1,0,,,,,,,,,
756797,2014/15,2015-01-15,"Brisbane Cricket Ground, Woolloongabba",2,6.4,Hobart Hurricanes,Brisbane Heat,TR Birt,Shoaib Malik,DT Christian,4,0,,,,,,,,,
756797,2014/15,2015-01-15,"Brisbane Cricket Ground, Woolloongabba",2,6.5,Hobart Hurricanes,Brisbane Heat,TR Birt,Shoaib Malik,DT Christian,6,0,,,,,,,,,
756797,2014/15,2015-01-15,"Brisbane Cricket Ground, Woolloongabba",2,6.6,Hobart Hurricanes,Brisbane Heat,TR Birt,Shoaib Malik,DT Christian,0,1,,,,1,,,,,
756797,2014/15,2015-01-15,"Brisbane Cricket Ground, Woolloongabba",2,7.1,Hobart Hurricanes,Brisbane Heat,TR Birt,Shoaib Malik,SD Parry,1,0,,,,,,,,,
756797,2014/15,2015-01-15,"Brisbane Cricket Ground, Woolloongabba",2,7.2,Hobart Hurricanes,Brisbane Heat,Shoaib Malik,TR Birt,SD Parry,0,0,,,,,,,,,
756797,2014/15,2015-01-15,"Brisbane Cricket Ground, Woolloongabba",2,7.3,Hobart Hurricanes,Brisbane Heat,Shoaib Malik,TR Birt,SD Parry,1,0,,,,,,,,,
756797,2014/15,2015-01-15,"Brisbane Cricket Ground, Woolloongabba",2,7.4,Hobart Hurricanes,Brisbane Heat,TR Birt,Shoaib Malik,SD Parry,0,0,,,,,,stumped,TR Birt,,
756797,2014/15,2015-01-15,"Brisbane Cricket Ground, Woolloongabba",2,7.5,Hobart Hurricanes,Brisbane Heat,JW Wells,Shoaib Malik,SD Parry,0,0,,,,,,,,,
756797,2014/15,2015-01-15,"Brisbane Cricket Ground, Woolloongabba",2,7.6,Hobart Hurricanes,Brisbane Heat,JW Wells,Shoaib Malik,SD Parry,0,0,,,,,,,,,
756797,2014/15,2015-01-15,"Brisbane Cricket Ground, Woolloongabba",2,8.1,Hobart Hurricanes,Brisbane Heat,Shoaib Malik,JW Wells,BCJ Cutting,1,0,,,,,,,,,
756797,2014/15,2015-01-15,"Brisbane Cricket Ground, Woolloongabba",2,8.2,Hobart Hurricanes,Brisbane Heat,JW Wells,Shoaib Malik,BCJ Cutting,0,0,,,,,,,,,
756797,2014/15,2015-01-15,"Brisbane Cricket Ground, Woolloongabba",2,8.3,Hobart Hurricanes,Brisbane Heat,JW Wells,Shoaib Malik,BCJ Cutting,0,0,,,,,,,,,
756797,2014/15,2015-01-15,"Brisbane Cricket Ground, Woolloongabba",2,8.4,Hobart Hurricanes,Brisbane Heat,JW Wells,Shoaib Malik,BCJ Cutting,0,0,,,,,,,,,
756797,2014/15,2015-01-15,"Brisbane Cricket Ground, Woolloongabba",2,8.5,Hobart Hurricanes,Brisbane Heat,JW Wells,Shoaib Malik,BCJ Cutting,0,1,1,,,,,,,,
756797,2014/15,2015-01-15,"Brisbane Cricket Ground, Woolloongabba",2,8.6,Hobart Hurricanes,Brisbane Heat,JW Wells,Shoaib Malik,BCJ Cutting,0,1,1,,,,,,,,
756797,2014/15,2015-01-15,"Brisbane Cricket Ground, Woolloongabba",2,8.7,Hobart Hurricanes,Brisbane Heat,JW Wells,Shoaib Malik,BCJ Cutting,1,0,,,,,,,,,
756797,2014/15,2015-01-15,"Brisbane Cricket Ground, Woolloongabba",2,8.8,Hobart Hurricanes,Brisbane Heat,Shoaib Malik,JW Wells,BCJ Cutting,1,0,,,,,,,,,
756797,2014/15,2015-01-15,"Brisbane Cricket Ground, Woolloongabba",2,9.1,Hobart Hurricanes,Brisbane Heat,Shoaib Malik,JW Wells,SD Parry,4,0,,,,,,,,,
756797,2014/15,2015-01-15,"Brisbane Cricket Ground, Woolloongabba",2,9.2,Hobart Hurricanes,Brisbane Heat,Shoaib Malik,JW Wells,SD Parry,2,0,,,,,,,,,
756797,2014/15,2015-01-15,"Brisbane Cricket Ground, Woolloongabba",2,9.3,Hobart Hurricanes,Brisbane Heat,Shoaib Malik,JW Wells,SD Parry,2,0,,,,,,,,,
756797,2014/15,2015-01-15,"Brisbane Cricket Ground, Woolloongabba",2,9.4,Hobart Hurricanes,Brisbane Heat,Shoaib Malik,JW Wells,SD Parry,1,0,,,,,,,,,
756797,2014/15,2015-01-15,"Brisbane Cricket Ground, Woolloongabba",2,9.5,Hobart Hurricanes,Brisbane Heat,JW Wells,Shoaib Malik,SD Parry,4,0,,,,,,,,,
756797,2014/15,2015-01-15,"Brisbane Cricket Ground, Woolloongabba",2,9.6,Hobart Hurricanes,Brisbane Heat,JW Wells,Shoaib Malik,SD Parry,1,0,,,,,,,,,
756797,2014/15,2015-01-15,"Brisbane Cricket Ground, Woolloongabba",2,10.1,Hobart Hurricanes,Brisbane Heat,JW Wells,Shoaib Malik,BCJ Cutting,0,0,,,,,,caught,JW Wells,,
756797,2014/15,2015-01-15,"Brisbane Cricket Ground, Woolloongabba",2,10.2,Hobart Hurricanes,Brisbane Heat,Shoaib Malik,TT Bresnan,BCJ Cutting,0,0,,,,,,,,,
756797,2014/15,2015-01-15,"Brisbane Cricket Ground, Woolloongabba",2,10.3,Hobart Hurricanes,Brisbane Heat,Shoaib Malik,TT Bresnan,BCJ Cutting,1,0,,,,,,,,,
756797,2014/15,2015-01-15,"Brisbane Cricket Ground, Woolloongabba",2,10.4,Hobart Hurricanes,Brisbane Heat,TT Bresnan,Shoaib Malik,BCJ Cutting,0,0,,,,,,,,,
756797,2014/15,2015-01-15,"Brisbane Cricket Ground, Woolloongabba",2,10.5,Hobart Hurricanes,Brisbane Heat,TT Bresnan,Shoaib Malik,BCJ Cutting,1,0,,,,,,,,,
756797,2014/15,2015-01-15,"Brisbane Cricket Ground, Woolloongabba",2,10.6,Hobart Hurricanes,Brisbane Heat,Shoaib Malik,TT Bresnan,BCJ Cutting,6,0,,,,,,,,,
756797,2014/15,2015-01-15,"Brisbane Cricket Ground, Woolloongabba",2,11.1,Hobart Hurricanes,Brisbane Heat,TT Bresnan,Shoaib Malik,A Flintoff,1,0,,,,,,,,,
756797,2014/15,2015-01-15,"Brisbane Cricket Ground, Woolloongabba",2,11.2,Hobart Hurricanes,Brisbane Heat,Shoaib Malik,TT Bresnan,A Flintoff,1,0,,,,,,,,,
756797,2014/15,2015-01-15,"Brisbane Cricket Ground, Woolloongabba",2,11.3,Hobart Hurricanes,Brisbane Heat,TT Bresnan,Shoaib Malik,A Flintoff,0,0,,,,,,,,,
756797,2014/15,2015-01-15,"Brisbane Cricket Ground, Woolloongabba",2,11.4,Hobart Hurricanes,Brisbane Heat,TT Bresnan,Shoaib Malik,A Flintoff,0,0,,,,,,run out,TT Bresnan,,
756797,2014/15,2015-01-15,"Brisbane Cricket Ground, Woolloongabba",2,11.5,Hobart Hurricanes,Brisbane Heat,BW Hilfenhaus,Shoaib Malik,A Flintoff,0,1,,,,1,,,,,
756797,2014/15,2015-01-15,"Brisbane Cricket Ground, Woolloongabba",2,11.6,Hobart Hurricanes,Brisbane Heat,Shoaib Malik,BW Hilfenhaus,A Flintoff,2,0,,,,,,,,,
756797,2014/15,2015-01-15,"Brisbane Cricket Ground, Woolloongabba",2,12.1,Hobart Hurricanes,Brisbane Heat,BW Hilfenhaus,Shoaib Malik,DT Christian,4,0,,,,,,,,,
756797,2014/15,2015-01-15,"Brisbane Cricket Ground, Woolloongabba",2,12.2,Hobart Hurricanes,Brisbane Heat,BW Hilfenhaus,Shoaib Malik,DT Christian,1,0,,,,,,,,,
756797,2014/15,2015-01-15,"Brisbane Cricket Ground, Woolloongabba",2,12.3,Hobart Hurricanes,Brisbane Heat,Shoaib Malik,BW Hilfenhaus,DT Christian,2,0,,,,,,,,,
756797,2014/15,2015-01-15,"Brisbane Cricket Ground, Woolloongabba",2,12.4,Hobart Hurricanes,Brisbane Heat,Shoaib Malik,BW Hilfenhaus,DT Christian,6,0,,,,,,,,,
756797,2014/15,2015-01-15,"Brisbane Cricket Ground, Woolloongabba",2,12.5,Hobart Hurricanes,Brisbane Heat,Shoaib Malik,BW Hilfenhaus,DT Christian,2,0,,,,,,,,,
756797,2014/15,2015-01-15,"Brisbane Cricket Ground, Woolloongabba",2,12.6,Hobart Hurricanes,Brisbane Heat,Shoaib Malik,BW Hilfenhaus,DT Christian,1,0,,,,,,,,,
756797,2014/15,2015-01-15,"Brisbane Cricket Ground, Woolloongabba",2,13.1,Hobart Hurricanes,Brisbane Heat,Shoaib Malik,BW Hilfenhaus,A Flintoff,4,0,,,,,,,,,
756797,2014/15,2015-01-15,"Brisbane Cricket Ground, Woolloongabba",2,13.2,Hobart Hurricanes,Brisbane Heat,Shoaib Malik,BW Hilfenhaus,A Flintoff,1,0,,,,,,,,,
756797,2014/15,2015-01-15,"Brisbane Cricket Ground, Woolloongabba",2,13.3,Hobart Hurricanes,Brisbane Heat,BW Hilfenhaus,Shoaib Malik,A Flintoff,0,0,,,,,,,,,
756797,2014/15,2015-01-15,"Brisbane Cricket Ground, Woolloongabba",2,13.4,Hobart Hurricanes,Brisbane Heat,BW Hilfenhaus,Shoaib Malik,A Flintoff,2,0,,,,,,,,,
756797,2014/15,2015-01-15,"Brisbane Cricket Ground, Woolloongabba",2,13.5,Hobart Hurricanes,Brisbane Heat,BW Hilfenhaus,Shoaib Malik,A Flintoff,2,0,,,,,,,,,
756797,2014/15,2015-01-15,"Brisbane Cricket Ground, Woolloongabba",2,13.6,Hobart Hurricanes,Brisbane Heat,BW Hilfenhaus,Shoaib Malik,A Flintoff,1,0,,,,,,,,,
756797,2014/15,2015-01-15,"Brisbane Cricket Ground, Woolloongabba",2,14.1,Hobart Hurricanes,Brisbane Heat,BW Hilfenhaus,Shoaib Malik,BCJ Cutting,1,0,,,,,,,,,
756797,2014/15,2015-01-15,"Brisbane Cricket Ground, Woolloongabba",2,14.2,Hobart Hurricanes,Brisbane Heat,Shoaib Malik,BW Hilfenhaus,BCJ Cutting,2,0,,,,,,,,,
756797,2014/15,2015-01-15,"Brisbane Cricket Ground, Woolloongabba",2,14.3,Hobart Hurricanes,Brisbane Heat,Shoaib Malik,BW Hilfenhaus,BCJ Cutting,1,0,,,,,,,,,
756797,2014/15,2015-01-15,"Brisbane Cricket Ground, Woolloongabba",2,14.4,Hobart Hurricanes,Brisbane Heat,BW Hilfenhaus,Shoaib Malik,BCJ Cutting,6,0,,,,,,,,,
756797,2014/15,2015-01-15,"Brisbane Cricket Ground, Woolloongabba",2,14.5,Hobart Hurricanes,Brisbane Heat,BW Hilfenhaus,Shoaib Malik,BCJ Cutting,0,0,,,,,,,,,
756797,2014/15,2015-01-15,"Brisbane Cricket Ground, Woolloongabba",2,14.6,Hobart Hurricanes,Brisbane Heat,BW Hilfenhaus,Shoaib Malik,BCJ Cutting,1,0,,,,,,,,,
756797,2014/15,2015-01-15,"Brisbane Cricket Ground, Woolloongabba",2,15.1,Hobart Hurricanes,Brisbane Heat,BW Hilfenhaus,Shoaib Malik,JR Hopes,2,0,,,,,,,,,
756797,2014/15,2015-01-15,"Brisbane Cricket Ground, Woolloongabba",2,15.2,Hobart Hurricanes,Brisbane Heat,BW Hilfenhaus,Shoaib Malik,JR Hopes,2,0,,,,,,,,,
756797,2014/15,2015-01-15,"Brisbane Cricket Ground, Woolloongabba",2,15.3,Hobart Hurricanes,Brisbane Heat,BW Hilfenhaus,Shoaib Malik,JR Hopes,0,0,,,,,,,,,
756797,2014/15,2015-01-15,"Brisbane Cricket Ground, Woolloongabba",2,15.4,Hobart Hurricanes,Brisbane Heat,BW Hilfenhaus,Shoaib Malik,JR Hopes,0,0,,,,,,,,,
756797,2014/15,2015-01-15,"Brisbane Cricket Ground, Woolloongabba",2,15.5,Hobart Hurricanes,Brisbane Heat,BW Hilfenhaus,Shoaib Malik,JR Hopes,1,0,,,,,,,,,
756797,2014/15,2015-01-15,"Brisbane Cricket Ground, Woolloongabba",2,15.6,Hobart Hurricanes,Brisbane Heat,Shoaib Malik,BW Hilfenhaus,JR Hopes,0,0,,,,,,caught,Shoaib Malik,,
756797,2014/15,2015-01-15,"Brisbane Cricket Ground, Woolloongabba",2,16.1,Hobart Hurricanes,Brisbane Heat,BW Hilfenhaus,CJ Boyce,DT Christian,0,0,,,,,,,,,
756797,2014/15,2015-01-15,"Brisbane Cricket Ground, Woolloongabba",2,16.2,Hobart Hurricanes,Brisbane Heat,BW Hilfenhaus,CJ Boyce,DT Christian,0,0,,,,,,,,,
756797,2014/15,2015-01-15,"Brisbane Cricket Ground, Woolloongabba",2,16.3,Hobart Hurricanes,Brisbane Heat,BW Hilfenhaus,CJ Boyce,DT Christian,1,0,,,,,,,,,
756797,2014/15,2015-01-15,"Brisbane Cricket Ground, Woolloongabba",2,16.4,Hobart Hurricanes,Brisbane Heat,CJ Boyce,BW Hilfenhaus,DT Christian,1,0,,,,,,,,,
756797,2014/15,2015-01-15,"Brisbane Cricket Ground, Woolloongabba",2,16.5,Hobart Hurricanes,Brisbane Heat,BW Hilfenhaus,CJ Boyce,DT Christian,6,0,,,,,,,,,
756797,2014/15,2015-01-15,"Brisbane Cricket Ground, Woolloongabba",2,16.6,Hobart Hurricanes,Brisbane Heat,BW Hilfenhaus,CJ Boyce,DT Christian,1,0,,,,,,,,,
756797,2014/15,2015-01-15,"Brisbane Cricket Ground, Woolloongabba",2,17.1,Hobart Hurricanes,Brisbane Heat,BW Hilfenhaus,CJ Boyce,JR Hopes,1,0,,,,,,,,,
756797,2014/15,2015-01-15,"Brisbane Cricket Ground, Woolloongabba",2,17.2,Hobart Hurricanes,Brisbane Heat,CJ Boyce,BW Hilfenhaus,JR Hopes,6,0,,,,,,,,,
756797,2014/15,2015-01-15,"Brisbane Cricket Ground, Woolloongabba",2,17.3,Hobart Hurricanes,Brisbane Heat,CJ Boyce,BW Hilfenhaus,JR Hopes,4,0,,,,,,,,,
756797,2014/15,2015-01-15,"Brisbane Cricket Ground, Woolloongabba",2,17.4,Hobart Hurricanes,Brisbane Heat,CJ Boyce,BW Hilfenhaus,JR Hopes,2,0,,,,,,,,,
756797,2014/15,2015-01-15,"Brisbane Cricket Ground, Woolloongabba",2,17.5,Hobart Hurricanes,Brisbane Heat,CJ Boyce,BW Hilfenhaus,JR Hopes,1,0,,,,,,,,,
756797,2014/15,2015-01-15,"Brisbane Cricket Ground, Woolloongabba",2,17.6,Hobart Hurricanes,Brisbane Heat,BW Hilfenhaus,CJ Boyce,JR Hopes,0,1,,,,1,,,,,
756797,2014/15,2015-01-15,"Brisbane Cricket Ground, Woolloongabba",2,18.1,Hobart Hurricanes,Brisbane Heat,BW Hilfenhaus,CJ Boyce,BCJ Cutting,2,0,,,,,,,,,
756797,2014/15,2015-01-15,"Brisbane Cricket Ground, Woolloongabba",2,18.2,Hobart Hurricanes,Brisbane Heat,BW Hilfenhaus,CJ Boyce,BCJ Cutting,0,0,,,,,,,,,
756797,2014/15,2015-01-15,"Brisbane Cricket Ground, Woolloongabba",2,18.3,Hobart Hurricanes,Brisbane Heat,BW Hilfenhaus,CJ Boyce,BCJ Cutting,1,0,,,,,,,,,
756797,2014/15,2015-01-15,"Brisbane Cricket Ground, Woolloongabba",2,18.4,Hobart Hurricanes,Brisbane Heat,CJ Boyce,BW Hilfenhaus,BCJ Cutting,4,0,,,,,,,,,
756797,2014/15,2015-01-15,"Brisbane Cricket Ground, Woolloongabba",2,18.5,Hobart Hurricanes,Brisbane Heat,CJ Boyce,BW Hilfenhaus,BCJ Cutting,0,1,1,,,,,,,,
756797,2014/15,2015-01-15,"Brisbane Cricket Ground, Woolloongabba",2,18.6,Hobart Hurricanes,Brisbane Heat,CJ Boyce,BW Hilfenhaus,BCJ Cutting,1,0,,,,,,,,,
756797,2014/15,2015-01-15,"Brisbane Cricket Ground, Woolloongabba",2,18.7,Hobart Hurricanes,Brisbane Heat,BW Hilfenhaus,CJ Boyce,BCJ Cutting,0,1,,,,1,,,,,
756797,2014/15,2015-01-15,"Brisbane Cricket Ground, Woolloongabba",2,19.1,Hobart Hurricanes,Brisbane Heat,BW Hilfenhaus,CJ Boyce,MT Steketee,0,0,,,,,,,,,
756797,2014/15,2015-01-15,"Brisbane Cricket Ground, Woolloongabba",2,19.2,Hobart Hurricanes,Brisbane Heat,BW Hilfenhaus,CJ Boyce,MT Steketee,2,0,,,,,,,,,
756797,2014/15,2015-01-15,"Brisbane Cricket Ground, Woolloongabba",2,19.3,Hobart Hurricanes,Brisbane Heat,BW Hilfenhaus,CJ Boyce,MT Steketee,0,1,,,1,,,,,,
756797,2014/15,2015-01-15,"Brisbane Cricket Ground, Woolloongabba",2,19.4,Hobart Hurricanes,Brisbane Heat,CJ Boyce,BW Hilfenhaus,MT Steketee,4,0,,,,,,,,,
756797,2014/15,2015-01-15,"Brisbane Cricket Ground, Woolloongabba",2,19.5,Hobart Hurricanes,Brisbane Heat,CJ Boyce,BW Hilfenhaus,MT Steketee,1,0,,,,,,,,,
756797,2014/15,2015-01-15,"Brisbane Cricket Ground, Woolloongabba",2,19.6,Hobart Hurricanes,Brisbane Heat,BW Hilfenhaus,CJ Boyce,MT Steketee,1,0,,,,,,,,,
