match_id,season,start_date,venue,innings,ball,batting_team,bowling_team,striker,non_striker,bowler,runs_off_bat,extras,wides,noballs,byes,legbyes,penalty,wicket_type,player_dismissed,other_wicket_type,other_player_dismissed
756785,2014/15,2015-01-13,Docklands Stadium,1,0.1,Brisbane Heat,Melbourne Renegades,JJ Peirson,PJ Forrest,JL Pattinson,0,0,,,,,,caught,JJ Peirson,,
756785,2014/15,2015-01-13,Docklands Stadium,1,0.2,Brisbane Heat,Melbourne Renegades,JA Burns,PJ Forrest,JL Pattinson,0,0,,,,,,bowled,JA Burns,,
756785,2014/15,2015-01-13,Docklands Stadium,1,0.3,Brisbane Heat,Melbourne Renegades,DT Christian,PJ Forrest,JL Pattinson,0,0,,,,,,,,,
756785,2014/15,2015-01-13,Docklands Stadium,1,0.4,Brisbane Heat,Melbourne Renegades,DT Christian,PJ Forrest,JL Pattinson,0,0,,,,,,,,,
756785,2014/15,2015-01-13,Docklands Stadium,1,0.5,Brisbane Heat,Melbourne Renegades,DT Christian,PJ Forrest,JL Pattinson,0,0,,,,,,,,,
756785,2014/15,2015-01-13,Docklands Stadium,1,0.6,Brisbane Heat,Melbourne Renegades,DT Christian,PJ Forrest,JL Pattinson,0,0,,,,,,,,,
756785,2014/15,2015-01-13,Docklands Stadium,1,1.1,Brisbane Heat,Melbourne Renegades,PJ Forrest,DT Christian,PM Siddle,0,1,1,,,,,,,,
756785,2014/15,2015-01-13,Docklands Stadium,1,1.2,Brisbane Heat,Melbourne Renegades,PJ Forrest,DT Christian,PM Siddle,0,0,,,,,,,,,
756785,2014/15,2015-01-13,Docklands Stadium,1,1.3,Brisbane Heat,Melbourne Renegades,PJ Forrest,DT Christian,PM Siddle,0,2,,,,2,,,,,
756785,2014/15,2015-01-13,Docklands Stadium,1,1.4,Brisbane Heat,Melbourne Renegades,PJ Forrest,DT Christian,PM Siddle,0,0,,,,,,,,,
756785,2014/15,2015-01-13,Docklands Stadium,1,1.5,Brisbane Heat,Melbourne Renegades,PJ Forrest,DT Christian,PM Siddle,2,0,,,,,,,,,
756785,2014/15,2015-01-13,Docklands Stadium,1,1.6,Brisbane Heat,Melbourne Renegades,PJ Forrest,DT Christian,PM Siddle,0,0,,,,,,,,,
756785,2014/15,2015-01-13,Docklands Stadium,1,1.7,Brisbane Heat,Melbourne Renegades,PJ Forrest,DT Christian,PM Siddle,1,0,,,,,,,,,
756785,2014/15,2015-01-13,Docklands Stadium,1,2.1,Brisbane Heat,Melbourne Renegades,PJ Forrest,DT Christian,JL Pattinson,4,1,,1,,,,,,,
756785,2014/15,2015-01-13,Docklands Stadium,1,2.2,Brisbane Heat,Melbourne Renegades,PJ Forrest,DT Christian,JL Pattinson,0,1,1,,,,,,,,
756785,2014/15,2015-01-13,Docklands Stadium,1,2.3,Brisbane Heat,Melbourne Renegades,PJ Forrest,DT Christian,JL Pattinson,4,0,,,,,,,,,
756785,2014/15,2015-01-13,Docklands Stadium,1,2.4,Brisbane Heat,Melbourne Renegades,PJ Forrest,DT Christian,JL Pattinson,2,0,,,,,,,,,
756785,2014/15,2015-01-13,Docklands Stadium,1,2.5,Brisbane Heat,Melbourne Renegades,PJ Forrest,DT Christian,JL Pattinson,0,0,,,,,,,,,
756785,2014/15,2015-01-13,Docklands Stadium,1,2.6,Brisbane Heat,Melbourne Renegades,PJ Forrest,DT Christian,JL Pattinson,0,0,,,,,,,,,
756785,2014/15,2015-01-13,Docklands Stadium,1,2.7,Brisbane Heat,Melbourne Renegades,PJ Forrest,DT Christian,JL Pattinson,3,0,,,,,,,,,
756785,2014/15,2015-01-13,Docklands Stadium,1,2.8,Brisbane Heat,Melbourne Renegades,DT Christian,PJ Forrest,JL Pattinson,0,1,,1,,,,,,,
756785,2014/15,2015-01-13,Docklands Stadium,1,2.9,Brisbane Heat,Melbourne Renegades,DT Christian,PJ Forrest,JL Pattinson,6,0,,,,,,,,,
756785,2014/15,2015-01-13,Docklands Stadium,1,3.1,Brisbane Heat,Melbourne Renegades,PJ Forrest,DT Christian,PM Siddle,1,0,,,,,,,,,
756785,2014/15,2015-01-13,Docklands Stadium,1,3.2,Brisbane Heat,Melbourne Renegades,DT Christian,PJ Forrest,PM Siddle,0,0,,,,,,,,,
756785,2014/15,2015-01-13,Docklands Stadium,1,3.3,Brisbane Heat,Melbourne Renegades,DT Christian,PJ Forrest,PM Siddle,0,0,,,,,,,,,
756785,2014/15,2015-01-13,Docklands Stadium,1,3.4,Brisbane Heat,Melbourne Renegades,DT Christian,PJ Forrest,PM Siddle,0,0,,,,,,,,,
756785,2014/15,2015-01-13,Docklands Stadium,1,3.5,Brisbane Heat,Melbourne Renegades,DT Christian,PJ Forrest,PM Siddle,1,0,,,,,,,,,
756785,2014/15,2015-01-13,Docklands Stadium,1,3.6,Brisbane Heat,Melbourne Renegades,PJ Forrest,DT Christian,PM Siddle,1,0,,,,,,,,,
756785,2014/15,2015-01-13,Docklands Stadium,1,4.1,Brisbane Heat,Melbourne Renegades,PJ Forrest,DT Christian,Shakib Al Hasan,1,0,,,,,,,,,
756785,2014/15,2015-01-13,Docklands Stadium,1,4.2,Brisbane Heat,Melbourne Renegades,DT Christian,PJ Forrest,Shakib Al Hasan,0,0,,,,,,stumped,DT Christian,,
756785,2014/15,2015-01-13,Docklands Stadium,1,4.3,Brisbane Heat,Melbourne Renegades,JS Floros,PJ Forrest,Shakib Al Hasan,0,0,,,,,,bowled,JS Floros,,
756785,2014/15,2015-01-13,Docklands Stadium,1,4.4,Brisbane Heat,Melbourne Renegades,CA Lynn,PJ Forrest,Shakib Al Hasan,0,0,,,,,,,,,
756785,2014/15,2015-01-13,Docklands Stadium,1,4.5,Brisbane Heat,Melbourne Renegades,CA Lynn,PJ Forrest,Shakib Al Hasan,0,0,,,,,,,,,
756785,2014/15,2015-01-13,Docklands Stadium,1,4.6,Brisbane Heat,Melbourne Renegades,CA Lynn,PJ Forrest,Shakib Al Hasan,0,0,,,,,,,,,
756785,2014/15,2015-01-13,Docklands Stadium,1,5.1,Brisbane Heat,Melbourne Renegades,PJ Forrest,CA Lynn,JL Pattinson,0,0,,,,,,,,,
756785,2014/15,2015-01-13,Docklands Stadium,1,5.2,Brisbane Heat,Melbourne Renegades,PJ Forrest,CA Lynn,JL Pattinson,0,0,,,,,,,,,
756785,2014/15,2015-01-13,Docklands Stadium,1,5.3,Brisbane Heat,Melbourne Renegades,PJ Forrest,CA Lynn,JL Pattinson,1,0,,,,,,,,,
756785,2014/15,2015-01-13,Docklands Stadium,1,5.4,Brisbane Heat,Melbourne Renegades,CA Lynn,PJ Forrest,JL Pattinson,0,0,,,,,,,,,
756785,2014/15,2015-01-13,Docklands Stadium,1,5.5,Brisbane Heat,Melbourne Renegades,CA Lynn,PJ Forrest,JL Pattinson,0,0,,,,,,,,,
756785,2014/15,2015-01-13,Docklands Stadium,1,5.6,Brisbane Heat,Melbourne Renegades,CA Lynn,PJ Forrest,JL Pattinson,0,0,,,,,,,,,
756785,2014/15,2015-01-13,Docklands Stadium,1,6.1,Brisbane Heat,Melbourne Renegades,PJ Forrest,CA Lynn,Shakib Al Hasan,1,0,,,,,,,,,
756785,2014/15,2015-01-13,Docklands Stadium,1,6.2,Brisbane Heat,Melbourne Renegades,CA Lynn,PJ Forrest,Shakib Al Hasan,0,0,,,,,,,,,
756785,2014/15,2015-01-13,Docklands Stadium,1,6.3,Brisbane Heat,Melbourne Renegades,CA Lynn,PJ Forrest,Shakib Al Hasan,0,0,,,,,,,,,
756785,2014/15,2015-01-13,Docklands Stadium,1,6.4,Brisbane Heat,Melbourne Renegades,CA Lynn,PJ Forrest,Shakib Al Hasan,0,0,,,,,,caught and bowled,CA Lynn,,
756785,2014/15,2015-01-13,Docklands Stadium,1,6.5,Brisbane Heat,Melbourne Renegades,A Flintoff,PJ Forrest,Shakib Al Hasan,1,0,,,,,,,,,
756785,2014/15,2015-01-13,Docklands Stadium,1,6.6,Brisbane Heat,Melbourne Renegades,PJ Forrest,A Flintoff,Shakib Al Hasan,1,0,,,,,,,,,
756785,2014/15,2015-01-13,Docklands Stadium,1,7.1,Brisbane Heat,Melbourne Renegades,PJ Forrest,A Flintoff,Fawad Ahmed,0,0,,,,,,,,,
756785,2014/15,2015-01-13,Docklands Stadium,1,7.2,Brisbane Heat,Melbourne Renegades,PJ Forrest,A Flintoff,Fawad Ahmed,0,0,,,,,,caught,PJ Forrest,,
756785,2014/15,2015-01-13,Docklands Stadium,1,7.3,Brisbane Heat,Melbourne Renegades,BCJ Cutting,A Flintoff,Fawad Ahmed,0,0,,,,,,,,,
756785,2014/15,2015-01-13,Docklands Stadium,1,7.4,Brisbane Heat,Melbourne Renegades,BCJ Cutting,A Flintoff,Fawad Ahmed,0,0,,,,,,,,,
756785,2014/15,2015-01-13,Docklands Stadium,1,7.5,Brisbane Heat,Melbourne Renegades,BCJ Cutting,A Flintoff,Fawad Ahmed,0,0,,,,,,,,,
756785,2014/15,2015-01-13,Docklands Stadium,1,7.6,Brisbane Heat,Melbourne Renegades,BCJ Cutting,A Flintoff,Fawad Ahmed,0,0,,,,,,,,,
756785,2014/15,2015-01-13,Docklands Stadium,1,8.1,Brisbane Heat,Melbourne Renegades,A Flintoff,BCJ Cutting,Shakib Al Hasan,1,0,,,,,,,,,
756785,2014/15,2015-01-13,Docklands Stadium,1,8.2,Brisbane Heat,Melbourne Renegades,BCJ Cutting,A Flintoff,Shakib Al Hasan,1,0,,,,,,,,,
756785,2014/15,2015-01-13,Docklands Stadium,1,8.3,Brisbane Heat,Melbourne Renegades,A Flintoff,BCJ Cutting,Shakib Al Hasan,0,0,,,,,,,,,
756785,2014/15,2015-01-13,Docklands Stadium,1,8.4,Brisbane Heat,Melbourne Renegades,A Flintoff,BCJ Cutting,Shakib Al Hasan,1,0,,,,,,,,,
756785,2014/15,2015-01-13,Docklands Stadium,1,8.5,Brisbane Heat,Melbourne Renegades,BCJ Cutting,A Flintoff,Shakib Al Hasan,0,0,,,,,,,,,
756785,2014/15,2015-01-13,Docklands Stadium,1,8.6,Brisbane Heat,Melbourne Renegades,BCJ Cutting,A Flintoff,Shakib Al Hasan,0,0,,,,,,run out,A Flintoff,,
756785,2014/15,2015-01-13,Docklands Stadium,1,9.1,Brisbane Heat,Melbourne Renegades,JR Hopes,BCJ Cutting,Fawad Ahmed,0,0,,,,,,,,,
756785,2014/15,2015-01-13,Docklands Stadium,1,9.2,Brisbane Heat,Melbourne Renegades,JR Hopes,BCJ Cutting,Fawad Ahmed,0,0,,,,,,,,,
756785,2014/15,2015-01-13,Docklands Stadium,1,9.3,Brisbane Heat,Melbourne Renegades,JR Hopes,BCJ Cutting,Fawad Ahmed,1,0,,,,,,,,,
756785,2014/15,2015-01-13,Docklands Stadium,1,9.4,Brisbane Heat,Melbourne Renegades,BCJ Cutting,JR Hopes,Fawad Ahmed,1,0,,,,,,,,,
756785,2014/15,2015-01-13,Docklands Stadium,1,9.5,Brisbane Heat,Melbourne Renegades,JR Hopes,BCJ Cutting,Fawad Ahmed,0,0,,,,,,,,,
756785,2014/15,2015-01-13,Docklands Stadium,1,9.6,Brisbane Heat,Melbourne Renegades,JR Hopes,BCJ Cutting,Fawad Ahmed,0,0,,,,,,,,,
756785,2014/15,2015-01-13,Docklands Stadium,1,10.1,Brisbane Heat,Melbourne Renegades,BCJ Cutting,JR Hopes,NJ Rimmington,0,1,1,,,,,,,,
756785,2014/15,2015-01-13,Docklands Stadium,1,10.2,Brisbane Heat,Melbourne Renegades,BCJ Cutting,JR Hopes,NJ Rimmington,0,0,,,,,,,,,
756785,2014/15,2015-01-13,Docklands Stadium,1,10.3,Brisbane Heat,Melbourne Renegades,BCJ Cutting,JR Hopes,NJ Rimmington,1,0,,,,,,,,,
756785,2014/15,2015-01-13,Docklands Stadium,1,10.4,Brisbane Heat,Melbourne Renegades,JR Hopes,BCJ Cutting,NJ Rimmington,1,0,,,,,,,,,
756785,2014/15,2015-01-13,Docklands Stadium,1,10.5,Brisbane Heat,Melbourne Renegades,BCJ Cutting,JR Hopes,NJ Rimmington,0,0,,,,,,,,,
756785,2014/15,2015-01-13,Docklands Stadium,1,10.6,Brisbane Heat,Melbourne Renegades,BCJ Cutting,JR Hopes,NJ Rimmington,0,1,1,,,,,,,,
756785,2014/15,2015-01-13,Docklands Stadium,1,10.7,Brisbane Heat,Melbourne Renegades,BCJ Cutting,JR Hopes,NJ Rimmington,2,0,,,,,,,,,
756785,2014/15,2015-01-13,Docklands Stadium,1,10.8,Brisbane Heat,Melbourne Renegades,BCJ Cutting,JR Hopes,NJ Rimmington,1,0,,,,,,,,,
756785,2014/15,2015-01-13,Docklands Stadium,1,11.1,Brisbane Heat,Melbourne Renegades,BCJ Cutting,JR Hopes,Fawad Ahmed,0,0,,,,,,,,,
756785,2014/15,2015-01-13,Docklands Stadium,1,11.2,Brisbane Heat,Melbourne Renegades,BCJ Cutting,JR Hopes,Fawad Ahmed,0,0,,,,,,,,,
756785,2014/15,2015-01-13,Docklands Stadium,1,11.3,Brisbane Heat,Melbourne Renegades,BCJ Cutting,JR Hopes,Fawad Ahmed,1,0,,,,,,,,,
756785,2014/15,2015-01-13,Docklands Stadium,1,11.4,Brisbane Heat,Melbourne Renegades,JR Hopes,BCJ Cutting,Fawad Ahmed,0,0,,,,,,,,,
756785,2014/15,2015-01-13,Docklands Stadium,1,11.5,Brisbane Heat,Melbourne Renegades,JR Hopes,BCJ Cutting,Fawad Ahmed,0,0,,,,,,,,,
756785,2014/15,2015-01-13,Docklands Stadium,1,11.6,Brisbane Heat,Melbourne Renegades,JR Hopes,BCJ Cutting,Fawad Ahmed,2,0,,,,,,,,,
756785,2014/15,2015-01-13,Docklands Stadium,1,12.1,Brisbane Heat,Melbourne Renegades,BCJ Cutting,JR Hopes,PM Siddle,1,0,,,,,,,,,
756785,2014/15,2015-01-13,Docklands Stadium,1,12.2,Brisbane Heat,Melbourne Renegades,JR Hopes,BCJ Cutting,PM Siddle,1,0,,,,,,,,,
756785,2014/15,2015-01-13,Docklands Stadium,1,12.3,Brisbane Heat,Melbourne Renegades,BCJ Cutting,JR Hopes,PM Siddle,0,0,,,,,,,,,
756785,2014/15,2015-01-13,Docklands Stadium,1,12.4,Brisbane Heat,Melbourne Renegades,BCJ Cutting,JR Hopes,PM Siddle,4,0,,,,,,,,,
756785,2014/15,2015-01-13,Docklands Stadium,1,12.5,Brisbane Heat,Melbourne Renegades,BCJ Cutting,JR Hopes,PM Siddle,0,0,,,,,,,,,
756785,2014/15,2015-01-13,Docklands Stadium,1,12.6,Brisbane Heat,Melbourne Renegades,BCJ Cutting,JR Hopes,PM Siddle,0,0,,,,,,,,,
756785,2014/15,2015-01-13,Docklands Stadium,1,13.1,Brisbane Heat,Melbourne Renegades,JR Hopes,BCJ Cutting,Fawad Ahmed,0,0,,,,,,,,,
756785,2014/15,2015-01-13,Docklands Stadium,1,13.2,Brisbane Heat,Melbourne Renegades,JR Hopes,BCJ Cutting,Fawad Ahmed,1,0,,,,,,,,,
756785,2014/15,2015-01-13,Docklands Stadium,1,13.3,Brisbane Heat,Melbourne Renegades,BCJ Cutting,JR Hopes,Fawad Ahmed,0,0,,,,,,,,,
756785,2014/15,2015-01-13,Docklands Stadium,1,13.4,Brisbane Heat,Melbourne Renegades,BCJ Cutting,JR Hopes,Fawad Ahmed,1,0,,,,,,,,,
756785,2014/15,2015-01-13,Docklands Stadium,1,13.5,Brisbane Heat,Melbourne Renegades,JR Hopes,BCJ Cutting,Fawad Ahmed,0,0,,,,,,,,,
756785,2014/15,2015-01-13,Docklands Stadium,1,13.6,Brisbane Heat,Melbourne Renegades,JR Hopes,BCJ Cutting,Fawad Ahmed,0,0,,,,,,,,,
756785,2014/15,2015-01-13,Docklands Stadium,1,14.1,Brisbane Heat,Melbourne Renegades,BCJ Cutting,JR Hopes,PM Siddle,0,0,,,,,,,,,
756785,2014/15,2015-01-13,Docklands Stadium,1,14.2,Brisbane Heat,Melbourne Renegades,BCJ Cutting,JR Hopes,PM Siddle,2,0,,,,,,,,,
756785,2014/15,2015-01-13,Docklands Stadium,1,14.3,Brisbane Heat,Melbourne Renegades,BCJ Cutting,JR Hopes,PM Siddle,2,0,,,,,,,,,
756785,2014/15,2015-01-13,Docklands Stadium,1,14.4,Brisbane Heat,Melbourne Renegades,BCJ Cutting,JR Hopes,PM Siddle,1,0,,,,,,,,,
756785,2014/15,2015-01-13,Docklands Stadium,1,14.5,Brisbane Heat,Melbourne Renegades,JR Hopes,BCJ Cutting,PM Siddle,0,1,1,,,,,,,,
756785,2014/15,2015-01-13,Docklands Stadium,1,14.6,Brisbane Heat,Melbourne Renegades,JR Hopes,BCJ Cutting,PM Siddle,1,0,,,,,,,,,
756785,2014/15,2015-01-13,Docklands Stadium,1,14.7,Brisbane Heat,Melbourne Renegades,BCJ Cutting,JR Hopes,PM Siddle,1,0,,,,,,,,,
756785,2014/15,2015-01-13,Docklands Stadium,1,15.1,Brisbane Heat,Melbourne Renegades,BCJ Cutting,JR Hopes,BA Stokes,2,0,,,,,,,,,
756785,2014/15,2015-01-13,Docklands Stadium,1,15.2,Brisbane Heat,Melbourne Renegades,BCJ Cutting,JR Hopes,BA Stokes,4,0,,,,,,,,,
756785,2014/15,2015-01-13,Docklands Stadium,1,15.3,Brisbane Heat,Melbourne Renegades,BCJ Cutting,JR Hopes,BA Stokes,1,0,,,,,,,,,
756785,2014/15,2015-01-13,Docklands Stadium,1,15.4,Brisbane Heat,Melbourne Renegades,JR Hopes,BCJ Cutting,BA Stokes,0,0,,,,,,caught,JR Hopes,,
756785,2014/15,2015-01-13,Docklands Stadium,1,15.5,Brisbane Heat,Melbourne Renegades,AC McDermott,BCJ Cutting,BA Stokes,0,0,,,,,,,,,
756785,2014/15,2015-01-13,Docklands Stadium,1,15.6,Brisbane Heat,Melbourne Renegades,AC McDermott,BCJ Cutting,BA Stokes,0,0,,,,,,,,,
756785,2014/15,2015-01-13,Docklands Stadium,1,16.1,Brisbane Heat,Melbourne Renegades,BCJ Cutting,AC McDermott,Shakib Al Hasan,0,0,,,,,,,,,
756785,2014/15,2015-01-13,Docklands Stadium,1,16.2,Brisbane Heat,Melbourne Renegades,BCJ Cutting,AC McDermott,Shakib Al Hasan,4,0,,,,,,,,,
756785,2014/15,2015-01-13,Docklands Stadium,1,16.3,Brisbane Heat,Melbourne Renegades,BCJ Cutting,AC McDermott,Shakib Al Hasan,0,0,,,,,,,,,
756785,2014/15,2015-01-13,Docklands Stadium,1,16.4,Brisbane Heat,Melbourne Renegades,BCJ Cutting,AC McDermott,Shakib Al Hasan,0,0,,,,,,bowled,BCJ Cutting,,
756785,2014/15,2015-01-13,Docklands Stadium,1,16.5,Brisbane Heat,Melbourne Renegades,SD Parry,AC McDermott,Shakib Al Hasan,0,0,,,,,,,,,
756785,2014/15,2015-01-13,Docklands Stadium,1,16.6,Brisbane Heat,Melbourne Renegades,SD Parry,AC McDermott,Shakib Al Hasan,2,0,,,,,,,,,
756785,2014/15,2015-01-13,Docklands Stadium,1,17.1,Brisbane Heat,Melbourne Renegades,AC McDermott,SD Parry,NJ Rimmington,0,0,,,,,,,,,
756785,2014/15,2015-01-13,Docklands Stadium,1,17.2,Brisbane Heat,Melbourne Renegades,AC McDermott,SD Parry,NJ Rimmington,0,0,,,,,,,,,
756785,2014/15,2015-01-13,Docklands Stadium,1,17.3,Brisbane Heat,Melbourne Renegades,AC McDermott,SD Parry,NJ Rimmington,0,0,,,,,,caught,AC McDermott,,
756785,2014/15,2015-01-13,Docklands Stadium,2,0.1,Melbourne Renegades,Brisbane Heat,MS Wade,AJ Doolan,JR Hopes,0,0,,,,,,,,,
756785,2014/15,2015-01-13,Docklands Stadium,2,0.2,Melbourne Renegades,Brisbane Heat,MS Wade,AJ Doolan,JR Hopes,0,0,,,,,,caught,MS Wade,,
756785,2014/15,2015-01-13,Docklands Stadium,2,0.3,Melbourne Renegades,Brisbane Heat,BA Stokes,AJ Doolan,JR Hopes,0,0,,,,,,,,,
756785,2014/15,2015-01-13,Docklands Stadium,2,0.4,Melbourne Renegades,Brisbane Heat,BA Stokes,AJ Doolan,JR Hopes,0,0,,,,,,,,,
756785,2014/15,2015-01-13,Docklands Stadium,2,0.5,Melbourne Renegades,Brisbane Heat,BA Stokes,AJ Doolan,JR Hopes,0,0,,,,,,,,,
756785,2014/15,2015-01-13,Docklands Stadium,2,0.6,Melbourne Renegades,Brisbane Heat,BA Stokes,AJ Doolan,JR Hopes,0,0,,,,,,,,,
756785,2014/15,2015-01-13,Docklands Stadium,2,1.1,Melbourne Renegades,Brisbane Heat,AJ Doolan,BA Stokes,AC McDermott,3,0,,,,,,,,,
756785,2014/15,2015-01-13,Docklands Stadium,2,1.2,Melbourne Renegades,Brisbane Heat,BA Stokes,AJ Doolan,AC McDermott,0,0,,,,,,,,,
756785,2014/15,2015-01-13,Docklands Stadium,2,1.3,Melbourne Renegades,Brisbane Heat,BA Stokes,AJ Doolan,AC McDermott,0,1,1,,,,,,,,
756785,2014/15,2015-01-13,Docklands Stadium,2,1.4,Melbourne Renegades,Brisbane Heat,BA Stokes,AJ Doolan,AC McDermott,2,0,,,,,,,,,
756785,2014/15,2015-01-13,Docklands Stadium,2,1.5,Melbourne Renegades,Brisbane Heat,BA Stokes,AJ Doolan,AC McDermott,1,0,,,,,,,,,
756785,2014/15,2015-01-13,Docklands Stadium,2,1.6,Melbourne Renegades,Brisbane Heat,AJ Doolan,BA Stokes,AC McDermott,4,0,,,,,,,,,
756785,2014/15,2015-01-13,Docklands Stadium,2,1.7,Melbourne Renegades,Brisbane Heat,AJ Doolan,BA Stokes,AC McDermott,1,0,,,,,,,,,
756785,2014/15,2015-01-13,Docklands Stadium,2,2.1,Melbourne Renegades,Brisbane Heat,AJ Doolan,BA Stokes,JR Hopes,0,0,,,,,,,,,
756785,2014/15,2015-01-13,Docklands Stadium,2,2.2,Melbourne Renegades,Brisbane Heat,AJ Doolan,BA Stokes,JR Hopes,0,0,,,,,,,,,
756785,2014/15,2015-01-13,Docklands Stadium,2,2.3,Melbourne Renegades,Brisbane Heat,AJ Doolan,BA Stokes,JR Hopes,1,0,,,,,,,,,
756785,2014/15,2015-01-13,Docklands Stadium,2,2.4,Melbourne Renegades,Brisbane Heat,BA Stokes,AJ Doolan,JR Hopes,0,0,,,,,,,,,
756785,2014/15,2015-01-13,Docklands Stadium,2,2.5,Melbourne Renegades,Brisbane Heat,BA Stokes,AJ Doolan,JR Hopes,0,0,,,,,,,,,
756785,2014/15,2015-01-13,Docklands Stadium,2,2.6,Melbourne Renegades,Brisbane Heat,BA Stokes,AJ Doolan,JR Hopes,1,0,,,,,,,,,
756785,2014/15,2015-01-13,Docklands Stadium,2,3.1,Melbourne Renegades,Brisbane Heat,BA Stokes,AJ Doolan,DT Christian,0,1,1,,,,,,,,
756785,2014/15,2015-01-13,Docklands Stadium,2,3.2,Melbourne Renegades,Brisbane Heat,BA Stokes,AJ Doolan,DT Christian,0,0,,,,,,caught and bowled,BA Stokes,,
756785,2014/15,2015-01-13,Docklands Stadium,2,3.3,Melbourne Renegades,Brisbane Heat,CJ Ferguson,AJ Doolan,DT Christian,0,0,,,,,,,,,
756785,2014/15,2015-01-13,Docklands Stadium,2,3.4,Melbourne Renegades,Brisbane Heat,CJ Ferguson,AJ Doolan,DT Christian,0,0,,,,,,,,,
756785,2014/15,2015-01-13,Docklands Stadium,2,3.5,Melbourne Renegades,Brisbane Heat,CJ Ferguson,AJ Doolan,DT Christian,0,0,,,,,,,,,
756785,2014/15,2015-01-13,Docklands Stadium,2,3.6,Melbourne Renegades,Brisbane Heat,CJ Ferguson,AJ Doolan,DT Christian,1,0,,,,,,,,,
756785,2014/15,2015-01-13,Docklands Stadium,2,3.7,Melbourne Renegades,Brisbane Heat,AJ Doolan,CJ Ferguson,DT Christian,0,0,,,,,,,,,
756785,2014/15,2015-01-13,Docklands Stadium,2,4.1,Melbourne Renegades,Brisbane Heat,CJ Ferguson,AJ Doolan,JR Hopes,1,0,,,,,,,,,
756785,2014/15,2015-01-13,Docklands Stadium,2,4.2,Melbourne Renegades,Brisbane Heat,AJ Doolan,CJ Ferguson,JR Hopes,0,0,,,,,,,,,
756785,2014/15,2015-01-13,Docklands Stadium,2,4.3,Melbourne Renegades,Brisbane Heat,AJ Doolan,CJ Ferguson,JR Hopes,1,0,,,,,,,,,
756785,2014/15,2015-01-13,Docklands Stadium,2,4.4,Melbourne Renegades,Brisbane Heat,CJ Ferguson,AJ Doolan,JR Hopes,0,1,,,,1,,,,,
756785,2014/15,2015-01-13,Docklands Stadium,2,4.5,Melbourne Renegades,Brisbane Heat,AJ Doolan,CJ Ferguson,JR Hopes,0,0,,,,,,run out,AJ Doolan,,
756785,2014/15,2015-01-13,Docklands Stadium,2,4.6,Melbourne Renegades,Brisbane Heat,BJ Rohrer,CJ Ferguson,JR Hopes,0,0,,,,,,,,,
756785,2014/15,2015-01-13,Docklands Stadium,2,5.1,Melbourne Renegades,Brisbane Heat,CJ Ferguson,BJ Rohrer,DT Christian,0,0,,,,,,,,,
756785,2014/15,2015-01-13,Docklands Stadium,2,5.2,Melbourne Renegades,Brisbane Heat,CJ Ferguson,BJ Rohrer,DT Christian,1,0,,,,,,,,,
756785,2014/15,2015-01-13,Docklands Stadium,2,5.3,Melbourne Renegades,Brisbane Heat,BJ Rohrer,CJ Ferguson,DT Christian,2,0,,,,,,,,,
756785,2014/15,2015-01-13,Docklands Stadium,2,5.4,Melbourne Renegades,Brisbane Heat,BJ Rohrer,CJ Ferguson,DT Christian,0,0,,,,,,,,,
756785,2014/15,2015-01-13,Docklands Stadium,2,5.5,Melbourne Renegades,Brisbane Heat,BJ Rohrer,CJ Ferguson,DT Christian,0,0,,,,,,,,,
756785,2014/15,2015-01-13,Docklands Stadium,2,5.6,Melbourne Renegades,Brisbane Heat,BJ Rohrer,CJ Ferguson,DT Christian,2,0,,,,,,,,,
756785,2014/15,2015-01-13,Docklands Stadium,2,6.1,Melbourne Renegades,Brisbane Heat,CJ Ferguson,BJ Rohrer,JR Hopes,0,0,,,,,,,,,
756785,2014/15,2015-01-13,Docklands Stadium,2,6.2,Melbourne Renegades,Brisbane Heat,CJ Ferguson,BJ Rohrer,JR Hopes,1,0,,,,,,,,,
756785,2014/15,2015-01-13,Docklands Stadium,2,6.3,Melbourne Renegades,Brisbane Heat,BJ Rohrer,CJ Ferguson,JR Hopes,2,0,,,,,,,,,
756785,2014/15,2015-01-13,Docklands Stadium,2,6.4,Melbourne Renegades,Brisbane Heat,BJ Rohrer,CJ Ferguson,JR Hopes,0,0,,,,,,,,,
756785,2014/15,2015-01-13,Docklands Stadium,2,6.5,Melbourne Renegades,Brisbane Heat,BJ Rohrer,CJ Ferguson,JR Hopes,0,0,,,,,,,,,
756785,2014/15,2015-01-13,Docklands Stadium,2,6.6,Melbourne Renegades,Brisbane Heat,BJ Rohrer,CJ Ferguson,JR Hopes,1,0,,,,,,,,,
756785,2014/15,2015-01-13,Docklands Stadium,2,7.1,Melbourne Renegades,Brisbane Heat,BJ Rohrer,CJ Ferguson,DT Christian,0,0,,,,,,,,,
756785,2014/15,2015-01-13,Docklands Stadium,2,7.2,Melbourne Renegades,Brisbane Heat,BJ Rohrer,CJ Ferguson,DT Christian,0,0,,,,,,,,,
756785,2014/15,2015-01-13,Docklands Stadium,2,7.3,Melbourne Renegades,Brisbane Heat,BJ Rohrer,CJ Ferguson,DT Christian,0,0,,,,,,,,,
756785,2014/15,2015-01-13,Docklands Stadium,2,7.4,Melbourne Renegades,Brisbane Heat,BJ Rohrer,CJ Ferguson,DT Christian,0,0,,,,,,,,,
756785,2014/15,2015-01-13,Docklands Stadium,2,7.5,Melbourne Renegades,Brisbane Heat,BJ Rohrer,CJ Ferguson,DT Christian,0,1,1,,,,,,,,
756785,2014/15,2015-01-13,Docklands Stadium,2,7.6,Melbourne Renegades,Brisbane Heat,BJ Rohrer,CJ Ferguson,DT Christian,0,0,,,,,,,,,
756785,2014/15,2015-01-13,Docklands Stadium,2,7.7,Melbourne Renegades,Brisbane Heat,BJ Rohrer,CJ Ferguson,DT Christian,1,0,,,,,,,,,
756785,2014/15,2015-01-13,Docklands Stadium,2,8.1,Melbourne Renegades,Brisbane Heat,BJ Rohrer,CJ Ferguson,SD Parry,1,0,,,,,,,,,
756785,2014/15,2015-01-13,Docklands Stadium,2,8.2,Melbourne Renegades,Brisbane Heat,CJ Ferguson,BJ Rohrer,SD Parry,0,0,,,,,,bowled,CJ Ferguson,,
756785,2014/15,2015-01-13,Docklands Stadium,2,8.3,Melbourne Renegades,Brisbane Heat,Shakib Al Hasan,BJ Rohrer,SD Parry,1,0,,,,,,,,,
756785,2014/15,2015-01-13,Docklands Stadium,2,8.4,Melbourne Renegades,Brisbane Heat,BJ Rohrer,Shakib Al Hasan,SD Parry,1,0,,,,,,,,,
756785,2014/15,2015-01-13,Docklands Stadium,2,8.5,Melbourne Renegades,Brisbane Heat,Shakib Al Hasan,BJ Rohrer,SD Parry,1,0,,,,,,,,,
756785,2014/15,2015-01-13,Docklands Stadium,2,8.6,Melbourne Renegades,Brisbane Heat,BJ Rohrer,Shakib Al Hasan,SD Parry,3,0,,,,,,,,,
756785,2014/15,2015-01-13,Docklands Stadium,2,9.1,Melbourne Renegades,Brisbane Heat,BJ Rohrer,Shakib Al Hasan,DT Christian,1,0,,,,,,,,,
756785,2014/15,2015-01-13,Docklands Stadium,2,9.2,Melbourne Renegades,Brisbane Heat,Shakib Al Hasan,BJ Rohrer,DT Christian,0,1,1,,,,,,,,
756785,2014/15,2015-01-13,Docklands Stadium,2,9.3,Melbourne Renegades,Brisbane Heat,Shakib Al Hasan,BJ Rohrer,DT Christian,0,0,,,,,,caught,Shakib Al Hasan,,
756785,2014/15,2015-01-13,Docklands Stadium,2,9.4,Melbourne Renegades,Brisbane Heat,TM Beaton,BJ Rohrer,DT Christian,0,0,,,,,,,,,
756785,2014/15,2015-01-13,Docklands Stadium,2,9.5,Melbourne Renegades,Brisbane Heat,TM Beaton,BJ Rohrer,DT Christian,1,0,,,,,,,,,
756785,2014/15,2015-01-13,Docklands Stadium,2,9.6,Melbourne Renegades,Brisbane Heat,BJ Rohrer,TM Beaton,DT Christian,0,0,,,,,,,,,
756785,2014/15,2015-01-13,Docklands Stadium,2,9.7,Melbourne Renegades,Brisbane Heat,BJ Rohrer,TM Beaton,DT Christian,1,0,,,,,,,,,
756785,2014/15,2015-01-13,Docklands Stadium,2,10.1,Melbourne Renegades,Brisbane Heat,BJ Rohrer,TM Beaton,SD Parry,1,0,,,,,,,,,
756785,2014/15,2015-01-13,Docklands Stadium,2,10.2,Melbourne Renegades,Brisbane Heat,TM Beaton,BJ Rohrer,SD Parry,1,0,,,,,,,,,
756785,2014/15,2015-01-13,Docklands Stadium,2,10.3,Melbourne Renegades,Brisbane Heat,BJ Rohrer,TM Beaton,SD Parry,1,0,,,,,,,,,
756785,2014/15,2015-01-13,Docklands Stadium,2,10.4,Melbourne Renegades,Brisbane Heat,TM Beaton,BJ Rohrer,SD Parry,0,0,,,,,,,,,
756785,2014/15,2015-01-13,Docklands Stadium,2,10.5,Melbourne Renegades,Brisbane Heat,TM Beaton,BJ Rohrer,SD Parry,6,0,,,,,,,,,
756785,2014/15,2015-01-13,Docklands Stadium,2,10.6,Melbourne Renegades,Brisbane Heat,TM Beaton,BJ Rohrer,SD Parry,1,0,,,,,,,,,
756785,2014/15,2015-01-13,Docklands Stadium,2,11.1,Melbourne Renegades,Brisbane Heat,TM Beaton,BJ Rohrer,JS Floros,0,0,,,,,,,,,
756785,2014/15,2015-01-13,Docklands Stadium,2,11.2,Melbourne Renegades,Brisbane Heat,TM Beaton,BJ Rohrer,JS Floros,3,0,,,,,,,,,
756785,2014/15,2015-01-13,Docklands Stadium,2,11.3,Melbourne Renegades,Brisbane Heat,BJ Rohrer,TM Beaton,JS Floros,0,0,,,,,,,,,
756785,2014/15,2015-01-13,Docklands Stadium,2,11.4,Melbourne Renegades,Brisbane Heat,BJ Rohrer,TM Beaton,JS Floros,1,0,,,,,,,,,
756785,2014/15,2015-01-13,Docklands Stadium,2,11.5,Melbourne Renegades,Brisbane Heat,TM Beaton,BJ Rohrer,JS Floros,1,0,,,,,,,,,
756785,2014/15,2015-01-13,Docklands Stadium,2,11.6,Melbourne Renegades,Brisbane Heat,BJ Rohrer,TM Beaton,JS Floros,0,0,,,,,,,,,
756785,2014/15,2015-01-13,Docklands Stadium,2,12.1,Melbourne Renegades,Brisbane Heat,TM Beaton,BJ Rohrer,BCJ Cutting,1,0,,,,,,,,,
756785,2014/15,2015-01-13,Docklands Stadium,2,12.2,Melbourne Renegades,Brisbane Heat,BJ Rohrer,TM Beaton,BCJ Cutting,4,0,,,,,,,,,
756785,2014/15,2015-01-13,Docklands Stadium,2,12.3,Melbourne Renegades,Brisbane Heat,BJ Rohrer,TM Beaton,BCJ Cutting,1,0,,,,,,,,,
756785,2014/15,2015-01-13,Docklands Stadium,2,12.4,Melbourne Renegades,Brisbane Heat,TM Beaton,BJ Rohrer,BCJ Cutting,4,0,,,,,,,,,
756785,2014/15,2015-01-13,Docklands Stadium,2,12.5,Melbourne Renegades,Brisbane Heat,TM Beaton,BJ Rohrer,BCJ Cutting,2,0,,,,,,,,,
756785,2014/15,2015-01-13,Docklands Stadium,2,12.6,Melbourne Renegades,Brisbane Heat,TM Beaton,BJ Rohrer,BCJ Cutting,0,0,,,,,,,,,
756785,2014/15,2015-01-13,Docklands Stadium,2,13.1,Melbourne Renegades,Brisbane Heat,BJ Rohrer,TM Beaton,JS Floros,0,0,,,,,,,,,
756785,2014/15,2015-01-13,Docklands Stadium,2,13.2,Melbourne Renegades,Brisbane Heat,BJ Rohrer,TM Beaton,JS Floros,1,0,,,,,,,,,
756785,2014/15,2015-01-13,Docklands Stadium,2,13.3,Melbourne Renegades,Brisbane Heat,TM Beaton,BJ Rohrer,JS Floros,4,0,,,,,,,,,
756785,2014/15,2015-01-13,Docklands Stadium,2,13.4,Melbourne Renegades,Brisbane Heat,TM Beaton,BJ Rohrer,JS Floros,6,0,,,,,,,,,
756785,2014/15,2015-01-13,Docklands Stadium,2,13.5,Melbourne Renegades,Brisbane Heat,TM Beaton,BJ Rohrer,JS Floros,1,0,,,,,,,,,
756785,2014/15,2015-01-13,Docklands Stadium,2,13.6,Melbourne Renegades,Brisbane Heat,BJ Rohrer,TM Beaton,JS Floros,1,0,,,,,,,,,
