match_id,season,start_date,venue,innings,ball,batting_team,bowling_team,striker,non_striker,bowler,runs_off_bat,extras,wides,noballs,byes,legbyes,penalty,wicket_type,player_dismissed,other_wicket_type,other_player_dismissed
897701,2015/16,2015-12-20,Sydney Cricket Ground,1,0.1,Sydney Sixers,Hobart Hurricanes,MJ Lumb,BJ Haddin,SW Tait,0,0,,,,,,,,,
897701,2015/16,2015-12-20,Sydney Cricket Ground,1,0.2,Sydney Sixers,Hobart Hurricanes,MJ Lumb,BJ Haddin,SW Tait,4,0,,,,,,,,,
897701,2015/16,2015-12-20,Sydney Cricket Ground,1,0.3,Sydney Sixers,Hobart Hurricanes,MJ Lumb,BJ Haddin,SW Tait,0,0,,,,,,caught,MJ Lumb,,
897701,2015/16,2015-12-20,Sydney Cricket Ground,1,0.4,Sydney Sixers,Hobart Hurricanes,BJ Haddin,NJ Maddinson,SW Tait,0,0,,,,,,,,,
897701,2015/16,2015-12-20,Sydney Cricket Ground,1,0.5,Sydney Sixers,Hobart Hurricanes,BJ Haddin,NJ Maddinson,SW Tait,0,0,,,,,,,,,
897701,2015/16,2015-12-20,Sydney Cricket Ground,1,0.6,Sydney Sixers,Hobart Hurricanes,BJ Haddin,NJ Maddinson,SW Tait,1,0,,,,,,,,,
897701,2015/16,2015-12-20,Sydney Cricket Ground,1,1.1,Sydney Sixers,Hobart Hurricanes,BJ Haddin,NJ Maddinson,SL Rainbird,1,0,,,,,,,,,
897701,2015/16,2015-12-20,Sydney Cricket Ground,1,1.2,Sydney Sixers,Hobart Hurricanes,NJ Maddinson,BJ Haddin,SL Rainbird,0,1,1,,,,,,,,
897701,2015/16,2015-12-20,Sydney Cricket Ground,1,1.3,Sydney Sixers,Hobart Hurricanes,NJ Maddinson,BJ Haddin,SL Rainbird,1,0,,,,,,,,,
897701,2015/16,2015-12-20,Sydney Cricket Ground,1,1.4,Sydney Sixers,Hobart Hurricanes,BJ Haddin,NJ Maddinson,SL Rainbird,2,0,,,,,,,,,
897701,2015/16,2015-12-20,Sydney Cricket Ground,1,1.5,Sydney Sixers,Hobart Hurricanes,BJ Haddin,NJ Maddinson,SL Rainbird,0,0,,,,,,,,,
897701,2015/16,2015-12-20,Sydney Cricket Ground,1,1.6,Sydney Sixers,Hobart Hurricanes,BJ Haddin,NJ Maddinson,SL Rainbird,0,0,,,,,,,,,
897701,2015/16,2015-12-20,Sydney Cricket Ground,1,1.7,Sydney Sixers,Hobart Hurricanes,BJ Haddin,NJ Maddinson,SL Rainbird,4,0,,,,,,,,,
897701,2015/16,2015-12-20,Sydney Cricket Ground,1,2.1,Sydney Sixers,Hobart Hurricanes,NJ Maddinson,BJ Haddin,BR Dunk,4,0,,,,,,,,,
897701,2015/16,2015-12-20,Sydney Cricket Ground,1,2.2,Sydney Sixers,Hobart Hurricanes,NJ Maddinson,BJ Haddin,BR Dunk,0,0,,,,,,,,,
897701,2015/16,2015-12-20,Sydney Cricket Ground,1,2.3,Sydney Sixers,Hobart Hurricanes,NJ Maddinson,BJ Haddin,BR Dunk,0,0,,,,,,,,,
897701,2015/16,2015-12-20,Sydney Cricket Ground,1,2.4,Sydney Sixers,Hobart Hurricanes,NJ Maddinson,BJ Haddin,BR Dunk,1,0,,,,,,,,,
897701,2015/16,2015-12-20,Sydney Cricket Ground,1,2.5,Sydney Sixers,Hobart Hurricanes,BJ Haddin,NJ Maddinson,BR Dunk,2,0,,,,,,,,,
897701,2015/16,2015-12-20,Sydney Cricket Ground,1,2.6,Sydney Sixers,Hobart Hurricanes,BJ Haddin,NJ Maddinson,BR Dunk,3,0,,,,,,,,,
897701,2015/16,2015-12-20,Sydney Cricket Ground,1,3.1,Sydney Sixers,Hobart Hurricanes,BJ Haddin,NJ Maddinson,SL Rainbird,4,0,,,,,,,,,
897701,2015/16,2015-12-20,Sydney Cricket Ground,1,3.2,Sydney Sixers,Hobart Hurricanes,BJ Haddin,NJ Maddinson,SL Rainbird,2,0,,,,,,,,,
897701,2015/16,2015-12-20,Sydney Cricket Ground,1,3.3,Sydney Sixers,Hobart Hurricanes,BJ Haddin,NJ Maddinson,SL Rainbird,0,0,,,,,,,,,
897701,2015/16,2015-12-20,Sydney Cricket Ground,1,3.4,Sydney Sixers,Hobart Hurricanes,BJ Haddin,NJ Maddinson,SL Rainbird,0,0,,,,,,,,,
897701,2015/16,2015-12-20,Sydney Cricket Ground,1,3.5,Sydney Sixers,Hobart Hurricanes,BJ Haddin,NJ Maddinson,SL Rainbird,0,0,,,,,,,,,
897701,2015/16,2015-12-20,Sydney Cricket Ground,1,3.6,Sydney Sixers,Hobart Hurricanes,BJ Haddin,NJ Maddinson,SL Rainbird,2,0,,,,,,,,,
897701,2015/16,2015-12-20,Sydney Cricket Ground,1,4.1,Sydney Sixers,Hobart Hurricanes,NJ Maddinson,BJ Haddin,DJG Sammy,4,0,,,,,,,,,
897701,2015/16,2015-12-20,Sydney Cricket Ground,1,4.2,Sydney Sixers,Hobart Hurricanes,NJ Maddinson,BJ Haddin,DJG Sammy,0,4,,,4,,,,,,
897701,2015/16,2015-12-20,Sydney Cricket Ground,1,4.3,Sydney Sixers,Hobart Hurricanes,NJ Maddinson,BJ Haddin,DJG Sammy,6,0,,,,,,,,,
897701,2015/16,2015-12-20,Sydney Cricket Ground,1,4.4,Sydney Sixers,Hobart Hurricanes,NJ Maddinson,BJ Haddin,DJG Sammy,1,0,,,,,,,,,
897701,2015/16,2015-12-20,Sydney Cricket Ground,1,4.5,Sydney Sixers,Hobart Hurricanes,BJ Haddin,NJ Maddinson,DJG Sammy,3,0,,,,,,,,,
897701,2015/16,2015-12-20,Sydney Cricket Ground,1,4.6,Sydney Sixers,Hobart Hurricanes,NJ Maddinson,BJ Haddin,DJG Sammy,4,0,,,,,,,,,
897701,2015/16,2015-12-20,Sydney Cricket Ground,1,5.1,Sydney Sixers,Hobart Hurricanes,BJ Haddin,NJ Maddinson,JM Mennie,4,0,,,,,,,,,
897701,2015/16,2015-12-20,Sydney Cricket Ground,1,5.2,Sydney Sixers,Hobart Hurricanes,BJ Haddin,NJ Maddinson,JM Mennie,4,0,,,,,,,,,
897701,2015/16,2015-12-20,Sydney Cricket Ground,1,5.3,Sydney Sixers,Hobart Hurricanes,BJ Haddin,NJ Maddinson,JM Mennie,0,0,,,,,,,,,
897701,2015/16,2015-12-20,Sydney Cricket Ground,1,5.4,Sydney Sixers,Hobart Hurricanes,BJ Haddin,NJ Maddinson,JM Mennie,0,0,,,,,,,,,
897701,2015/16,2015-12-20,Sydney Cricket Ground,1,5.5,Sydney Sixers,Hobart Hurricanes,BJ Haddin,NJ Maddinson,JM Mennie,4,0,,,,,,,,,
897701,2015/16,2015-12-20,Sydney Cricket Ground,1,5.6,Sydney Sixers,Hobart Hurricanes,BJ Haddin,NJ Maddinson,JM Mennie,4,0,,,,,,,,,
897701,2015/16,2015-12-20,Sydney Cricket Ground,1,6.1,Sydney Sixers,Hobart Hurricanes,NJ Maddinson,BJ Haddin,CJ Boyce,0,0,,,,,,caught,NJ Maddinson,,
897701,2015/16,2015-12-20,Sydney Cricket Ground,1,6.2,Sydney Sixers,Hobart Hurricanes,MC Henriques,BJ Haddin,CJ Boyce,0,0,,,,,,,,,
897701,2015/16,2015-12-20,Sydney Cricket Ground,1,6.3,Sydney Sixers,Hobart Hurricanes,MC Henriques,BJ Haddin,CJ Boyce,0,0,,,,,,,,,
897701,2015/16,2015-12-20,Sydney Cricket Ground,1,6.4,Sydney Sixers,Hobart Hurricanes,MC Henriques,BJ Haddin,CJ Boyce,0,0,,,,,,,,,
897701,2015/16,2015-12-20,Sydney Cricket Ground,1,6.5,Sydney Sixers,Hobart Hurricanes,MC Henriques,BJ Haddin,CJ Boyce,0,0,,,,,,,,,
897701,2015/16,2015-12-20,Sydney Cricket Ground,1,6.6,Sydney Sixers,Hobart Hurricanes,MC Henriques,BJ Haddin,CJ Boyce,4,0,,,,,,,,,
897701,2015/16,2015-12-20,Sydney Cricket Ground,1,7.1,Sydney Sixers,Hobart Hurricanes,BJ Haddin,MC Henriques,DT Christian,1,0,,,,,,,,,
897701,2015/16,2015-12-20,Sydney Cricket Ground,1,7.2,Sydney Sixers,Hobart Hurricanes,MC Henriques,BJ Haddin,DT Christian,1,0,,,,,,,,,
897701,2015/16,2015-12-20,Sydney Cricket Ground,1,7.3,Sydney Sixers,Hobart Hurricanes,BJ Haddin,MC Henriques,DT Christian,1,0,,,,,,,,,
897701,2015/16,2015-12-20,Sydney Cricket Ground,1,7.4,Sydney Sixers,Hobart Hurricanes,MC Henriques,BJ Haddin,DT Christian,1,0,,,,,,,,,
897701,2015/16,2015-12-20,Sydney Cricket Ground,1,7.5,Sydney Sixers,Hobart Hurricanes,BJ Haddin,MC Henriques,DT Christian,0,0,,,,,,,,,
897701,2015/16,2015-12-20,Sydney Cricket Ground,1,7.6,Sydney Sixers,Hobart Hurricanes,BJ Haddin,MC Henriques,DT Christian,0,0,,,,,,,,,
897701,2015/16,2015-12-20,Sydney Cricket Ground,1,8.1,Sydney Sixers,Hobart Hurricanes,MC Henriques,BJ Haddin,SW Tait,2,0,,,,,,,,,
897701,2015/16,2015-12-20,Sydney Cricket Ground,1,8.2,Sydney Sixers,Hobart Hurricanes,MC Henriques,BJ Haddin,SW Tait,0,0,,,,,,,,,
897701,2015/16,2015-12-20,Sydney Cricket Ground,1,8.3,Sydney Sixers,Hobart Hurricanes,MC Henriques,BJ Haddin,SW Tait,1,0,,,,,,,,,
897701,2015/16,2015-12-20,Sydney Cricket Ground,1,8.4,Sydney Sixers,Hobart Hurricanes,BJ Haddin,MC Henriques,SW Tait,4,0,,,,,,,,,
897701,2015/16,2015-12-20,Sydney Cricket Ground,1,8.5,Sydney Sixers,Hobart Hurricanes,BJ Haddin,MC Henriques,SW Tait,2,0,,,,,,,,,
897701,2015/16,2015-12-20,Sydney Cricket Ground,1,8.6,Sydney Sixers,Hobart Hurricanes,BJ Haddin,MC Henriques,SW Tait,1,0,,,,,,,,,
897701,2015/16,2015-12-20,Sydney Cricket Ground,1,9.1,Sydney Sixers,Hobart Hurricanes,BJ Haddin,MC Henriques,DT Christian,1,0,,,,,,,,,
897701,2015/16,2015-12-20,Sydney Cricket Ground,1,9.2,Sydney Sixers,Hobart Hurricanes,MC Henriques,BJ Haddin,DT Christian,0,0,,,,,,,,,
897701,2015/16,2015-12-20,Sydney Cricket Ground,1,9.3,Sydney Sixers,Hobart Hurricanes,MC Henriques,BJ Haddin,DT Christian,0,0,,,,,,,,,
897701,2015/16,2015-12-20,Sydney Cricket Ground,1,9.4,Sydney Sixers,Hobart Hurricanes,MC Henriques,BJ Haddin,DT Christian,1,0,,,,,,,,,
897701,2015/16,2015-12-20,Sydney Cricket Ground,1,9.5,Sydney Sixers,Hobart Hurricanes,BJ Haddin,MC Henriques,DT Christian,0,0,,,,,,,,,
897701,2015/16,2015-12-20,Sydney Cricket Ground,1,9.6,Sydney Sixers,Hobart Hurricanes,BJ Haddin,MC Henriques,DT Christian,1,0,,,,,,,,,
897701,2015/16,2015-12-20,Sydney Cricket Ground,1,10.1,Sydney Sixers,Hobart Hurricanes,BJ Haddin,MC Henriques,CJ Boyce,0,0,,,,,,,,,
897701,2015/16,2015-12-20,Sydney Cricket Ground,1,10.2,Sydney Sixers,Hobart Hurricanes,BJ Haddin,MC Henriques,CJ Boyce,0,0,,,,,,,,,
897701,2015/16,2015-12-20,Sydney Cricket Ground,1,10.3,Sydney Sixers,Hobart Hurricanes,BJ Haddin,MC Henriques,CJ Boyce,1,0,,,,,,,,,
897701,2015/16,2015-12-20,Sydney Cricket Ground,1,10.4,Sydney Sixers,Hobart Hurricanes,MC Henriques,BJ Haddin,CJ Boyce,1,0,,,,,,,,,
897701,2015/16,2015-12-20,Sydney Cricket Ground,1,10.5,Sydney Sixers,Hobart Hurricanes,BJ Haddin,MC Henriques,CJ Boyce,4,0,,,,,,,,,
897701,2015/16,2015-12-20,Sydney Cricket Ground,1,10.6,Sydney Sixers,Hobart Hurricanes,BJ Haddin,MC Henriques,CJ Boyce,1,0,,,,,,,,,
897701,2015/16,2015-12-20,Sydney Cricket Ground,1,11.1,Sydney Sixers,Hobart Hurricanes,BJ Haddin,MC Henriques,DJG Sammy,0,0,,,,,,run out,MC Henriques,,
897701,2015/16,2015-12-20,Sydney Cricket Ground,1,11.2,Sydney Sixers,Hobart Hurricanes,BJ Haddin,JC Silk,DJG Sammy,1,0,,,,,,,,,
897701,2015/16,2015-12-20,Sydney Cricket Ground,1,11.3,Sydney Sixers,Hobart Hurricanes,JC Silk,BJ Haddin,DJG Sammy,1,0,,,,,,,,,
897701,2015/16,2015-12-20,Sydney Cricket Ground,1,11.4,Sydney Sixers,Hobart Hurricanes,BJ Haddin,JC Silk,DJG Sammy,0,0,,,,,,,,,
897701,2015/16,2015-12-20,Sydney Cricket Ground,1,11.5,Sydney Sixers,Hobart Hurricanes,BJ Haddin,JC Silk,DJG Sammy,6,0,,,,,,,,,
897701,2015/16,2015-12-20,Sydney Cricket Ground,1,11.6,Sydney Sixers,Hobart Hurricanes,BJ Haddin,JC Silk,DJG Sammy,6,0,,,,,,,,,
897701,2015/16,2015-12-20,Sydney Cricket Ground,1,12.1,Sydney Sixers,Hobart Hurricanes,JC Silk,BJ Haddin,CJ Boyce,1,0,,,,,,,,,
897701,2015/16,2015-12-20,Sydney Cricket Ground,1,12.2,Sydney Sixers,Hobart Hurricanes,BJ Haddin,JC Silk,CJ Boyce,2,0,,,,,,,,,
897701,2015/16,2015-12-20,Sydney Cricket Ground,1,12.3,Sydney Sixers,Hobart Hurricanes,BJ Haddin,JC Silk,CJ Boyce,0,0,,,,,,caught,BJ Haddin,,
897701,2015/16,2015-12-20,Sydney Cricket Ground,1,12.4,Sydney Sixers,Hobart Hurricanes,J Botha,JC Silk,CJ Boyce,1,0,,,,,,,,,
897701,2015/16,2015-12-20,Sydney Cricket Ground,1,12.5,Sydney Sixers,Hobart Hurricanes,JC Silk,J Botha,CJ Boyce,2,0,,,,,,,,,
897701,2015/16,2015-12-20,Sydney Cricket Ground,1,12.6,Sydney Sixers,Hobart Hurricanes,JC Silk,J Botha,CJ Boyce,0,1,1,,,,,,,,
897701,2015/16,2015-12-20,Sydney Cricket Ground,1,12.7,Sydney Sixers,Hobart Hurricanes,JC Silk,J Botha,CJ Boyce,1,0,,,,,,,,,
897701,2015/16,2015-12-20,Sydney Cricket Ground,1,13.1,Sydney Sixers,Hobart Hurricanes,JC Silk,J Botha,JM Mennie,0,1,1,,,,,,,,
897701,2015/16,2015-12-20,Sydney Cricket Ground,1,13.2,Sydney Sixers,Hobart Hurricanes,JC Silk,J Botha,JM Mennie,2,0,,,,,,,,,
897701,2015/16,2015-12-20,Sydney Cricket Ground,1,13.3,Sydney Sixers,Hobart Hurricanes,JC Silk,J Botha,JM Mennie,1,0,,,,,,,,,
897701,2015/16,2015-12-20,Sydney Cricket Ground,1,13.4,Sydney Sixers,Hobart Hurricanes,J Botha,JC Silk,JM Mennie,2,0,,,,,,,,,
897701,2015/16,2015-12-20,Sydney Cricket Ground,1,13.5,Sydney Sixers,Hobart Hurricanes,J Botha,JC Silk,JM Mennie,1,0,,,,,,,,,
897701,2015/16,2015-12-20,Sydney Cricket Ground,1,13.6,Sydney Sixers,Hobart Hurricanes,JC Silk,J Botha,JM Mennie,2,0,,,,,,,,,
897701,2015/16,2015-12-20,Sydney Cricket Ground,1,13.7,Sydney Sixers,Hobart Hurricanes,JC Silk,J Botha,JM Mennie,0,0,,,,,,,,,
897701,2015/16,2015-12-20,Sydney Cricket Ground,1,14.1,Sydney Sixers,Hobart Hurricanes,J Botha,JC Silk,SW Tait,1,0,,,,,,,,,
897701,2015/16,2015-12-20,Sydney Cricket Ground,1,14.2,Sydney Sixers,Hobart Hurricanes,JC Silk,J Botha,SW Tait,0,0,,,,,,,,,
897701,2015/16,2015-12-20,Sydney Cricket Ground,1,14.3,Sydney Sixers,Hobart Hurricanes,JC Silk,J Botha,SW Tait,2,0,,,,,,,,,
897701,2015/16,2015-12-20,Sydney Cricket Ground,1,14.4,Sydney Sixers,Hobart Hurricanes,JC Silk,J Botha,SW Tait,2,0,,,,,,,,,
897701,2015/16,2015-12-20,Sydney Cricket Ground,1,14.5,Sydney Sixers,Hobart Hurricanes,JC Silk,J Botha,SW Tait,1,0,,,,,,,,,
897701,2015/16,2015-12-20,Sydney Cricket Ground,1,14.6,Sydney Sixers,Hobart Hurricanes,J Botha,JC Silk,SW Tait,1,0,,,,,,,,,
897701,2015/16,2015-12-20,Sydney Cricket Ground,1,15.1,Sydney Sixers,Hobart Hurricanes,J Botha,JC Silk,DT Christian,1,0,,,,,,,,,
897701,2015/16,2015-12-20,Sydney Cricket Ground,1,15.2,Sydney Sixers,Hobart Hurricanes,JC Silk,J Botha,DT Christian,2,0,,,,,,,,,
897701,2015/16,2015-12-20,Sydney Cricket Ground,1,15.3,Sydney Sixers,Hobart Hurricanes,JC Silk,J Botha,DT Christian,1,0,,,,,,,,,
897701,2015/16,2015-12-20,Sydney Cricket Ground,1,15.4,Sydney Sixers,Hobart Hurricanes,J Botha,JC Silk,DT Christian,1,0,,,,,,,,,
897701,2015/16,2015-12-20,Sydney Cricket Ground,1,15.5,Sydney Sixers,Hobart Hurricanes,JC Silk,J Botha,DT Christian,0,1,1,,,,,,,,
897701,2015/16,2015-12-20,Sydney Cricket Ground,1,15.6,Sydney Sixers,Hobart Hurricanes,JC Silk,J Botha,DT Christian,2,0,,,,,,,,,
897701,2015/16,2015-12-20,Sydney Cricket Ground,1,15.7,Sydney Sixers,Hobart Hurricanes,JC Silk,J Botha,DT Christian,2,0,,,,,,,,,
897701,2015/16,2015-12-20,Sydney Cricket Ground,1,16.1,Sydney Sixers,Hobart Hurricanes,J Botha,JC Silk,CJ Boyce,0,0,,,,,,,,,
897701,2015/16,2015-12-20,Sydney Cricket Ground,1,16.2,Sydney Sixers,Hobart Hurricanes,J Botha,JC Silk,CJ Boyce,2,0,,,,,,,,,
897701,2015/16,2015-12-20,Sydney Cricket Ground,1,16.3,Sydney Sixers,Hobart Hurricanes,J Botha,JC Silk,CJ Boyce,0,0,,,,,,,,,
897701,2015/16,2015-12-20,Sydney Cricket Ground,1,16.4,Sydney Sixers,Hobart Hurricanes,J Botha,JC Silk,CJ Boyce,1,0,,,,,,,,,
897701,2015/16,2015-12-20,Sydney Cricket Ground,1,16.5,Sydney Sixers,Hobart Hurricanes,JC Silk,J Botha,CJ Boyce,1,0,,,,,,,,,
897701,2015/16,2015-12-20,Sydney Cricket Ground,1,16.6,Sydney Sixers,Hobart Hurricanes,J Botha,JC Silk,CJ Boyce,2,0,,,,,,,,,
897701,2015/16,2015-12-20,Sydney Cricket Ground,1,17.1,Sydney Sixers,Hobart Hurricanes,JC Silk,J Botha,JM Mennie,1,0,,,,,,,,,
897701,2015/16,2015-12-20,Sydney Cricket Ground,1,17.2,Sydney Sixers,Hobart Hurricanes,J Botha,JC Silk,JM Mennie,0,0,,,,,,caught,J Botha,,
897701,2015/16,2015-12-20,Sydney Cricket Ground,1,17.3,Sydney Sixers,Hobart Hurricanes,JC Silk,SA Abbott,JM Mennie,0,1,1,,,,,,,,
897701,2015/16,2015-12-20,Sydney Cricket Ground,1,17.4,Sydney Sixers,Hobart Hurricanes,JC Silk,SA Abbott,JM Mennie,6,0,,,,,,,,,
897701,2015/16,2015-12-20,Sydney Cricket Ground,1,17.5,Sydney Sixers,Hobart Hurricanes,JC Silk,SA Abbott,JM Mennie,1,0,,,,,,,,,
897701,2015/16,2015-12-20,Sydney Cricket Ground,1,17.6,Sydney Sixers,Hobart Hurricanes,SA Abbott,JC Silk,JM Mennie,2,0,,,,,,,,,
897701,2015/16,2015-12-20,Sydney Cricket Ground,1,17.7,Sydney Sixers,Hobart Hurricanes,SA Abbott,JC Silk,JM Mennie,2,0,,,,,,,,,
897701,2015/16,2015-12-20,Sydney Cricket Ground,1,18.1,Sydney Sixers,Hobart Hurricanes,JC Silk,SA Abbott,SW Tait,2,0,,,,,,,,,
897701,2015/16,2015-12-20,Sydney Cricket Ground,1,18.2,Sydney Sixers,Hobart Hurricanes,JC Silk,SA Abbott,SW Tait,6,0,,,,,,,,,
897701,2015/16,2015-12-20,Sydney Cricket Ground,1,18.3,Sydney Sixers,Hobart Hurricanes,JC Silk,SA Abbott,SW Tait,0,0,,,,,,,,,
897701,2015/16,2015-12-20,Sydney Cricket Ground,1,18.4,Sydney Sixers,Hobart Hurricanes,JC Silk,SA Abbott,SW Tait,1,0,,,,,,,,,
897701,2015/16,2015-12-20,Sydney Cricket Ground,1,18.5,Sydney Sixers,Hobart Hurricanes,SA Abbott,JC Silk,SW Tait,2,0,,,,,,,,,
897701,2015/16,2015-12-20,Sydney Cricket Ground,1,18.6,Sydney Sixers,Hobart Hurricanes,SA Abbott,JC Silk,SW Tait,0,0,,,,,,bowled,SA Abbott,,
897701,2015/16,2015-12-20,Sydney Cricket Ground,1,19.1,Sydney Sixers,Hobart Hurricanes,JC Silk,SNJ O'Keefe,DT Christian,1,0,,,,,,,,,
897701,2015/16,2015-12-20,Sydney Cricket Ground,1,19.2,Sydney Sixers,Hobart Hurricanes,SNJ O'Keefe,JC Silk,DT Christian,2,0,,,,,,,,,
897701,2015/16,2015-12-20,Sydney Cricket Ground,1,19.3,Sydney Sixers,Hobart Hurricanes,SNJ O'Keefe,JC Silk,DT Christian,2,0,,,,,,,,,
897701,2015/16,2015-12-20,Sydney Cricket Ground,1,19.4,Sydney Sixers,Hobart Hurricanes,SNJ O'Keefe,JC Silk,DT Christian,2,0,,,,,,,,,
897701,2015/16,2015-12-20,Sydney Cricket Ground,1,19.5,Sydney Sixers,Hobart Hurricanes,SNJ O'Keefe,JC Silk,DT Christian,0,0,,,,,,run out,JC Silk,,
897701,2015/16,2015-12-20,Sydney Cricket Ground,1,19.6,Sydney Sixers,Hobart Hurricanes,NM Lyon,SNJ O'Keefe,DT Christian,0,3,,,,3,,,,,
897701,2015/16,2015-12-20,Sydney Cricket Ground,2,0.1,Hobart Hurricanes,Sydney Sixers,TD Paine,BR Dunk,NM Lyon,0,0,,,,,,,,,
897701,2015/16,2015-12-20,Sydney Cricket Ground,2,0.2,Hobart Hurricanes,Sydney Sixers,TD Paine,BR Dunk,NM Lyon,0,0,,,,,,,,,
897701,2015/16,2015-12-20,Sydney Cricket Ground,2,0.3,Hobart Hurricanes,Sydney Sixers,TD Paine,BR Dunk,NM Lyon,0,0,,,,,,,,,
897701,2015/16,2015-12-20,Sydney Cricket Ground,2,0.4,Hobart Hurricanes,Sydney Sixers,TD Paine,BR Dunk,NM Lyon,0,0,,,,,,caught,TD Paine,,
897701,2015/16,2015-12-20,Sydney Cricket Ground,2,0.5,Hobart Hurricanes,Sydney Sixers,KC Sangakkara,BR Dunk,NM Lyon,0,0,,,,,,caught,KC Sangakkara,,
897701,2015/16,2015-12-20,Sydney Cricket Ground,2,0.6,Hobart Hurricanes,Sydney Sixers,GJ Bailey,BR Dunk,NM Lyon,1,0,,,,,,,,,
897701,2015/16,2015-12-20,Sydney Cricket Ground,2,1.1,Hobart Hurricanes,Sydney Sixers,GJ Bailey,BR Dunk,J Botha,0,1,1,,,,,,,,
897701,2015/16,2015-12-20,Sydney Cricket Ground,2,1.2,Hobart Hurricanes,Sydney Sixers,GJ Bailey,BR Dunk,J Botha,1,0,,,,,,,,,
897701,2015/16,2015-12-20,Sydney Cricket Ground,2,1.3,Hobart Hurricanes,Sydney Sixers,BR Dunk,GJ Bailey,J Botha,0,0,,,,,,,,,
897701,2015/16,2015-12-20,Sydney Cricket Ground,2,1.4,Hobart Hurricanes,Sydney Sixers,BR Dunk,GJ Bailey,J Botha,0,0,,,,,,,,,
897701,2015/16,2015-12-20,Sydney Cricket Ground,2,1.5,Hobart Hurricanes,Sydney Sixers,BR Dunk,GJ Bailey,J Botha,1,0,,,,,,,,,
897701,2015/16,2015-12-20,Sydney Cricket Ground,2,1.6,Hobart Hurricanes,Sydney Sixers,GJ Bailey,BR Dunk,J Botha,0,0,,,,,,,,,
897701,2015/16,2015-12-20,Sydney Cricket Ground,2,1.7,Hobart Hurricanes,Sydney Sixers,GJ Bailey,BR Dunk,J Botha,0,0,,,,,,,,,
897701,2015/16,2015-12-20,Sydney Cricket Ground,2,2.1,Hobart Hurricanes,Sydney Sixers,BR Dunk,GJ Bailey,DE Bollinger,0,0,,,,,,bowled,BR Dunk,,
897701,2015/16,2015-12-20,Sydney Cricket Ground,2,2.2,Hobart Hurricanes,Sydney Sixers,DT Christian,GJ Bailey,DE Bollinger,0,0,,,,,,,,,
897701,2015/16,2015-12-20,Sydney Cricket Ground,2,2.3,Hobart Hurricanes,Sydney Sixers,DT Christian,GJ Bailey,DE Bollinger,1,0,,,,,,,,,
897701,2015/16,2015-12-20,Sydney Cricket Ground,2,2.4,Hobart Hurricanes,Sydney Sixers,GJ Bailey,DT Christian,DE Bollinger,0,0,,,,,,,,,
897701,2015/16,2015-12-20,Sydney Cricket Ground,2,2.5,Hobart Hurricanes,Sydney Sixers,GJ Bailey,DT Christian,DE Bollinger,0,0,,,,,,,,,
897701,2015/16,2015-12-20,Sydney Cricket Ground,2,2.6,Hobart Hurricanes,Sydney Sixers,GJ Bailey,DT Christian,DE Bollinger,0,0,,,,,,,,,
897701,2015/16,2015-12-20,Sydney Cricket Ground,2,3.1,Hobart Hurricanes,Sydney Sixers,DT Christian,GJ Bailey,JM Bird,1,0,,,,,,,,,
897701,2015/16,2015-12-20,Sydney Cricket Ground,2,3.2,Hobart Hurricanes,Sydney Sixers,GJ Bailey,DT Christian,JM Bird,4,0,,,,,,,,,
897701,2015/16,2015-12-20,Sydney Cricket Ground,2,3.3,Hobart Hurricanes,Sydney Sixers,GJ Bailey,DT Christian,JM Bird,0,0,,,,,,,,,
897701,2015/16,2015-12-20,Sydney Cricket Ground,2,3.4,Hobart Hurricanes,Sydney Sixers,GJ Bailey,DT Christian,JM Bird,4,0,,,,,,,,,
897701,2015/16,2015-12-20,Sydney Cricket Ground,2,3.5,Hobart Hurricanes,Sydney Sixers,GJ Bailey,DT Christian,JM Bird,0,0,,,,,,,,,
897701,2015/16,2015-12-20,Sydney Cricket Ground,2,3.6,Hobart Hurricanes,Sydney Sixers,GJ Bailey,DT Christian,JM Bird,0,1,,,,1,,,,,
897701,2015/16,2015-12-20,Sydney Cricket Ground,2,4.1,Hobart Hurricanes,Sydney Sixers,GJ Bailey,DT Christian,DE Bollinger,0,0,,,,,,,,,
897701,2015/16,2015-12-20,Sydney Cricket Ground,2,4.2,Hobart Hurricanes,Sydney Sixers,GJ Bailey,DT Christian,DE Bollinger,0,0,,,,,,,,,
897701,2015/16,2015-12-20,Sydney Cricket Ground,2,4.3,Hobart Hurricanes,Sydney Sixers,GJ Bailey,DT Christian,DE Bollinger,0,0,,,,,,,,,
897701,2015/16,2015-12-20,Sydney Cricket Ground,2,4.4,Hobart Hurricanes,Sydney Sixers,GJ Bailey,DT Christian,DE Bollinger,1,0,,,,,,,,,
897701,2015/16,2015-12-20,Sydney Cricket Ground,2,4.5,Hobart Hurricanes,Sydney Sixers,DT Christian,GJ Bailey,DE Bollinger,0,0,,,,,,,,,
897701,2015/16,2015-12-20,Sydney Cricket Ground,2,4.6,Hobart Hurricanes,Sydney Sixers,DT Christian,GJ Bailey,DE Bollinger,1,0,,,,,,,,,
897701,2015/16,2015-12-20,Sydney Cricket Ground,2,5.1,Hobart Hurricanes,Sydney Sixers,DT Christian,GJ Bailey,JM Bird,1,0,,,,,,run out,DT Christian,,
897701,2015/16,2015-12-20,Sydney Cricket Ground,2,5.2,Hobart Hurricanes,Sydney Sixers,JW Wells,GJ Bailey,JM Bird,1,0,,,,,,,,,
897701,2015/16,2015-12-20,Sydney Cricket Ground,2,5.3,Hobart Hurricanes,Sydney Sixers,GJ Bailey,JW Wells,JM Bird,0,0,,,,,,,,,
897701,2015/16,2015-12-20,Sydney Cricket Ground,2,5.4,Hobart Hurricanes,Sydney Sixers,GJ Bailey,JW Wells,JM Bird,0,0,,,,,,,,,
897701,2015/16,2015-12-20,Sydney Cricket Ground,2,5.5,Hobart Hurricanes,Sydney Sixers,GJ Bailey,JW Wells,JM Bird,0,0,,,,,,,,,
897701,2015/16,2015-12-20,Sydney Cricket Ground,2,5.6,Hobart Hurricanes,Sydney Sixers,GJ Bailey,JW Wells,JM Bird,2,0,,,,,,,,,
897701,2015/16,2015-12-20,Sydney Cricket Ground,2,6.1,Hobart Hurricanes,Sydney Sixers,JW Wells,GJ Bailey,SNJ O'Keefe,0,0,,,,,,caught,JW Wells,,
897701,2015/16,2015-12-20,Sydney Cricket Ground,2,6.2,Hobart Hurricanes,Sydney Sixers,DJG Sammy,GJ Bailey,SNJ O'Keefe,1,0,,,,,,,,,
897701,2015/16,2015-12-20,Sydney Cricket Ground,2,6.3,Hobart Hurricanes,Sydney Sixers,GJ Bailey,DJG Sammy,SNJ O'Keefe,1,0,,,,,,,,,
897701,2015/16,2015-12-20,Sydney Cricket Ground,2,6.4,Hobart Hurricanes,Sydney Sixers,DJG Sammy,GJ Bailey,SNJ O'Keefe,0,0,,,,,,,,,
897701,2015/16,2015-12-20,Sydney Cricket Ground,2,6.5,Hobart Hurricanes,Sydney Sixers,DJG Sammy,GJ Bailey,SNJ O'Keefe,0,0,,,,,,,,,
897701,2015/16,2015-12-20,Sydney Cricket Ground,2,6.6,Hobart Hurricanes,Sydney Sixers,DJG Sammy,GJ Bailey,SNJ O'Keefe,0,0,,,,,,,,,
897701,2015/16,2015-12-20,Sydney Cricket Ground,2,7.1,Hobart Hurricanes,Sydney Sixers,GJ Bailey,DJG Sammy,SA Abbott,1,0,,,,,,,,,
897701,2015/16,2015-12-20,Sydney Cricket Ground,2,7.2,Hobart Hurricanes,Sydney Sixers,DJG Sammy,GJ Bailey,SA Abbott,1,0,,,,,,,,,
897701,2015/16,2015-12-20,Sydney Cricket Ground,2,7.3,Hobart Hurricanes,Sydney Sixers,GJ Bailey,DJG Sammy,SA Abbott,2,0,,,,,,,,,
897701,2015/16,2015-12-20,Sydney Cricket Ground,2,7.4,Hobart Hurricanes,Sydney Sixers,GJ Bailey,DJG Sammy,SA Abbott,1,0,,,,,,,,,
897701,2015/16,2015-12-20,Sydney Cricket Ground,2,7.5,Hobart Hurricanes,Sydney Sixers,DJG Sammy,GJ Bailey,SA Abbott,0,0,,,,,,caught,DJG Sammy,,
897701,2015/16,2015-12-20,Sydney Cricket Ground,2,7.6,Hobart Hurricanes,Sydney Sixers,JM Mennie,GJ Bailey,SA Abbott,0,0,,,,,,,,,
897701,2015/16,2015-12-20,Sydney Cricket Ground,2,8.1,Hobart Hurricanes,Sydney Sixers,GJ Bailey,JM Mennie,SNJ O'Keefe,1,0,,,,,,,,,
897701,2015/16,2015-12-20,Sydney Cricket Ground,2,8.2,Hobart Hurricanes,Sydney Sixers,JM Mennie,GJ Bailey,SNJ O'Keefe,1,0,,,,,,,,,
897701,2015/16,2015-12-20,Sydney Cricket Ground,2,8.3,Hobart Hurricanes,Sydney Sixers,GJ Bailey,JM Mennie,SNJ O'Keefe,1,0,,,,,,,,,
897701,2015/16,2015-12-20,Sydney Cricket Ground,2,8.4,Hobart Hurricanes,Sydney Sixers,JM Mennie,GJ Bailey,SNJ O'Keefe,1,0,,,,,,,,,
897701,2015/16,2015-12-20,Sydney Cricket Ground,2,8.5,Hobart Hurricanes,Sydney Sixers,GJ Bailey,JM Mennie,SNJ O'Keefe,4,0,,,,,,,,,
897701,2015/16,2015-12-20,Sydney Cricket Ground,2,8.6,Hobart Hurricanes,Sydney Sixers,GJ Bailey,JM Mennie,SNJ O'Keefe,1,0,,,,,,,,,
897701,2015/16,2015-12-20,Sydney Cricket Ground,2,9.1,Hobart Hurricanes,Sydney Sixers,GJ Bailey,JM Mennie,JM Bird,1,0,,,,,,,,,
897701,2015/16,2015-12-20,Sydney Cricket Ground,2,9.2,Hobart Hurricanes,Sydney Sixers,JM Mennie,GJ Bailey,JM Bird,0,0,,,,,,,,,
897701,2015/16,2015-12-20,Sydney Cricket Ground,2,9.3,Hobart Hurricanes,Sydney Sixers,JM Mennie,GJ Bailey,JM Bird,1,0,,,,,,,,,
897701,2015/16,2015-12-20,Sydney Cricket Ground,2,9.4,Hobart Hurricanes,Sydney Sixers,GJ Bailey,JM Mennie,JM Bird,4,0,,,,,,,,,
897701,2015/16,2015-12-20,Sydney Cricket Ground,2,9.5,Hobart Hurricanes,Sydney Sixers,GJ Bailey,JM Mennie,JM Bird,6,0,,,,,,,,,
897701,2015/16,2015-12-20,Sydney Cricket Ground,2,9.6,Hobart Hurricanes,Sydney Sixers,GJ Bailey,JM Mennie,JM Bird,1,0,,,,,,,,,
897701,2015/16,2015-12-20,Sydney Cricket Ground,2,10.1,Hobart Hurricanes,Sydney Sixers,GJ Bailey,JM Mennie,J Botha,1,0,,,,,,,,,
897701,2015/16,2015-12-20,Sydney Cricket Ground,2,10.2,Hobart Hurricanes,Sydney Sixers,JM Mennie,GJ Bailey,J Botha,0,0,,,,,,,,,
897701,2015/16,2015-12-20,Sydney Cricket Ground,2,10.3,Hobart Hurricanes,Sydney Sixers,JM Mennie,GJ Bailey,J Botha,0,0,,,,,,,,,
897701,2015/16,2015-12-20,Sydney Cricket Ground,2,10.4,Hobart Hurricanes,Sydney Sixers,JM Mennie,GJ Bailey,J Botha,1,0,,,,,,,,,
897701,2015/16,2015-12-20,Sydney Cricket Ground,2,10.5,Hobart Hurricanes,Sydney Sixers,GJ Bailey,JM Mennie,J Botha,2,0,,,,,,,,,
897701,2015/16,2015-12-20,Sydney Cricket Ground,2,10.6,Hobart Hurricanes,Sydney Sixers,GJ Bailey,JM Mennie,J Botha,0,1,1,,,,,,,,
897701,2015/16,2015-12-20,Sydney Cricket Ground,2,10.7,Hobart Hurricanes,Sydney Sixers,GJ Bailey,JM Mennie,J Botha,4,0,,,,,,,,,
897701,2015/16,2015-12-20,Sydney Cricket Ground,2,11.1,Hobart Hurricanes,Sydney Sixers,JM Mennie,GJ Bailey,NM Lyon,0,0,,,,,,caught,JM Mennie,,
897701,2015/16,2015-12-20,Sydney Cricket Ground,2,11.2,Hobart Hurricanes,Sydney Sixers,SL Rainbird,GJ Bailey,NM Lyon,0,0,,,,,,,,,
897701,2015/16,2015-12-20,Sydney Cricket Ground,2,11.3,Hobart Hurricanes,Sydney Sixers,SL Rainbird,GJ Bailey,NM Lyon,1,0,,,,,,,,,
897701,2015/16,2015-12-20,Sydney Cricket Ground,2,11.4,Hobart Hurricanes,Sydney Sixers,GJ Bailey,SL Rainbird,NM Lyon,2,0,,,,,,,,,
897701,2015/16,2015-12-20,Sydney Cricket Ground,2,11.5,Hobart Hurricanes,Sydney Sixers,GJ Bailey,SL Rainbird,NM Lyon,1,0,,,,,,,,,
897701,2015/16,2015-12-20,Sydney Cricket Ground,2,11.6,Hobart Hurricanes,Sydney Sixers,SL Rainbird,GJ Bailey,NM Lyon,0,0,,,,,,caught,SL Rainbird,,
897701,2015/16,2015-12-20,Sydney Cricket Ground,2,12.1,Hobart Hurricanes,Sydney Sixers,GJ Bailey,CJ Boyce,SNJ O'Keefe,0,0,,,,,,,,,
897701,2015/16,2015-12-20,Sydney Cricket Ground,2,12.2,Hobart Hurricanes,Sydney Sixers,GJ Bailey,CJ Boyce,SNJ O'Keefe,1,0,,,,,,,,,
897701,2015/16,2015-12-20,Sydney Cricket Ground,2,12.3,Hobart Hurricanes,Sydney Sixers,CJ Boyce,GJ Bailey,SNJ O'Keefe,0,2,,,,2,,,,,
897701,2015/16,2015-12-20,Sydney Cricket Ground,2,12.4,Hobart Hurricanes,Sydney Sixers,CJ Boyce,GJ Bailey,SNJ O'Keefe,0,0,,,,,,,,,
897701,2015/16,2015-12-20,Sydney Cricket Ground,2,12.5,Hobart Hurricanes,Sydney Sixers,CJ Boyce,GJ Bailey,SNJ O'Keefe,0,0,,,,,,,,,
897701,2015/16,2015-12-20,Sydney Cricket Ground,2,12.6,Hobart Hurricanes,Sydney Sixers,CJ Boyce,GJ Bailey,SNJ O'Keefe,1,0,,,,,,,,,
897701,2015/16,2015-12-20,Sydney Cricket Ground,2,13.1,Hobart Hurricanes,Sydney Sixers,CJ Boyce,GJ Bailey,NM Lyon,0,2,,,2,,,,,,
897701,2015/16,2015-12-20,Sydney Cricket Ground,2,13.2,Hobart Hurricanes,Sydney Sixers,CJ Boyce,GJ Bailey,NM Lyon,0,0,,,,,,,,,
897701,2015/16,2015-12-20,Sydney Cricket Ground,2,13.3,Hobart Hurricanes,Sydney Sixers,CJ Boyce,GJ Bailey,NM Lyon,1,0,,,,,,,,,
897701,2015/16,2015-12-20,Sydney Cricket Ground,2,13.4,Hobart Hurricanes,Sydney Sixers,GJ Bailey,CJ Boyce,NM Lyon,4,0,,,,,,,,,
897701,2015/16,2015-12-20,Sydney Cricket Ground,2,13.5,Hobart Hurricanes,Sydney Sixers,GJ Bailey,CJ Boyce,NM Lyon,0,0,,,,,,,,,
897701,2015/16,2015-12-20,Sydney Cricket Ground,2,13.6,Hobart Hurricanes,Sydney Sixers,GJ Bailey,CJ Boyce,NM Lyon,4,0,,,,,,,,,
897701,2015/16,2015-12-20,Sydney Cricket Ground,2,14.1,Hobart Hurricanes,Sydney Sixers,CJ Boyce,GJ Bailey,SNJ O'Keefe,2,0,,,,,,,,,
897701,2015/16,2015-12-20,Sydney Cricket Ground,2,14.2,Hobart Hurricanes,Sydney Sixers,CJ Boyce,GJ Bailey,SNJ O'Keefe,0,0,,,,,,,,,
897701,2015/16,2015-12-20,Sydney Cricket Ground,2,14.3,Hobart Hurricanes,Sydney Sixers,CJ Boyce,GJ Bailey,SNJ O'Keefe,0,0,,,,,,caught,CJ Boyce,,
897701,2015/16,2015-12-20,Sydney Cricket Ground,2,14.4,Hobart Hurricanes,Sydney Sixers,SW Tait,GJ Bailey,SNJ O'Keefe,0,0,,,,,,,,,
897701,2015/16,2015-12-20,Sydney Cricket Ground,2,14.5,Hobart Hurricanes,Sydney Sixers,SW Tait,GJ Bailey,SNJ O'Keefe,2,0,,,,,,,,,
897701,2015/16,2015-12-20,Sydney Cricket Ground,2,14.6,Hobart Hurricanes,Sydney Sixers,SW Tait,GJ Bailey,SNJ O'Keefe,0,0,,,,,,,,,
897701,2015/16,2015-12-20,Sydney Cricket Ground,2,15.1,Hobart Hurricanes,Sydney Sixers,GJ Bailey,SW Tait,NM Lyon,4,0,,,,,,,,,
897701,2015/16,2015-12-20,Sydney Cricket Ground,2,15.2,Hobart Hurricanes,Sydney Sixers,GJ Bailey,SW Tait,NM Lyon,1,0,,,,,,,,,
897701,2015/16,2015-12-20,Sydney Cricket Ground,2,15.3,Hobart Hurricanes,Sydney Sixers,SW Tait,GJ Bailey,NM Lyon,3,0,,,,,,,,,
897701,2015/16,2015-12-20,Sydney Cricket Ground,2,15.4,Hobart Hurricanes,Sydney Sixers,GJ Bailey,SW Tait,NM Lyon,1,0,,,,,,,,,
897701,2015/16,2015-12-20,Sydney Cricket Ground,2,15.5,Hobart Hurricanes,Sydney Sixers,SW Tait,GJ Bailey,NM Lyon,0,0,,,,,,caught,SW Tait,,
