match_id,season,start_date,venue,innings,ball,batting_team,bowling_team,striker,non_striker,bowler,runs_off_bat,extras,wides,noballs,byes,legbyes,penalty,wicket_type,player_dismissed,other_wicket_type,other_player_dismissed
897759,2015/16,2016-01-21,Adelaide Oval,1,0.1,Adelaide Strikers,Sydney Thunder,TP Ludeman,DPMD Jayawardene,AD Russell,0,0,,,,,,,,,
897759,2015/16,2016-01-21,Adelaide Oval,1,0.2,Adelaide Strikers,Sydney Thunder,TP Ludeman,DPMD Jayawardene,AD Russell,1,0,,,,,,,,,
897759,2015/16,2016-01-21,Adelaide Oval,1,0.3,Adelaide Strikers,Sydney Thunder,DPMD Jayawardene,TP Ludeman,AD Russell,0,0,,,,,,,,,
897759,2015/16,2016-01-21,Adelaide Oval,1,0.4,Adelaide Strikers,Sydney Thunder,DPMD Jayawardene,TP Ludeman,AD Russell,1,0,,,,,,,,,
897759,2015/16,2016-01-21,Adelaide Oval,1,0.5,Adelaide Strikers,Sydney Thunder,TP Ludeman,DPMD Jayawardene,AD Russell,0,0,,,,,,,,,
897759,2015/16,2016-01-21,Adelaide Oval,1,0.6,Adelaide Strikers,Sydney Thunder,TP Ludeman,DPMD Jayawardene,AD Russell,0,0,,,,,,,,,
897759,2015/16,2016-01-21,Adelaide Oval,1,1.1,Adelaide Strikers,Sydney Thunder,DPMD Jayawardene,TP Ludeman,SR Watson,0,0,,,,,,,,,
897759,2015/16,2016-01-21,Adelaide Oval,1,1.2,Adelaide Strikers,Sydney Thunder,DPMD Jayawardene,TP Ludeman,SR Watson,6,0,,,,,,,,,
897759,2015/16,2016-01-21,Adelaide Oval,1,1.3,Adelaide Strikers,Sydney Thunder,DPMD Jayawardene,TP Ludeman,SR Watson,0,0,,,,,,,,,
897759,2015/16,2016-01-21,Adelaide Oval,1,1.4,Adelaide Strikers,Sydney Thunder,DPMD Jayawardene,TP Ludeman,SR Watson,0,0,,,,,,caught,DPMD Jayawardene,,
897759,2015/16,2016-01-21,Adelaide Oval,1,1.5,Adelaide Strikers,Sydney Thunder,TM Head,TP Ludeman,SR Watson,0,1,1,,,,,,,,
897759,2015/16,2016-01-21,Adelaide Oval,1,1.6,Adelaide Strikers,Sydney Thunder,TM Head,TP Ludeman,SR Watson,1,0,,,,,,,,,
897759,2015/16,2016-01-21,Adelaide Oval,1,1.7,Adelaide Strikers,Sydney Thunder,TP Ludeman,TM Head,SR Watson,1,0,,,,,,,,,
897759,2015/16,2016-01-21,Adelaide Oval,1,2.1,Adelaide Strikers,Sydney Thunder,TP Ludeman,TM Head,CJ McKay,0,0,,,,,,,,,
897759,2015/16,2016-01-21,Adelaide Oval,1,2.2,Adelaide Strikers,Sydney Thunder,TP Ludeman,TM Head,CJ McKay,0,0,,,,,,caught,TP Ludeman,,
897759,2015/16,2016-01-21,Adelaide Oval,1,2.3,Adelaide Strikers,Sydney Thunder,TM Head,BJ Hodge,CJ McKay,0,0,,,,,,,,,
897759,2015/16,2016-01-21,Adelaide Oval,1,2.4,Adelaide Strikers,Sydney Thunder,TM Head,BJ Hodge,CJ McKay,0,1,1,,,,,,,,
897759,2015/16,2016-01-21,Adelaide Oval,1,2.5,Adelaide Strikers,Sydney Thunder,TM Head,BJ Hodge,CJ McKay,0,0,,,,,,,,,
897759,2015/16,2016-01-21,Adelaide Oval,1,2.6,Adelaide Strikers,Sydney Thunder,TM Head,BJ Hodge,CJ McKay,1,0,,,,,,,,,
897759,2015/16,2016-01-21,Adelaide Oval,1,2.7,Adelaide Strikers,Sydney Thunder,BJ Hodge,TM Head,CJ McKay,0,0,,,,,,,,,
897759,2015/16,2016-01-21,Adelaide Oval,1,3.1,Adelaide Strikers,Sydney Thunder,TM Head,BJ Hodge,N McAndrew,4,0,,,,,,,,,
897759,2015/16,2016-01-21,Adelaide Oval,1,3.2,Adelaide Strikers,Sydney Thunder,TM Head,BJ Hodge,N McAndrew,4,0,,,,,,,,,
897759,2015/16,2016-01-21,Adelaide Oval,1,3.3,Adelaide Strikers,Sydney Thunder,TM Head,BJ Hodge,N McAndrew,0,0,,,,,,,,,
897759,2015/16,2016-01-21,Adelaide Oval,1,3.4,Adelaide Strikers,Sydney Thunder,TM Head,BJ Hodge,N McAndrew,1,0,,,,,,,,,
897759,2015/16,2016-01-21,Adelaide Oval,1,3.5,Adelaide Strikers,Sydney Thunder,BJ Hodge,TM Head,N McAndrew,0,0,,,,,,,,,
897759,2015/16,2016-01-21,Adelaide Oval,1,3.6,Adelaide Strikers,Sydney Thunder,BJ Hodge,TM Head,N McAndrew,0,0,,,,,,,,,
897759,2015/16,2016-01-21,Adelaide Oval,1,4.1,Adelaide Strikers,Sydney Thunder,TM Head,BJ Hodge,AD Russell,4,0,,,,,,,,,
897759,2015/16,2016-01-21,Adelaide Oval,1,4.2,Adelaide Strikers,Sydney Thunder,TM Head,BJ Hodge,AD Russell,0,0,,,,,,,,,
897759,2015/16,2016-01-21,Adelaide Oval,1,4.3,Adelaide Strikers,Sydney Thunder,TM Head,BJ Hodge,AD Russell,0,5,5,,,,,,,,
897759,2015/16,2016-01-21,Adelaide Oval,1,4.4,Adelaide Strikers,Sydney Thunder,TM Head,BJ Hodge,AD Russell,0,1,,1,,,,,,,
897759,2015/16,2016-01-21,Adelaide Oval,1,4.5,Adelaide Strikers,Sydney Thunder,TM Head,BJ Hodge,AD Russell,1,0,,,,,,,,,
897759,2015/16,2016-01-21,Adelaide Oval,1,4.6,Adelaide Strikers,Sydney Thunder,BJ Hodge,TM Head,AD Russell,1,0,,,,,,,,,
897759,2015/16,2016-01-21,Adelaide Oval,1,4.7,Adelaide Strikers,Sydney Thunder,TM Head,BJ Hodge,AD Russell,2,0,,,,,,,,,
897759,2015/16,2016-01-21,Adelaide Oval,1,4.8,Adelaide Strikers,Sydney Thunder,TM Head,BJ Hodge,AD Russell,1,0,,,,,,,,,
897759,2015/16,2016-01-21,Adelaide Oval,1,5.1,Adelaide Strikers,Sydney Thunder,TM Head,BJ Hodge,CJ McKay,4,0,,,,,,,,,
897759,2015/16,2016-01-21,Adelaide Oval,1,5.2,Adelaide Strikers,Sydney Thunder,TM Head,BJ Hodge,CJ McKay,0,0,,,,,,,,,
897759,2015/16,2016-01-21,Adelaide Oval,1,5.3,Adelaide Strikers,Sydney Thunder,TM Head,BJ Hodge,CJ McKay,0,1,1,,,,,,,,
897759,2015/16,2016-01-21,Adelaide Oval,1,5.4,Adelaide Strikers,Sydney Thunder,TM Head,BJ Hodge,CJ McKay,0,0,,,,,,caught,TM Head,,
897759,2015/16,2016-01-21,Adelaide Oval,1,5.5,Adelaide Strikers,Sydney Thunder,AI Ross,BJ Hodge,CJ McKay,0,0,,,,,,,,,
897759,2015/16,2016-01-21,Adelaide Oval,1,5.6,Adelaide Strikers,Sydney Thunder,AI Ross,BJ Hodge,CJ McKay,1,0,,,,,,,,,
897759,2015/16,2016-01-21,Adelaide Oval,1,5.7,Adelaide Strikers,Sydney Thunder,BJ Hodge,AI Ross,CJ McKay,1,0,,,,,,,,,
897759,2015/16,2016-01-21,Adelaide Oval,1,6.1,Adelaide Strikers,Sydney Thunder,BJ Hodge,AI Ross,SR Watson,0,0,,,,,,,,,
897759,2015/16,2016-01-21,Adelaide Oval,1,6.2,Adelaide Strikers,Sydney Thunder,BJ Hodge,AI Ross,SR Watson,1,0,,,,,,,,,
897759,2015/16,2016-01-21,Adelaide Oval,1,6.3,Adelaide Strikers,Sydney Thunder,AI Ross,BJ Hodge,SR Watson,1,0,,,,,,,,,
897759,2015/16,2016-01-21,Adelaide Oval,1,6.4,Adelaide Strikers,Sydney Thunder,BJ Hodge,AI Ross,SR Watson,0,1,1,,,,,,,,
897759,2015/16,2016-01-21,Adelaide Oval,1,6.5,Adelaide Strikers,Sydney Thunder,BJ Hodge,AI Ross,SR Watson,0,0,,,,,,,,,
897759,2015/16,2016-01-21,Adelaide Oval,1,6.6,Adelaide Strikers,Sydney Thunder,BJ Hodge,AI Ross,SR Watson,1,0,,,,,,,,,
897759,2015/16,2016-01-21,Adelaide Oval,1,6.7,Adelaide Strikers,Sydney Thunder,AI Ross,BJ Hodge,SR Watson,0,0,,,,,,,,,
897759,2015/16,2016-01-21,Adelaide Oval,1,7.1,Adelaide Strikers,Sydney Thunder,BJ Hodge,AI Ross,CJ Green,0,0,,,,,,,,,
897759,2015/16,2016-01-21,Adelaide Oval,1,7.2,Adelaide Strikers,Sydney Thunder,BJ Hodge,AI Ross,CJ Green,1,0,,,,,,,,,
897759,2015/16,2016-01-21,Adelaide Oval,1,7.3,Adelaide Strikers,Sydney Thunder,AI Ross,BJ Hodge,CJ Green,0,0,,,,,,,,,
897759,2015/16,2016-01-21,Adelaide Oval,1,7.4,Adelaide Strikers,Sydney Thunder,AI Ross,BJ Hodge,CJ Green,2,0,,,,,,,,,
897759,2015/16,2016-01-21,Adelaide Oval,1,7.5,Adelaide Strikers,Sydney Thunder,AI Ross,BJ Hodge,CJ Green,1,0,,,,,,,,,
897759,2015/16,2016-01-21,Adelaide Oval,1,7.6,Adelaide Strikers,Sydney Thunder,BJ Hodge,AI Ross,CJ Green,1,0,,,,,,,,,
897759,2015/16,2016-01-21,Adelaide Oval,1,8.1,Adelaide Strikers,Sydney Thunder,BJ Hodge,AI Ross,Fawad Ahmed,0,0,,,,,,,,,
897759,2015/16,2016-01-21,Adelaide Oval,1,8.2,Adelaide Strikers,Sydney Thunder,BJ Hodge,AI Ross,Fawad Ahmed,6,0,,,,,,,,,
897759,2015/16,2016-01-21,Adelaide Oval,1,8.3,Adelaide Strikers,Sydney Thunder,BJ Hodge,AI Ross,Fawad Ahmed,1,0,,,,,,,,,
897759,2015/16,2016-01-21,Adelaide Oval,1,8.4,Adelaide Strikers,Sydney Thunder,AI Ross,BJ Hodge,Fawad Ahmed,1,0,,,,,,,,,
897759,2015/16,2016-01-21,Adelaide Oval,1,8.5,Adelaide Strikers,Sydney Thunder,BJ Hodge,AI Ross,Fawad Ahmed,0,0,,,,,,,,,
897759,2015/16,2016-01-21,Adelaide Oval,1,8.6,Adelaide Strikers,Sydney Thunder,BJ Hodge,AI Ross,Fawad Ahmed,0,0,,,,,,,,,
897759,2015/16,2016-01-21,Adelaide Oval,1,9.1,Adelaide Strikers,Sydney Thunder,AI Ross,BJ Hodge,CJ Green,1,0,,,,,,,,,
897759,2015/16,2016-01-21,Adelaide Oval,1,9.2,Adelaide Strikers,Sydney Thunder,BJ Hodge,AI Ross,CJ Green,1,0,,,,,,,,,
897759,2015/16,2016-01-21,Adelaide Oval,1,9.3,Adelaide Strikers,Sydney Thunder,AI Ross,BJ Hodge,CJ Green,1,0,,,,,,,,,
897759,2015/16,2016-01-21,Adelaide Oval,1,9.4,Adelaide Strikers,Sydney Thunder,BJ Hodge,AI Ross,CJ Green,0,0,,,,,,bowled,BJ Hodge,,
897759,2015/16,2016-01-21,Adelaide Oval,1,9.5,Adelaide Strikers,Sydney Thunder,JS Lehmann,AI Ross,CJ Green,1,0,,,,,,,,,
897759,2015/16,2016-01-21,Adelaide Oval,1,9.6,Adelaide Strikers,Sydney Thunder,AI Ross,JS Lehmann,CJ Green,1,0,,,,,,,,,
897759,2015/16,2016-01-21,Adelaide Oval,1,10.1,Adelaide Strikers,Sydney Thunder,AI Ross,JS Lehmann,Fawad Ahmed,4,0,,,,,,,,,
897759,2015/16,2016-01-21,Adelaide Oval,1,10.2,Adelaide Strikers,Sydney Thunder,AI Ross,JS Lehmann,Fawad Ahmed,4,0,,,,,,,,,
897759,2015/16,2016-01-21,Adelaide Oval,1,10.3,Adelaide Strikers,Sydney Thunder,AI Ross,JS Lehmann,Fawad Ahmed,0,0,,,,,,,,,
897759,2015/16,2016-01-21,Adelaide Oval,1,10.4,Adelaide Strikers,Sydney Thunder,AI Ross,JS Lehmann,Fawad Ahmed,4,0,,,,,,,,,
897759,2015/16,2016-01-21,Adelaide Oval,1,10.5,Adelaide Strikers,Sydney Thunder,AI Ross,JS Lehmann,Fawad Ahmed,1,0,,,,,,,,,
897759,2015/16,2016-01-21,Adelaide Oval,1,10.6,Adelaide Strikers,Sydney Thunder,JS Lehmann,AI Ross,Fawad Ahmed,1,0,,,,,,,,,
897759,2015/16,2016-01-21,Adelaide Oval,1,11.1,Adelaide Strikers,Sydney Thunder,JS Lehmann,AI Ross,CJ Green,1,0,,,,,,,,,
897759,2015/16,2016-01-21,Adelaide Oval,1,11.2,Adelaide Strikers,Sydney Thunder,AI Ross,JS Lehmann,CJ Green,1,0,,,,,,,,,
897759,2015/16,2016-01-21,Adelaide Oval,1,11.3,Adelaide Strikers,Sydney Thunder,JS Lehmann,AI Ross,CJ Green,1,0,,,,,,,,,
897759,2015/16,2016-01-21,Adelaide Oval,1,11.4,Adelaide Strikers,Sydney Thunder,AI Ross,JS Lehmann,CJ Green,0,0,,,,,,,,,
897759,2015/16,2016-01-21,Adelaide Oval,1,11.5,Adelaide Strikers,Sydney Thunder,AI Ross,JS Lehmann,CJ Green,1,0,,,,,,,,,
897759,2015/16,2016-01-21,Adelaide Oval,1,11.6,Adelaide Strikers,Sydney Thunder,JS Lehmann,AI Ross,CJ Green,0,0,,,,,,,,,
897759,2015/16,2016-01-21,Adelaide Oval,1,12.1,Adelaide Strikers,Sydney Thunder,AI Ross,JS Lehmann,SR Watson,4,0,,,,,,,,,
897759,2015/16,2016-01-21,Adelaide Oval,1,12.2,Adelaide Strikers,Sydney Thunder,AI Ross,JS Lehmann,SR Watson,0,0,,,,,,,,,
897759,2015/16,2016-01-21,Adelaide Oval,1,12.3,Adelaide Strikers,Sydney Thunder,AI Ross,JS Lehmann,SR Watson,1,0,,,,,,,,,
897759,2015/16,2016-01-21,Adelaide Oval,1,12.4,Adelaide Strikers,Sydney Thunder,JS Lehmann,AI Ross,SR Watson,4,0,,,,,,,,,
897759,2015/16,2016-01-21,Adelaide Oval,1,12.5,Adelaide Strikers,Sydney Thunder,JS Lehmann,AI Ross,SR Watson,1,0,,,,,,,,,
897759,2015/16,2016-01-21,Adelaide Oval,1,12.6,Adelaide Strikers,Sydney Thunder,AI Ross,JS Lehmann,SR Watson,0,0,,,,,,,,,
897759,2015/16,2016-01-21,Adelaide Oval,1,13.1,Adelaide Strikers,Sydney Thunder,JS Lehmann,AI Ross,CJ Green,2,0,,,,,,,,,
897759,2015/16,2016-01-21,Adelaide Oval,1,13.2,Adelaide Strikers,Sydney Thunder,JS Lehmann,AI Ross,CJ Green,1,0,,,,,,,,,
897759,2015/16,2016-01-21,Adelaide Oval,1,13.3,Adelaide Strikers,Sydney Thunder,AI Ross,JS Lehmann,CJ Green,1,0,,,,,,,,,
897759,2015/16,2016-01-21,Adelaide Oval,1,13.4,Adelaide Strikers,Sydney Thunder,JS Lehmann,AI Ross,CJ Green,0,0,,,,,,,,,
897759,2015/16,2016-01-21,Adelaide Oval,1,13.5,Adelaide Strikers,Sydney Thunder,JS Lehmann,AI Ross,CJ Green,1,0,,,,,,,,,
897759,2015/16,2016-01-21,Adelaide Oval,1,13.6,Adelaide Strikers,Sydney Thunder,AI Ross,JS Lehmann,CJ Green,1,0,,,,,,,,,
897759,2015/16,2016-01-21,Adelaide Oval,1,14.1,Adelaide Strikers,Sydney Thunder,AI Ross,JS Lehmann,N McAndrew,1,0,,,,,,,,,
897759,2015/16,2016-01-21,Adelaide Oval,1,14.2,Adelaide Strikers,Sydney Thunder,JS Lehmann,AI Ross,N McAndrew,0,0,,,,,,,,,
897759,2015/16,2016-01-21,Adelaide Oval,1,14.3,Adelaide Strikers,Sydney Thunder,JS Lehmann,AI Ross,N McAndrew,1,0,,,,,,,,,
897759,2015/16,2016-01-21,Adelaide Oval,1,14.4,Adelaide Strikers,Sydney Thunder,AI Ross,JS Lehmann,N McAndrew,0,0,,,,,,,,,
897759,2015/16,2016-01-21,Adelaide Oval,1,14.5,Adelaide Strikers,Sydney Thunder,AI Ross,JS Lehmann,N McAndrew,2,0,,,,,,,,,
897759,2015/16,2016-01-21,Adelaide Oval,1,14.6,Adelaide Strikers,Sydney Thunder,AI Ross,JS Lehmann,N McAndrew,1,0,,,,,,,,,
897759,2015/16,2016-01-21,Adelaide Oval,1,15.1,Adelaide Strikers,Sydney Thunder,AI Ross,JS Lehmann,SR Watson,1,0,,,,,,,,,
897759,2015/16,2016-01-21,Adelaide Oval,1,15.2,Adelaide Strikers,Sydney Thunder,JS Lehmann,AI Ross,SR Watson,0,0,,,,,,caught,JS Lehmann,,
897759,2015/16,2016-01-21,Adelaide Oval,1,15.3,Adelaide Strikers,Sydney Thunder,AI Ross,MG Neser,SR Watson,1,0,,,,,,,,,
897759,2015/16,2016-01-21,Adelaide Oval,1,15.4,Adelaide Strikers,Sydney Thunder,MG Neser,AI Ross,SR Watson,1,0,,,,,,,,,
897759,2015/16,2016-01-21,Adelaide Oval,1,15.5,Adelaide Strikers,Sydney Thunder,AI Ross,MG Neser,SR Watson,1,0,,,,,,,,,
897759,2015/16,2016-01-21,Adelaide Oval,1,15.6,Adelaide Strikers,Sydney Thunder,MG Neser,AI Ross,SR Watson,1,0,,,,,,,,,
897759,2015/16,2016-01-21,Adelaide Oval,1,16.1,Adelaide Strikers,Sydney Thunder,MG Neser,AI Ross,AD Russell,0,0,,,,,,,,,
897759,2015/16,2016-01-21,Adelaide Oval,1,16.2,Adelaide Strikers,Sydney Thunder,MG Neser,AI Ross,AD Russell,0,0,,,,,,,,,
897759,2015/16,2016-01-21,Adelaide Oval,1,16.3,Adelaide Strikers,Sydney Thunder,MG Neser,AI Ross,AD Russell,1,0,,,,,,,,,
897759,2015/16,2016-01-21,Adelaide Oval,1,16.4,Adelaide Strikers,Sydney Thunder,AI Ross,MG Neser,AD Russell,1,0,,,,,,,,,
897759,2015/16,2016-01-21,Adelaide Oval,1,16.5,Adelaide Strikers,Sydney Thunder,MG Neser,AI Ross,AD Russell,4,0,,,,,,,,,
897759,2015/16,2016-01-21,Adelaide Oval,1,16.6,Adelaide Strikers,Sydney Thunder,MG Neser,AI Ross,AD Russell,2,0,,,,,,,,,
897759,2015/16,2016-01-21,Adelaide Oval,1,17.1,Adelaide Strikers,Sydney Thunder,AI Ross,MG Neser,CJ McKay,1,0,,,,,,,,,
897759,2015/16,2016-01-21,Adelaide Oval,1,17.2,Adelaide Strikers,Sydney Thunder,MG Neser,AI Ross,CJ McKay,4,0,,,,,,,,,
897759,2015/16,2016-01-21,Adelaide Oval,1,17.3,Adelaide Strikers,Sydney Thunder,MG Neser,AI Ross,CJ McKay,6,0,,,,,,,,,
897759,2015/16,2016-01-21,Adelaide Oval,1,17.4,Adelaide Strikers,Sydney Thunder,MG Neser,AI Ross,CJ McKay,2,0,,,,,,,,,
897759,2015/16,2016-01-21,Adelaide Oval,1,17.5,Adelaide Strikers,Sydney Thunder,MG Neser,AI Ross,CJ McKay,1,0,,,,,,,,,
897759,2015/16,2016-01-21,Adelaide Oval,1,17.6,Adelaide Strikers,Sydney Thunder,AI Ross,MG Neser,CJ McKay,4,0,,,,,,,,,
897759,2015/16,2016-01-21,Adelaide Oval,1,18.1,Adelaide Strikers,Sydney Thunder,MG Neser,AI Ross,AD Russell,4,0,,,,,,,,,
897759,2015/16,2016-01-21,Adelaide Oval,1,18.2,Adelaide Strikers,Sydney Thunder,MG Neser,AI Ross,AD Russell,0,0,,,,,,,,,
897759,2015/16,2016-01-21,Adelaide Oval,1,18.3,Adelaide Strikers,Sydney Thunder,MG Neser,AI Ross,AD Russell,0,0,,,,,,,,,
897759,2015/16,2016-01-21,Adelaide Oval,1,18.4,Adelaide Strikers,Sydney Thunder,MG Neser,AI Ross,AD Russell,1,0,,,,,,,,,
897759,2015/16,2016-01-21,Adelaide Oval,1,18.5,Adelaide Strikers,Sydney Thunder,AI Ross,MG Neser,AD Russell,1,0,,,,,,,,,
897759,2015/16,2016-01-21,Adelaide Oval,1,18.6,Adelaide Strikers,Sydney Thunder,MG Neser,AI Ross,AD Russell,0,0,,,,,,bowled,MG Neser,,
897759,2015/16,2016-01-21,Adelaide Oval,1,19.1,Adelaide Strikers,Sydney Thunder,AI Ross,AU Rashid,CJ McKay,2,0,,,,,,,,,
897759,2015/16,2016-01-21,Adelaide Oval,1,19.2,Adelaide Strikers,Sydney Thunder,AI Ross,AU Rashid,CJ McKay,0,0,,,,,,bowled,AI Ross,,
897759,2015/16,2016-01-21,Adelaide Oval,1,19.3,Adelaide Strikers,Sydney Thunder,B Laughlin,AU Rashid,CJ McKay,1,0,,,,,,,,,
897759,2015/16,2016-01-21,Adelaide Oval,1,19.4,Adelaide Strikers,Sydney Thunder,AU Rashid,B Laughlin,CJ McKay,4,0,,,,,,,,,
897759,2015/16,2016-01-21,Adelaide Oval,1,19.5,Adelaide Strikers,Sydney Thunder,AU Rashid,B Laughlin,CJ McKay,4,0,,,,,,,,,
897759,2015/16,2016-01-21,Adelaide Oval,1,19.6,Adelaide Strikers,Sydney Thunder,AU Rashid,B Laughlin,CJ McKay,6,0,,,,,,,,,
897759,2015/16,2016-01-21,Adelaide Oval,2,0.1,Sydney Thunder,Adelaide Strikers,UT Khawaja,SR Watson,GD Putland,0,1,,1,,,,,,,
897759,2015/16,2016-01-21,Adelaide Oval,2,0.2,Sydney Thunder,Adelaide Strikers,UT Khawaja,SR Watson,GD Putland,2,0,,,,,,,,,
897759,2015/16,2016-01-21,Adelaide Oval,2,0.3,Sydney Thunder,Adelaide Strikers,UT Khawaja,SR Watson,GD Putland,0,0,,,,,,,,,
897759,2015/16,2016-01-21,Adelaide Oval,2,0.4,Sydney Thunder,Adelaide Strikers,UT Khawaja,SR Watson,GD Putland,0,0,,,,,,,,,
897759,2015/16,2016-01-21,Adelaide Oval,2,0.5,Sydney Thunder,Adelaide Strikers,UT Khawaja,SR Watson,GD Putland,0,1,1,,,,,,,,
897759,2015/16,2016-01-21,Adelaide Oval,2,0.6,Sydney Thunder,Adelaide Strikers,UT Khawaja,SR Watson,GD Putland,2,0,,,,,,,,,
897759,2015/16,2016-01-21,Adelaide Oval,2,0.7,Sydney Thunder,Adelaide Strikers,UT Khawaja,SR Watson,GD Putland,4,0,,,,,,,,,
897759,2015/16,2016-01-21,Adelaide Oval,2,0.8,Sydney Thunder,Adelaide Strikers,UT Khawaja,SR Watson,GD Putland,0,0,,,,,,,,,
897759,2015/16,2016-01-21,Adelaide Oval,2,1.1,Sydney Thunder,Adelaide Strikers,SR Watson,UT Khawaja,JM Holland,1,0,,,,,,,,,
897759,2015/16,2016-01-21,Adelaide Oval,2,1.2,Sydney Thunder,Adelaide Strikers,UT Khawaja,SR Watson,JM Holland,4,0,,,,,,,,,
897759,2015/16,2016-01-21,Adelaide Oval,2,1.3,Sydney Thunder,Adelaide Strikers,UT Khawaja,SR Watson,JM Holland,2,0,,,,,,,,,
897759,2015/16,2016-01-21,Adelaide Oval,2,1.4,Sydney Thunder,Adelaide Strikers,UT Khawaja,SR Watson,JM Holland,4,0,,,,,,,,,
897759,2015/16,2016-01-21,Adelaide Oval,2,1.5,Sydney Thunder,Adelaide Strikers,UT Khawaja,SR Watson,JM Holland,0,0,,,,,,,,,
897759,2015/16,2016-01-21,Adelaide Oval,2,1.6,Sydney Thunder,Adelaide Strikers,UT Khawaja,SR Watson,JM Holland,4,0,,,,,,,,,
897759,2015/16,2016-01-21,Adelaide Oval,2,2.1,Sydney Thunder,Adelaide Strikers,SR Watson,UT Khawaja,GD Putland,1,0,,,,,,,,,
897759,2015/16,2016-01-21,Adelaide Oval,2,2.2,Sydney Thunder,Adelaide Strikers,UT Khawaja,SR Watson,GD Putland,0,0,,,,,,,,,
897759,2015/16,2016-01-21,Adelaide Oval,2,2.3,Sydney Thunder,Adelaide Strikers,UT Khawaja,SR Watson,GD Putland,0,0,,,,,,,,,
897759,2015/16,2016-01-21,Adelaide Oval,2,2.4,Sydney Thunder,Adelaide Strikers,UT Khawaja,SR Watson,GD Putland,4,0,,,,,,,,,
897759,2015/16,2016-01-21,Adelaide Oval,2,2.5,Sydney Thunder,Adelaide Strikers,UT Khawaja,SR Watson,GD Putland,0,0,,,,,,,,,
897759,2015/16,2016-01-21,Adelaide Oval,2,2.6,Sydney Thunder,Adelaide Strikers,UT Khawaja,SR Watson,GD Putland,4,0,,,,,,,,,
897759,2015/16,2016-01-21,Adelaide Oval,2,3.1,Sydney Thunder,Adelaide Strikers,SR Watson,UT Khawaja,MG Neser,1,0,,,,,,,,,
897759,2015/16,2016-01-21,Adelaide Oval,2,3.2,Sydney Thunder,Adelaide Strikers,UT Khawaja,SR Watson,MG Neser,6,0,,,,,,,,,
897759,2015/16,2016-01-21,Adelaide Oval,2,3.3,Sydney Thunder,Adelaide Strikers,UT Khawaja,SR Watson,MG Neser,4,0,,,,,,,,,
897759,2015/16,2016-01-21,Adelaide Oval,2,3.4,Sydney Thunder,Adelaide Strikers,UT Khawaja,SR Watson,MG Neser,4,0,,,,,,,,,
897759,2015/16,2016-01-21,Adelaide Oval,2,3.5,Sydney Thunder,Adelaide Strikers,UT Khawaja,SR Watson,MG Neser,4,0,,,,,,,,,
897759,2015/16,2016-01-21,Adelaide Oval,2,3.6,Sydney Thunder,Adelaide Strikers,UT Khawaja,SR Watson,MG Neser,0,0,,,,,,,,,
897759,2015/16,2016-01-21,Adelaide Oval,2,4.1,Sydney Thunder,Adelaide Strikers,SR Watson,UT Khawaja,B Laughlin,0,0,,,,,,,,,
897759,2015/16,2016-01-21,Adelaide Oval,2,4.2,Sydney Thunder,Adelaide Strikers,SR Watson,UT Khawaja,B Laughlin,0,0,,,,,,,,,
897759,2015/16,2016-01-21,Adelaide Oval,2,4.3,Sydney Thunder,Adelaide Strikers,SR Watson,UT Khawaja,B Laughlin,4,0,,,,,,,,,
897759,2015/16,2016-01-21,Adelaide Oval,2,4.4,Sydney Thunder,Adelaide Strikers,SR Watson,UT Khawaja,B Laughlin,0,0,,,,,,,,,
897759,2015/16,2016-01-21,Adelaide Oval,2,4.5,Sydney Thunder,Adelaide Strikers,SR Watson,UT Khawaja,B Laughlin,0,0,,,,,,caught,SR Watson,,
897759,2015/16,2016-01-21,Adelaide Oval,2,4.6,Sydney Thunder,Adelaide Strikers,MEK Hussey,UT Khawaja,B Laughlin,0,0,,,,,,,,,
897759,2015/16,2016-01-21,Adelaide Oval,2,5.1,Sydney Thunder,Adelaide Strikers,UT Khawaja,MEK Hussey,TM Head,1,0,,,,,,,,,
897759,2015/16,2016-01-21,Adelaide Oval,2,5.2,Sydney Thunder,Adelaide Strikers,MEK Hussey,UT Khawaja,TM Head,1,0,,,,,,,,,
897759,2015/16,2016-01-21,Adelaide Oval,2,5.3,Sydney Thunder,Adelaide Strikers,UT Khawaja,MEK Hussey,TM Head,1,0,,,,,,,,,
897759,2015/16,2016-01-21,Adelaide Oval,2,5.4,Sydney Thunder,Adelaide Strikers,MEK Hussey,UT Khawaja,TM Head,3,0,,,,,,,,,
897759,2015/16,2016-01-21,Adelaide Oval,2,5.5,Sydney Thunder,Adelaide Strikers,UT Khawaja,MEK Hussey,TM Head,1,0,,,,,,,,,
897759,2015/16,2016-01-21,Adelaide Oval,2,5.6,Sydney Thunder,Adelaide Strikers,MEK Hussey,UT Khawaja,TM Head,0,0,,,,,,,,,
897759,2015/16,2016-01-21,Adelaide Oval,2,6.1,Sydney Thunder,Adelaide Strikers,UT Khawaja,MEK Hussey,MG Neser,1,0,,,,,,,,,
897759,2015/16,2016-01-21,Adelaide Oval,2,6.2,Sydney Thunder,Adelaide Strikers,MEK Hussey,UT Khawaja,MG Neser,1,0,,,,,,,,,
897759,2015/16,2016-01-21,Adelaide Oval,2,6.3,Sydney Thunder,Adelaide Strikers,UT Khawaja,MEK Hussey,MG Neser,1,0,,,,,,,,,
897759,2015/16,2016-01-21,Adelaide Oval,2,6.4,Sydney Thunder,Adelaide Strikers,MEK Hussey,UT Khawaja,MG Neser,1,0,,,,,,,,,
897759,2015/16,2016-01-21,Adelaide Oval,2,6.5,Sydney Thunder,Adelaide Strikers,UT Khawaja,MEK Hussey,MG Neser,1,0,,,,,,,,,
897759,2015/16,2016-01-21,Adelaide Oval,2,6.6,Sydney Thunder,Adelaide Strikers,MEK Hussey,UT Khawaja,MG Neser,1,0,,,,,,,,,
897759,2015/16,2016-01-21,Adelaide Oval,2,7.1,Sydney Thunder,Adelaide Strikers,MEK Hussey,UT Khawaja,TM Head,0,0,,,,,,,,,
897759,2015/16,2016-01-21,Adelaide Oval,2,7.2,Sydney Thunder,Adelaide Strikers,MEK Hussey,UT Khawaja,TM Head,2,0,,,,,,,,,
897759,2015/16,2016-01-21,Adelaide Oval,2,7.3,Sydney Thunder,Adelaide Strikers,MEK Hussey,UT Khawaja,TM Head,1,0,,,,,,,,,
897759,2015/16,2016-01-21,Adelaide Oval,2,7.4,Sydney Thunder,Adelaide Strikers,UT Khawaja,MEK Hussey,TM Head,6,0,,,,,,,,,
897759,2015/16,2016-01-21,Adelaide Oval,2,7.5,Sydney Thunder,Adelaide Strikers,UT Khawaja,MEK Hussey,TM Head,4,0,,,,,,,,,
897759,2015/16,2016-01-21,Adelaide Oval,2,7.6,Sydney Thunder,Adelaide Strikers,UT Khawaja,MEK Hussey,TM Head,1,0,,,,,,,,,
897759,2015/16,2016-01-21,Adelaide Oval,2,8.1,Sydney Thunder,Adelaide Strikers,UT Khawaja,MEK Hussey,AU Rashid,1,0,,,,,,,,,
897759,2015/16,2016-01-21,Adelaide Oval,2,8.2,Sydney Thunder,Adelaide Strikers,MEK Hussey,UT Khawaja,AU Rashid,1,0,,,,,,,,,
897759,2015/16,2016-01-21,Adelaide Oval,2,8.3,Sydney Thunder,Adelaide Strikers,UT Khawaja,MEK Hussey,AU Rashid,1,0,,,,,,,,,
897759,2015/16,2016-01-21,Adelaide Oval,2,8.4,Sydney Thunder,Adelaide Strikers,MEK Hussey,UT Khawaja,AU Rashid,0,0,,,,,,,,,
897759,2015/16,2016-01-21,Adelaide Oval,2,8.5,Sydney Thunder,Adelaide Strikers,MEK Hussey,UT Khawaja,AU Rashid,0,0,,,,,,caught,MEK Hussey,,
897759,2015/16,2016-01-21,Adelaide Oval,2,8.6,Sydney Thunder,Adelaide Strikers,HM Nicholls,UT Khawaja,AU Rashid,1,0,,,,,,,,,
897759,2015/16,2016-01-21,Adelaide Oval,2,9.1,Sydney Thunder,Adelaide Strikers,HM Nicholls,UT Khawaja,GD Putland,0,0,,,,,,,,,
897759,2015/16,2016-01-21,Adelaide Oval,2,9.2,Sydney Thunder,Adelaide Strikers,HM Nicholls,UT Khawaja,GD Putland,0,1,,,,1,,,,,
897759,2015/16,2016-01-21,Adelaide Oval,2,9.3,Sydney Thunder,Adelaide Strikers,UT Khawaja,HM Nicholls,GD Putland,1,0,,,,,,,,,
897759,2015/16,2016-01-21,Adelaide Oval,2,9.4,Sydney Thunder,Adelaide Strikers,HM Nicholls,UT Khawaja,GD Putland,0,0,,,,,,,,,
897759,2015/16,2016-01-21,Adelaide Oval,2,9.5,Sydney Thunder,Adelaide Strikers,HM Nicholls,UT Khawaja,GD Putland,0,0,,,,,,,,,
897759,2015/16,2016-01-21,Adelaide Oval,2,9.6,Sydney Thunder,Adelaide Strikers,HM Nicholls,UT Khawaja,GD Putland,1,0,,,,,,,,,
897759,2015/16,2016-01-21,Adelaide Oval,2,10.1,Sydney Thunder,Adelaide Strikers,HM Nicholls,UT Khawaja,AU Rashid,1,0,,,,,,,,,
897759,2015/16,2016-01-21,Adelaide Oval,2,10.2,Sydney Thunder,Adelaide Strikers,UT Khawaja,HM Nicholls,AU Rashid,4,0,,,,,,,,,
897759,2015/16,2016-01-21,Adelaide Oval,2,10.3,Sydney Thunder,Adelaide Strikers,UT Khawaja,HM Nicholls,AU Rashid,2,0,,,,,,,,,
897759,2015/16,2016-01-21,Adelaide Oval,2,10.4,Sydney Thunder,Adelaide Strikers,UT Khawaja,HM Nicholls,AU Rashid,3,0,,,,,,,,,
897759,2015/16,2016-01-21,Adelaide Oval,2,10.5,Sydney Thunder,Adelaide Strikers,HM Nicholls,UT Khawaja,AU Rashid,1,0,,,,,,,,,
897759,2015/16,2016-01-21,Adelaide Oval,2,10.6,Sydney Thunder,Adelaide Strikers,UT Khawaja,HM Nicholls,AU Rashid,1,0,,,,,,,,,
897759,2015/16,2016-01-21,Adelaide Oval,2,11.1,Sydney Thunder,Adelaide Strikers,UT Khawaja,HM Nicholls,B Laughlin,0,0,,,,,,,,,
897759,2015/16,2016-01-21,Adelaide Oval,2,11.2,Sydney Thunder,Adelaide Strikers,UT Khawaja,HM Nicholls,B Laughlin,1,0,,,,,,,,,
897759,2015/16,2016-01-21,Adelaide Oval,2,11.3,Sydney Thunder,Adelaide Strikers,HM Nicholls,UT Khawaja,B Laughlin,2,0,,,,,,,,,
897759,2015/16,2016-01-21,Adelaide Oval,2,11.4,Sydney Thunder,Adelaide Strikers,HM Nicholls,UT Khawaja,B Laughlin,1,0,,,,,,,,,
897759,2015/16,2016-01-21,Adelaide Oval,2,11.5,Sydney Thunder,Adelaide Strikers,UT Khawaja,HM Nicholls,B Laughlin,1,0,,,,,,,,,
897759,2015/16,2016-01-21,Adelaide Oval,2,11.6,Sydney Thunder,Adelaide Strikers,HM Nicholls,UT Khawaja,B Laughlin,1,0,,,,,,,,,
897759,2015/16,2016-01-21,Adelaide Oval,2,12.1,Sydney Thunder,Adelaide Strikers,HM Nicholls,UT Khawaja,MG Neser,1,0,,,,,,,,,
897759,2015/16,2016-01-21,Adelaide Oval,2,12.2,Sydney Thunder,Adelaide Strikers,UT Khawaja,HM Nicholls,MG Neser,0,0,,,,,,,,,
897759,2015/16,2016-01-21,Adelaide Oval,2,12.3,Sydney Thunder,Adelaide Strikers,UT Khawaja,HM Nicholls,MG Neser,4,0,,,,,,,,,
897759,2015/16,2016-01-21,Adelaide Oval,2,12.4,Sydney Thunder,Adelaide Strikers,UT Khawaja,HM Nicholls,MG Neser,1,0,,,,,,,,,
897759,2015/16,2016-01-21,Adelaide Oval,2,12.5,Sydney Thunder,Adelaide Strikers,HM Nicholls,UT Khawaja,MG Neser,0,0,,,,,,,,,
897759,2015/16,2016-01-21,Adelaide Oval,2,12.6,Sydney Thunder,Adelaide Strikers,HM Nicholls,UT Khawaja,MG Neser,2,0,,,,,,,,,
897759,2015/16,2016-01-21,Adelaide Oval,2,13.1,Sydney Thunder,Adelaide Strikers,UT Khawaja,HM Nicholls,JM Holland,1,0,,,,,,,,,
897759,2015/16,2016-01-21,Adelaide Oval,2,13.2,Sydney Thunder,Adelaide Strikers,HM Nicholls,UT Khawaja,JM Holland,1,0,,,,,,,,,
897759,2015/16,2016-01-21,Adelaide Oval,2,13.3,Sydney Thunder,Adelaide Strikers,UT Khawaja,HM Nicholls,JM Holland,0,0,,,,,,,,,
897759,2015/16,2016-01-21,Adelaide Oval,2,13.4,Sydney Thunder,Adelaide Strikers,UT Khawaja,HM Nicholls,JM Holland,1,0,,,,,,,,,
897759,2015/16,2016-01-21,Adelaide Oval,2,13.5,Sydney Thunder,Adelaide Strikers,HM Nicholls,UT Khawaja,JM Holland,1,0,,,,,,,,,
897759,2015/16,2016-01-21,Adelaide Oval,2,13.6,Sydney Thunder,Adelaide Strikers,UT Khawaja,HM Nicholls,JM Holland,0,0,,,,,,,,,
897759,2015/16,2016-01-21,Adelaide Oval,2,14.1,Sydney Thunder,Adelaide Strikers,HM Nicholls,UT Khawaja,GD Putland,1,0,,,,,,,,,
897759,2015/16,2016-01-21,Adelaide Oval,2,14.2,Sydney Thunder,Adelaide Strikers,UT Khawaja,HM Nicholls,GD Putland,4,0,,,,,,,,,
897759,2015/16,2016-01-21,Adelaide Oval,2,14.3,Sydney Thunder,Adelaide Strikers,UT Khawaja,HM Nicholls,GD Putland,1,0,,,,,,,,,
897759,2015/16,2016-01-21,Adelaide Oval,2,14.4,Sydney Thunder,Adelaide Strikers,HM Nicholls,UT Khawaja,GD Putland,6,0,,,,,,,,,
897759,2015/16,2016-01-21,Adelaide Oval,2,14.5,Sydney Thunder,Adelaide Strikers,HM Nicholls,UT Khawaja,GD Putland,4,0,,,,,,,,,
897759,2015/16,2016-01-21,Adelaide Oval,2,14.6,Sydney Thunder,Adelaide Strikers,HM Nicholls,UT Khawaja,GD Putland,0,0,,,,,,,,,
897759,2015/16,2016-01-21,Adelaide Oval,2,15.1,Sydney Thunder,Adelaide Strikers,UT Khawaja,HM Nicholls,AU Rashid,0,0,,,,,,,,,
897759,2015/16,2016-01-21,Adelaide Oval,2,15.2,Sydney Thunder,Adelaide Strikers,UT Khawaja,HM Nicholls,AU Rashid,0,0,,,,,,,,,
897759,2015/16,2016-01-21,Adelaide Oval,2,15.3,Sydney Thunder,Adelaide Strikers,UT Khawaja,HM Nicholls,AU Rashid,1,0,,,,,,,,,
897759,2015/16,2016-01-21,Adelaide Oval,2,15.4,Sydney Thunder,Adelaide Strikers,HM Nicholls,UT Khawaja,AU Rashid,0,0,,,,,,,,,
897759,2015/16,2016-01-21,Adelaide Oval,2,15.5,Sydney Thunder,Adelaide Strikers,HM Nicholls,UT Khawaja,AU Rashid,2,0,,,,,,,,,
897759,2015/16,2016-01-21,Adelaide Oval,2,15.6,Sydney Thunder,Adelaide Strikers,HM Nicholls,UT Khawaja,AU Rashid,0,0,,,,,,,,,
897759,2015/16,2016-01-21,Adelaide Oval,2,16.1,Sydney Thunder,Adelaide Strikers,UT Khawaja,HM Nicholls,B Laughlin,1,0,,,,,,,,,
897759,2015/16,2016-01-21,Adelaide Oval,2,16.2,Sydney Thunder,Adelaide Strikers,HM Nicholls,UT Khawaja,B Laughlin,1,0,,,,,,,,,
897759,2015/16,2016-01-21,Adelaide Oval,2,16.3,Sydney Thunder,Adelaide Strikers,UT Khawaja,HM Nicholls,B Laughlin,6,0,,,,,,,,,
897759,2015/16,2016-01-21,Adelaide Oval,2,16.4,Sydney Thunder,Adelaide Strikers,UT Khawaja,HM Nicholls,B Laughlin,1,0,,,,,,,,,
897759,2015/16,2016-01-21,Adelaide Oval,2,16.5,Sydney Thunder,Adelaide Strikers,HM Nicholls,UT Khawaja,B Laughlin,1,0,,,,,,,,,
897759,2015/16,2016-01-21,Adelaide Oval,2,16.6,Sydney Thunder,Adelaide Strikers,UT Khawaja,HM Nicholls,B Laughlin,1,0,,,,,,,,,
897759,2015/16,2016-01-21,Adelaide Oval,2,17.1,Sydney Thunder,Adelaide Strikers,UT Khawaja,HM Nicholls,AU Rashid,1,0,,,,,,,,,
897759,2015/16,2016-01-21,Adelaide Oval,2,17.2,Sydney Thunder,Adelaide Strikers,HM Nicholls,UT Khawaja,AU Rashid,6,0,,,,,,,,,
897759,2015/16,2016-01-21,Adelaide Oval,2,17.3,Sydney Thunder,Adelaide Strikers,HM Nicholls,UT Khawaja,AU Rashid,1,0,,,,,,,,,
897759,2015/16,2016-01-21,Adelaide Oval,2,17.4,Sydney Thunder,Adelaide Strikers,UT Khawaja,HM Nicholls,AU Rashid,1,0,,,,,,,,,
