match_id,season,start_date,venue,innings,ball,batting_team,bowling_team,striker,non_striker,bowler,runs_off_bat,extras,wides,noballs,byes,legbyes,penalty,wicket_type,player_dismissed,other_wicket_type,other_player_dismissed
897709,2015/16,2015-12-23,Docklands Stadium,1,0.1,Melbourne Renegades,Sydney Sixers,AJ Finch,CH Gayle,DE Bollinger,4,0,,,,,,,,,
897709,2015/16,2015-12-23,Docklands Stadium,1,0.2,Melbourne Renegades,Sydney Sixers,AJ Finch,CH Gayle,DE Bollinger,0,1,,,,1,,,,,
897709,2015/16,2015-12-23,Docklands Stadium,1,0.3,Melbourne Renegades,Sydney Sixers,CH Gayle,AJ Finch,DE Bollinger,0,0,,,,,,,,,
897709,2015/16,2015-12-23,Docklands Stadium,1,0.4,Melbourne Renegades,Sydney Sixers,CH Gayle,AJ Finch,DE Bollinger,0,0,,,,,,,,,
897709,2015/16,2015-12-23,Docklands Stadium,1,0.5,Melbourne Renegades,Sydney Sixers,CH Gayle,AJ Finch,DE Bollinger,1,0,,,,,,,,,
897709,2015/16,2015-12-23,Docklands Stadium,1,0.6,Melbourne Renegades,Sydney Sixers,AJ Finch,CH Gayle,DE Bollinger,0,0,,,,,,,,,
897709,2015/16,2015-12-23,Docklands Stadium,1,1.1,Melbourne Renegades,Sydney Sixers,CH Gayle,AJ Finch,JM Bird,1,0,,,,,,,,,
897709,2015/16,2015-12-23,Docklands Stadium,1,1.2,Melbourne Renegades,Sydney Sixers,AJ Finch,CH Gayle,JM Bird,4,0,,,,,,,,,
897709,2015/16,2015-12-23,Docklands Stadium,1,1.3,Melbourne Renegades,Sydney Sixers,AJ Finch,CH Gayle,JM Bird,0,0,,,,,,,,,
897709,2015/16,2015-12-23,Docklands Stadium,1,1.4,Melbourne Renegades,Sydney Sixers,AJ Finch,CH Gayle,JM Bird,0,0,,,,,,,,,
897709,2015/16,2015-12-23,Docklands Stadium,1,1.5,Melbourne Renegades,Sydney Sixers,AJ Finch,CH Gayle,JM Bird,0,0,,,,,,,,,
897709,2015/16,2015-12-23,Docklands Stadium,1,1.6,Melbourne Renegades,Sydney Sixers,AJ Finch,CH Gayle,JM Bird,0,0,,,,,,,,,
897709,2015/16,2015-12-23,Docklands Stadium,1,2.1,Melbourne Renegades,Sydney Sixers,CH Gayle,AJ Finch,DE Bollinger,1,0,,,,,,,,,
897709,2015/16,2015-12-23,Docklands Stadium,1,2.2,Melbourne Renegades,Sydney Sixers,AJ Finch,CH Gayle,DE Bollinger,4,0,,,,,,,,,
897709,2015/16,2015-12-23,Docklands Stadium,1,2.3,Melbourne Renegades,Sydney Sixers,AJ Finch,CH Gayle,DE Bollinger,1,0,,,,,,,,,
897709,2015/16,2015-12-23,Docklands Stadium,1,2.4,Melbourne Renegades,Sydney Sixers,CH Gayle,AJ Finch,DE Bollinger,0,0,,,,,,,,,
897709,2015/16,2015-12-23,Docklands Stadium,1,2.5,Melbourne Renegades,Sydney Sixers,CH Gayle,AJ Finch,DE Bollinger,1,0,,,,,,,,,
897709,2015/16,2015-12-23,Docklands Stadium,1,2.6,Melbourne Renegades,Sydney Sixers,AJ Finch,CH Gayle,DE Bollinger,0,0,,,,,,caught,AJ Finch,,
897709,2015/16,2015-12-23,Docklands Stadium,1,3.1,Melbourne Renegades,Sydney Sixers,CH Gayle,CL White,JM Bird,1,0,,,,,,,,,
897709,2015/16,2015-12-23,Docklands Stadium,1,3.2,Melbourne Renegades,Sydney Sixers,CL White,CH Gayle,JM Bird,0,0,,,,,,,,,
897709,2015/16,2015-12-23,Docklands Stadium,1,3.3,Melbourne Renegades,Sydney Sixers,CL White,CH Gayle,JM Bird,1,0,,,,,,,,,
897709,2015/16,2015-12-23,Docklands Stadium,1,3.4,Melbourne Renegades,Sydney Sixers,CH Gayle,CL White,JM Bird,0,0,,,,,,,,,
897709,2015/16,2015-12-23,Docklands Stadium,1,3.5,Melbourne Renegades,Sydney Sixers,CH Gayle,CL White,JM Bird,1,0,,,,,,,,,
897709,2015/16,2015-12-23,Docklands Stadium,1,3.6,Melbourne Renegades,Sydney Sixers,CL White,CH Gayle,JM Bird,0,0,,,,,,,,,
897709,2015/16,2015-12-23,Docklands Stadium,1,4.1,Melbourne Renegades,Sydney Sixers,CH Gayle,CL White,TL Lawford,0,0,,,,,,,,,
897709,2015/16,2015-12-23,Docklands Stadium,1,4.2,Melbourne Renegades,Sydney Sixers,CH Gayle,CL White,TL Lawford,4,0,,,,,,,,,
897709,2015/16,2015-12-23,Docklands Stadium,1,4.3,Melbourne Renegades,Sydney Sixers,CH Gayle,CL White,TL Lawford,1,0,,,,,,,,,
897709,2015/16,2015-12-23,Docklands Stadium,1,4.4,Melbourne Renegades,Sydney Sixers,CL White,CH Gayle,TL Lawford,0,0,,,,,,,,,
897709,2015/16,2015-12-23,Docklands Stadium,1,4.5,Melbourne Renegades,Sydney Sixers,CL White,CH Gayle,TL Lawford,1,0,,,,,,,,,
897709,2015/16,2015-12-23,Docklands Stadium,1,4.6,Melbourne Renegades,Sydney Sixers,CH Gayle,CL White,TL Lawford,1,0,,,,,,,,,
897709,2015/16,2015-12-23,Docklands Stadium,1,5.1,Melbourne Renegades,Sydney Sixers,CH Gayle,CL White,JM Bird,6,0,,,,,,,,,
897709,2015/16,2015-12-23,Docklands Stadium,1,5.2,Melbourne Renegades,Sydney Sixers,CH Gayle,CL White,JM Bird,0,0,,,,,,,,,
897709,2015/16,2015-12-23,Docklands Stadium,1,5.3,Melbourne Renegades,Sydney Sixers,CH Gayle,CL White,JM Bird,4,0,,,,,,,,,
897709,2015/16,2015-12-23,Docklands Stadium,1,5.4,Melbourne Renegades,Sydney Sixers,CH Gayle,CL White,JM Bird,1,0,,,,,,,,,
897709,2015/16,2015-12-23,Docklands Stadium,1,5.5,Melbourne Renegades,Sydney Sixers,CL White,CH Gayle,JM Bird,4,0,,,,,,,,,
897709,2015/16,2015-12-23,Docklands Stadium,1,5.6,Melbourne Renegades,Sydney Sixers,CL White,CH Gayle,JM Bird,0,0,,,,,,,,,
897709,2015/16,2015-12-23,Docklands Stadium,1,6.1,Melbourne Renegades,Sydney Sixers,CH Gayle,CL White,MC Henriques,1,0,,,,,,,,,
897709,2015/16,2015-12-23,Docklands Stadium,1,6.2,Melbourne Renegades,Sydney Sixers,CL White,CH Gayle,MC Henriques,4,0,,,,,,,,,
897709,2015/16,2015-12-23,Docklands Stadium,1,6.3,Melbourne Renegades,Sydney Sixers,CL White,CH Gayle,MC Henriques,1,0,,,,,,,,,
897709,2015/16,2015-12-23,Docklands Stadium,1,6.4,Melbourne Renegades,Sydney Sixers,CH Gayle,CL White,MC Henriques,1,0,,,,,,,,,
897709,2015/16,2015-12-23,Docklands Stadium,1,6.5,Melbourne Renegades,Sydney Sixers,CL White,CH Gayle,MC Henriques,1,0,,,,,,,,,
897709,2015/16,2015-12-23,Docklands Stadium,1,6.6,Melbourne Renegades,Sydney Sixers,CH Gayle,CL White,MC Henriques,1,0,,,,,,,,,
897709,2015/16,2015-12-23,Docklands Stadium,1,7.1,Melbourne Renegades,Sydney Sixers,CH Gayle,CL White,SA Abbott,0,1,1,,,,,,,,
897709,2015/16,2015-12-23,Docklands Stadium,1,7.2,Melbourne Renegades,Sydney Sixers,CH Gayle,CL White,SA Abbott,6,0,,,,,,,,,
897709,2015/16,2015-12-23,Docklands Stadium,1,7.3,Melbourne Renegades,Sydney Sixers,CH Gayle,CL White,SA Abbott,6,0,,,,,,,,,
897709,2015/16,2015-12-23,Docklands Stadium,1,7.4,Melbourne Renegades,Sydney Sixers,CH Gayle,CL White,SA Abbott,1,0,,,,,,,,,
897709,2015/16,2015-12-23,Docklands Stadium,1,7.5,Melbourne Renegades,Sydney Sixers,CL White,CH Gayle,SA Abbott,0,0,,,,,,,,,
897709,2015/16,2015-12-23,Docklands Stadium,1,7.6,Melbourne Renegades,Sydney Sixers,CL White,CH Gayle,SA Abbott,1,0,,,,,,,,,
897709,2015/16,2015-12-23,Docklands Stadium,1,7.7,Melbourne Renegades,Sydney Sixers,CH Gayle,CL White,SA Abbott,0,0,,,,,,,,,
897709,2015/16,2015-12-23,Docklands Stadium,1,8.1,Melbourne Renegades,Sydney Sixers,CL White,CH Gayle,TL Lawford,1,0,,,,,,,,,
897709,2015/16,2015-12-23,Docklands Stadium,1,8.2,Melbourne Renegades,Sydney Sixers,CH Gayle,CL White,TL Lawford,1,0,,,,,,,,,
897709,2015/16,2015-12-23,Docklands Stadium,1,8.3,Melbourne Renegades,Sydney Sixers,CL White,CH Gayle,TL Lawford,0,0,,,,,,,,,
897709,2015/16,2015-12-23,Docklands Stadium,1,8.4,Melbourne Renegades,Sydney Sixers,CL White,CH Gayle,TL Lawford,0,0,,,,,,,,,
897709,2015/16,2015-12-23,Docklands Stadium,1,8.5,Melbourne Renegades,Sydney Sixers,CL White,CH Gayle,TL Lawford,1,0,,,,,,,,,
897709,2015/16,2015-12-23,Docklands Stadium,1,8.6,Melbourne Renegades,Sydney Sixers,CH Gayle,CL White,TL Lawford,4,0,,,,,,,,,
897709,2015/16,2015-12-23,Docklands Stadium,1,9.1,Melbourne Renegades,Sydney Sixers,CL White,CH Gayle,MC Henriques,0,0,,,,,,caught,CL White,,
897709,2015/16,2015-12-23,Docklands Stadium,1,9.2,Melbourne Renegades,Sydney Sixers,CH Gayle,DJ Bravo,MC Henriques,0,0,,,,,,,,,
897709,2015/16,2015-12-23,Docklands Stadium,1,9.3,Melbourne Renegades,Sydney Sixers,CH Gayle,DJ Bravo,MC Henriques,1,0,,,,,,,,,
897709,2015/16,2015-12-23,Docklands Stadium,1,9.4,Melbourne Renegades,Sydney Sixers,DJ Bravo,CH Gayle,MC Henriques,1,0,,,,,,,,,
897709,2015/16,2015-12-23,Docklands Stadium,1,9.5,Melbourne Renegades,Sydney Sixers,CH Gayle,DJ Bravo,MC Henriques,0,0,,,,,,,,,
897709,2015/16,2015-12-23,Docklands Stadium,1,9.6,Melbourne Renegades,Sydney Sixers,CH Gayle,DJ Bravo,MC Henriques,0,1,1,,,,,,,,
897709,2015/16,2015-12-23,Docklands Stadium,1,9.7,Melbourne Renegades,Sydney Sixers,CH Gayle,DJ Bravo,MC Henriques,0,0,,,,,,,,,
897709,2015/16,2015-12-23,Docklands Stadium,1,10.1,Melbourne Renegades,Sydney Sixers,DJ Bravo,CH Gayle,J Botha,1,0,,,,,,,,,
897709,2015/16,2015-12-23,Docklands Stadium,1,10.2,Melbourne Renegades,Sydney Sixers,CH Gayle,DJ Bravo,J Botha,1,0,,,,,,,,,
897709,2015/16,2015-12-23,Docklands Stadium,1,10.3,Melbourne Renegades,Sydney Sixers,DJ Bravo,CH Gayle,J Botha,1,0,,,,,,,,,
897709,2015/16,2015-12-23,Docklands Stadium,1,10.4,Melbourne Renegades,Sydney Sixers,CH Gayle,DJ Bravo,J Botha,0,0,,,,,,caught,CH Gayle,,
897709,2015/16,2015-12-23,Docklands Stadium,1,10.5,Melbourne Renegades,Sydney Sixers,MS Wade,DJ Bravo,J Botha,0,0,,,,,,,,,
897709,2015/16,2015-12-23,Docklands Stadium,1,10.6,Melbourne Renegades,Sydney Sixers,MS Wade,DJ Bravo,J Botha,0,0,,,,,,,,,
897709,2015/16,2015-12-23,Docklands Stadium,1,11.1,Melbourne Renegades,Sydney Sixers,DJ Bravo,MS Wade,MC Henriques,0,0,,,,,,,,,
897709,2015/16,2015-12-23,Docklands Stadium,1,11.2,Melbourne Renegades,Sydney Sixers,DJ Bravo,MS Wade,MC Henriques,0,1,1,,,,,,,,
897709,2015/16,2015-12-23,Docklands Stadium,1,11.3,Melbourne Renegades,Sydney Sixers,DJ Bravo,MS Wade,MC Henriques,1,0,,,,,,,,,
897709,2015/16,2015-12-23,Docklands Stadium,1,11.4,Melbourne Renegades,Sydney Sixers,MS Wade,DJ Bravo,MC Henriques,0,0,,,,,,,,,
897709,2015/16,2015-12-23,Docklands Stadium,1,11.5,Melbourne Renegades,Sydney Sixers,MS Wade,DJ Bravo,MC Henriques,1,0,,,,,,,,,
897709,2015/16,2015-12-23,Docklands Stadium,1,11.6,Melbourne Renegades,Sydney Sixers,DJ Bravo,MS Wade,MC Henriques,0,0,,,,,,,,,
897709,2015/16,2015-12-23,Docklands Stadium,1,11.7,Melbourne Renegades,Sydney Sixers,DJ Bravo,MS Wade,MC Henriques,0,0,,,,,,,,,
897709,2015/16,2015-12-23,Docklands Stadium,1,12.1,Melbourne Renegades,Sydney Sixers,MS Wade,DJ Bravo,J Botha,2,0,,,,,,,,,
897709,2015/16,2015-12-23,Docklands Stadium,1,12.2,Melbourne Renegades,Sydney Sixers,MS Wade,DJ Bravo,J Botha,0,0,,,,,,,,,
897709,2015/16,2015-12-23,Docklands Stadium,1,12.3,Melbourne Renegades,Sydney Sixers,MS Wade,DJ Bravo,J Botha,1,0,,,,,,,,,
897709,2015/16,2015-12-23,Docklands Stadium,1,12.4,Melbourne Renegades,Sydney Sixers,DJ Bravo,MS Wade,J Botha,6,0,,,,,,,,,
897709,2015/16,2015-12-23,Docklands Stadium,1,12.5,Melbourne Renegades,Sydney Sixers,DJ Bravo,MS Wade,J Botha,0,0,,,,,,,,,
897709,2015/16,2015-12-23,Docklands Stadium,1,12.6,Melbourne Renegades,Sydney Sixers,DJ Bravo,MS Wade,J Botha,1,0,,,,,,,,,
897709,2015/16,2015-12-23,Docklands Stadium,1,13.1,Melbourne Renegades,Sydney Sixers,DJ Bravo,MS Wade,SA Abbott,1,0,,,,,,,,,
897709,2015/16,2015-12-23,Docklands Stadium,1,13.2,Melbourne Renegades,Sydney Sixers,MS Wade,DJ Bravo,SA Abbott,0,0,,,,,,bowled,MS Wade,,
897709,2015/16,2015-12-23,Docklands Stadium,1,13.3,Melbourne Renegades,Sydney Sixers,TM Beaton,DJ Bravo,SA Abbott,1,0,,,,,,,,,
897709,2015/16,2015-12-23,Docklands Stadium,1,13.4,Melbourne Renegades,Sydney Sixers,DJ Bravo,TM Beaton,SA Abbott,0,0,,,,,,,,,
897709,2015/16,2015-12-23,Docklands Stadium,1,13.5,Melbourne Renegades,Sydney Sixers,DJ Bravo,TM Beaton,SA Abbott,0,0,,,,,,,,,
897709,2015/16,2015-12-23,Docklands Stadium,1,13.6,Melbourne Renegades,Sydney Sixers,DJ Bravo,TM Beaton,SA Abbott,1,0,,,,,,,,,
897709,2015/16,2015-12-23,Docklands Stadium,1,14.1,Melbourne Renegades,Sydney Sixers,DJ Bravo,TM Beaton,JM Bird,1,0,,,,,,,,,
897709,2015/16,2015-12-23,Docklands Stadium,1,14.2,Melbourne Renegades,Sydney Sixers,TM Beaton,DJ Bravo,JM Bird,1,0,,,,,,,,,
897709,2015/16,2015-12-23,Docklands Stadium,1,14.3,Melbourne Renegades,Sydney Sixers,DJ Bravo,TM Beaton,JM Bird,2,0,,,,,,,,,
897709,2015/16,2015-12-23,Docklands Stadium,1,14.4,Melbourne Renegades,Sydney Sixers,DJ Bravo,TM Beaton,JM Bird,2,0,,,,,,,,,
897709,2015/16,2015-12-23,Docklands Stadium,1,14.5,Melbourne Renegades,Sydney Sixers,DJ Bravo,TM Beaton,JM Bird,0,1,,,,1,,,,,
897709,2015/16,2015-12-23,Docklands Stadium,1,14.6,Melbourne Renegades,Sydney Sixers,TM Beaton,DJ Bravo,JM Bird,1,0,,,,,,,,,
897709,2015/16,2015-12-23,Docklands Stadium,1,15.1,Melbourne Renegades,Sydney Sixers,TM Beaton,DJ Bravo,TL Lawford,1,0,,,,,,,,,
897709,2015/16,2015-12-23,Docklands Stadium,1,15.2,Melbourne Renegades,Sydney Sixers,DJ Bravo,TM Beaton,TL Lawford,1,0,,,,,,,,,
897709,2015/16,2015-12-23,Docklands Stadium,1,15.3,Melbourne Renegades,Sydney Sixers,TM Beaton,DJ Bravo,TL Lawford,4,0,,,,,,,,,
897709,2015/16,2015-12-23,Docklands Stadium,1,15.4,Melbourne Renegades,Sydney Sixers,TM Beaton,DJ Bravo,TL Lawford,2,0,,,,,,,,,
897709,2015/16,2015-12-23,Docklands Stadium,1,15.5,Melbourne Renegades,Sydney Sixers,TM Beaton,DJ Bravo,TL Lawford,4,0,,,,,,,,,
897709,2015/16,2015-12-23,Docklands Stadium,1,15.6,Melbourne Renegades,Sydney Sixers,TM Beaton,DJ Bravo,TL Lawford,1,0,,,,,,,,,
897709,2015/16,2015-12-23,Docklands Stadium,1,16.1,Melbourne Renegades,Sydney Sixers,TM Beaton,DJ Bravo,DE Bollinger,6,0,,,,,,,,,
897709,2015/16,2015-12-23,Docklands Stadium,1,16.2,Melbourne Renegades,Sydney Sixers,TM Beaton,DJ Bravo,DE Bollinger,1,0,,,,,,,,,
897709,2015/16,2015-12-23,Docklands Stadium,1,16.3,Melbourne Renegades,Sydney Sixers,DJ Bravo,TM Beaton,DE Bollinger,1,0,,,,,,,,,
897709,2015/16,2015-12-23,Docklands Stadium,1,16.4,Melbourne Renegades,Sydney Sixers,TM Beaton,DJ Bravo,DE Bollinger,0,0,,,,,,,,,
897709,2015/16,2015-12-23,Docklands Stadium,1,16.5,Melbourne Renegades,Sydney Sixers,TM Beaton,DJ Bravo,DE Bollinger,1,0,,,,,,,,,
897709,2015/16,2015-12-23,Docklands Stadium,1,16.6,Melbourne Renegades,Sydney Sixers,DJ Bravo,TM Beaton,DE Bollinger,2,0,,,,,,,,,
897709,2015/16,2015-12-23,Docklands Stadium,1,17.1,Melbourne Renegades,Sydney Sixers,TM Beaton,DJ Bravo,SA Abbott,6,0,,,,,,,,,
897709,2015/16,2015-12-23,Docklands Stadium,1,17.2,Melbourne Renegades,Sydney Sixers,TM Beaton,DJ Bravo,SA Abbott,2,0,,,,,,,,,
897709,2015/16,2015-12-23,Docklands Stadium,1,17.3,Melbourne Renegades,Sydney Sixers,TM Beaton,DJ Bravo,SA Abbott,1,0,,,,,,,,,
897709,2015/16,2015-12-23,Docklands Stadium,1,17.4,Melbourne Renegades,Sydney Sixers,DJ Bravo,TM Beaton,SA Abbott,4,0,,,,,,,,,
897709,2015/16,2015-12-23,Docklands Stadium,1,17.5,Melbourne Renegades,Sydney Sixers,DJ Bravo,TM Beaton,SA Abbott,1,0,,,,,,,,,
897709,2015/16,2015-12-23,Docklands Stadium,1,17.6,Melbourne Renegades,Sydney Sixers,TM Beaton,DJ Bravo,SA Abbott,1,0,,,,,,,,,
897709,2015/16,2015-12-23,Docklands Stadium,1,18.1,Melbourne Renegades,Sydney Sixers,TM Beaton,DJ Bravo,MC Henriques,1,0,,,,,,,,,
897709,2015/16,2015-12-23,Docklands Stadium,1,18.2,Melbourne Renegades,Sydney Sixers,DJ Bravo,TM Beaton,MC Henriques,4,0,,,,,,,,,
897709,2015/16,2015-12-23,Docklands Stadium,1,18.3,Melbourne Renegades,Sydney Sixers,DJ Bravo,TM Beaton,MC Henriques,2,0,,,,,,,,,
897709,2015/16,2015-12-23,Docklands Stadium,1,18.4,Melbourne Renegades,Sydney Sixers,DJ Bravo,TM Beaton,MC Henriques,0,2,2,,,,,,,,
897709,2015/16,2015-12-23,Docklands Stadium,1,18.5,Melbourne Renegades,Sydney Sixers,TM Beaton,DJ Bravo,MC Henriques,2,0,,,,,,,,,
897709,2015/16,2015-12-23,Docklands Stadium,1,18.6,Melbourne Renegades,Sydney Sixers,TM Beaton,DJ Bravo,MC Henriques,0,0,,,,,,,,,
897709,2015/16,2015-12-23,Docklands Stadium,1,18.7,Melbourne Renegades,Sydney Sixers,TM Beaton,DJ Bravo,MC Henriques,1,0,,,,,,,,,
897709,2015/16,2015-12-23,Docklands Stadium,1,19.1,Melbourne Renegades,Sydney Sixers,TM Beaton,DJ Bravo,DE Bollinger,1,0,,,,,,,,,
897709,2015/16,2015-12-23,Docklands Stadium,1,19.2,Melbourne Renegades,Sydney Sixers,DJ Bravo,TM Beaton,DE Bollinger,4,1,,1,,,,,,,
897709,2015/16,2015-12-23,Docklands Stadium,1,19.3,Melbourne Renegades,Sydney Sixers,DJ Bravo,TM Beaton,DE Bollinger,1,0,,,,,,,,,
897709,2015/16,2015-12-23,Docklands Stadium,1,19.4,Melbourne Renegades,Sydney Sixers,TM Beaton,DJ Bravo,DE Bollinger,1,0,,,,,,,,,
897709,2015/16,2015-12-23,Docklands Stadium,1,19.5,Melbourne Renegades,Sydney Sixers,DJ Bravo,TM Beaton,DE Bollinger,6,0,,,,,,,,,
897709,2015/16,2015-12-23,Docklands Stadium,1,19.6,Melbourne Renegades,Sydney Sixers,DJ Bravo,TM Beaton,DE Bollinger,1,0,,,,,,,,,
897709,2015/16,2015-12-23,Docklands Stadium,1,19.7,Melbourne Renegades,Sydney Sixers,TM Beaton,DJ Bravo,DE Bollinger,2,0,,,,,,,,,
897709,2015/16,2015-12-23,Docklands Stadium,2,0.1,Sydney Sixers,Melbourne Renegades,MJ Lumb,BJ Haddin,CP Tremain,0,1,,,,1,,,,,
897709,2015/16,2015-12-23,Docklands Stadium,2,0.2,Sydney Sixers,Melbourne Renegades,BJ Haddin,MJ Lumb,CP Tremain,0,0,,,,,,caught,BJ Haddin,,
897709,2015/16,2015-12-23,Docklands Stadium,2,0.3,Sydney Sixers,Melbourne Renegades,NJ Maddinson,MJ Lumb,CP Tremain,0,0,,,,,,,,,
897709,2015/16,2015-12-23,Docklands Stadium,2,0.4,Sydney Sixers,Melbourne Renegades,NJ Maddinson,MJ Lumb,CP Tremain,2,0,,,,,,,,,
897709,2015/16,2015-12-23,Docklands Stadium,2,0.5,Sydney Sixers,Melbourne Renegades,NJ Maddinson,MJ Lumb,CP Tremain,0,0,,,,,,,,,
897709,2015/16,2015-12-23,Docklands Stadium,2,0.6,Sydney Sixers,Melbourne Renegades,NJ Maddinson,MJ Lumb,CP Tremain,0,0,,,,,,,,,
897709,2015/16,2015-12-23,Docklands Stadium,2,1.1,Sydney Sixers,Melbourne Renegades,MJ Lumb,NJ Maddinson,NJ Rimmington,1,0,,,,,,,,,
897709,2015/16,2015-12-23,Docklands Stadium,2,1.2,Sydney Sixers,Melbourne Renegades,NJ Maddinson,MJ Lumb,NJ Rimmington,0,0,,,,,,,,,
897709,2015/16,2015-12-23,Docklands Stadium,2,1.3,Sydney Sixers,Melbourne Renegades,NJ Maddinson,MJ Lumb,NJ Rimmington,0,0,,,,,,,,,
897709,2015/16,2015-12-23,Docklands Stadium,2,1.4,Sydney Sixers,Melbourne Renegades,NJ Maddinson,MJ Lumb,NJ Rimmington,0,0,,,,,,,,,
897709,2015/16,2015-12-23,Docklands Stadium,2,1.5,Sydney Sixers,Melbourne Renegades,NJ Maddinson,MJ Lumb,NJ Rimmington,2,0,,,,,,,,,
897709,2015/16,2015-12-23,Docklands Stadium,2,1.6,Sydney Sixers,Melbourne Renegades,NJ Maddinson,MJ Lumb,NJ Rimmington,1,0,,,,,,,,,
897709,2015/16,2015-12-23,Docklands Stadium,2,2.1,Sydney Sixers,Melbourne Renegades,NJ Maddinson,MJ Lumb,CP Tremain,0,0,,,,,,,,,
897709,2015/16,2015-12-23,Docklands Stadium,2,2.2,Sydney Sixers,Melbourne Renegades,NJ Maddinson,MJ Lumb,CP Tremain,0,0,,,,,,,,,
897709,2015/16,2015-12-23,Docklands Stadium,2,2.3,Sydney Sixers,Melbourne Renegades,NJ Maddinson,MJ Lumb,CP Tremain,0,0,,,,,,,,,
897709,2015/16,2015-12-23,Docklands Stadium,2,2.4,Sydney Sixers,Melbourne Renegades,NJ Maddinson,MJ Lumb,CP Tremain,0,1,1,,,,,,,,
897709,2015/16,2015-12-23,Docklands Stadium,2,2.5,Sydney Sixers,Melbourne Renegades,NJ Maddinson,MJ Lumb,CP Tremain,6,0,,,,,,,,,
897709,2015/16,2015-12-23,Docklands Stadium,2,2.6,Sydney Sixers,Melbourne Renegades,NJ Maddinson,MJ Lumb,CP Tremain,1,0,,,,,,,,,
897709,2015/16,2015-12-23,Docklands Stadium,2,2.7,Sydney Sixers,Melbourne Renegades,MJ Lumb,NJ Maddinson,CP Tremain,0,0,,,,,,,,,
897709,2015/16,2015-12-23,Docklands Stadium,2,3.1,Sydney Sixers,Melbourne Renegades,NJ Maddinson,MJ Lumb,NJ Rimmington,4,0,,,,,,,,,
897709,2015/16,2015-12-23,Docklands Stadium,2,3.2,Sydney Sixers,Melbourne Renegades,NJ Maddinson,MJ Lumb,NJ Rimmington,1,0,,,,,,,,,
897709,2015/16,2015-12-23,Docklands Stadium,2,3.3,Sydney Sixers,Melbourne Renegades,MJ Lumb,NJ Maddinson,NJ Rimmington,1,0,,,,,,,,,
897709,2015/16,2015-12-23,Docklands Stadium,2,3.4,Sydney Sixers,Melbourne Renegades,NJ Maddinson,MJ Lumb,NJ Rimmington,0,0,,,,,,caught,NJ Maddinson,,
897709,2015/16,2015-12-23,Docklands Stadium,2,3.5,Sydney Sixers,Melbourne Renegades,MJ Lumb,MC Henriques,NJ Rimmington,1,0,,,,,,,,,
897709,2015/16,2015-12-23,Docklands Stadium,2,3.6,Sydney Sixers,Melbourne Renegades,MC Henriques,MJ Lumb,NJ Rimmington,0,0,,,,,,,,,
897709,2015/16,2015-12-23,Docklands Stadium,2,4.1,Sydney Sixers,Melbourne Renegades,MJ Lumb,MC Henriques,CH Gayle,0,3,3,,,,,,,,
897709,2015/16,2015-12-23,Docklands Stadium,2,4.2,Sydney Sixers,Melbourne Renegades,MJ Lumb,MC Henriques,CH Gayle,4,0,,,,,,,,,
897709,2015/16,2015-12-23,Docklands Stadium,2,4.3,Sydney Sixers,Melbourne Renegades,MJ Lumb,MC Henriques,CH Gayle,0,0,,,,,,,,,
897709,2015/16,2015-12-23,Docklands Stadium,2,4.4,Sydney Sixers,Melbourne Renegades,MJ Lumb,MC Henriques,CH Gayle,1,0,,,,,,,,,
897709,2015/16,2015-12-23,Docklands Stadium,2,4.5,Sydney Sixers,Melbourne Renegades,MC Henriques,MJ Lumb,CH Gayle,1,0,,,,,,,,,
897709,2015/16,2015-12-23,Docklands Stadium,2,4.6,Sydney Sixers,Melbourne Renegades,MJ Lumb,MC Henriques,CH Gayle,4,0,,,,,,,,,
897709,2015/16,2015-12-23,Docklands Stadium,2,4.7,Sydney Sixers,Melbourne Renegades,MJ Lumb,MC Henriques,CH Gayle,1,0,,,,,,,,,
897709,2015/16,2015-12-23,Docklands Stadium,2,5.1,Sydney Sixers,Melbourne Renegades,MJ Lumb,MC Henriques,DJ Bravo,0,0,,,,,,,,,
897709,2015/16,2015-12-23,Docklands Stadium,2,5.2,Sydney Sixers,Melbourne Renegades,MJ Lumb,MC Henriques,DJ Bravo,1,0,,,,,,,,,
897709,2015/16,2015-12-23,Docklands Stadium,2,5.3,Sydney Sixers,Melbourne Renegades,MC Henriques,MJ Lumb,DJ Bravo,1,0,,,,,,,,,
897709,2015/16,2015-12-23,Docklands Stadium,2,5.4,Sydney Sixers,Melbourne Renegades,MJ Lumb,MC Henriques,DJ Bravo,1,0,,,,,,,,,
897709,2015/16,2015-12-23,Docklands Stadium,2,5.5,Sydney Sixers,Melbourne Renegades,MC Henriques,MJ Lumb,DJ Bravo,0,0,,,,,,,,,
897709,2015/16,2015-12-23,Docklands Stadium,2,5.6,Sydney Sixers,Melbourne Renegades,MC Henriques,MJ Lumb,DJ Bravo,1,0,,,,,,,,,
897709,2015/16,2015-12-23,Docklands Stadium,2,6.1,Sydney Sixers,Melbourne Renegades,MC Henriques,MJ Lumb,XJ Doherty,1,0,,,,,,,,,
897709,2015/16,2015-12-23,Docklands Stadium,2,6.2,Sydney Sixers,Melbourne Renegades,MJ Lumb,MC Henriques,XJ Doherty,0,0,,,,,,,,,
897709,2015/16,2015-12-23,Docklands Stadium,2,6.3,Sydney Sixers,Melbourne Renegades,MJ Lumb,MC Henriques,XJ Doherty,1,0,,,,,,,,,
897709,2015/16,2015-12-23,Docklands Stadium,2,6.4,Sydney Sixers,Melbourne Renegades,MC Henriques,MJ Lumb,XJ Doherty,1,0,,,,,,,,,
897709,2015/16,2015-12-23,Docklands Stadium,2,6.5,Sydney Sixers,Melbourne Renegades,MJ Lumb,MC Henriques,XJ Doherty,0,0,,,,,,,,,
897709,2015/16,2015-12-23,Docklands Stadium,2,6.6,Sydney Sixers,Melbourne Renegades,MJ Lumb,MC Henriques,XJ Doherty,0,0,,,,,,,,,
897709,2015/16,2015-12-23,Docklands Stadium,2,7.1,Sydney Sixers,Melbourne Renegades,MC Henriques,MJ Lumb,CAH Stevenson,0,0,,,,,,,,,
897709,2015/16,2015-12-23,Docklands Stadium,2,7.2,Sydney Sixers,Melbourne Renegades,MC Henriques,MJ Lumb,CAH Stevenson,1,0,,,,,,,,,
897709,2015/16,2015-12-23,Docklands Stadium,2,7.3,Sydney Sixers,Melbourne Renegades,MJ Lumb,MC Henriques,CAH Stevenson,2,0,,,,,,,,,
897709,2015/16,2015-12-23,Docklands Stadium,2,7.4,Sydney Sixers,Melbourne Renegades,MJ Lumb,MC Henriques,CAH Stevenson,4,0,,,,,,,,,
897709,2015/16,2015-12-23,Docklands Stadium,2,7.5,Sydney Sixers,Melbourne Renegades,MJ Lumb,MC Henriques,CAH Stevenson,0,0,,,,,,,,,
897709,2015/16,2015-12-23,Docklands Stadium,2,7.6,Sydney Sixers,Melbourne Renegades,MJ Lumb,MC Henriques,CAH Stevenson,6,0,,,,,,,,,
897709,2015/16,2015-12-23,Docklands Stadium,2,8.1,Sydney Sixers,Melbourne Renegades,MC Henriques,MJ Lumb,XJ Doherty,3,0,,,,,,,,,
897709,2015/16,2015-12-23,Docklands Stadium,2,8.2,Sydney Sixers,Melbourne Renegades,MJ Lumb,MC Henriques,XJ Doherty,1,0,,,,,,,,,
897709,2015/16,2015-12-23,Docklands Stadium,2,8.3,Sydney Sixers,Melbourne Renegades,MC Henriques,MJ Lumb,XJ Doherty,2,0,,,,,,,,,
897709,2015/16,2015-12-23,Docklands Stadium,2,8.4,Sydney Sixers,Melbourne Renegades,MC Henriques,MJ Lumb,XJ Doherty,1,0,,,,,,,,,
897709,2015/16,2015-12-23,Docklands Stadium,2,8.5,Sydney Sixers,Melbourne Renegades,MJ Lumb,MC Henriques,XJ Doherty,1,0,,,,,,,,,
897709,2015/16,2015-12-23,Docklands Stadium,2,8.6,Sydney Sixers,Melbourne Renegades,MC Henriques,MJ Lumb,XJ Doherty,1,0,,,,,,,,,
897709,2015/16,2015-12-23,Docklands Stadium,2,9.1,Sydney Sixers,Melbourne Renegades,MC Henriques,MJ Lumb,CAH Stevenson,1,0,,,,,,,,,
897709,2015/16,2015-12-23,Docklands Stadium,2,9.2,Sydney Sixers,Melbourne Renegades,MJ Lumb,MC Henriques,CAH Stevenson,1,0,,,,,,,,,
897709,2015/16,2015-12-23,Docklands Stadium,2,9.3,Sydney Sixers,Melbourne Renegades,MC Henriques,MJ Lumb,CAH Stevenson,0,0,,,,,,,,,
897709,2015/16,2015-12-23,Docklands Stadium,2,9.4,Sydney Sixers,Melbourne Renegades,MC Henriques,MJ Lumb,CAH Stevenson,0,0,,,,,,,,,
897709,2015/16,2015-12-23,Docklands Stadium,2,9.5,Sydney Sixers,Melbourne Renegades,MC Henriques,MJ Lumb,CAH Stevenson,1,0,,,,,,,,,
897709,2015/16,2015-12-23,Docklands Stadium,2,9.6,Sydney Sixers,Melbourne Renegades,MJ Lumb,MC Henriques,CAH Stevenson,4,0,,,,,,,,,
897709,2015/16,2015-12-23,Docklands Stadium,2,10.1,Sydney Sixers,Melbourne Renegades,MC Henriques,MJ Lumb,XJ Doherty,1,0,,,,,,,,,
897709,2015/16,2015-12-23,Docklands Stadium,2,10.2,Sydney Sixers,Melbourne Renegades,MJ Lumb,MC Henriques,XJ Doherty,6,0,,,,,,,,,
897709,2015/16,2015-12-23,Docklands Stadium,2,10.3,Sydney Sixers,Melbourne Renegades,MJ Lumb,MC Henriques,XJ Doherty,6,0,,,,,,,,,
897709,2015/16,2015-12-23,Docklands Stadium,2,10.4,Sydney Sixers,Melbourne Renegades,MJ Lumb,MC Henriques,XJ Doherty,0,0,,,,,,,,,
897709,2015/16,2015-12-23,Docklands Stadium,2,10.5,Sydney Sixers,Melbourne Renegades,MJ Lumb,MC Henriques,XJ Doherty,6,0,,,,,,,,,
897709,2015/16,2015-12-23,Docklands Stadium,2,10.6,Sydney Sixers,Melbourne Renegades,MJ Lumb,MC Henriques,XJ Doherty,1,0,,,,,,,,,
897709,2015/16,2015-12-23,Docklands Stadium,2,11.1,Sydney Sixers,Melbourne Renegades,MJ Lumb,MC Henriques,DJ Bravo,1,0,,,,,,,,,
897709,2015/16,2015-12-23,Docklands Stadium,2,11.2,Sydney Sixers,Melbourne Renegades,MC Henriques,MJ Lumb,DJ Bravo,2,0,,,,,,,,,
897709,2015/16,2015-12-23,Docklands Stadium,2,11.3,Sydney Sixers,Melbourne Renegades,MC Henriques,MJ Lumb,DJ Bravo,1,0,,,,,,,,,
897709,2015/16,2015-12-23,Docklands Stadium,2,11.4,Sydney Sixers,Melbourne Renegades,MJ Lumb,MC Henriques,DJ Bravo,1,0,,,,,,,,,
897709,2015/16,2015-12-23,Docklands Stadium,2,11.5,Sydney Sixers,Melbourne Renegades,MC Henriques,MJ Lumb,DJ Bravo,2,0,,,,,,,,,
897709,2015/16,2015-12-23,Docklands Stadium,2,11.6,Sydney Sixers,Melbourne Renegades,MC Henriques,MJ Lumb,DJ Bravo,0,0,,,,,,,,,
897709,2015/16,2015-12-23,Docklands Stadium,2,12.1,Sydney Sixers,Melbourne Renegades,MJ Lumb,MC Henriques,CP Tremain,6,0,,,,,,,,,
897709,2015/16,2015-12-23,Docklands Stadium,2,12.2,Sydney Sixers,Melbourne Renegades,MJ Lumb,MC Henriques,CP Tremain,1,0,,,,,,,,,
897709,2015/16,2015-12-23,Docklands Stadium,2,12.3,Sydney Sixers,Melbourne Renegades,MC Henriques,MJ Lumb,CP Tremain,4,0,,,,,,,,,
897709,2015/16,2015-12-23,Docklands Stadium,2,12.4,Sydney Sixers,Melbourne Renegades,MC Henriques,MJ Lumb,CP Tremain,2,0,,,,,,,,,
897709,2015/16,2015-12-23,Docklands Stadium,2,12.5,Sydney Sixers,Melbourne Renegades,MC Henriques,MJ Lumb,CP Tremain,6,0,,,,,,,,,
897709,2015/16,2015-12-23,Docklands Stadium,2,12.6,Sydney Sixers,Melbourne Renegades,MC Henriques,MJ Lumb,CP Tremain,4,0,,,,,,,,,
897709,2015/16,2015-12-23,Docklands Stadium,2,13.1,Sydney Sixers,Melbourne Renegades,MJ Lumb,MC Henriques,NJ Rimmington,0,0,,,,,,caught,MJ Lumb,,
897709,2015/16,2015-12-23,Docklands Stadium,2,13.2,Sydney Sixers,Melbourne Renegades,JC Silk,MC Henriques,NJ Rimmington,1,0,,,,,,,,,
897709,2015/16,2015-12-23,Docklands Stadium,2,13.3,Sydney Sixers,Melbourne Renegades,MC Henriques,JC Silk,NJ Rimmington,1,0,,,,,,,,,
897709,2015/16,2015-12-23,Docklands Stadium,2,13.4,Sydney Sixers,Melbourne Renegades,JC Silk,MC Henriques,NJ Rimmington,2,0,,,,,,,,,
897709,2015/16,2015-12-23,Docklands Stadium,2,13.5,Sydney Sixers,Melbourne Renegades,JC Silk,MC Henriques,NJ Rimmington,1,0,,,,,,,,,
897709,2015/16,2015-12-23,Docklands Stadium,2,13.6,Sydney Sixers,Melbourne Renegades,MC Henriques,JC Silk,NJ Rimmington,1,0,,,,,,,,,
897709,2015/16,2015-12-23,Docklands Stadium,2,14.1,Sydney Sixers,Melbourne Renegades,MC Henriques,JC Silk,XJ Doherty,2,0,,,,,,,,,
897709,2015/16,2015-12-23,Docklands Stadium,2,14.2,Sydney Sixers,Melbourne Renegades,MC Henriques,JC Silk,XJ Doherty,1,0,,,,,,,,,
897709,2015/16,2015-12-23,Docklands Stadium,2,14.3,Sydney Sixers,Melbourne Renegades,JC Silk,MC Henriques,XJ Doherty,1,0,,,,,,,,,
897709,2015/16,2015-12-23,Docklands Stadium,2,14.4,Sydney Sixers,Melbourne Renegades,MC Henriques,JC Silk,XJ Doherty,2,0,,,,,,,,,
897709,2015/16,2015-12-23,Docklands Stadium,2,14.5,Sydney Sixers,Melbourne Renegades,MC Henriques,JC Silk,XJ Doherty,4,0,,,,,,,,,
897709,2015/16,2015-12-23,Docklands Stadium,2,14.6,Sydney Sixers,Melbourne Renegades,MC Henriques,JC Silk,XJ Doherty,0,0,,,,,,,,,
897709,2015/16,2015-12-23,Docklands Stadium,2,15.1,Sydney Sixers,Melbourne Renegades,JC Silk,MC Henriques,CP Tremain,1,0,,,,,,,,,
897709,2015/16,2015-12-23,Docklands Stadium,2,15.2,Sydney Sixers,Melbourne Renegades,MC Henriques,JC Silk,CP Tremain,2,0,,,,,,,,,
897709,2015/16,2015-12-23,Docklands Stadium,2,15.3,Sydney Sixers,Melbourne Renegades,MC Henriques,JC Silk,CP Tremain,2,0,,,,,,,,,
897709,2015/16,2015-12-23,Docklands Stadium,2,15.4,Sydney Sixers,Melbourne Renegades,MC Henriques,JC Silk,CP Tremain,6,0,,,,,,,,,
897709,2015/16,2015-12-23,Docklands Stadium,2,15.5,Sydney Sixers,Melbourne Renegades,MC Henriques,JC Silk,CP Tremain,4,0,,,,,,,,,
897709,2015/16,2015-12-23,Docklands Stadium,2,15.6,Sydney Sixers,Melbourne Renegades,MC Henriques,JC Silk,CP Tremain,0,0,,,,,,caught,MC Henriques,,
897709,2015/16,2015-12-23,Docklands Stadium,2,16.1,Sydney Sixers,Melbourne Renegades,J Botha,JC Silk,DJ Bravo,0,0,,,,,,,,,
897709,2015/16,2015-12-23,Docklands Stadium,2,16.2,Sydney Sixers,Melbourne Renegades,J Botha,JC Silk,DJ Bravo,1,0,,,,,,,,,
897709,2015/16,2015-12-23,Docklands Stadium,2,16.3,Sydney Sixers,Melbourne Renegades,JC Silk,J Botha,DJ Bravo,1,0,,,,,,,,,
897709,2015/16,2015-12-23,Docklands Stadium,2,16.4,Sydney Sixers,Melbourne Renegades,J Botha,JC Silk,DJ Bravo,0,0,,,,,,run out,J Botha,,
897709,2015/16,2015-12-23,Docklands Stadium,2,16.5,Sydney Sixers,Melbourne Renegades,JC Silk,SNJ O'Keefe,DJ Bravo,1,0,,,,,,,,,
897709,2015/16,2015-12-23,Docklands Stadium,2,16.6,Sydney Sixers,Melbourne Renegades,SNJ O'Keefe,JC Silk,DJ Bravo,0,0,,,,,,,,,
897709,2015/16,2015-12-23,Docklands Stadium,2,17.1,Sydney Sixers,Melbourne Renegades,JC Silk,SNJ O'Keefe,NJ Rimmington,6,0,,,,,,,,,
897709,2015/16,2015-12-23,Docklands Stadium,2,17.2,Sydney Sixers,Melbourne Renegades,JC Silk,SNJ O'Keefe,NJ Rimmington,0,0,,,,,,lbw,JC Silk,,
897709,2015/16,2015-12-23,Docklands Stadium,2,17.3,Sydney Sixers,Melbourne Renegades,SA Abbott,SNJ O'Keefe,NJ Rimmington,1,0,,,,,,,,,
897709,2015/16,2015-12-23,Docklands Stadium,2,17.4,Sydney Sixers,Melbourne Renegades,SNJ O'Keefe,SA Abbott,NJ Rimmington,2,0,,,,,,,,,
897709,2015/16,2015-12-23,Docklands Stadium,2,17.5,Sydney Sixers,Melbourne Renegades,SNJ O'Keefe,SA Abbott,NJ Rimmington,0,0,,,,,,caught,SNJ O'Keefe,,
897709,2015/16,2015-12-23,Docklands Stadium,2,17.6,Sydney Sixers,Melbourne Renegades,TL Lawford,SA Abbott,NJ Rimmington,0,0,,,,,,,,,
897709,2015/16,2015-12-23,Docklands Stadium,2,18.1,Sydney Sixers,Melbourne Renegades,SA Abbott,TL Lawford,DJ Bravo,1,0,,,,,,,,,
897709,2015/16,2015-12-23,Docklands Stadium,2,18.2,Sydney Sixers,Melbourne Renegades,TL Lawford,SA Abbott,DJ Bravo,2,0,,,,,,,,,
897709,2015/16,2015-12-23,Docklands Stadium,2,18.3,Sydney Sixers,Melbourne Renegades,TL Lawford,SA Abbott,DJ Bravo,0,1,,,,1,,,,,
897709,2015/16,2015-12-23,Docklands Stadium,2,18.4,Sydney Sixers,Melbourne Renegades,SA Abbott,TL Lawford,DJ Bravo,1,0,,,,,,,,,
897709,2015/16,2015-12-23,Docklands Stadium,2,18.5,Sydney Sixers,Melbourne Renegades,TL Lawford,SA Abbott,DJ Bravo,4,0,,,,,,,,,
