match_id,season,start_date,venue,innings,ball,batting_team,bowling_team,striker,non_striker,bowler,runs_off_bat,extras,wides,noballs,byes,legbyes,penalty,wicket_type,player_dismissed,other_wicket_type,other_player_dismissed
897729,2015/16,2016-01-03,"Brisbane Cricket Ground, Woolloongabba",1,0.1,Sydney Thunder,Brisbane Heat,JH Kallis,AC Blizzard,JR Hopes,3,0,,,,,,,,,
897729,2015/16,2016-01-03,"Brisbane Cricket Ground, Woolloongabba",1,0.2,Sydney Thunder,Brisbane Heat,AC Blizzard,JH Kallis,JR Hopes,0,5,5,,,,,,,,
897729,2015/16,2016-01-03,"Brisbane Cricket Ground, Woolloongabba",1,0.3,Sydney Thunder,Brisbane Heat,AC Blizzard,JH Kallis,JR Hopes,0,0,,,,,,,,,
897729,2015/16,2016-01-03,"Brisbane Cricket Ground, Woolloongabba",1,0.4,Sydney Thunder,Brisbane Heat,AC Blizzard,JH Kallis,JR Hopes,2,0,,,,,,,,,
897729,2015/16,2016-01-03,"Brisbane Cricket Ground, Woolloongabba",1,0.5,Sydney Thunder,Brisbane Heat,AC Blizzard,JH Kallis,JR Hopes,0,0,,,,,,,,,
897729,2015/16,2016-01-03,"Brisbane Cricket Ground, Woolloongabba",1,0.6,Sydney Thunder,Brisbane Heat,AC Blizzard,JH Kallis,JR Hopes,0,0,,,,,,,,,
897729,2015/16,2016-01-03,"Brisbane Cricket Ground, Woolloongabba",1,0.7,Sydney Thunder,Brisbane Heat,AC Blizzard,JH Kallis,JR Hopes,1,0,,,,,,,,,
897729,2015/16,2016-01-03,"Brisbane Cricket Ground, Woolloongabba",1,1.1,Sydney Thunder,Brisbane Heat,AC Blizzard,JH Kallis,MT Steketee,1,0,,,,,,,,,
897729,2015/16,2016-01-03,"Brisbane Cricket Ground, Woolloongabba",1,1.2,Sydney Thunder,Brisbane Heat,JH Kallis,AC Blizzard,MT Steketee,1,0,,,,,,,,,
897729,2015/16,2016-01-03,"Brisbane Cricket Ground, Woolloongabba",1,1.3,Sydney Thunder,Brisbane Heat,AC Blizzard,JH Kallis,MT Steketee,0,0,,,,,,,,,
897729,2015/16,2016-01-03,"Brisbane Cricket Ground, Woolloongabba",1,1.4,Sydney Thunder,Brisbane Heat,AC Blizzard,JH Kallis,MT Steketee,1,0,,,,,,,,,
897729,2015/16,2016-01-03,"Brisbane Cricket Ground, Woolloongabba",1,1.5,Sydney Thunder,Brisbane Heat,JH Kallis,AC Blizzard,MT Steketee,0,0,,,,,,,,,
897729,2015/16,2016-01-03,"Brisbane Cricket Ground, Woolloongabba",1,1.6,Sydney Thunder,Brisbane Heat,JH Kallis,AC Blizzard,MT Steketee,4,0,,,,,,,,,
897729,2015/16,2016-01-03,"Brisbane Cricket Ground, Woolloongabba",1,2.1,Sydney Thunder,Brisbane Heat,AC Blizzard,JH Kallis,JR Hopes,0,0,,,,,,,,,
897729,2015/16,2016-01-03,"Brisbane Cricket Ground, Woolloongabba",1,2.2,Sydney Thunder,Brisbane Heat,AC Blizzard,JH Kallis,JR Hopes,0,0,,,,,,,,,
897729,2015/16,2016-01-03,"Brisbane Cricket Ground, Woolloongabba",1,2.3,Sydney Thunder,Brisbane Heat,AC Blizzard,JH Kallis,JR Hopes,0,0,,,,,,,,,
897729,2015/16,2016-01-03,"Brisbane Cricket Ground, Woolloongabba",1,2.4,Sydney Thunder,Brisbane Heat,AC Blizzard,JH Kallis,JR Hopes,0,0,,,,,,,,,
897729,2015/16,2016-01-03,"Brisbane Cricket Ground, Woolloongabba",1,2.5,Sydney Thunder,Brisbane Heat,AC Blizzard,JH Kallis,JR Hopes,1,0,,,,,,,,,
897729,2015/16,2016-01-03,"Brisbane Cricket Ground, Woolloongabba",1,2.6,Sydney Thunder,Brisbane Heat,JH Kallis,AC Blizzard,JR Hopes,1,0,,,,,,,,,
897729,2015/16,2016-01-03,"Brisbane Cricket Ground, Woolloongabba",1,3.1,Sydney Thunder,Brisbane Heat,JH Kallis,AC Blizzard,MT Steketee,1,0,,,,,,,,,
897729,2015/16,2016-01-03,"Brisbane Cricket Ground, Woolloongabba",1,3.2,Sydney Thunder,Brisbane Heat,AC Blizzard,JH Kallis,MT Steketee,1,0,,,,,,,,,
897729,2015/16,2016-01-03,"Brisbane Cricket Ground, Woolloongabba",1,3.3,Sydney Thunder,Brisbane Heat,JH Kallis,AC Blizzard,MT Steketee,0,0,,,,,,,,,
897729,2015/16,2016-01-03,"Brisbane Cricket Ground, Woolloongabba",1,3.4,Sydney Thunder,Brisbane Heat,JH Kallis,AC Blizzard,MT Steketee,4,0,,,,,,,,,
897729,2015/16,2016-01-03,"Brisbane Cricket Ground, Woolloongabba",1,3.5,Sydney Thunder,Brisbane Heat,JH Kallis,AC Blizzard,MT Steketee,1,0,,,,,,,,,
897729,2015/16,2016-01-03,"Brisbane Cricket Ground, Woolloongabba",1,3.6,Sydney Thunder,Brisbane Heat,AC Blizzard,JH Kallis,MT Steketee,0,0,,,,,,,,,
897729,2015/16,2016-01-03,"Brisbane Cricket Ground, Woolloongabba",1,4.1,Sydney Thunder,Brisbane Heat,JH Kallis,AC Blizzard,JK Lalor,1,0,,,,,,,,,
897729,2015/16,2016-01-03,"Brisbane Cricket Ground, Woolloongabba",1,4.2,Sydney Thunder,Brisbane Heat,AC Blizzard,JH Kallis,JK Lalor,0,0,,,,,,,,,
897729,2015/16,2016-01-03,"Brisbane Cricket Ground, Woolloongabba",1,4.3,Sydney Thunder,Brisbane Heat,AC Blizzard,JH Kallis,JK Lalor,6,0,,,,,,,,,
897729,2015/16,2016-01-03,"Brisbane Cricket Ground, Woolloongabba",1,4.4,Sydney Thunder,Brisbane Heat,AC Blizzard,JH Kallis,JK Lalor,1,0,,,,,,,,,
897729,2015/16,2016-01-03,"Brisbane Cricket Ground, Woolloongabba",1,4.5,Sydney Thunder,Brisbane Heat,JH Kallis,AC Blizzard,JK Lalor,0,0,,,,,,caught,JH Kallis,,
897729,2015/16,2016-01-03,"Brisbane Cricket Ground, Woolloongabba",1,4.6,Sydney Thunder,Brisbane Heat,AC Blizzard,SR Watson,JK Lalor,0,0,,,,,,,,,
897729,2015/16,2016-01-03,"Brisbane Cricket Ground, Woolloongabba",1,5.1,Sydney Thunder,Brisbane Heat,SR Watson,AC Blizzard,S Badree,0,0,,,,,,,,,
897729,2015/16,2016-01-03,"Brisbane Cricket Ground, Woolloongabba",1,5.2,Sydney Thunder,Brisbane Heat,SR Watson,AC Blizzard,S Badree,1,0,,,,,,,,,
897729,2015/16,2016-01-03,"Brisbane Cricket Ground, Woolloongabba",1,5.3,Sydney Thunder,Brisbane Heat,AC Blizzard,SR Watson,S Badree,0,0,,,,,,stumped,AC Blizzard,,
897729,2015/16,2016-01-03,"Brisbane Cricket Ground, Woolloongabba",1,5.4,Sydney Thunder,Brisbane Heat,MEK Hussey,SR Watson,S Badree,0,0,,,,,,,,,
897729,2015/16,2016-01-03,"Brisbane Cricket Ground, Woolloongabba",1,5.5,Sydney Thunder,Brisbane Heat,MEK Hussey,SR Watson,S Badree,0,0,,,,,,,,,
897729,2015/16,2016-01-03,"Brisbane Cricket Ground, Woolloongabba",1,5.6,Sydney Thunder,Brisbane Heat,MEK Hussey,SR Watson,S Badree,0,0,,,,,,,,,
897729,2015/16,2016-01-03,"Brisbane Cricket Ground, Woolloongabba",1,6.1,Sydney Thunder,Brisbane Heat,SR Watson,MEK Hussey,JK Lalor,1,0,,,,,,,,,
897729,2015/16,2016-01-03,"Brisbane Cricket Ground, Woolloongabba",1,6.2,Sydney Thunder,Brisbane Heat,MEK Hussey,SR Watson,JK Lalor,0,0,,,,,,,,,
897729,2015/16,2016-01-03,"Brisbane Cricket Ground, Woolloongabba",1,6.3,Sydney Thunder,Brisbane Heat,MEK Hussey,SR Watson,JK Lalor,0,0,,,,,,,,,
897729,2015/16,2016-01-03,"Brisbane Cricket Ground, Woolloongabba",1,6.4,Sydney Thunder,Brisbane Heat,MEK Hussey,SR Watson,JK Lalor,1,0,,,,,,,,,
897729,2015/16,2016-01-03,"Brisbane Cricket Ground, Woolloongabba",1,6.5,Sydney Thunder,Brisbane Heat,SR Watson,MEK Hussey,JK Lalor,1,0,,,,,,,,,
897729,2015/16,2016-01-03,"Brisbane Cricket Ground, Woolloongabba",1,6.6,Sydney Thunder,Brisbane Heat,MEK Hussey,SR Watson,JK Lalor,0,0,,,,,,,,,
897729,2015/16,2016-01-03,"Brisbane Cricket Ground, Woolloongabba",1,7.1,Sydney Thunder,Brisbane Heat,SR Watson,MEK Hussey,S Badree,2,0,,,,,,,,,
897729,2015/16,2016-01-03,"Brisbane Cricket Ground, Woolloongabba",1,7.2,Sydney Thunder,Brisbane Heat,SR Watson,MEK Hussey,S Badree,0,0,,,,,,,,,
897729,2015/16,2016-01-03,"Brisbane Cricket Ground, Woolloongabba",1,7.3,Sydney Thunder,Brisbane Heat,SR Watson,MEK Hussey,S Badree,1,0,,,,,,,,,
897729,2015/16,2016-01-03,"Brisbane Cricket Ground, Woolloongabba",1,7.4,Sydney Thunder,Brisbane Heat,MEK Hussey,SR Watson,S Badree,2,0,,,,,,,,,
897729,2015/16,2016-01-03,"Brisbane Cricket Ground, Woolloongabba",1,7.5,Sydney Thunder,Brisbane Heat,MEK Hussey,SR Watson,S Badree,1,0,,,,,,,,,
897729,2015/16,2016-01-03,"Brisbane Cricket Ground, Woolloongabba",1,7.6,Sydney Thunder,Brisbane Heat,SR Watson,MEK Hussey,S Badree,2,0,,,,,,,,,
897729,2015/16,2016-01-03,"Brisbane Cricket Ground, Woolloongabba",1,8.1,Sydney Thunder,Brisbane Heat,MEK Hussey,SR Watson,JR Hopes,2,0,,,,,,,,,
897729,2015/16,2016-01-03,"Brisbane Cricket Ground, Woolloongabba",1,8.2,Sydney Thunder,Brisbane Heat,MEK Hussey,SR Watson,JR Hopes,1,0,,,,,,,,,
897729,2015/16,2016-01-03,"Brisbane Cricket Ground, Woolloongabba",1,8.3,Sydney Thunder,Brisbane Heat,SR Watson,MEK Hussey,JR Hopes,0,2,,,,2,,,,,
897729,2015/16,2016-01-03,"Brisbane Cricket Ground, Woolloongabba",1,8.4,Sydney Thunder,Brisbane Heat,SR Watson,MEK Hussey,JR Hopes,6,0,,,,,,,,,
897729,2015/16,2016-01-03,"Brisbane Cricket Ground, Woolloongabba",1,8.5,Sydney Thunder,Brisbane Heat,SR Watson,MEK Hussey,JR Hopes,1,0,,,,,,,,,
897729,2015/16,2016-01-03,"Brisbane Cricket Ground, Woolloongabba",1,8.6,Sydney Thunder,Brisbane Heat,MEK Hussey,SR Watson,JR Hopes,1,0,,,,,,,,,
897729,2015/16,2016-01-03,"Brisbane Cricket Ground, Woolloongabba",1,9.1,Sydney Thunder,Brisbane Heat,MEK Hussey,SR Watson,S Badree,2,0,,,,,,,,,
897729,2015/16,2016-01-03,"Brisbane Cricket Ground, Woolloongabba",1,9.2,Sydney Thunder,Brisbane Heat,MEK Hussey,SR Watson,S Badree,0,0,,,,,,,,,
897729,2015/16,2016-01-03,"Brisbane Cricket Ground, Woolloongabba",1,9.3,Sydney Thunder,Brisbane Heat,MEK Hussey,SR Watson,S Badree,0,0,,,,,,,,,
897729,2015/16,2016-01-03,"Brisbane Cricket Ground, Woolloongabba",1,9.4,Sydney Thunder,Brisbane Heat,MEK Hussey,SR Watson,S Badree,0,0,,,,,,,,,
897729,2015/16,2016-01-03,"Brisbane Cricket Ground, Woolloongabba",1,9.5,Sydney Thunder,Brisbane Heat,MEK Hussey,SR Watson,S Badree,2,0,,,,,,,,,
897729,2015/16,2016-01-03,"Brisbane Cricket Ground, Woolloongabba",1,9.6,Sydney Thunder,Brisbane Heat,MEK Hussey,SR Watson,S Badree,2,0,,,,,,,,,
897729,2015/16,2016-01-03,"Brisbane Cricket Ground, Woolloongabba",1,10.1,Sydney Thunder,Brisbane Heat,SR Watson,MEK Hussey,BCJ Cutting,6,0,,,,,,,,,
897729,2015/16,2016-01-03,"Brisbane Cricket Ground, Woolloongabba",1,10.2,Sydney Thunder,Brisbane Heat,SR Watson,MEK Hussey,BCJ Cutting,1,0,,,,,,,,,
897729,2015/16,2016-01-03,"Brisbane Cricket Ground, Woolloongabba",1,10.3,Sydney Thunder,Brisbane Heat,MEK Hussey,SR Watson,BCJ Cutting,1,0,,,,,,,,,
897729,2015/16,2016-01-03,"Brisbane Cricket Ground, Woolloongabba",1,10.4,Sydney Thunder,Brisbane Heat,SR Watson,MEK Hussey,BCJ Cutting,1,0,,,,,,,,,
897729,2015/16,2016-01-03,"Brisbane Cricket Ground, Woolloongabba",1,10.5,Sydney Thunder,Brisbane Heat,MEK Hussey,SR Watson,BCJ Cutting,2,0,,,,,,,,,
897729,2015/16,2016-01-03,"Brisbane Cricket Ground, Woolloongabba",1,10.6,Sydney Thunder,Brisbane Heat,MEK Hussey,SR Watson,BCJ Cutting,1,0,,,,,,,,,
897729,2015/16,2016-01-03,"Brisbane Cricket Ground, Woolloongabba",1,11.1,Sydney Thunder,Brisbane Heat,MEK Hussey,SR Watson,S Badree,2,0,,,,,,,,,
897729,2015/16,2016-01-03,"Brisbane Cricket Ground, Woolloongabba",1,11.2,Sydney Thunder,Brisbane Heat,MEK Hussey,SR Watson,S Badree,1,0,,,,,,,,,
897729,2015/16,2016-01-03,"Brisbane Cricket Ground, Woolloongabba",1,11.3,Sydney Thunder,Brisbane Heat,SR Watson,MEK Hussey,S Badree,6,0,,,,,,,,,
897729,2015/16,2016-01-03,"Brisbane Cricket Ground, Woolloongabba",1,11.4,Sydney Thunder,Brisbane Heat,SR Watson,MEK Hussey,S Badree,0,4,,,,4,,,,,
897729,2015/16,2016-01-03,"Brisbane Cricket Ground, Woolloongabba",1,11.5,Sydney Thunder,Brisbane Heat,SR Watson,MEK Hussey,S Badree,1,0,,,,,,,,,
897729,2015/16,2016-01-03,"Brisbane Cricket Ground, Woolloongabba",1,11.6,Sydney Thunder,Brisbane Heat,MEK Hussey,SR Watson,S Badree,1,0,,,,,,,,,
897729,2015/16,2016-01-03,"Brisbane Cricket Ground, Woolloongabba",1,12.1,Sydney Thunder,Brisbane Heat,MEK Hussey,SR Watson,MT Steketee,0,0,,,,,,,,,
897729,2015/16,2016-01-03,"Brisbane Cricket Ground, Woolloongabba",1,12.2,Sydney Thunder,Brisbane Heat,MEK Hussey,SR Watson,MT Steketee,1,0,,,,,,,,,
897729,2015/16,2016-01-03,"Brisbane Cricket Ground, Woolloongabba",1,12.3,Sydney Thunder,Brisbane Heat,SR Watson,MEK Hussey,MT Steketee,0,1,1,,,,,,,,
897729,2015/16,2016-01-03,"Brisbane Cricket Ground, Woolloongabba",1,12.4,Sydney Thunder,Brisbane Heat,SR Watson,MEK Hussey,MT Steketee,0,4,,,,4,,,,,
897729,2015/16,2016-01-03,"Brisbane Cricket Ground, Woolloongabba",1,12.5,Sydney Thunder,Brisbane Heat,SR Watson,MEK Hussey,MT Steketee,0,1,,1,,,,,,,
897729,2015/16,2016-01-03,"Brisbane Cricket Ground, Woolloongabba",1,12.6,Sydney Thunder,Brisbane Heat,SR Watson,MEK Hussey,MT Steketee,6,0,,,,,,,,,
897729,2015/16,2016-01-03,"Brisbane Cricket Ground, Woolloongabba",1,12.7,Sydney Thunder,Brisbane Heat,SR Watson,MEK Hussey,MT Steketee,0,0,,,,,,,,,
897729,2015/16,2016-01-03,"Brisbane Cricket Ground, Woolloongabba",1,12.8,Sydney Thunder,Brisbane Heat,SR Watson,MEK Hussey,MT Steketee,1,0,,,,,,,,,
897729,2015/16,2016-01-03,"Brisbane Cricket Ground, Woolloongabba",1,13.1,Sydney Thunder,Brisbane Heat,SR Watson,MEK Hussey,JK Lalor,2,0,,,,,,,,,
897729,2015/16,2016-01-03,"Brisbane Cricket Ground, Woolloongabba",1,13.2,Sydney Thunder,Brisbane Heat,SR Watson,MEK Hussey,JK Lalor,6,0,,,,,,,,,
897729,2015/16,2016-01-03,"Brisbane Cricket Ground, Woolloongabba",1,13.3,Sydney Thunder,Brisbane Heat,SR Watson,MEK Hussey,JK Lalor,0,0,,,,,,,,,
897729,2015/16,2016-01-03,"Brisbane Cricket Ground, Woolloongabba",1,13.4,Sydney Thunder,Brisbane Heat,SR Watson,MEK Hussey,JK Lalor,0,0,,,,,,,,,
897729,2015/16,2016-01-03,"Brisbane Cricket Ground, Woolloongabba",1,13.5,Sydney Thunder,Brisbane Heat,SR Watson,MEK Hussey,JK Lalor,0,1,1,,,,,,,,
897729,2015/16,2016-01-03,"Brisbane Cricket Ground, Woolloongabba",1,13.6,Sydney Thunder,Brisbane Heat,SR Watson,MEK Hussey,JK Lalor,1,0,,,,,,,,,
897729,2015/16,2016-01-03,"Brisbane Cricket Ground, Woolloongabba",1,13.7,Sydney Thunder,Brisbane Heat,MEK Hussey,SR Watson,JK Lalor,1,0,,,,,,,,,
897729,2015/16,2016-01-03,"Brisbane Cricket Ground, Woolloongabba",1,14.1,Sydney Thunder,Brisbane Heat,MEK Hussey,SR Watson,BCJ Cutting,4,0,,,,,,,,,
897729,2015/16,2016-01-03,"Brisbane Cricket Ground, Woolloongabba",1,14.2,Sydney Thunder,Brisbane Heat,MEK Hussey,SR Watson,BCJ Cutting,0,1,1,,,,,,,,
897729,2015/16,2016-01-03,"Brisbane Cricket Ground, Woolloongabba",1,14.3,Sydney Thunder,Brisbane Heat,MEK Hussey,SR Watson,BCJ Cutting,0,0,,,,,,,,,
897729,2015/16,2016-01-03,"Brisbane Cricket Ground, Woolloongabba",1,14.4,Sydney Thunder,Brisbane Heat,MEK Hussey,SR Watson,BCJ Cutting,1,0,,,,,,,,,
897729,2015/16,2016-01-03,"Brisbane Cricket Ground, Woolloongabba",1,14.5,Sydney Thunder,Brisbane Heat,SR Watson,MEK Hussey,BCJ Cutting,0,0,,,,,,,,,
897729,2015/16,2016-01-03,"Brisbane Cricket Ground, Woolloongabba",1,14.6,Sydney Thunder,Brisbane Heat,SR Watson,MEK Hussey,BCJ Cutting,0,0,,,,,,,,,
897729,2015/16,2016-01-03,"Brisbane Cricket Ground, Woolloongabba",1,14.7,Sydney Thunder,Brisbane Heat,SR Watson,MEK Hussey,BCJ Cutting,0,0,,,,,,,,,
897729,2015/16,2016-01-03,"Brisbane Cricket Ground, Woolloongabba",1,15.1,Sydney Thunder,Brisbane Heat,MEK Hussey,SR Watson,JR Hopes,6,0,,,,,,,,,
897729,2015/16,2016-01-03,"Brisbane Cricket Ground, Woolloongabba",1,15.2,Sydney Thunder,Brisbane Heat,MEK Hussey,SR Watson,JR Hopes,0,0,,,,,,,,,
897729,2015/16,2016-01-03,"Brisbane Cricket Ground, Woolloongabba",1,15.3,Sydney Thunder,Brisbane Heat,MEK Hussey,SR Watson,JR Hopes,2,0,,,,,,,,,
897729,2015/16,2016-01-03,"Brisbane Cricket Ground, Woolloongabba",1,15.4,Sydney Thunder,Brisbane Heat,MEK Hussey,SR Watson,JR Hopes,0,0,,,,,,,,,
897729,2015/16,2016-01-03,"Brisbane Cricket Ground, Woolloongabba",1,15.5,Sydney Thunder,Brisbane Heat,MEK Hussey,SR Watson,JR Hopes,1,0,,,,,,,,,
897729,2015/16,2016-01-03,"Brisbane Cricket Ground, Woolloongabba",1,15.6,Sydney Thunder,Brisbane Heat,SR Watson,MEK Hussey,JR Hopes,0,0,,,,,,caught,SR Watson,,
897729,2015/16,2016-01-03,"Brisbane Cricket Ground, Woolloongabba",1,16.1,Sydney Thunder,Brisbane Heat,AD Russell,MEK Hussey,BCJ Cutting,1,0,,,,,,,,,
897729,2015/16,2016-01-03,"Brisbane Cricket Ground, Woolloongabba",1,16.2,Sydney Thunder,Brisbane Heat,MEK Hussey,AD Russell,BCJ Cutting,2,0,,,,,,,,,
897729,2015/16,2016-01-03,"Brisbane Cricket Ground, Woolloongabba",1,16.3,Sydney Thunder,Brisbane Heat,MEK Hussey,AD Russell,BCJ Cutting,4,0,,,,,,,,,
897729,2015/16,2016-01-03,"Brisbane Cricket Ground, Woolloongabba",1,16.4,Sydney Thunder,Brisbane Heat,MEK Hussey,AD Russell,BCJ Cutting,2,0,,,,,,,,,
897729,2015/16,2016-01-03,"Brisbane Cricket Ground, Woolloongabba",1,16.5,Sydney Thunder,Brisbane Heat,MEK Hussey,AD Russell,BCJ Cutting,2,0,,,,,,,,,
897729,2015/16,2016-01-03,"Brisbane Cricket Ground, Woolloongabba",1,16.6,Sydney Thunder,Brisbane Heat,MEK Hussey,AD Russell,BCJ Cutting,0,0,,,,,,,,,
897729,2015/16,2016-01-03,"Brisbane Cricket Ground, Woolloongabba",1,17.1,Sydney Thunder,Brisbane Heat,AD Russell,MEK Hussey,MT Steketee,6,1,,1,,,,,,,
897729,2015/16,2016-01-03,"Brisbane Cricket Ground, Woolloongabba",1,17.2,Sydney Thunder,Brisbane Heat,AD Russell,MEK Hussey,MT Steketee,2,0,,,,,,,,,
897729,2015/16,2016-01-03,"Brisbane Cricket Ground, Woolloongabba",1,17.3,Sydney Thunder,Brisbane Heat,AD Russell,MEK Hussey,MT Steketee,4,0,,,,,,,,,
897729,2015/16,2016-01-03,"Brisbane Cricket Ground, Woolloongabba",1,17.4,Sydney Thunder,Brisbane Heat,AD Russell,MEK Hussey,MT Steketee,1,0,,,,,,,,,
897729,2015/16,2016-01-03,"Brisbane Cricket Ground, Woolloongabba",1,17.5,Sydney Thunder,Brisbane Heat,MEK Hussey,AD Russell,MT Steketee,2,0,,,,,,,,,
897729,2015/16,2016-01-03,"Brisbane Cricket Ground, Woolloongabba",1,17.6,Sydney Thunder,Brisbane Heat,MEK Hussey,AD Russell,MT Steketee,6,0,,,,,,,,,
897729,2015/16,2016-01-03,"Brisbane Cricket Ground, Woolloongabba",1,17.7,Sydney Thunder,Brisbane Heat,MEK Hussey,AD Russell,MT Steketee,0,0,,,,,,caught,MEK Hussey,,
897729,2015/16,2016-01-03,"Brisbane Cricket Ground, Woolloongabba",1,18.1,Sydney Thunder,Brisbane Heat,AD Russell,BJ Rohrer,BCJ Cutting,1,0,,,,,,,,,
897729,2015/16,2016-01-03,"Brisbane Cricket Ground, Woolloongabba",1,18.2,Sydney Thunder,Brisbane Heat,BJ Rohrer,AD Russell,BCJ Cutting,1,0,,,,,,,,,
897729,2015/16,2016-01-03,"Brisbane Cricket Ground, Woolloongabba",1,18.3,Sydney Thunder,Brisbane Heat,AD Russell,BJ Rohrer,BCJ Cutting,0,0,,,,,,,,,
897729,2015/16,2016-01-03,"Brisbane Cricket Ground, Woolloongabba",1,18.4,Sydney Thunder,Brisbane Heat,AD Russell,BJ Rohrer,BCJ Cutting,1,0,,,,,,,,,
897729,2015/16,2016-01-03,"Brisbane Cricket Ground, Woolloongabba",1,18.5,Sydney Thunder,Brisbane Heat,BJ Rohrer,AD Russell,BCJ Cutting,1,0,,,,,,,,,
897729,2015/16,2016-01-03,"Brisbane Cricket Ground, Woolloongabba",1,18.6,Sydney Thunder,Brisbane Heat,AD Russell,BJ Rohrer,BCJ Cutting,4,0,,,,,,,,,
897729,2015/16,2016-01-03,"Brisbane Cricket Ground, Woolloongabba",1,19.1,Sydney Thunder,Brisbane Heat,BJ Rohrer,AD Russell,JK Lalor,2,0,,,,,,,,,
897729,2015/16,2016-01-03,"Brisbane Cricket Ground, Woolloongabba",1,19.2,Sydney Thunder,Brisbane Heat,BJ Rohrer,AD Russell,JK Lalor,6,0,,,,,,,,,
897729,2015/16,2016-01-03,"Brisbane Cricket Ground, Woolloongabba",1,19.3,Sydney Thunder,Brisbane Heat,BJ Rohrer,AD Russell,JK Lalor,1,0,,,,,,run out,AD Russell,,
897729,2015/16,2016-01-03,"Brisbane Cricket Ground, Woolloongabba",1,19.4,Sydney Thunder,Brisbane Heat,BJ Rohrer,CJ Green,JK Lalor,2,0,,,,,,,,,
897729,2015/16,2016-01-03,"Brisbane Cricket Ground, Woolloongabba",1,19.5,Sydney Thunder,Brisbane Heat,BJ Rohrer,CJ Green,JK Lalor,0,0,,,,,,,,,
897729,2015/16,2016-01-03,"Brisbane Cricket Ground, Woolloongabba",1,19.6,Sydney Thunder,Brisbane Heat,BJ Rohrer,CJ Green,JK Lalor,0,1,,,1,,,,,,
897729,2015/16,2016-01-03,"Brisbane Cricket Ground, Woolloongabba",2,0.1,Brisbane Heat,Sydney Thunder,JJ Peirson,LMP Simmons,AD Russell,0,0,,,,,,,,,
897729,2015/16,2016-01-03,"Brisbane Cricket Ground, Woolloongabba",2,0.2,Brisbane Heat,Sydney Thunder,JJ Peirson,LMP Simmons,AD Russell,4,0,,,,,,,,,
897729,2015/16,2016-01-03,"Brisbane Cricket Ground, Woolloongabba",2,0.3,Brisbane Heat,Sydney Thunder,JJ Peirson,LMP Simmons,AD Russell,2,0,,,,,,,,,
897729,2015/16,2016-01-03,"Brisbane Cricket Ground, Woolloongabba",2,0.4,Brisbane Heat,Sydney Thunder,JJ Peirson,LMP Simmons,AD Russell,4,0,,,,,,,,,
897729,2015/16,2016-01-03,"Brisbane Cricket Ground, Woolloongabba",2,0.5,Brisbane Heat,Sydney Thunder,JJ Peirson,LMP Simmons,AD Russell,0,0,,,,,,,,,
897729,2015/16,2016-01-03,"Brisbane Cricket Ground, Woolloongabba",2,0.6,Brisbane Heat,Sydney Thunder,JJ Peirson,LMP Simmons,AD Russell,0,0,,,,,,,,,
897729,2015/16,2016-01-03,"Brisbane Cricket Ground, Woolloongabba",2,1.1,Brisbane Heat,Sydney Thunder,LMP Simmons,JJ Peirson,GS Sandhu,0,0,,,,,,,,,
897729,2015/16,2016-01-03,"Brisbane Cricket Ground, Woolloongabba",2,1.2,Brisbane Heat,Sydney Thunder,LMP Simmons,JJ Peirson,GS Sandhu,4,0,,,,,,,,,
897729,2015/16,2016-01-03,"Brisbane Cricket Ground, Woolloongabba",2,1.3,Brisbane Heat,Sydney Thunder,LMP Simmons,JJ Peirson,GS Sandhu,0,0,,,,,,,,,
897729,2015/16,2016-01-03,"Brisbane Cricket Ground, Woolloongabba",2,1.4,Brisbane Heat,Sydney Thunder,LMP Simmons,JJ Peirson,GS Sandhu,1,0,,,,,,,,,
897729,2015/16,2016-01-03,"Brisbane Cricket Ground, Woolloongabba",2,1.5,Brisbane Heat,Sydney Thunder,JJ Peirson,LMP Simmons,GS Sandhu,0,0,,,,,,,,,
897729,2015/16,2016-01-03,"Brisbane Cricket Ground, Woolloongabba",2,1.6,Brisbane Heat,Sydney Thunder,JJ Peirson,LMP Simmons,GS Sandhu,0,0,,,,,,,,,
897729,2015/16,2016-01-03,"Brisbane Cricket Ground, Woolloongabba",2,2.1,Brisbane Heat,Sydney Thunder,LMP Simmons,JJ Peirson,CJ McKay,1,0,,,,,,,,,
897729,2015/16,2016-01-03,"Brisbane Cricket Ground, Woolloongabba",2,2.2,Brisbane Heat,Sydney Thunder,JJ Peirson,LMP Simmons,CJ McKay,4,0,,,,,,,,,
897729,2015/16,2016-01-03,"Brisbane Cricket Ground, Woolloongabba",2,2.3,Brisbane Heat,Sydney Thunder,JJ Peirson,LMP Simmons,CJ McKay,2,0,,,,,,,,,
897729,2015/16,2016-01-03,"Brisbane Cricket Ground, Woolloongabba",2,2.4,Brisbane Heat,Sydney Thunder,JJ Peirson,LMP Simmons,CJ McKay,0,0,,,,,,,,,
897729,2015/16,2016-01-03,"Brisbane Cricket Ground, Woolloongabba",2,2.5,Brisbane Heat,Sydney Thunder,JJ Peirson,LMP Simmons,CJ McKay,0,0,,,,,,,,,
897729,2015/16,2016-01-03,"Brisbane Cricket Ground, Woolloongabba",2,2.6,Brisbane Heat,Sydney Thunder,JJ Peirson,LMP Simmons,CJ McKay,0,0,,,,,,,,,
897729,2015/16,2016-01-03,"Brisbane Cricket Ground, Woolloongabba",2,3.1,Brisbane Heat,Sydney Thunder,LMP Simmons,JJ Peirson,GS Sandhu,0,0,,,,,,,,,
897729,2015/16,2016-01-03,"Brisbane Cricket Ground, Woolloongabba",2,3.2,Brisbane Heat,Sydney Thunder,LMP Simmons,JJ Peirson,GS Sandhu,0,0,,,,,,,,,
897729,2015/16,2016-01-03,"Brisbane Cricket Ground, Woolloongabba",2,3.3,Brisbane Heat,Sydney Thunder,LMP Simmons,JJ Peirson,GS Sandhu,0,0,,,,,,,,,
897729,2015/16,2016-01-03,"Brisbane Cricket Ground, Woolloongabba",2,3.4,Brisbane Heat,Sydney Thunder,LMP Simmons,JJ Peirson,GS Sandhu,1,0,,,,,,,,,
897729,2015/16,2016-01-03,"Brisbane Cricket Ground, Woolloongabba",2,3.5,Brisbane Heat,Sydney Thunder,JJ Peirson,LMP Simmons,GS Sandhu,4,0,,,,,,,,,
897729,2015/16,2016-01-03,"Brisbane Cricket Ground, Woolloongabba",2,3.6,Brisbane Heat,Sydney Thunder,JJ Peirson,LMP Simmons,GS Sandhu,2,0,,,,,,,,,
897729,2015/16,2016-01-03,"Brisbane Cricket Ground, Woolloongabba",2,4.1,Brisbane Heat,Sydney Thunder,LMP Simmons,JJ Peirson,CJ McKay,6,0,,,,,,,,,
897729,2015/16,2016-01-03,"Brisbane Cricket Ground, Woolloongabba",2,4.2,Brisbane Heat,Sydney Thunder,LMP Simmons,JJ Peirson,CJ McKay,1,0,,,,,,,,,
897729,2015/16,2016-01-03,"Brisbane Cricket Ground, Woolloongabba",2,4.3,Brisbane Heat,Sydney Thunder,JJ Peirson,LMP Simmons,CJ McKay,0,0,,,,,,,,,
897729,2015/16,2016-01-03,"Brisbane Cricket Ground, Woolloongabba",2,4.4,Brisbane Heat,Sydney Thunder,JJ Peirson,LMP Simmons,CJ McKay,4,0,,,,,,,,,
897729,2015/16,2016-01-03,"Brisbane Cricket Ground, Woolloongabba",2,4.5,Brisbane Heat,Sydney Thunder,JJ Peirson,LMP Simmons,CJ McKay,1,0,,,,,,,,,
897729,2015/16,2016-01-03,"Brisbane Cricket Ground, Woolloongabba",2,4.6,Brisbane Heat,Sydney Thunder,LMP Simmons,JJ Peirson,CJ McKay,4,0,,,,,,,,,
897729,2015/16,2016-01-03,"Brisbane Cricket Ground, Woolloongabba",2,5.1,Brisbane Heat,Sydney Thunder,JJ Peirson,LMP Simmons,AD Russell,0,0,,,,,,,,,
897729,2015/16,2016-01-03,"Brisbane Cricket Ground, Woolloongabba",2,5.2,Brisbane Heat,Sydney Thunder,JJ Peirson,LMP Simmons,AD Russell,0,0,,,,,,,,,
897729,2015/16,2016-01-03,"Brisbane Cricket Ground, Woolloongabba",2,5.3,Brisbane Heat,Sydney Thunder,JJ Peirson,LMP Simmons,AD Russell,0,0,,,,,,,,,
897729,2015/16,2016-01-03,"Brisbane Cricket Ground, Woolloongabba",2,5.4,Brisbane Heat,Sydney Thunder,JJ Peirson,LMP Simmons,AD Russell,4,0,,,,,,,,,
897729,2015/16,2016-01-03,"Brisbane Cricket Ground, Woolloongabba",2,5.5,Brisbane Heat,Sydney Thunder,JJ Peirson,LMP Simmons,AD Russell,1,0,,,,,,,,,
897729,2015/16,2016-01-03,"Brisbane Cricket Ground, Woolloongabba",2,5.6,Brisbane Heat,Sydney Thunder,LMP Simmons,JJ Peirson,AD Russell,1,0,,,,,,,,,
897729,2015/16,2016-01-03,"Brisbane Cricket Ground, Woolloongabba",2,6.1,Brisbane Heat,Sydney Thunder,LMP Simmons,JJ Peirson,Fawad Ahmed,0,0,,,,,,,,,
897729,2015/16,2016-01-03,"Brisbane Cricket Ground, Woolloongabba",2,6.2,Brisbane Heat,Sydney Thunder,LMP Simmons,JJ Peirson,Fawad Ahmed,2,0,,,,,,,,,
897729,2015/16,2016-01-03,"Brisbane Cricket Ground, Woolloongabba",2,6.3,Brisbane Heat,Sydney Thunder,LMP Simmons,JJ Peirson,Fawad Ahmed,1,0,,,,,,,,,
897729,2015/16,2016-01-03,"Brisbane Cricket Ground, Woolloongabba",2,6.4,Brisbane Heat,Sydney Thunder,JJ Peirson,LMP Simmons,Fawad Ahmed,1,0,,,,,,,,,
897729,2015/16,2016-01-03,"Brisbane Cricket Ground, Woolloongabba",2,6.5,Brisbane Heat,Sydney Thunder,LMP Simmons,JJ Peirson,Fawad Ahmed,1,0,,,,,,,,,
897729,2015/16,2016-01-03,"Brisbane Cricket Ground, Woolloongabba",2,6.6,Brisbane Heat,Sydney Thunder,JJ Peirson,LMP Simmons,Fawad Ahmed,1,0,,,,,,,,,
897729,2015/16,2016-01-03,"Brisbane Cricket Ground, Woolloongabba",2,7.1,Brisbane Heat,Sydney Thunder,JJ Peirson,LMP Simmons,CJ Green,1,0,,,,,,,,,
897729,2015/16,2016-01-03,"Brisbane Cricket Ground, Woolloongabba",2,7.2,Brisbane Heat,Sydney Thunder,LMP Simmons,JJ Peirson,CJ Green,0,0,,,,,,,,,
897729,2015/16,2016-01-03,"Brisbane Cricket Ground, Woolloongabba",2,7.3,Brisbane Heat,Sydney Thunder,LMP Simmons,JJ Peirson,CJ Green,0,0,,,,,,,,,
897729,2015/16,2016-01-03,"Brisbane Cricket Ground, Woolloongabba",2,7.4,Brisbane Heat,Sydney Thunder,LMP Simmons,JJ Peirson,CJ Green,6,0,,,,,,,,,
897729,2015/16,2016-01-03,"Brisbane Cricket Ground, Woolloongabba",2,7.5,Brisbane Heat,Sydney Thunder,LMP Simmons,JJ Peirson,CJ Green,1,0,,,,,,,,,
897729,2015/16,2016-01-03,"Brisbane Cricket Ground, Woolloongabba",2,7.6,Brisbane Heat,Sydney Thunder,JJ Peirson,LMP Simmons,CJ Green,1,0,,,,,,,,,
897729,2015/16,2016-01-03,"Brisbane Cricket Ground, Woolloongabba",2,8.1,Brisbane Heat,Sydney Thunder,JJ Peirson,LMP Simmons,Fawad Ahmed,1,0,,,,,,,,,
897729,2015/16,2016-01-03,"Brisbane Cricket Ground, Woolloongabba",2,8.2,Brisbane Heat,Sydney Thunder,LMP Simmons,JJ Peirson,Fawad Ahmed,0,0,,,,,,,,,
897729,2015/16,2016-01-03,"Brisbane Cricket Ground, Woolloongabba",2,8.3,Brisbane Heat,Sydney Thunder,LMP Simmons,JJ Peirson,Fawad Ahmed,3,0,,,,,,,,,
897729,2015/16,2016-01-03,"Brisbane Cricket Ground, Woolloongabba",2,8.4,Brisbane Heat,Sydney Thunder,JJ Peirson,LMP Simmons,Fawad Ahmed,0,0,,,,,,,,,
897729,2015/16,2016-01-03,"Brisbane Cricket Ground, Woolloongabba",2,8.5,Brisbane Heat,Sydney Thunder,JJ Peirson,LMP Simmons,Fawad Ahmed,1,0,,,,,,,,,
897729,2015/16,2016-01-03,"Brisbane Cricket Ground, Woolloongabba",2,8.6,Brisbane Heat,Sydney Thunder,LMP Simmons,JJ Peirson,Fawad Ahmed,1,0,,,,,,,,,
897729,2015/16,2016-01-03,"Brisbane Cricket Ground, Woolloongabba",2,9.1,Brisbane Heat,Sydney Thunder,LMP Simmons,JJ Peirson,SR Watson,0,0,,,,,,caught,LMP Simmons,,
897729,2015/16,2016-01-03,"Brisbane Cricket Ground, Woolloongabba",2,9.2,Brisbane Heat,Sydney Thunder,CA Lynn,JJ Peirson,SR Watson,1,0,,,,,,,,,
897729,2015/16,2016-01-03,"Brisbane Cricket Ground, Woolloongabba",2,9.3,Brisbane Heat,Sydney Thunder,JJ Peirson,CA Lynn,SR Watson,0,1,,,,1,,,,,
897729,2015/16,2016-01-03,"Brisbane Cricket Ground, Woolloongabba",2,9.4,Brisbane Heat,Sydney Thunder,CA Lynn,JJ Peirson,SR Watson,0,0,,,,,,,,,
897729,2015/16,2016-01-03,"Brisbane Cricket Ground, Woolloongabba",2,9.5,Brisbane Heat,Sydney Thunder,CA Lynn,JJ Peirson,SR Watson,0,0,,,,,,,,,
897729,2015/16,2016-01-03,"Brisbane Cricket Ground, Woolloongabba",2,9.6,Brisbane Heat,Sydney Thunder,CA Lynn,JJ Peirson,SR Watson,0,0,,,,,,,,,
897729,2015/16,2016-01-03,"Brisbane Cricket Ground, Woolloongabba",2,10.1,Brisbane Heat,Sydney Thunder,JJ Peirson,CA Lynn,Fawad Ahmed,0,1,1,,,,,,,,
897729,2015/16,2016-01-03,"Brisbane Cricket Ground, Woolloongabba",2,10.2,Brisbane Heat,Sydney Thunder,JJ Peirson,CA Lynn,Fawad Ahmed,1,0,,,,,,,,,
897729,2015/16,2016-01-03,"Brisbane Cricket Ground, Woolloongabba",2,10.3,Brisbane Heat,Sydney Thunder,CA Lynn,JJ Peirson,Fawad Ahmed,1,0,,,,,,,,,
897729,2015/16,2016-01-03,"Brisbane Cricket Ground, Woolloongabba",2,10.4,Brisbane Heat,Sydney Thunder,JJ Peirson,CA Lynn,Fawad Ahmed,0,1,,,1,,,,,,
897729,2015/16,2016-01-03,"Brisbane Cricket Ground, Woolloongabba",2,10.5,Brisbane Heat,Sydney Thunder,CA Lynn,JJ Peirson,Fawad Ahmed,0,0,,,,,,,,,
897729,2015/16,2016-01-03,"Brisbane Cricket Ground, Woolloongabba",2,10.6,Brisbane Heat,Sydney Thunder,CA Lynn,JJ Peirson,Fawad Ahmed,6,0,,,,,,,,,
897729,2015/16,2016-01-03,"Brisbane Cricket Ground, Woolloongabba",2,10.7,Brisbane Heat,Sydney Thunder,CA Lynn,JJ Peirson,Fawad Ahmed,0,0,,,,,,,,,
897729,2015/16,2016-01-03,"Brisbane Cricket Ground, Woolloongabba",2,11.1,Brisbane Heat,Sydney Thunder,JJ Peirson,CA Lynn,CJ Green,0,0,,,,,,,,,
897729,2015/16,2016-01-03,"Brisbane Cricket Ground, Woolloongabba",2,11.2,Brisbane Heat,Sydney Thunder,JJ Peirson,CA Lynn,CJ Green,1,0,,,,,,,,,
897729,2015/16,2016-01-03,"Brisbane Cricket Ground, Woolloongabba",2,11.3,Brisbane Heat,Sydney Thunder,CA Lynn,JJ Peirson,CJ Green,3,0,,,,,,,,,
897729,2015/16,2016-01-03,"Brisbane Cricket Ground, Woolloongabba",2,11.4,Brisbane Heat,Sydney Thunder,JJ Peirson,CA Lynn,CJ Green,0,0,,,,,,stumped,JJ Peirson,,
897729,2015/16,2016-01-03,"Brisbane Cricket Ground, Woolloongabba",2,11.5,Brisbane Heat,Sydney Thunder,NJ Reardon,CA Lynn,CJ Green,2,0,,,,,,,,,
897729,2015/16,2016-01-03,"Brisbane Cricket Ground, Woolloongabba",2,11.6,Brisbane Heat,Sydney Thunder,NJ Reardon,CA Lynn,CJ Green,0,0,,,,,,,,,
897729,2015/16,2016-01-03,"Brisbane Cricket Ground, Woolloongabba",2,12.1,Brisbane Heat,Sydney Thunder,CA Lynn,NJ Reardon,Fawad Ahmed,4,0,,,,,,,,,
897729,2015/16,2016-01-03,"Brisbane Cricket Ground, Woolloongabba",2,12.2,Brisbane Heat,Sydney Thunder,CA Lynn,NJ Reardon,Fawad Ahmed,1,0,,,,,,,,,
897729,2015/16,2016-01-03,"Brisbane Cricket Ground, Woolloongabba",2,12.3,Brisbane Heat,Sydney Thunder,NJ Reardon,CA Lynn,Fawad Ahmed,1,0,,,,,,,,,
897729,2015/16,2016-01-03,"Brisbane Cricket Ground, Woolloongabba",2,12.4,Brisbane Heat,Sydney Thunder,CA Lynn,NJ Reardon,Fawad Ahmed,1,0,,,,,,,,,
897729,2015/16,2016-01-03,"Brisbane Cricket Ground, Woolloongabba",2,12.5,Brisbane Heat,Sydney Thunder,NJ Reardon,CA Lynn,Fawad Ahmed,0,0,,,,,,,,,
897729,2015/16,2016-01-03,"Brisbane Cricket Ground, Woolloongabba",2,12.6,Brisbane Heat,Sydney Thunder,NJ Reardon,CA Lynn,Fawad Ahmed,0,0,,,,,,,,,
897729,2015/16,2016-01-03,"Brisbane Cricket Ground, Woolloongabba",2,13.1,Brisbane Heat,Sydney Thunder,CA Lynn,NJ Reardon,SR Watson,4,0,,,,,,,,,
897729,2015/16,2016-01-03,"Brisbane Cricket Ground, Woolloongabba",2,13.2,Brisbane Heat,Sydney Thunder,CA Lynn,NJ Reardon,SR Watson,0,1,1,,,,,,,,
897729,2015/16,2016-01-03,"Brisbane Cricket Ground, Woolloongabba",2,13.3,Brisbane Heat,Sydney Thunder,CA Lynn,NJ Reardon,SR Watson,1,0,,,,,,,,,
897729,2015/16,2016-01-03,"Brisbane Cricket Ground, Woolloongabba",2,13.4,Brisbane Heat,Sydney Thunder,NJ Reardon,CA Lynn,SR Watson,1,0,,,,,,,,,
897729,2015/16,2016-01-03,"Brisbane Cricket Ground, Woolloongabba",2,13.5,Brisbane Heat,Sydney Thunder,CA Lynn,NJ Reardon,SR Watson,4,0,,,,,,,,,
897729,2015/16,2016-01-03,"Brisbane Cricket Ground, Woolloongabba",2,13.6,Brisbane Heat,Sydney Thunder,CA Lynn,NJ Reardon,SR Watson,2,0,,,,,,,,,
897729,2015/16,2016-01-03,"Brisbane Cricket Ground, Woolloongabba",2,13.7,Brisbane Heat,Sydney Thunder,CA Lynn,NJ Reardon,SR Watson,6,0,,,,,,,,,
897729,2015/16,2016-01-03,"Brisbane Cricket Ground, Woolloongabba",2,14.1,Brisbane Heat,Sydney Thunder,NJ Reardon,CA Lynn,AD Russell,0,0,,,,,,,,,
897729,2015/16,2016-01-03,"Brisbane Cricket Ground, Woolloongabba",2,14.2,Brisbane Heat,Sydney Thunder,NJ Reardon,CA Lynn,AD Russell,0,0,,,,,,,,,
897729,2015/16,2016-01-03,"Brisbane Cricket Ground, Woolloongabba",2,14.3,Brisbane Heat,Sydney Thunder,NJ Reardon,CA Lynn,AD Russell,4,0,,,,,,,,,
897729,2015/16,2016-01-03,"Brisbane Cricket Ground, Woolloongabba",2,14.4,Brisbane Heat,Sydney Thunder,NJ Reardon,CA Lynn,AD Russell,0,0,,,,,,caught,NJ Reardon,,
897729,2015/16,2016-01-03,"Brisbane Cricket Ground, Woolloongabba",2,14.5,Brisbane Heat,Sydney Thunder,BCJ Cutting,CA Lynn,AD Russell,1,0,,,,,,,,,
897729,2015/16,2016-01-03,"Brisbane Cricket Ground, Woolloongabba",2,14.6,Brisbane Heat,Sydney Thunder,CA Lynn,BCJ Cutting,AD Russell,1,0,,,,,,,,,
897729,2015/16,2016-01-03,"Brisbane Cricket Ground, Woolloongabba",2,15.1,Brisbane Heat,Sydney Thunder,CA Lynn,BCJ Cutting,GS Sandhu,6,0,,,,,,,,,
897729,2015/16,2016-01-03,"Brisbane Cricket Ground, Woolloongabba",2,15.2,Brisbane Heat,Sydney Thunder,CA Lynn,BCJ Cutting,GS Sandhu,6,0,,,,,,,,,
897729,2015/16,2016-01-03,"Brisbane Cricket Ground, Woolloongabba",2,15.3,Brisbane Heat,Sydney Thunder,CA Lynn,BCJ Cutting,GS Sandhu,4,0,,,,,,,,,
897729,2015/16,2016-01-03,"Brisbane Cricket Ground, Woolloongabba",2,15.4,Brisbane Heat,Sydney Thunder,CA Lynn,BCJ Cutting,GS Sandhu,6,0,,,,,,,,,
897729,2015/16,2016-01-03,"Brisbane Cricket Ground, Woolloongabba",2,15.5,Brisbane Heat,Sydney Thunder,CA Lynn,BCJ Cutting,GS Sandhu,0,1,1,,,,,,,,
897729,2015/16,2016-01-03,"Brisbane Cricket Ground, Woolloongabba",2,15.6,Brisbane Heat,Sydney Thunder,CA Lynn,BCJ Cutting,GS Sandhu,2,0,,,,,,,,,
897729,2015/16,2016-01-03,"Brisbane Cricket Ground, Woolloongabba",2,15.7,Brisbane Heat,Sydney Thunder,CA Lynn,BCJ Cutting,GS Sandhu,0,0,,,,,,,,,
897729,2015/16,2016-01-03,"Brisbane Cricket Ground, Woolloongabba",2,16.1,Brisbane Heat,Sydney Thunder,BCJ Cutting,CA Lynn,CJ McKay,0,0,,,,,,,,,
897729,2015/16,2016-01-03,"Brisbane Cricket Ground, Woolloongabba",2,16.2,Brisbane Heat,Sydney Thunder,BCJ Cutting,CA Lynn,CJ McKay,0,1,1,,,,,,,,
897729,2015/16,2016-01-03,"Brisbane Cricket Ground, Woolloongabba",2,16.3,Brisbane Heat,Sydney Thunder,BCJ Cutting,CA Lynn,CJ McKay,1,0,,,,,,,,,
897729,2015/16,2016-01-03,"Brisbane Cricket Ground, Woolloongabba",2,16.4,Brisbane Heat,Sydney Thunder,CA Lynn,BCJ Cutting,CJ McKay,1,0,,,,,,,,,
897729,2015/16,2016-01-03,"Brisbane Cricket Ground, Woolloongabba",2,16.5,Brisbane Heat,Sydney Thunder,BCJ Cutting,CA Lynn,CJ McKay,2,0,,,,,,,,,
897729,2015/16,2016-01-03,"Brisbane Cricket Ground, Woolloongabba",2,16.6,Brisbane Heat,Sydney Thunder,BCJ Cutting,CA Lynn,CJ McKay,0,1,1,,,,,,,,
897729,2015/16,2016-01-03,"Brisbane Cricket Ground, Woolloongabba",2,16.7,Brisbane Heat,Sydney Thunder,BCJ Cutting,CA Lynn,CJ McKay,4,0,,,,,,,,,
897729,2015/16,2016-01-03,"Brisbane Cricket Ground, Woolloongabba",2,16.8,Brisbane Heat,Sydney Thunder,BCJ Cutting,CA Lynn,CJ McKay,0,1,1,,,,,,,,
897729,2015/16,2016-01-03,"Brisbane Cricket Ground, Woolloongabba",2,16.9,Brisbane Heat,Sydney Thunder,BCJ Cutting,CA Lynn,CJ McKay,1,0,,,,,,,,,
897729,2015/16,2016-01-03,"Brisbane Cricket Ground, Woolloongabba",2,17.1,Brisbane Heat,Sydney Thunder,BCJ Cutting,CA Lynn,GS Sandhu,4,0,,,,,,,,,
897729,2015/16,2016-01-03,"Brisbane Cricket Ground, Woolloongabba",2,17.2,Brisbane Heat,Sydney Thunder,BCJ Cutting,CA Lynn,GS Sandhu,1,1,,1,,,,,,,
897729,2015/16,2016-01-03,"Brisbane Cricket Ground, Woolloongabba",2,17.3,Brisbane Heat,Sydney Thunder,CA Lynn,BCJ Cutting,GS Sandhu,0,0,,,,,,,,,
897729,2015/16,2016-01-03,"Brisbane Cricket Ground, Woolloongabba",2,17.4,Brisbane Heat,Sydney Thunder,CA Lynn,BCJ Cutting,GS Sandhu,6,0,,,,,,,,,
897729,2015/16,2016-01-03,"Brisbane Cricket Ground, Woolloongabba",2,17.5,Brisbane Heat,Sydney Thunder,CA Lynn,BCJ Cutting,GS Sandhu,4,0,,,,,,,,,
897729,2015/16,2016-01-03,"Brisbane Cricket Ground, Woolloongabba",2,17.6,Brisbane Heat,Sydney Thunder,CA Lynn,BCJ Cutting,GS Sandhu,1,0,,,,,,,,,
897729,2015/16,2016-01-03,"Brisbane Cricket Ground, Woolloongabba",2,17.7,Brisbane Heat,Sydney Thunder,BCJ Cutting,CA Lynn,GS Sandhu,1,0,,,,,,,,,
897729,2015/16,2016-01-03,"Brisbane Cricket Ground, Woolloongabba",2,18.1,Brisbane Heat,Sydney Thunder,BCJ Cutting,CA Lynn,AD Russell,1,0,,,,,,,,,
897729,2015/16,2016-01-03,"Brisbane Cricket Ground, Woolloongabba",2,18.2,Brisbane Heat,Sydney Thunder,CA Lynn,BCJ Cutting,AD Russell,0,0,,,,,,,,,
897729,2015/16,2016-01-03,"Brisbane Cricket Ground, Woolloongabba",2,18.3,Brisbane Heat,Sydney Thunder,CA Lynn,BCJ Cutting,AD Russell,4,0,,,,,,,,,
897729,2015/16,2016-01-03,"Brisbane Cricket Ground, Woolloongabba",2,18.4,Brisbane Heat,Sydney Thunder,CA Lynn,BCJ Cutting,AD Russell,0,0,,,,,,caught,CA Lynn,,
897729,2015/16,2016-01-03,"Brisbane Cricket Ground, Woolloongabba",2,18.5,Brisbane Heat,Sydney Thunder,BCJ Cutting,SD Heazlett,AD Russell,1,0,,,,,,,,,
897729,2015/16,2016-01-03,"Brisbane Cricket Ground, Woolloongabba",2,18.6,Brisbane Heat,Sydney Thunder,SD Heazlett,BCJ Cutting,AD Russell,0,0,,,,,,,,,
897729,2015/16,2016-01-03,"Brisbane Cricket Ground, Woolloongabba",2,19.1,Brisbane Heat,Sydney Thunder,BCJ Cutting,SD Heazlett,CJ McKay,1,0,,,,,,,,,
897729,2015/16,2016-01-03,"Brisbane Cricket Ground, Woolloongabba",2,19.2,Brisbane Heat,Sydney Thunder,SD Heazlett,BCJ Cutting,CJ McKay,1,0,,,,,,,,,
897729,2015/16,2016-01-03,"Brisbane Cricket Ground, Woolloongabba",2,19.3,Brisbane Heat,Sydney Thunder,BCJ Cutting,SD Heazlett,CJ McKay,4,0,,,,,,,,,
