match_id,season,start_date,venue,innings,ball,batting_team,bowling_team,striker,non_striker,bowler,runs_off_bat,extras,wides,noballs,byes,legbyes,penalty,wicket_type,player_dismissed,other_wicket_type,other_player_dismissed
897733,2015/16,2016-01-05,Adelaide Oval,1,0.1,Adelaide Strikers,Perth Scorchers,TP Ludeman,DPMD Jayawardene,JP Behrendorff,0,0,,,,,,,,,
897733,2015/16,2016-01-05,Adelaide Oval,1,0.2,Adelaide Strikers,Perth Scorchers,TP Ludeman,DPMD Jayawardene,JP Behrendorff,0,0,,,,,,,,,
897733,2015/16,2016-01-05,Adelaide Oval,1,0.3,Adelaide Strikers,Perth Scorchers,TP Ludeman,DPMD Jayawardene,JP Behrendorff,4,0,,,,,,,,,
897733,2015/16,2016-01-05,Adelaide Oval,1,0.4,Adelaide Strikers,Perth Scorchers,TP Ludeman,DPMD Jayawardene,JP Behrendorff,0,0,,,,,,,,,
897733,2015/16,2016-01-05,Adelaide Oval,1,0.5,Adelaide Strikers,Perth Scorchers,TP Ludeman,DPMD Jayawardene,JP Behrendorff,4,0,,,,,,,,,
897733,2015/16,2016-01-05,Adelaide Oval,1,0.6,Adelaide Strikers,Perth Scorchers,TP Ludeman,DPMD Jayawardene,JP Behrendorff,0,1,1,,,,,,,,
897733,2015/16,2016-01-05,Adelaide Oval,1,0.7,Adelaide Strikers,Perth Scorchers,TP Ludeman,DPMD Jayawardene,JP Behrendorff,0,0,,,,,,,,,
897733,2015/16,2016-01-05,Adelaide Oval,1,1.1,Adelaide Strikers,Perth Scorchers,DPMD Jayawardene,TP Ludeman,DJ Willey,0,0,,,,,,,,,
897733,2015/16,2016-01-05,Adelaide Oval,1,1.2,Adelaide Strikers,Perth Scorchers,DPMD Jayawardene,TP Ludeman,DJ Willey,4,0,,,,,,,,,
897733,2015/16,2016-01-05,Adelaide Oval,1,1.3,Adelaide Strikers,Perth Scorchers,DPMD Jayawardene,TP Ludeman,DJ Willey,0,0,,,,,,,,,
897733,2015/16,2016-01-05,Adelaide Oval,1,1.4,Adelaide Strikers,Perth Scorchers,DPMD Jayawardene,TP Ludeman,DJ Willey,0,0,,,,,,,,,
897733,2015/16,2016-01-05,Adelaide Oval,1,1.5,Adelaide Strikers,Perth Scorchers,DPMD Jayawardene,TP Ludeman,DJ Willey,1,0,,,,,,,,,
897733,2015/16,2016-01-05,Adelaide Oval,1,1.6,Adelaide Strikers,Perth Scorchers,TP Ludeman,DPMD Jayawardene,DJ Willey,0,0,,,,,,,,,
897733,2015/16,2016-01-05,Adelaide Oval,1,2.1,Adelaide Strikers,Perth Scorchers,DPMD Jayawardene,TP Ludeman,JP Behrendorff,0,0,,,,,,,,,
897733,2015/16,2016-01-05,Adelaide Oval,1,2.2,Adelaide Strikers,Perth Scorchers,DPMD Jayawardene,TP Ludeman,JP Behrendorff,1,0,,,,,,,,,
897733,2015/16,2016-01-05,Adelaide Oval,1,2.3,Adelaide Strikers,Perth Scorchers,TP Ludeman,DPMD Jayawardene,JP Behrendorff,0,0,,,,,,,,,
897733,2015/16,2016-01-05,Adelaide Oval,1,2.4,Adelaide Strikers,Perth Scorchers,TP Ludeman,DPMD Jayawardene,JP Behrendorff,0,0,,,,,,,,,
897733,2015/16,2016-01-05,Adelaide Oval,1,2.5,Adelaide Strikers,Perth Scorchers,TP Ludeman,DPMD Jayawardene,JP Behrendorff,0,0,,,,,,,,,
897733,2015/16,2016-01-05,Adelaide Oval,1,2.6,Adelaide Strikers,Perth Scorchers,TP Ludeman,DPMD Jayawardene,JP Behrendorff,0,0,,,,,,,,,
897733,2015/16,2016-01-05,Adelaide Oval,1,3.1,Adelaide Strikers,Perth Scorchers,DPMD Jayawardene,TP Ludeman,DJ Willey,1,0,,,,,,,,,
897733,2015/16,2016-01-05,Adelaide Oval,1,3.2,Adelaide Strikers,Perth Scorchers,TP Ludeman,DPMD Jayawardene,DJ Willey,1,0,,,,,,,,,
897733,2015/16,2016-01-05,Adelaide Oval,1,3.3,Adelaide Strikers,Perth Scorchers,DPMD Jayawardene,TP Ludeman,DJ Willey,4,0,,,,,,,,,
897733,2015/16,2016-01-05,Adelaide Oval,1,3.4,Adelaide Strikers,Perth Scorchers,DPMD Jayawardene,TP Ludeman,DJ Willey,0,0,,,,,,,,,
897733,2015/16,2016-01-05,Adelaide Oval,1,3.5,Adelaide Strikers,Perth Scorchers,DPMD Jayawardene,TP Ludeman,DJ Willey,4,0,,,,,,,,,
897733,2015/16,2016-01-05,Adelaide Oval,1,3.6,Adelaide Strikers,Perth Scorchers,DPMD Jayawardene,TP Ludeman,DJ Willey,4,0,,,,,,,,,
897733,2015/16,2016-01-05,Adelaide Oval,1,4.1,Adelaide Strikers,Perth Scorchers,TP Ludeman,DPMD Jayawardene,JP Behrendorff,0,0,,,,,,,,,
897733,2015/16,2016-01-05,Adelaide Oval,1,4.2,Adelaide Strikers,Perth Scorchers,TP Ludeman,DPMD Jayawardene,JP Behrendorff,1,0,,,,,,,,,
897733,2015/16,2016-01-05,Adelaide Oval,1,4.3,Adelaide Strikers,Perth Scorchers,DPMD Jayawardene,TP Ludeman,JP Behrendorff,0,0,,,,,,,,,
897733,2015/16,2016-01-05,Adelaide Oval,1,4.4,Adelaide Strikers,Perth Scorchers,DPMD Jayawardene,TP Ludeman,JP Behrendorff,0,0,,,,,,,,,
897733,2015/16,2016-01-05,Adelaide Oval,1,4.5,Adelaide Strikers,Perth Scorchers,DPMD Jayawardene,TP Ludeman,JP Behrendorff,4,0,,,,,,,,,
897733,2015/16,2016-01-05,Adelaide Oval,1,4.6,Adelaide Strikers,Perth Scorchers,DPMD Jayawardene,TP Ludeman,JP Behrendorff,6,0,,,,,,,,,
897733,2015/16,2016-01-05,Adelaide Oval,1,5.1,Adelaide Strikers,Perth Scorchers,TP Ludeman,DPMD Jayawardene,AC Agar,1,0,,,,,,,,,
897733,2015/16,2016-01-05,Adelaide Oval,1,5.2,Adelaide Strikers,Perth Scorchers,DPMD Jayawardene,TP Ludeman,AC Agar,0,0,,,,,,,,,
897733,2015/16,2016-01-05,Adelaide Oval,1,5.3,Adelaide Strikers,Perth Scorchers,DPMD Jayawardene,TP Ludeman,AC Agar,1,0,,,,,,,,,
897733,2015/16,2016-01-05,Adelaide Oval,1,5.4,Adelaide Strikers,Perth Scorchers,TP Ludeman,DPMD Jayawardene,AC Agar,1,0,,,,,,,,,
897733,2015/16,2016-01-05,Adelaide Oval,1,5.5,Adelaide Strikers,Perth Scorchers,DPMD Jayawardene,TP Ludeman,AC Agar,1,0,,,,,,,,,
897733,2015/16,2016-01-05,Adelaide Oval,1,5.6,Adelaide Strikers,Perth Scorchers,TP Ludeman,DPMD Jayawardene,AC Agar,1,0,,,,,,,,,
897733,2015/16,2016-01-05,Adelaide Oval,1,6.1,Adelaide Strikers,Perth Scorchers,TP Ludeman,DPMD Jayawardene,JS Paris,1,0,,,,,,,,,
897733,2015/16,2016-01-05,Adelaide Oval,1,6.2,Adelaide Strikers,Perth Scorchers,DPMD Jayawardene,TP Ludeman,JS Paris,0,1,1,,,,,,,,
897733,2015/16,2016-01-05,Adelaide Oval,1,6.3,Adelaide Strikers,Perth Scorchers,DPMD Jayawardene,TP Ludeman,JS Paris,1,0,,,,,,,,,
897733,2015/16,2016-01-05,Adelaide Oval,1,6.4,Adelaide Strikers,Perth Scorchers,TP Ludeman,DPMD Jayawardene,JS Paris,0,0,,,,,,,,,
897733,2015/16,2016-01-05,Adelaide Oval,1,6.5,Adelaide Strikers,Perth Scorchers,TP Ludeman,DPMD Jayawardene,JS Paris,0,0,,,,,,,,,
897733,2015/16,2016-01-05,Adelaide Oval,1,6.6,Adelaide Strikers,Perth Scorchers,TP Ludeman,DPMD Jayawardene,JS Paris,1,0,,,,,,,,,
897733,2015/16,2016-01-05,Adelaide Oval,1,6.7,Adelaide Strikers,Perth Scorchers,DPMD Jayawardene,TP Ludeman,JS Paris,0,0,,,,,,,,,
897733,2015/16,2016-01-05,Adelaide Oval,1,7.1,Adelaide Strikers,Perth Scorchers,TP Ludeman,DPMD Jayawardene,GB Hogg,2,0,,,,,,,,,
897733,2015/16,2016-01-05,Adelaide Oval,1,7.2,Adelaide Strikers,Perth Scorchers,TP Ludeman,DPMD Jayawardene,GB Hogg,1,0,,,,,,,,,
897733,2015/16,2016-01-05,Adelaide Oval,1,7.3,Adelaide Strikers,Perth Scorchers,DPMD Jayawardene,TP Ludeman,GB Hogg,6,0,,,,,,,,,
897733,2015/16,2016-01-05,Adelaide Oval,1,7.4,Adelaide Strikers,Perth Scorchers,DPMD Jayawardene,TP Ludeman,GB Hogg,1,0,,,,,,,,,
897733,2015/16,2016-01-05,Adelaide Oval,1,7.5,Adelaide Strikers,Perth Scorchers,TP Ludeman,DPMD Jayawardene,GB Hogg,0,0,,,,,,,,,
897733,2015/16,2016-01-05,Adelaide Oval,1,7.6,Adelaide Strikers,Perth Scorchers,TP Ludeman,DPMD Jayawardene,GB Hogg,0,0,,,,,,,,,
897733,2015/16,2016-01-05,Adelaide Oval,1,8.1,Adelaide Strikers,Perth Scorchers,DPMD Jayawardene,TP Ludeman,JS Paris,0,0,,,,,,,,,
897733,2015/16,2016-01-05,Adelaide Oval,1,8.2,Adelaide Strikers,Perth Scorchers,DPMD Jayawardene,TP Ludeman,JS Paris,1,0,,,,,,,,,
897733,2015/16,2016-01-05,Adelaide Oval,1,8.3,Adelaide Strikers,Perth Scorchers,TP Ludeman,DPMD Jayawardene,JS Paris,0,0,,,,,,,,,
897733,2015/16,2016-01-05,Adelaide Oval,1,8.4,Adelaide Strikers,Perth Scorchers,TP Ludeman,DPMD Jayawardene,JS Paris,1,0,,,,,,,,,
897733,2015/16,2016-01-05,Adelaide Oval,1,8.5,Adelaide Strikers,Perth Scorchers,DPMD Jayawardene,TP Ludeman,JS Paris,4,0,,,,,,,,,
897733,2015/16,2016-01-05,Adelaide Oval,1,8.6,Adelaide Strikers,Perth Scorchers,DPMD Jayawardene,TP Ludeman,JS Paris,1,0,,,,,,,,,
897733,2015/16,2016-01-05,Adelaide Oval,1,9.1,Adelaide Strikers,Perth Scorchers,DPMD Jayawardene,TP Ludeman,GB Hogg,2,0,,,,,,,,,
897733,2015/16,2016-01-05,Adelaide Oval,1,9.2,Adelaide Strikers,Perth Scorchers,DPMD Jayawardene,TP Ludeman,GB Hogg,1,0,,,,,,,,,
897733,2015/16,2016-01-05,Adelaide Oval,1,9.3,Adelaide Strikers,Perth Scorchers,TP Ludeman,DPMD Jayawardene,GB Hogg,1,0,,,,,,,,,
897733,2015/16,2016-01-05,Adelaide Oval,1,9.4,Adelaide Strikers,Perth Scorchers,DPMD Jayawardene,TP Ludeman,GB Hogg,1,0,,,,,,,,,
897733,2015/16,2016-01-05,Adelaide Oval,1,9.5,Adelaide Strikers,Perth Scorchers,TP Ludeman,DPMD Jayawardene,GB Hogg,0,0,,,,,,,,,
897733,2015/16,2016-01-05,Adelaide Oval,1,9.6,Adelaide Strikers,Perth Scorchers,TP Ludeman,DPMD Jayawardene,GB Hogg,1,0,,,,,,,,,
897733,2015/16,2016-01-05,Adelaide Oval,1,10.1,Adelaide Strikers,Perth Scorchers,TP Ludeman,DPMD Jayawardene,AJ Tye,1,0,,,,,,,,,
897733,2015/16,2016-01-05,Adelaide Oval,1,10.2,Adelaide Strikers,Perth Scorchers,DPMD Jayawardene,TP Ludeman,AJ Tye,2,0,,,,,,,,,
897733,2015/16,2016-01-05,Adelaide Oval,1,10.3,Adelaide Strikers,Perth Scorchers,DPMD Jayawardene,TP Ludeman,AJ Tye,0,0,,,,,,,,,
897733,2015/16,2016-01-05,Adelaide Oval,1,10.4,Adelaide Strikers,Perth Scorchers,DPMD Jayawardene,TP Ludeman,AJ Tye,1,0,,,,,,,,,
897733,2015/16,2016-01-05,Adelaide Oval,1,10.5,Adelaide Strikers,Perth Scorchers,TP Ludeman,DPMD Jayawardene,AJ Tye,1,0,,,,,,,,,
897733,2015/16,2016-01-05,Adelaide Oval,1,10.6,Adelaide Strikers,Perth Scorchers,DPMD Jayawardene,TP Ludeman,AJ Tye,1,0,,,,,,,,,
897733,2015/16,2016-01-05,Adelaide Oval,1,11.1,Adelaide Strikers,Perth Scorchers,DPMD Jayawardene,TP Ludeman,AC Agar,4,0,,,,,,,,,
897733,2015/16,2016-01-05,Adelaide Oval,1,11.2,Adelaide Strikers,Perth Scorchers,DPMD Jayawardene,TP Ludeman,AC Agar,0,1,,,,1,,,,,
897733,2015/16,2016-01-05,Adelaide Oval,1,11.3,Adelaide Strikers,Perth Scorchers,TP Ludeman,DPMD Jayawardene,AC Agar,1,0,,,,,,,,,
897733,2015/16,2016-01-05,Adelaide Oval,1,11.4,Adelaide Strikers,Perth Scorchers,DPMD Jayawardene,TP Ludeman,AC Agar,0,0,,,,,,caught,DPMD Jayawardene,,
897733,2015/16,2016-01-05,Adelaide Oval,1,11.5,Adelaide Strikers,Perth Scorchers,TP Ludeman,TM Head,AC Agar,1,0,,,,,,,,,
897733,2015/16,2016-01-05,Adelaide Oval,1,11.6,Adelaide Strikers,Perth Scorchers,TM Head,TP Ludeman,AC Agar,1,0,,,,,,,,,
897733,2015/16,2016-01-05,Adelaide Oval,1,12.1,Adelaide Strikers,Perth Scorchers,TM Head,TP Ludeman,AJ Tye,0,0,,,,,,,,,
897733,2015/16,2016-01-05,Adelaide Oval,1,12.2,Adelaide Strikers,Perth Scorchers,TM Head,TP Ludeman,AJ Tye,0,0,,,,,,,,,
897733,2015/16,2016-01-05,Adelaide Oval,1,12.3,Adelaide Strikers,Perth Scorchers,TM Head,TP Ludeman,AJ Tye,1,0,,,,,,,,,
897733,2015/16,2016-01-05,Adelaide Oval,1,12.4,Adelaide Strikers,Perth Scorchers,TP Ludeman,TM Head,AJ Tye,4,0,,,,,,,,,
897733,2015/16,2016-01-05,Adelaide Oval,1,12.5,Adelaide Strikers,Perth Scorchers,TP Ludeman,TM Head,AJ Tye,1,0,,,,,,,,,
897733,2015/16,2016-01-05,Adelaide Oval,1,12.6,Adelaide Strikers,Perth Scorchers,TM Head,TP Ludeman,AJ Tye,1,0,,,,,,,,,
897733,2015/16,2016-01-05,Adelaide Oval,1,13.1,Adelaide Strikers,Perth Scorchers,TM Head,TP Ludeman,GB Hogg,0,0,,,,,,,,,
897733,2015/16,2016-01-05,Adelaide Oval,1,13.2,Adelaide Strikers,Perth Scorchers,TM Head,TP Ludeman,GB Hogg,0,0,,,,,,,,,
897733,2015/16,2016-01-05,Adelaide Oval,1,13.3,Adelaide Strikers,Perth Scorchers,TM Head,TP Ludeman,GB Hogg,2,0,,,,,,,,,
897733,2015/16,2016-01-05,Adelaide Oval,1,13.4,Adelaide Strikers,Perth Scorchers,TM Head,TP Ludeman,GB Hogg,0,0,,,,,,,,,
897733,2015/16,2016-01-05,Adelaide Oval,1,13.5,Adelaide Strikers,Perth Scorchers,TM Head,TP Ludeman,GB Hogg,6,0,,,,,,,,,
897733,2015/16,2016-01-05,Adelaide Oval,1,13.6,Adelaide Strikers,Perth Scorchers,TM Head,TP Ludeman,GB Hogg,3,0,,,,,,,,,
897733,2015/16,2016-01-05,Adelaide Oval,1,14.1,Adelaide Strikers,Perth Scorchers,TM Head,TP Ludeman,JP Behrendorff,0,0,,,,,,,,,
897733,2015/16,2016-01-05,Adelaide Oval,1,14.2,Adelaide Strikers,Perth Scorchers,TM Head,TP Ludeman,JP Behrendorff,4,0,,,,,,,,,
897733,2015/16,2016-01-05,Adelaide Oval,1,14.3,Adelaide Strikers,Perth Scorchers,TM Head,TP Ludeman,JP Behrendorff,1,0,,,,,,,,,
897733,2015/16,2016-01-05,Adelaide Oval,1,14.4,Adelaide Strikers,Perth Scorchers,TP Ludeman,TM Head,JP Behrendorff,0,0,,,,,,caught,TP Ludeman,,
897733,2015/16,2016-01-05,Adelaide Oval,1,14.5,Adelaide Strikers,Perth Scorchers,TM Head,BJ Hodge,JP Behrendorff,0,0,,,,,,,,,
897733,2015/16,2016-01-05,Adelaide Oval,1,14.6,Adelaide Strikers,Perth Scorchers,TM Head,BJ Hodge,JP Behrendorff,1,0,,,,,,,,,
897733,2015/16,2016-01-05,Adelaide Oval,1,15.1,Adelaide Strikers,Perth Scorchers,TM Head,BJ Hodge,AJ Tye,1,0,,,,,,,,,
897733,2015/16,2016-01-05,Adelaide Oval,1,15.2,Adelaide Strikers,Perth Scorchers,BJ Hodge,TM Head,AJ Tye,0,0,,,,,,,,,
897733,2015/16,2016-01-05,Adelaide Oval,1,15.3,Adelaide Strikers,Perth Scorchers,BJ Hodge,TM Head,AJ Tye,0,0,,,,,,,,,
897733,2015/16,2016-01-05,Adelaide Oval,1,15.4,Adelaide Strikers,Perth Scorchers,BJ Hodge,TM Head,AJ Tye,1,0,,,,,,,,,
897733,2015/16,2016-01-05,Adelaide Oval,1,15.5,Adelaide Strikers,Perth Scorchers,TM Head,BJ Hodge,AJ Tye,3,0,,,,,,,,,
897733,2015/16,2016-01-05,Adelaide Oval,1,15.6,Adelaide Strikers,Perth Scorchers,BJ Hodge,TM Head,AJ Tye,1,0,,,,,,,,,
897733,2015/16,2016-01-05,Adelaide Oval,1,16.1,Adelaide Strikers,Perth Scorchers,BJ Hodge,TM Head,DJ Willey,2,0,,,,,,,,,
897733,2015/16,2016-01-05,Adelaide Oval,1,16.2,Adelaide Strikers,Perth Scorchers,BJ Hodge,TM Head,DJ Willey,4,0,,,,,,,,,
897733,2015/16,2016-01-05,Adelaide Oval,1,16.3,Adelaide Strikers,Perth Scorchers,BJ Hodge,TM Head,DJ Willey,2,0,,,,,,,,,
897733,2015/16,2016-01-05,Adelaide Oval,1,16.4,Adelaide Strikers,Perth Scorchers,BJ Hodge,TM Head,DJ Willey,1,0,,,,,,,,,
897733,2015/16,2016-01-05,Adelaide Oval,1,16.5,Adelaide Strikers,Perth Scorchers,TM Head,BJ Hodge,DJ Willey,2,0,,,,,,,,,
897733,2015/16,2016-01-05,Adelaide Oval,1,16.6,Adelaide Strikers,Perth Scorchers,TM Head,BJ Hodge,DJ Willey,1,0,,,,,,,,,
897733,2015/16,2016-01-05,Adelaide Oval,1,17.1,Adelaide Strikers,Perth Scorchers,TM Head,BJ Hodge,JS Paris,1,0,,,,,,,,,
897733,2015/16,2016-01-05,Adelaide Oval,1,17.2,Adelaide Strikers,Perth Scorchers,BJ Hodge,TM Head,JS Paris,1,0,,,,,,,,,
897733,2015/16,2016-01-05,Adelaide Oval,1,17.3,Adelaide Strikers,Perth Scorchers,TM Head,BJ Hodge,JS Paris,1,0,,,,,,,,,
897733,2015/16,2016-01-05,Adelaide Oval,1,17.4,Adelaide Strikers,Perth Scorchers,BJ Hodge,TM Head,JS Paris,1,0,,,,,,,,,
897733,2015/16,2016-01-05,Adelaide Oval,1,17.5,Adelaide Strikers,Perth Scorchers,TM Head,BJ Hodge,JS Paris,2,0,,,,,,,,,
897733,2015/16,2016-01-05,Adelaide Oval,1,17.6,Adelaide Strikers,Perth Scorchers,TM Head,BJ Hodge,JS Paris,1,0,,,,,,,,,
897733,2015/16,2016-01-05,Adelaide Oval,1,18.1,Adelaide Strikers,Perth Scorchers,TM Head,BJ Hodge,DJ Willey,6,0,,,,,,,,,
897733,2015/16,2016-01-05,Adelaide Oval,1,18.2,Adelaide Strikers,Perth Scorchers,TM Head,BJ Hodge,DJ Willey,2,0,,,,,,,,,
897733,2015/16,2016-01-05,Adelaide Oval,1,18.3,Adelaide Strikers,Perth Scorchers,TM Head,BJ Hodge,DJ Willey,2,0,,,,,,,,,
897733,2015/16,2016-01-05,Adelaide Oval,1,18.4,Adelaide Strikers,Perth Scorchers,TM Head,BJ Hodge,DJ Willey,1,0,,,,,,,,,
897733,2015/16,2016-01-05,Adelaide Oval,1,18.5,Adelaide Strikers,Perth Scorchers,BJ Hodge,TM Head,DJ Willey,6,0,,,,,,,,,
897733,2015/16,2016-01-05,Adelaide Oval,1,18.6,Adelaide Strikers,Perth Scorchers,BJ Hodge,TM Head,DJ Willey,6,0,,,,,,,,,
897733,2015/16,2016-01-05,Adelaide Oval,1,19.1,Adelaide Strikers,Perth Scorchers,TM Head,BJ Hodge,AJ Tye,6,0,,,,,,,,,
897733,2015/16,2016-01-05,Adelaide Oval,1,19.2,Adelaide Strikers,Perth Scorchers,TM Head,BJ Hodge,AJ Tye,1,0,,,,,,,,,
897733,2015/16,2016-01-05,Adelaide Oval,1,19.3,Adelaide Strikers,Perth Scorchers,BJ Hodge,TM Head,AJ Tye,1,0,,,,,,,,,
897733,2015/16,2016-01-05,Adelaide Oval,1,19.4,Adelaide Strikers,Perth Scorchers,TM Head,BJ Hodge,AJ Tye,1,0,,,,,,,,,
897733,2015/16,2016-01-05,Adelaide Oval,1,19.5,Adelaide Strikers,Perth Scorchers,BJ Hodge,TM Head,AJ Tye,4,0,,,,,,,,,
897733,2015/16,2016-01-05,Adelaide Oval,1,19.6,Adelaide Strikers,Perth Scorchers,BJ Hodge,TM Head,AJ Tye,0,3,,,3,,,,,,
897733,2015/16,2016-01-05,Adelaide Oval,2,0.1,Perth Scorchers,Adelaide Strikers,SE Marsh,M Klinger,B Stanlake,0,0,,,,,,,,,
897733,2015/16,2016-01-05,Adelaide Oval,2,0.2,Perth Scorchers,Adelaide Strikers,SE Marsh,M Klinger,B Stanlake,0,0,,,,,,,,,
897733,2015/16,2016-01-05,Adelaide Oval,2,0.3,Perth Scorchers,Adelaide Strikers,SE Marsh,M Klinger,B Stanlake,0,0,,,,,,,,,
897733,2015/16,2016-01-05,Adelaide Oval,2,0.4,Perth Scorchers,Adelaide Strikers,SE Marsh,M Klinger,B Stanlake,4,0,,,,,,,,,
897733,2015/16,2016-01-05,Adelaide Oval,2,0.5,Perth Scorchers,Adelaide Strikers,SE Marsh,M Klinger,B Stanlake,0,0,,,,,,caught,SE Marsh,,
897733,2015/16,2016-01-05,Adelaide Oval,2,0.6,Perth Scorchers,Adelaide Strikers,MS Harris,M Klinger,B Stanlake,0,0,,,,,,,,,
897733,2015/16,2016-01-05,Adelaide Oval,2,1.1,Perth Scorchers,Adelaide Strikers,M Klinger,MS Harris,KW Richardson,0,0,,,,,,,,,
897733,2015/16,2016-01-05,Adelaide Oval,2,1.2,Perth Scorchers,Adelaide Strikers,M Klinger,MS Harris,KW Richardson,0,0,,,,,,,,,
897733,2015/16,2016-01-05,Adelaide Oval,2,1.3,Perth Scorchers,Adelaide Strikers,M Klinger,MS Harris,KW Richardson,0,0,,,,,,,,,
897733,2015/16,2016-01-05,Adelaide Oval,2,1.4,Perth Scorchers,Adelaide Strikers,M Klinger,MS Harris,KW Richardson,0,0,,,,,,,,,
897733,2015/16,2016-01-05,Adelaide Oval,2,1.5,Perth Scorchers,Adelaide Strikers,M Klinger,MS Harris,KW Richardson,1,0,,,,,,,,,
897733,2015/16,2016-01-05,Adelaide Oval,2,1.6,Perth Scorchers,Adelaide Strikers,MS Harris,M Klinger,KW Richardson,4,0,,,,,,,,,
897733,2015/16,2016-01-05,Adelaide Oval,2,2.1,Perth Scorchers,Adelaide Strikers,M Klinger,MS Harris,B Stanlake,0,0,,,,,,,,,
897733,2015/16,2016-01-05,Adelaide Oval,2,2.2,Perth Scorchers,Adelaide Strikers,M Klinger,MS Harris,B Stanlake,1,0,,,,,,,,,
897733,2015/16,2016-01-05,Adelaide Oval,2,2.3,Perth Scorchers,Adelaide Strikers,MS Harris,M Klinger,B Stanlake,0,0,,,,,,,,,
897733,2015/16,2016-01-05,Adelaide Oval,2,2.4,Perth Scorchers,Adelaide Strikers,MS Harris,M Klinger,B Stanlake,0,0,,,,,,caught,MS Harris,,
897733,2015/16,2016-01-05,Adelaide Oval,2,2.5,Perth Scorchers,Adelaide Strikers,M Klinger,CT Bancroft,B Stanlake,2,1,,1,,,,,,,
897733,2015/16,2016-01-05,Adelaide Oval,2,2.6,Perth Scorchers,Adelaide Strikers,M Klinger,CT Bancroft,B Stanlake,4,0,,,,,,,,,
897733,2015/16,2016-01-05,Adelaide Oval,2,2.7,Perth Scorchers,Adelaide Strikers,M Klinger,CT Bancroft,B Stanlake,4,0,,,,,,,,,
897733,2015/16,2016-01-05,Adelaide Oval,2,3.1,Perth Scorchers,Adelaide Strikers,CT Bancroft,M Klinger,JM Holland,5,0,,,,,,,,,
897733,2015/16,2016-01-05,Adelaide Oval,2,3.2,Perth Scorchers,Adelaide Strikers,M Klinger,CT Bancroft,JM Holland,3,0,,,,,,,,,
897733,2015/16,2016-01-05,Adelaide Oval,2,3.3,Perth Scorchers,Adelaide Strikers,CT Bancroft,M Klinger,JM Holland,0,0,,,,,,,,,
897733,2015/16,2016-01-05,Adelaide Oval,2,3.4,Perth Scorchers,Adelaide Strikers,CT Bancroft,M Klinger,JM Holland,1,0,,,,,,,,,
897733,2015/16,2016-01-05,Adelaide Oval,2,3.5,Perth Scorchers,Adelaide Strikers,M Klinger,CT Bancroft,JM Holland,0,0,,,,,,bowled,M Klinger,,
897733,2015/16,2016-01-05,Adelaide Oval,2,3.6,Perth Scorchers,Adelaide Strikers,AC Agar,CT Bancroft,JM Holland,0,0,,,,,,,,,
897733,2015/16,2016-01-05,Adelaide Oval,2,4.1,Perth Scorchers,Adelaide Strikers,CT Bancroft,AC Agar,B Stanlake,1,0,,,,,,,,,
897733,2015/16,2016-01-05,Adelaide Oval,2,4.2,Perth Scorchers,Adelaide Strikers,AC Agar,CT Bancroft,B Stanlake,0,0,,,,,,,,,
897733,2015/16,2016-01-05,Adelaide Oval,2,4.3,Perth Scorchers,Adelaide Strikers,AC Agar,CT Bancroft,B Stanlake,0,0,,,,,,,,,
897733,2015/16,2016-01-05,Adelaide Oval,2,4.4,Perth Scorchers,Adelaide Strikers,AC Agar,CT Bancroft,B Stanlake,1,0,,,,,,,,,
897733,2015/16,2016-01-05,Adelaide Oval,2,4.5,Perth Scorchers,Adelaide Strikers,CT Bancroft,AC Agar,B Stanlake,1,0,,,,,,,,,
897733,2015/16,2016-01-05,Adelaide Oval,2,4.6,Perth Scorchers,Adelaide Strikers,AC Agar,CT Bancroft,B Stanlake,0,0,,,,,,,,,
897733,2015/16,2016-01-05,Adelaide Oval,2,5.1,Perth Scorchers,Adelaide Strikers,CT Bancroft,AC Agar,B Laughlin,0,1,,,,1,,,,,
897733,2015/16,2016-01-05,Adelaide Oval,2,5.2,Perth Scorchers,Adelaide Strikers,AC Agar,CT Bancroft,B Laughlin,0,0,,,,,,,,,
897733,2015/16,2016-01-05,Adelaide Oval,2,5.3,Perth Scorchers,Adelaide Strikers,AC Agar,CT Bancroft,B Laughlin,4,0,,,,,,,,,
897733,2015/16,2016-01-05,Adelaide Oval,2,5.4,Perth Scorchers,Adelaide Strikers,AC Agar,CT Bancroft,B Laughlin,0,1,,,,1,,,,,
897733,2015/16,2016-01-05,Adelaide Oval,2,5.5,Perth Scorchers,Adelaide Strikers,CT Bancroft,AC Agar,B Laughlin,2,0,,,,,,,,,
897733,2015/16,2016-01-05,Adelaide Oval,2,5.6,Perth Scorchers,Adelaide Strikers,CT Bancroft,AC Agar,B Laughlin,0,2,,,,2,,,,,
897733,2015/16,2016-01-05,Adelaide Oval,2,6.1,Perth Scorchers,Adelaide Strikers,AC Agar,CT Bancroft,JM Holland,0,0,,,,,,,,,
897733,2015/16,2016-01-05,Adelaide Oval,2,6.2,Perth Scorchers,Adelaide Strikers,AC Agar,CT Bancroft,JM Holland,1,0,,,,,,,,,
897733,2015/16,2016-01-05,Adelaide Oval,2,6.3,Perth Scorchers,Adelaide Strikers,CT Bancroft,AC Agar,JM Holland,2,0,,,,,,,,,
897733,2015/16,2016-01-05,Adelaide Oval,2,6.4,Perth Scorchers,Adelaide Strikers,CT Bancroft,AC Agar,JM Holland,1,0,,,,,,,,,
897733,2015/16,2016-01-05,Adelaide Oval,2,6.5,Perth Scorchers,Adelaide Strikers,AC Agar,CT Bancroft,JM Holland,1,0,,,,,,,,,
897733,2015/16,2016-01-05,Adelaide Oval,2,6.6,Perth Scorchers,Adelaide Strikers,CT Bancroft,AC Agar,JM Holland,4,0,,,,,,,,,
897733,2015/16,2016-01-05,Adelaide Oval,2,7.1,Perth Scorchers,Adelaide Strikers,AC Agar,CT Bancroft,KW Richardson,6,0,,,,,,,,,
897733,2015/16,2016-01-05,Adelaide Oval,2,7.2,Perth Scorchers,Adelaide Strikers,AC Agar,CT Bancroft,KW Richardson,0,0,,,,,,,,,
897733,2015/16,2016-01-05,Adelaide Oval,2,7.3,Perth Scorchers,Adelaide Strikers,AC Agar,CT Bancroft,KW Richardson,1,0,,,,,,,,,
897733,2015/16,2016-01-05,Adelaide Oval,2,7.4,Perth Scorchers,Adelaide Strikers,CT Bancroft,AC Agar,KW Richardson,0,0,,,,,,caught,CT Bancroft,,
897733,2015/16,2016-01-05,Adelaide Oval,2,7.5,Perth Scorchers,Adelaide Strikers,AC Agar,AJ Turner,KW Richardson,0,0,,,,,,,,,
897733,2015/16,2016-01-05,Adelaide Oval,2,7.6,Perth Scorchers,Adelaide Strikers,AC Agar,AJ Turner,KW Richardson,1,0,,,,,,,,,
897733,2015/16,2016-01-05,Adelaide Oval,2,8.1,Perth Scorchers,Adelaide Strikers,AC Agar,AJ Turner,AU Rashid,2,0,,,,,,,,,
897733,2015/16,2016-01-05,Adelaide Oval,2,8.2,Perth Scorchers,Adelaide Strikers,AC Agar,AJ Turner,AU Rashid,0,0,,,,,,,,,
897733,2015/16,2016-01-05,Adelaide Oval,2,8.3,Perth Scorchers,Adelaide Strikers,AC Agar,AJ Turner,AU Rashid,1,0,,,,,,,,,
897733,2015/16,2016-01-05,Adelaide Oval,2,8.4,Perth Scorchers,Adelaide Strikers,AJ Turner,AC Agar,AU Rashid,1,0,,,,,,,,,
897733,2015/16,2016-01-05,Adelaide Oval,2,8.5,Perth Scorchers,Adelaide Strikers,AC Agar,AJ Turner,AU Rashid,0,0,,,,,,bowled,AC Agar,,
897733,2015/16,2016-01-05,Adelaide Oval,2,8.6,Perth Scorchers,Adelaide Strikers,DJ Willey,AJ Turner,AU Rashid,1,0,,,,,,,,,
897733,2015/16,2016-01-05,Adelaide Oval,2,9.1,Perth Scorchers,Adelaide Strikers,DJ Willey,AJ Turner,KW Richardson,1,0,,,,,,,,,
897733,2015/16,2016-01-05,Adelaide Oval,2,9.2,Perth Scorchers,Adelaide Strikers,AJ Turner,DJ Willey,KW Richardson,2,0,,,,,,,,,
897733,2015/16,2016-01-05,Adelaide Oval,2,9.3,Perth Scorchers,Adelaide Strikers,AJ Turner,DJ Willey,KW Richardson,2,0,,,,,,,,,
897733,2015/16,2016-01-05,Adelaide Oval,2,9.4,Perth Scorchers,Adelaide Strikers,AJ Turner,DJ Willey,KW Richardson,0,0,,,,,,,,,
897733,2015/16,2016-01-05,Adelaide Oval,2,9.5,Perth Scorchers,Adelaide Strikers,AJ Turner,DJ Willey,KW Richardson,2,0,,,,,,,,,
897733,2015/16,2016-01-05,Adelaide Oval,2,9.6,Perth Scorchers,Adelaide Strikers,AJ Turner,DJ Willey,KW Richardson,1,0,,,,,,,,,
897733,2015/16,2016-01-05,Adelaide Oval,2,10.1,Perth Scorchers,Adelaide Strikers,AJ Turner,DJ Willey,AU Rashid,0,0,,,,,,,,,
897733,2015/16,2016-01-05,Adelaide Oval,2,10.2,Perth Scorchers,Adelaide Strikers,AJ Turner,DJ Willey,AU Rashid,0,0,,,,,,,,,
897733,2015/16,2016-01-05,Adelaide Oval,2,10.3,Perth Scorchers,Adelaide Strikers,AJ Turner,DJ Willey,AU Rashid,1,0,,,,,,,,,
897733,2015/16,2016-01-05,Adelaide Oval,2,10.4,Perth Scorchers,Adelaide Strikers,DJ Willey,AJ Turner,AU Rashid,4,0,,,,,,,,,
897733,2015/16,2016-01-05,Adelaide Oval,2,10.5,Perth Scorchers,Adelaide Strikers,DJ Willey,AJ Turner,AU Rashid,0,0,,,,,,,,,
897733,2015/16,2016-01-05,Adelaide Oval,2,10.6,Perth Scorchers,Adelaide Strikers,DJ Willey,AJ Turner,AU Rashid,0,0,,,,,,,,,
897733,2015/16,2016-01-05,Adelaide Oval,2,11.1,Perth Scorchers,Adelaide Strikers,AJ Turner,DJ Willey,TM Head,0,4,4,,,,,,,,
897733,2015/16,2016-01-05,Adelaide Oval,2,11.2,Perth Scorchers,Adelaide Strikers,DJ Willey,AJ Turner,TM Head,6,0,,,,,,,,,
897733,2015/16,2016-01-05,Adelaide Oval,2,11.3,Perth Scorchers,Adelaide Strikers,DJ Willey,AJ Turner,TM Head,1,0,,,,,,,,,
897733,2015/16,2016-01-05,Adelaide Oval,2,11.4,Perth Scorchers,Adelaide Strikers,AJ Turner,DJ Willey,TM Head,4,0,,,,,,,,,
897733,2015/16,2016-01-05,Adelaide Oval,2,11.5,Perth Scorchers,Adelaide Strikers,AJ Turner,DJ Willey,TM Head,6,0,,,,,,,,,
897733,2015/16,2016-01-05,Adelaide Oval,2,11.6,Perth Scorchers,Adelaide Strikers,AJ Turner,DJ Willey,TM Head,0,0,,,,,,caught,AJ Turner,,
897733,2015/16,2016-01-05,Adelaide Oval,2,11.7,Perth Scorchers,Adelaide Strikers,DJ Willey,JS Paris,TM Head,0,0,,,,,,,,,
897733,2015/16,2016-01-05,Adelaide Oval,2,12.1,Perth Scorchers,Adelaide Strikers,JS Paris,DJ Willey,AU Rashid,0,1,,,,1,,,,,
897733,2015/16,2016-01-05,Adelaide Oval,2,12.2,Perth Scorchers,Adelaide Strikers,DJ Willey,JS Paris,AU Rashid,6,0,,,,,,,,,
897733,2015/16,2016-01-05,Adelaide Oval,2,12.3,Perth Scorchers,Adelaide Strikers,DJ Willey,JS Paris,AU Rashid,1,0,,,,,,,,,
897733,2015/16,2016-01-05,Adelaide Oval,2,12.4,Perth Scorchers,Adelaide Strikers,JS Paris,DJ Willey,AU Rashid,0,0,,,,,,,,,
897733,2015/16,2016-01-05,Adelaide Oval,2,12.5,Perth Scorchers,Adelaide Strikers,JS Paris,DJ Willey,AU Rashid,2,0,,,,,,,,,
897733,2015/16,2016-01-05,Adelaide Oval,2,12.6,Perth Scorchers,Adelaide Strikers,JS Paris,DJ Willey,AU Rashid,0,3,,,,3,,,,,
897733,2015/16,2016-01-05,Adelaide Oval,2,13.1,Perth Scorchers,Adelaide Strikers,JS Paris,DJ Willey,B Laughlin,2,0,,,,,,,,,
897733,2015/16,2016-01-05,Adelaide Oval,2,13.2,Perth Scorchers,Adelaide Strikers,JS Paris,DJ Willey,B Laughlin,0,0,,,,,,,,,
897733,2015/16,2016-01-05,Adelaide Oval,2,13.3,Perth Scorchers,Adelaide Strikers,JS Paris,DJ Willey,B Laughlin,1,0,,,,,,,,,
897733,2015/16,2016-01-05,Adelaide Oval,2,13.4,Perth Scorchers,Adelaide Strikers,DJ Willey,JS Paris,B Laughlin,1,0,,,,,,,,,
897733,2015/16,2016-01-05,Adelaide Oval,2,13.5,Perth Scorchers,Adelaide Strikers,JS Paris,DJ Willey,B Laughlin,1,0,,,,,,,,,
897733,2015/16,2016-01-05,Adelaide Oval,2,13.6,Perth Scorchers,Adelaide Strikers,DJ Willey,JS Paris,B Laughlin,0,0,,,,,,,,,
897733,2015/16,2016-01-05,Adelaide Oval,2,14.1,Perth Scorchers,Adelaide Strikers,JS Paris,DJ Willey,B Stanlake,4,0,,,,,,,,,
897733,2015/16,2016-01-05,Adelaide Oval,2,14.2,Perth Scorchers,Adelaide Strikers,JS Paris,DJ Willey,B Stanlake,1,0,,,,,,,,,
897733,2015/16,2016-01-05,Adelaide Oval,2,14.3,Perth Scorchers,Adelaide Strikers,DJ Willey,JS Paris,B Stanlake,2,0,,,,,,,,,
897733,2015/16,2016-01-05,Adelaide Oval,2,14.4,Perth Scorchers,Adelaide Strikers,DJ Willey,JS Paris,B Stanlake,1,0,,,,,,,,,
897733,2015/16,2016-01-05,Adelaide Oval,2,14.5,Perth Scorchers,Adelaide Strikers,JS Paris,DJ Willey,B Stanlake,0,0,,,,,,,,,
897733,2015/16,2016-01-05,Adelaide Oval,2,14.6,Perth Scorchers,Adelaide Strikers,JS Paris,DJ Willey,B Stanlake,1,0,,,,,,,,,
897733,2015/16,2016-01-05,Adelaide Oval,2,15.1,Perth Scorchers,Adelaide Strikers,JS Paris,DJ Willey,B Laughlin,0,0,,,,,,,,,
897733,2015/16,2016-01-05,Adelaide Oval,2,15.2,Perth Scorchers,Adelaide Strikers,JS Paris,DJ Willey,B Laughlin,1,0,,,,,,,,,
897733,2015/16,2016-01-05,Adelaide Oval,2,15.3,Perth Scorchers,Adelaide Strikers,DJ Willey,JS Paris,B Laughlin,6,0,,,,,,,,,
897733,2015/16,2016-01-05,Adelaide Oval,2,15.4,Perth Scorchers,Adelaide Strikers,DJ Willey,JS Paris,B Laughlin,1,0,,,,,,,,,
897733,2015/16,2016-01-05,Adelaide Oval,2,15.5,Perth Scorchers,Adelaide Strikers,JS Paris,DJ Willey,B Laughlin,0,0,,,,,,bowled,JS Paris,,
897733,2015/16,2016-01-05,Adelaide Oval,2,15.6,Perth Scorchers,Adelaide Strikers,AJ Tye,DJ Willey,B Laughlin,0,0,,,,,,,,,
897733,2015/16,2016-01-05,Adelaide Oval,2,16.1,Perth Scorchers,Adelaide Strikers,DJ Willey,AJ Tye,AU Rashid,0,0,,,,,,caught,DJ Willey,,
897733,2015/16,2016-01-05,Adelaide Oval,2,16.2,Perth Scorchers,Adelaide Strikers,AJ Tye,JP Behrendorff,AU Rashid,0,0,,,,,,,,,
897733,2015/16,2016-01-05,Adelaide Oval,2,16.3,Perth Scorchers,Adelaide Strikers,AJ Tye,JP Behrendorff,AU Rashid,0,0,,,,,,caught,AJ Tye,,
897733,2015/16,2016-01-05,Adelaide Oval,2,16.4,Perth Scorchers,Adelaide Strikers,JP Behrendorff,GB Hogg,AU Rashid,1,0,,,,,,,,,
897733,2015/16,2016-01-05,Adelaide Oval,2,16.5,Perth Scorchers,Adelaide Strikers,GB Hogg,JP Behrendorff,AU Rashid,2,0,,,,,,,,,
897733,2015/16,2016-01-05,Adelaide Oval,2,16.6,Perth Scorchers,Adelaide Strikers,GB Hogg,JP Behrendorff,AU Rashid,1,0,,,,,,,,,
897733,2015/16,2016-01-05,Adelaide Oval,2,17.1,Perth Scorchers,Adelaide Strikers,GB Hogg,JP Behrendorff,KW Richardson,0,0,,,,,,,,,
897733,2015/16,2016-01-05,Adelaide Oval,2,17.2,Perth Scorchers,Adelaide Strikers,GB Hogg,JP Behrendorff,KW Richardson,0,0,,,,,,,,,
897733,2015/16,2016-01-05,Adelaide Oval,2,17.3,Perth Scorchers,Adelaide Strikers,GB Hogg,JP Behrendorff,KW Richardson,0,0,,,,,,bowled,GB Hogg,,
